channel,wp,vbias,gen,seed,train,nps,filter,BI_analytic,BI_mc,sigma_BI,rp,sigma_rp,nsim,ratio
31,1,0.6,fit,1234,root,clean,optimum,0.00011626437883468957,0.00011304476180718336,7.153854222915348e-07,0.57434,0.002693720204143636,50000,0.9723077948742666
31,3,1.0,fit,1234,root,clean,optimum,9.99470182545599e-05,9.536807302767359e-05,6.618423697407562e-07,0.6409,0.0024921086001699956,50000,0.9541862748198853
31,5,1.4,fit,1234,root,clean,optimum,9.15822257606748e-05,8.430420802535425e-05,6.327461130463865e-07,0.68256,0.0023825492324776624,50000,0.9205302374465143
31,11,3.0,fit,1234,root,clean,optimum,7.47349641319123e-05,7.410080683982593e-05,6.032185796621765e-07,0.72098,0.0022713659307536885,50000,0.9915145835760752
31,13,4.0,fit,1234,root,clean,optimum,6.884825902468004e-05,7.991159335568638e-05,6.207509268499255e-07,0.6991,0.002337382425323037,50000,1.160691562687743
31,9,2.0,fit,1234,root,clean,optimum,8.341442371053843e-05,7.683623193641473e-05,6.121967837617414e-07,0.71068,0.0023051725600563297,50000,0.9211384376765451
31,7,1.8,fit,1234,root,clean,optimum,8.527377479038674e-05,8.038431730441726e-05,6.172230542951412e-07,0.69732,0.0023240985348741295,50000,0.9426616506893432
31,17,6.0,fit,1234,root,clean,optimum,6.333872385623213e-05,7.158315344995584e-05,5.923906351603557e-07,0.73046,0.0022305942684230935,50000,1.1301641253846089
31,15,5.0,fit,1234,root,clean,optimum,6.554683088904539e-05,7.541806009022208e-05,6.080737897019786e-07,0.71602,0.002289647792491495,50000,1.150598115382363
31,19,8.0,fit,1234,root,clean,optimum,5.939588362845238e-05,6.556521823746048e-05,5.666106796313102e-07,0.75312,0.0021335221379230472,50000,1.1038680499746418
31,21,10.0,fit,1234,root,clean,optimum,5.668564843732386e-05,6.563426780300544e-05,5.660579916582399e-07,0.75286,0.00213144104049884,50000,1.157863932271603
31,3,1.0,fit,1235,root,clean,optimum,9.99470182545599e-05,9.376399850501377e-05,6.599794450468622e-07,0.64694,0.002485093922864067,50000,0.9381370264213555
31,5,1.4,fit,1235,root,clean,optimum,9.15822257606748e-05,8.270544500773632e-05,6.243215859733228e-07,0.68858,0.0023508274247919883,50000,0.9030731052973585
31,7,1.8,fit,1235,root,clean,optimum,8.527377479038674e-05,7.879617729688318e-05,6.132021864770553e-07,0.7033,0.002308958314592488,50000,0.9240376363140218
31,13,4.0,fit,1235,root,clean,optimum,6.884825902468004e-05,7.769138424816384e-05,6.141055059846809e-07,0.70746,0.0023123596838861117,50000,1.1284437013914006
31,11,3.0,fit,1235,root,clean,optimum,7.47349641319123e-05,7.25551588726272e-05,5.952723040086668e-07,0.7268,0.0022414449362679625,50000,0.9708328586946587
31,1,0.6,fit,1235,root,clean,optimum,0.00011626437883468957,0.00011129727664839168,7.066227950685284e-07,0.58092,0.002660725310403165,50000,0.9572775235537933
31,9,2.0,fit,1235,root,clean,optimum,8.341442371053843e-05,7.665564076498944e-05,6.078273431735347e-07,0.71136,0.00228871981999971,50000,0.9189734503351236
31,15,5.0,fit,1235,root,clean,optimum,6.554683088904539e-05,7.373431299193343e-05,6.053675229769331e-07,0.72236,0.0022794575857471282,50000,1.124910418884285
31,17,6.0,fit,1235,root,clean,optimum,6.333872385623213e-05,6.960196206931968e-05,5.893541337194635e-07,0.73792,0.002219160592216718,50000,1.0988848185085638
31,21,10.0,fit,1235,root,clean,optimum,5.668564843732386e-05,6.46994429156275e-05,5.692547882704918e-07,0.75638,0.0021434782939214452,50000,1.14137254665375
31,19,8.0,fit,1235,root,clean,optimum,5.939588362845238e-05,6.478973850134015e-05,5.643078072153545e-07,0.75604,0.002124850876584573,50000,1.0908119307834314
31,11,3.0,fit,1236,root,clean,optimum,7.47349641319123e-05,7.401051125411328e-05,6.004460723316869e-07,0.72132,0.002260926300898843,50000,0.990306372844171
31,7,1.8,fit,1236,root,clean,optimum,8.527377479038674e-05,7.96725756288e-05,6.125684459606207e-07,0.7,0.0023065720210224626,50000,0.9343151024408717
31,13,4.0,fit,1236,root,clean,optimum,6.884825902468004e-05,7.873775074142207e-05,6.16495628594806e-07,0.70352,0.0023213594780734895,50000,1.1436418561171888
31,9,2.0,fit,1236,root,clean,optimum,8.341442371053843e-05,7.702744611792383e-05,6.073700335433656e-07,0.70996,0.002286997861245798,50000,0.9234307772145206
31,3,1.0,fit,1236,root,clean,optimum,9.99470182545599e-05,9.485816854364928e-05,6.596612631795931e-07,0.64282,0.0024838958373317823,50000,0.9490845269845912
31,5,1.4,fit,1236,root,clean,optimum,9.15822257606748e-05,8.391646815729409e-05,6.298403020922498e-07,0.68402,0.0023716076596797336,50000,0.9162964479219682
31,1,0.6,fit,1236,root,clean,optimum,0.00011626437883468957,0.00011303413879709952,7.0485078573848e-07,0.57438,0.002654052966816693,50000,0.972216425443747
31,15,5.0,fit,1236,root,clean,optimum,6.554683088904539e-05,7.455228476838911e-05,6.051630769385042e-07,0.71928,0.0022786877623663148,50000,1.1373896152902911
31,17,6.0,fit,1236,root,clean,optimum,6.333872385623213e-05,7.030308073485311e-05,5.868370328652772e-07,0.73528,0.0022096826727407105,50000,1.1099541710759575
31,21,10.0,fit,1236,root,clean,optimum,5.668564843732386e-05,6.507655977360385e-05,5.686490383463919e-07,0.75496,0.002141197396438268,50000,1.1480253215336798
31,19,8.0,fit,1236,root,clean,optimum,5.939588362845238e-05,6.486941107696897e-05,5.646122188352814e-07,0.75574,0.002125997111474776,50000,1.0921533128921177
31,11,3.0,fit,1237,root,clean,optimum,7.47349641319123e-05,7.301194830623234e-05,5.951882726813498e-07,0.72508,0.0022411285237760085,50000,0.976944983573703
31,7,1.8,fit,1237,root,clean,optimum,8.527377479038674e-05,7.890771890276353e-05,6.144448792525337e-07,0.70288,0.002313637563753209,50000,0.9253456774574393
31,13,4.0,fit,1237,root,clean,optimum,6.884825902468004e-05,7.802069756076288e-05,6.196363009243327e-07,0.70622,0.0023331854004993917,50000,1.1332268769903795
31,9,2.0,fit,1237,root,clean,optimum,8.341442371053843e-05,7.646442658348031e-05,6.04570084125106e-07,0.71208,0.002276454900649276,50000,0.9166811107971478
31,3,1.0,fit,1237,root,clean,optimum,9.99470182545599e-05,9.434826405962497e-05,6.58998379742082e-07,0.64474,0.002481399808683482,50000,0.943982779149297
31,5,1.4,fit,1237,root,clean,optimum,9.15822257606748e-05,8.329502206738944e-05,6.25176990201582e-07,0.68636,0.0023540483733612096,50000,0.9095107852593395
31,1,0.6,fit,1237,root,clean,optimum,0.00011626437883468957,0.00011214711745509888,7.136039895777156e-07,0.57772,0.00268701237764339,50000,0.9645870779953608
31,15,5.0,fit,1237,root,clean,optimum,6.554683088904539e-05,7.460008831376641e-05,6.033016952937351e-07,0.7191,0.002271678895274677,50000,1.1381189189763568
31,17,6.0,fit,1237,root,clean,optimum,6.333872385623213e-05,7.089265779450623e-05,5.865463737740807e-07,0.73306,0.002208588221774732,50000,1.119262490280357
31,21,10.0,fit,1237,root,clean,optimum,5.668564843732386e-05,6.448698271395072e-05,5.66570783654405e-07,0.75718,0.0021333719131690827,50000,1.1376245044678748
31,19,8.0,fit,1237,root,clean,optimum,5.939588362845238e-05,6.49119031173043e-05,5.65720494623302e-07,0.75558,0.002130170225419971,50000,1.0928687166834166
31,11,3.0,fit,1238,root,clean,optimum,7.47349641319123e-05,7.301725981127423e-05,5.962297983673638e-07,0.72506,0.002245050296146717,50000,0.9770160547932264
31,7,1.8,fit,1238,root,clean,optimum,8.527377479038674e-05,7.949729596241664e-05,6.124416503976826e-07,0.70066,0.0023060945836033604,50000,0.9322596092155018
31,13,4.0,fit,1238,root,clean,optimum,6.884825902468004e-05,7.865807816579327e-05,6.179407473038067e-07,0.70382,0.0023268009440896016,50000,1.1424846362142098
31,9,2.0,fit,1238,root,clean,optimum,8.341442371053843e-05,7.682029742128895e-05,6.113428251625284e-07,0.71074,0.0023019570548747535,50000,0.9209474093817135
31,3,1.0,fit,1238,root,clean,optimum,9.99470182545599e-05,9.493252961423615e-05,6.537019015565751e-07,0.64254,0.002461456390975298,50000,0.9498285318772381
31,5,1.4,fit,1238,root,clean,optimum,9.15822257606748e-05,8.377305752116226e-05,6.283173302957482e-07,0.68456,0.0023658730447844003,50000,0.914730525769054
31,1,0.6,fit,1238,root,clean,optimum,0.00011626437883468957,0.00011318286093827327,7.182111466444249e-07,0.57382,0.002704360217964912,50000,0.9734955974710212
31,15,5.0,fit,1238,root,clean,optimum,6.554683088904539e-05,7.481786002048511e-05,6.054117384419565e-07,0.71828,0.0022796240751495646,50000,1.1414413024350984
31,21,10.0,fit,1238,root,clean,optimum,5.668564843732386e-05,6.510842880385537e-05,5.666707812045908e-07,0.75484,0.002133748445053724,50000,1.148587527861561
31,17,6.0,fit,1238,root,clean,optimum,6.333872385623213e-05,7.090328080459008e-05,5.914938614450879e-07,0.73302,0.00222721754672862,50000,1.1194302077434997
31,19,8.0,fit,1238,root,clean,optimum,5.939588362845238e-05,6.514560933914879e-05,5.673024395629588e-07,0.7547,0.0021361268984426704,50000,1.0968034375355622
31,11,3.0,fit,1239,root,clean,optimum,7.47349641319123e-05,7.295352175077121e-05,5.936440576051625e-07,0.7253,0.002235313919199717,50000,0.9761632001589415
31,7,1.8,fit,1239,root,clean,optimum,8.527377479038674e-05,7.836594538848768e-05,6.128468151040946e-07,0.70492,0.0023076201952829667,50000,0.9189923347608413
31,13,4.0,fit,1239,root,clean,optimum,6.884825902468004e-05,7.817473120697854e-05,6.140548606825926e-07,0.70564,0.002312168983503871,50000,1.1354641688028049
31,9,2.0,fit,1239,root,clean,optimum,8.341442371053843e-05,7.63263274523904e-05,6.050971844654189e-07,0.7126,0.002278439650117281,50000,0.9150255322419433
31,3,1.0,fit,1239,root,clean,optimum,9.99470182545599e-05,9.430046051424767e-05,6.555997952178437e-07,0.64492,0.002468602740818854,50000,0.9435044902897379
31,1,0.6,fit,1239,root,clean,optimum,0.00011626437883468957,0.00011196121477863167,7.115096807286011e-07,0.57842,0.0026791264438728838,50000,0.9629881129612677
31,5,1.4,fit,1239,root,clean,optimum,9.15822257606748e-05,8.242393524051454e-05,6.250578626130931e-07,0.68964,0.002353599809018152,50000,0.8999992581083042
31,15,5.0,fit,1239,root,clean,optimum,6.554683088904539e-05,7.385116610285568e-05,6.020878851497219e-07,0.72192,0.0022671084010948413,50000,1.1266931612280002
31,21,10.0,fit,1239,root,clean,optimum,5.668564843732386e-05,6.425858799714814e-05,5.692796378449319e-07,0.75804,0.0021435718627846735,50000,1.1335953591180583
31,17,6.0,fit,1239,root,clean,optimum,6.333872385623213e-05,7.02499656844339e-05,5.843373565637617e-07,0.73548,0.002200270363868602,50000,1.1091155837602458
31,19,8.0,fit,1239,root,clean,optimum,5.939588362845238e-05,6.4800361511424e-05,5.694492682600013e-07,0.756,0.0021442105910311144,50000,1.0909907817312565
31,11,3.0,fit,1240,root,clean,optimum,7.47349641319123e-05,7.277293057934592e-05,5.968221651517165e-07,0.72598,0.0022472808006070446,50000,0.9737467786951333
31,7,1.8,fit,1240,root,clean,optimum,8.527377479038674e-05,7.825440378260737e-05,6.123020258243026e-07,0.70534,0.002305568839686041,50000,0.9176842936174242
31,13,4.0,fit,1240,root,clean,optimum,6.884825902468004e-05,7.801007455067903e-05,6.205234533366271e-07,0.70626,0.0023365258940329296,50000,1.1330725810033155
31,9,2.0,fit,1240,root,clean,optimum,8.341442371053843e-05,7.644849206835455e-05,6.041990705597598e-07,0.71214,0.0022750578820550428,50000,0.9164900825023166
31,3,1.0,fit,1240,root,clean,optimum,9.99470182545599e-05,9.380117904030719e-05,6.599642584082478e-07,0.6468,0.0024850367389265787,50000,0.938509028867679
31,1,0.6,fit,1240,root,clean,optimum,0.00011626437883468957,0.0001118124926374579,7.153523356698936e-07,0.57898,0.0026935956194115125,50000,0.9617089409339934
31,5,1.4,fit,1240,root,clean,optimum,9.15822257606748e-05,8.236550868505343e-05,6.263070566351875e-07,0.68986,0.002358303538044992,50000,0.8993612898237837
31,15,5.0,fit,1240,root,clean,optimum,6.554683088904539e-05,7.372900148689151e-05,6.010769306861418e-07,0.72238,0.002263301741944181,50000,1.1248293851413886
31,21,10.0,fit,1240,root,clean,optimum,5.668564843732386e-05,6.465695087529216e-05,5.679370310603478e-07,0.75654,0.0021385163963058207,50000,1.1406229382165753
31,17,6.0,fit,1240,root,clean,optimum,6.333872385623213e-05,6.965507711973887e-05,5.880683767065322e-07,0.73772,0.002214319188498624,50000,1.0997234058242753
31,11,3.0,fit,1241,root,clean,optimum,7.47349641319123e-05,7.330939258857982e-05,5.980749919347974e-07,0.72396,0.0022519982084723976,50000,0.9809249718670334
31,7,1.8,fit,1241,root,clean,optimum,8.527377479038674e-05,7.899270298343425e-05,6.139322826366139e-07,0.70256,0.0023117074267699086,50000,0.9263422802333763
31,19,8.0,fit,1240,root,clean,optimum,5.939588362845238e-05,6.425858799714814e-05,5.632673867706038e-07,0.75804,0.0021209332659015766,50000,1.0818693833921915
31,13,4.0,fit,1241,root,clean,optimum,6.884825902468004e-05,7.873243923638014e-05,6.165351124375661e-07,0.70354,0.002321508150972973,50000,1.1435647081236566
31,9,2.0,fit,1241,root,clean,optimum,8.341442371053843e-05,7.73355134103552e-05,6.132148962969172e-07,0.7088,0.002309006172289173,50000,0.9271239909145924
31,3,1.0,fit,1241,root,clean,optimum,9.99470182545599e-05,9.46563313520563e-05,6.628682752391568e-07,0.64358,0.0024959715561130055,50000,0.9470650851331203
31,1,0.6,fit,1241,root,clean,optimum,0.00011626437883468957,0.00011208869089963775,7.076184658812077e-07,0.57794,0.0026644744203251974,50000,0.9640845461275029
31,5,1.4,fit,1241,root,clean,optimum,9.15822257606748e-05,8.314098842117376e-05,6.264099381942635e-07,0.68694,0.002358690929408698,50000,0.907828868872876
31,15,5.0,fit,1241,root,clean,optimum,6.554683088904539e-05,7.375555901210111e-05,6.042119531546595e-07,0.72228,0.0022751063903207716,50000,1.1252345538558695
31,21,10.0,fit,1241,root,clean,optimum,5.668564843732386e-05,6.421078445177087e-05,5.65280119558568e-07,0.75822,0.002128512032266587,50000,1.1327520496262364
31,7,1.8,fit,1242,root,clean,optimum,8.527377479038674e-05,7.931139328594945e-05,6.13897215723118e-07,0.70136,0.0023115753854248693,50000,0.9300795406431398
31,11,3.0,fit,1242,root,clean,optimum,7.47349641319123e-05,7.282604562976513e-05,5.99051544925973e-07,0.72578,0.0022556753319372853,50000,0.974457490890371
31,17,6.0,fit,1241,root,clean,optimum,6.333872385623213e-05,6.922484521134336e-05,5.841539790246576e-07,0.73934,0.002199579872048838,50000,1.092930848567011
31,13,4.0,fit,1242,root,clean,optimum,6.884825902468004e-05,7.80844356212659e-05,6.149672374546057e-07,0.70598,0.0023156044571212824,50000,1.1341526529127623
31,9,2.0,fit,1242,root,clean,optimum,8.341442371053843e-05,7.624134337171968e-05,6.085508635218556e-07,0.71292,0.002291444171544557,50000,0.9140067146695097
31,19,8.0,fit,1241,root,clean,optimum,5.939588362845238e-05,6.378055254337537e-05,5.622178557049626e-07,0.75984,0.0021169813499856247,50000,1.0738210907400763
31,3,1.0,fit,1242,root,clean,optimum,9.99470182545599e-05,9.50493827251584e-05,6.592193917050781e-07,0.6421,0.0024822320095804103,50000,0.9509976824228265
31,1,0.6,fit,1242,root,clean,optimum,0.00011626437883468957,0.00011223210153576958,7.119155574630667e-07,0.5774,0.0026806547366308208,50000,0.9653180334395174
31,5,1.4,fit,1242,root,clean,optimum,9.15822257606748e-05,8.290728219932928e-05,6.20539390188441e-07,0.68782,0.0023365859028315213,50000,0.9052769957347934
31,15,5.0,fit,1242,root,clean,optimum,6.554683088904539e-05,7.458415379864063e-05,6.030623861142219e-07,0.71916,0.002270777797835723,50000,1.137875817747668
31,21,10.0,fit,1242,root,clean,optimum,5.668564843732386e-05,6.456134378453759e-05,5.6303983658262e-07,0.7569,0.0021200764458997583,50000,1.1389363192329311
31,11,3.0,fit,1243,root,clean,optimum,7.47349641319123e-05,7.376087051714303e-05,5.998225994385843e-07,0.72226,0.0022585786691516,50000,0.9869660255265538
31,7,1.8,fit,1243,root,clean,optimum,8.527377479038674e-05,7.794102498513407e-05,6.121242899343567e-07,0.70652,0.0023048995909945944,50000,0.9140093208811566
31,13,4.0,fit,1243,root,clean,optimum,6.884825902468004e-05,7.815348518681088e-05,6.178956124711122e-07,0.70572,0.0023266309928899388,50000,1.1351555768286774
31,9,2.0,fit,1243,root,clean,optimum,8.341442371053843e-05,7.62732124019712e-05,6.081942100193152e-07,0.7128,0.002290101224490095,50000,0.9143887712591722
31,17,6.0,fit,1242,root,clean,optimum,6.333872385623213e-05,7.030308073485311e-05,5.84698346585053e-07,0.73528,0.00220162963969887,50000,1.1099541710759575
31,19,8.0,fit,1242,root,clean,optimum,5.939588362845238e-05,6.485878806688511e-05,5.660694238883719e-07,0.75578,0.002131484087544985,50000,1.0919744619442928
31,3,1.0,fit,1243,root,clean,optimum,9.99470182545599e-05,9.442793663525375e-05,6.566570292660997e-07,0.64444,0.0024725836616309857,50000,0.9447799272485615
31,1,0.6,fit,1243,root,clean,optimum,0.00011626437883468957,0.00011290135117105153,7.121613090105279e-07,0.57488,0.0026815800922335045,50000,0.9710743075622521
31,5,1.4,fit,1243,root,clean,optimum,9.15822257606748e-05,8.280105209849087e-05,6.271762745334112e-07,0.68822,0.002361576500760319,50000,0.9041170533993012
31,21,10.0,fit,1243,root,clean,optimum,5.668564843732386e-05,6.370619147278847e-05,5.61612058887447e-07,0.76012,0.0021147002759294596,50000,1.123850449434782
31,11,3.0,fit,1244,root,clean,optimum,7.47349641319123e-05,7.31872279726157e-05,5.977102199210819e-07,0.72442,0.0022506246918859063,50000,0.9792903338179872
31,15,5.0,fit,1243,root,clean,optimum,6.554683088904539e-05,7.395739620369406e-05,6.015591634769809e-07,0.72152,0.0022651175466437273,50000,1.1283138360859228
31,7,1.8,fit,1244,root,clean,optimum,8.527377479038674e-05,7.8610274620416e-05,6.182539221136251e-07,0.704,0.0023279801759922233,50000,0.9218575677416601
31,13,4.0,fit,1244,root,clean,optimum,6.884825902468004e-05,7.86899471960448e-05,6.198848217591047e-07,0.7037,0.0023341211836072325,50000,1.1429475241754015
31,9,2.0,fit,1244,root,clean,optimum,8.341442371053843e-05,7.634226196751617e-05,6.082315590706742e-07,0.71254,0.0022902418590223573,50000,0.9152165605367747
31,19,8.0,fit,1243,root,clean,optimum,5.939588362845238e-05,6.408861983580672e-05,5.657522296945765e-07,0.75868,0.0021302897210093534,50000,1.0790077682269952
31,17,6.0,fit,1243,root,clean,optimum,6.333872385623213e-05,6.929389477688833e-05,5.840266127912628e-07,0.73908,0.0021991002858208685,50000,1.0940210120774363
31,3,1.0,fit,1244,root,clean,optimum,9.99470182545599e-05,9.46828888772659e-05,6.633268872193427e-07,0.64348,0.002497698418750116,50000,0.9473308011662085
31,1,0.6,fit,1244,root,clean,optimum,0.00011626437883468957,0.00011280043257525504,7.125793330408293e-07,0.57526,0.0026831541245539194,50000,0.9702062979723158
31,5,1.4,fit,1244,root,clean,optimum,9.15822257606748e-05,8.282760962370049e-05,6.320588024821665e-07,0.68812,0.0023799612256555076,50000,0.9044070389831744
31,11,3.0,fit,1245,root,clean,optimum,7.47349641319123e-05,7.362277138605312e-05,5.979590331528372e-07,0.72278,0.0022515615759885915,50000,0.985118173818936
31,7,1.8,fit,1245,root,clean,optimum,8.527377479038674e-05,7.890240739772161e-05,6.158453459392161e-07,0.7029,0.0023189108965492038,50000,0.9252833897839433
31,15,5.0,fit,1244,root,clean,optimum,6.554683088904539e-05,7.389365814319105e-05,6.019103278843393e-07,0.72176,0.0022664398249983065,50000,1.1273414311711694
31,21,10.0,fit,1244,root,clean,optimum,5.668564843732386e-05,6.490659161226239e-05,5.670586866559558e-07,0.7556,0.002135209068542937,50000,1.1450268877849787
31,9,2.0,fit,1245,root,clean,optimum,8.341442371053843e-05,7.615635929104896e-05,6.101717718959987e-07,0.71324,0.0022975475579156534,50000,0.9129878970970761
31,13,4.0,fit,1245,root,clean,optimum,6.884825902468004e-05,7.907768706410497e-05,6.20911792458305e-07,0.70224,0.002337988150469149,50000,1.148579327703232
31,19,8.0,fit,1244,root,clean,optimum,5.939588362845238e-05,6.463570485512448e-05,5.677543384498514e-07,0.75662,0.0021378284835238334,50000,1.088218592039972
31,17,6.0,fit,1244,root,clean,optimum,6.333872385623213e-05,6.993658688696064e-05,5.87779493907033e-07,0.73666,0.002213231426001105,50000,1.1041679185975473
31,3,1.0,fit,1245,root,clean,optimum,9.99470182545599e-05,9.38596055957683e-05,6.576806063572472e-07,0.64658,0.002476437850163498,50000,0.9390936041404729
31,1,0.6,fit,1245,root,clean,optimum,0.00011626437883468957,0.00011206744487947008,7.103639045753284e-07,0.57802,0.002674812125636415,50000,0.9639018072664638
31,5,1.4,fit,1245,root,clean,optimum,9.15822257606748e-05,8.260983791698175e-05,6.255112345881412e-07,0.68894,0.002355306940881795,50000,0.9020291571954154
31,11,3.0,fit,1246,root,clean,optimum,7.47349641319123e-05,7.411674135495168e-05,6.008378324364798e-07,0.72092,0.0022624014387428288,50000,0.9917277972346463
31,7,1.8,fit,1246,root,clean,optimum,8.527377479038674e-05,7.936981984141056e-05,6.178599508663373e-07,0.70114,0.002326496712287761,50000,0.9307647050515963
31,21,10.0,fit,1245,root,clean,optimum,5.668564843732386e-05,6.425858799714814e-05,5.644908667604691e-07,0.75804,0.0021255401710262418,50000,1.1335953591180583
31,15,5.0,fit,1245,root,clean,optimum,6.554683088904539e-05,7.461071132385022e-05,6.010669898614942e-07,0.71906,0.0022632643106527896,50000,1.1382809864621486
31,9,2.0,fit,1246,root,clean,optimum,8.341442371053843e-05,7.688934698683392e-05,6.041401832136029e-07,0.71048,0.0022748361469886458,50000,0.921775198659316
31,13,4.0,fit,1246,root,clean,optimum,6.884825902468004e-05,7.880680030696704e-05,6.146293125591899e-07,0.70326,0.002314332030971824,50000,1.1446447800331037
31,19,8.0,fit,1245,root,clean,optimum,5.939588362845238e-05,6.441262164336383e-05,5.674370363736543e-07,0.75746,0.00213663371076661,50000,1.084462722135651
31,17,6.0,fit,1245,root,clean,optimum,6.333872385623213e-05,7.026058869451776e-05,5.86532994118811e-07,0.73544,0.002208537841872372,50000,1.1092833012233885
31,3,1.0,fit,1246,root,clean,optimum,9.99470182545599e-05,9.463508533188863e-05,6.543308458174369e-07,0.64366,0.0024638246246713896,50000,0.9468525123066498
31,1,0.6,fit,1246,root,clean,optimum,0.00011626437883468957,0.00011302351578701567,7.178650718380438e-07,0.57442,0.002703057104050306,50000,0.9721250560132273
31,5,1.4,fit,1246,root,clean,optimum,9.15822257606748e-05,8.362964688503039e-05,6.248523250903783e-07,0.6851,0.0023528258757503015,50000,0.9131646036161394
31,11,3.0,fit,1247,root,clean,optimum,7.47349641319123e-05,7.292165272051968e-05,5.961490704206441e-07,0.72542,0.002244746322240705,50000,0.9757367728417988
31,7,1.8,fit,1247,root,clean,optimum,8.527377479038674e-05,7.879617729688318e-05,6.146912176871333e-07,0.7033,0.0023145651292272333,50000,0.9240376363140218
31,21,10.0,fit,1246,root,clean,optimum,5.668564843732386e-05,6.482160753159167e-05,5.655624889276664e-07,0.75592,0.0021295752690210275,50000,1.1435276709106286
31,9,2.0,fit,1247,root,clean,optimum,8.341442371053843e-05,7.652285313894142e-05,6.084987004568582e-07,0.71186,0.0022912477561610237,50000,0.9173815478781958
31,15,5.0,fit,1246,root,clean,optimum,6.554683088904539e-05,7.467444938435327e-05,6.001544730028877e-07,0.71882,0.0022598283095517655,50000,1.1392533913769025
31,13,4.0,fit,1247,root,clean,optimum,6.884825902468004e-05,7.836063388344575e-05,6.150599040659924e-07,0.70494,0.0023159533850076546,50000,1.1381643485764223
31,19,8.0,fit,1246,root,clean,optimum,5.939588362845238e-05,6.518810137948417e-05,5.67327625447179e-07,0.75454,0.002136221733650475,50000,1.0975188413268617
31,17,6.0,fit,1246,root,clean,optimum,6.333872385623213e-05,7.073862414829057e-05,5.878106687189622e-07,0.73364,0.0022133488119837337,50000,1.1168305870647937
31,3,1.0,fit,1247,root,clean,optimum,9.99470182545599e-05,9.397114720164864e-05,6.583011745082454e-07,0.64616,0.0024787745443626014,50000,0.9402096114794438
31,1,0.6,fit,1247,root,clean,optimum,0.00011626437883468957,0.00011190278822317054,7.098760234111004e-07,0.57864,0.002672975052489058,50000,0.96248558109341
31,11,3.0,fit,1248,root,clean,optimum,7.47349641319123e-05,7.234269867095039e-05,5.935960820881918e-07,0.7276,0.0022351332716559714,50000,0.967990009913708
31,5,1.4,fit,1247,root,clean,optimum,9.15822257606748e-05,8.330033357243137e-05,6.266751087796485e-07,0.68634,0.002359689405672176,50000,0.9095687823761143
31,7,1.8,fit,1248,root,clean,optimum,8.527377479038674e-05,7.840312592378113e-05,6.107397017253276e-07,0.70478,0.0022996860471944792,50000,0.9194283484753139
31,9,2.0,fit,1248,root,clean,optimum,8.341442371053843e-05,7.59810796246656e-05,6.077076653734491e-07,0.7139,0.0022882691838838026,50000,0.9108865858539318
31,21,10.0,fit,1247,root,clean,optimum,5.668564843732386e-05,6.4003635755136e-05,5.65878877081923e-07,0.759,0.0021307666004864393,50000,1.129097708495008
31,13,4.0,fit,1248,root,clean,optimum,6.884825902468004e-05,7.825440378260737e-05,6.152805574976289e-07,0.70534,0.002316784235886624,50000,1.136621388705784
31,15,5.0,fit,1247,root,clean,optimum,6.554683088904539e-05,7.360152536588545e-05,5.994374183468609e-07,0.72286,0.0022571283039964003,50000,1.1228845753118815
31,19,8.0,fit,1247,root,clean,optimum,5.939588362845238e-05,6.417360391647742e-05,5.662366821431284e-07,0.75836,0.002132113883632672,50000,1.0804385758095931
31,17,6.0,fit,1247,root,clean,optimum,6.333872385623213e-05,6.957009303906815e-05,5.84328368828082e-07,0.73804,0.002200236521348982,50000,1.0983816661191366
31,3,1.0,fit,1248,root,clean,optimum,9.99470182545599e-05,9.345061970754047e-05,6.561552853200153e-07,0.64812,0.002470694389411061,50000,0.9350015772309141
31,11,3.0,fit,1249,root,clean,optimum,7.47349641319123e-05,7.21355499743155e-05,5.938909253320986e-07,0.72838,0.002236243477676976,50000,0.965218232352281
31,1,0.6,fit,1248,root,clean,optimum,0.00011626437883468957,0.00011147255631477504,7.048106937304042e-07,0.58026,0.0026539020039247846,50000,0.9587851191573665
31,7,1.8,fit,1249,root,clean,optimum,8.527377479038674e-05,7.779230284396031e-05,6.140587739696058e-07,0.70708,0.002312183718638197,50000,0.9122652660232669
31,5,1.4,fit,1248,root,clean,optimum,9.15822257606748e-05,8.208399891783168e-05,6.228984406326482e-07,0.69092,0.0023454686975407004,50000,0.8962874426347297
31,9,2.0,fit,1249,root,clean,optimum,8.341442371053843e-05,7.548179815072512e-05,6.040572340923001e-07,0.71578,0.0022745238094472216,50000,0.9049010326158843
31,13,4.0,fit,1249,root,clean,optimum,6.884825902468004e-05,7.790915595488254e-05,6.101445533417285e-07,0.70664,0.002297445068869496,50000,1.131606769126209
31,21,10.0,fit,1248,root,clean,optimum,5.668564843732386e-05,6.430639154252544e-05,5.679448151933724e-07,0.75786,0.002138545706766653,50000,1.1344386686098806
31,15,5.0,fit,1248,root,clean,optimum,6.554683088904539e-05,7.391490416335872e-05,6.021829099206825e-07,0.72168,0.00226746620842143,50000,1.127665566142754
31,19,8.0,fit,1248,root,clean,optimum,5.939588362845238e-05,6.454540926941184e-05,5.671241013035793e-07,0.75696,0.002135455381582677,50000,1.0866983589834613
31,17,6.0,fit,1248,root,clean,optimum,6.333872385623213e-05,7.004812849284095e-05,5.907232731149593e-07,0.73624,0.0022243159648829966,50000,1.1059289519605418
31,11,3.0,fit,1250,root,clean,optimum,7.47349641319123e-05,7.371306697176577e-05,5.952940299703394e-07,0.72244,0.002241526743445029,50000,0.9863263845508401
31,3,1.0,fit,1249,root,clean,optimum,9.99470182545599e-05,9.302038779914496e-05,6.580204789289273e-07,0.64974,0.002477717610114765,50000,0.9306969774948846
31,7,1.8,fit,1250,root,clean,optimum,8.527377479038674e-05,7.868463569100287e-05,6.123074664365011e-07,0.70372,0.0023055893258275605,50000,0.9227295951706047
31,1,0.6,fit,1249,root,clean,optimum,0.00011626437883468957,0.00011107419343663103,7.091935914350818e-07,0.58176,0.00267040541555703,50000,0.9553587655128816
31,5,1.4,fit,1249,root,clean,optimum,9.15822257606748e-05,8.25142308262272e-05,6.23368631478944e-07,0.6893,0.002347239159368694,50000,0.9009852090934726
31,9,2.0,fit,1250,root,clean,optimum,8.341442371053843e-05,7.633695046247425e-05,6.065569866679842e-07,0.71256,0.00228393640552293,50000,0.9151528844384976
31,13,4.0,fit,1250,root,clean,optimum,6.884825902468004e-05,7.885991535738623e-05,6.174772197538236e-07,0.70306,0.002325055572311453,50000,1.1454162599684228
31,21,10.0,fit,1249,root,clean,optimum,5.668564843732386e-05,6.396645521984255e-05,5.609440540691751e-07,0.75914,0.0021121849631772368,50000,1.1284418011124797
31,15,5.0,fit,1249,root,clean,optimum,6.554683088904539e-05,7.371837847680769e-05,6.009850358597994e-07,0.72242,0.002262955720145775,50000,1.1246673176555966
31,19,8.0,fit,1249,root,clean,optimum,5.939588362845238e-05,6.408330833076479e-05,5.609335218605283e-07,0.7587,0.002112145305081975,50000,1.0789183427530824
31,17,6.0,fit,1249,root,clean,optimum,6.333872385623213e-05,6.953291250377473e-05,5.827370444431756e-07,0.73818,0.0021942445308591033,50000,1.0977946549981388
31,11,3.0,fit,1251,root,clean,optimum,7.47349641319123e-05,7.307037486169345e-05,5.991931126500009e-07,0.72486,0.0022562083926156076,50000,0.9777267669884643
31,7,1.8,fit,1251,root,clean,optimum,8.527377479038674e-05,7.814817368176894e-05,6.12621677962496e-07,0.70574,0.0023067724613927724,50000,0.9164385401475027
31,3,1.0,fit,1250,root,clean,optimum,9.99470182545599e-05,9.44916746957568e-05,6.552950842473873e-07,0.6442,0.0024674553787508466,50000,0.9454176457279734
31,1,0.6,fit,1250,root,clean,optimum,0.00011626437883468957,0.0001127101369895424,7.061027962605132e-07,0.5756,0.0026587673011236436,50000,0.9694296578128994
31,5,1.4,fit,1250,root,clean,optimum,9.15822257606748e-05,8.309318487579649e-05,6.232476702474051e-07,0.68712,0.002346783690605757,50000,0.9073068948219046
31,9,2.0,fit,1251,root,clean,optimum,8.341442371053843e-05,7.693183902716929e-05,6.08138780445063e-07,0.71032,0.0022898925093563813,50000,0.9222846074455329
31,13,4.0,fit,1251,root,clean,optimum,6.884825902468004e-05,7.84243719439488e-05,6.185777264372369e-07,0.7047,0.002329199432383985,50000,1.1390901244988056
31,21,10.0,fit,1250,root,clean,optimum,5.668564843732386e-05,6.463570485512448e-05,5.670033041096567e-07,0.75662,0.0021350005304887998,50000,1.1402481339979877
31,15,5.0,fit,1250,root,clean,optimum,6.554683088904539e-05,7.435044757679616e-05,6.056580165759931e-07,0.72004,0.0022805514135671805,50000,1.1343103330602378
31,19,8.0,fit,1250,root,clean,optimum,5.939588362845238e-05,6.459321281478912e-05,5.66395675597249e-07,0.75678,0.002132712559348371,50000,1.087503188248673
31,11,3.0,fit,1252,root,clean,optimum,7.47349641319123e-05,7.303850583144193e-05,5.996060183495324e-07,0.72498,0.002257763152316569,50000,0.9773003396713218
31,7,1.8,fit,1252,root,clean,optimum,8.527377479038674e-05,7.855184806495489e-05,6.144303602598352e-07,0.70422,0.0023135828937770574,50000,0.9211724033332035
31,17,6.0,fit,1250,root,clean,optimum,6.333872385623213e-05,7.026058869451776e-05,5.908290669017696e-07,0.73544,0.0022247143219813158,50000,1.1092833012233885
31,3,1.0,fit,1251,root,clean,optimum,9.99470182545599e-05,9.430577201928959e-05,6.564283833992251e-07,0.6449,0.002471722715947718,50000,0.9435576334963556
31,13,4.0,fit,1252,root,clean,optimum,6.884825902468004e-05,7.910424458931456e-05,6.232546662596867e-07,0.70214,0.0023468100334680013,50000,1.1489650676708913
31,9,2.0,fit,1252,root,clean,optimum,8.341442371053843e-05,7.693183902716929e-05,6.154981811652598e-07,0.71032,0.0023176036784586006,50000,0.9222846074455329
31,1,0.6,fit,1251,root,clean,optimum,0.00011626437883468957,0.00011341125565507583,7.179285294756739e-07,0.57296,0.0027032960481429102,50000,0.9754600402271925
31,5,1.4,fit,1251,root,clean,optimum,9.15822257606748e-05,8.325253002705407e-05,6.301996264588039e-07,0.68652,0.0023729606636351784,50000,0.9090468083251426
31,21,10.0,fit,1251,root,clean,optimum,5.668564843732386e-05,6.470475442066943e-05,5.677012254357692e-07,0.75636,0.0021376284911914793,50000,1.1414662477083972
31,15,5.0,fit,1251,root,clean,optimum,6.554683088904539e-05,7.432389005158655e-05,6.044378502014623e-07,0.72014,0.0022759569855664505,50000,1.133905164345757
31,19,8.0,fit,1251,root,clean,optimum,5.939588362845238e-05,6.42426534820224e-05,5.642133411325534e-07,0.7581,0.002124495172948577,50000,1.0816011069704548
31,11,3.0,fit,1253,root,clean,optimum,7.47349641319123e-05,7.206650040877057e-05,6.006057769040708e-07,0.72864,0.0022615276542671385,50000,0.9642943064984724
31,7,1.8,fit,1253,root,clean,optimum,8.527377479038674e-05,7.850935602461951e-05,6.133733690989922e-07,0.70438,0.002309602887535885,50000,0.9206741019452348
31,17,6.0,fit,1251,root,clean,optimum,6.333872385623213e-05,7.01384240785536e-05,5.861667718238043e-07,0.7359,0.0022071588643806203,50000,1.1073545503972517
31,3,1.0,fit,1252,root,clean,optimum,9.99470182545599e-05,9.498033315961342e-05,6.633126317434487e-07,0.64236,0.0024976447410230635,50000,0.950306820736797
31,13,4.0,fit,1253,root,clean,optimum,6.884825902468004e-05,7.805256659101441e-05,6.179237017025894e-07,0.7061,0.0023267367603937083,50000,1.1336897649515711
31,9,2.0,fit,1253,root,clean,optimum,8.341442371053843e-05,7.642724604818689e-05,6.111572435287027e-07,0.71222,0.002301258263732277,50000,0.9162353781092083
31,1,0.6,fit,1252,root,clean,optimum,0.00011626437883468957,0.00011325191050381825,7.131513729175482e-07,0.57356,0.002685308089850777,50000,0.9740894987693987
31,5,1.4,fit,1252,root,clean,optimum,9.15822257606748e-05,8.316754594638336e-05,6.267555538554479e-07,0.68684,0.002359992314452887,50000,0.9081188544567489
31,21,10.0,fit,1252,root,clean,optimum,5.668564843732386e-05,6.434888358286078e-05,5.671790751378239e-07,0.7577,0.002135662380667911,50000,1.1351882770470554
31,15,5.0,fit,1252,root,clean,optimum,6.554683088904539e-05,7.51312388179584e-05,6.032374747514479e-07,0.7171,0.0022714370785324152,50000,1.1462222932659711
31,11,3.0,fit,1254,root,clean,optimum,7.47349641319123e-05,7.268263499363328e-05,5.962573406245028e-07,0.72632,0.0022451540040672466,50000,0.9725385679632292
31,19,8.0,fit,1252,root,clean,optimum,5.939588362845238e-05,6.488534559209471e-05,5.662658086392046e-07,0.75568,0.002132223556864068,50000,1.0924215893138547
31,7,1.8,fit,1254,root,clean,optimum,8.527377479038674e-05,7.854122505487104e-05,6.114000436559852e-07,0.70426,0.002302172506024683,50000,0.9210478279862112
31,17,6.0,fit,1252,root,clean,optimum,6.333872385623213e-05,7.076518167350017e-05,5.897137307008254e-07,0.73354,0.0022205146226789837,50000,1.1172498807226494
31,13,4.0,fit,1254,root,clean,optimum,6.884825902468004e-05,7.790915595488254e-05,6.146990748113568e-07,0.70664,0.0023145947145299358,50000,1.131606769126209
31,3,1.0,fit,1253,root,clean,optimum,9.99470182545599e-05,9.477318446297854e-05,6.636005242664304e-07,0.64314,0.0024987287747223995,50000,0.9482342356787086
31,9,2.0,fit,1254,root,clean,optimum,8.341442371053843e-05,7.603950618012673e-05,6.059763977996258e-07,0.71368,0.002281750249758128,50000,0.91158702293498
31,1,0.6,fit,1253,root,clean,optimum,0.00011626437883468957,0.00011181780414249983,7.099769566677072e-07,0.57896,0.002673355107693036,50000,0.9617546256492532
31,5,1.4,fit,1253,root,clean,optimum,9.15822257606748e-05,8.2859478653952e-05,6.245266562187182e-07,0.688,0.002351599598568637,50000,0.904755021683822
31,21,10.0,fit,1253,root,clean,optimum,5.668564843732386e-05,6.417360391647742e-05,5.647092628045825e-07,0.75836,0.002126362521913193,50000,1.1320961422437081
31,15,5.0,fit,1253,root,clean,optimum,6.554683088904539e-05,7.3962707708736e-05,6.032737690996446e-07,0.7215,0.0022715737416736915,50000,1.128394869828819
31,11,3.0,fit,1255,root,clean,optimum,7.47349641319123e-05,7.247548629699841e-05,5.988884504271091e-07,0.7271,0.002255061214102221,50000,0.9697667904018025
31,19,8.0,fit,1253,root,clean,optimum,5.939588362845238e-05,6.378586404841726e-05,5.667488789180341e-07,0.75982,0.0021340425150501827,50000,1.0739105162139881
31,7,1.8,fit,1255,root,clean,optimum,8.527377479038674e-05,7.835001087336191e-05,6.146673597189883e-07,0.70498,0.002314475294169348,50000,0.918805471740353
31,13,4.0,fit,1255,root,clean,optimum,6.884825902468004e-05,7.81587966918528e-05,6.168172975317245e-07,0.7057,0.0023225706938565112,50000,1.1352327248222094
31,9,2.0,fit,1255,root,clean,optimum,8.341442371053843e-05,7.671406732045056e-05,6.04651550119513e-07,0.71114,0.0022767616536082357,50000,0.9196738874161717
31,17,6.0,fit,1253,root,clean,optimum,6.333872385623213e-05,6.995783290712831e-05,5.856896115736218e-07,0.73658,0.002205362159881927,50000,1.1045033535238318
31,3,1.0,fit,1254,root,clean,optimum,9.99470182545599e-05,9.448105168567295e-05,6.558444341023331e-07,0.64424,0.002469523906788042,50000,0.9453113593147379
31,1,0.6,fit,1254,root,clean,optimum,0.00011626437883468957,0.00011316692642314753,7.115680202564317e-07,0.57388,0.002679346116178079,50000,0.973358543325242
31,5,1.4,fit,1254,root,clean,optimum,9.15822257606748e-05,8.3788992036288e-05,6.305023194229924e-07,0.6845,0.0023741004270800004,50000,0.9149045171193776
31,21,10.0,fit,1254,root,clean,optimum,5.668564843732386e-05,6.419484993664513e-05,5.67504211451499e-07,0.75828,0.0021368866525498316,50000,1.1324709464622962
31,15,5.0,fit,1254,root,clean,optimum,6.554683088904539e-05,7.341562268941824e-05,5.978906371149787e-07,0.72356,0.002251304036788991,50000,1.1200483943105164
31,11,3.0,fit,1256,root,clean,optimum,7.47349641319123e-05,7.420703694066432e-05,6.047474723571946e-07,0.72058,0.0022771228402659704,50000,0.9929360079665503
31,19,8.0,fit,1254,root,clean,optimum,5.939588362845238e-05,6.400894726017792e-05,5.667416083867152e-07,0.75898,0.0021340151385109097,50000,1.0776663861183091
31,7,1.8,fit,1256,root,clean,optimum,8.527377479038674e-05,7.978942873972225e-05,6.167519378249184e-07,0.69956,0.002322324587691534,50000,0.935685431257785
31,13,4.0,fit,1256,root,clean,optimum,6.884825902468004e-05,7.903519502376959e-05,6.182462662986722e-07,0.7024,0.0023279513487016812,50000,1.147962143754976
31,9,2.0,fit,1256,root,clean,optimum,8.341442371053843e-05,7.704869213809154e-05,6.106127464052795e-07,0.70988,0.0022992080082241836,50000,0.9236854816076292
31,17,6.0,fit,1254,root,clean,optimum,6.333872385623213e-05,6.957009303906815e-05,5.882145317197901e-07,0.73804,0.002214869522206695,50000,1.0983816661191366
31,3,1.0,fit,1255,root,clean,optimum,9.99470182545599e-05,9.480505349323007e-05,6.638596154120916e-07,0.64302,0.0024997043593961085,50000,0.9485530949184146
31,1,0.6,fit,1255,root,clean,optimum,0.00011626437883468957,0.00011309256535256063,7.152664982684377e-07,0.57416,0.002693272406307963,50000,0.9727189573116046
31,5,1.4,fit,1255,root,clean,optimum,9.15822257606748e-05,8.25142308262272e-05,6.266383603839563e-07,0.6893,0.0023595510328554238,50000,0.9009852090934726
31,21,10.0,fit,1255,root,clean,optimum,5.668564843732386e-05,6.468350840050176e-05,5.66463537231557e-07,0.75644,0.002132968086298915,50000,1.1410914434898096
31,11,3.0,fit,1257,root,clean,optimum,7.47349641319123e-05,7.327752355832833e-05,6.003959035955939e-07,0.72408,0.0022607373949834874,50000,0.9804985445498913
31,15,5.0,fit,1255,root,clean,optimum,6.554683088904539e-05,7.397333071881983e-05,6.037931373081253e-07,0.72146,0.0022735293764867314,50000,1.1285569373146114
31,7,1.8,fit,1257,root,clean,optimum,8.527377479038674e-05,7.851997903470336e-05,6.118442759785449e-07,0.70434,0.002303845223339469,50000,0.9207986772922271
31,19,8.0,fit,1255,root,clean,optimum,5.939588362845238e-05,6.46994429156275e-05,5.66114964658074e-07,0.75638,0.002131655567264359,50000,1.0892916977269205
31,13,4.0,fit,1257,root,clean,optimum,6.884825902468004e-05,7.848811000445185e-05,6.165278610852481e-07,0.70446,0.002321480846650523,50000,1.1400159004211887
31,9,2.0,fit,1257,root,clean,optimum,8.341442371053843e-05,7.626258939188736e-05,6.075175788726134e-07,0.71284,0.002287553430065119,50000,0.914261419062618
31,17,6.0,fit,1255,root,clean,optimum,6.333872385623213e-05,7.010124354326016e-05,5.872490503384349e-07,0.73604,0.0022112340879042315,50000,1.1067675392762535
31,3,1.0,fit,1256,root,clean,optimum,9.99470182545599e-05,9.551148366380543e-05,6.571824168068285e-07,0.64036,0.0024745619617044384,50000,0.9556211413985619
31,1,0.6,fit,1256,root,clean,optimum,0.00011626437883468957,0.00011302882729205759,7.140848544389029e-07,0.5744,0.0026888230315254523,50000,0.9721707407284871
31,5,1.4,fit,1256,root,clean,optimum,9.15822257606748e-05,8.417673190434816e-05,6.29230535499586e-07,0.68304,0.002369311637788193,50000,0.9191383066439238
31,21,10.0,fit,1256,root,clean,optimum,5.668564843732386e-05,6.564489081308927e-05,5.689815593152056e-07,0.75282,0.0021424494745825584,50000,1.1580513343808962
31,11,3.0,fit,1258,root,clean,optimum,7.47349641319123e-05,7.267732348859136e-05,5.958162942373511e-07,0.72634,0.0022434932831089842,50000,0.9724674967437055
31,15,5.0,fit,1256,root,clean,optimum,6.554683088904539e-05,7.544992912047361e-05,6.051942421418634e-07,0.7159,0.002278805112168728,50000,1.1510843178397399
31,7,1.8,fit,1258,root,clean,optimum,8.527377479038674e-05,7.752672759186431e-05,6.117374355104591e-07,0.70808,0.0023034429250558654,50000,0.9091508823484641
31,19,8.0,fit,1256,root,clean,optimum,5.939588362845238e-05,6.593702359039486e-05,5.691519345621638e-07,0.75172,0.0021430910074272547,50000,1.1101278331485094
31,13,4.0,fit,1258,root,clean,optimum,6.884825902468004e-05,7.846686398428414e-05,6.196666447248138e-07,0.70454,0.0023332996573822967,50000,1.1397073084470606
31,9,2.0,fit,1258,root,clean,optimum,8.341442371053843e-05,7.543930611038976e-05,6.044201459546562e-07,0.71594,0.0022758903217991516,50000,0.9043916238296673
31,17,6.0,fit,1256,root,clean,optimum,6.333872385623213e-05,7.151941538945279e-05,5.926579185294959e-07,0.7307,0.002231600700185958,50000,1.1291578206057546
31,3,1.0,fit,1257,root,clean,optimum,9.99470182545599e-05,9.473600392768513e-05,6.578442485362938e-07,0.64328,0.002477054030239597,50000,0.9478622332323853
31,1,0.6,fit,1257,root,clean,optimum,0.00011626437883468957,0.0001117328200618291,7.142404126628335e-07,0.57928,0.0026894087721872906,50000,0.9610236702050965
31,5,1.4,fit,1257,root,clean,optimum,9.15822257606748e-05,8.254078835143679e-05,6.243161471613143e-07,0.6892,0.0023508069454289244,50000,0.9012751946773456
31,11,3.0,fit,1259,root,clean,optimum,7.47349641319123e-05,7.329345807345408e-05,6.021302023698162e-07,0.72402,0.0022672677428247664,50000,0.9807117582084623
31,21,10.0,fit,1257,root,clean,optimum,5.668564843732386e-05,6.492252612738816e-05,5.671970317120408e-07,0.75554,0.002135729994551641,50000,1.1453079909489197
31,7,1.8,fit,1259,root,clean,optimum,8.527377479038674e-05,7.876961977167359e-05,6.140107497528938e-07,0.7034,0.0023120028877199055,50000,0.9237261979465416
31,15,5.0,fit,1257,root,clean,optimum,6.554683088904539e-05,7.373962449697537e-05,6.015905305831152e-07,0.72234,0.0022652356566930892,50000,1.1249914526271811
31,13,4.0,fit,1259,root,clean,optimum,6.884825902468004e-05,7.915204813469183e-05,6.220419656025463e-07,0.70196,0.002342243716962343,50000,1.1496593996126785
31,19,8.0,fit,1257,root,clean,optimum,5.939588362845238e-05,6.432763756269312e-05,5.610861829031095e-07,0.75778,0.0021127201366650246,50000,1.083031914553053
31,9,2.0,fit,1259,root,clean,optimum,8.341442371053843e-05,7.573143888769535e-05,6.078558282090016e-07,0.71484,0.0022888270778682125,50000,0.9078938092349078
31,17,6.0,fit,1257,root,clean,optimum,6.333872385623213e-05,7.017029310880512e-05,5.898114192713667e-07,0.73578,0.00222088246030606,50000,1.1078577027866785
31,3,1.0,fit,1258,root,clean,optimum,9.99470182545599e-05,9.389147462601983e-05,6.639965885596761e-07,0.64646,0.0025002201196053274,50000,0.9394124633801789
31,1,0.6,fit,1258,root,clean,optimum,0.00011626437883468957,0.00011274200601979392,7.143752595143203e-07,0.57548,0.002689916526017599,50000,0.9697037661044581
31,11,3.0,fit,1260,root,clean,optimum,7.47349641319123e-05,7.265076596338177e-05,5.976841804262921e-07,0.72644,0.002250526642483395,50000,0.9721121406460868
31,5,1.4,fit,1258,root,clean,optimum,9.15822257606748e-05,8.164845550439426e-05,6.217910174748084e-07,0.69256,0.002341298794098645,50000,0.8915316790592124
31,21,10.0,fit,1258,root,clean,optimum,5.668564843732386e-05,6.388147113917183e-05,5.667115794631607e-07,0.75946,0.002133902067269077,50000,1.1269425842381293
31,7,1.8,fit,1260,root,clean,optimum,8.527377479038674e-05,7.942824639687168e-05,6.148952744353592e-07,0.70092,0.0023153334867703984,50000,0.9314498694600529
31,15,5.0,fit,1258,root,clean,optimum,6.554683088904539e-05,7.367057493143039e-05,5.987935943524007e-07,0.7226,0.002254704041986371,50000,1.123938013969531
31,13,4.0,fit,1260,root,clean,optimum,6.884825902468004e-05,7.868463569100287e-05,6.215012820501278e-07,0.70372,0.002340207821116811,50000,1.1428703761818695
31,19,8.0,fit,1258,root,clean,optimum,5.939588362845238e-05,6.422671896689666e-05,5.658263295000587e-07,0.75816,0.00213056873723883,50000,1.0813328305487178
31,9,2.0,fit,1260,root,clean,optimum,8.341442371053843e-05,7.686278946162433e-05,6.107804291566186e-07,0.71058,0.002299839402716011,50000,0.9214568181679306
31,17,6.0,fit,1258,root,clean,optimum,6.333872385623213e-05,6.9580716049152e-05,5.837613010780359e-07,0.738,0.0021981012781530497,50000,1.098549383582279
31,3,1.0,fit,1259,root,clean,optimum,9.99470182545599e-05,9.402426225206785e-05,6.564136864520754e-07,0.64596,0.0024716673758999027,50000,0.9407410435456204
31,11,3.0,fit,1261,root,clean,optimum,7.47349641319123e-05,7.352185279025663e-05,5.963323226011766e-07,0.72316,0.0022454363420339133,50000,0.9837678206479842
31,1,0.6,fit,1259,root,clean,optimum,0.00011626437883468957,0.00011229052809123071,7.06173291899421e-07,0.57718,0.002659032746184324,50000,0.9658205653073753
31,5,1.4,fit,1259,root,clean,optimum,9.15822257606748e-05,8.279574059344896e-05,6.284520294559089e-07,0.68824,0.0023663802424961507,50000,0.9040590562825267
31,21,10.0,fit,1259,root,clean,optimum,5.668564843732386e-05,6.452947475428607e-05,5.677055746732027e-07,0.75702,0.002137644867858353,50000,1.1383741129050498
31,7,1.8,fit,1261,root,clean,optimum,8.527377479038674e-05,7.901394900360192e-05,6.198279224523316e-07,0.70248,0.002333906934326383,50000,0.9265914309273604
31,13,4.0,fit,1261,root,clean,optimum,6.884825902468004e-05,7.821722324731392e-05,6.159120306543912e-07,0.70548,0.0023191619919153902,50000,1.1360813527510605
31,15,5.0,fit,1259,root,clean,optimum,6.554683088904539e-05,7.48709750709043e-05,6.059604400107921e-07,0.71808,0.00228169016212305,50000,1.1422516398640596
31,9,2.0,fit,1261,root,clean,optimum,8.341442371053843e-05,7.65387876540672e-05,6.106352827962234e-07,0.7118,0.002299292867000617,50000,0.9175725761730275
31,19,8.0,fit,1259,root,clean,optimum,5.939588362845238e-05,6.478442699629825e-05,5.665056004917824e-07,0.75606,0.002133126471765533,50000,1.0907225053095193
31,17,6.0,fit,1259,root,clean,optimum,6.333872385623213e-05,7.060583652224255e-05,5.881494225965086e-07,0.73414,0.002214624359591701,50000,1.1147341187755142
31,11,3.0,fit,1262,root,clean,optimum,7.47349641319123e-05,7.390959265831679e-05,5.989054673275585e-07,0.7217,0.002255125289727924,50000,0.9889560196732193
31,3,1.0,fit,1260,root,clean,optimum,9.99470182545599e-05,9.464570834197248e-05,6.565121595252379e-07,0.64362,0.0024720381675018507,50000,0.9469587987198852
31,1,0.6,fit,1260,root,clean,optimum,0.00011626437883468957,0.000112736694514752,7.161148831267811e-07,0.5755,0.0026964669240638443,50000,0.9696580813891983
31,7,1.8,fit,1262,root,clean,optimum,8.527377479038674e-05,7.920516318511102e-05,6.175300473773424e-07,0.70176,0.002325254490031014,50000,0.9288337871732183
31,5,1.4,fit,1260,root,clean,optimum,9.15822257606748e-05,8.332689109764097e-05,6.292311017065542e-07,0.68624,0.0023693137697901917,50000,0.9098587679599872
31,21,10.0,fit,1260,root,clean,optimum,5.668564843732386e-05,6.420547294672895e-05,5.648204989915398e-07,0.75824,0.0021267813718853926,50000,1.1326583485715895
31,13,4.0,fit,1262,root,clean,optimum,6.884825902468004e-05,7.915204813469183e-05,6.176229636579885e-07,0.70196,0.002325604358024785,50000,1.1496593996126785
31,15,5.0,fit,1260,root,clean,optimum,6.554683088904539e-05,7.373431299193343e-05,6.027562776601066e-07,0.72236,0.002269625173667246,50000,1.124910418884285
31,9,2.0,fit,1262,root,clean,optimum,8.341442371053843e-05,7.728770986497791e-05,6.066715726347551e-07,0.70898,0.0022843678687931956,50000,0.9265509060300985
31,19,8.0,fit,1260,root,clean,optimum,5.939588362845238e-05,6.439137562319616e-05,5.652587844774222e-07,0.75754,0.002128431696915392,50000,1.0841050202400018
31,11,3.0,fit,1263,root,clean,optimum,7.47349641319123e-05,7.275699606422015e-05,5.969414916305747e-07,0.72604,0.0022477301138541053,50000,0.9735335650365619
31,17,6.0,fit,1260,root,clean,optimum,6.333872385623213e-05,7.01384240785536e-05,5.894856518895368e-07,0.7359,0.00221965581219311,50000,1.1073545503972517
31,3,1.0,fit,1261,root,clean,optimum,9.99470182545599e-05,9.451292071592447e-05,6.620781853136081e-07,0.64412,0.0024929965427436755,50000,0.9456302185544438
31,7,1.8,fit,1263,root,clean,optimum,8.527377479038674e-05,7.854653655991296e-05,6.109175248821203e-07,0.70424,0.002300355624481479,50000,0.9211101156597072
31,1,0.6,fit,1261,root,clean,optimum,0.00011626437883468957,0.00011310318836264448,7.143528236782053e-07,0.57412,0.002689832045871433,50000,0.9728103267421243
31,13,4.0,fit,1263,root,clean,optimum,6.884825902468004e-05,7.82384692674816e-05,6.18263733922864e-07,0.7054,0.002328017121487564,50000,1.1363899447251882
31,5,1.4,fit,1261,root,clean,optimum,9.15822257606748e-05,8.318879196655103e-05,6.267436770863445e-07,0.68676,0.002359947593534768,50000,0.9083508429238473
31,21,10.0,fit,1261,root,clean,optimum,5.668564843732386e-05,6.4269211007232e-05,5.661509936268424e-07,0.758,0.0021317912311429924,50000,1.1337827612273523
31,9,2.0,fit,1263,root,clean,optimum,8.341442371053843e-05,7.611917875575551e-05,6.071366099986182e-07,0.71338,0.0022861189256412747,50000,0.9125421644091363
31,15,5.0,fit,1261,root,clean,optimum,6.554683088904539e-05,7.445667767763457e-05,6.042745662116256e-07,0.71964,0.0022753421542199754,50000,1.1359310079181608
31,19,8.0,fit,1261,root,clean,optimum,5.939588362845238e-05,6.44338676635315e-05,5.655548050860636e-07,0.75738,0.0021295463361986275,50000,1.0848204240313006
31,11,3.0,fit,1264,root,clean,optimum,7.47349641319123e-05,7.25286013474176e-05,5.949650979388094e-07,0.7269,0.0022402881791249952,50000,0.97047750259704
31,17,6.0,fit,1261,root,clean,optimum,6.333872385623213e-05,7.002157096763136e-05,5.893834354537243e-07,0.73634,0.002219270925291918,50000,1.105509658302686
31,7,1.8,fit,1264,root,clean,optimum,8.527377479038674e-05,7.81056816414336e-05,6.137924712434147e-07,0.7059,0.0023111809793991698,50000,0.9159402387595346
31,3,1.0,fit,1262,root,clean,optimum,9.99470182545599e-05,9.491659509911041e-05,6.55075238639954e-07,0.6426,0.0024666275696620926,50000,0.9496691022573853
31,13,4.0,fit,1264,root,clean,optimum,6.884825902468004e-05,7.806318960109824e-05,6.188213656921122e-07,0.70606,0.0023301168343367365,50000,1.1338440609386349
31,1,0.6,fit,1262,root,clean,optimum,0.00011626437883468957,0.0001126570219391232,7.103474858384349e-07,0.5758,0.0026747503023423994,50000,0.9689728106603013
31,21,10.0,fit,1262,root,clean,optimum,5.668564843732386e-05,6.536338104586752e-05,5.680886063262008e-07,0.75388,0.002139087139493135,50000,1.1530851784846117
31,5,1.4,fit,1262,root,clean,optimum,9.15822257606748e-05,8.344905571360514e-05,6.25113577475988e-07,0.68578,0.002353809598380885,50000,0.9111927016458031
31,9,2.0,fit,1264,root,clean,optimum,8.341442371053843e-05,7.616167079609089e-05,6.047123781886363e-07,0.71322,0.0022769906962944167,50000,0.9130515731953533
31,15,5.0,fit,1262,root,clean,optimum,6.554683088904539e-05,7.536494503980289e-05,6.058255524025827e-07,0.71622,0.0022811822548269266,50000,1.1497877779534016
31,19,8.0,fit,1262,root,clean,optimum,5.939588362845238e-05,6.522528191477761e-05,5.662670558546871e-07,0.7544,0.0021322282531430797,50000,1.0981448196442485
31,11,3.0,fit,1265,root,clean,optimum,7.47349641319123e-05,7.269856950875903e-05,5.943335562903913e-07,0.72626,0.002237910165196989,50000,0.9727517816218003
31,17,6.0,fit,1262,root,clean,optimum,6.333872385623213e-05,7.1174167561728e-05,5.895069098705603e-07,0.732,0.0022197358572306493,50000,1.123707003053629
31,7,1.8,fit,1265,root,clean,optimum,8.527377479038674e-05,7.891303040780543e-05,6.166481998386835e-07,0.70286,0.0023219339715275047,50000,0.9254079651309353
31,13,4.0,fit,1265,root,clean,optimum,6.884825902468004e-05,7.766482672295425e-05,6.1466188204791e-07,0.70756,0.0023144546684859112,50000,1.128057961423741
31,3,1.0,fit,1263,root,clean,optimum,9.99470182545599e-05,9.460321630163711e-05,6.560241701159925e-07,0.64378,0.0024702006867675054,50000,0.9465336530669439
31,1,0.6,fit,1263,root,clean,optimum,0.00011626437883468957,0.00011293853170634495,7.092513852933501e-07,0.57474,0.002670623033192002,50000,0.9713941005690705
31,21,10.0,fit,1263,root,clean,optimum,5.668564843732386e-05,6.408861983580672e-05,5.694968105957225e-07,0.75868,0.0021443896074693778,50000,1.1305969253693582
31,9,2.0,fit,1265,root,clean,optimum,8.341442371053843e-05,7.636881949272577e-05,6.08179269391805e-07,0.71244,0.0022900449668855466,50000,0.9155349410281601
31,5,1.4,fit,1263,root,clean,optimum,9.15822257606748e-05,8.245580427076607e-05,6.221952329545476e-07,0.68952,0.0023428208315496085,50000,0.9003472408089519
31,15,5.0,fit,1263,root,clean,optimum,6.554683088904539e-05,7.457353078855682e-05,6.0571148458735e-07,0.7192,0.0022807527426102103,50000,1.1377137502618762
31,19,8.0,fit,1263,root,clean,optimum,5.939588362845238e-05,6.433826057277697e-05,5.638592890656238e-07,0.75774,0.0021231620213686187,50000,1.083210765500878
31,11,3.0,fit,1266,root,clean,optimum,7.47349641319123e-05,7.31978509826995e-05,5.979548354733855e-07,0.72438,0.0022515457699998236,50000,0.9794324762570344
31,7,1.8,fit,1266,root,clean,optimum,8.527377479038674e-05,7.80844356212659e-05,6.15679326209735e-07,0.70598,0.0023182857640183263,50000,0.91569108806555
31,17,6.0,fit,1263,root,clean,optimum,6.333872385623213e-05,7.012248956342785e-05,5.854491095744907e-07,0.73596,0.002204456570986753,50000,1.1071029742025382
31,13,4.0,fit,1266,root,clean,optimum,6.884825902468004e-05,7.840312592378113e-05,6.217312232986694e-07,0.70478,0.002341073644444575,50000,1.138781532524678
31,3,1.0,fit,1264,root,clean,optimum,9.99470182545599e-05,9.39339666663552e-05,6.555356408870976e-07,0.6463,0.0024683611733902636,50000,0.9398376090331202
31,9,2.0,fit,1266,root,clean,optimum,8.341442371053843e-05,7.634226196751617e-05,6.07044757683876e-07,0.71254,0.0022857730639165197,50000,0.9152165605367747
31,1,0.6,fit,1264,root,clean,optimum,0.00011626437883468957,0.00011251361130299137,7.065254613336463e-07,0.57634,0.0026603588088782155,50000,0.9677393233482868
31,21,10.0,fit,1264,root,clean,optimum,5.668564843732386e-05,6.398770124001026e-05,5.665996852502952e-07,0.75906,0.002133480739558824,50000,1.1288166053310675
31,5,1.4,fit,1264,root,clean,optimum,9.15822257606748e-05,8.300820079512574e-05,6.297821963493558e-07,0.68744,0.002371388867670932,50000,0.9063789409535107
31,15,5.0,fit,1264,root,clean,optimum,6.554683088904539e-05,7.344218021462784e-05,6.036445837927823e-07,0.72346,0.0022729700114323043,50000,1.120453563024997
31,19,8.0,fit,1264,root,clean,optimum,5.939588362845238e-05,6.358933836186624e-05,5.635592980558662e-07,0.76056,0.0021220324318929804,50000,1.0706017736792297
31,11,3.0,fit,1267,root,clean,optimum,7.47349641319123e-05,7.332001559866367e-05,5.999870524228545e-07,0.72392,0.0022591979022426817,50000,0.9810671143060812
31,7,1.8,fit,1267,root,clean,optimum,8.527377479038674e-05,7.876961977167359e-05,6.110934981236031e-07,0.7034,0.0023010182360768514,50000,0.9237261979465416
31,17,6.0,fit,1264,root,clean,optimum,6.333872385623213e-05,6.8783990292864e-05,5.847485501481407e-07,0.741,0.0022018186767521777,50000,1.0859705738466041
31,13,4.0,fit,1267,root,clean,optimum,6.884825902468004e-05,7.792509047000833e-05,6.160309860011784e-07,0.70658,0.002319609907697634,50000,1.131838213106805
31,3,1.0,fit,1265,root,clean,optimum,9.99470182545599e-05,9.48847260688589e-05,6.610722102443019e-07,0.64272,0.0024892086330594457,50000,0.9493502430176796
31,9,2.0,fit,1267,root,clean,optimum,8.341442371053843e-05,7.6485672603648e-05,6.089662072210446e-07,0.712,0.0022930081113164713,50000,0.9169358151902564
31,21,10.0,fit,1265,root,clean,optimum,5.668564843732386e-05,6.401425876521985e-05,5.627485034915948e-07,0.75896,0.0021189794570473488,50000,1.129285110604302
31,1,0.6,fit,1265,root,clean,optimum,0.00011626437883468957,0.00011239675819206913,7.049782942792407e-07,0.57678,0.002654533088890397,50000,0.9667342596125713
31,5,1.4,fit,1265,root,clean,optimum,9.15822257606748e-05,8.306662735058686e-05,6.276706489916372e-07,0.68722,0.002363438023828919,50000,0.9070169092380314
31,15,5.0,fit,1265,root,clean,optimum,6.554683088904539e-05,7.376087051714303e-05,6.050707735213952e-07,0.72226,0.002278340202055704,50000,1.1253155875987655
31,19,8.0,fit,1265,root,clean,optimum,5.939588362845238e-05,6.415766940135168e-05,5.666121147952805e-07,0.75842,0.00213352754190538,50000,1.0801702993878564
31,11,3.0,fit,1268,root,clean,optimum,7.47349641319123e-05,7.362808289109505e-05,5.978705089882202e-07,0.72276,0.0022512282461172334,50000,0.9851892450384598
31,7,1.8,fit,1268,root,clean,optimum,8.527377479038674e-05,7.905112953889537e-05,6.172938690861369e-07,0.70234,0.0023243651816736216,50000,0.927027444641833
31,17,6.0,fit,1265,root,clean,optimum,6.333872385623213e-05,6.924609123151103e-05,5.866934718028482e-07,0.73926,0.0022091421063238624,50000,1.0932662834932956
31,13,4.0,fit,1268,root,clean,optimum,6.884825902468004e-05,7.959290305317119e-05,6.230082030217744e-07,0.7003,0.002345881998058199,50000,1.1560626830758278
31,9,2.0,fit,1268,root,clean,optimum,8.341442371053843e-05,7.701151160279809e-05,6.120362273897651e-07,0.71002,0.0023045679993124006,50000,0.9232397489196894
31,3,1.0,fit,1266,root,clean,optimum,9.99470182545599e-05,9.441200212012801e-05,6.569738343096217e-07,0.6445,0.0024737765628558613,50000,0.9446204976287087
31,21,10.0,fit,1266,root,clean,optimum,5.668564843732386e-05,6.5198724389568e-05,5.71378066796861e-07,0.7545,0.0021514733104360173,50000,1.150180445790558
31,1,0.6,fit,1266,root,clean,optimum,0.00011626437883468957,0.00011261984140382975,7.211332132741854e-07,0.57594,0.002715363000064142,50000,0.9686530176534827
31,5,1.4,fit,1266,root,clean,optimum,9.15822257606748e-05,8.317285745142527e-05,6.262873803983974e-07,0.68682,0.002358229448924734,50000,0.9081768515735235
31,15,5.0,fit,1266,root,clean,optimum,6.554683088904539e-05,7.464258035410175e-05,6.062330385191327e-07,0.71894,0.0022827166075700153,50000,1.1387671889195257
31,11,3.0,fit,1269,root,clean,optimum,7.47349641319123e-05,7.300132529614849e-05,5.978838968876036e-07,0.72512,0.00225127865706207,50000,0.9768028411346553
31,19,8.0,fit,1266,root,clean,optimum,5.939588362845238e-05,6.562364479292159e-05,5.694256120139308e-07,0.7529,0.0021441215155397655,50000,1.104851730187678
31,7,1.8,fit,1269,root,clean,optimum,8.527377479038674e-05,7.927952425569792e-05,6.176549283622293e-07,0.70148,0.0023257247182766855,50000,0.9297058146021633
31,13,4.0,fit,1269,root,clean,optimum,6.884825902468004e-05,7.863152064058368e-05,6.153540914301382e-07,0.70392,0.002317061121371732,50000,1.1420988962465504
31,17,6.0,fit,1266,root,clean,optimum,6.333872385623213e-05,7.089265779450623e-05,5.903184729353059e-07,0.73306,0.0022227917257964906,50000,1.119262490280357
31,9,2.0,fit,1269,root,clean,optimum,8.341442371053843e-05,7.640600002801919e-05,6.083018831732788e-07,0.7123,0.002290506658178339,50000,0.9159806737160997
31,3,1.0,fit,1267,root,clean,optimum,9.99470182545599e-05,9.394458967643905e-05,6.624045446748561e-07,0.64626,0.0024942254199024935,50000,0.9399438954463556
31,21,10.0,fit,1267,root,clean,optimum,5.668564843732386e-05,6.463570485512448e-05,5.691423291534221e-07,0.75662,0.002143054839114636,50000,1.1402481339979877
31,1,0.6,fit,1267,root,clean,optimum,0.00011626437883468957,0.00011242862722232065,7.125503637880029e-07,0.57666,0.002683045043408,50000,0.9670083679041301
31,5,1.4,fit,1267,root,clean,optimum,9.15822257606748e-05,8.325253002705407e-05,6.253734565355477e-07,0.68652,0.002354788149874327,50000,0.9090468083251426
31,11,3.0,fit,1270,root,clean,optimum,7.47349641319123e-05,7.334657312387327e-05,5.959733032267908e-07,0.72382,0.002244084486499362,50000,0.9814224704036999
31,15,5.0,fit,1267,root,clean,optimum,6.554683088904539e-05,7.44407431625088e-05,6.011692471065166e-07,0.7197,0.002263649351217433,50000,1.1356879066894723
31,19,8.0,fit,1267,root,clean,optimum,5.939588362845238e-05,6.476849248117247e-05,5.656342459031087e-07,0.75612,0.0021298454635322855,50000,1.090454228887782
31,7,1.8,fit,1270,root,clean,optimum,8.527377479038674e-05,7.932732780107519e-05,6.162935848521399e-07,0.7013,0.0023205987003237878,50000,0.9302664036636278
31,13,4.0,fit,1270,root,clean,optimum,6.884825902468004e-05,7.891303040780543e-05,6.201252981849727e-07,0.70286,0.002335026676208558,50000,1.1461877399037421
31,17,6.0,fit,1267,root,clean,optimum,6.333872385623213e-05,7.036681879535615e-05,5.85854004359386e-07,0.73504,0.0022059811663008863,50000,1.1109604758548117
31,9,2.0,fit,1270,root,clean,optimum,8.341442371053843e-05,7.679905140112127e-05,6.090528061812737e-07,0.71082,0.002293334192001872,50000,0.9206927049886051
31,3,1.0,fit,1268,root,clean,optimum,9.99470182545599e-05,9.426327997895425e-05,6.593032910713728e-07,0.64506,0.002482547925184867,50000,0.9431324878434145
31,21,10.0,fit,1268,root,clean,optimum,5.668564843732386e-05,6.504469074335232e-05,5.656758080984391e-07,0.75508,0.00213000196228359,50000,1.1474631152057981
31,11,3.0,fit,1271,root,clean,optimum,7.47349641319123e-05,7.24223712465792e-05,5.99245845500338e-07,0.7273,0.002256406953475179,50000,0.9690560782065647
31,1,0.6,fit,1268,root,clean,optimum,0.00011626437883468957,0.00011280574408029696,7.093726477776657e-07,0.57524,0.002671079636295486,50000,0.9702519826875756
31,5,1.4,fit,1268,root,clean,optimum,9.15822257606748e-05,8.34703017337728e-05,6.298288488518531e-07,0.6857,0.002371564533521305,50000,0.9114246901129014
31,15,5.0,fit,1268,root,clean,optimum,6.554683088904539e-05,7.54764866456832e-05,6.062143858481598e-07,0.7158,0.002282646372595839,50000,1.1514894865542207
31,19,8.0,fit,1268,root,clean,optimum,5.939588362845238e-05,6.541649609628672e-05,5.67660379537157e-07,0.75368,0.0021374746895917824,50000,1.1013641367050946
31,7,1.8,fit,1271,root,clean,optimum,8.527377479038674e-05,7.840843742882302e-05,6.12633202986581e-07,0.70476,0.0023068158578462977,50000,0.9194906361488095
31,13,4.0,fit,1271,root,clean,optimum,6.884825902468004e-05,7.848279849940992e-05,6.122643551162835e-07,0.70448,0.002305426993984223,50000,1.1399387524276565
31,17,6.0,fit,1268,root,clean,optimum,6.333872385623213e-05,7.126446314744065e-05,5.908474491908136e-07,0.73166,0.002224783538856378,50000,1.125132601490339
31,9,2.0,fit,1271,root,clean,optimum,8.341442371053843e-05,7.601826015995905e-05,6.06263981973816e-07,0.71376,0.002282833122397504,50000,0.9113323185418716
31,3,1.0,fit,1269,root,clean,optimum,9.99470182545599e-05,9.416767288819968e-05,6.546760961727998e-07,0.64542,0.002465124634188986,50000,0.9421759101242968
31,21,10.0,fit,1269,root,clean,optimum,5.668564843732386e-05,6.489596860217856e-05,5.675759214552524e-07,0.75564,0.002137156670193371,50000,1.1448394856756854
31,11,3.0,fit,1272,root,clean,optimum,7.47349641319123e-05,7.310755539698687e-05,5.948516787735243e-07,0.72472,0.0022398611093419865,50000,0.9782242655251304
31,1,0.6,fit,1269,root,clean,optimum,0.00011626437883468957,0.00011209400240467967,7.030062122900875e-07,0.57792,0.002647107389494128,50000,0.9641302308427627
31,5,1.4,fit,1269,root,clean,optimum,9.15822257606748e-05,8.339062915814399e-05,6.240154166990248e-07,0.686,0.0023496745716105206,50000,0.9105547333612822
31,15,5.0,fit,1269,root,clean,optimum,6.554683088904539e-05,7.484972905073664e-05,6.018662275853644e-07,0.71816,0.002266273769243386,50000,1.1419275048924753
31,7,1.8,fit,1272,root,clean,optimum,8.527377479038674e-05,7.91945401750272e-05,6.175774201971976e-07,0.7018,0.0023254328681723553,50000,0.9287092118262263
31,19,8.0,fit,1269,root,clean,optimum,5.939588362845238e-05,6.446042518874112e-05,5.640682922914563e-07,0.75728,0.0021239490044334297,50000,1.0852675514008632
31,13,4.0,fit,1272,root,clean,optimum,6.884825902468004e-05,7.89555224481408e-05,6.170698041496046e-07,0.7027,0.002323521485076277,50000,1.1468049238519975
31,9,2.0,fit,1272,root,clean,optimum,8.341442371053843e-05,7.681498591624705e-05,6.107449075908263e-07,0.71076,0.0022997056494181716,50000,0.9208837332834368
31,17,6.0,fit,1269,root,clean,optimum,6.333872385623213e-05,7.005343999788288e-05,5.85630560431604e-07,0.73622,0.0022051398080567787,50000,1.106012810692113
31,11,3.0,fit,1273,root,clean,optimum,7.47349641319123e-05,7.151941538945279e-05,5.90746313574187e-07,0.7307,0.002224402721683737,50000,0.9569739708875241
31,21,10.0,fit,1270,root,clean,optimum,5.668564843732386e-05,6.46994429156275e-05,5.635055795875394e-07,0.75638,0.002121830159776498,50000,1.14137254665375
31,3,1.0,fit,1270,root,clean,optimum,9.99470182545599e-05,9.569738634027263e-05,6.634701646739675e-07,0.63966,0.0024982379172669923,50000,0.9574811536301795
31,7,1.8,fit,1273,root,clean,optimum,8.527377479038674e-05,7.794633649017599e-05,6.138756265899754e-07,0.7065,0.0023114940934634677,50000,0.9140716085546526
31,5,1.4,fit,1270,root,clean,optimum,9.15822257606748e-05,8.38155495614976e-05,6.271855642635534e-07,0.6844,0.002361611480413238,50000,0.9151945027032506
31,1,0.6,fit,1270,root,clean,optimum,0.00011626437883468957,0.00011326784501894399,7.113620864224319e-07,0.5735,0.00267857069063532,50000,0.9742265529151779
31,15,5.0,fit,1270,root,clean,optimum,6.554683088904539e-05,7.515248483812608e-05,6.105333944967823e-07,0.71702,0.0022989092156677575,50000,1.1465464282375557
31,19,8.0,fit,1270,root,clean,optimum,5.939588362845238e-05,6.518278987444223e-05,5.678193402491444e-07,0.75456,0.0021380732420198906,50000,1.097429415852949
31,13,4.0,fit,1273,root,clean,optimum,6.884825902468004e-05,7.772325327841536e-05,6.140194500611735e-07,0.70734,0.0023120356479572053,50000,1.128906589352592
31,9,2.0,fit,1273,root,clean,optimum,8.341442371053843e-05,7.550835567593472e-05,6.066677400628754e-07,0.71568,0.0022843534375845288,50000,0.9052194131072697
31,17,6.0,fit,1270,root,clean,optimum,6.333872385623213e-05,7.092452682475774e-05,5.90912512483049e-07,0.73294,0.0022250285288986428,50000,1.119765642669784
31,11,3.0,fit,1274,root,clean,optimum,7.47349641319123e-05,7.138131625836288e-05,5.932512454604996e-07,0.73122,0.002233834819993135,50000,0.9551261191799063
31,3,1.0,fit,1271,root,clean,optimum,9.99470182545599e-05,9.438544459491841e-05,6.589108857116404e-07,0.6446,0.0024810703576907747,50000,0.9443547815956206
31,21,10.0,fit,1271,root,clean,optimum,5.668564843732386e-05,6.396114371480065e-05,5.626027931980019e-07,0.75916,0.002118430797891637,50000,1.128348100057833
31,7,1.8,fit,1274,root,clean,optimum,8.527377479038674e-05,7.824378077252351e-05,6.15236784978542e-07,0.70538,0.0023166194143577298,50000,0.9175597182704319
31,5,1.4,fit,1271,root,clean,optimum,9.15822257606748e-05,8.282229811865856e-05,6.249140772858525e-07,0.68814,0.002353058398152095,50000,0.9043490418663996
31,1,0.6,fit,1271,root,clean,optimum,0.00011626437883468957,0.00011131321116351743,7.091734711847556e-07,0.58086,0.002670329654543278,50000,0.9574145776995725
31,15,5.0,fit,1271,root,clean,optimum,6.554683088904539e-05,7.336250763899905e-05,6.019448333171993e-07,0.72376,0.0022665697521379313,50000,1.119238056881555
31,19,8.0,fit,1271,root,clean,optimum,5.939588362845238e-05,6.396114371480065e-05,5.635561752865136e-07,0.75916,0.0021220206733826223,50000,1.0768615568530977
31,13,4.0,fit,1274,root,clean,optimum,6.884825902468004e-05,7.713367621876224e-05,6.142704714137686e-07,0.70956,0.002312980846542593,50000,1.1203431620705488
31,9,2.0,fit,1274,root,clean,optimum,8.341442371053843e-05,7.533307600955136e-05,6.102641498165755e-07,0.71634,0.002297895398762448,50000,0.9031181018641254
31,17,6.0,fit,1271,root,clean,optimum,6.333872385623213e-05,6.940543638276864e-05,5.858831938925345e-07,0.73866,0.0022060910768927737,50000,1.0957820454404308
31,11,3.0,fit,1275,root,clean,optimum,7.47349641319123e-05,7.31394244272384e-05,6.003449715467535e-07,0.7246,0.0022605456148818456,50000,0.9786506928422731
31,21,10.0,fit,1272,root,clean,optimum,5.668564843732386e-05,6.412580037110017e-05,5.656130815368038e-07,0.75854,0.002129765770992646,50000,1.1312528327518865
31,3,1.0,fit,1272,root,clean,optimum,9.99470182545599e-05,9.419423041340927e-05,6.620960408580174e-07,0.64532,0.002493063776208648,50000,0.9424416261573849
31,7,1.8,fit,1275,root,clean,optimum,8.527377479038674e-05,7.890240739772161e-05,6.13181235755627e-07,0.7029,0.0023088794265136367,50000,0.9252833897839433
31,5,1.4,fit,1272,root,clean,optimum,9.15822257606748e-05,8.321534949176063e-05,6.249966344190702e-07,0.68666,0.0023533692596972356,50000,0.9086408285077203
31,13,4.0,fit,1275,root,clean,optimum,6.884825902468004e-05,7.864214365066753e-05,6.239463535127433e-07,0.70388,0.0023494145203228484,50000,1.1422531922336143
31,1,0.6,fit,1272,root,clean,optimum,0.00011626437883468957,0.00011288010515088383,7.197801578063617e-07,0.57496,0.0027102681899975225,50000,0.9708915687012127
31,19,8.0,fit,1272,root,clean,optimum,5.939588362845238e-05,6.47472464610048e-05,5.655998043784038e-07,0.7562,0.0021297157770331365,50000,1.0900965269921326
31,15,5.0,fit,1272,root,clean,optimum,6.554683088904539e-05,7.472225292973057e-05,6.018711555055427e-07,0.71864,0.002266292324888686,50000,1.1399826950629681
31,9,2.0,fit,1275,root,clean,optimum,8.341442371053843e-05,7.649098410868993e-05,6.060929327859799e-07,0.71198,0.0022821890518883504,50000,0.9169994912885335
31,11,3.0,fit,1276,root,clean,optimum,7.47349641319123e-05,7.301194830623234e-05,5.957255085511642e-07,0.72508,0.002243151437679222,50000,0.976944983573703
31,17,6.0,fit,1272,root,clean,optimum,6.333872385623213e-05,7.007999752309248e-05,5.860811855905348e-07,0.73612,0.0022068365970285457,50000,1.1064321043499687
31,7,1.8,fit,1276,root,clean,optimum,8.527377479038674e-05,7.936450833636864e-05,6.112695305695606e-07,0.70116,0.00230168107060141,50000,0.9307024173781002
31,21,10.0,fit,1273,root,clean,optimum,5.668564843732386e-05,6.346717374590207e-05,5.63244910377237e-07,0.76102,0.0021208486330406852,50000,1.119633901975672
31,3,1.0,fit,1273,root,clean,optimum,9.99470182545599e-05,9.431639502937344e-05,6.644731281865044e-07,0.64486,0.002502014487201959,50000,0.943663919909591
31,13,4.0,fit,1276,root,clean,optimum,6.884825902468004e-05,7.939637736662015e-05,6.126509566779101e-07,0.70104,0.002306882707792552,50000,1.1532082073151468
31,5,1.4,fit,1273,root,clean,optimum,9.15822257606748e-05,8.222740955396352e-05,6.20930037346275e-07,0.69038,0.002338056849972683,50000,0.8978533647876441
31,1,0.6,fit,1273,root,clean,optimum,0.00011626437883468957,0.00011196121477863167,7.108400089400678e-07,0.57842,0.0026766048542923486,50000,0.9629881129612677
31,19,8.0,fit,1273,root,clean,optimum,5.939588362845238e-05,6.374337200808192e-05,5.618866885316869e-07,0.75998,0.0021157343694380693,50000,1.0731951124226893
31,15,5.0,fit,1273,root,clean,optimum,6.554683088904539e-05,7.38564776078976e-05,6.01644332794481e-07,0.7219,0.0022654382441365394,50000,1.1267741949708963
31,9,2.0,fit,1276,root,clean,optimum,8.341442371053843e-05,7.752672759186431e-05,6.092536096595182e-07,0.70808,0.002294090299646164,50000,0.929416330452568
31,11,3.0,fit,1277,root,clean,optimum,7.47349641319123e-05,7.332001559866367e-05,6.019247069253864e-07,0.72392,0.002266493967998957,50000,0.9810671143060812
31,17,6.0,fit,1273,root,clean,optimum,6.333872385623213e-05,6.933107531218175e-05,5.877242253276459e-07,0.73894,0.0022130233170792424,50000,1.094608023198434
31,7,1.8,fit,1277,root,clean,optimum,8.527377479038674e-05,7.974693669938687e-05,6.15156609299602e-07,0.69972,0.0023163175199669415,50000,0.9351871298698163
31,21,10.0,fit,1274,root,clean,optimum,5.668564843732386e-05,6.380179856354305e-05,5.646621509942053e-07,0.75976,0.002126185126579835,50000,1.1255370684184263
31,3,1.0,fit,1274,root,clean,optimum,9.99470182545599e-05,9.398177021173247e-05,6.557715386888552e-07,0.64612,0.0024692494255895772,50000,0.9403158978926789
31,13,4.0,fit,1277,root,clean,optimum,6.884825902468004e-05,7.873775074142207e-05,6.180156713707711e-07,0.70352,0.0023270830640024064,50000,1.1436418561171888
31,5,1.4,fit,1274,root,clean,optimum,9.15822257606748e-05,8.314629992621568e-05,6.309182165463356e-07,0.68692,0.0023756664507213632,50000,0.9078868659896505
31,19,8.0,fit,1274,root,clean,optimum,5.939588362845238e-05,6.433294906773504e-05,5.670443747721421e-07,0.75776,0.0021351551784168773,50000,1.0831213400269655
31,1,0.6,fit,1274,root,clean,optimum,0.00011626437883468957,0.00011179124661729023,7.11589069695928e-07,0.57906,0.002679425375971038,50000,0.9615262020729543
31,15,5.0,fit,1274,root,clean,optimum,6.554683088904539e-05,7.362808289109505e-05,6.046776835937249e-07,0.72276,0.0022768600568819053,50000,1.1232897440263623
31,9,2.0,fit,1277,root,clean,optimum,8.341442371053843e-05,7.73355134103552e-05,6.121420320279768e-07,0.7088,0.0023049663972707067,50000,0.9271239909145924
31,11,3.0,fit,1278,root,clean,optimum,7.47349641319123e-05,7.313411292219646e-05,5.996164377528848e-07,0.72462,0.0022578023856535236,50000,0.9785796216227491
31,17,6.0,fit,1274,root,clean,optimum,6.333872385623213e-05,6.967632313990657e-05,5.91112940049919e-07,0.73764,0.0022257832210820752,50000,1.1000588407505603
31,7,1.8,fit,1278,root,clean,optimum,8.527377479038674e-05,7.867932418596095e-05,6.143441328917995e-07,0.70374,0.0023132582122890226,50000,0.9226673074971087
31,21,10.0,fit,1275,root,clean,optimum,5.668564843732386e-05,6.509780579377151e-05,5.660323062465429e-07,0.75488,0.0021313443243647333,50000,1.148400125752267
31,13,4.0,fit,1278,root,clean,optimum,6.884825902468004e-05,7.885991535738623e-05,6.16384117529661e-07,0.70306,0.002320939593071913,50000,1.1454162599684228
31,3,1.0,fit,1275,root,clean,optimum,9.99470182545599e-05,9.431639502937344e-05,6.594885020049733e-07,0.64486,0.0024832453204886038,50000,0.943663919909591
31,19,8.0,fit,1275,root,clean,optimum,5.939588362845238e-05,6.510842880385537e-05,5.688436460319561e-07,0.75484,0.002141930174376078,50000,1.0961774592181757
31,5,1.4,fit,1275,root,clean,optimum,9.15822257606748e-05,8.273731403798785e-05,6.25970855885149e-07,0.68846,0.002357037604011662,50000,0.9034210879980061
31,15,5.0,fit,1275,root,clean,optimum,6.554683088904539e-05,7.415923339528704e-05,6.055892730563069e-07,0.72076,0.0022802925659556514,50000,1.1313931183159767
31,1,0.6,fit,1275,root,clean,optimum,0.00011626437883468957,0.00011260921839374591,7.105769480031328e-07,0.57598,0.0026756143217225446,50000,0.9685616482229631
31,9,2.0,fit,1278,root,clean,optimum,8.341442371053843e-05,7.668219829019903e-05,6.06794495179946e-07,0.71126,0.0022848307227083127,50000,0.919291830826509
31,11,3.0,fit,1279,root,clean,optimum,7.47349641319123e-05,7.29588332558131e-05,6.000300055308646e-07,0.72528,0.0022593596383520182,50000,0.9762342713784649
31,7,1.8,fit,1279,root,clean,optimum,8.527377479038674e-05,7.903519502376959e-05,6.167604619519781e-07,0.7024,0.002322356684534114,50000,0.9268405816213445
31,17,6.0,fit,1275,root,clean,optimum,6.333872385623213e-05,7.055803297686528e-05,5.912783299841116e-07,0.73432,0.002226405982174787,50000,1.1139793901913737
31,13,4.0,fit,1279,root,clean,optimum,6.884825902468004e-05,7.865807816579327e-05,6.193530593919353e-07,0.70382,0.0023321188796915906,50000,1.1424846362142098
31,21,10.0,fit,1276,root,clean,optimum,5.668564843732386e-05,6.500219870301696e-05,5.667083681339635e-07,0.75524,0.0021338899752944983,50000,1.146713506768623
31,3,1.0,fit,1276,root,clean,optimum,9.99470182545599e-05,9.495377563440383e-05,6.570254891400997e-07,0.64246,0.002473971064527498,50000,0.9500411047037087
31,19,8.0,fit,1276,root,clean,optimum,5.939588362845238e-05,6.541649609628672e-05,5.644600789180763e-07,0.75368,0.002125424242142998,50000,1.1013641367050946
31,5,1.4,fit,1276,root,clean,optimum,9.15822257606748e-05,8.362964688503039e-05,6.236662902422863e-07,0.6851,0.0023483599669778107,50000,0.9131646036161394
31,15,5.0,fit,1276,root,clean,optimum,6.554683088904539e-05,7.499313968686847e-05,6.04731725394977e-07,0.71762,0.002277063546479771,50000,1.1441154159506712
31,1,0.6,fit,1276,root,clean,optimum,0.00011626437883468957,0.00011187623069796095,7.115259670145724e-07,0.57874,0.0026791877684347277,50000,0.962257157517111
31,9,2.0,fit,1279,root,clean,optimum,8.341442371053843e-05,7.689996999691777e-05,6.114958340427593e-07,0.71044,0.002302533196209548,50000,0.9219025508558704
31,11,3.0,fit,1280,root,clean,optimum,7.47349641319123e-05,7.303850583144193e-05,6.003870290795826e-07,0.72498,0.0022607039787824624,50000,0.9773003396713218
31,7,1.8,fit,1280,root,clean,optimum,8.527377479038674e-05,7.857840559016449e-05,6.114159311157803e-07,0.70412,0.0023022323288420187,50000,0.9214838417006838
31,17,6.0,fit,1276,root,clean,optimum,6.333872385623213e-05,7.071206662308098e-05,5.854475480034061e-07,0.73374,0.0022044506910296703,50000,1.116411293406938
31,13,4.0,fit,1280,root,clean,optimum,6.884825902468004e-05,7.800476304563711e-05,6.20516061251146e-07,0.70628,0.0023364980597922664,50000,1.1329954330097838
31,21,10.0,fit,1277,root,clean,optimum,5.668564843732386e-05,6.455072077445378e-05,5.659538726521484e-07,0.75694,0.002131048989638416,50000,1.1387489171236378
31,3,1.0,fit,1277,root,clean,optimum,9.99470182545599e-05,9.57186323604403e-05,6.602455310458731e-07,0.63958,0.002486095846036166,50000,0.9576937264566501
31,19,8.0,fit,1277,root,clean,optimum,5.939588362845238e-05,6.507655977360385e-05,5.691197852203352e-07,0.75496,0.0021429699519389333,50000,1.0956409063747015
31,15,5.0,fit,1277,root,clean,optimum,6.554683088904539e-05,7.418579092049664e-05,6.057156796221046e-07,0.72066,0.002280768538640607,50000,1.1317982870304573
31,5,1.4,fit,1277,root,clean,optimum,9.15822257606748e-05,8.399614073292287e-05,6.295505031911055e-07,0.68372,0.0023705164476829185,50000,0.9171664046735871
31,9,2.0,fit,1280,root,clean,optimum,8.341442371053843e-05,7.615635929104896e-05,6.069396237492946e-07,0.71324,0.0022853771914331023,50000,0.9129878970970761
31,1,0.6,fit,1277,root,clean,optimum,0.00011626437883468957,0.00011393709465422591,7.219865022448573e-07,0.57098,0.002718575983818982,50000,0.9799828270379124
31,11,3.0,fit,1281,root,clean,optimum,7.47349641319123e-05,7.333595011378946e-05,6.013919616376979e-07,0.72386,0.00226448796298349,50000,0.9812803279646528
31,7,1.8,fit,1281,root,clean,optimum,8.527377479038674e-05,7.932201629603326e-05,6.142143693292337e-07,0.70132,0.0023127695991312014,50000,0.9302041159901315
31,13,4.0,fit,1281,root,clean,optimum,6.884825902468004e-05,7.8477486994368e-05,6.169416525641194e-07,0.7045,0.0023230389416748353,50000,1.1398616044341245
31,17,6.0,fit,1277,root,clean,optimum,6.333872385623213e-05,7.062177103736832e-05,5.910908865463691e-07,0.73408,0.0022257001805751912,50000,1.114985694970228
31,21,10.0,fit,1278,root,clean,optimum,5.668564843732386e-05,6.49862641878912e-05,5.685411831870264e-07,0.7553,0.002140791277424865,50000,1.1464324036046825
31,3,1.0,fit,1278,root,clean,optimum,9.99470182545599e-05,9.477849596802047e-05,6.636853627428224e-07,0.64312,0.0024990482264624332,50000,0.9482873788853263
31,19,8.0,fit,1278,root,clean,optimum,5.939588362845238e-05,6.531557750049025e-05,5.708846551537619e-07,0.75406,0.0021496154127621757,50000,1.0996650527007592
31,15,5.0,fit,1278,root,clean,optimum,6.554683088904539e-05,7.467444938435327e-05,6.026987928802049e-07,0.71882,0.0022694087198393835,50000,1.1392533913769025
31,5,1.4,fit,1278,root,clean,optimum,9.15822257606748e-05,8.318879196655103e-05,6.291961384666726e-07,0.68676,0.0023691821188189296,50000,0.9083508429238473
31,9,2.0,fit,1281,root,clean,optimum,8.341442371053843e-05,7.665564076498944e-05,6.112267658705671e-07,0.71136,0.0023015200439294742,50000,0.9189734503351236
31,1,0.6,fit,1278,root,clean,optimum,0.00011626437883468957,0.00011227459357610496,7.18714022780918e-07,0.57724,0.0027062537533471594,50000,0.965683511161596
31,11,3.0,fit,1282,root,clean,optimum,7.47349641319123e-05,7.35909023558016e-05,5.979865307455381e-07,0.7229,0.00225166511572915,50000,0.9846917465017934
31,7,1.8,fit,1282,root,clean,optimum,8.527377479038674e-05,7.847217548932606e-05,6.144134470004453e-07,0.70452,0.002313519208402549,50000,0.9202380882307623
31,13,4.0,fit,1282,root,clean,optimum,6.884825902468004e-05,7.846686398428414e-05,6.131780587441769e-07,0.70454,0.0023088674637594835,50000,1.1397073084470606
31,17,6.0,fit,1278,root,clean,optimum,6.333872385623213e-05,7.071206662308098e-05,5.939709075993189e-07,0.73374,0.0022365446437931295,50000,1.116411293406938
31,21,10.0,fit,1279,root,clean,optimum,5.668564843732386e-05,6.42426534820224e-05,5.665112109340862e-07,0.7581,0.0021331475973872145,50000,1.133314255954118
31,3,1.0,fit,1279,root,clean,optimum,9.99470182545599e-05,9.493784111927809e-05,6.602486539073156e-07,0.64252,0.00248610760489328,50000,0.9498816750838559
31,19,8.0,fit,1279,root,clean,optimum,5.939588362845238e-05,6.436481809798657e-05,5.641088172329406e-07,0.75764,0.0021241015974975967,50000,1.08365789287044
31,9,2.0,fit,1282,root,clean,optimum,8.341442371053843e-05,7.678842839103743e-05,6.066366027155898e-07,0.71086,0.0022842361926716844,50000,0.920565352792051
31,5,1.4,fit,1279,root,clean,optimum,9.15822257606748e-05,8.356590882452737e-05,6.297550414530184e-07,0.68534,0.0023712866183230614,50000,0.9124686382148444
31,15,5.0,fit,1279,root,clean,optimum,6.554683088904539e-05,7.443543165746687e-05,6.022845681562697e-07,0.71972,0.002267848993469302,50000,1.1356068729465758
31,11,3.0,fit,1283,root,clean,optimum,7.47349641319123e-05,7.330939258857982e-05,5.97582079224559e-07,0.72396,0.002250142189485884,50000,0.9809249718670334
31,1,0.6,fit,1279,root,clean,optimum,0.00011626437883468957,0.00011225334755593726,7.066003665243301e-07,0.57732,0.0026606408577140635,50000,0.9655007723005565
31,7,1.8,fit,1283,root,clean,optimum,8.527377479038674e-05,7.888647288259582e-05,6.185165761547897e-07,0.70296,0.0023289691764321802,50000,0.9250965267634548
31,13,4.0,fit,1283,root,clean,optimum,6.884825902468004e-05,7.925296673048832e-05,6.209348278280289e-07,0.70158,0.0023380748881058153,50000,1.1511252114897852
31,17,6.0,fit,1279,root,clean,optimum,6.333872385623213e-05,7.007468601805055e-05,5.886616738584743e-07,0.73614,0.0022165531961753923,50000,1.1063482456183975
31,21,10.0,fit,1280,root,clean,optimum,5.668564843732386e-05,6.355215782657279e-05,5.61705405172509e-07,0.7607,0.0021150517630666283,50000,1.1211331188500224
31,3,1.0,fit,1280,root,clean,optimum,9.99470182545599e-05,9.397645870669055e-05,6.558160145983855e-07,0.64614,0.002469416895672649,50000,0.9402627546860612
31,9,2.0,fit,1283,root,clean,optimum,8.341442371053843e-05,7.651754163389953e-05,6.105969740547543e-07,0.71188,0.002299148618840569,50000,0.9173178717799191
31,19,8.0,fit,1280,root,clean,optimum,5.939588362845238e-05,6.404612779547137e-05,5.618092984513133e-07,0.75884,0.0021154429639710206,50000,1.078292364435696
31,15,5.0,fit,1280,root,clean,optimum,6.554683088904539e-05,7.350060677008896e-05,5.9812608686736e-07,0.72324,0.0022521906018982134,50000,1.1213449341968547
31,5,1.4,fit,1280,root,clean,optimum,9.15822257606748e-05,8.285416714891009e-05,6.222640130118684e-07,0.68802,0.0023430798167403516,50000,0.9046970245670474
31,23,20.0,fit,1234,root,clean,optimum,5.0099512095035995e-05,5.608949324267521e-05,5.304534811061368e-07,0.7888,0.0019973754215411184,50000,1.1195616663147647
31,1,0.6,fit,1280,root,clean,optimum,0.00011626437883468957,0.0001120780678895539,7.15456907519509e-07,0.57798,0.0026939893754139637,50000,0.9639931766969833
31,25,26.0,fit,1234,root,clean,optimum,4.895123090376625e-05,5.789540495692799e-05,5.38996925369182e-07,0.782,0.002029545001332977,50000,1.1827160193529187
31,27,30.0,fit,1234,root,clean,optimum,4.863723261618449e-05,5.941980690395905e-05,5.452288762639482e-07,0.77626,0.002053010858356859,50000,1.2216938281185545
31,17,6.0,fit,1280,root,clean,optimum,6.333872385623213e-05,6.939481337268479e-05,5.835517677213486e-07,0.7387,0.0021973122989276373,50000,1.095614327977288
31,21,10.0,fit,1281,root,clean,optimum,5.668564843732386e-05,6.552803770216703e-05,5.692831306415233e-07,0.75326,0.0021435850145997003,50000,1.155989911178665
31,3,1.0,fit,1281,root,clean,optimum,9.99470182545599e-05,9.551148366380543e-05,6.606026745326292e-07,0.64036,0.0024874406380826285,50000,0.9556211413985619
31,29,40.0,fit,1234,root,clean,optimum,4.761185972179185e-05,5.6078870232591365e-05,5.339146153457324e-07,0.78884,0.002010408014797754,50000,1.1778340640393885
31,19,8.0,fit,1281,root,clean,optimum,5.939588362845238e-05,6.515092084419072e-05,5.676074269862895e-07,0.75468,0.0021372753014693973,50000,1.0968928630094748
31,15,5.0,fit,1281,root,clean,optimum,6.554683088904539e-05,7.4892221091072e-05,6.036668476543491e-07,0.718,0.002273053844023599,50000,1.1425757748356447
31,5,1.4,fit,1281,root,clean,optimum,9.15822257606748e-05,8.317816895646721e-05,6.272776647233652e-07,0.6868,0.0023619582765061903,50000,0.9082348486902982
31,23,20.0,fit,1235,root,clean,optimum,5.0099512095035995e-05,5.485722407294975e-05,5.271606325844148e-07,0.79344,0.0019849764931931875,50000,1.09496523576694
31,1,0.6,fit,1281,root,clean,optimum,0.00011626437883468957,0.0001125561033433267,7.05284864563492e-07,0.57618,0.002655687452039191,50000,0.968104801070365
31,25,26.0,fit,1235,root,clean,optimum,4.895123090376625e-05,5.658346321157376e-05,5.361268530656167e-07,0.78694,0.0020187379992463225,50000,1.1559150233180409
31,27,30.0,fit,1235,root,clean,optimum,4.863723261618449e-05,5.7783863351047675e-05,5.427691374501934e-07,0.78242,0.0020437489305441515,50000,1.188058206498771
31,17,6.0,fit,1281,root,clean,optimum,6.333872385623213e-05,7.05952135121587e-05,5.866471766483534e-07,0.73418,0.0022089677860356225,50000,1.1145664013123717
31,21,10.0,fit,1282,root,clean,optimum,5.668564843732386e-05,6.47472464610048e-05,5.628124274550624e-07,0.7562,0.0021192201570484335,50000,1.1422158561455724
31,29,40.0,fit,1235,root,clean,optimum,4.761185972179185e-05,5.504312674941696e-05,5.311928830625308e-07,0.79274,0.0020001595738691627,50000,1.1560801672324477
31,3,1.0,fit,1282,root,clean,optimum,9.99470182545599e-05,9.353560378821118e-05,6.529361508111657e-07,0.6478,0.002458573024624835,50000,0.9358518685367964
31,19,8.0,fit,1282,root,clean,optimum,5.939588362845238e-05,6.523590492486143e-05,5.700203980144909e-07,0.75436,0.002146361129343634,50000,1.098323670592073
31,23,20.0,fit,1236,root,clean,optimum,5.0099512095035995e-05,5.5186537385548797e-05,5.262403386304201e-07,0.7922,0.0019815112081309257,50000,1.1015384197926519
31,15,5.0,fit,1282,root,clean,optimum,6.554683088904539e-05,7.469569540452094e-05,6.039621590657611e-07,0.71874,0.0022741658128877205,50000,1.1395775263484869
31,5,1.4,fit,1282,root,clean,optimum,9.15822257606748e-05,8.204150687749631e-05,6.277810156786992e-07,0.69108,0.0023638535997765686,50000,0.8958234657005328
31,1,0.6,fit,1282,root,clean,optimum,0.00011626437883468957,0.00011305538481726718,7.134358119554103e-07,0.5743,0.002686379119758937,50000,0.972399164304786
31,25,26.0,fit,1236,root,clean,optimum,4.895123090376625e-05,5.717304027122689e-05,5.356001320874838e-07,0.78472,0.002016754678232878,50000,1.1679591956252129
31,27,30.0,fit,1236,root,clean,optimum,4.863723261618449e-05,5.852747405691648e-05,5.441398237148475e-07,0.77962,0.0020489101278087164,50000,1.2033471254168544
31,17,6.0,fit,1282,root,clean,optimum,6.333872385623213e-05,7.091390381467393e-05,5.861893060015008e-07,0.73298,0.0022072437148232676,50000,1.1195979252066421
31,21,10.0,fit,1283,root,clean,optimum,5.668564843732386e-05,6.455072077445378e-05,5.678136191658948e-07,0.75694,0.002138051699789564,50000,1.1387489171236378
31,29,40.0,fit,1236,root,clean,optimum,4.761185972179185e-05,5.553709671831551e-05,5.318088818853298e-07,0.79088,0.002002479062669182,50000,1.1664551026326808
31,3,1.0,fit,1283,root,clean,optimum,9.99470182545599e-05,9.487941456381696e-05,6.604071241161589e-07,0.64274,0.0024867043103754083,50000,0.9492970998110617
31,23,20.0,fit,1237,root,clean,optimum,5.0099512095035995e-05,5.4878470093117453e-05,5.269936798537405e-07,0.79336,0.001984347847529269,50000,1.0953893121556961
31,19,8.0,fit,1283,root,clean,optimum,5.939588362845238e-05,6.49119031173043e-05,5.665117640508441e-07,0.75558,0.00213314968009919,50000,1.0928687166834166
31,15,5.0,fit,1283,root,clean,optimum,6.554683088904539e-05,7.504625473728769e-05,6.055381292446937e-07,0.71742,0.002280099988480117,50000,1.1449257533796329
31,5,1.4,fit,1283,root,clean,optimum,9.15822257606748e-05,8.292321671445502e-05,6.23408967796504e-07,0.68776,0.0023473910421862444,50000,0.905450987085117
31,1,0.6,fit,1283,root,clean,optimum,0.00011626437883468957,0.00011261984140382975,7.121675889563634e-07,0.57594,0.002681603738811211,50000,0.9686530176534827
31,25,26.0,fit,1237,root,clean,optimum,4.895123090376625e-05,5.645067558552575e-05,5.331875322541335e-07,0.78744,0.00200767024805985,50000,1.1532023718975064
31,27,30.0,fit,1237,root,clean,optimum,4.863723261618449e-05,5.798038903759871e-05,5.419343978572881e-07,0.78168,0.0020406057928221036,50000,1.192098849355693
31,29,40.0,fit,1237,root,clean,optimum,4.761185972179185e-05,5.48944046082432e-05,5.291122998192415e-07,0.7933,0.001992325322647075,50000,1.1529565307678613
31,17,6.0,fit,1283,root,clean,optimum,6.333872385623213e-05,7.119010207685375e-05,5.929244425233371e-07,0.73194,0.0022326042725886487,50000,1.1239585792483424
34,1,0.6,fit,1234,root,clean,optimum,0.0001959447140934888,0.00020694685944328703,7.342761208373016e-07,0.22076,0.0027648514499832833,50000,1.056149232709329
34,3,1.0,fit,1234,root,clean,optimum,0.00017203905430827066,0.000180856746677376,8.09361250135343e-07,0.319,0.0030475778286855417,50000,1.0512540155754706
31,23,20.0,fit,1238,root,clean,optimum,5.0099512095035995e-05,5.599919765696257e-05,5.316237146502815e-07,0.78914,0.002001781831908458,50000,1.1177593416625535
34,5,1.4,fit,1234,root,clean,optimum,0.00015114396316986384,0.0001578897988761139,8.065543065846705e-07,0.40548,0.003037008532305253,50000,1.0446318567065012
34,7,1.8,fit,1234,root,clean,optimum,0.00013733728295510687,0.00014307601131419905,7.949852100905527e-07,0.46126,0.002993446128042013,50000,1.0417856552540656
31,25,26.0,fit,1238,root,clean,optimum,4.895123090376625e-05,5.793258549222144e-05,5.42119091757748e-07,0.78186,0.002041301241283518,50000,1.1834755617506685
34,9,2.0,fit,1234,root,clean,optimum,0.00013154494552278386,0.00013506095020594176,7.70094322946313e-07,0.49144,0.002899721705499652,50000,1.0267285426223307
34,11,3.0,fit,1234,root,clean,optimum,0.00011343215345876054,0.00011855810404069633,7.318270646806204e-07,0.55358,0.002755629746766012,50000,1.0451895730234848
31,27,30.0,fit,1238,root,clean,optimum,4.863723261618449e-05,5.926577325774336e-05,5.482799388333577e-07,0.77684,0.0020644993631980654,50000,1.2185268377712373
31,29,40.0,fit,1238,root,clean,optimum,4.761185972179185e-05,5.5993886151920646e-05,5.338012330797382e-07,0.78916,0.002009981083955745,50000,1.1760491289167678
34,1,0.6,fit,1235,root,clean,optimum,0.0001959447140934888,0.000207414271886976,7.346200543706678e-07,0.219,0.0027661465011247274,50000,1.058534662935663
31,23,20.0,fit,1239,root,clean,optimum,5.0099512095035995e-05,5.51334223351296e-05,5.247175127559369e-07,0.7924,0.001975777142691979,50000,1.1004782288207628
34,13,4.0,fit,1234,root,clean,optimum,0.00010030024604651873,0.00010551835916278271,6.9378815435061e-07,0.60268,0.002612397611882224,50000,1.0520249283719987
34,3,1.0,fit,1235,root,clean,optimum,0.00017203905430827066,0.0001803468421933517,8.12528708524151e-07,0.32092,0.003059504611636172,50000,1.048290127602042
31,25,26.0,fit,1239,root,clean,optimum,4.895123090376625e-05,5.7056187160304647e-05,5.380947346869708e-07,0.78516,0.0020261478825310897,50000,1.1655720623751427
34,5,1.4,fit,1235,root,clean,optimum,0.00015114396316986384,0.00015683280937277185,8.020331962950313e-07,0.40946,0.0030199846934725405,50000,1.037638593587192
34,7,1.8,fit,1235,root,clean,optimum,0.00013733728295510687,0.000142879485627648,7.871194339635255e-07,0.462,0.0029638282473662043,50000,1.0403546841271993
34,9,2.0,fit,1235,root,clean,optimum,0.00013154494552278386,0.00013529465642778623,7.791359657686695e-07,0.49056,0.0029337672076727534,50000,1.0285051690135285
31,27,30.0,fit,1239,root,clean,optimum,4.863723261618449e-05,5.827783331994623e-05,5.441587572901925e-07,0.78056,0.002048981420503332,50000,1.1982144169229263
34,11,3.0,fit,1235,root,clean,optimum,0.00011343215345876054,0.00011745331099197695,7.325973093949736e-07,0.55774,0.002758530034756984,50000,1.0354498915043373
31,29,40.0,fit,1239,root,clean,optimum,4.761185972179185e-05,5.5414932102351346e-05,5.327984547744367e-07,0.79134,0.0020062052114021567,50000,1.1638892583939133
31,23,20.0,fit,1240,root,clean,optimum,5.0099512095035995e-05,5.5377751567057926e-05,5.281655768404508e-07,0.79148,0.001988760521441696,50000,1.1053551072914523
34,1,0.6,fit,1236,root,clean,optimum,0.0001959447140934888,0.00020786574981553917,7.364772815209233e-07,0.2173,0.002773139724836642,50000,1.060838771677008
34,13,4.0,fit,1235,root,clean,optimum,0.00010030024604651873,0.00010531121046614784,6.958200221587818e-07,0.60346,0.002620048429464569,50000,1.0499596423452944
34,3,1.0,fit,1236,root,clean,optimum,0.00017203905430827066,0.00018063366346561535,8.155749079631323e-07,0.31984,0.0030709748047921225,50000,1.0499573145870955
31,25,26.0,fit,1240,root,clean,optimum,4.895123090376625e-05,5.710930221072384e-05,5.358709378270157e-07,0.78496,0.0020177743731682853,50000,1.1666571229433562
34,5,1.4,fit,1236,root,clean,optimum,0.00015114396316986384,0.0001574064519172992,8.01192710221446e-07,0.4073,0.0030168199178884007,50000,1.0414339323655106
31,27,30.0,fit,1240,root,clean,optimum,4.863723261618449e-05,5.844248997624577e-05,5.418457992085916e-07,0.77994,0.0020402721824875664,50000,1.201599820397645
34,7,1.8,fit,1236,root,clean,optimum,0.00013733728295510687,0.00014284230509235455,7.971486939037396e-07,0.46214,0.0030015925339895253,50000,1.0400839598599543
34,9,2.0,fit,1236,root,clean,optimum,0.00013154494552278386,0.00013527872191266047,7.724395591201088e-07,0.49062,0.0029085524838017955,50000,1.028384035395947
34,11,3.0,fit,1236,root,clean,optimum,0.00011343215345876054,0.00011877587574741503,7.337739849049407e-07,0.55276,0.0027629607017738856,50000,1.0471094140921626
31,29,40.0,fit,1240,root,clean,optimum,4.761185972179185e-05,5.529276748638721e-05,5.292592156297219e-07,0.7918,0.0019928785210694467,50000,1.1613234141551465
31,23,20.0,fit,1241,root,clean,optimum,5.0099512095035995e-05,5.466600989144064e-05,5.238235675937212e-07,0.79416,0.0019724110716625425,50000,1.0911485482681398
34,1,0.6,fit,1237,root,clean,optimum,0.0001959447140934888,0.00020681407181723902,7.410937469200339e-07,0.22126,0.002790522614856236,50000,1.0554715536677568
34,13,4.0,fit,1236,root,clean,optimum,0.00010030024604651873,0.00010618760879806463,6.948601924092158e-07,0.60016,0.0026164342758791324,50000,1.0586973909198127
31,25,26.0,fit,1241,root,clean,optimum,4.895123090376625e-05,5.666313578720256e-05,5.342080684026181e-07,0.78664,0.0020115129861931294,50000,1.1575426141703613
34,3,1.0,fit,1237,root,clean,optimum,0.00017203905430827066,0.00018033621918326782,8.211784640436062e-07,0.32096,0.00309207449701212,50000,1.0482283799359289
31,27,30.0,fit,1241,root,clean,optimum,4.863723261618449e-05,5.8107865158604796e-05,5.429382450782297e-07,0.7812,0.0020443856902824993,50000,1.1947198068845073
34,5,1.4,fit,1237,root,clean,optimum,0.00015114396316986384,0.00015656192261563392,8.129251056290787e-07,0.41048,0.003060997209691899,50000,1.035846350275208
34,7,1.8,fit,1237,root,clean,optimum,0.00013733728295510687,0.0001423802041537075,7.995002730953594e-07,0.46388,0.0030104471963613402,50000,1.036719243967052
34,9,2.0,fit,1237,root,clean,optimum,0.00013154494552278386,0.00013467852184292353,7.815194664332401e-07,0.49288,0.0029427420675128906,50000,1.0238213358003705
34,11,3.0,fit,1237,root,clean,optimum,0.00011343215345876054,0.00011716648971971328,7.243668617977689e-07,0.55882,0.0027275390160824368,50000,1.0329213203407126
31,29,40.0,fit,1241,root,clean,optimum,4.761185972179185e-05,5.5037815244375034e-05,5.291592933887842e-07,0.79276,0.0019925022727550834,50000,1.1559686087872838
31,23,20.0,fit,1242,root,clean,optimum,5.0099512095035995e-05,5.4883781598159345e-05,5.253084470707175e-07,0.79334,0.001978002253315491,50000,1.0954953312528843
31,25,26.0,fit,1242,root,clean,optimum,4.895123090376625e-05,5.710399070568191e-05,5.352948319093637e-07,0.78498,0.0020156050975557982,50000,1.1665486168865347
34,13,4.0,fit,1237,root,clean,optimum,0.00010030024604651873,0.00010439232009389567,6.882273450301017e-07,0.60692,0.002591458878786347,50000,1.040798245355042
34,1,0.6,fit,1238,root,clean,optimum,0.0001959447140934888,0.0002075205019878144,7.313260708215806e-07,0.2186,0.002753743298932166,50000,1.0590768061689206
34,3,1.0,fit,1238,root,clean,optimum,0.00017203905430827066,0.0001797678881437824,8.064264649463095e-07,0.3231,0.0030365271559821506,50000,1.0449248797988782
31,27,30.0,fit,1242,root,clean,optimum,4.863723261618449e-05,5.820347224935936e-05,5.41419621544853e-07,0.78084,0.0020386674483853675,50000,1.1966855250311181
34,5,1.4,fit,1238,root,clean,optimum,0.00015114396316986384,0.00015798009446182655,8.142737088668875e-07,0.40514,0.0030660752552822365,50000,1.0452292711438291
34,7,1.8,fit,1238,root,clean,optimum,0.00013733728295510687,0.0001429591582032768,7.770878205732436e-07,0.4617,0.0029260550990358935,50000,1.04093480755701
34,9,2.0,fit,1238,root,clean,optimum,0.00013154494552278386,0.0001349706546202291,7.7154908937031e-07,0.49178,0.0029051994991288227,50000,1.0260421187893678
34,11,3.0,fit,1238,root,clean,optimum,0.00011343215345876054,0.00011805351106171392,7.30941831606307e-07,0.55548,0.0027522964803289975,50000,1.0407411607911818
31,29,40.0,fit,1242,root,clean,optimum,4.761185972179185e-05,5.5090930294794225e-05,5.27584199291178e-07,0.79256,0.001986571395969031,50000,1.1570841932389215
31,23,20.0,fit,1243,root,clean,optimum,5.0099512095035995e-05,5.4655386881356796e-05,5.23672080686116e-07,0.7942,0.0019718406611803547,50000,1.090936510073762
31,25,26.0,fit,1243,root,clean,optimum,4.895123090376625e-05,5.647723311073535e-05,5.336832704881666e-07,0.78734,0.0020095369063050012,50000,1.153744902181613
34,13,4.0,fit,1238,root,clean,optimum,0.00010030024604651873,0.00010571488484933375,6.973797093037514e-07,0.60194,0.0026259212927402698,50000,1.0539843022947695
34,1,0.6,fit,1239,root,clean,optimum,0.0001959447140934888,0.00020671315322144253,7.377488910909261e-07,0.22164,0.0027779278576162097,50000,1.054956517596162
31,27,30.0,fit,1243,root,clean,optimum,4.863723261618449e-05,5.794852000734718e-05,5.432368267036382e-07,0.7818,0.0020455099728466765,50000,1.1914436099734893
34,3,1.0,fit,1239,root,clean,optimum,0.00017203905430827066,0.00018026716961772285,8.10249138506208e-07,0.32122,0.0030509210934056446,50000,1.0478270201061937
34,5,1.4,fit,1239,root,clean,optimum,0.00015114396316986384,0.0001583890803500544,8.046565992696251e-07,0.4036,0.0030298628841318328,50000,1.0479352071246677
34,7,1.8,fit,1239,root,clean,optimum,0.00013733728295510687,0.00014261922188059392,7.808708749815116e-07,0.46298,0.002940299854066383,50000,1.0384596142564844
34,9,2.0,fit,1239,root,clean,optimum,0.00013154494552278386,0.000135841741447104,7.701639983582136e-07,0.4885,0.002899984062068461,50000,1.032664089883833
31,29,40.0,fit,1243,root,clean,optimum,4.761185972179185e-05,5.505374975950081e-05,5.276627837107031e-07,0.7927,0.0019868672986139684,50000,1.1563032841227756
34,11,3.0,fit,1239,root,clean,optimum,0.00011343215345876054,0.00011843062791969023,7.269350718692853e-07,0.55406,0.0027372093827722817,50000,1.044065763617429
31,23,20.0,fit,1244,root,clean,optimum,5.0099512095035995e-05,5.4639452366231045e-05,5.226404229951357e-07,0.79426,0.0019679560458676017,50000,1.0906184527821954
31,25,26.0,fit,1244,root,clean,optimum,4.895123090376625e-05,5.642942956535808e-05,5.34500490398948e-07,0.78752,0.0020126140752216516,50000,1.152768347670221
31,27,30.0,fit,1244,root,clean,optimum,4.863723261618449e-05,5.762982970483199e-05,5.401967974771215e-07,0.783,0.0020340630130771804,50000,1.1848912161514538
34,13,4.0,fit,1239,root,clean,optimum,0.00010030024604651873,0.00010489160156783615,6.982175825225627e-07,0.60504,0.0026290762298520625,50000,1.045776114239919
34,1,0.6,fit,1240,root,clean,optimum,0.0001959447140934888,0.0002066972187063168,7.386244748468279e-07,0.2217,0.002781224790402648,50000,1.0548751961111733
34,3,1.0,fit,1240,root,clean,optimum,0.00017203905430827066,0.0001798263146992435,8.138272071771256e-07,0.32288,0.003064393992867015,50000,1.0452644919625003
34,5,1.4,fit,1240,root,clean,optimum,0.00015114396316986384,0.00015749674750301182,8.041633497371056e-07,0.40696,0.0030280055968709657,50000,1.0420313468028384
34,7,1.8,fit,1240,root,clean,optimum,0.00013733728295510687,0.00014269889445622273,7.823542000643907e-07,0.46268,0.002945885182786481,50000,1.0390397376862952
31,29,40.0,fit,1244,root,clean,optimum,4.761185972179185e-05,5.4575714305728e-05,5.245792652557912e-07,0.7945,0.0019752565840214908,50000,1.1462630240580334
34,9,2.0,fit,1240,root,clean,optimum,0.00013154494552278386,0.00013481662097401343,7.736475485623786e-07,0.49236,0.0029131010606467237,50000,1.024871160486078
34,11,3.0,fit,1240,root,clean,optimum,0.00011343215345876054,0.00011761796764827648,7.312100835334789e-07,0.55712,0.002753306559111018,50000,1.0369014786538258
31,23,20.0,fit,1245,root,clean,optimum,5.0099512095035995e-05,5.4655386881356796e-05,5.237838335674002e-07,0.7942,0.0019722614567191043,50000,1.090936510073762
31,25,26.0,fit,1245,root,clean,optimum,4.895123090376625e-05,5.640287204014848e-05,5.341408639512142e-07,0.78762,0.002011259933806382,50000,1.1522258173861142
31,27,30.0,fit,1245,root,clean,optimum,4.863723261618449e-05,5.7815732381299196e-05,5.400496997610146e-07,0.7823,0.002033509129705345,50000,1.1887134458809747
34,13,4.0,fit,1240,root,clean,optimum,0.00010030024604651873,0.0001052474724056448,7.001283900860052e-07,0.6037,0.002636271205846105,50000,1.049324169721693
34,1,0.6,fit,1241,root,clean,optimum,0.0001959447140934888,0.0002066441036558976,7.456272277423293e-07,0.2219,0.0028075930338298254,50000,1.0546041244945445
34,3,1.0,fit,1241,root,clean,optimum,0.00017203905430827066,0.0001794757553664768,8.079994908825413e-07,0.3242,0.0030424502452904238,50000,1.043226818980768
34,5,1.4,fit,1241,root,clean,optimum,0.00015114396316986384,0.00015806507854249728,8.06978224003089e-07,0.40482,0.0030386047556546533,50000,1.0457915435554321
31,29,40.0,fit,1245,root,clean,optimum,4.761185972179185e-05,5.4639452366231045e-05,5.265559530031873e-07,0.79426,0.0019826996259909345,50000,1.147601725399999
34,7,1.8,fit,1241,root,clean,optimum,0.00013733728295510687,0.00014316099539486975,7.910163084858777e-07,0.46094,0.0029785015819167576,50000,1.042404453579197
34,9,2.0,fit,1241,root,clean,optimum,0.00013154494552278386,0.00013540088652862466,7.644842734321333e-07,0.49016,0.002878597562832353,50000,1.0293127264640733
31,23,20.0,fit,1246,root,clean,optimum,5.0099512095035995e-05,5.5776114445201914e-05,5.288698334405524e-07,0.78998,0.0019914123370553248,50000,1.1133065395806194
34,11,3.0,fit,1241,root,clean,optimum,0.00011343215345876054,0.00011771888624407295,7.339506318353807e-07,0.55674,0.00276362585008513,50000,1.0377911611002861
31,25,26.0,fit,1246,root,clean,optimum,4.895123090376625e-05,5.749173057374208e-05,5.392514105320721e-07,0.78352,0.0020305032425880698,50000,1.174469559034495
31,27,30.0,fit,1246,root,clean,optimum,4.863723261618449e-05,5.8723999743467516e-05,5.451106768238646e-07,0.77888,0.0020525657888741016,50000,1.2073877682737764
34,1,0.6,fit,1242,root,clean,optimum,0.0001959447140934888,0.00020693092492816127,7.417409537962913e-07,0.22082,0.0027929596148069066,50000,1.0560679112243403
34,13,4.0,fit,1241,root,clean,optimum,0.00010030024604651873,0.00010513061929472255,6.945633044966117e-07,0.60414,0.0026153163708399355,50000,1.048159136578424
34,3,1.0,fit,1242,root,clean,optimum,0.00017203905430827066,0.0001781531906110387,7.972890528239175e-07,0.32918,0.0030021210430244225,50000,1.0355392345496874
31,29,40.0,fit,1246,root,clean,optimum,4.761185972179185e-05,5.5590211768734704e-05,5.328985642568034e-07,0.79068,0.0020065821647574735,50000,1.1675706870843188
34,5,1.4,fit,1242,root,clean,optimum,0.00015114396316986384,0.00015591923050556157,8.05141984991702e-07,0.4129,0.003031690560913634,50000,1.0315941651624618
34,7,1.8,fit,1242,root,clean,optimum,0.00013733728295510687,0.0001425076802747136,7.829882691648708e-07,0.4634,0.002948272713610516,50000,1.0376474414547492
34,9,2.0,fit,1242,root,clean,optimum,0.00013154494552278386,0.00013471039087317504,7.731697951288363e-07,0.49276,0.002911302122568828,50000,1.0240636030355337
31,23,20.0,fit,1247,root,clean,optimum,5.0099512095035995e-05,5.4331385073799675e-05,5.256093612589921e-07,0.79542,0.0019791353189377568,50000,1.0844693451452392
34,11,3.0,fit,1242,root,clean,optimum,0.00011343215345876054,0.00011780387032474367,7.275921740947017e-07,0.55642,0.0027396836427804354,50000,1.0385403673709899
31,25,26.0,fit,1247,root,clean,optimum,4.895123090376625e-05,5.588765605108223e-05,5.35012297429986e-07,0.78956,0.00201454123909328,50000,1.1417007298744413
31,27,30.0,fit,1247,root,clean,optimum,4.863723261618449e-05,5.7645764219957764e-05,5.416598303527793e-07,0.78294,0.0020395719332951265,50000,1.1852188358425557
34,1,0.6,fit,1243,root,clean,optimum,0.0001959447140934888,0.00020835440827939584,7.302189842569782e-07,0.21546,0.00274957466290202,50000,1.0633326305499935
34,13,4.0,fit,1242,root,clean,optimum,0.00010030024604651873,0.00010501907768884224,6.970132485575292e-07,0.60456,0.0026245414173816663,50000,1.0470470594871217
34,3,1.0,fit,1243,root,clean,optimum,0.00017203905430827066,0.0001812816670807296,8.01924761212055e-07,0.3174,0.0030195763908083414,50000,1.0537239222199943
31,29,40.0,fit,1247,root,clean,optimum,4.761185972179185e-05,5.443761517463809e-05,5.272661741324936e-07,0.79502,0.001985373900508989,50000,1.143362504483775
34,5,1.4,fit,1243,root,clean,optimum,0.00015114396316986384,0.00015864403259206655,8.187520880065455e-07,0.40264,0.003082938193768836,50000,1.0496220243594758
34,7,1.8,fit,1243,root,clean,optimum,0.00013733728295510687,0.0001432247334553728,7.903172138083907e-07,0.4607,0.002975869203063798,50000,1.0428685523230456
34,9,2.0,fit,1243,root,clean,optimum,0.00013154494552278386,0.00013636226894121216,7.729856589918931e-07,0.48654,0.0029106087743163457,50000,1.0366211213915013
31,23,20.0,fit,1248,root,clean,optimum,5.0099512095035995e-05,5.512811083008767e-05,5.302246466463577e-07,0.79242,0.001996513765728037,50000,1.1003722097235737
34,11,3.0,fit,1243,root,clean,optimum,0.00011343215345876054,0.00011809069159700737,7.252020822567382e-07,0.55534,0.0027306839644628956,50000,1.0410689385346148
31,25,26.0,fit,1248,root,clean,optimum,4.895123090376625e-05,5.680123491829247e-05,5.389350239945105e-07,0.78612,0.0020293119172101796,50000,1.1603637716477166
31,27,30.0,fit,1248,root,clean,optimum,4.863723261618449e-05,5.8107865158604796e-05,5.450583275562033e-07,0.7812,0.002052368672360992,50000,1.1947198068845073
34,1,0.6,fit,1244,root,clean,optimum,0.0001959447140934888,0.0002071274506147123,7.342229335375823e-07,0.22008,0.0027646511779349675,50000,1.057070876205867
34,13,4.0,fit,1243,root,clean,optimum,0.00010030024604651873,0.00010506688123421951,6.955333070786215e-07,0.60438,0.0026189688293214927,50000,1.0475236639548227
31,29,40.0,fit,1248,root,clean,optimum,4.761185972179185e-05,5.4814732032614404e-05,5.310399911159802e-07,0.7936,0.0019995838728377453,50000,1.1512831540904045
34,3,1.0,fit,1244,root,clean,optimum,0.00017203905430827066,0.00018002284038579457,8.036837611774286e-07,0.32214,0.003026199748788767,50000,1.0464068237855926
34,5,1.4,fit,1244,root,clean,optimum,0.00015114396316986384,0.00015812881660300034,8.072770314253169e-07,0.40458,0.003039729888436679,50000,1.0462132478641342
34,7,1.8,fit,1244,root,clean,optimum,0.00013733728295510687,0.00014365496536376834,7.879703672680355e-07,0.45908,0.002967032361069549,50000,1.0460012188440235
34,9,2.0,fit,1244,root,clean,optimum,0.00013154494552278386,0.00013553898565971454,7.789779096288926e-07,0.48964,0.002933172061330881,50000,1.030362551149781
31,23,20.0,fit,1249,root,clean,optimum,5.0099512095035995e-05,5.418266293262591e-05,5.228159498691971e-07,0.79598,0.0019686169767061347,50000,1.08150081042395
34,11,3.0,fit,1244,root,clean,optimum,0.00011343215345876054,0.00011756485259785727,7.332702101846662e-07,0.55732,0.0027610637828543003,50000,1.0364332247346357
31,25,26.0,fit,1249,root,clean,optimum,4.895123090376625e-05,5.6652512777118705e-05,5.338675427645394e-07,0.78668,0.0020102307671784015,50000,1.1573256020567182
31,27,30.0,fit,1249,root,clean,optimum,4.863723261618449e-05,5.793258549222144e-05,5.418924078126438e-07,0.78186,0.002040447683042247,50000,1.1911159902823878
34,1,0.6,fit,1245,root,clean,optimum,0.0001959447140934888,0.00020731866479622145,7.275343979791963e-07,0.21936,0.002739466091954259,50000,1.058046734025731
34,13,4.0,fit,1244,root,clean,optimum,0.00010030024604651873,0.00010563521227370496,6.921322859527773e-07,0.60224,0.002606162586650151,50000,1.053189961515268
31,29,40.0,fit,1249,root,clean,optimum,4.761185972179185e-05,5.4538533770434555e-05,5.260249378967072e-07,0.79464,0.0019807001358189804,50000,1.1454821149418868
34,3,1.0,fit,1245,root,clean,optimum,0.00017203905430827066,0.00017858873402447616,8.12090185037722e-07,0.32754,0.003057853390436275,50000,1.0380708888603245
34,5,1.4,fit,1245,root,clean,optimum,0.00015114396316986384,0.00015678500582739455,8.05057828568334e-07,0.40964,0.003031373677383622,50000,1.0373223153556652
34,7,1.8,fit,1245,root,clean,optimum,0.00013733728295510687,0.00014243863070916864,7.779992982230551e-07,0.46366,0.0029294871870885935,50000,1.03714466781558
34,9,2.0,fit,1245,root,clean,optimum,0.00013154494552278386,0.0001341208138135219,7.628007451922486e-07,0.49498,0.002872258386924215,50000,1.0195816591850115
31,23,20.0,fit,1250,root,clean,optimum,5.0099512095035995e-05,5.5590211768734704e-05,5.295582405506056e-07,0.79068,0.001994004472823323,50000,1.1095958711790077
31,25,26.0,fit,1250,root,clean,optimum,4.895123090376625e-05,5.734300843256832e-05,5.39069510572195e-07,0.78408,0.0020298183144615164,50000,1.1714313894434965
34,11,3.0,fit,1245,root,clean,optimum,0.00011343215345876054,0.00011820223320288768,7.410159347911903e-07,0.55492,0.0027902296202031965,50000,1.0420522717649132
31,27,30.0,fit,1250,root,clean,optimum,4.863723261618449e-05,5.8793049309012485e-05,5.450751188941279e-07,0.77862,0.002052431898651063,50000,1.2088074536018842
34,1,0.6,fit,1246,root,clean,optimum,0.0001959447140934888,0.00020783919229032957,7.285354255011723e-07,0.2174,0.0027432353720888937,50000,1.0607032358686936
31,29,40.0,fit,1250,root,clean,optimum,4.761185972179185e-05,5.530870200151296e-05,5.317714621897475e-07,0.79174,0.0020023381621323776,50000,1.1616580894906376
34,13,4.0,fit,1245,root,clean,optimum,0.00010030024604651873,0.00010549711314261505,6.986120293233436e-07,0.60276,0.0026305614842109222,50000,1.0518131041641319
34,3,1.0,fit,1246,root,clean,optimum,0.00017203905430827066,0.0001803521536983936,7.970649098383814e-07,0.3209,0.0030012770525404938,50000,1.0483210014350985
34,5,1.4,fit,1246,root,clean,optimum,0.00015114396316986384,0.00015842626088534786,8.069821926493813e-07,0.40346,0.0030386196992394222,50000,1.048181201304744
34,7,1.8,fit,1246,root,clean,optimum,0.00013733728295510687,0.00014321411044528897,7.859831389377398e-07,0.46074,0.002959549629472339,50000,1.0427912025324044
31,23,20.0,fit,1251,root,clean,optimum,5.0099512095035995e-05,5.503250373933311e-05,5.27027778460376e-07,0.79278,0.0019844762428009154,50000,1.0984638659741737
34,9,2.0,fit,1246,root,clean,optimum,0.00013154494552278386,0.00013518842632694782,7.68492616581252e-07,0.49096,0.0028936906225865418,50000,1.027697611562984
31,25,26.0,fit,1251,root,clean,optimum,4.895123090376625e-05,5.6859661473753585e-05,5.343149947059538e-07,0.7859,0.0020119156076817348,50000,1.1615573382727515
34,11,3.0,fit,1246,root,clean,optimum,0.00011343215345876054,0.00011816505266759424,7.314276060884372e-07,0.55506,0.002754125620952216,50000,1.0417244940214803
31,27,30.0,fit,1251,root,clean,optimum,4.863723261618449e-05,5.83468828854912e-05,5.415733119612284e-07,0.7803,0.00203924615598392,50000,1.1996341022510342
31,29,40.0,fit,1251,root,clean,optimum,4.761185972179185e-05,5.531401350655488e-05,5.27083637183722e-07,0.79172,0.001984686573857387,50000,1.1617696479358015
34,1,0.6,fit,1247,root,clean,optimum,0.0001959447140934888,0.0002072602382407603,7.349910778108709e-07,0.21958,0.0027675435569018557,50000,1.057748555247439
34,13,4.0,fit,1246,root,clean,optimum,0.00010030024604651873,0.00010583173796025598,6.960834508741699e-07,0.6015,0.00262104034687144,50000,1.0551493354380386
34,3,1.0,fit,1247,root,clean,optimum,0.00017203905430827066,0.00018098953430342399,7.998128318742991e-07,0.3185,0.0030116241086544583,50000,1.0520258614018843
34,5,1.4,fit,1247,root,clean,optimum,0.00015114396316986384,0.00015818724315846142,8.064528089229666e-07,0.40436,0.0030366263518840624,50000,1.046599810147111
31,23,20.0,fit,1252,root,clean,optimum,5.0099512095035995e-05,5.494220815362046e-05,5.29665009205957e-07,0.79312,0.00199440650070246,50000,1.0966615413219623
34,9,2.0,fit,1247,root,clean,optimum,0.00013154494552278386,0.00013553367415467264,7.694961130847913e-07,0.48966,0.0028974691994517405,50000,1.0303221732772538
34,7,1.8,fit,1247,root,clean,optimum,0.00013733728295510687,0.00014364965385872637,7.81429666870177e-07,0.4591,0.002942403935242077,50000,1.0459625439487026
31,25,26.0,fit,1252,root,clean,optimum,4.895123090376625e-05,5.6965891574592e-05,5.359894669814812e-07,0.7855,0.0020182206841612336,50000,1.1637274594091793
34,11,3.0,fit,1247,root,clean,optimum,0.00011343215345876054,0.00011811724912221696,7.255773172553371e-07,0.55524,0.0027320968784887226,50000,1.0413030654942095
31,27,30.0,fit,1252,root,clean,optimum,4.863723261618449e-05,5.844248997624577e-05,5.439977772851785e-07,0.77994,0.0020483752646068636,50000,1.201599820397645
31,29,40.0,fit,1252,root,clean,optimum,4.761185972179185e-05,5.5170602870423046e-05,5.31572306120539e-07,0.79226,0.002001588257660343,50000,1.158757569916379
34,1,0.6,fit,1248,root,clean,optimum,0.0001959447140934888,0.00020639446291892736,7.292753316044169e-07,0.22284,0.0027460214227370814,50000,1.053330087896389
34,13,4.0,fit,1247,root,clean,optimum,0.00010030024604651873,0.00010576268839471105,6.958259292014367e-07,0.60176,0.0026200706719085027,50000,1.0544609067624706
34,3,1.0,fit,1248,root,clean,optimum,0.00017203905430827066,0.0001793164102152192,8.091484470094137e-07,0.3248,0.0030467765374347575,50000,1.0423006039890717
31,23,20.0,fit,1253,root,clean,optimum,5.0099512095035995e-05,5.5069684274626555e-05,5.268263981999415e-07,0.79264,0.001983717963334568,50000,1.099205999654496
34,5,1.4,fit,1248,root,clean,optimum,0.00015114396316986384,0.00015691248194840064,7.975989082165154e-07,0.40916,0.0030032877759566235,50000,1.0381657239730695
34,9,2.0,fit,1248,root,clean,optimum,0.00013154494552278386,0.00013434389702528254,7.635474431441782e-07,0.49414,0.0028750700116747757,50000,1.021277529831155
31,25,26.0,fit,1253,root,clean,optimum,4.895123090376625e-05,5.657284020148991e-05,5.3668181649004e-07,0.78698,0.002020827664680294,50000,1.155698011204398
34,7,1.8,fit,1248,root,clean,optimum,0.00013733728295510687,0.00014249174575958783,7.835223269144415e-07,0.46346,0.002950283660584512,50000,1.0375314167687872
31,27,30.0,fit,1253,root,clean,optimum,4.863723261618449e-05,5.7985700542640636e-05,5.435444865891079e-07,0.78166,0.0020466684387919843,50000,1.1922080559193937
34,11,3.0,fit,1248,root,clean,optimum,0.00011343215345876054,0.00011847311996002561,7.306693017463409e-07,0.5539,0.0027512702933713833,50000,1.044440366752781
31,29,40.0,fit,1253,root,clean,optimum,4.761185972179185e-05,5.480410902253055e-05,5.279601484820403e-07,0.79364,0.0019879869992223283,50000,1.1510600372000765
34,1,0.6,fit,1249,root,clean,optimum,0.0001959447140934888,0.00020788168433066495,7.286399402579998e-07,0.21724,0.0027436289131135285,50000,1.0609200931619966
34,13,4.0,fit,1248,root,clean,optimum,0.00010030024604651873,0.00010500314317371646,6.942441091878826e-07,0.60462,0.002614114469283936,50000,1.0468881913312211
34,3,1.0,fit,1249,root,clean,optimum,0.00017203905430827066,0.00017967759255806977,8.103773159876443e-07,0.32344,0.003051403734315988,50000,1.044400024636917
31,23,20.0,fit,1254,root,clean,optimum,5.0099512095035995e-05,5.4469484204889586e-05,5.232473658552631e-07,0.7949,0.001970241435245329,50000,1.0872258416721503
31,25,26.0,fit,1254,root,clean,optimum,4.895123090376625e-05,5.6408183545190405e-05,5.325381434117632e-07,0.7876,0.002005225032109775,50000,1.1523343234429357
34,5,1.4,fit,1249,root,clean,optimum,0.00015114396316986384,0.00015650880756521473,7.941674133160756e-07,0.41068,0.0029903667869964046,50000,1.0354949300179563
34,9,2.0,fit,1249,root,clean,optimum,0.00013154494552278386,0.00013452979970174977,7.71624569970331e-07,0.49344,0.0029054837146173717,50000,1.022690755369608
34,7,1.8,fit,1249,root,clean,optimum,0.00013733728295510687,0.00014163659344783872,7.84496301145662e-07,0.46668,0.0029539510739580613,50000,1.0313047586221522
31,27,30.0,fit,1254,root,clean,optimum,4.863723261618449e-05,5.804412709810175e-05,5.413751282350307e-07,0.78144,0.002038499912783043,50000,1.1934093281201001
34,11,3.0,fit,1249,root,clean,optimum,0.00011343215345876054,0.00011646005954913793,7.227636887811467e-07,0.56148,0.0027215024106232704,50000,1.026693543215489
31,29,40.0,fit,1254,root,clean,optimum,4.761185972179185e-05,5.4830666547740154e-05,5.279401425456406e-07,0.79354,0.001987911668647503,50000,1.1516178294258956
34,1,0.6,fit,1250,root,clean,optimum,0.0001959447140934888,0.00020840752332981503,7.423382764121403e-07,0.21526,0.0027952087800101203,50000,1.0636037021666223
34,13,4.0,fit,1249,root,clean,optimum,0.00010030024604651873,0.00010464727233590782,6.952554315126321e-07,0.60596,0.002617922513583124,50000,1.043340135849447
34,3,1.0,fit,1250,root,clean,optimum,0.00017203905430827066,0.00018120730601014272,8.142567258293704e-07,0.31768,0.003066011307164394,50000,1.0532916885572028
31,25,26.0,fit,1255,root,clean,optimum,4.895123090376625e-05,5.722084381660415e-05,5.39232238400682e-07,0.78454,0.0020304310516318764,50000,1.168935750136605
31,23,20.0,fit,1255,root,clean,optimum,5.0099512095035995e-05,5.5175914375464945e-05,5.285548508692536e-07,0.79224,0.001990226298187573,50000,1.1013263815982737
34,5,1.4,fit,1250,root,clean,optimum,0.00015114396316986384,0.00015812350509795836,8.029169276765477e-07,0.4046,0.0030233123054188415,50000,1.0461781058384088
34,9,2.0,fit,1250,root,clean,optimum,0.00013154494552278386,0.00013555492017484032,7.630738866351969e-07,0.48958,0.002873286876743174,50000,1.0304836847673629
31,27,30.0,fit,1255,root,clean,optimum,4.863723261618449e-05,5.814504569389824e-05,5.441908659221283e-07,0.78106,0.002049102322702171,50000,1.1954842528304117
34,7,1.8,fit,1250,root,clean,optimum,0.00013733728295510687,0.0001439152291108224,7.959140342970249e-07,0.4581,0.0029969435330115713,50000,1.0478962887147385
34,11,3.0,fit,1250,root,clean,optimum,0.00011343215345876054,0.000118048199556672,7.320683219056863e-07,0.5555,0.002756538179397298,50000,1.0406943353992628
31,29,40.0,fit,1255,root,clean,optimum,4.761185972179185e-05,5.5430866617477124e-05,5.327058607413694e-07,0.79128,0.002005856556802993,50000,1.1642239337294051
34,1,0.6,fit,1251,root,clean,optimum,0.0001959447140934888,0.00020832253924914432,7.404187985308454e-07,0.21558,0.0027879811567050657,50000,1.0631699875800162
34,13,4.0,fit,1250,root,clean,optimum,0.00010030024604651873,0.00010565645829387263,7.000594113039986e-07,0.60216,0.002636011472375225,50000,1.0534017857231348
31,25,26.0,fit,1256,root,clean,optimum,4.895123090376625e-05,5.83468828854912e-05,5.461174274530737e-07,0.7803,0.0020563566188601923,50000,1.1919390341827352
31,23,20.0,fit,1256,root,clean,optimum,5.0099512095035995e-05,5.645067558552575e-05,5.348614714768763e-07,0.78744,0.002013973317376481,50000,1.1267709649236095
34,3,1.0,fit,1251,root,clean,optimum,0.00017203905430827066,0.00018053805637486078,8.156490416100393e-07,0.3202,0.0030712539484484755,50000,1.0494015855920775
34,5,1.4,fit,1251,root,clean,optimum,0.00015114396316986384,0.00015808632456266496,8.060965208791892e-07,0.40474,0.0030352847809320795,50000,1.0459321116583327
31,27,30.0,fit,1256,root,clean,optimum,4.863723261618449e-05,5.958977506530048e-05,5.498197345900746e-07,0.77562,0.0020702973272198047,50000,1.2251884381569735
34,9,2.0,fit,1251,root,clean,optimum,0.00013154494552278386,0.00013594266004290047,7.753670934012653e-07,0.48812,0.00291957585385624,50000,1.0334312694618504
34,7,1.8,fit,1251,root,clean,optimum,0.00013733728295510687,0.00014443044509988864,7.918862434168207e-07,0.45616,0.002981777244555039,50000,1.0516477535608477
31,29,40.0,fit,1256,root,clean,optimum,4.761185972179185e-05,5.658346321157376e-05,5.396389390594678e-07,0.78694,0.002031962446803588,50000,1.1884321163299494
34,11,3.0,fit,1251,root,clean,optimum,0.00011343215345876054,0.00011861653059615744,7.271825058828601e-07,0.55336,0.0027381410735515315,50000,1.0457046523345934
34,1,0.6,fit,1252,root,clean,optimum,0.0001959447140934888,0.0002084287693499827,7.345109843798957e-07,0.21518,0.0027657358077716712,50000,1.0637121308132738
31,25,26.0,fit,1257,root,clean,optimum,4.895123090376625e-05,5.749173057374208e-05,5.386823146923678e-07,0.78352,0.0020283603628008426,50000,1.174469559034495
31,23,20.0,fit,1257,root,clean,optimum,5.0099512095035995e-05,5.5547719728399365e-05,5.295102576303741e-07,0.79084,0.0019938237974032576,50000,1.108747718401497
34,13,4.0,fit,1251,root,clean,optimum,0.00010030024604651873,0.00010616636277789696,7.014663941192673e-07,0.60024,0.0026413093410740758,50000,1.0584855667119455
34,3,1.0,fit,1252,root,clean,optimum,0.00017203905430827066,0.00018095235376813055,8.125702154189814e-07,0.31864,0.0030596609021583607,50000,1.0518097445704884
31,27,30.0,fit,1257,root,clean,optimum,4.863723261618449e-05,5.901613252077311e-05,5.438324137206979e-07,0.77778,0.0020477526028069575,50000,1.213394129277309
34,9,2.0,fit,1252,root,clean,optimum,0.00013154494552278386,0.00013518842632694782,7.652757148582257e-07,0.49096,0.002881577665156821,50000,1.027697611562984
34,5,1.4,fit,1252,root,clean,optimum,0.00015114396316986384,0.00015758173158368256,8.162430921239509e-07,0.40664,0.00307349079284276,50000,1.0425936192144414
31,29,40.0,fit,1257,root,clean,optimum,4.761185972179185e-05,5.573893390990847e-05,5.322751229075487e-07,0.79012,0.0020042346517857856,50000,1.1706943235489051
34,7,1.8,fit,1252,root,clean,optimum,0.00013733728295510687,0.00014296446970831872,7.873019880502129e-07,0.46168,0.002964515638549105,50000,1.0409734824523307
34,11,3.0,fit,1252,root,clean,optimum,0.00011343215345876054,0.00011816505266759424,7.263338021600079e-07,0.55506,0.002734945355139692,50000,1.0417244940214803
34,1,0.6,fit,1253,root,clean,optimum,0.0001959447140934888,0.00020781263476511998,7.432844579157838e-07,0.2175,0.0027987715423389743,50000,1.0605677000603793
31,25,26.0,fit,1258,root,clean,optimum,4.895123090376625e-05,5.5861098525872634e-05,5.326991131969824e-07,0.78966,0.0020058311495245148,50000,1.1411581995903346
31,23,20.0,fit,1258,root,clean,optimum,5.0099512095035995e-05,5.376305403431423e-05,5.218282392594804e-07,0.79756,0.0019648978402206324,50000,1.073125301746027
34,13,4.0,fit,1252,root,clean,optimum,0.00010030024604651873,0.00010547586712244735,6.98005993906054e-07,0.60284,0.002628279511728522,50000,1.0516012799562644
34,3,1.0,fit,1253,root,clean,optimum,0.00017203905430827066,0.00018076645109166335,8.09523211844461e-07,0.31934,0.003048187681101532,50000,1.0507291604135092
31,27,30.0,fit,1258,root,clean,optimum,4.863723261618449e-05,5.702962963509505e-05,5.395237879061907e-07,0.78526,0.0020315288553737825,50000,1.1725508744532869
34,9,2.0,fit,1253,root,clean,optimum,0.00013154494552278386,0.00013459353776225277,7.702386409447768e-07,0.4932,0.0029002651220918405,50000,1.0231752898399344
34,5,1.4,fit,1253,root,clean,optimum,0.00015114396316986384,0.00015812350509795836,8.178286228191993e-07,0.4046,0.003079460967709337,50000,1.0461781058384088
31,29,40.0,fit,1258,root,clean,optimum,4.761185972179185e-05,5.4044563801536e-05,5.238846655550411e-07,0.7965,0.0019726411306037945,50000,1.1351071795416536
34,11,3.0,fit,1253,root,clean,optimum,0.00011343215345876054,0.00011721429326509055,7.339657374236673e-07,0.55864,0.002763682728834816,50000,1.0333427488679834
34,7,1.8,fit,1253,root,clean,optimum,0.00013733728295510687,0.0001426404679007616,7.922354619401232e-07,0.4629,0.0029830921958562103,50000,1.038614313837767
31,23,20.0,fit,1259,root,clean,optimum,5.0099512095035995e-05,5.5159979860339194e-05,5.289391646297741e-07,0.7923,0.001991673397484241,50000,1.1010083243067073
31,25,26.0,fit,1259,root,clean,optimum,4.895123090376625e-05,5.6535659666196464e-05,5.353433187940927e-07,0.78712,0.0020157876706093725,50000,1.1549384688066482
34,1,0.6,fit,1254,root,clean,optimum,0.0001959447140934888,0.00020706371255420927,7.390449924227314e-07,0.22032,0.0027828082119473307,50000,1.0567455902659124
34,13,4.0,fit,1253,root,clean,optimum,0.00010030024604651873,0.00010454635374011137,6.878460784959899e-07,0.60634,0.0025900232535497987,50000,1.0423339708620787
31,27,30.0,fit,1259,root,clean,optimum,4.863723261618449e-05,5.8001635057766406e-05,5.415046822707728e-07,0.7816,0.0020389877369862384,50000,1.1925356756104957
34,3,1.0,fit,1254,root,clean,optimum,0.00017203905430827066,0.00018046900680931583,8.107730611792548e-07,0.32046,0.0030528938776500794,50000,1.0490002257623425
31,29,40.0,fit,1259,root,clean,optimum,4.761185972179185e-05,5.5016569224207364e-05,5.288481881423638e-07,0.79284,0.001991330833609436,50000,1.1555223750066288
34,9,2.0,fit,1254,root,clean,optimum,0.00013154494552278386,0.00013563459275046913,7.681486133526312e-07,0.48928,0.002892395309013813,50000,1.0310893528552714
34,5,1.4,fit,1254,root,clean,optimum,0.00015114396316986384,0.00015768265017947902,8.099387730354785e-07,0.40626,0.0030497524398195894,50000,1.0432613177032195
34,11,3.0,fit,1254,root,clean,optimum,0.00011343215345876054,0.00011789947741549824,7.260811497926427e-07,0.55606,0.0027339940151131976,50000,1.0393832244255314
34,7,1.8,fit,1254,root,clean,optimum,0.00013733728295510687,0.00014343188215200768,7.820204926873389e-07,0.45992,0.0029446286373274516,50000,1.0443768732405536
31,23,20.0,fit,1260,root,clean,optimum,5.0099512095035995e-05,5.4830666547740154e-05,5.255405655952336e-07,0.79354,0.00197887627498236,50000,1.0944351402809955
31,25,26.0,fit,1260,root,clean,optimum,4.895123090376625e-05,5.683310394854399e-05,5.380052955819074e-07,0.786,0.0020258111075328266,50000,1.1610148079886449
34,1,0.6,fit,1255,root,clean,optimum,0.0001959447140934888,0.0002084181463398989,7.292733909730793e-07,0.21522,0.002746014115462317,50000,1.0636579164899482
34,13,4.0,fit,1254,root,clean,optimum,0.00010030024604651873,0.00010561396625353729,6.933561571722794e-07,0.60232,0.0026107709649152303,50000,1.0529781373074008
31,27,30.0,fit,1260,root,clean,optimum,4.863723261618449e-05,5.775730582583808e-05,5.414492246436861e-07,0.78252,0.002038778916222071,50000,1.1875121736802683
31,29,40.0,fit,1260,root,clean,optimum,4.761185972179185e-05,5.496876567883009e-05,5.301290397665913e-07,0.79302,0.001996153766522494,50000,1.1545183490001547
34,3,1.0,fit,1255,root,clean,optimum,0.00017203905430827066,0.00018149412728240638,8.147273606620193e-07,0.3166,0.0030677834407835266,50000,1.0549588755422563
34,9,2.0,fit,1255,root,clean,optimum,0.00013154494552278386,0.00013593203703281666,7.724137385758713e-07,0.48816,0.0029084552588381227,50000,1.033350513716796
34,5,1.4,fit,1255,root,clean,optimum,0.00015114396316986384,0.00015877682021811458,8.008344843155066e-07,0.40214,0.0030154710500887387,50000,1.0505005750026055
34,11,3.0,fit,1255,root,clean,optimum,0.00011343215345876054,0.00011846780845498368,7.302154020898248e-07,0.55392,0.0027495611745700873,50000,1.044393541360862
34,7,1.8,fit,1255,root,clean,optimum,0.00013733728295510687,0.00014374526094948096,7.864669409299634e-07,0.45874,0.0029613713428601842,50000,1.0466586920644756
31,23,20.0,fit,1261,root,clean,optimum,5.0099512095035995e-05,5.455446828556033e-05,5.26797966937206e-07,0.79458,0.001983610907942504,50000,1.0889221472271733
31,25,26.0,fit,1261,root,clean,optimum,4.895123090376625e-05,5.6424118060316156e-05,5.332849187066203e-07,0.78754,0.0020080369480882532,50000,1.1526598416133997
34,1,0.6,fit,1256,root,clean,optimum,0.0001959447140934888,0.00020771702767436546,7.416972201280054e-07,0.21786,0.00279279493956725,50000,1.0600797711504475
31,27,30.0,fit,1261,root,clean,optimum,4.863723261618449e-05,5.7879470441802246e-05,5.416020887598872e-07,0.78206,0.0020393545124607814,50000,1.190023924645382
34,13,4.0,fit,1255,root,clean,optimum,0.00010030024604651873,0.0001050934387594291,6.93107892180213e-07,0.60428,0.0026098361451603507,50000,1.0477884442146563
31,29,40.0,fit,1261,root,clean,optimum,4.761185972179185e-05,5.458102581076993e-05,5.269840393546304e-07,0.79448,0.001984311547086987,50000,1.1463745825031975
34,3,1.0,fit,1256,root,clean,optimum,0.00017203905430827066,0.00018114356794963967,8.191113440826687e-07,0.31792,0.003084290940582735,50000,1.0529212025605241
34,9,2.0,fit,1256,root,clean,optimum,0.00013154494552278386,0.0001358682989723136,7.702879777425508e-07,0.4884,0.0029004508954174222,50000,1.0328659792464692
34,5,1.4,fit,1256,root,clean,optimum,0.00015114396316986384,0.0001587343281777792,8.062122037955009e-07,0.4023,0.0030357203746683133,50000,1.0502194387968038
34,11,3.0,fit,1256,root,clean,optimum,0.00011343215345876054,0.00011830315179868415,7.26013718276917e-07,0.55454,0.0027337401077359345,50000,1.0429419542113736
34,7,1.8,fit,1256,root,clean,optimum,0.00013733728295510687,0.00014400021319149308,7.889268783979795e-07,0.45778,0.0029706340186878505,50000,1.0485150870398696
31,23,20.0,fit,1262,root,clean,optimum,5.0099512095035995e-05,5.583454100066303e-05,5.307835023486616e-07,0.78976,0.001998618087188313,50000,1.1144727496496973
31,25,26.0,fit,1262,root,clean,optimum,4.895123090376625e-05,5.783166689642495e-05,5.381723614862981e-07,0.78224,0.0020264401793423127,50000,1.1814139466710623
31,27,30.0,fit,1262,root,clean,optimum,4.863723261618449e-05,5.918078917707265e-05,5.449347241067152e-07,0.77716,0.0020519032545612817,50000,1.2167795327520279
34,1,0.6,fit,1257,root,clean,optimum,0.0001959447140934888,0.00020772765068444927,7.306010248066451e-07,0.21782,0.0027510132026253254,50000,1.060133985473773
31,29,40.0,fit,1262,root,clean,optimum,4.761185972179185e-05,5.595139411158527e-05,5.319897077297648e-07,0.78932,0.002003159946309536,50000,1.1751566613554572
34,13,4.0,fit,1256,root,clean,optimum,0.00010030024604651873,0.00010600701762663934,7.012685319764828e-07,0.60084,0.0026405643087669506,50000,1.0568968851529421
34,5,1.4,fit,1257,root,clean,optimum,0.00015114396316986384,0.00015863872108702463,8.072950169471543e-07,0.40266,0.0030397976113201003,50000,1.0495868823337506
34,3,1.0,fit,1257,root,clean,optimum,0.00017203905430827066,0.0001808301891521664,8.046558664207578e-07,0.3191,0.003029860124654579,50000,1.051099646410188
34,9,2.0,fit,1257,root,clean,optimum,0.00013154494552278386,0.00013594266004290047,7.736257112407243e-07,0.48812,0.0029130188341535473,50000,1.0334312694618504
34,11,3.0,fit,1257,root,clean,optimum,0.00011343215345876054,0.0001190042704642176,7.328854340173282e-07,0.5519,0.002759614942405873,50000,1.0491229059446787
31,23,20.0,fit,1263,root,clean,optimum,5.0099512095035995e-05,5.5175914375464945e-05,5.294063466411387e-07,0.79224,0.001993432529811811,50000,1.1013263815982737
34,7,1.8,fit,1257,root,clean,optimum,0.00013733728295510687,0.0001438674255654451,7.864277694156458e-07,0.45828,0.0029612238460056824,50000,1.047548214656852
31,25,26.0,fit,1263,root,clean,optimum,4.895123090376625e-05,5.703494114013694e-05,5.377273753268716e-07,0.78524,0.0020247646235218267,50000,1.1651380381478569
31,27,30.0,fit,1263,root,clean,optimum,4.863723261618449e-05,5.879836081405441e-05,5.430153393186027e-07,0.7786,0.0020446759817903284,50000,1.208916660165585
34,1,0.6,fit,1258,root,clean,optimum,0.0001959447140934888,0.0002090183464096358,7.32413976587824e-07,0.21296,0.0027578397113714173,50000,1.066721025757854
31,29,40.0,fit,1263,root,clean,optimum,4.761185972179185e-05,5.552116220318976e-05,5.293556505208668e-07,0.79094,0.0019932416380782185,50000,1.1661204272971897
34,13,4.0,fit,1257,root,clean,optimum,0.00010030024604651873,0.00010549180163757312,6.971362900835406e-07,0.60278,0.002625004719308485,50000,1.0517601481121648
34,5,1.4,fit,1258,root,clean,optimum,0.00015114396316986384,0.00015867059011727614,8.027459758472987e-07,0.40254,0.0030226686015047913,50000,1.0497977344881018
34,9,2.0,fit,1258,root,clean,optimum,0.00013154494552278386,0.00013506626171098368,7.736320522684203e-07,0.49142,0.0029130427107295683,50000,1.026768920494858
34,3,1.0,fit,1258,root,clean,optimum,0.00017203905430827066,0.00018007595543621376,8.064106326629348e-07,0.32194,0.00303646754092672,50000,1.0467155621161581
31,23,20.0,fit,1264,root,clean,optimum,5.0099512095035995e-05,5.466069838639872e-05,5.224864474631314e-07,0.79418,0.001967376264691498,50000,1.091042529170951
31,25,26.0,fit,1264,root,clean,optimum,4.895123090376625e-05,5.6939334049382406e-05,5.347700911232431e-07,0.7856,0.0020136292327793204,50000,1.1631849291250727
34,7,1.8,fit,1258,root,clean,optimum,0.00013733728295510687,0.00014407457426208,7.924036798120958e-07,0.4575,0.002983725605297207,50000,1.04905653557436
34,11,3.0,fit,1258,root,clean,optimum,0.00011343215345876054,0.00011727271982055167,7.263233337610923e-07,0.55842,0.0027349059373142997,50000,1.0338578281790922
31,27,30.0,fit,1264,root,clean,optimum,4.863723261618449e-05,5.7852912916592644e-05,5.408217448756276e-07,0.78216,0.0020364161969434248,50000,1.189477891826879
31,29,40.0,fit,1264,root,clean,optimum,4.761185972179185e-05,5.4862535577991676e-05,5.26464479488244e-07,0.79342,0.001982355190603144,50000,1.1522871800968784
34,1,0.6,fit,1259,root,clean,optimum,0.0001959447140934888,0.00020774889670461695,7.379390819227031e-07,0.21774,0.0027786440042837776,50000,1.0602424141204245
34,13,4.0,fit,1258,root,clean,optimum,0.00010030024604651873,0.0001048278635073331,6.906565398220842e-07,0.60528,0.00260060579580068,50000,1.0451406416163176
34,5,1.4,fit,1259,root,clean,optimum,0.00015114396316986384,0.00015804914402737152,8.115972852036658e-07,0.40488,0.00305599741993388,50000,1.0456861174782566
31,23,20.0,fit,1265,root,clean,optimum,5.0099512095035995e-05,5.478286300236288e-05,5.256684869736248e-07,0.79372,0.0019793579515594564,50000,1.0934809684062956
34,9,2.0,fit,1259,root,clean,optimum,0.00013154494552278386,0.0001356505272655949,7.781117710129178e-07,0.48922,0.0029299106933790894,50000,1.031210486472853
31,25,26.0,fit,1265,root,clean,optimum,4.895123090376625e-05,5.671093933257982e-05,5.347810177707808e-07,0.78646,0.0020136703760991574,50000,1.1585191686817533
34,3,1.0,fit,1259,root,clean,optimum,0.00017203905430827066,0.00018081425463704063,8.084258168995356e-07,0.31916,0.0030440555380036173,50000,1.0510070249110182
34,7,1.8,fit,1259,root,clean,optimum,0.00013733728295510687,0.00014430828048392447,7.787426440753088e-07,0.45662,0.0029322861898058534,50000,1.0507582309684713
31,27,30.0,fit,1265,root,clean,optimum,4.863723261618449e-05,5.798038903759871e-05,5.403441448423778e-07,0.78168,0.002034617836480692,50000,1.192098849355693
34,11,3.0,fit,1259,root,clean,optimum,0.00011343215345876054,0.0001183403323339776,7.320317695087208e-07,0.5544,0.0027564005445963255,50000,1.0432697319548065
31,29,40.0,fit,1265,root,clean,optimum,4.761185972179185e-05,5.494220815362046e-05,5.262083631215382e-07,0.79312,0.0019813908071951098,50000,1.1539605567743352
34,1,0.6,fit,1260,root,clean,optimum,0.0001959447140934888,0.00020861998353149185,7.326128845192972e-07,0.21446,0.002758588681502871,50000,1.0646879886331377
34,13,4.0,fit,1259,root,clean,optimum,0.00010030024604651873,0.00010497127414346494,6.95586000396081e-07,0.60474,0.002619167241323529,50000,1.0465704550194206
34,5,1.4,fit,1260,root,clean,optimum,0.00015114396316986384,0.00015841032637022208,8.232515670375043e-07,0.40352,0.003099880582020179,50000,1.0480757752275682
31,23,20.0,fit,1266,root,clean,optimum,5.0099512095035995e-05,5.5276832971261435e-05,5.288628805536359e-07,0.79186,0.0019913861565778084,50000,1.103340744444863
31,25,26.0,fit,1266,root,clean,optimum,4.895123090376625e-05,5.707212167543039e-05,5.375741804874206e-07,0.7851,0.0020241877819741224,50000,1.1658975805456064
34,9,2.0,fit,1260,root,clean,optimum,0.00013154494552278386,0.00013509281923619327,7.708835192728279e-07,0.49132,0.0029026933541012674,50000,1.0269708098574941
34,7,1.8,fit,1260,root,clean,optimum,0.00013733728295510687,0.00014362840783855874,7.79878686458241e-07,0.45918,0.002936563856395516,50000,1.0458078443674201
31,27,30.0,fit,1266,root,clean,optimum,4.863723261618449e-05,5.8006946562808305e-05,5.403896829741248e-07,0.78158,0.0020347893062670807,50000,1.192644882174196
34,3,1.0,fit,1260,root,clean,optimum,0.00017203905430827066,0.0001809098617277952,8.216713768786509e-07,0.3188,0.0030939305164685814,50000,1.0515627539060362
34,11,3.0,fit,1260,root,clean,optimum,0.00011343215345876054,0.00011822879072809728,7.340432644714431e-07,0.55482,0.0027639746500404396,50000,1.0422863987245081
31,29,40.0,fit,1266,root,clean,optimum,4.761185972179185e-05,5.5037815244375034e-05,5.284456598828561e-07,0.79276,0.001989815149236247,50000,1.1559686087872838
34,1,0.6,fit,1261,root,clean,optimum,0.0001959447140934888,0.00020753643650294016,7.396578471907757e-07,0.21854,0.0027851158620887033,50000,1.0591581276539093
34,13,4.0,fit,1260,root,clean,optimum,0.00010030024604651873,0.00010549711314261505,6.905523065399192e-07,0.60276,0.0026002133146438614,50000,1.0518131041641319
34,5,1.4,fit,1261,root,clean,optimum,0.00015114396316986384,0.0001583890803500544,8.10982013695656e-07,0.4036,0.0030536806697730357,50000,1.0479352071246677
31,23,20.0,fit,1267,root,clean,optimum,5.0099512095035995e-05,5.4570402800686077e-05,5.256201787836655e-07,0.79452,0.00197917605136515,50000,1.0892402045187397
31,25,26.0,fit,1267,root,clean,optimum,4.895123090376625e-05,5.6514413646028794e-05,5.358525952290155e-07,0.7872,0.002017705305746319,50000,1.1545044445793629
34,7,1.8,fit,1261,root,clean,optimum,0.00013733728295510687,0.0001441011317872896,7.928627865889006e-07,0.4574,0.0029854543310469943,50000,1.0492499100509634
31,27,30.0,fit,1267,root,clean,optimum,4.863723261618449e-05,5.789540495692799e-05,5.432248954688813e-07,0.782,0.0020454650468429815,50000,1.1903515443364834
34,9,2.0,fit,1261,root,clean,optimum,0.00013154494552278386,0.00013534777147820542,7.69351436292455e-07,0.49036,0.002896924431853124,50000,1.0289089477388007
31,29,40.0,fit,1267,root,clean,optimum,4.761185972179185e-05,5.510686480992e-05,5.30535427152743e-07,0.7925,0.0019976839820939544,50000,1.1574188685744133
34,3,1.0,fit,1261,root,clean,optimum,0.00017203905430827066,0.0001808620581824179,8.0684059823902e-07,0.31898,0.0030380865380760847,50000,1.0512848894085272
34,1,0.6,fit,1262,root,clean,optimum,0.0001959447140934888,0.00020777014272478465,7.301228723212277e-07,0.21766,0.0027492127619530727,50000,1.0603508427670763
34,11,3.0,fit,1261,root,clean,optimum,0.00011343215345876054,0.00011763921366844416,7.277129306905332e-07,0.55704,0.00274013834100581,50000,1.0370887802215016
34,13,4.0,fit,1261,root,clean,optimum,0.00010030024604651873,0.00010513593079976448,6.928273864160904e-07,0.60412,0.002608779925644757,50000,1.0482120926303908
34,5,1.4,fit,1262,root,clean,optimum,0.00015114396316986384,0.00015719399171562238,8.094130847486629e-07,0.4081,0.0030477730073134855,50000,1.0400282513365036
31,23,20.0,fit,1268,root,clean,optimum,5.0099512095035995e-05,5.585047551578881e-05,5.27767588802881e-07,0.7897,0.001987261932870552,50000,1.1147908069412644
31,25,26.0,fit,1268,root,clean,optimum,4.895123090376625e-05,5.777855184600575e-05,5.378410186547758e-07,0.78244,0.0020251925373692475,50000,1.1803288861028485
34,7,1.8,fit,1262,root,clean,optimum,0.00013733728295510687,0.0001421093173965696,7.793605633879448e-07,0.4649,0.002934612910039607,50000,1.0347468243056959
31,27,30.0,fit,1268,root,clean,optimum,4.863723261618449e-05,5.909049359136e-05,5.460175052421128e-07,0.7775,0.002055980370658704,50000,1.2149230211691175
31,29,40.0,fit,1268,root,clean,optimum,4.761185972179185e-05,5.595139411158527e-05,5.317010799609926e-07,0.78932,0.002002073144107545,50000,1.1751566613554572
34,9,2.0,fit,1262,root,clean,optimum,0.00013154494552278386,0.00013582580693197825,7.676216086352358e-07,0.48856,0.002890410919605402,50000,1.0325429562662514
34,1,0.6,fit,1263,root,clean,optimum,0.0001959447140934888,0.00020835440827939584,7.317753175365706e-07,0.21546,0.0027554348974958287,50000,1.0633326305499935
34,13,4.0,fit,1262,root,clean,optimum,0.00010030024604651873,0.00010529527595102208,6.942310794498007e-07,0.60352,0.002614065406963637,50000,1.0498007741893942
34,3,1.0,fit,1262,root,clean,optimum,0.00017203905430827066,0.0001800122173757107,8.192478254022345e-07,0.32218,0.003084804848857277,50000,1.0463450761194792
34,11,3.0,fit,1262,root,clean,optimum,0.00011343215345876054,0.00011846780845498368,7.309732575300054e-07,0.55392,0.0027524148118506673,50000,1.044393541360862
34,5,1.4,fit,1263,root,clean,optimum,0.00015114396316986384,0.00015763484663410175,8.207294078042589e-07,0.40644,0.003090383615667555,50000,1.042945039471693
31,23,20.0,fit,1269,root,clean,optimum,5.0099512095035995e-05,5.585578702083071e-05,5.276295347057621e-07,0.78968,0.0019867421024419656,50000,1.1148968260384529
31,25,26.0,fit,1269,root,clean,optimum,4.895123090376625e-05,5.782635539138305e-05,5.374623021064947e-07,0.78226,0.0020237665138776303,50000,1.1813054406142411
34,7,1.8,fit,1263,root,clean,optimum,0.00013733728295510687,0.00014332034054612735,7.979911530580152e-07,0.46034,0.003004764739033582,50000,1.0435647004388184
31,27,30.0,fit,1269,root,clean,optimum,4.863723261618449e-05,5.8771803288844815e-05,5.439099129432219e-07,0.7787,0.00204804441923907,50000,1.2083706273470822
31,29,40.0,fit,1269,root,clean,optimum,4.761185972179185e-05,5.5861098525872634e-05,5.294394270647425e-07,0.78966,0.0019935570912057764,50000,1.1732601677876726
34,1,0.6,fit,1264,root,clean,optimum,0.0001959447140934888,0.0002077382736945331,7.366431542204833e-07,0.21778,0.0027737643037394235,50000,1.0601881997970988
34,9,2.0,fit,1263,root,clean,optimum,0.00013154494552278386,0.000135708953821056,7.653270031574894e-07,0.489,0.0028817707866877575,50000,1.0316546430706524
34,13,4.0,fit,1263,root,clean,optimum,0.00010030024604651873,0.00010555553969807616,6.937732454511112e-07,0.60254,0.002612341473746682,50000,1.0523956207357663
34,3,1.0,fit,1263,root,clean,optimum,0.00017203905430827066,0.00018022467757738752,8.183032458594097e-07,0.32138,0.003081248118569459,50000,1.0475800294417414
34,11,3.0,fit,1263,root,clean,optimum,0.00011343215345876054,0.00011853685802052863,7.255935184326955e-07,0.55366,0.0027321578825816512,50000,1.0450022714558087
34,5,1.4,fit,1264,root,clean,optimum,0.00015114396316986384,0.00015765609265426943,7.99257183638453e-07,0.40636,0.00300953186462396,50000,1.0430856075745936
31,23,20.0,fit,1270,root,clean,optimum,5.0099512095035995e-05,5.530870200151296e-05,5.256101672543558e-07,0.79174,0.0019791383538416392,50000,1.1039768590279964
31,25,26.0,fit,1270,root,clean,optimum,4.895123090376625e-05,5.713585973593344e-05,5.350053373564444e-07,0.78486,0.0020145150315551653,50000,1.167199653227463
31,27,30.0,fit,1270,root,clean,optimum,4.863723261618449e-05,5.817160321910784e-05,5.432043659918795e-07,0.78096,0.0020453877449225664,50000,1.1960302856489147
34,7,1.8,fit,1264,root,clean,optimum,0.00013733728295510687,0.00014239613866883326,7.907585373799029e-07,0.46382,0.002977530967735126,50000,1.0368352686530142
31,29,40.0,fit,1270,root,clean,optimum,4.761185972179185e-05,5.545211263764479e-05,5.30096092585665e-07,0.7912,0.0019960297068419845,50000,1.1646701675100601
34,1,0.6,fit,1265,root,clean,optimum,0.0001959447140934888,0.0002069362364332032,7.419110446173937e-07,0.2208,0.0027936000766713314,50000,1.0560950183860032
34,13,4.0,fit,1264,root,clean,optimum,0.00010030024604651873,0.00010498189715354879,6.90081472463182e-07,0.6047,0.0025984404307888287,50000,1.046676367123354
34,9,2.0,fit,1264,root,clean,optimum,0.00013154494552278386,0.00013506626171098368,7.7455762247516e-07,0.49142,0.0029165278630524406,50000,1.026768920494858
34,3,1.0,fit,1264,root,clean,optimum,0.00017203905430827066,0.0001798475607194112,8.199858579919508e-07,0.3228,0.003087583844956844,50000,1.0453879872947265
34,5,1.4,fit,1265,root,clean,optimum,0.00015114396316986384,0.00015685936689798145,8.09240611927083e-07,0.40936,0.0030471235762380418,50000,1.0378143037158178
34,11,3.0,fit,1264,root,clean,optimum,0.00011343215345876054,0.00011774544376928254,7.31758059960938e-07,0.55664,0.002755369915629121,50000,1.038025288059881
31,23,20.0,fit,1271,root,clean,optimum,5.0099512095035995e-05,5.489971611328512e-05,5.283640300284554e-07,0.79328,0.001989507779277049,50000,1.0958133885444514
31,25,26.0,fit,1271,root,clean,optimum,4.895123090376625e-05,5.700838361492735e-05,5.390798203517552e-07,0.78534,0.0020298571350198286,50000,1.16459550786375
31,27,30.0,fit,1271,root,clean,optimum,4.863723261618449e-05,5.8516851046832636e-05,5.433051740387219e-07,0.77966,0.0020457673286603086,50000,1.2031287122894532
34,7,1.8,fit,1265,root,clean,optimum,0.00013733728295510687,0.00014323535646545662,7.903530748715873e-07,0.46066,0.002976004234708929,50000,1.0429459021136869
31,29,40.0,fit,1271,root,clean,optimum,4.761185972179185e-05,5.5298078991429105e-05,5.321991773004637e-07,0.79178,0.0020039486853544795,50000,1.1614349726003097
34,1,0.6,fit,1266,root,clean,optimum,0.0001959447140934888,0.00020815257108780288,7.279585458565963e-07,0.21622,0.0027410631830764648,50000,1.062302558406804
34,13,4.0,fit,1265,root,clean,optimum,0.00010030024604651873,0.00010491284758800383,6.914804809455653e-07,0.60496,0.002603708272846181,50000,1.045987938447786
34,9,2.0,fit,1265,root,clean,optimum,0.00013154494552278386,0.00013512468826644476,7.696340716866268e-07,0.4912,0.0028979886703013272,50000,1.027213077092657
34,3,1.0,fit,1265,root,clean,optimum,0.00017203905430827066,0.00018050087583956734,8.102818224671483e-07,0.32034,0.0030510441619546994,50000,1.0491854687606819
34,5,1.4,fit,1266,root,clean,optimum,0.00015114396316986384,0.00015804383252232958,7.999976629340735e-07,0.4049,0.003012320073577077,50000,1.0456509754525312
31,23,20.0,fit,1272,root,clean,optimum,5.0099512095035995e-05,5.505374975950081e-05,5.232548151259094e-07,0.7927,0.0019702694848116476,50000,1.0988879423629296
34,11,3.0,fit,1265,root,clean,optimum,0.00011343215345876054,0.00011897240143396609,7.349981062173547e-07,0.55202,0.002767570021741589,50000,1.048841953593165
31,25,26.0,fit,1272,root,clean,optimum,4.895123090376625e-05,5.6408183545190405e-05,5.31155559877902e-07,0.7876,0.0020000190367357733,50000,1.1523343234429357
31,27,30.0,fit,1272,root,clean,optimum,4.863723261618449e-05,5.786353592667647e-05,5.384448360510081e-07,0.78212,0.0020274661580905566,50000,1.18969630495428
34,7,1.8,fit,1266,root,clean,optimum,0.00013733728295510687,0.00014336814409150462,8.039282493982763e-07,0.46016,0.0030271203474474075,50000,1.043912774496705
31,29,40.0,fit,1272,root,clean,optimum,4.761185972179185e-05,5.483597805278208e-05,5.262284627438671e-07,0.79352,0.001981466490535972,50000,1.1517293878710595
34,1,0.6,fit,1267,root,clean,optimum,0.0001959447140934888,0.00020726554974580223,7.274020694499631e-07,0.21956,0.002738967820642498,50000,1.057775662409102
34,13,4.0,fit,1266,root,clean,optimum,0.00010030024604651873,0.00010547055561740546,7.011296816818183e-07,0.60286,0.0026400414803272945,50000,1.051548323904298
34,9,2.0,fit,1266,root,clean,optimum,0.00013154494552278386,0.00013546993609416959,7.714958414177521e-07,0.4899,0.0029049989986976357,50000,1.029837638806927
34,3,1.0,fit,1266,root,clean,optimum,0.00017203905430827066,0.00017977319964882432,8.127266315177001e-07,0.32308,0.0030602498730714417,50000,1.0449557536319347
34,5,1.4,fit,1267,root,clean,optimum,0.00015114396316986384,0.00015704526957444862,8.112172187665814e-07,0.40866,0.00305456631355599,50000,1.0390442746161987
31,23,20.0,fit,1273,root,clean,optimum,5.0099512095035995e-05,5.375774252927233e-05,5.192371013643789e-07,0.79758,0.001955141140849545,50000,1.0730192826488385
31,25,26.0,fit,1273,root,clean,optimum,4.895123090376625e-05,5.574955691999232e-05,5.309476757981865e-07,0.79008,0.0019992362677161645,50000,1.138879572397086
34,11,3.0,fit,1266,root,clean,optimum,0.00011343215345876054,0.00011819692169784576,7.382083771777654e-07,0.55494,0.002779658011624209,50000,1.0420054463729942
31,27,30.0,fit,1273,root,clean,optimum,4.863723261618449e-05,5.705087565526272e-05,5.37406724988775e-07,0.78518,0.0020235572431821077,50000,1.172987700708089
31,29,40.0,fit,1273,root,clean,optimum,4.761185972179185e-05,5.418797443766784e-05,5.212290239574298e-07,0.79596,0.001962641548275802,50000,1.1381192575610761
34,7,1.8,fit,1267,root,clean,optimum,0.00013733728295510687,0.000142481122749504,7.815931937817645e-07,0.4635,0.0029430196812888073,50000,1.0374540669781458
34,1,0.6,fit,1268,root,clean,optimum,0.0001959447140934888,0.0002072336807155507,7.283235843004278e-07,0.21968,0.0027424377028818702,50000,1.0576130194391247
34,13,4.0,fit,1267,root,clean,optimum,0.00010030024604651873,0.00010569363882916607,6.981026684513864e-07,0.60202,0.0026286435311338296,50000,1.0537724780869024
34,9,2.0,fit,1267,root,clean,optimum,0.00013154494552278386,0.00013533183696307966,7.695760331491783e-07,0.49042,0.002897770131348656,50000,1.0287878141212192
31,23,20.0,fit,1274,root,clean,optimum,5.0099512095035995e-05,5.377898854944e-05,5.222022831270275e-07,0.7975,0.0019663062691483847,50000,1.0734433590375938
34,3,1.0,fit,1267,root,clean,optimum,0.00017203905430827066,0.00017890742432699134,8.148371421018358e-07,0.32634,0.003068196813034706,50000,1.0399233188437171
34,5,1.4,fit,1268,root,clean,optimum,0.00015114396316986384,0.00015809163606770688,8.178891727124325e-07,0.40472,0.003079688962948936,50000,1.0459672536840579
31,25,26.0,fit,1274,root,clean,optimum,4.895123090376625e-05,5.578142595024384e-05,5.318433672751798e-07,0.78996,0.002002608914338635,50000,1.1395306087380142
31,27,30.0,fit,1274,root,clean,optimum,4.863723261618449e-05,5.726864736198145e-05,5.392992394769681e-07,0.78436,0.0020306833382276995,50000,1.1774651698198138
34,11,3.0,fit,1267,root,clean,optimum,0.00011343215345876054,0.00011811724912221696,7.401915652125223e-07,0.55524,0.002787125529847782,50000,1.0413030654942095
31,29,40.0,fit,1274,root,clean,optimum,4.761185972179185e-05,5.3704627478853103e-05,5.241359852630991e-07,0.79778,0.001973587452620151,50000,1.12796743905117
34,7,1.8,fit,1268,root,clean,optimum,0.00013733728295510687,0.00014356998128309758,7.847427284674994e-07,0.4594,0.0029548789741290766,50000,1.045382420518892
34,1,0.6,fit,1269,root,clean,optimum,0.0001959447140934888,0.00020775420820965887,7.343953392185762e-07,0.21772,0.0027653003561985035,50000,1.0602695212820874
34,13,4.0,fit,1268,root,clean,optimum,0.00010030024604651873,0.00010553429367790846,6.977066824760428e-07,0.60262,0.002627152481149999,50000,1.0521837965278988
31,23,20.0,fit,1275,root,clean,optimum,5.0099512095035995e-05,5.5547719728399365e-05,5.28936877997409e-07,0.79084,0.0019916647873733703,50000,1.108747718401497
34,3,1.0,fit,1268,root,clean,optimum,0.00017203905430827066,0.00017983693770932735,7.975399144003974e-07,0.32284,0.003003065639987054,50000,1.0453262396286132
34,5,1.4,fit,1269,root,clean,optimum,0.00015114396316986384,0.000157751699745024,8.032939415910838e-07,0.406,0.0030247319177944695,50000,1.0437181640376467
34,9,2.0,fit,1268,root,clean,optimum,0.00013154494552278386,0.00013543806706391807,7.704363625901071e-07,0.49002,0.002901009625368294,50000,1.0295953715717638
31,25,26.0,fit,1275,root,clean,optimum,4.895123090376625e-05,5.7231466826688005e-05,5.390223880034588e-07,0.7845,0.002029640878618514,50000,1.1691527622502478
31,27,30.0,fit,1275,root,clean,optimum,4.863723261618449e-05,5.8607146632545275e-05,5.446891140292187e-07,0.77932,0.002050978431651172,50000,1.2049852238723633
31,29,40.0,fit,1275,root,clean,optimum,4.761185972179185e-05,5.5393686082183676e-05,5.328027582335676e-07,0.79142,0.002006221415694902,50000,1.1634430246132583
34,11,3.0,fit,1268,root,clean,optimum,0.00011343215345876054,0.00011923797668606209,7.349740020939257e-07,0.55102,0.002767479259807867,50000,1.0511832231891138
34,7,1.8,fit,1269,root,clean,optimum,0.00013733728295510687,0.00014269889445622273,7.866237138980652e-07,0.46268,0.0029619616575331984,50000,1.0390397376862952
34,1,0.6,fit,1270,root,clean,optimum,0.0001959447140934888,0.00020837565429956351,7.282697729758538e-07,0.21538,0.0027422350811234443,50000,1.063441059196645
34,13,4.0,fit,1269,root,clean,optimum,0.00010030024604651873,0.00010453573073002751,6.894006148682504e-07,0.60638,0.0025958767220488083,50000,1.042228058758145
31,23,20.0,fit,1276,root,clean,optimum,5.0099512095035995e-05,5.5776114445201914e-05,5.279418964045545e-07,0.78998,0.001987918272647311,50000,1.1133065395806194
31,25,26.0,fit,1276,root,clean,optimum,4.895123090376625e-05,5.724208983677182e-05,5.369776301602447e-07,0.78446,0.0020219415247552447,50000,1.1693697743638902
34,3,1.0,fit,1269,root,clean,optimum,0.00017203905430827066,0.0001810107803235917,7.998220003838539e-07,0.31842,0.003011658631862033,50000,1.0521493567341105
34,5,1.4,fit,1270,root,clean,optimum,0.00015114396316986384,0.0001581766201483776,8.195301098759216e-07,0.4044,0.0030858677659455947,50000,1.0465295260956609
31,27,30.0,fit,1276,root,clean,optimum,4.863723261618449e-05,5.842655546111999e-05,5.407182963711846e-07,0.78,0.0020360266707973454,50000,1.201272200706543
34,9,2.0,fit,1269,root,clean,optimum,0.00013154494552278386,0.00013529465642778623,7.81019805881039e-07,0.49056,0.002940860640127403,50000,1.0285051690135285
31,29,40.0,fit,1276,root,clean,optimum,4.761185972179185e-05,5.5372440062016e-05,5.293704115379577e-07,0.7915,0.0019932972193757014,50000,1.1629967908326033
34,7,1.8,fit,1270,root,clean,optimum,0.00013733728295510687,0.00014347437419234306,8.007485088544706e-07,0.45976,0.003015147317134115,50000,1.0446862724031194
34,11,3.0,fit,1269,root,clean,optimum,0.00011343215345876054,0.00011727803132559359,7.263236942231813e-07,0.5584,0.002734907294602248,50000,1.033904653571011
34,1,0.6,fit,1271,root,clean,optimum,0.0001959447140934888,0.0002077913887449523,7.421627105889179e-07,0.21758,0.0027945477025119844,50000,1.0604592714137275
34,13,4.0,fit,1270,root,clean,optimum,0.00010030024604651873,0.00010565645829387263,6.974142529581914e-07,0.60216,0.0026260513637998565,50000,1.0534017857231348
31,23,20.0,fit,1277,root,clean,optimum,5.0099512095035995e-05,5.5138733840171524e-05,5.275470885679101e-07,0.79238,0.0019864316588400063,50000,1.100584247917952
31,25,26.0,fit,1277,root,clean,optimum,4.895123090376625e-05,5.722615532164608e-05,5.389905499438162e-07,0.78452,0.0020295209952355883,50000,1.1690442561934264
31,27,30.0,fit,1277,root,clean,optimum,4.863723261618449e-05,5.8469047501455364e-05,5.442236146800383e-07,0.77984,0.0020492256352384547,50000,1.202145853216148
34,5,1.4,fit,1271,root,clean,optimum,0.00015114396316986384,0.00015781543780552703,8.073132658835447e-07,0.40576,0.0030398663260676017,50000,1.0441398683463488
34,3,1.0,fit,1270,root,clean,optimum,0.00017203905430827066,0.00018111169891938815,8.103250132063853e-07,0.31804,0.0030512067928432935,50000,1.0527359595621848
31,29,40.0,fit,1277,root,clean,optimum,4.761185972179185e-05,5.5276832971261435e-05,5.299796065884391e-07,0.79186,0.001995591089175969,50000,1.1609887388196547
34,9,2.0,fit,1270,root,clean,optimum,0.00013154494552278386,0.00013513531127652863,7.739133027736016e-07,0.49116,0.0029141017345014055,50000,1.0272938328377117
34,7,1.8,fit,1271,root,clean,optimum,0.00013733728295510687,0.0001425129917797555,7.893538041917068e-07,0.46338,0.0029722415698070076,50000,1.03768611635007
34,1,0.6,fit,1272,root,clean,optimum,0.0001959447140934888,0.00020891742781383935,7.325739475157962e-07,0.21334,0.0027584420676779993,50000,1.0662059896862592
34,11,3.0,fit,1270,root,clean,optimum,0.00011343215345876054,0.00011773482075919873,7.304559581103699e-07,0.55668,0.002750466966878093,50000,1.0379316372760432
34,13,4.0,fit,1271,root,clean,optimum,0.00010030024604651873,0.00010433389353843455,6.929014699858433e-07,0.60714,0.0026090588807400387,50000,1.0402157287834073
31,23,20.0,fit,1278,root,clean,optimum,5.0099512095035995e-05,5.588234454604033e-05,5.288623412360421e-07,0.78958,0.0019913841258253585,50000,1.1154269215243977
31,27,30.0,fit,1278,root,clean,optimum,4.863723261618449e-05,5.8628392652712944e-05,5.434841239614023e-07,0.77924,0.0020464411486840798,50000,1.2054220501271655
34,5,1.4,fit,1272,root,clean,optimum,0.00015114396316986384,0.00015770920770468862,8.09959415118757e-07,0.40616,0.003049830165748928,50000,1.0434370278318452
31,25,26.0,fit,1278,root,clean,optimum,4.895123090376625e-05,5.718897478635263e-05,5.364454771085361e-07,0.78466,0.0020199377497517055,50000,1.1682847137956767
31,29,40.0,fit,1278,root,clean,optimum,4.761185972179185e-05,5.552647370823169e-05,5.286326214313843e-07,0.79092,0.0019905191363248503,50000,1.1662319857423535
34,3,1.0,fit,1271,root,clean,optimum,0.00017203905430827066,0.00017952887041689598,8.132856398549278e-07,0.324,0.003062354769264953,50000,1.0435355573113334
34,9,2.0,fit,1271,root,clean,optimum,0.00013154494552278386,0.00013399333769251583,7.761724827589635e-07,0.49546,0.0029226084758770866,50000,1.018612590244358
34,7,1.8,fit,1272,root,clean,optimum,0.00013733728295510687,0.00014283699358731263,7.870118647751443e-07,0.46216,0.002963423205151117,50000,1.0400452849646336
34,1,0.6,fit,1273,root,clean,optimum,0.0001959447140934888,0.00020739833737185023,7.261687001044345e-07,0.21906,0.0027343236780283256,50000,1.0584533414506743
34,11,3.0,fit,1271,root,clean,optimum,0.00011343215345876054,0.00011689560296257536,7.322028556638768e-07,0.55984,0.0027570447543026357,50000,1.0305332253528448
34,13,4.0,fit,1272,root,clean,optimum,0.00010030024604651873,0.00010569363882916607,7.002949346287189e-07,0.60202,0.0026368983145145493,50000,1.0537724780869024
31,23,20.0,fit,1279,root,clean,optimum,5.0099512095035995e-05,5.5090930294794225e-05,5.258813679512184e-07,0.79256,0.001980159535953761,50000,1.0996300760432514
31,27,30.0,fit,1279,root,clean,optimum,4.863723261618449e-05,5.8447801481287694e-05,5.420797955691421e-07,0.77992,0.0020411532749790686,50000,1.2017090269613457
34,5,1.4,fit,1273,root,clean,optimum,0.00015114396316986384,0.0001573852058971315,8.188710860823851e-07,0.40738,0.003083386270443528,50000,1.0412933642626097
31,25,26.0,fit,1279,root,clean,optimum,4.895123090376625e-05,5.6965891574592e-05,5.345123543636537e-07,0.7855,0.0020126587479259495,50000,1.1637274594091793
31,29,40.0,fit,1279,root,clean,optimum,4.761185972179185e-05,5.5361817051932155e-05,5.285640031533792e-07,0.79154,0.001990260760299737,50000,1.1627736739422756
34,3,1.0,fit,1272,root,clean,optimum,0.00017203905430827066,0.0001799006757698304,8.268676496134089e-07,0.3226,0.003113496619461038,50000,1.045696725625292
34,9,2.0,fit,1272,root,clean,optimum,0.00013154494552278386,0.00013585236445718784,7.795142164615936e-07,0.48846,0.0029351914770274425,50000,1.0327448456288877
34,7,1.8,fit,1273,root,clean,optimum,0.00013733728295510687,0.00014259797586042622,7.935612887258719e-07,0.46306,0.002988084478741324,50000,1.0383049146752013
34,1,0.6,fit,1274,root,clean,optimum,0.0001959447140934888,0.00020758955155335935,7.369727457381616e-07,0.21834,0.0027750053512959148,50000,1.059429199270538
31,23,20.0,fit,1280,root,clean,optimum,5.0099512095035995e-05,5.478817450740481e-05,5.26512250738884e-07,0.7937,0.001982535069000182,50000,1.0935869875034847
34,13,4.0,fit,1273,root,clean,optimum,0.00010030024604651873,0.00010485973253758463,6.986508863961719e-07,0.60516,0.0026307077970639525,50000,1.0454583779281184
34,11,3.0,fit,1272,root,clean,optimum,0.00011343215345876054,0.00011886085982808575,7.319280196720477e-07,0.55244,0.0027560098838105246,50000,1.0478586203628661
31,27,30.0,fit,1280,root,clean,optimum,4.863723261618449e-05,5.8006946562808305e-05,5.409201634512963e-07,0.78158,0.002036786783339905,50000,1.192644882174196
31,25,26.0,fit,1280,root,clean,optimum,4.895123090376625e-05,5.6679070302328335e-05,5.344181575166268e-07,0.78658,0.002012304058073324,50000,1.1578681323408258
34,5,1.4,fit,1274,root,clean,optimum,0.00015114396316986384,0.00015709307311982592,8.090731738660147e-07,0.40848,0.003046493103105674,50000,1.0393605528477254
31,29,40.0,fit,1280,root,clean,optimum,4.761185972179185e-05,5.480410902253055e-05,5.290645103403616e-07,0.79364,0.0019921453756132205,50000,1.1510600372000765
34,3,1.0,fit,1273,root,clean,optimum,0.00017203905430827066,0.00017977319964882432,8.057287891824453e-07,0.32308,0.0030339001199222843,50000,1.0449557536319347
34,9,2.0,fit,1273,root,clean,optimum,0.00013154494552278386,0.00013455635722695936,7.725866778350309e-07,0.49334,0.0029091064462428025,50000,1.0228926447322442
34,7,1.8,fit,1274,root,clean,optimum,0.00013733728295510687,0.00014196590676043773,7.965243488556727e-07,0.46544,0.002999241618220306,50000,1.0337026021320364
34,1,0.6,fit,1275,root,clean,optimum,0.0001959447140934888,0.0002076851586441139,7.353787257684877e-07,0.21798,0.002769003210821253,50000,1.0599171281804698
31,23,20.0,fit,1281,root,clean,optimum,5.0099512095035995e-05,5.548929317293824e-05,5.31345046324896e-07,0.79106,0.002000732531105066,50000,1.107581508332419
34,13,4.0,fit,1274,root,clean,optimum,0.00010030024604651873,0.00010450386169977599,6.9043002164133e-07,0.6065,0.0025997528617303306,50000,1.0419103224463442
34,11,3.0,fit,1273,root,clean,optimum,0.00011343215345876054,0.0001174639340020608,7.358591359514769e-07,0.5577,0.002770812152652985,50000,1.0355435422881754
31,27,30.0,fit,1281,root,clean,optimum,4.863723261618449e-05,5.915423165186305e-05,5.467390159596543e-07,0.77726,0.0020586971551175234,50000,1.216233499933525
31,25,26.0,fit,1281,root,clean,optimum,4.895123090376625e-05,5.806006161322753e-05,5.418746057183458e-07,0.78138,0.0020403806508389167,50000,1.1860797071143816
34,5,1.4,fit,1275,root,clean,optimum,0.00015114396316986384,0.00015795353693661695,8.005564930055567e-07,0.40524,0.003014424298526777,50000,1.0450535610152034
31,29,40.0,fit,1281,root,clean,optimum,4.761185972179185e-05,5.582391799057921e-05,5.309117415844291e-07,0.7898,0.0019991009606291003,50000,1.1724792586715265
34,3,1.0,fit,1274,root,clean,optimum,0.00017203905430827066,0.0001800015943656269,8.166862544919558e-07,0.32222,0.003075159481338798,50000,1.0462833284533664
34,9,2.0,fit,1274,root,clean,optimum,0.00013154494552278386,0.00013401458371268353,7.764109620997151e-07,0.49538,0.0029235064486319625,50000,1.0187741017344671
34,7,1.8,fit,1275,root,clean,optimum,0.00013733728295510687,0.0001437824414847744,7.951496265256094e-07,0.4586,0.0029940652235102808,50000,1.0469294163317207
34,1,0.6,fit,1276,root,clean,optimum,0.0001959447140934888,0.00020737709135168256,7.330959336142437e-07,0.21914,0.0027604075599229577,50000,1.0583449128040228
31,23,20.0,fit,1282,root,clean,optimum,5.0099512095035995e-05,5.562739230402815e-05,5.276988118557756e-07,0.79054,0.001987002959391048,50000,1.1103380048593303
31,27,30.0,fit,1282,root,clean,optimum,4.863723261618449e-05,5.914892014682113e-05,5.462103427829836e-07,0.77728,0.0020567064832740507,50000,1.2161242933698242
34,13,4.0,fit,1275,root,clean,optimum,0.00010030024604651873,0.00010528465294093825,6.955159981456806e-07,0.60356,0.002618903654073407,50000,1.0496948620854607
34,11,3.0,fit,1274,root,clean,optimum,0.00011343215345876054,0.00011712930918441983,7.363682155135335e-07,0.55896,0.002772729046482658,50000,1.0325935425972796
31,25,26.0,fit,1282,root,clean,optimum,4.895123090376625e-05,5.7475796058616305e-05,5.384536366807827e-07,0.78358,0.0020274992960795262,50000,1.1741440408640305
34,5,1.4,fit,1276,root,clean,optimum,0.00015114396316986384,0.00015808101305762304,8.193050217829285e-07,0.40476,0.0030850202167435636,50000,1.0458969696326075
31,29,40.0,fit,1282,root,clean,optimum,4.761185972179185e-05,5.571237638469887e-05,5.315795080025894e-07,0.79022,0.0020016153757068987,50000,1.1701365313230863
34,3,1.0,fit,1275,root,clean,optimum,0.00017203905430827066,0.00017984224921436926,8.072610791499606e-07,0.32282,0.0030396698215621096,50000,1.0453571134616697
34,9,2.0,fit,1275,root,clean,optimum,0.00013154494552278386,0.00013513531127652863,7.742736734706174e-07,0.49116,0.0029154586783211763,50000,1.0272938328377117
34,7,1.8,fit,1276,root,clean,optimum,0.00013733728295510687,0.00014313443786966016,7.86669175499211e-07,0.46104,0.0029621328391504125,50000,1.0422110791025936
31,23,20.0,fit,1283,root,clean,optimum,5.0099512095035995e-05,5.477223999227903e-05,5.25329684769053e-07,0.79376,0.0019780822219803715,50000,1.0932689302119176
34,1,0.6,fit,1277,root,clean,optimum,0.0001959447140934888,0.00020785512680545536,7.250354649744166e-07,0.21734,0.0027300565818999247,50000,1.0607845573536823
31,27,30.0,fit,1283,root,clean,optimum,4.863723261618449e-05,5.7714813785502706e-05,5.409139175084938e-07,0.78268,0.002036763264797597,50000,1.1866385211706632
34,13,4.0,fit,1276,root,clean,optimum,0.00010030024604651873,0.00010589547602075903,6.987722880662178e-07,0.60126,0.002631164924258929,50000,1.0557848080616399
31,25,26.0,fit,1283,root,clean,optimum,4.895123090376625e-05,5.6376314514938884e-05,5.343014450507809e-07,0.78772,0.0020118645876598543,50000,1.1516832871020075
34,11,3.0,fit,1275,root,clean,optimum,0.00011343215345876054,0.00011793134644574975,7.339099350358144e-07,0.55594,0.0027634726099046345,50000,1.0396641767770454
31,29,40.0,fit,1283,root,clean,optimum,4.761185972179185e-05,5.461820634606335e-05,5.288115461495773e-07,0.79434,0.001991192861443365,50000,1.1471554916193436
34,5,1.4,fit,1277,root,clean,optimum,0.00015114396316986384,0.00015930265921726463,8.181932872413692e-07,0.40016,0.0030808340791694294,50000,1.0539796355493973
34,3,1.0,fit,1276,root,clean,optimum,0.00017203905430827066,0.0001794704438614349,8.022293323950291e-07,0.32422,0.0030207232265190118,50000,1.0431959451477115
34,9,2.0,fit,1276,root,clean,optimum,0.00013154494552278386,0.00013534777147820542,7.64820274638063e-07,0.49036,0.002879862745500082,50000,1.0289089477388007
34,7,1.8,fit,1277,root,clean,optimum,0.00013733728295510687,0.00014443575660493056,7.84328519333692e-07,0.45614,0.002953319306462235,50000,1.0516864284561684
34,1,0.6,fit,1278,root,clean,optimum,0.0001959447140934888,0.0002089492968440909,7.27608899501566e-07,0.21322,0.0027397466208129604,50000,1.0663686326562367
34,13,4.0,fit,1277,root,clean,optimum,0.00010030024604651873,0.00010657003716108286,6.95562742780104e-07,0.59872,0.0026190796668383557,50000,1.0625102266614206
34,11,3.0,fit,1276,root,clean,optimum,0.00011343215345876054,0.00011866964564657663,7.252377147921922e-07,0.55316,0.00273081813560713,50000,1.046172906253783
34,5,1.4,fit,1278,root,clean,optimum,0.00015114396316986384,0.0001580225865021619,8.125577513569248e-07,0.40498,0.0030596139698408414,50000,1.0455104073496306
34,3,1.0,fit,1277,root,clean,optimum,0.00017203905430827066,0.00018106920687905277,8.097750696749486e-07,0.3182,0.003049136029370054,50000,1.0524889688977324
34,9,2.0,fit,1277,root,clean,optimum,0.00013154494552278386,0.00013697309202103294,7.66753233606795e-07,0.48424,0.002887141130641305,50000,1.0412645767321322
34,7,1.8,fit,1278,root,clean,optimum,0.00013733728295510687,0.0001446535283116493,7.940394166467463e-07,0.45532,0.002989884826917974,50000,1.0532720991643179
34,1,0.6,fit,1279,root,clean,optimum,0.0001959447140934888,0.00020728148426092798,7.32169755282527e-07,0.2195,0.002756920117759552,50000,1.0578569838940908
34,11,3.0,fit,1277,root,clean,optimum,0.00011343215345876054,0.00011940794484740353,7.279622773430573e-07,0.55038,0.0027410772336569746,50000,1.052681635730521
34,13,4.0,fit,1278,root,clean,optimum,0.00010030024604651873,0.00010568301581908222,6.930927390046611e-07,0.60206,0.002609779087225049,50000,1.0536665659829687
34,5,1.4,fit,1279,root,clean,optimum,0.00015114396316986384,0.00015837314583492864,8.094983958639992e-07,0.40366,0.0030480942387334426,50000,1.0478297810474921
34,3,1.0,fit,1278,root,clean,optimum,0.00017203905430827066,0.0001806708440009088,7.915922564995505e-07,0.3197,0.00298067026295585,50000,1.0501734314184914
34,9,2.0,fit,1278,root,clean,optimum,0.00013154494552278386,0.00013630915389079297,7.719149823244876e-07,0.48674,0.0029065772365169636,50000,1.0362173426662291
34,7,1.8,fit,1279,root,clean,optimum,0.00013733728295510687,0.0001445048061704755,7.845872631412552e-07,0.45588,0.002954293583265217,50000,1.0521892020953376
34,1,0.6,fit,1280,root,clean,optimum,0.0001959447140934888,0.00020832785075418624,7.23282154013364e-07,0.21556,0.002723454645359472,50000,1.0631970947416791
34,11,3.0,fit,1278,root,clean,optimum,0.00011343215345876054,0.00011845187393985791,7.364527565227675e-07,0.55398,0.0027730473781365553,50000,1.044253065185105
34,13,4.0,fit,1279,root,clean,optimum,0.00010030024604651873,0.00010619823180814848,6.965190530938308e-07,0.60012,0.002622680568301046,50000,1.0588033030237463
34,5,1.4,fit,1280,root,clean,optimum,0.00015114396316986384,0.00015735333686688,8.041243418076806e-07,0.4075,0.0030278587159808332,50000,1.041082512108259
34,3,1.0,fit,1279,root,clean,optimum,0.00017203905430827066,0.00018003346339587838,8.142415130331995e-07,0.3221,0.003065954024732952,50000,1.0464685714517055
34,9,2.0,fit,1279,root,clean,optimum,0.00013154494552278386,0.00013548587060929534,7.713882825559067e-07,0.48984,0.002904593995366201,50000,1.0299587724245087
34,7,1.8,fit,1280,root,clean,optimum,0.00013733728295510687,0.00014326191399066621,7.896025307677039e-07,0.46056,0.0029731781276151393,50000,1.0431392765902905
34,1,0.6,fit,1281,root,clean,optimum,0.0001959447140934888,0.00020785512680545536,7.393901710012795e-07,0.21734,0.002784107951195713,50000,1.0607845573536823
34,11,3.0,fit,1279,root,clean,optimum,0.00011343215345876054,0.00011900958196925951,7.310251390398937e-07,0.55188,0.0027526101670634698,50000,1.0491697313365975
34,13,4.0,fit,1280,root,clean,optimum,0.00010030024604651873,0.00010564583528378881,6.933949418855552e-07,0.6022,0.0026109170053047986,50000,1.0532958736192015
34,5,1.4,fit,1281,root,clean,optimum,0.00015114396316986384,0.0001585749830265216,8.09005792737163e-07,0.4029,0.003046239385455705,50000,1.0491651780250486
34,3,1.0,fit,1280,root,clean,optimum,0.00017203905430827066,0.00017972539610344704,8.018132929395881e-07,0.32326,0.003019156666938789,50000,1.044677889134426
34,9,2.0,fit,1280,root,clean,optimum,0.00013154494552278386,0.0001351512457916544,7.738736250853362e-07,0.4911,0.0029139523316939063,50000,1.0274149664552936
34,1,0.6,fit,1282,root,clean,optimum,0.0001959447140934888,0.00020745145242226942,7.263883302851415e-07,0.21886,0.0027351506759468952,50000,1.058724413067303
34,7,1.8,fit,1281,root,clean,optimum,0.00013733728295510687,0.00014362309633351677,7.898544113815916e-07,0.4592,0.002974126561672529,50000,1.045769169472099
34,11,3.0,fit,1280,root,clean,optimum,0.00011343215345876054,0.00011863777661632512,7.326429190366092e-07,0.55328,0.0027587017738075004,50000,1.0458919539022693
34,13,4.0,fit,1281,root,clean,optimum,0.00010030024604651873,0.00010576799989975294,6.892749019871902e-07,0.60174,0.0025954033613720586,50000,1.054513862814437
34,5,1.4,fit,1282,root,clean,optimum,0.00015114396316986384,0.00015795353693661695,8.097332728758446e-07,0.40524,0.0030489786472390986,50000,1.0450535610152034
34,3,1.0,fit,1281,root,clean,optimum,0.00017203905430827066,0.00018060179443536384,7.947577782522288e-07,0.31996,0.002992589753675317,50000,1.0497720715887562
34,9,2.0,fit,1281,root,clean,optimum,0.00013154494552278386,0.000135576166195008,7.816932008655665e-07,0.4895,0.0029433962490714328,50000,1.0306451962574716
34,1,0.6,fit,1283,root,clean,optimum,0.0001959447140934888,0.00020855093396594687,7.364992025417837e-07,0.21472,0.0027732222664917376,50000,1.0643355955315204
34,7,1.8,fit,1282,root,clean,optimum,0.00013733728295510687,0.00014332034054612735,7.790913395121087e-07,0.46034,0.0029335991714713057,50000,1.0435647004388184
34,11,3.0,fit,1281,root,clean,optimum,0.00011343215345876054,0.00011786229688020479,7.308425075918079e-07,0.5562,0.002751922484583102,50000,1.0390554466820985
34,13,4.0,fit,1282,root,clean,optimum,0.00010030024604651873,0.00010475350243674624,6.909818584392093e-07,0.60556,0.002601830754130033,50000,1.0443992568887828
34,5,1.4,fit,1283,root,clean,optimum,0.00015114396316986384,0.00015810757058283263,8.017442084777559e-07,0.40466,0.0030188965355399224,50000,1.0460726797612334
34,15,5.0,fit,1234,root,clean,optimum,9.255068362107662e-05,9.682342540915969e-05,6.683848984841936e-07,0.63542,0.0025167439104701902,50000,1.0461665070522508
34,3,1.0,fit,1282,root,clean,optimum,0.00017203905430827066,0.0001804636953042739,8.081715676674626e-07,0.32048,0.0030430981851250405,50000,1.048969351929286
34,17,6.0,fit,1234,root,clean,optimum,8.73437613589845e-05,9.201120184118016e-05,6.574429067843838e-07,0.65354,0.002475542813555277,50000,1.0534375942777685
34,19,8.0,fit,1234,root,clean,optimum,8.00587953033464e-05,8.459634080265984e-05,6.35639953564678e-07,0.68146,0.0023934457316636838,50000,1.0566776639858304
34,9,2.0,fit,1282,root,clean,optimum,0.00013154494552278386,0.00013552305114458878,7.673515388398092e-07,0.4897,0.0028893939958020915,50000,1.0302414175321992
34,21,10.0,fit,1234,root,clean,optimum,7.509866315040009e-05,8.091546780860927e-05,6.177355340082275e-07,0.69532,0.0023260282316702042,50000,1.0774555020581373
34,7,1.8,fit,1283,root,clean,optimum,0.00013733728295510687,0.0001443720185444275,7.986970873160109e-07,0.45638,0.0030074228717188543,50000,1.0512223297123198
34,11,3.0,fit,1282,root,clean,optimum,0.00011343215345876054,0.00011784105086003711,7.219714255884218e-07,0.55628,0.0027185192140096095,50000,1.0388681451144226
34,13,4.0,fit,1283,root,clean,optimum,0.00010030024604651873,0.00010572019635437567,6.929932210135505e-07,0.60192,0.0026094043610774683,50000,1.0540372583467361
34,25,26.0,fit,1234,root,clean,optimum,6.14052352261972e-05,6.741362199204863e-05,5.666529529060108e-07,0.74616,0.0021336813141805,50000,1.0978481190360798
34,23,20.0,fit,1234,root,clean,optimum,6.387172353312354e-05,6.968163464494846e-05,5.769441469310407e-07,0.73762,0.0021724318903121563,50000,1.0909621784170571
34,15,5.0,fit,1235,root,clean,optimum,9.255068362107662e-05,9.595233858228479e-05,6.684455809935171e-07,0.6387,0.0025169724050638866,50000,1.036754509292825
34,3,1.0,fit,1283,root,clean,optimum,0.00017203905430827066,0.00018042651476898048,8.108144689207986e-07,0.32062,0.0030530497948193826,50000,1.04875323509789
34,17,6.0,fit,1235,root,clean,optimum,8.73437613589845e-05,9.039119280339456e-05,6.523947047865805e-07,0.65964,0.0024565342577581484,50000,1.0348900871338143
34,19,8.0,fit,1235,root,clean,optimum,8.00587953033464e-05,8.334282561276671e-05,6.278049336289628e-07,0.68618,0.0023639436606917885,50000,1.0410202314058934
34,9,2.0,fit,1283,root,clean,optimum,0.00013154494552278386,0.00013550180512442113,7.617207788706185e-07,0.48978,0.0028681918697577745,50000,1.0300799060420907
34,21,10.0,fit,1235,root,clean,optimum,7.509866315040009e-05,7.91201791044403e-05,6.171564827119096e-07,0.70208,0.002323847865496218,50000,1.0535497675369576
34,27,30.0,fit,1234,root,clean,optimum,6.052928111489391e-05,6.50393792383104e-05,5.593285548805287e-07,0.7551,0.0021061019446132084,50000,1.0745110141793297
34,11,3.0,fit,1283,root,clean,optimum,0.00011343215345876054,0.00011874931822220543,7.32010359600454e-07,0.55286,0.002756319927490259,50000,1.0468752871325677
34,29,40.0,fit,1234,root,clean,optimum,5.915064876950533e-05,6.512967482402304e-05,5.599508500936972e-07,0.75476,0.002108445141911365,50000,1.101081326729254
34,25,26.0,fit,1235,root,clean,optimum,6.14052352261972e-05,6.576705542905343e-05,5.653198482681353e-07,0.75236,0.0021286616271902615,50000,1.0710333603769888
34,23,20.0,fit,1235,root,clean,optimum,6.387172353312354e-05,6.812005216262398e-05,5.775657398858997e-07,0.7435,0.0021747724433190843,50000,1.0665134490585226
34,15,5.0,fit,1236,root,clean,optimum,9.255068362107662e-05,9.683935992428543e-05,6.70250716508207e-07,0.63536,0.0025237694823534427,50000,1.046338677742972
34,17,6.0,fit,1236,root,clean,optimum,8.73437613589845e-05,9.117198404455682e-05,6.523650036280814e-07,0.6567,0.002456422420686491,50000,1.043829377462212
71,1,0.6,fit,1234,root,clean,optimum,0.00013720091165269252,0.0001492745376981197,7.913466196358984e-07,0.43792,0.002979745339184853,50000,1.0879996051045935
34,19,8.0,fit,1236,root,clean,optimum,8.00587953033464e-05,8.356059731948545e-05,6.19876037610279e-07,0.68536,0.0023340881076758108,50000,1.043740378591391
71,3,1.0,fit,1234,root,clean,optimum,0.00010743407185892383,0.00010231021011746305,6.847811324641116e-07,0.61476,0.0025784824717650172,50000,0.9523069203949643
34,21,10.0,fit,1236,root,clean,optimum,7.509866315040009e-05,7.989034733551871e-05,6.081765606266875e-07,0.69918,0.002290034767271328,50000,1.0638051861924935
34,27,30.0,fit,1235,root,clean,optimum,6.052928111489391e-05,6.355746933161471e-05,5.545974355812267e-07,0.76068,0.0020882873355260946,50000,1.050028484742332
71,5,1.4,fit,1234,root,clean,optimum,9.312025344322663e-05,0.00010429140149809921,6.932314491058817e-07,0.6073,0.002610301387778756,50000,1.1199647514026945
34,29,40.0,fit,1235,root,clean,optimum,5.915064876950533e-05,6.351497729127937e-05,5.565957696574998e-07,0.76084,0.0020958118848223924,50000,1.0737832739380542
34,25,26.0,fit,1236,root,clean,optimum,6.14052352261972e-05,6.631945195341313e-05,5.671500192793569e-07,0.75028,0.0021355529734161517,50000,1.0800292794110067
34,23,20.0,fit,1236,root,clean,optimum,6.387172353312354e-05,6.872025223236095e-05,5.751566882733429e-07,0.74124,0.0021657013736559893,50000,1.075910409662313
34,17,6.0,fit,1237,root,clean,optimum,8.73437613589845e-05,9.060896451011328e-05,6.474126313507691e-07,0.65882,0.0024377747031818415,50000,1.0373833585859524
34,15,5.0,fit,1237,root,clean,optimum,9.255068362107662e-05,9.648348908647678e-05,6.694855937517714e-07,0.6367,0.0025208884806396273,50000,1.042493532316865
71,1,0.6,fit,1235,root,clean,optimum,0.00013720091165269252,0.000149386079304,7.978539337880366e-07,0.4375,0.00300424805207237,50000,1.0888125851681858
34,19,8.0,fit,1237,root,clean,optimum,8.00587953033464e-05,8.354466280435967e-05,6.270779261764626e-07,0.68542,0.0023612061787661857,50000,1.0435413434314764
71,3,1.0,fit,1235,root,clean,optimum,0.00010743407185892383,0.00010060521699900673,6.790270200610232e-07,0.62118,0.0025568158730978775,50000,0.936436786377376
34,21,10.0,fit,1237,root,clean,optimum,7.509866315040009e-05,7.950791897250047e-05,6.158234616205074e-07,0.70062,0.0023188284930927973,50000,1.058712840377331
34,27,30.0,fit,1236,root,clean,optimum,6.052928111489391e-05,6.41682924114355e-05,5.571695924829605e-07,0.75838,0.0020979725636542184,50000,1.0601198499224564
71,5,1.4,fit,1235,root,clean,optimum,9.312025344322663e-05,0.00010316005092417024,6.959830865626799e-07,0.61156,0.0026206624339797156,50000,1.1078154011582955
34,25,26.0,fit,1237,root,clean,optimum,6.14052352261972e-05,6.712680071978496e-05,5.66857606721616e-07,0.74724,0.0021344519199277974,50000,1.0931771610761092
34,29,40.0,fit,1236,root,clean,optimum,5.915064876950533e-05,6.405143930051327e-05,5.590402025111444e-07,0.75882,0.0021050161794031277,50000,1.0828526927930249
34,17,6.0,fit,1238,root,clean,optimum,8.73437613589845e-05,9.124103361010175e-05,6.600700688569164e-07,0.65644,0.0024854351587636435,50000,1.0446199269470362
34,23,20.0,fit,1237,root,clean,optimum,6.387172353312354e-05,6.903894253487615e-05,5.754005317509189e-07,0.74004,0.0021666195445911632,50000,1.0808999462660958
34,15,5.0,fit,1238,root,clean,optimum,9.255068362107662e-05,9.668532627806977e-05,6.722120665349126e-07,0.63594,0.0025311547714992728,50000,1.0446743610660005
34,19,8.0,fit,1238,root,clean,optimum,8.00587953033464e-05,8.38155495614976e-05,6.301403320462315e-07,0.6844,0.002372737395796385,50000,1.046924941150022
71,1,0.6,fit,1236,root,clean,optimum,0.00013720091165269252,0.0001493010952233293,7.92848736952704e-07,0.43782,0.002985401428391022,50000,1.0881931717864013
71,3,1.0,fit,1236,root,clean,optimum,0.00010743407185892383,0.0001024058172082176,6.742934420817766e-07,0.6144,0.0025389920060700285,50000,0.9531968344520253
34,21,10.0,fit,1238,root,clean,optimum,7.509866315040009e-05,7.976818271955455e-05,6.206165422295236e-07,0.69964,0.0023368764119827833,50000,1.0621784646126498
34,27,30.0,fit,1237,root,clean,optimum,6.052928111489391e-05,6.449760572403455e-05,5.590175928853126e-07,0.75714,0.002104931044867235,50000,1.065560412019567
34,25,26.0,fit,1238,root,clean,optimum,6.14052352261972e-05,6.718522727524607e-05,5.693998204008453e-07,0.74702,0.002144024399513773,50000,1.0941286525123994
71,5,1.4,fit,1236,root,clean,optimum,9.312025344322663e-05,0.0001041851713972608,6.928476447112522e-07,0.6077,0.0026088562064540636,50000,1.1188239673421874
34,29,40.0,fit,1237,root,clean,optimum,5.915064876950533e-05,6.454540926941184e-05,5.604005664514867e-07,0.75696,0.002110138508873234,50000,1.0912037418377014
34,17,6.0,fit,1239,root,clean,optimum,8.73437613589845e-05,9.060896451011328e-05,6.460361140548625e-07,0.65882,0.0024325915496875203,50000,1.0373833585859524
34,15,5.0,fit,1239,root,clean,optimum,9.255068362107662e-05,9.592578105707519e-05,6.699072428665635e-07,0.6388,0.0025224761628933924,50000,1.0364675581416232
34,23,20.0,fit,1238,root,clean,optimum,6.387172353312354e-05,6.975068421049344e-05,5.791442333992743e-07,0.73736,0.0021807161203029777,50000,1.0920432446812103
34,19,8.0,fit,1239,root,clean,optimum,8.00587953033464e-05,8.345436721864703e-05,6.233350514629793e-07,0.68576,0.0023471127168041114,50000,1.0424134775252945
71,1,0.6,fit,1237,root,clean,optimum,0.00013720091165269252,0.00014939670231408383,8.007744645853264e-07,0.43746,0.00301524505113098,50000,1.0888900118409088
71,3,1.0,fit,1237,root,clean,optimum,0.00010743407185892383,0.0001021083729258701,6.873364630533662e-07,0.61552,0.002588104341909495,50000,0.9504282129411689
34,21,10.0,fit,1239,root,clean,optimum,7.509866315040009e-05,7.998064292123135e-05,6.117576869193455e-07,0.69884,0.002303519179935515,50000,1.0650075456210735
34,27,30.0,fit,1238,root,clean,optimum,6.052928111489391e-05,6.484816505680126e-05,5.58044408690547e-07,0.75582,0.0021012666063057166,50000,1.0713519781229426
34,25,26.0,fit,1239,root,clean,optimum,6.14052352261972e-05,6.656909269038336e-05,5.647011725014886e-07,0.74934,0.0021263320585961855,50000,1.0840947428206107
71,5,1.4,fit,1237,root,clean,optimum,9.312025344322663e-05,0.00010307506684349952,6.911693193219338e-07,0.61188,0.0026025366214171577,50000,1.1069027739098898
34,29,40.0,fit,1238,root,clean,optimum,5.915064876950533e-05,6.460383582487297e-05,5.590362185697756e-07,0.75674,0.002105001178226108,50000,1.0921915003268567
34,17,6.0,fit,1240,root,clean,optimum,8.73437613589845e-05,9.060896451011328e-05,6.49718001454423e-07,0.65882,0.002446455369341279,50000,1.0373833585859524
34,15,5.0,fit,1240,root,clean,optimum,9.255068362107662e-05,9.621260232933889e-05,6.723848790262435e-07,0.63772,0.0025318054815709643,50000,1.039566630574605
34,19,8.0,fit,1240,root,clean,optimum,8.00587953033464e-05,8.36349583900723e-05,6.280072840665977e-07,0.68508,0.0023647055932741277,50000,1.0446692093376582
34,23,20.0,fit,1239,root,clean,optimum,6.387172353312354e-05,6.890084340378624e-05,5.729026346556777e-07,0.74056,0.0021572139351620956,50000,1.07873781373779
71,1,0.6,fit,1238,root,clean,optimum,0.00013720091165269252,0.00015092110426111487,7.927633870700602e-07,0.43172,0.002985080050996215,50000,1.1000007393766693
71,3,1.0,fit,1238,root,clean,optimum,0.00010743407185892383,0.00010235270215779839,6.859345358924324e-07,0.6146,0.0025828255098275543,50000,0.9527024377536579
34,21,10.0,fit,1240,root,clean,optimum,7.509866315040009e-05,7.96725756288e-05,6.169048800476389e-07,0.7,0.0023229004780333995,50000,1.0609053781588593
34,25,26.0,fit,1240,root,clean,optimum,6.14052352261972e-05,6.654784667021568e-05,5.68510142476779e-07,0.74942,0.0021406743963901962,50000,1.0837487459346868
34,27,30.0,fit,1239,root,clean,optimum,6.052928111489391e-05,6.411517736101631e-05,5.564584779891806e-07,0.75858,0.002095294925251666,50000,1.0592423399067936
71,5,1.4,fit,1238,root,clean,optimum,9.312025344322663e-05,0.00010448792718465024,6.876941659676149e-07,0.60656,0.0025894512404304433,50000,1.1220752019146323
34,17,6.0,fit,1241,root,clean,optimum,8.73437613589845e-05,9.110293447901184e-05,6.548172290429133e-07,0.65696,0.002465656057463556,50000,1.0430388279773877
34,29,40.0,fit,1239,root,clean,optimum,5.915064876950533e-05,6.42160959568128e-05,5.582570967226293e-07,0.7582,0.0021020674641808526,50000,1.0856363758079173
34,15,5.0,fit,1241,root,clean,optimum,9.255068362107662e-05,9.620197931925504e-05,6.698306089998885e-07,0.63776,0.0025221876048817926,50000,1.0394518501141239
34,19,8.0,fit,1241,root,clean,optimum,8.00587953033464e-05,8.312505390604799e-05,6.282283659077194e-07,0.687,0.002365538057290925,50000,1.0383000842203958
34,23,20.0,fit,1240,root,clean,optimum,6.387172353312354e-05,6.891677791891199e-05,5.741526651949092e-07,0.7405,0.0021619208140198428,50000,1.078987290567979
71,1,0.6,fit,1239,root,clean,optimum,0.00013720091165269252,0.00014921611114265856,7.903890407012305e-07,0.43814,0.0029761396608428,50000,1.0875737584046166
71,3,1.0,fit,1239,root,clean,optimum,0.00010743407185892383,0.00010130633566454016,6.776959369062183e-07,0.61854,0.002551803797822416,50000,0.9429628227958234
34,25,26.0,fit,1241,root,clean,optimum,6.14052352261972e-05,6.629289442820351e-05,5.64927097028834e-07,0.75038,0.002127182757317404,50000,1.0795967833036015
34,21,10.0,fit,1241,root,clean,optimum,7.509866315040009e-05,7.977349422459647e-05,6.152844607478093e-07,0.69962,0.002316798933228148,50000,1.0622491916378602
34,27,30.0,fit,1240,root,clean,optimum,6.052928111489391e-05,6.396114371480065e-05,5.562930048658136e-07,0.75916,0.0020946718509175137,50000,1.0566975608613711
34,17,6.0,fit,1242,root,clean,optimum,8.73437613589845e-05,9.043899634877183e-05,6.539655848557742e-07,0.65946,0.002462449266994875,50000,1.0354373906233079
71,5,1.4,fit,1239,root,clean,optimum,9.312025344322663e-05,0.00010385585808466174,6.997956505184104e-07,0.60894,0.00263501830458754,50000,1.1152875367546158
34,15,5.0,fit,1242,root,clean,optimum,9.255068362107662e-05,9.634007845034495e-05,6.69349176266432e-07,0.63724,0.002520374812727189,50000,1.0409439961003744
34,29,40.0,fit,1240,root,clean,optimum,5.915064876950533e-05,6.39239631795072e-05,5.590051336836967e-07,0.7593,0.002104884130851273,50000,1.0806975833621408
34,19,8.0,fit,1242,root,clean,optimum,8.00587953033464e-05,8.301351230016767e-05,6.268264021790329e-07,0.68742,0.0023602590875163626,50000,1.0369068381009947
34,23,20.0,fit,1241,root,clean,optimum,6.387172353312354e-05,6.864589116177409e-05,5.758869648438809e-07,0.74152,0.002168451165154913,50000,1.074746184454764
71,1,0.6,fit,1240,root,clean,optimum,0.00013720091165269252,0.0001492320456577843,8.057113273893081e-07,0.43808,0.0030338343690927195,50000,1.0876898984137011
34,25,26.0,fit,1242,root,clean,optimum,6.14052352261972e-05,6.629820593324543e-05,5.670986637571388e-07,0.75036,0.002135359598763157,50000,1.0796832825250826
71,3,1.0,fit,1240,root,clean,optimum,0.00010743407185892383,0.0001012850896443725,6.800780501322863e-07,0.61862,0.0025607734333862255,50000,0.9427650641164768
34,21,10.0,fit,1242,root,clean,optimum,7.509866315040009e-05,7.917860565990143e-05,6.163489548781521e-07,0.70186,0.002320807191233898,50000,1.0543277648142741
34,17,6.0,fit,1243,root,clean,optimum,8.73437613589845e-05,9.092234330758655e-05,6.514611388685474e-07,0.65764,0.0024530189982952836,50000,1.0409712370170778
34,27,30.0,fit,1241,root,clean,optimum,6.052928111489391e-05,6.362120739211775e-05,5.538503490926918e-07,0.76044,0.00208547424777549,50000,1.0510814967611277
34,15,5.0,fit,1243,root,clean,optimum,9.255068362107662e-05,9.59576500873267e-05,6.670935568276901e-07,0.63868,0.0025118814782732445,50000,1.0368118995230655
71,5,1.4,fit,1240,root,clean,optimum,9.312025344322663e-05,0.0001032344119947571,6.950854734020957e-07,0.61128,0.002617282551428537,50000,1.10861395000065
34,19,8.0,fit,1243,root,clean,optimum,8.00587953033464e-05,8.390584514721024e-05,6.293951313510104e-07,0.68406,0.002369931408832842,50000,1.048052807056204
34,29,40.0,fit,1241,root,clean,optimum,5.915064876950533e-05,6.340343568539903e-05,5.55003874194545e-07,0.76126,0.002089817743988896,50000,1.0718975531860302
34,23,20.0,fit,1242,root,clean,optimum,6.387172353312354e-05,6.872556373740289e-05,5.739722267028025e-07,0.74122,0.0021612413889202423,50000,1.0759935686057098
71,1,0.6,fit,1241,root,clean,optimum,0.00013720091165269252,0.00014913643856702977,7.944380876441214e-07,0.43844,0.0029913859871135446,50000,1.0869930583591936
34,25,26.0,fit,1243,root,clean,optimum,6.14052352261972e-05,6.570862887359231e-05,5.620454662153128e-07,0.75258,0.0021163322326891547,50000,1.0700818689406983
71,3,1.0,fit,1241,root,clean,optimum,0.00010743407185892383,0.00010190122422923521,6.839394323261518e-07,0.6163,0.002575313124729415,50000,0.9485000658175367
34,17,6.0,fit,1244,root,clean,optimum,8.73437613589845e-05,9.174562658908415e-05,6.590918607098666e-07,0.65454,0.0024817518029564686,50000,1.0503970193361367
34,21,10.0,fit,1243,root,clean,optimum,7.509866315040009e-05,7.991159335568638e-05,6.129051547998449e-07,0.6991,0.002307839868220448,50000,1.0640880942933355
34,15,5.0,fit,1244,root,clean,optimum,9.255068362107662e-05,9.659503069235712e-05,6.680593031761051e-07,0.63628,0.0025155179102856143,50000,1.0436987271519136
34,27,30.0,fit,1242,root,clean,optimum,6.052928111489391e-05,6.409924284589056e-05,5.565249854797796e-07,0.75864,0.0020955453532944673,50000,1.0589790869020947
34,19,8.0,fit,1244,root,clean,optimum,8.00587953033464e-05,8.387928762200064e-05,6.312421650465426e-07,0.68416,0.002376886249997276,50000,1.04772108178968
71,5,1.4,fit,1241,root,clean,optimum,9.312025344322663e-05,0.00010385054657961985,6.963431516547855e-07,0.60896,0.002622018227071368,50000,1.1152304975515905
34,29,40.0,fit,1242,root,clean,optimum,5.915064876950533e-05,6.38761596341299e-05,5.56746120622956e-07,0.75948,0.0020963780180154124,50000,1.0798894173255589
34,23,20.0,fit,1243,root,clean,optimum,6.387172353312354e-05,6.829002032396545e-05,5.757792522477493e-07,0.74286,0.002168045582950692,50000,1.069174535247207
34,25,26.0,fit,1244,root,clean,optimum,6.14052352261972e-05,6.6393813024e-05,5.681422575866519e-07,0.75,0.002139289158544337,50000,1.0812402685117397
71,1,0.6,fit,1242,root,clean,optimum,0.00013720091165269252,0.00014926391468803583,7.868601237022635e-07,0.43796,0.002962851837632182,50000,1.0879221784318702
71,3,1.0,fit,1242,root,clean,optimum,0.00010743407185892383,0.00010143912329058815,6.864881589849432e-07,0.61804,0.0025849101283608755,50000,0.9441988145417415
34,17,6.0,fit,1245,root,clean,optimum,8.73437613589845e-05,9.0561160964736e-05,6.624179691901362e-07,0.659,0.0024942759687212337,50000,1.0368360550964586
34,15,5.0,fit,1245,root,clean,optimum,9.255068362107662e-05,9.672250681336318e-05,6.768632077361945e-07,0.6358,0.002548668230168986,50000,1.045076092677683
34,21,10.0,fit,1244,root,clean,optimum,7.509866315040009e-05,8.030995623383039e-05,6.201612339837444e-07,0.6976,0.0023351619892638524,50000,1.06939262118413
34,19,8.0,fit,1245,root,clean,optimum,8.00587953033464e-05,8.341187517831169e-05,6.315246888197365e-07,0.68592,0.0023779500681466105,50000,1.041882717098856
34,27,30.0,fit,1243,root,clean,optimum,6.052928111489391e-05,6.357871535178239e-05,5.548673302694919e-07,0.7606,0.0020893035999789574,50000,1.0503794887485973
71,5,1.4,fit,1242,root,clean,optimum,9.312025344322663e-05,0.00010335126510567935,7.004348866946687e-07,0.61084,0.0026374252915760234,50000,1.1098688124672078
34,29,40.0,fit,1243,root,clean,optimum,5.915064876950533e-05,6.367963394757888e-05,5.560106763711629e-07,0.76022,0.0020936087680721712,50000,1.0765669569529461
34,23,20.0,fit,1244,root,clean,optimum,6.387172353312354e-05,6.89964504945408e-05,5.775775671666642e-07,0.7402,0.0021748169778932633,50000,1.0802346747189249
34,25,26.0,fit,1245,root,clean,optimum,6.14052352261972e-05,6.605918820635903e-05,5.669971280233077e-07,0.75126,0.002134977274984756,50000,1.0757908175584403
71,1,0.6,fit,1243,root,clean,optimum,0.00013720091165269252,0.00014963040853592833,7.982805300577518e-07,0.43658,0.0030058543623981567,50000,1.0905933986408165
71,3,1.0,fit,1243,root,clean,optimum,0.00010743407185892383,0.00010197027379478014,6.797609499877535e-07,0.61604,0.0025595794209847308,50000,0.9491427815254138
34,17,6.0,fit,1246,root,clean,optimum,8.73437613589845e-05,9.165533100337151e-05,6.501824414912828e-07,0.65488,0.002448204177007635,50000,1.0493632238559818
34,15,5.0,fit,1246,root,clean,optimum,9.255068362107662e-05,9.643037403605759e-05,6.69573747788454e-07,0.6369,0.0025212204168271555,50000,1.041919630014461
34,21,10.0,fit,1245,root,clean,optimum,7.509866315040009e-05,7.94601154271232e-05,6.125645483769501e-07,0.7008,0.0023065573450176775,50000,1.0580762971504356
34,19,8.0,fit,1246,root,clean,optimum,8.00587953033464e-05,8.42935850152704e-05,6.269199846316477e-07,0.6826,0.0023606114639214536,50000,1.0528959959474558
71,5,1.4,fit,1243,root,clean,optimum,9.312025344322663e-05,0.00010375493948886528,6.941467188747086e-07,0.60932,0.0026137477547184588,50000,1.1142037918971344
34,27,30.0,fit,1244,root,clean,optimum,6.052928111489391e-05,6.387084812908801e-05,5.590090401451265e-07,0.7595,0.0021048988402844714,50000,1.0552057938347439
34,29,40.0,fit,1244,root,clean,optimum,5.915064876950533e-05,6.406737381563904e-05,5.60210908831631e-07,0.75876,0.0021094243699677495,50000,1.0831220814718856
34,25,26.0,fit,1246,root,clean,optimum,6.14052352261972e-05,6.710024319457536e-05,5.688631230943696e-07,0.74734,0.002142003513522929,50000,1.0927446649687047
34,23,20.0,fit,1245,root,clean,optimum,6.387172353312354e-05,6.861402213152257e-05,5.757440981453805e-07,0.74164,0.0021679132133037037,50000,1.074247230794386
71,1,0.6,fit,1244,root,clean,optimum,0.00013720091165269252,0.00014881243675947265,7.886376042862717e-07,0.43966,0.002969544782739001,50000,1.0846315448411399
71,3,1.0,fit,1244,root,clean,optimum,0.00010743407185892383,0.0001010460719174861,6.828872890892332e-07,0.61952,0.0025713513729147606,50000,0.9405402789738242
34,15,5.0,fit,1247,root,clean,optimum,9.255068362107662e-05,9.648880059151871e-05,6.701706910228285e-07,0.63668,0.002523468153503157,50000,1.0425509225471055
34,17,6.0,fit,1247,root,clean,optimum,8.73437613589845e-05,9.119854156976641e-05,6.555463275470933e-07,0.6566,0.002468401413058348,50000,1.0441334349563753
34,19,8.0,fit,1247,root,clean,optimum,8.00587953033464e-05,8.35765318346112e-05,6.301441628090952e-07,0.6853,0.002372751820193363,50000,1.0439394137513054
34,21,10.0,fit,1246,root,clean,optimum,7.509866315040009e-05,8.089953329348352e-05,6.160855973169513e-07,0.69538,0.0023198155417517934,50000,1.0772433209825059
71,5,1.4,fit,1244,root,clean,optimum,9.312025344322663e-05,0.00010425422096280576,7.008303681082763e-07,0.60744,0.0026389144416774967,50000,1.1195654769815169
34,27,30.0,fit,1245,root,clean,optimum,6.052928111489391e-05,6.354153481648897e-05,5.544687451435772e-07,0.76074,0.0020878027631247363,50000,1.0497652317376334
34,29,40.0,fit,1245,root,clean,optimum,5.915064876950533e-05,6.365307642236928e-05,5.542440603455191e-07,0.76032,0.002086956732493927,50000,1.076117975821512
34,25,26.0,fit,1247,root,clean,optimum,6.14052352261972e-05,6.58095474693888e-05,5.662964697411873e-07,0.7522,0.002132339008517566,50000,1.0717253541488363
34,23,20.0,fit,1246,root,clean,optimum,6.387172353312354e-05,6.951166648360702e-05,5.761937608688126e-07,0.73826,0.002169606378310169,50000,1.0883010922283731
71,1,0.6,fit,1245,root,clean,optimum,0.00013720091165269252,0.00014934358726366464,7.918811705054437e-07,0.43766,0.0029817581429582712,50000,1.0885028784772934
34,15,5.0,fit,1248,root,clean,optimum,9.255068362107662e-05,9.615948727891966e-05,6.677496648857928e-07,0.63792,0.002514351994832768,50000,1.0389927282722005
34,17,6.0,fit,1248,root,clean,optimum,8.73437613589845e-05,9.012030604625663e-05,6.522355986305504e-07,0.66066,0.0024559351576734292,50000,1.0317887006933497
71,3,1.0,fit,1245,root,clean,optimum,0.00010743407185892383,0.00010162502596705536,6.821025035635144e-07,0.61734,0.0025683963327913866,50000,0.9459292029860269
34,19,8.0,fit,1248,root,clean,optimum,8.00587953033464e-05,8.2859478653952e-05,6.315405436014982e-07,0.688,0.002378009767917717,50000,1.034982831555155
71,5,1.4,fit,1245,root,clean,optimum,9.312025344322663e-05,0.00010334595360063745,6.926347595871065e-07,0.61086,0.0026080546064462863,50000,1.1098117732641826
34,21,10.0,fit,1247,root,clean,optimum,7.509866315040009e-05,7.949198445737473e-05,6.14634550325879e-07,0.70068,0.0023143517533166127,50000,1.0585006593016992
34,27,30.0,fit,1246,root,clean,optimum,6.052928111489391e-05,6.48534765618432e-05,5.587938991794379e-07,0.7558,0.0021040887461059267,50000,1.071439729124509
34,29,40.0,fit,1246,root,clean,optimum,5.915064876950533e-05,6.496501816772351e-05,5.590307556058012e-07,0.75538,0.0021049806079209634,50000,1.0982976437143617
34,25,26.0,fit,1248,root,clean,optimum,6.14052352261972e-05,6.60485651962752e-05,5.641670851394776e-07,0.7513,0.0021243210001191783,50000,1.0756178191154786
34,23,20.0,fit,1247,root,clean,optimum,6.387172353312354e-05,6.815192119287551e-05,5.743087044540156e-07,0.74338,0.0021625083659768674,50000,1.067012402718901
34,15,5.0,fit,1249,root,clean,optimum,9.255068362107662e-05,9.55805332293504e-05,6.650734222769624e-07,0.6401,0.002504274841228625,50000,1.0327371931759972
71,1,0.6,fit,1246,root,clean,optimum,0.00013720091165269252,0.0001494976209098803,8.038304742480308e-07,0.43708,0.003026752183812152,50000,1.089625565231778
34,17,6.0,fit,1249,root,clean,optimum,8.73437613589845e-05,9.078424417649664e-05,6.527195142272714e-07,0.65816,0.0024577572988289088,50000,1.0393901380474295
34,19,8.0,fit,1249,root,clean,optimum,8.00587953033464e-05,8.325253002705407e-05,6.261059319558568e-07,0.68652,0.0023575462209465678,50000,1.0398923654997114
71,3,1.0,fit,1246,root,clean,optimum,0.00010743407185892383,0.0001022995871073792,6.831025097151146e-07,0.6148,0.002572161767046679,50000,0.9522080410552908
71,5,1.4,fit,1246,root,clean,optimum,9.312025344322663e-05,0.00010435513955860222,6.90341738249074e-07,0.60706,0.002599420438465892,50000,1.1206492218389983
34,21,10.0,fit,1248,root,clean,optimum,7.509866315040009e-05,7.885460385234431e-05,6.143956735628925e-07,0.70308,0.0023134522841036453,50000,1.0500134162764283
34,27,30.0,fit,1247,root,clean,optimum,6.052928111489391e-05,6.354684632153089e-05,5.551607886106994e-07,0.76072,0.0020904085912719765,50000,1.0498529827391998
34,29,40.0,fit,1247,root,clean,optimum,5.915064876950533e-05,6.336625515010561e-05,5.557445184022502e-07,0.7614,0.0020926065739038063,50000,1.0712689796020227
34,25,26.0,fit,1249,root,clean,optimum,6.14052352261972e-05,6.562364479292159e-05,5.617507034156474e-07,0.7529,0.002115222329573789,50000,1.0686978813970034
34,15,5.0,fit,1250,root,clean,optimum,9.255068362107662e-05,9.630820942009342e-05,6.720152829260542e-07,0.63736,0.0025304138003157555,50000,1.0405996547189318
34,23,20.0,fit,1248,root,clean,optimum,6.387172353312354e-05,6.864057965673217e-05,5.753777501113823e-07,0.74154,0.0021665337623529585,50000,1.0746630255113678
34,17,6.0,fit,1250,root,clean,optimum,8.73437613589845e-05,9.079486718658046e-05,6.491393278840065e-07,0.65812,0.002444276425460592,50000,1.0395117610450946
71,1,0.6,fit,1247,root,clean,optimum,0.00013720091165269252,0.00015040588827204866,8.10362644737269e-07,0.43366,0.0030513484910270916,50000,1.0962455457496008
34,19,8.0,fit,1250,root,clean,optimum,8.00587953033464e-05,8.353935129931775e-05,6.297487530443712e-07,0.68544,0.0023712629398793903,50000,1.0434749983781715
71,3,1.0,fit,1247,root,clean,optimum,0.00010743407185892383,0.00010200745433007359,6.825135503975482e-07,0.6159,0.0025699440930995843,50000,0.949488859214271
71,5,1.4,fit,1247,root,clean,optimum,9.312025344322663e-05,0.00010464727233590782,6.928857925949575e-07,0.60596,0.002608999848918504,50000,1.1237863780053923
34,21,10.0,fit,1249,root,clean,optimum,7.509866315040009e-05,7.915204813469183e-05,6.157296550472232e-07,0.70196,0.0023184752727812515,50000,1.0539741296882212
34,27,30.0,fit,1248,root,clean,optimum,6.052928111489391e-05,6.34459277257344e-05,5.538984899558166e-07,0.7611,0.0020856555179154784,50000,1.04818571370944
34,25,26.0,fit,1250,root,clean,optimum,6.14052352261972e-05,6.640443603408385e-05,5.660412606008201e-07,0.74996,0.0021313780411896504,50000,1.0814132669547016
34,29,40.0,fit,1248,root,clean,optimum,5.915064876950533e-05,6.36105843820339e-05,5.534232791797857e-07,0.76048,0.002083866153988379,50000,1.075399606011217
34,15,5.0,fit,1251,root,clean,optimum,9.255068362107662e-05,9.673844132848897e-05,6.700117749551924e-07,0.63574,0.0025228697691793847,50000,1.0452482633684044
34,17,6.0,fit,1251,root,clean,optimum,8.73437613589845e-05,9.107637695380225e-05,6.543454693212101e-07,0.65706,0.0024638796881747012,50000,1.0427347704832246
34,23,20.0,fit,1249,root,clean,optimum,6.387172353312354e-05,6.81253636676659e-05,5.74145573308706e-07,0.74348,0.00216189411015287,50000,1.066596608001919
34,19,8.0,fit,1251,root,clean,optimum,8.00587953033464e-05,8.374118849091073e-05,6.346555370977061e-07,0.68468,0.0023897389989798114,50000,1.045996110403755
71,1,0.6,fit,1248,root,clean,optimum,0.00013720091165269252,0.00014809538357881343,8.041499147458418e-07,0.44236,0.00302795500860584,50000,1.0794052444323325
71,3,1.0,fit,1248,root,clean,optimum,0.00010743407185892383,0.00010046711786791679,6.822771536231122e-07,0.6217,0.0025690539620630126,50000,0.9351513549616212
71,5,1.4,fit,1248,root,clean,optimum,9.312025344322663e-05,0.00010428077848801536,6.965827878880815e-07,0.60734,0.0026229205560022633,50000,1.1198506729966435
34,21,10.0,fit,1250,root,clean,optimum,7.509866315040009e-05,7.981598626493185e-05,6.149820071760229e-07,0.69946,0.002315660071194132,50000,1.0628150078395453
34,27,30.0,fit,1249,root,clean,optimum,6.052928111489391e-05,6.345123923077633e-05,5.549449649071139e-07,0.76108,0.0020895959263045817,50000,1.0482734647110064
34,25,26.0,fit,1251,root,clean,optimum,6.14052352261972e-05,6.58892200450176e-05,5.625531283690333e-07,0.7519,0.002118243789393757,50000,1.0730228424710504
34,29,40.0,fit,1249,root,clean,optimum,5.915064876950533e-05,6.313786043330302e-05,5.536487066699789e-07,0.76226,0.0020847149811603917,50000,1.0674077418716879
34,15,5.0,fit,1252,root,clean,optimum,9.255068362107662e-05,9.620729082429696e-05,6.701246471052385e-07,0.63774,0.002523294779225145,50000,1.0395092403443644
34,17,6.0,fit,1252,root,clean,optimum,8.73437613589845e-05,9.123041060001793e-05,6.565511937104115e-07,0.65648,0.0024721851472556703,50000,1.044498303949371
34,19,8.0,fit,1252,root,clean,optimum,8.00587953033464e-05,8.36615159152819e-05,6.259915239229979e-07,0.68498,0.002357115427670628,50000,1.0450009346041822
34,23,20.0,fit,1250,root,clean,optimum,6.387172353312354e-05,6.875212126261248e-05,5.760699673197804e-07,0.74112,0.0021691402447075263,50000,1.0764093633226917
71,1,0.6,fit,1249,root,clean,optimum,0.00013720091165269252,0.00014973132713172482,8.014171793213897e-07,0.4362,0.0030176651363271376,50000,1.0913289520316858
71,3,1.0,fit,1249,root,clean,optimum,0.00010743407185892383,0.00010127977813933056,6.882386412917396e-07,0.61864,0.0025915014138552166,50000,0.9427156244466399
34,25,26.0,fit,1252,root,clean,optimum,6.14052352261972e-05,6.656909269038336e-05,5.674531160682101e-07,0.74934,0.002136694257426846,50000,1.0840947428206107
71,5,1.4,fit,1249,root,clean,optimum,9.312025344322663e-05,0.00010345218370147584,7.010478072526722e-07,0.61046,0.002639733189443638,50000,1.1109525573246894
34,21,10.0,fit,1251,root,clean,optimum,7.509866315040009e-05,7.972569067921921e-05,6.173392610514059e-07,0.6998,0.0023245361010831326,50000,1.0616126484109654
34,27,30.0,fit,1250,root,clean,optimum,6.052928111489391e-05,6.386553662404609e-05,5.573068124204399e-07,0.75952,0.002098489253128846,50000,1.0551180428331777
34,29,40.0,fit,1250,root,clean,optimum,5.915064876950533e-05,6.397176672488447e-05,5.581459144342286e-07,0.75912,0.0021016488171588755,50000,1.0815057493987223
34,15,5.0,fit,1253,root,clean,optimum,9.255068362107662e-05,9.612761824866814e-05,6.690970604634865e-07,0.63804,0.0025194254930863123,50000,1.0386483868907581
34,17,6.0,fit,1253,root,clean,optimum,8.73437613589845e-05,9.058771848994559e-05,6.546439576301558e-07,0.6589,0.0024650036193640344,50000,1.0371401125906219
34,19,8.0,fit,1253,root,clean,optimum,8.00587953033464e-05,8.331626808755712e-05,6.263552043687989e-07,0.68628,0.0023584848340551866,50000,1.0406885061393694
34,23,20.0,fit,1251,root,clean,optimum,6.387172353312354e-05,6.80403795869952e-05,5.734978455001415e-07,0.7438,0.002159455148677912,50000,1.0652660649075771
71,1,0.6,fit,1250,root,clean,optimum,0.00013720091165269252,0.00015010313248465918,7.873441308394121e-07,0.4348,0.002964674323475003,50000,1.094038885576993
71,3,1.0,fit,1250,root,clean,optimum,0.00010743407185892383,0.00010266076945022976,6.877788602569032e-07,0.61344,0.0025897701492467577,50000,0.955569938604188
34,25,26.0,fit,1253,root,clean,optimum,6.14052352261972e-05,6.607512272148481e-05,5.654804689592462e-07,0.7512,0.0021292664301221734,50000,1.0760503152228835
71,5,1.4,fit,1250,root,clean,optimum,9.312025344322663e-05,0.00010399395721575168,6.955587908091812e-07,0.60842,0.002619064786043208,50000,1.1167705560332748
34,21,10.0,fit,1252,root,clean,optimum,7.509866315040009e-05,8.016654559769856e-05,6.172783686608932e-07,0.69814,0.0023243068162004787,50000,1.0674829915034443
34,27,30.0,fit,1251,root,clean,optimum,6.052928111489391e-05,6.359464986690816e-05,5.552102818509189e-07,0.76054,0.0020905949536676777,50000,1.0506427417532962
34,29,40.0,fit,1251,root,clean,optimum,5.915064876950533e-05,6.366901093749503e-05,5.562639556576987e-07,0.76026,0.0020945624687070644,50000,1.0763873645003723
34,15,5.0,fit,1254,root,clean,optimum,9.255068362107662e-05,9.634007845034495e-05,6.72201345036889e-07,0.63724,0.002531114400651692,50000,1.0409439961003744
34,17,6.0,fit,1254,root,clean,optimum,8.73437613589845e-05,9.013092905634048e-05,6.503438126346214e-07,0.66062,0.002448811805700689,50000,1.0319103236910152
34,19,8.0,fit,1254,root,clean,optimum,8.00587953033464e-05,8.308256186571264e-05,6.29327527131934e-07,0.68716,0.0023696768511564663,50000,1.0377693237939574
34,23,20.0,fit,1252,root,clean,optimum,6.387172353312354e-05,6.908143457521152e-05,5.768133287222042e-07,0.73988,0.002171939305977569,50000,1.0815652178132669
71,1,0.6,fit,1251,root,clean,optimum,0.00013720091165269252,0.00014965696606113792,8.03005262643375e-07,0.43648,0.003023644922882743,50000,1.090786965322624
34,25,26.0,fit,1254,root,clean,optimum,6.14052352261972e-05,6.628227141811968e-05,5.659205648958255e-07,0.75042,0.0021309235722433086,50000,1.07942378486064
71,3,1.0,fit,1251,root,clean,optimum,0.00010743407185892383,0.00010189060121915136,6.794641234410189e-07,0.61634,0.0025584617470132596,50000,0.9484011864778631
71,5,1.4,fit,1251,root,clean,optimum,9.312025344322663e-05,0.00010472163340649472,6.977435236548815e-07,0.60568,0.0026272912033334403,50000,1.1245849268477475
34,21,10.0,fit,1253,root,clean,optimum,7.509866315040009e-05,7.921047469015294e-05,6.174074745922623e-07,0.70174,0.0023247929531064974,50000,1.0547521269655378
34,27,30.0,fit,1252,root,clean,optimum,6.052928111489391e-05,6.396645521984255e-05,5.565077625000116e-07,0.75914,0.002095480501695412,50000,1.0567853118629371
34,15,5.0,fit,1255,root,clean,optimum,9.255068362107662e-05,9.610106072345855e-05,6.647176067759873e-07,0.63814,0.0025029350495945515,50000,1.0383614357395563
34,29,40.0,fit,1252,root,clean,optimum,5.915064876950533e-05,6.419484993664513e-05,5.587938395677407e-07,0.75828,0.0021040885216433805,50000,1.0852771909027699
34,17,6.0,fit,1255,root,clean,optimum,8.73437613589845e-05,9.082673621683199e-05,6.582426638071346e-07,0.658,0.002478554227519639,50000,1.0398766300380904
34,19,8.0,fit,1255,root,clean,optimum,8.00587953033464e-05,8.344905571360514e-05,6.287768369188203e-07,0.68578,0.0023676032761197584,50000,1.04234713247199
34,23,20.0,fit,1253,root,clean,optimum,6.387172353312354e-05,6.870431771723521e-05,5.745462211565337e-07,0.7413,0.002163402714003062,50000,1.0756609328321243
71,1,0.6,fit,1252,root,clean,optimum,0.00013720091165269252,0.00015045900332246785,8.056725790200608e-07,0.43346,0.0030336884655533594,50000,1.096632679113216
34,25,26.0,fit,1255,root,clean,optimum,6.14052352261972e-05,6.63406979735808e-05,5.658018135898679e-07,0.7502,0.0021304764247586675,50000,1.0803752762969303
71,3,1.0,fit,1252,root,clean,optimum,0.00010743407185892383,0.0001029900827628288,6.906036939735371e-07,0.6122,0.0026004068094563947,50000,0.9586351981340648
71,5,1.4,fit,1252,root,clean,optimum,9.312025344322663e-05,0.00010475350243674624,7.002927751853821e-07,0.60556,0.0026368901833226563,50000,1.1249271620658996
34,21,10.0,fit,1254,root,clean,optimum,7.509866315040009e-05,7.955041101283585e-05,6.130488204758705e-07,0.70046,0.002308380828550493,50000,1.0592786565790158
34,15,5.0,fit,1256,root,clean,optimum,9.255068362107662e-05,9.731739537805823e-05,6.697601326344457e-07,0.63356,0.0025219222323936315,50000,1.0515037984646078
34,27,30.0,fit,1253,root,clean,optimum,6.052928111489391e-05,6.372212598791424e-05,5.566316454372408e-07,0.76006,0.0020959469718813627,50000,1.0527487657908876
34,29,40.0,fit,1253,root,clean,optimum,5.915064876950533e-05,6.356278083665663e-05,5.570088431715946e-07,0.76066,0.002097367276414172,50000,1.0745914399746355
34,17,6.0,fit,1256,root,clean,optimum,8.73437613589845e-05,9.25051718100787e-05,6.540680459738559e-07,0.65168,0.002462835075225397,50000,1.0590930636692037
34,19,8.0,fit,1256,root,clean,optimum,8.00587953033464e-05,8.439450361106686e-05,6.264301678472633e-07,0.68222,0.0023587671023684907,50000,1.0541565519602472
34,23,20.0,fit,1254,root,clean,optimum,6.387172353312354e-05,6.861402213152257e-05,5.752104646485733e-07,0.74164,0.002165903863815769,50000,1.074247230794386
71,1,0.6,fit,1253,root,clean,optimum,0.00013720091165269252,0.0001493329642535808,7.939694713587686e-07,0.4377,0.0029896214541547906,50000,1.0884254518045704
34,25,26.0,fit,1256,root,clean,optimum,6.14052352261972e-05,6.740831048700673e-05,5.704868932739247e-07,0.74618,0.0021481176757678663,50000,1.0977616198145992
71,3,1.0,fit,1253,root,clean,optimum,0.00010743407185892383,0.00010058397097883902,6.789657203281724e-07,0.62126,0.002556585054403865,50000,0.936239027698029
71,5,1.4,fit,1253,root,clean,optimum,9.312025344322663e-05,0.0001033353305905536,7.002248528900559e-07,0.6109,0.002636634427958442,50000,1.1096976948581319
34,21,10.0,fit,1255,root,clean,optimum,7.509866315040009e-05,7.934326231620096e-05,6.139842001044471e-07,0.70124,0.002311902917379156,50000,1.0565203025958028
34,15,5.0,fit,1257,root,clean,optimum,9.255068362107662e-05,9.627634038984191e-05,6.696225798477644e-07,0.63748,0.002521404289604928,50000,1.0402553133374894
34,27,30.0,fit,1254,root,clean,optimum,6.052928111489391e-05,6.359996137195009e-05,5.559348932190816e-07,0.76052,0.0020933234133507384,50000,1.0507304927548629
34,17,6.0,fit,1257,root,clean,optimum,8.73437613589845e-05,9.094890083279616e-05,6.514001878499126e-07,0.65754,0.0024527894926536483,50000,1.0412752945112411
34,19,8.0,fit,1257,root,clean,optimum,8.00587953033464e-05,8.369338494553343e-05,6.285227683919524e-07,0.68486,0.002366646603670565,50000,1.0453990049240112
34,29,40.0,fit,1254,root,clean,optimum,5.915064876950533e-05,6.375930652320766e-05,5.578032394101189e-07,0.75992,0.0021003585048221455,50000,1.0779139003472484
34,23,20.0,fit,1255,root,clean,optimum,6.387172353312354e-05,6.857684159622912e-05,5.757708307826569e-07,0.74178,0.0021680138726726224,50000,1.0736651181906112
34,25,26.0,fit,1257,root,clean,optimum,6.14052352261972e-05,6.649473161979649e-05,5.65938403620561e-07,0.74962,0.0021309907423752946,50000,1.0828837537198777
71,1,0.6,fit,1254,root,clean,optimum,0.00013720091165269252,0.00014888679783005952,7.985170625200935e-07,0.43938,0.003006745004355474,50000,1.0851735315502014
71,3,1.0,fit,1254,root,clean,optimum,0.00010743407185892383,0.00010181624014856449,6.831147868696878e-07,0.61662,0.0025722079955806873,50000,0.947709031100149
71,5,1.4,fit,1254,root,clean,optimum,9.312025344322663e-05,0.00010408956430650623,6.950607438396563e-07,0.60806,0.0026171894344598273,50000,1.117797261687731
34,15,5.0,fit,1258,root,clean,optimum,9.255068362107662e-05,9.518748185624831e-05,6.670137791721777e-07,0.64158,0.0025115810826042855,50000,1.0284903161382075
34,21,10.0,fit,1256,root,clean,optimum,7.509866315040009e-05,8.034713676912384e-05,6.155524796367588e-07,0.69746,0.0023178081345254613,50000,1.0698877103606044
34,17,6.0,fit,1258,root,clean,optimum,8.73437613589845e-05,9.022122464205312e-05,6.518646579791438e-07,0.66028,0.002454538413630153,50000,1.03294411917117
34,19,8.0,fit,1258,root,clean,optimum,8.00587953033464e-05,8.34703017337728e-05,6.265858269185789e-07,0.6857,0.002359353222762191,50000,1.042612512685209
34,27,30.0,fit,1255,root,clean,optimum,6.052928111489391e-05,6.41682924114355e-05,5.559591941449522e-07,0.75838,0.002093414916326557,50000,1.0601198499224564
34,29,40.0,fit,1255,root,clean,optimum,5.915064876950533e-05,6.418953843160321e-05,5.554369359441984e-07,0.7583,0.0020914483995045567,50000,1.0851873946764832
34,23,20.0,fit,1256,root,clean,optimum,6.387172353312354e-05,6.971350367519999e-05,5.78356757332439e-07,0.7375,0.0021777509491862405,50000,1.0914611320774354
34,25,26.0,fit,1258,root,clean,optimum,6.14052352261972e-05,6.618135282232319e-05,5.651403901001312e-07,0.7508,0.002127985893413911,50000,1.0777802996525019
71,1,0.6,fit,1255,root,clean,optimum,0.00013720091165269252,0.00014988004927289855,7.972480789226548e-07,0.43564,0.003001966759442126,50000,1.0924129254498085
71,3,1.0,fit,1255,root,clean,optimum,0.00010743407185892383,0.00010241112871325951,6.808734031418903e-07,0.61438,0.002563768264430635,50000,0.9532462741218619
34,15,5.0,fit,1259,root,clean,optimum,9.255068362107662e-05,9.648880059151871e-05,6.705477858721923e-07,0.63668,0.002524888070631683,50000,1.0425509225471055
71,5,1.4,fit,1255,root,clean,optimum,9.312025344322663e-05,0.00010365402089306879,7.037789617973837e-07,0.6097,0.00265001710906023,50000,1.1131200470396525
34,17,6.0,fit,1259,root,clean,optimum,8.73437613589845e-05,9.081611320674817e-05,6.487824588463176e-07,0.65804,0.002442932666827691,50000,1.0397550070404253
34,19,8.0,fit,1259,root,clean,optimum,8.00587953033464e-05,8.383679558166527e-05,6.275140985870074e-07,0.68432,0.0023628485471988707,50000,1.0471903213632414
34,21,10.0,fit,1257,root,clean,optimum,7.509866315040009e-05,7.990097034560257e-05,6.170240223849777e-07,0.69914,0.0023233490979119404,50000,1.0639466402429147
34,27,30.0,fit,1256,root,clean,optimum,6.052928111489391e-05,6.49384606425139e-05,5.606887263377354e-07,0.75548,0.0021112235493051814,50000,1.0728437451495696
34,29,40.0,fit,1256,root,clean,optimum,5.915064876950533e-05,6.503406773326847e-05,5.619982097354939e-07,0.75512,0.0021161542926158763,50000,1.0994649946560906
34,25,26.0,fit,1259,root,clean,optimum,6.14052352261972e-05,6.67868643971021e-05,5.68016196309052e-07,0.74852,0.002138814486011392,50000,1.0876412109013294
34,23,20.0,fit,1257,root,clean,optimum,6.387172353312354e-05,6.898582748445695e-05,5.751724883002296e-07,0.74024,0.0021657608672524826,50000,1.0800683568321319
71,1,0.6,fit,1256,root,clean,optimum,0.00013720091165269252,0.00014954542445525757,7.88275804281402e-07,0.4369,0.002968182456987583,50000,1.0899739852590316
34,15,5.0,fit,1260,root,clean,optimum,9.255068362107662e-05,9.656847316714753e-05,6.659949051045195e-07,0.63638,0.0025077446028885855,50000,1.0434117760007116
71,3,1.0,fit,1256,root,clean,optimum,0.00010743407185892383,0.00010186404369394176,6.85089107224068e-07,0.61644,0.0025796421233422093,50000,0.9481539881286795
34,17,6.0,fit,1260,root,clean,optimum,8.73437613589845e-05,9.143755929665281e-05,6.565579823038139e-07,0.6557,0.0024722107091005668,50000,1.046869952403844
34,19,8.0,fit,1260,root,clean,optimum,8.00587953033464e-05,8.389522213712638e-05,6.290162387706978e-07,0.6841,0.0023685047225082603,50000,1.0479201169495942
71,5,1.4,fit,1256,root,clean,optimum,9.312025344322663e-05,0.00010547586712244735,6.949162192641028e-07,0.60284,0.0026166452400199734,50000,1.1326844936773466
34,21,10.0,fit,1258,root,clean,optimum,7.509866315040009e-05,7.939106586157823e-05,6.150053291163477e-07,0.70106,0.0023157478878869176,50000,1.0571568458226979
34,27,30.0,fit,1257,root,clean,optimum,6.052928111489391e-05,6.414173488622591e-05,5.565507502787163e-07,0.75848,0.0020956423683541666,50000,1.059681094914625
34,29,40.0,fit,1257,root,clean,optimum,5.915064876950533e-05,6.410455435093249e-05,5.56967874303252e-07,0.75862,0.0020972130117828886,50000,1.0837506550558935
34,25,26.0,fit,1260,root,clean,optimum,6.14052352261972e-05,6.648410860971264e-05,5.668519500613919e-07,0.74966,0.002134430620276646,50000,1.0827107552769155
34,23,20.0,fit,1258,root,clean,optimum,6.387172353312354e-05,6.862995664664831e-05,5.755035107503367e-07,0.74158,0.002167007302857813,50000,1.0744967076245748
71,1,0.6,fit,1257,root,clean,optimum,0.00013720091165269252,0.0001499384758283597,7.939513524733191e-07,0.43542,0.0029895532291025445,50000,1.0928387721497854
34,15,5.0,fit,1261,root,clean,optimum,9.255068362107662e-05,9.686060594445313e-05,6.696894888416766e-07,0.63528,0.0025216562294727587,50000,1.0465682386639337
34,17,6.0,fit,1261,root,clean,optimum,8.73437613589845e-05,9.100732738825727e-05,6.543144300784837e-07,0.65732,0.002463762812665852,50000,1.0419442209984
34,19,8.0,fit,1261,root,clean,optimum,8.00587953033464e-05,8.399614073292287e-05,6.310801034833849e-07,0.68372,0.002376276021589777,50000,1.0491806729623858
71,3,1.0,fit,1257,root,clean,optimum,0.00010743407185892383,0.00010239519419813375,6.816824429632014e-07,0.61444,0.0025668146319476606,50000,0.9530979551123517
71,5,1.4,fit,1257,root,clean,optimum,9.312025344322663e-05,0.00010420110591238657,6.934939898150704e-07,0.60764,0.0026112899614772335,50000,1.1189950849512635
34,21,10.0,fit,1259,root,clean,optimum,7.509866315040009e-05,7.984785529518336e-05,6.158819508573586e-07,0.69934,0.0023190487291139985,50000,1.0632393699908087
34,27,30.0,fit,1258,root,clean,optimum,6.052928111489391e-05,6.383897909883649e-05,5.578322393854904e-07,0.75962,0.002100467701651077,50000,1.0546792878253464
34,29,40.0,fit,1258,root,clean,optimum,5.915064876950533e-05,6.354153481648897e-05,5.5953079061618e-07,0.76074,0.002106863445295427,50000,1.0742322550694883
34,25,26.0,fit,1261,root,clean,optimum,6.14052352261972e-05,6.613886078198785e-05,5.643519010878795e-07,0.75096,0.0021250169081412675,50000,1.0770883058806549
34,23,20.0,fit,1259,root,clean,optimum,6.387172353312354e-05,6.91876646760499e-05,5.763971317778464e-07,0.73948,0.0021703721533868326,50000,1.0832283966811942
34,15,5.0,fit,1262,root,clean,optimum,9.255068362107662e-05,9.673844132848897e-05,6.703471310798543e-07,0.63574,0.0025241325228509527,50000,1.0452482633684044
34,17,6.0,fit,1262,root,clean,optimum,8.73437613589845e-05,9.165001949832959e-05,6.545134505144522e-07,0.6549,0.00246451220642298,50000,1.0493024123571493
71,1,0.6,fit,1258,root,clean,optimum,0.00013720091165269252,0.00014967290057626365,7.997482009309041e-07,0.43642,0.0030113807465833135,50000,1.0909031053317084
34,19,8.0,fit,1262,root,clean,optimum,8.00587953033464e-05,8.447417618669569e-05,6.287414657232439e-07,0.68192,0.0023674700890275982,50000,1.0551517277598197
71,3,1.0,fit,1258,root,clean,optimum,0.00010743407185892383,0.0001019065357342771,6.895948110718234e-07,0.61628,0.0025966079505877642,50000,0.948549505487373
71,5,1.4,fit,1258,root,clean,optimum,9.312025344322663e-05,0.00010410018731659008,6.962887268895409e-07,0.60802,0.0026218132954566368,50000,1.117911340093782
34,21,10.0,fit,1260,root,clean,optimum,7.509866315040009e-05,7.969382164896768e-05,6.151294694036971e-07,0.69992,0.002316215327101866,50000,1.0611882862597017
34,27,30.0,fit,1259,root,clean,optimum,6.052928111489391e-05,6.457196679462144e-05,5.616187701631297e-07,0.75686,0.0021147255466413568,50000,1.0667889260414953
34,29,40.0,fit,1259,root,clean,optimum,5.915064876950533e-05,6.464632786520831e-05,5.621890864811374e-07,0.75658,0.002116873022031125,50000,1.0929098701371511
34,25,26.0,fit,1262,root,clean,optimum,6.14052352261972e-05,6.701525911390464e-05,5.649214908324165e-07,0.74766,0.0021271616476832298,50000,1.0913606774250095
34,15,5.0,fit,1263,root,clean,optimum,9.255068362107662e-05,9.653660413689601e-05,6.720280824505294e-07,0.6365,0.002530461995787187,50000,1.0430674346192692
34,17,6.0,fit,1263,root,clean,optimum,8.73437613589845e-05,9.070988310590974e-05,6.545782905825205e-07,0.65844,0.00246475635593449,50000,1.0385387770637724
34,23,20.0,fit,1260,root,clean,optimum,6.387172353312354e-05,6.938419036260097e-05,5.778734903502108e-07,0.73874,0.0021759312503309663,50000,1.0863052775868605
34,19,8.0,fit,1263,root,clean,optimum,8.00587953033464e-05,8.316223444134144e-05,6.28153789009435e-07,0.68686,0.0023652572446109187,50000,1.0387644995935295
71,1,0.6,fit,1259,root,clean,optimum,0.00013720091165269252,0.0001510592033922048,8.015945850234046e-07,0.4312,0.0030183331417252862,50000,1.1010072861220694
71,3,1.0,fit,1259,root,clean,optimum,0.00010743407185892383,0.00010204994637040897,6.841316634176564e-07,0.61574,0.0025760369538135913,50000,0.9498843765729649
71,5,1.4,fit,1259,root,clean,optimum,9.312025344322663e-05,0.000104105498821632,6.948020461611151e-07,0.608,0.0026162153313515767,50000,1.1179683792968071
34,21,10.0,fit,1261,root,clean,optimum,7.509866315040009e-05,8.01824801128243e-05,6.148548477519702e-07,0.69808,0.0023151812636883528,50000,1.0676951725790758
34,27,30.0,fit,1260,root,clean,optimum,6.052928111489391e-05,6.425858799714814e-05,5.59477889300451e-07,0.75804,0.0021066642500944,50000,1.0616116169490835
34,29,40.0,fit,1260,root,clean,optimum,5.915064876950533e-05,6.382835608875264e-05,5.577222546679904e-07,0.75966,0.002100053563975853,50000,1.0790812512889778
34,25,26.0,fit,1263,root,clean,optimum,6.14052352261972e-05,6.603263068114943e-05,5.659098284905616e-07,0.75136,0.0021308831452638397,50000,1.0753583214510356
34,17,6.0,fit,1264,root,clean,optimum,8.73437613589845e-05,9.0693948590784e-05,6.483811130606188e-07,0.6585,0.002441421434954498,50000,1.0383563425672746
34,15,5.0,fit,1264,root,clean,optimum,9.255068362107662e-05,9.614355276379392e-05,6.674244192916857e-07,0.63798,0.0025131273114650963,50000,1.0388205575814795
34,19,8.0,fit,1264,root,clean,optimum,8.00587953033464e-05,8.374649999595262e-05,6.245543501912057e-07,0.68466,0.002351703877759823,50000,1.0460624554570592
34,23,20.0,fit,1261,root,clean,optimum,6.387172353312354e-05,6.861933363656449e-05,5.724045813165728e-07,0.74162,0.0021553385595946277,50000,1.0743303897377823
71,1,0.6,fit,1260,root,clean,optimum,0.00013720091165269252,0.00015001283689894653,7.998257435674102e-07,0.43514,0.0030116727264869153,50000,1.0933807588588467
71,3,1.0,fit,1260,root,clean,optimum,0.00010743407185892383,0.00010244830924855296,6.886978253715923e-07,0.61424,0.0025932304306827587,50000,0.953592351810719
71,5,1.4,fit,1260,root,clean,optimum,9.312025344322663e-05,0.00010422766343759616,6.951431475777371e-07,0.60754,0.002617499718409218,50000,1.1192802809663902
34,21,10.0,fit,1262,root,clean,optimum,7.509866315040009e-05,8.040556332458496e-05,6.143632885514516e-07,0.69724,0.0023133303412223513,50000,1.070665707637921
34,27,30.0,fit,1261,root,clean,optimum,6.052928111489391e-05,6.392927468454913e-05,5.555914577921381e-07,0.75928,0.0020920302377847436,50000,1.0561710548519734
34,29,40.0,fit,1261,root,clean,optimum,5.915064876950533e-05,6.372212598791424e-05,5.564181093633832e-07,0.76006,0.00209514292078032,50000,1.077285326763241
34,25,26.0,fit,1264,root,clean,optimum,6.14052352261972e-05,6.64203705492096e-05,5.669189960399336e-07,0.7499,0.0021346830759479203,50000,1.0816727646191442
34,17,6.0,fit,1265,root,clean,optimum,8.73437613589845e-05,9.107637695380225e-05,6.515928037941469e-07,0.65706,0.0024535147708665624,50000,1.0427347704832246
34,15,5.0,fit,1265,root,clean,optimum,9.255068362107662e-05,9.646224306630912e-05,6.67882702664404e-07,0.63678,0.002514852936760004,50000,1.0422639713959034
34,19,8.0,fit,1265,root,clean,optimum,8.00587953033464e-05,8.328971056234752e-05,6.273042090517621e-07,0.68638,0.0023620582268147655,50000,1.0403567808728453
34,23,20.0,fit,1262,root,clean,optimum,6.387172353312354e-05,6.963914260461312e-05,5.762006921923708e-07,0.73778,0.002169632477592777,50000,1.0902969068698865
71,1,0.6,fit,1261,root,clean,optimum,0.00013720091165269252,0.0001493382757586227,7.949231777487067e-07,0.43768,0.002993212550773964,50000,1.0884641651409317
71,5,1.4,fit,1261,root,clean,optimum,9.312025344322663e-05,0.00010433920504347648,6.994323690388263e-07,0.60712,0.0026336504004748,50000,1.1204781042299226
71,3,1.0,fit,1261,root,clean,optimum,0.00010743407185892383,0.00010208181540066049,6.785218659192763e-07,0.61562,0.00255491376008938,50000,0.9501810145919851
34,21,10.0,fit,1263,root,clean,optimum,7.509866315040009e-05,7.939637736662015e-05,6.188508080502153e-07,0.70104,0.002330227696918512,50000,1.0572275728479086
34,27,30.0,fit,1262,root,clean,optimum,6.052928111489391e-05,6.490659161226239e-05,5.583945500129624e-07,0.7556,0.002102585032324903,50000,1.0723172391401719
34,25,26.0,fit,1265,root,clean,optimum,6.14052352261972e-05,6.612292626686207e-05,5.680040965991025e-07,0.75102,0.002138768925629338,50000,1.0768288082162116
34,29,40.0,fit,1262,root,clean,optimum,5.915064876950533e-05,6.476849248117247e-05,5.582925952993681e-07,0.75612,0.0021022011309154544,50000,1.0949751833417487
34,17,6.0,fit,1266,root,clean,optimum,8.73437613589845e-05,9.115604952943103e-05,6.503643298418514e-07,0.65676,0.0024488890614203693,50000,1.043646942965714
34,15,5.0,fit,1266,root,clean,optimum,9.255068362107662e-05,9.644099704614144e-05,6.724019753107507e-07,0.63686,0.00253186985611028,50000,1.042034410474942
34,19,8.0,fit,1266,root,clean,optimum,8.00587953033464e-05,8.389522213712638e-05,6.277726103315375e-07,0.6841,0.0023638219501891334,50000,1.0479201169495942
71,1,0.6,fit,1262,root,clean,optimum,0.00013720091165269252,0.00014972601562668287,8.082027608790276e-07,0.43622,0.003043215640389862,50000,1.091290238695324
34,23,20.0,fit,1263,root,clean,optimum,6.387172353312354e-05,6.874680975757055e-05,5.732347508389312e-07,0.74114,0.0021584644891223474,50000,1.076326204379295
71,5,1.4,fit,1262,root,clean,optimum,9.312025344322663e-05,0.00010452510771994369,6.930310011795313e-07,0.60642,0.00260954661893351,50000,1.1224744763358097
71,3,1.0,fit,1262,root,clean,optimum,0.00010743407185892383,0.0001016887640275584,6.778892416305623e-07,0.6171,0.0025525316695755944,50000,0.9465224790240676
34,21,10.0,fit,1264,root,clean,optimum,7.509866315040009e-05,7.964070659854849e-05,6.149430906758392e-07,0.70012,0.002315513534572679,50000,1.060481016007596
34,27,30.0,fit,1263,root,clean,optimum,6.052928111489391e-05,6.379648705850111e-05,5.56262614452851e-07,0.75978,0.0020945574185194543,50000,1.0539772798128155
34,25,26.0,fit,1266,root,clean,optimum,6.14052352261972e-05,6.643099355929345e-05,5.691904840861532e-07,0.74986,0.0021432361622324755,50000,1.0818457630621063
34,29,40.0,fit,1263,root,clean,optimum,5.915064876950533e-05,6.387084812908801e-05,5.564122333776124e-07,0.7595,0.002095120795278322,50000,1.0797996210992726
34,17,6.0,fit,1267,root,clean,optimum,8.73437613589845e-05,9.142693628656896e-05,6.505132967431868e-07,0.65574,0.002449449983042997,50000,1.0467483294061786
34,19,8.0,fit,1267,root,clean,optimum,8.00587953033464e-05,8.383148407662337e-05,6.253389747201124e-07,0.68434,0.0023546583116640144,50000,1.0471239763099367
34,15,5.0,fit,1267,root,clean,optimum,9.255068362107662e-05,9.621791383438078e-05,6.644068744227034e-07,0.6377,0.0025017650145448566,50000,1.039624020804845
71,1,0.6,fit,1263,root,clean,optimum,0.00013720091165269252,0.0001493595217787904,7.902622560236041e-07,0.4376,0.0029756622644113713,50000,1.088619018486378
34,23,20.0,fit,1264,root,clean,optimum,6.387172353312354e-05,6.86830716970675e-05,5.78303352434945e-07,0.74138,0.0021775498577928497,50000,1.0753282970585385
71,5,1.4,fit,1263,root,clean,optimum,9.312025344322663e-05,0.00010372307045861377,6.953796455571318e-07,0.60944,0.0026183902305240638,50000,1.1138615566789822
71,3,1.0,fit,1263,root,clean,optimum,0.00010743407185892383,0.00010140194275529473,6.834400702624431e-07,0.61818,0.0025734328212758074,50000,0.9438527368528846
34,21,10.0,fit,1265,root,clean,optimum,7.509866315040009e-05,7.935388532628479e-05,6.12134428454107e-07,0.7012,0.0023049377666893183,50000,1.0566617566462237
34,27,30.0,fit,1264,root,clean,optimum,6.052928111489391e-05,6.383366759379456e-05,5.558451196930811e-07,0.75964,0.0020929853791201696,50000,1.0545915368237797
34,25,26.0,fit,1267,root,clean,optimum,6.14052352261972e-05,6.627164840803583e-05,5.658155433402757e-07,0.75046,0.0021305281229131432,50000,1.079250786417678
34,29,40.0,fit,1264,root,clean,optimum,5.915064876950533e-05,6.390271715933951e-05,5.577094823342969e-07,0.75938,0.002100005470888893,50000,1.0803383984569932
34,17,6.0,fit,1268,root,clean,optimum,8.73437613589845e-05,9.153847789244928e-05,6.495556804022962e-07,0.65532,0.002445844163851138,50000,1.0480253708816638
34,19,8.0,fit,1268,root,clean,optimum,8.00587953033464e-05,8.432545404552193e-05,6.269096961180052e-07,0.68248,0.0023605727234380647,50000,1.0532940662672847
34,15,5.0,fit,1268,root,clean,optimum,9.255068362107662e-05,9.712618119654913e-05,6.650405052992517e-07,0.63428,0.0025041508952756385,50000,1.0494377501759538
71,1,0.6,fit,1264,root,clean,optimum,0.00013720091165269252,0.0001493064067283712,7.950996345910041e-07,0.4378,0.002993876983325208,50000,1.0882318851227628
34,23,20.0,fit,1265,root,clean,optimum,6.387172353312354e-05,6.91876646760499e-05,5.794223649804426e-07,0.73948,0.002181763400043741,50000,1.0832283966811942
71,5,1.4,fit,1264,root,clean,optimum,9.312025344322663e-05,0.00010371775895357183,6.890347880404656e-07,0.60946,0.0025944992336537206,50000,1.1138045174759568
71,3,1.0,fit,1264,root,clean,optimum,0.00010743407185892383,0.00010155066489646849,6.866008239620138e-07,0.61762,0.002585334358315216,50000,0.9452370476083128
34,21,10.0,fit,1266,root,clean,optimum,7.509866315040009e-05,8.000188894139903e-05,6.187995018647995e-07,0.69876,0.0023300345080388596,50000,1.0652904537219157
34,25,26.0,fit,1268,root,clean,optimum,6.14052352261972e-05,6.698870158869505e-05,5.666300778158658e-07,0.74776,0.0021335951800623377,50000,1.090928181317605
34,27,30.0,fit,1265,root,clean,optimum,6.052928111489391e-05,6.388678264421375e-05,5.58555404830166e-07,0.75944,0.0021031907168378014,50000,1.0554690468394425
34,29,40.0,fit,1265,root,clean,optimum,5.915064876950533e-05,6.409393134084864e-05,5.623778321276275e-07,0.75866,0.0021175837269819834,50000,1.0835710626033197
34,17,6.0,fit,1269,root,clean,optimum,8.73437613589845e-05,9.027965119751424e-05,6.475810398328974e-07,0.66006,0.0024384088303484324,50000,1.033613045658329
34,19,8.0,fit,1269,root,clean,optimum,8.00587953033464e-05,8.343312119847935e-05,6.282712793979324e-07,0.68584,0.0023656996442229686,50000,1.0421480973120751
34,15,5.0,fit,1269,root,clean,optimum,9.255068362107662e-05,9.643568554109952e-05,6.643276868187942e-07,0.63688,0.002501466840662749,50000,1.0419770202447016
71,1,0.6,fit,1265,root,clean,optimum,0.00013720091165269252,0.0001483503358208256,7.942297499690548e-07,0.4414,0.0029906015101209696,50000,1.0812634845776863
34,23,20.0,fit,1266,root,clean,optimum,6.387172353312354e-05,6.900707350462463e-05,5.764745799886615e-07,0.74016,0.0021706637777388904,50000,1.0804009926057174
71,5,1.4,fit,1265,root,clean,optimum,9.312025344322663e-05,0.0001041851713972608,6.958806447797218e-07,0.6077,0.002620276698553882,50000,1.1188239673421874
34,21,10.0,fit,1267,root,clean,optimum,7.509866315040009e-05,8.002313496156672e-05,6.153073258940586e-07,0.69868,0.002316885029903455,50000,1.0655733618227583
71,3,1.0,fit,1265,root,clean,optimum,0.00010743407185892383,0.00010093984181664767,6.782592316747214e-07,0.61992,0.0025539248341917968,50000,0.9395514855770896
34,25,26.0,fit,1269,root,clean,optimum,6.14052352261972e-05,6.690902901306625e-05,5.682237057936957e-07,0.74806,0.002139595844526562,50000,1.089630692995391
34,27,30.0,fit,1266,root,clean,optimum,6.052928111489391e-05,6.410986585597438e-05,5.577950544882966e-07,0.7586,0.002100327685226729,50000,1.059154588905227
34,17,6.0,fit,1270,root,clean,optimum,8.73437613589845e-05,9.092765481262848e-05,6.563909891583534e-07,0.65762,0.002471581911258364,50000,1.0410320485159106
34,29,40.0,fit,1266,root,clean,optimum,5.915064876950533e-05,6.432763756269312e-05,5.602318405194831e-07,0.75778,0.002109503186377362,50000,1.0875220965599408
34,19,8.0,fit,1270,root,clean,optimum,8.00587953033464e-05,8.37093194606592e-05,6.2666361660651e-07,0.6848,0.002359646132915969,50000,1.0455980400839258
34,15,5.0,fit,1270,root,clean,optimum,9.255068362107662e-05,9.652598112681216e-05,6.731690270369249e-07,0.63654,0.002534758121188145,50000,1.0429526541587884
71,1,0.6,fit,1266,root,clean,optimum,0.00013720091165269252,0.0001497631961619763,8.043604082741035e-07,0.43608,0.0030287476032719485,50000,1.0915612320498547
34,21,10.0,fit,1268,root,clean,optimum,7.509866315040009e-05,8.008687302206978e-05,6.123065780377702e-07,0.69844,0.0023055859806411253,50000,1.0664220861252856
34,23,20.0,fit,1267,root,clean,optimum,6.387172353312354e-05,6.882648233319935e-05,5.743411454861747e-07,0.74084,0.002162630519799195,50000,1.0775735885302407
71,5,1.4,fit,1266,root,clean,optimum,9.312025344322663e-05,0.00010410018731659008,6.927441628111576e-07,0.60802,0.002608466554559627,50000,1.117911340093782
34,25,26.0,fit,1270,root,clean,optimum,6.14052352261972e-05,6.70843086794496e-05,5.678233312425813e-07,0.7474,0.0021380882697508456,50000,1.092485167304262
71,3,1.0,fit,1266,root,clean,optimum,0.00010743407185892383,0.00010212961894603776,6.772595925430077e-07,0.61544,0.0025501607819172563,50000,0.9506259716205157
34,27,30.0,fit,1267,root,clean,optimum,6.052928111489391e-05,6.402488177530366e-05,5.590311250857465e-07,0.75892,0.0021049819991648478,50000,1.0577505728801662
34,17,6.0,fit,1271,root,clean,optimum,8.73437613589845e-05,9.042306183364608e-05,6.514672064195911e-07,0.65952,0.002453041845119285,50000,1.0352549561268103
34,19,8.0,fit,1271,root,clean,optimum,8.00587953033464e-05,8.267888748252673e-05,6.265357705520499e-07,0.68868,0.002359164739964438,50000,1.0327270997427913
34,29,40.0,fit,1267,root,clean,optimum,5.915064876950533e-05,6.386022511900416e-05,5.565174371670956e-07,0.75954,0.0020955169307941613,50000,1.0796200286466986
34,15,5.0,fit,1271,root,clean,optimum,9.255068362107662e-05,9.517154734112255e-05,6.646133588414395e-07,0.64164,0.0025025425132654882,50000,1.0283181454474863
71,1,0.6,fit,1267,root,clean,optimum,0.00013720091165269252,0.0001503474617165875,8.042880565524818e-07,0.43388,0.0030284751692968297,50000,1.0958196990496234
34,21,10.0,fit,1269,root,clean,optimum,7.509866315040009e-05,7.994877389097982e-05,6.113902219497327e-07,0.69896,0.0023021355232630174,50000,1.0645831834698098
71,5,1.4,fit,1267,root,clean,optimum,9.312025344322663e-05,0.00010401520323591936,6.994216623385772e-07,0.60834,0.0026336100853469233,50000,1.1169987128453762
34,25,26.0,fit,1271,root,clean,optimum,6.14052352261972e-05,6.592108907526911e-05,5.649515100722968e-07,0.75178,0.002127274682462048,50000,1.073541837799936
34,23,20.0,fit,1268,root,clean,optimum,6.387172353312354e-05,6.944792842310398e-05,5.770100931541951e-07,0.7385,0.0021726802049522966,50000,1.0873031849076165
71,3,1.0,fit,1267,root,clean,optimum,0.00010743407185892383,0.00010107262944269569,6.894516750575708e-07,0.61942,0.0025960689846520344,50000,0.9407874773230078
34,27,30.0,fit,1268,root,clean,optimum,6.052928111489391e-05,6.422671896689666e-05,5.55766707768001e-07,0.75816,0.002092690125987729,50000,1.0610851109396862
34,17,6.0,fit,1272,root,clean,optimum,8.73437613589845e-05,9.078955568153857e-05,6.534124125399815e-07,0.65814,0.0024603663458212075,50000,1.0394509495462623
34,19,8.0,fit,1272,root,clean,optimum,8.00587953033464e-05,8.334813711780863e-05,6.29523956856968e-07,0.68616,0.0023704164898219054,50000,1.041086576459198
34,15,5.0,fit,1272,root,clean,optimum,9.255068362107662e-05,9.690309798478847e-05,6.720433977848688e-07,0.63512,0.002530519664316986,50000,1.0470273605058567
34,29,40.0,fit,1268,root,clean,optimum,5.915064876950533e-05,6.420016144168702e-05,5.572548659524304e-07,0.75826,0.002098293653322013,50000,1.0853669871290563
34,21,10.0,fit,1270,root,clean,optimum,7.509866315040009e-05,7.932201629603326e-05,6.138214601134962e-07,0.70132,0.002311290134412119,50000,1.0562373944949601
71,1,0.6,fit,1268,root,clean,optimum,0.00013720091165269252,0.0001493064067283712,8.032518904223155e-07,0.4378,0.0030245735778571584,50000,1.0882318851227628
34,25,26.0,fit,1272,root,clean,optimum,6.14052352261972e-05,6.630882894332928e-05,5.67765488824353e-07,0.75032,0.0021378704692676612,50000,1.0798562809680445
71,5,1.4,fit,1268,root,clean,optimum,9.312025344322663e-05,0.0001038133660443264,6.972036186060178e-07,0.6091,0.002625258238873828,50000,1.1148312231304132
34,23,20.0,fit,1269,root,clean,optimum,6.387172353312354e-05,6.929389477688833e-05,5.75743733043584e-07,0.73908,0.0021679118385453493,50000,1.084891575549122
71,3,1.0,fit,1268,root,clean,optimum,0.00010743407185892383,0.00010226240657208575,6.836962835020845e-07,0.61494,0.0025743975694502677,50000,0.9518619633664336
34,27,30.0,fit,1269,root,clean,optimum,6.052928111489391e-05,6.398770124001026e-05,5.550336108739306e-07,0.75906,0.0020899297148112934,50000,1.0571363158692026
34,17,6.0,fit,1273,root,clean,optimum,8.73437613589845e-05,9.042306183364608e-05,6.515573600551977e-07,0.65952,0.0024533813106187813,50000,1.0352549561268103
34,15,5.0,fit,1273,root,clean,optimum,9.255068362107662e-05,9.573456687556609e-05,6.736563690035475e-07,0.63952,0.0025365931640348575,50000,1.0344015098529689
34,19,8.0,fit,1273,root,clean,optimum,8.00587953033464e-05,8.26204609270656e-05,6.264796760903707e-07,0.6889,0.002358953521256232,50000,1.0319973041564383
34,29,40.0,fit,1269,root,clean,optimum,5.915064876950533e-05,6.431701455260927e-05,5.563799557769735e-07,0.75782,0.0020949992568428536,50000,1.087342504107367
34,21,10.0,fit,1271,root,clean,optimum,7.509866315040009e-05,7.887584987251201e-05,6.121108697326907e-07,0.703,0.0023048490584183846,50000,1.050296324377271
71,1,0.6,fit,1269,root,clean,optimum,0.00013720091165269252,0.00014989598378802428,7.996971358291371e-07,0.43558,0.0030111884654827063,50000,1.0925290654588928
34,25,26.0,fit,1273,root,clean,optimum,6.14052352261972e-05,6.566082532821504e-05,5.639052976814116e-07,0.75276,0.002123335262720833,50000,1.06930337594737
71,5,1.4,fit,1269,root,clean,optimum,9.312025344322663e-05,0.00010403644925608703,6.938815115117232e-07,0.60826,0.0026127491399721963,50000,1.1172268696574776
34,23,20.0,fit,1270,root,clean,optimum,6.387172353312354e-05,6.947448594831362e-05,5.77504704479598e-07,0.7384,0.002174542619923192,50000,1.087718979624599
71,3,1.0,fit,1269,root,clean,optimum,0.00010743407185892383,0.00010172063305780992,6.778085299895015e-07,0.61698,0.0025522277570670915,50000,0.9468191170430879
34,17,6.0,fit,1274,root,clean,optimum,8.73437613589845e-05,8.991846885466367e-05,6.537964986467614e-07,0.66142,0.0024618125879079557,50000,1.0294778637377096
34,27,30.0,fit,1270,root,clean,optimum,6.052928111489391e-05,6.459852431983104e-05,5.559513075906413e-07,0.75676,0.0020933852202074774,50000,1.0672276810493266
34,15,5.0,fit,1274,root,clean,optimum,9.255068362107662e-05,9.532026948229632e-05,6.694897358507649e-07,0.64108,0.0025209040773451217,50000,1.0299250718942174
34,19,8.0,fit,1274,root,clean,optimum,8.00587953033464e-05,8.301882380520959e-05,6.263176367723056e-07,0.6874,0.0023583433766106517,50000,1.0369731831542994
34,29,40.0,fit,1270,root,clean,optimum,5.915064876950533e-05,6.449229421899263e-05,5.563699026887395e-07,0.75716,0.0020949614028329087,50000,1.0903057795748328
34,21,10.0,fit,1272,root,clean,optimum,7.509866315040009e-05,7.944949241703936e-05,6.163695931899934e-07,0.70084,0.002320884902962225,50000,1.0579348431000144
34,25,26.0,fit,1274,root,clean,optimum,6.14052352261972e-05,6.587328552989184e-05,5.66096448502055e-07,0.75196,0.002131585846325104,50000,1.0727633448066076
71,1,0.6,fit,1270,root,clean,optimum,0.00013720091165269252,0.00014939670231408383,8.009660297407467e-07,0.43746,0.003015966372692038,50000,1.0888900118409088
71,5,1.4,fit,1270,root,clean,optimum,9.312025344322663e-05,0.00010368588992332032,6.914560286098685e-07,0.60958,0.0026036161997501236,50000,1.1134622822578046
34,23,20.0,fit,1271,root,clean,optimum,6.387172353312354e-05,6.839093891976191e-05,5.766064621903143e-07,0.74248,0.00217116036844383,50000,1.070754555171738
34,17,6.0,fit,1275,root,clean,optimum,8.73437613589845e-05,9.121978758993407e-05,6.480926634070446e-07,0.65652,0.002440335303429449,50000,1.0443766809517057
71,3,1.0,fit,1270,root,clean,optimum,0.00010743407185892383,0.00010224647205695999,6.826891804759421e-07,0.615,0.0025706054125448556,50000,0.9517136443569235
34,27,30.0,fit,1271,root,clean,optimum,6.052928111489391e-05,6.39239631795072e-05,5.588591407746197e-07,0.7593,0.002104334407532083,50000,1.0560833038504067
34,15,5.0,fit,1275,root,clean,optimum,9.255068362107662e-05,9.606388018816513e-05,6.675260936075119e-07,0.63828,0.002513510157061679,50000,1.0379597041278736
34,19,8.0,fit,1275,root,clean,optimum,8.00587953033464e-05,8.37624345110784e-05,6.300264587325657e-07,0.6846,0.0023723086159580264,50000,1.046261490616974
34,29,40.0,fit,1271,root,clean,optimum,5.915064876950533e-05,6.353091180640512e-05,5.55827482671268e-07,0.76078,0.0020929189684826045,50000,1.0740526626169145
34,21,10.0,fit,1273,root,clean,optimum,7.509866315040009e-05,7.89289649229312e-05,6.119230171199619e-07,0.7028,0.0023041417161067564,50000,1.0510035946293768
34,25,26.0,fit,1275,root,clean,optimum,6.14052352261972e-05,6.618135282232319e-05,5.651490728362837e-07,0.7508,0.0021280185874849285,50000,1.0777802996525019
71,1,0.6,fit,1271,root,clean,optimum,0.00013720091165269252,0.0001481644331443584,8.011062469140387e-07,0.4421,0.003016494347991639,50000,1.0799085178050327
34,17,6.0,fit,1276,root,clean,optimum,8.73437613589845e-05,9.120916457985022e-05,6.483417852501445e-07,0.65656,0.002441273349580714,50000,1.0442550579540402
71,5,1.4,fit,1271,root,clean,optimum,9.312025344322663e-05,0.0001040045802258355,6.915477117135884e-07,0.60838,0.0026039614243258185,50000,1.1168846344393255
34,23,20.0,fit,1272,root,clean,optimum,6.387172353312354e-05,6.878930179790593e-05,5.776005466644122e-07,0.74098,0.002174903505148972,50000,1.0769914759264663
34,15,5.0,fit,1276,root,clean,optimum,9.255068362107662e-05,9.654722714697982e-05,6.709930337714267e-07,0.63646,0.002526564612010145,50000,1.0431822150797498
71,3,1.0,fit,1271,root,clean,optimum,0.00010743407185892383,0.00010134882770487551,6.806179966332486e-07,0.61838,0.0025628065539300294,50000,0.9433583401545172
34,19,8.0,fit,1276,root,clean,optimum,8.00587953033464e-05,8.42457814698931e-05,6.263645131073592e-07,0.68278,0.002358519885282614,50000,1.0522988904677122
34,27,30.0,fit,1272,root,clean,optimum,6.052928111489391e-05,6.384429060387838e-05,5.584007454258132e-07,0.7596,0.0021026083606011706,50000,1.0547670388269121
34,29,40.0,fit,1272,root,clean,optimum,5.915064876950533e-05,6.385491361396224e-05,5.588060538740001e-07,0.75956,0.0021041345135276507,50000,1.079530232420412
34,21,10.0,fit,1274,root,clean,optimum,7.509866315040009e-05,7.896083395318273e-05,6.158199697911586e-07,0.70268,0.0023188153449198363,50000,1.0514279567806404
34,25,26.0,fit,1276,root,clean,optimum,6.14052352261972e-05,6.722771931558145e-05,5.687908025315826e-07,0.74686,0.002141731196873632,50000,1.0948206462842474
71,1,0.6,fit,1272,root,clean,optimum,0.00013720091165269252,0.00014937545629391616,8.181314147988628e-07,0.43754,0.0030806011039881272,50000,1.0887351584954625
34,17,6.0,fit,1277,root,clean,optimum,8.73437613589845e-05,9.128883715547905e-05,6.511594279274931e-07,0.65626,0.002451882932571264,50000,1.04516723043653
71,5,1.4,fit,1272,root,clean,optimum,9.312025344322663e-05,0.00010361152885273345,6.918293441052624e-07,0.60986,0.002605021886057291,50000,1.1126637334154499
34,15,5.0,fit,1277,root,clean,optimum,9.255068362107662e-05,9.718991925705215e-05,6.737897985556868e-07,0.63404,0.002537095581150482,50000,1.0501264329388382
34,23,20.0,fit,1273,root,clean,optimum,6.387172353312354e-05,6.763139369876736e-05,5.682892984749619e-07,0.74534,0.0021398428279361553,50000,1.0588628262660562
34,19,8.0,fit,1277,root,clean,optimum,8.00587953033464e-05,8.415548588418049e-05,6.270543263917865e-07,0.68312,0.0023611173158751978,50000,1.0511710245615307
71,3,1.0,fit,1272,root,clean,optimum,0.00010743407185892383,0.00010183217466369023,6.850482824684806e-07,0.61656,0.002579488401354693,50000,0.9478573501096591
34,27,30.0,fit,1273,root,clean,optimum,6.052928111489391e-05,6.324409053414144e-05,5.552351550790274e-07,0.76186,0.0020906886115966907,50000,1.0448511756499206
34,29,40.0,fit,1273,root,clean,optimum,5.915064876950533e-05,6.318566397868032e-05,5.547142822473922e-07,0.76208,0.002088727311258936,50000,1.0682159079082698
34,21,10.0,fit,1275,root,clean,optimum,7.509866315040009e-05,7.930608178090752e-05,6.164013212164579e-07,0.70138,0.0023210043720250013,50000,1.0560252134193284
34,25,26.0,fit,1277,root,clean,optimum,6.14052352261972e-05,6.721178480045566e-05,5.69124240879019e-07,0.74692,0.0021429867293255634,50000,1.0945611486198041
71,1,0.6,fit,1273,root,clean,optimum,0.00013720091165269252,0.00014889742084014333,8.038924932631416e-07,0.43934,0.0030269857108995647,50000,1.0852509582229242
34,17,6.0,fit,1278,root,clean,optimum,8.73437613589845e-05,9.099139287313153e-05,6.525006396225577e-07,0.65738,0.0024569331459645648,50000,1.0417617865019024
71,5,1.4,fit,1273,root,clean,optimum,9.312025344322663e-05,0.000102512047309056,6.916401929687532e-07,0.614,0.002604309654269817,50000,1.100856618389203
34,15,5.0,fit,1278,root,clean,optimum,9.255068362107662e-05,9.625509436967423e-05,6.705046948942904e-07,0.63756,0.0025247258153855267,50000,1.040025752416528
34,19,8.0,fit,1278,root,clean,optimum,8.00587953033464e-05,8.373056548082688e-05,6.282032234860033e-07,0.68472,0.0023654433857373154,50000,1.045863420297145
34,23,20.0,fit,1274,root,clean,optimum,6.387172353312354e-05,6.80881831323725e-05,5.740073899910467e-07,0.74362,0.0021613737931558278,50000,1.0660144953981447
71,3,1.0,fit,1273,root,clean,optimum,0.00010743407185892383,0.00010073800462505472,6.814041611550134e-07,0.62068,0.0025657667865404106,50000,0.9376727781232941
34,27,30.0,fit,1274,root,clean,optimum,6.052928111489391e-05,6.343530471565054e-05,5.554769903977099e-07,0.76114,0.002091599220988093,50000,1.048010211706307
34,29,40.0,fit,1274,root,clean,optimum,5.915064876950533e-05,6.357340384674048e-05,5.570022153524305e-07,0.76062,0.002097342319950376,50000,1.0747710324272093
34,21,10.0,fit,1276,root,clean,optimum,7.509866315040009e-05,8.034182526408192e-05,6.138054217811448e-07,0.69748,0.002311229743497586,50000,1.0698169833353937
34,25,26.0,fit,1278,root,clean,optimum,6.14052352261972e-05,6.68452909525632e-05,5.685376869578246e-07,0.7483,0.0021407781126846484,50000,1.0885927023376196
71,1,0.6,fit,1274,root,clean,optimum,0.00013720091165269252,0.00014797853046789118,7.960421197779937e-07,0.4428,0.0029974258275023338,50000,1.0785535510323787
34,15,5.0,fit,1279,root,clean,optimum,9.255068362107662e-05,9.7466117519232e-05,6.655108430617256e-07,0.633,0.0025059219103034385,50000,1.0531107249113392
34,17,6.0,fit,1279,root,clean,optimum,8.73437613589845e-05,9.166595401345536e-05,6.509449418255698e-07,0.65484,0.0024510753042240045,50000,1.0494848468536473
71,5,1.4,fit,1274,root,clean,optimum,9.312025344322663e-05,0.0001028041800863616,6.947780899265164e-07,0.6129,0.0026161251262800966,50000,1.103993774555597
34,19,8.0,fit,1279,root,clean,optimum,8.00587953033464e-05,8.396427170267136e-05,6.298707214492886e-07,0.68384,0.0023717222010641386,50000,1.048782602642557
34,23,20.0,fit,1275,root,clean,optimum,6.387172353312354e-05,6.881585932311552e-05,5.758676801350248e-07,0.74088,0.0021683785502982804,50000,1.077407270643448
71,3,1.0,fit,1274,root,clean,optimum,0.00010743407185892383,0.00010055210194858751,6.857916533339155e-07,0.62138,0.002582287498256863,50000,0.9359423896790087
34,27,30.0,fit,1275,root,clean,optimum,6.052928111489391e-05,6.402488177530366e-05,5.56601999778939e-07,0.75892,0.002095835343790764,50000,1.0577505728801662
34,29,40.0,fit,1275,root,clean,optimum,5.915064876950533e-05,6.408330833076479e-05,5.591105314029481e-07,0.7587,0.002105280996592413,50000,1.0833914701507459
34,21,10.0,fit,1277,root,clean,optimum,7.509866315040009e-05,8.019310312290816e-05,6.173147922968041e-07,0.69804,0.002324443966163148,50000,1.0678366266294972
34,25,26.0,fit,1279,root,clean,optimum,6.14052352261972e-05,6.653191215508991e-05,5.672512084747783e-07,0.74948,0.0021359339923349807,50000,1.0834892482702438
34,15,5.0,fit,1280,root,clean,optimum,9.255068362107662e-05,9.646224306630912e-05,6.76931298201179e-07,0.63678,0.0025489246187610968,50000,1.0422639713959034
34,17,6.0,fit,1280,root,clean,optimum,8.73437613589845e-05,9.128883715547905e-05,6.524006703831179e-07,0.65626,0.0024565567206815205,50000,1.04516723043653
34,19,8.0,fit,1280,root,clean,optimum,8.00587953033464e-05,8.359777785477886e-05,6.337344071419787e-07,0.68522,0.0023862705660273524,50000,1.0442047939645245
71,1,0.6,fit,1275,root,clean,optimum,0.00013720091165269252,0.00014945512886954494,7.972956635322658e-07,0.43724,0.0030021459350589633,50000,1.0893158585408855
71,5,1.4,fit,1275,root,clean,optimum,9.312025344322663e-05,0.00010410018731659008,7.004015599535426e-07,0.60802,0.0026372998026953274,50000,1.117911340093782
34,23,20.0,fit,1276,root,clean,optimum,6.387172353312354e-05,6.981442227099648e-05,5.778881417624674e-07,0.73712,0.0021759864189211903,50000,1.0930411520019667
71,3,1.0,fit,1275,root,clean,optimum,0.00010743407185892383,0.00010171001004772608,6.864076101221143e-07,0.61702,0.002584606828779332,50000,0.9467202377034145
34,27,30.0,fit,1276,root,clean,optimum,6.052928111489391e-05,6.511374030889727e-05,5.6186253501161e-07,0.75482,0.0021156434215056615,50000,1.0757395282012576
34,29,40.0,fit,1276,root,clean,optimum,5.915064876950533e-05,6.52305934198195e-05,5.640356672432846e-07,0.75438,0.0021238261577151674,50000,1.1027874550287038
34,25,26.0,fit,1280,root,clean,optimum,6.14052352261972e-05,6.581485897443073e-05,5.616006579219042e-07,0.75218,0.0021146573466073455,50000,1.0718118533703176
34,21,10.0,fit,1278,root,clean,optimum,7.509866315040009e-05,8.003906947669248e-05,6.139469348928163e-07,0.69862,0.0023117625985379356,50000,1.06578554289839
34,15,5.0,fit,1281,root,clean,optimum,9.255068362107662e-05,9.670657229823744e-05,6.691138129085776e-07,0.63586,0.0025194885729288765,50000,1.044903921986962
34,17,6.0,fit,1281,root,clean,optimum,8.73437613589845e-05,9.124634511514367e-05,6.539823243523183e-07,0.65642,0.002462512298080836,50000,1.0446807384458687
34,19,8.0,fit,1281,root,clean,optimum,8.00587953033464e-05,8.351810527915007e-05,6.262111262921408e-07,0.68552,0.0023579423208672256,50000,1.0432096181649524
71,1,0.6,fit,1276,root,clean,optimum,0.00013720091165269252,0.00014910456953677823,8.039707655582097e-07,0.43856,0.0030272804382676095,50000,1.0867607783410242
71,5,1.4,fit,1276,root,clean,optimum,9.312025344322663e-05,0.00010370713594348798,6.978834470682673e-07,0.6095,0.0026278180725062316,50000,1.1136904390699058
71,3,1.0,fit,1276,root,clean,optimum,0.00010743407185892383,0.00010130102415949824,6.819742789480678e-07,0.61856,0.0025679135144021184,50000,0.9429133831259868
34,23,20.0,fit,1277,root,clean,optimum,6.387172353312354e-05,6.974006120040959e-05,5.785563264372454e-07,0.7374,0.0021785024089070967,50000,1.0918769267944173
34,27,30.0,fit,1277,root,clean,optimum,6.052928111489391e-05,6.460914732991489e-05,5.57947968707293e-07,0.75672,0.0021009034701230606,50000,1.0674031830524595
34,29,40.0,fit,1277,root,clean,optimum,5.915064876950533e-05,6.442324465344768e-05,5.577153576902187e-07,0.75742,0.00210002759401925,50000,1.0891384286331038
34,25,26.0,fit,1281,root,clean,optimum,6.14052352261972e-05,6.664876526601214e-05,5.648815240897762e-07,0.74904,0.0021270111564671815,50000,1.0853922311428246
34,21,10.0,fit,1279,root,clean,optimum,7.509866315040009e-05,7.948136144729087e-05,6.177811608989561e-07,0.70072,0.002326200035670646,50000,1.058359205251278
34,15,5.0,fit,1282,root,clean,optimum,9.255068362107662e-05,9.620197931925504e-05,6.671740525377618e-07,0.63776,0.002512184577712806,50000,1.0394518501141239
34,17,6.0,fit,1282,root,clean,optimum,8.73437613589845e-05,9.093827782271231e-05,6.489242106422032e-07,0.65758,0.0024434664206122282,50000,1.0411536715135759
34,19,8.0,fit,1282,root,clean,optimum,8.00587953033464e-05,8.383679558166527e-05,6.259133466998634e-07,0.68432,0.0023568210582874966,50000,1.0471903213632414
71,5,1.4,fit,1277,root,clean,optimum,9.312025344322663e-05,0.00010484379802245888,7.026392212585906e-07,0.60522,0.0026457255173934695,50000,1.1258968285173305
71,1,0.6,fit,1277,root,clean,optimum,0.00013720091165269252,0.00015043775730230014,7.9569092771157e-07,0.43354,0.002996103445000004,50000,1.0964778257677696
71,3,1.0,fit,1277,root,clean,optimum,0.00010743407185892383,0.00010308037834854144,6.893933322753192e-07,0.61186,0.002595849300092607,50000,0.9594756725212892
34,23,20.0,fit,1278,root,clean,optimum,6.387172353312354e-05,6.922484521134336e-05,5.792964581500206e-07,0.73934,0.002181289309067913,50000,1.083810509284969
34,27,30.0,fit,1278,root,clean,optimum,6.052928111489391e-05,6.456134378453759e-05,5.586308570339011e-07,0.7569,0.0021034748254026604,50000,1.0666134240383625
34,29,40.0,fit,1278,root,clean,optimum,5.915064876950533e-05,6.461445883495679e-05,5.61323637688287e-07,0.7567,0.002113614251546978,50000,1.0923710927794301
34,25,26.0,fit,1282,root,clean,optimum,6.14052352261972e-05,6.691965202315007e-05,5.692988981135053e-07,0.74802,0.002143644385613594,50000,1.0898036914383524
34,21,10.0,fit,1280,root,clean,optimum,7.509866315040009e-05,7.93857543565363e-05,6.150701144547532e-07,0.70108,0.002315991831318748,50000,1.0570861187974872
34,15,5.0,fit,1283,root,clean,optimum,9.255068362107662e-05,9.726959183268096e-05,6.711364458343898e-07,0.63374,0.0025271046173827513,50000,1.0509872863924443
34,17,6.0,fit,1283,root,clean,optimum,8.73437613589845e-05,9.188372572017406e-05,6.535662383870237e-07,0.65402,0.0024609455633718947,50000,1.051978118305785
34,19,8.0,fit,1283,root,clean,optimum,8.00587953033464e-05,8.483535852954622e-05,6.304794704920526e-07,0.68056,0.0023740143914619998,50000,1.059663191384547
71,1,0.6,fit,1278,root,clean,optimum,0.00013720091165269252,0.0001504005767670067,8.028501490021377e-07,0.43368,0.0030230608562575095,50000,1.096206832413239
71,5,1.4,fit,1278,root,clean,optimum,9.312025344322663e-05,0.00010408425280146433,6.951850066314482e-07,0.60808,0.0026176573349543622,50000,1.117740222484706
71,3,1.0,fit,1278,root,clean,optimum,0.00010743407185892383,0.00010211368443091199,6.805371157715112e-07,0.6155,0.002562502004236114,50000,0.9504776526110054
34,23,20.0,fit,1279,root,clean,optimum,6.387172353312354e-05,6.901238500966655e-05,5.742103079557834e-07,0.74014,0.002162137862711011,50000,1.0804841515491137
34,27,30.0,fit,1279,root,clean,optimum,6.052928111489391e-05,6.411517736101631e-05,5.552019804084878e-07,0.75858,0.002090563695324268,50000,1.0592423399067936
34,25,26.0,fit,1283,root,clean,optimum,6.14052352261972e-05,6.710555469961728e-05,5.702048909166269e-07,0.74732,0.0021470558209637303,50000,1.0928311641901856
34,29,40.0,fit,1279,root,clean,optimum,5.915064876950533e-05,6.405143930051327e-05,5.580672970643264e-07,0.75882,0.002101352790442223,50000,1.0828526927930249
71,11,3.0,fit,1234,root,clean,optimum,7.129913546892428e-05,9.048679989414913e-05,6.562724138691108e-07,0.65928,0.0024711354265490137,50000,1.2691149661076575
71,7,1.8,fit,1234,root,clean,optimum,8.418369082411134e-05,0.00010204994637040897,6.891623653335074e-07,0.61574,0.0025949796146080262,50000,1.2122294160709393
71,9,2.0,fit,1234,root,clean,optimum,8.166618793623831e-05,0.00010489160156783615,7.013438185834971e-07,0.60504,0.0026408477937920802,50000,1.2843944871007242
34,21,10.0,fit,1281,root,clean,optimum,7.509866315040009e-05,7.972037917417727e-05,6.150616615720476e-07,0.69982,0.002315960002740449,50000,1.0615419213857546
71,5,1.4,fit,1279,root,clean,optimum,9.312025344322663e-05,0.00010526871842581246,6.940326491280506e-07,0.60362,0.0026133182352291325,50000,1.130459964759358
71,1,0.6,fit,1279,root,clean,optimum,0.00013720091165269252,0.00014918424211240704,8.006525196116723e-07,0.43826,0.0030147858781745707,50000,1.0873414783864475
71,3,1.0,fit,1279,root,clean,optimum,0.00010743407185892383,0.00010217742249141503,6.895363295985314e-07,0.61526,0.002596387743799555,50000,0.9510709286490461
34,27,30.0,fit,1280,root,clean,optimum,6.052928111489391e-05,6.341405869548288e-05,5.532252597129069e-07,0.76122,0.0020831205292913637,50000,1.0476592077000422
34,23,20.0,fit,1280,root,clean,optimum,6.387172353312354e-05,6.84440539701811e-05,5.73356204204091e-07,0.74228,0.0021589218109706793,50000,1.0715861446057016
71,13,4.0,fit,1234,root,clean,optimum,6.429618811599242e-05,7.701151160279809e-05,6.053958110355202e-07,0.71002,0.002279564101916703,50000,1.1977617003338799
71,11,3.0,fit,1235,root,clean,optimum,7.129913546892428e-05,9.0162798086592e-05,6.54279180855855e-07,0.6605,0.0024636300848519823,50000,1.2645707061327476
71,7,1.8,fit,1235,root,clean,optimum,8.418369082411134e-05,0.00010146036931075585,6.935872533036004e-07,0.61796,0.0026116411368514217,50000,1.205225956684905
71,9,2.0,fit,1235,root,clean,optimum,8.166618793623831e-05,0.00010415330236700927,6.964476441402697e-07,0.60782,0.0026224116842352395,50000,1.2753540357280788
34,29,40.0,fit,1280,root,clean,optimum,5.915064876950533e-05,6.332376310977023e-05,5.53392959795913e-07,0.76156,0.0020837519890440424,50000,1.0705506097917274
34,21,10.0,fit,1282,root,clean,optimum,7.509866315040009e-05,7.981067475988991e-05,6.145214768875067e-07,0.69948,0.0023139259853375564,50000,1.0627442808143346
71,5,1.4,fit,1280,root,clean,optimum,9.312025344322663e-05,0.00010315473941912831,6.939197895596889e-07,0.61158,0.002612893272558586,50000,1.10775836195527
71,1,0.6,fit,1280,root,clean,optimum,0.00013720091165269252,0.00014900896244602368,8.07341633504353e-07,0.43892,0.003039973141821647,50000,1.0860639382865167
71,3,1.0,fit,1280,root,clean,optimum,0.00010743407185892383,0.00010081236569564161,6.84497212154328e-07,0.6204,0.0025774133950813172,50000,0.9383649335010084
34,27,30.0,fit,1281,root,clean,optimum,6.052928111489391e-05,6.455603227949567e-05,5.587608175887748e-07,0.75692,0.002103964180317503,50000,1.0665256730367962
34,23,20.0,fit,1281,root,clean,optimum,6.387172353312354e-05,6.908143457521152e-05,5.784768058846887e-07,0.73988,0.0021782029813364585,50000,1.0815652178132669
71,13,4.0,fit,1235,root,clean,optimum,6.429618811599242e-05,7.52640264440064e-05,6.023169568654446e-07,0.7166,0.0022679709502740845,50000,1.1705830259832455
71,11,3.0,fit,1236,root,clean,optimum,7.129913546892428e-05,9.119323006472448e-05,6.528536176444007e-07,0.65662,0.002458262253323241,50000,1.2790229427742645
71,7,1.8,fit,1236,root,clean,optimum,8.418369082411134e-05,0.00010126915512924671,6.888541894448022e-07,0.61868,0.002593819205698412,50000,1.2029545644515964
71,9,2.0,fit,1236,root,clean,optimum,8.166618793623831e-05,0.00010375493948886528,6.969840045539826e-07,0.60932,0.002624431301686338,50000,1.270476094339961
34,29,40.0,fit,1281,root,clean,optimum,5.915064876950533e-05,6.44338676635315e-05,5.576208439660083e-07,0.75738,0.0020996717109937634,50000,1.0893180210856774
34,21,10.0,fit,1283,root,clean,optimum,7.509866315040009e-05,8.069238459684864e-05,6.190698665457773e-07,0.69616,0.0023310525422074956,50000,1.0744849669992926
71,5,1.4,fit,1281,root,clean,optimum,9.312025344322663e-05,0.00010371244744852991,6.907011994693322e-07,0.60948,0.0026007739577317917,50000,1.1137474782729313
71,1,0.6,fit,1281,root,clean,optimum,0.00013720091165269252,0.00014908332351661058,8.002526705514154e-07,0.43864,0.003013280282087958,50000,1.0866059249955784
71,3,1.0,fit,1281,root,clean,optimum,0.00010743407185892383,0.00010274575353090047,6.875759558862889e-07,0.61312,0.0025890061308790338,50000,0.9563609733215754
34,27,30.0,fit,1282,root,clean,optimum,6.052928111489391e-05,6.466757388537601e-05,5.583499366163714e-07,0.7565,0.002102417044546528,50000,1.0683684440696888
34,23,20.0,fit,1282,root,clean,optimum,6.387172353312354e-05,6.943730541302017e-05,5.77202632807705e-07,0.73854,0.0021734051958992705,50000,1.0871368670208241
71,13,4.0,fit,1236,root,clean,optimum,6.429618811599242e-05,7.57420618977792e-05,5.981057120255099e-07,0.7148,0.0022521138822427134,50000,1.178017921702264
71,11,3.0,fit,1237,root,clean,optimum,7.129913546892428e-05,8.967945112777727e-05,6.502301315700934e-07,0.66232,0.002448383749759366,50000,1.2577915642029636
71,7,1.8,fit,1237,root,clean,optimum,8.418369082411134e-05,0.00010111512148303103,6.850009548537696e-07,0.61926,0.002579310193429303,50000,1.2011248318192091
71,9,2.0,fit,1237,root,clean,optimum,8.166618793623831e-05,0.00010424359795272191,6.953677134736719e-07,0.60748,0.0026183453013246534,50000,1.276459702442719
34,29,40.0,fit,1282,root,clean,optimum,5.915064876950533e-05,6.454540926941184e-05,5.558100239373452e-07,0.75696,0.0020928532291722398,50000,1.0912037418377014
71,15,5.0,fit,1234,root,clean,optimum,6.245152287199031e-05,8.458571779257599e-05,6.344753528931635e-07,0.6815,0.0023890605313774257,50000,1.354422020515899
71,5,1.4,fit,1282,root,clean,optimum,9.312025344322663e-05,0.00010448261567960831,6.952429075158707e-07,0.60658,0.0026178753555868026,50000,1.1220181627116068
71,1,0.6,fit,1282,root,clean,optimum,0.00013720091165269252,0.00014952417843508995,7.949021021256542e-07,0.43698,0.0029931331923891517,50000,1.089819131913586
71,13,4.0,fit,1237,root,clean,optimum,6.429618811599242e-05,7.53118299893837e-05,5.978652486137907e-07,0.71642,0.002251208438645009,50000,1.1713265155551476
34,27,30.0,fit,1283,root,clean,optimum,6.052928111489391e-05,6.474193495596288e-05,5.606833148593837e-07,0.75622,0.0021112031728645715,50000,1.069596958091617
71,3,1.0,fit,1282,root,clean,optimum,0.00010743407185892383,0.00010224647205695999,6.83710247400463e-07,0.615,0.0025744501492681094,50000,0.9517136443569235
34,23,20.0,fit,1283,root,clean,optimum,6.387172353312354e-05,6.922484521134336e-05,5.773640300577178e-07,0.73934,0.002174012922894685,50000,1.083810509284969
71,11,3.0,fit,1238,root,clean,optimum,7.129913546892428e-05,9.015748658155007e-05,6.507191171203391e-07,0.66052,0.0024502249813740835,50000,1.264496210067585
71,7,1.8,fit,1238,root,clean,optimum,8.418369082411134e-05,0.00010197027379478014,6.898553420510991e-07,0.61604,0.002597588956826936,50000,1.2112830026403938
71,9,2.0,fit,1238,root,clean,optimum,8.166618793623831e-05,0.00010446136965944065,6.901106458619751e-07,0.60666,0.0025985502806282353,50000,1.2791263104015569
34,29,40.0,fit,1283,root,clean,optimum,5.915064876950533e-05,6.48269190366336e-05,5.623870709699382e-07,0.7559,0.0021176185150212972,50000,1.0959629418309038
71,15,5.0,fit,1235,root,clean,optimum,6.245152287199031e-05,8.253547684639486e-05,6.241285659302779e-07,0.68922,0.002350100624980931,50000,1.3215927018396578
71,5,1.4,fit,1283,root,clean,optimum,9.312025344322663e-05,0.00010506156972917759,7.027249969368271e-07,0.6044,0.002646048498083724,50000,1.1282354358413695
71,1,0.6,fit,1283,root,clean,optimum,0.00013720091165269252,0.00014895053589056257,7.945251281866099e-07,0.43914,0.0029917137305376837,50000,1.08563809158654
71,13,4.0,fit,1238,root,clean,optimum,6.429618811599242e-05,7.551897868601854e-05,6.035720296208755e-07,0.71564,0.002272696815148637,50000,1.174548303700055
71,11,3.0,fit,1239,root,clean,optimum,7.129913546892428e-05,8.96582051076096e-05,6.55960564871548e-07,0.6624,0.0024699611868745654,50000,1.2574935799423137
71,7,1.8,fit,1239,root,clean,optimum,8.418369082411134e-05,0.0001011098099779891,6.882470215010129e-07,0.61928,0.002591532968788168,50000,1.201061737590506
71,3,1.0,fit,1283,root,clean,optimum,0.00010743407185892383,0.00010300601727795455,6.893356445783387e-07,0.61214,0.002595632082198525,50000,0.9587835171435749
71,17,6.0,fit,1234,root,clean,optimum,5.8197509925692185e-05,7.293227573060351e-05,5.959665105330885e-07,0.72538,0.0022440589092151512,50000,1.2531855026739973
71,19,8.0,fit,1234,root,clean,optimum,5.386197100141849e-05,6.895926995924735e-05,5.74709006055395e-07,0.74034,0.0021640156660668423,50000,1.2802960730388286
71,9,2.0,fit,1239,root,clean,optimum,8.166618793623831e-05,0.000104105498821632,6.976380064543867e-07,0.608,0.0026268938876963014,50000,1.2747686827615048
71,21,10.0,fit,1234,root,clean,optimum,5.082007177999266e-05,6.263326745432065e-05,5.520082490790607e-07,0.76416,0.0020785379839516113,50000,1.2324513771934247
71,15,5.0,fit,1236,root,clean,optimum,6.245152287199031e-05,8.3788992036288e-05,6.278207594765387e-07,0.6845,0.002364003251513791,50000,1.3416645132582925
71,23,20.0,fit,1234,root,clean,optimum,4.242251218268355e-05,4.8085055144501756e-05,4.875739755716479e-07,0.81894,0.0018359164557825588,50000,1.1334796708274528
71,13,4.0,fit,1239,root,clean,optimum,6.429618811599242e-05,7.61138672507136e-05,6.017048695034712e-07,0.7134,0.0022656661897320434,50000,1.1838006183726115
71,25,26.0,fit,1234,root,clean,optimum,4.0049449694312016e-05,4.692714704536319e-05,4.81051567310706e-07,0.8233,0.0018113569073703287,50000,1.1717301337108752
71,11,3.0,fit,1240,root,clean,optimum,7.129913546892428e-05,8.97963042386995e-05,6.588332529813371e-07,0.66188,0.0024807780385469893,50000,1.2594304776365375
71,7,1.8,fit,1240,root,clean,optimum,8.418369082411134e-05,0.00010037151077716226,6.917706809095684e-07,0.62206,0.002604800995009533,50000,1.192291639800788
71,17,6.0,fit,1235,root,clean,optimum,5.8197509925692185e-05,7.115292154156033e-05,5.863731208989368e-07,0.73208,0.002207935853476946,50000,1.2226110985231136
71,9,2.0,fit,1240,root,clean,optimum,8.166618793623831e-05,0.00010294759072249344,7.030384881977823e-07,0.61236,0.002647228921554966,50000,1.2605901331267084
71,19,8.0,fit,1235,root,clean,optimum,5.386197100141849e-05,6.767388573910272e-05,5.72115511889271e-07,0.74518,0.002154250094366711,50000,1.2564316619107847
71,27,30.0,fit,1234,root,clean,optimum,3.8741844398712546e-05,4.65818992176384e-05,4.790921685735847e-07,0.8246,0.0018039789656319435,50000,1.2023665868418592
71,21,10.0,fit,1235,root,clean,optimum,5.082007177999266e-05,6.103450443670273e-05,5.440394332859139e-07,0.77018,0.0020485321165740803,50000,1.2009920942443726
71,15,5.0,fit,1237,root,clean,optimum,6.245152287199031e-05,8.302413531025153e-05,6.218469052110692e-07,0.68738,0.0023415092344006676,50000,1.3294173062909902
71,13,4.0,fit,1240,root,clean,optimum,6.429618811599242e-05,7.569425835240193e-05,6.014109233809447e-07,0.71498,0.002264559361741835,50000,1.1772744321303623
71,11,3.0,fit,1241,root,clean,optimum,7.129913546892428e-05,9.027433969247232e-05,6.50952652427575e-07,0.66008,0.0024511043378103205,50000,1.266135123501159
71,23,20.0,fit,1235,root,clean,optimum,4.242251218268355e-05,4.6714686843686385e-05,4.823432565179746e-07,0.8241,0.0018162206482387805,50000,1.1011768148599852
71,25,26.0,fit,1235,root,clean,optimum,4.0049449694312016e-05,4.544523713866753e-05,4.7570387269792706e-07,0.82888,0.0017912206387588024,50000,1.134728129488427
71,7,1.8,fit,1241,root,clean,optimum,8.418369082411134e-05,0.0001002334116460723,6.86491681139333e-07,0.62258,0.0025849233907200824,50000,1.1906511898545094
71,9,2.0,fit,1241,root,clean,optimum,8.166618793623831e-05,0.00010365933239811072,6.97301859289602e-07,0.60968,0.0026256281554334804,50000,1.2693053884068126
71,17,6.0,fit,1236,root,clean,optimum,5.8197509925692185e-05,7.224709158019582e-05,5.852943045730174e-07,0.72796,0.0022038736665171105,50000,1.2414120754039553
71,19,8.0,fit,1236,root,clean,optimum,5.386197100141849e-05,6.81731672130432e-05,5.714008653215536e-07,0.7433,0.002151559156253776,50000,1.2657013092084546
71,27,30.0,fit,1235,root,clean,optimum,3.8741844398712546e-05,4.5360253057996784e-05,4.747791086774132e-07,0.8292,0.0017877385220584872,50000,1.1708335976772488
71,21,10.0,fit,1236,root,clean,optimum,5.082007177999266e-05,6.207555942491902e-05,5.482566186133637e-07,0.76626,0.0020644115529830326,50000,1.2214772087228245
71,15,5.0,fit,1238,root,clean,optimum,6.245152287199031e-05,8.383148407662337e-05,6.293542263262461e-07,0.68434,0.002369777384598876,50000,1.342344913645365
71,13,4.0,fit,1241,root,clean,optimum,6.429618811599242e-05,7.626258939188736e-05,6.04019230097311e-07,0.71284,0.0022743807087829498,50000,1.1861136970407506
71,11,3.0,fit,1242,root,clean,optimum,7.129913546892428e-05,9.006187949079552e-05,6.496322022026201e-07,0.66088,0.0024461322998868564,50000,1.2631552808946607
71,7,1.8,fit,1242,root,clean,optimum,8.418369082411134e-05,0.00010131164716958209,6.902317979443253e-07,0.61852,0.0025990064680229343,50000,1.2034593182812208
71,25,26.0,fit,1236,root,clean,optimum,4.0049449694312016e-05,4.68209169445248e-05,4.828482501499113e-07,0.8237,0.0018181221568618587,50000,1.1690776602899113
71,23,20.0,fit,1236,root,clean,optimum,4.242251218268355e-05,4.78832179529088e-05,4.865913175040701e-07,0.8197,0.0018322163441952693,50000,1.1287218858399966
71,9,2.0,fit,1242,root,clean,optimum,8.166618793623831e-05,0.00010452510771994369,6.968133407800303e-07,0.60642,0.002623788682418897,50000,1.2799067810236557
71,17,6.0,fit,1237,root,clean,optimum,5.8197509925692185e-05,7.18965322474291e-05,5.885352096972219e-07,0.72928,0.0022160770066198734,50000,1.235388461451841
71,19,8.0,fit,1237,root,clean,optimum,5.386197100141849e-05,6.847592300043263e-05,5.757911679393183e-07,0.74216,0.0021680904504278948,50000,1.271322265548531
71,27,30.0,fit,1236,root,clean,optimum,3.8741844398712546e-05,4.633756998571007e-05,4.801499638939889e-07,0.82552,0.0018079619998644474,50000,1.196059989008937
71,21,10.0,fit,1237,root,clean,optimum,5.082007177999266e-05,6.171437708206849e-05,5.482343932894483e-07,0.76762,0.0020643278655018385,50000,1.2143701281894845
71,13,4.0,fit,1242,root,clean,optimum,6.429618811599242e-05,7.591203005912064e-05,6.004795646192172e-07,0.71416,0.0022610524131298055,50000,1.1806614401801372
71,15,5.0,fit,1239,root,clean,optimum,6.245152287199031e-05,8.347561323881473e-05,6.237121715442186e-07,0.68568,0.0023485327289410217,50000,1.3366465604036342
71,11,3.0,fit,1243,root,clean,optimum,7.129913546892428e-05,9.02159131370112e-05,6.55048650891209e-07,0.6603,0.002466527455858057,50000,1.2653156667843721
71,7,1.8,fit,1243,root,clean,optimum,8.418369082411134e-05,0.00010112574449311488,6.871687045774768e-07,0.61922,0.0025874726622836055,50000,1.2012510202766153
71,9,2.0,fit,1243,root,clean,optimum,8.166618793623831e-05,0.00010312818189391872,6.939531912545327e-07,0.61168,0.0026130190436708424,50000,1.2628014665559886
71,25,26.0,fit,1237,root,clean,optimum,4.0049449694312016e-05,4.6056060218488325e-05,4.790718869413177e-07,0.82658,0.001803902596948842,50000,1.1499798516589703
71,23,20.0,fit,1237,root,clean,optimum,4.242251218268355e-05,4.7155541762165774e-05,4.834267976287861e-07,0.82244,0.0018203006259560558,50000,1.1115688189115354
71,17,6.0,fit,1238,root,clean,optimum,5.8197509925692185e-05,7.241705974153729e-05,5.873881859793307e-07,0.72732,0.0022117579907897514,50000,1.2443326155019505
71,19,8.0,fit,1238,root,clean,optimum,5.386197100141849e-05,6.866713718194176e-05,5.74151531397334e-07,0.74144,0.002161916544805877,50000,1.2748723432370006
71,27,30.0,fit,1237,root,clean,optimum,3.8741844398712546e-05,4.562051680505089e-05,4.76011943143119e-07,0.82822,0.001792380650630242,50000,1.1775514953688404
71,13,4.0,fit,1243,root,clean,optimum,6.429618811599242e-05,7.572612738265343e-05,6.064698510179995e-07,0.71486,0.00228360830397997,50000,1.1777700918449632
71,21,10.0,fit,1238,root,clean,optimum,5.082007177999266e-05,6.239424972743425e-05,5.480073950066222e-07,0.76506,0.0020634731236498227,50000,1.2277481621345963
71,15,5.0,fit,1240,root,clean,optimum,6.245152287199031e-05,8.382086106653952e-05,6.289356105251288e-07,0.68438,0.0023682011240180674,50000,1.3421748135485967
71,11,3.0,fit,1244,root,clean,optimum,7.129913546892428e-05,8.984941928911871e-05,6.538767166583782e-07,0.66168,0.0024621146416986747,50000,1.2601754382881623
71,7,1.8,fit,1244,root,clean,optimum,8.418369082411134e-05,0.00010170469854268415,6.965539660941197e-07,0.61704,0.002622812030099588,50000,1.2081282912052433
71,9,2.0,fit,1244,root,clean,optimum,8.166618793623831e-05,0.0001038133660443264,6.999696999091648e-07,0.6091,0.0026356736720940404,50000,1.2711915257435515
71,23,20.0,fit,1238,root,clean,optimum,4.242251218268355e-05,4.821253126550785e-05,4.866374057656477e-07,0.81846,0.001832389885446624,50000,1.136484587661636
71,25,26.0,fit,1238,root,clean,optimum,4.0049449694312016e-05,4.646504610671616e-05,4.817487992025065e-07,0.82504,0.0018139822720694026,50000,1.1601918743296817
71,17,6.0,fit,1239,root,clean,optimum,5.8197509925692185e-05,7.206118890372864e-05,5.867861716731385e-07,0.72866,0.0022094911594436797,50000,1.2382177346717735
71,19,8.0,fit,1239,root,clean,optimum,5.386197100141849e-05,6.761014767859968e-05,5.695716129046438e-07,0.74542,0.0021446712689130966,50000,1.2552483026812948
71,27,30.0,fit,1238,root,clean,optimum,3.8741844398712546e-05,4.6539407177303026e-05,4.81673091279316e-07,0.82476,0.0018136972006156697,50000,1.201269787218742
71,13,4.0,fit,1244,root,clean,optimum,6.429618811599242e-05,7.551366718097665e-05,6.019387947840121e-07,0.71566,0.002266547014578089,50000,1.1744656937476219
71,21,10.0,fit,1239,root,clean,optimum,5.082007177999266e-05,6.103450443670273e-05,5.44023448541598e-07,0.77018,0.0020484719274405307,50000,1.2009920942443726
71,11,3.0,fit,1245,root,clean,optimum,7.129913546892428e-05,9.015217507650815e-05,6.54982598651965e-07,0.66054,0.0024662787420237572,50000,1.2644217140024225
71,7,1.8,fit,1245,root,clean,optimum,8.418369082411134e-05,0.0001012850896443725,6.929074641925934e-07,0.61862,0.002609081451392623,50000,1.2031438471377058
71,15,5.0,fit,1241,root,clean,optimum,6.245152287199031e-05,8.407581330855167e-05,6.32229289696265e-07,0.68342,0.002380603180102516,50000,1.3462572158710309
71,9,2.0,fit,1245,root,clean,optimum,8.166618793623831e-05,0.00010402582624600321,6.97430571505221e-07,0.6083,0.0026261128098378464,50000,1.2737930944838813
71,23,20.0,fit,1239,root,clean,optimum,4.242251218268355e-05,4.6969639085698564e-05,4.841007187087486e-07,0.82314,0.0018228382158656715,50000,1.1071866485283517
71,25,26.0,fit,1239,root,clean,optimum,4.0049449694312016e-05,4.554084422942207e-05,4.762574266437903e-07,0.82852,0.0017933049969265698,50000,1.1371153555672942
71,17,6.0,fit,1240,root,clean,optimum,5.8197509925692185e-05,7.190184375247104e-05,5.884399448128066e-07,0.72926,0.002215718295167419,50000,1.2354797283299035
71,19,8.0,fit,1240,root,clean,optimum,5.386197100141849e-05,6.821034774833662e-05,5.727150113120288e-07,0.74316,0.002156507456142804,50000,1.2663916020923234
71,27,30.0,fit,1239,root,clean,optimum,3.8741844398712546e-05,4.537618757312256e-05,4.75518032814757e-07,0.82914,0.0017905208752013798,50000,1.1712448975359182
71,13,4.0,fit,1245,root,clean,optimum,6.429618811599242e-05,7.585891500870143e-05,6.060004559831905e-07,0.71436,0.0022818408387093756,50000,1.1798353406558018
71,11,3.0,fit,1246,root,clean,optimum,7.129913546892428e-05,9.057178397481983e-05,6.563931895492091e-07,0.65896,0.0024715901966344983,50000,1.2703069031502567
71,7,1.8,fit,1246,root,clean,optimum,8.418369082411134e-05,0.00010169407553260032,6.88925108759869e-07,0.61708,0.002594086246074001,50000,1.2080021027478374
71,21,10.0,fit,1240,root,clean,optimum,5.082007177999266e-05,6.143286731484671e-05,5.469751493958364e-07,0.76868,0.002059586294577313,50000,1.2088307860090863
71,15,5.0,fit,1242,root,clean,optimum,6.245152287199031e-05,8.367213892536575e-05,6.296560056211595e-07,0.68494,0.002370913707703276,50000,1.3397934121938435
71,9,2.0,fit,1246,root,clean,optimum,8.166618793623831e-05,0.00010412143333675774,6.935678935707734e-07,0.60794,0.0026115682394986972,50000,1.2749638004170292
71,25,26.0,fit,1240,root,clean,optimum,4.0049449694312016e-05,4.630038945041665e-05,4.787894255731782e-07,0.82566,0.001802839013780191,50000,1.156080540527188
71,23,20.0,fit,1240,root,clean,optimum,4.242251218268355e-05,4.7128984236956144e-05,4.838189440722587e-07,0.82254,0.0018217772185239916,50000,1.11094279457108
71,17,6.0,fit,1241,root,clean,optimum,5.8197509925692185e-05,7.210899244910591e-05,5.901684176175245e-07,0.72848,0.0022222267058385047,50000,1.2390391365743345
71,19,8.0,fit,1241,root,clean,optimum,5.386197100141849e-05,6.782791938531839e-05,5.71961005379256e-07,0.7446,0.002153668313840116,50000,1.2592914467153848
71,13,4.0,fit,1246,root,clean,optimum,6.429618811599242e-05,7.659721420952831e-05,6.00381169350385e-07,0.71158,0.0022606819144931453,50000,1.1913181240440636
71,27,30.0,fit,1240,root,clean,optimum,3.8741844398712546e-05,4.574799292605695e-05,4.755873064176892e-07,0.82774,0.0017907817187942428,50000,1.1808418942381904
71,7,1.8,fit,1247,root,clean,optimum,8.418369082411134e-05,0.00010157191091663617,6.962073556449276e-07,0.61754,0.002621506899269601,50000,1.2065509354876682
71,11,3.0,fit,1247,root,clean,optimum,7.129913546892428e-05,9.060896451011328e-05,6.56834956433738e-07,0.65882,0.002473253630561577,50000,1.270828375606394
71,21,10.0,fit,1241,root,clean,optimum,5.082007177999266e-05,6.097076637619968e-05,5.428781630820294e-07,0.77042,0.002044159456867578,50000,1.1997379035620181
71,15,5.0,fit,1243,root,clean,optimum,6.245152287199031e-05,8.405987879342592e-05,6.299735966596897e-07,0.68348,0.0023721095685224737,50000,1.3460020657258787
71,9,2.0,fit,1247,root,clean,optimum,8.166618793623831e-05,0.0001040789412964224,6.95408921888006e-07,0.6081,0.00261850046794507,50000,1.2744434866689636
71,25,26.0,fit,1241,root,clean,optimum,4.0049449694312016e-05,4.5663008845386236e-05,4.7533729132896e-07,0.82806,0.0017898403092059772,50000,1.140165700001403
71,23,20.0,fit,1241,root,clean,optimum,4.242251218268355e-05,4.666157179326719e-05,4.826463943558272e-07,0.8243,0.001817362086815832,50000,1.0999247661790756
71,17,6.0,fit,1242,root,clean,optimum,5.8197509925692185e-05,7.217804201465089e-05,5.887576409653192e-07,0.72822,0.002216914551783972,50000,1.2402256059891452
71,19,8.0,fit,1242,root,clean,optimum,5.386197100141849e-05,6.807756012228864e-05,5.722397684612901e-07,0.74366,0.002154717971441244,50000,1.26392627036422
71,13,4.0,fit,1247,root,clean,optimum,6.429618811599242e-05,7.579517694819839e-05,6.031661500362455e-07,0.7146,0.002271168511658659,50000,1.1788440212265991
71,27,30.0,fit,1241,root,clean,optimum,3.8741844398712546e-05,4.540274509833216e-05,4.744812538833532e-07,0.82904,0.0017866169763131317,50000,1.171930397300366
71,7,1.8,fit,1248,root,clean,optimum,8.418369082411134e-05,9.973413017213183e-05,6.772753762805991e-07,0.62446,0.0025502202141778558,50000,1.1847203323564264
71,11,3.0,fit,1248,root,clean,optimum,7.129913546892428e-05,8.93182687849267e-05,6.495939233416174e-07,0.66368,0.0024459881642390478,50000,1.252725831771916
71,15,5.0,fit,1244,root,clean,optimum,6.245152287199031e-05,8.387928762200064e-05,6.334895059255882e-07,0.68416,0.002385348412270714,50000,1.3431103640808213
71,21,10.0,fit,1242,root,clean,optimum,5.082007177999266e-05,6.166126203164929e-05,5.457802758773632e-07,0.76782,0.0020550871045773304,50000,1.2133249692875225
71,9,2.0,fit,1248,root,clean,optimum,8.166618793623831e-05,0.00010347342972164351,6.990082045686681e-07,0.61038,0.0026320532468740387,50000,1.267029015759024
71,25,26.0,fit,1242,root,clean,optimum,4.0049449694312016e-05,4.6056060218488325e-05,4.79080758386756e-07,0.82658,0.001803936001587897,50000,1.1499798516589703
71,17,6.0,fit,1243,root,clean,optimum,5.8197509925692185e-05,7.173718709617153e-05,5.871438620910858e-07,0.72988,0.0022108380109109164,50000,1.232650455109971
71,23,20.0,fit,1242,root,clean,optimum,4.242251218268355e-05,4.7128984236956144e-05,4.82840001150271e-07,0.82254,0.001818091095987115,50000,1.11094279457108
71,13,4.0,fit,1248,root,clean,optimum,6.429618811599242e-05,7.533838751459329e-05,5.985385193439123e-07,0.71632,0.00225374357972012,50000,1.1717395653173153
71,19,8.0,fit,1243,root,clean,optimum,5.386197100141849e-05,6.740299898196481e-05,5.740579731122463e-07,0.7462,0.0021615642594014603,50000,1.2514023851854532
71,11,3.0,fit,1249,root,clean,optimum,7.129913546892428e-05,8.8834921826112e-05,6.520845416383922e-07,0.6655,0.0024553663659996343,50000,1.2459466898421325
71,7,1.8,fit,1249,root,clean,optimum,8.418369082411134e-05,0.00010077518516034816,6.863375903858529e-07,0.62054,0.002584343175687756,50000,1.1970868011822167
71,27,30.0,fit,1242,root,clean,optimum,3.8741844398712546e-05,4.5732058410931204e-05,4.778454761463257e-07,0.8278,0.001799284656138044,50000,1.180430594379522
71,15,5.0,fit,1245,root,clean,optimum,6.245152287199031e-05,8.37093194606592e-05,6.323083850769261e-07,0.6848,0.002380901006726183,50000,1.340388762532532
71,9,2.0,fit,1249,root,clean,optimum,8.166618793623831e-05,0.0001030166402880384,6.958178335577516e-07,0.6121,0.002620040188481974,50000,1.2614356429673155
71,21,10.0,fit,1243,root,clean,optimum,5.082007177999266e-05,6.0837978750151666e-05,5.439610452367834e-07,0.77092,0.0020482369533444053,50000,1.1971250063071133
71,13,4.0,fit,1249,root,clean,optimum,6.429618811599242e-05,7.508874677762304e-05,6.011514468924718e-07,0.71726,0.002263582326094029,50000,1.1678568975529386
71,17,6.0,fit,1244,root,clean,optimum,5.8197509925692185e-05,7.177967913650687e-05,5.893340710288282e-07,0.72972,0.0022190850479388647,50000,1.2333805901344694
71,25,26.0,fit,1243,root,clean,optimum,4.0049449694312016e-05,4.5939207107566084e-05,4.769415541303766e-07,0.82702,0.0017958810181528965,50000,1.1470621308959097
71,19,8.0,fit,1244,root,clean,optimum,5.386197100141849e-05,6.747736005255168e-05,5.701829059013785e-07,0.74592,0.0021469730383434564,50000,1.252782970953191
71,23,20.0,fit,1243,root,clean,optimum,4.242251218268355e-05,4.716616477224959e-05,4.826913967214424e-07,0.8224,0.001817531539222485,50000,1.1118192286477169
71,11,3.0,fit,1250,root,clean,optimum,7.129913546892428e-05,8.949354845131006e-05,6.478705901149747e-07,0.66302,0.0024394991061922546,50000,1.2551842019222774
71,7,1.8,fit,1250,root,clean,optimum,8.418369082411134e-05,0.00010168345252251647,6.856363263833458e-07,0.61712,0.0025817026284343032,50000,1.2078759142904312
71,27,30.0,fit,1243,root,clean,optimum,3.8741844398712546e-05,4.549835218908673e-05,4.749197386653648e-07,0.82868,0.0017882680517749864,50000,1.1743981964523793
71,9,2.0,fit,1250,root,clean,optimum,8.166618793623831e-05,0.00010323972349979903,6.940276401534176e-07,0.61126,0.0026132993743804896,50000,1.2641672901446614
71,15,5.0,fit,1246,root,clean,optimum,6.245152287199031e-05,8.432014254048e-05,6.266847336438458e-07,0.6825,0.0023597256472425833,50000,1.3501695180966968
71,21,10.0,fit,1244,root,clean,optimum,5.082007177999266e-05,6.127352216358912e-05,5.466134868804498e-07,0.76928,0.0020582244865303195,50000,1.205695309303201
71,13,4.0,fit,1250,root,clean,optimum,6.429618811599242e-05,7.640600002801919e-05,6.005108265731676e-07,0.7123,0.0022611701272379674,50000,1.1883441657564562
71,11,3.0,fit,1251,root,clean,optimum,7.129913546892428e-05,9.035932377314303e-05,6.527166876014473e-07,0.65976,0.0024577466554206776,50000,1.2673270605437583
71,17,6.0,fit,1245,root,clean,optimum,5.8197509925692185e-05,7.184872870205183e-05,5.901301300695238e-07,0.72946,0.002222082537480578,50000,1.23456705954928
71,7,1.8,fit,1251,root,clean,optimum,8.418369082411134e-05,0.00010092390730152193,6.906293756397127e-07,0.61998,0.0026005035114870733,50000,1.198853439585901
71,19,8.0,fit,1245,root,clean,optimum,5.386197100141849e-05,6.779073885002497e-05,5.734472308312723e-07,0.74474,0.0021592645636423343,50000,1.258601153831516
71,25,26.0,fit,1244,root,clean,optimum,4.0049449694312016e-05,4.579579647143425e-05,4.7627349206776886e-07,0.82756,0.0017933654898522164,50000,1.1434812917776085
71,23,20.0,fit,1244,root,clean,optimum,4.242251218268355e-05,4.7107738216788474e-05,4.82235611450403e-07,0.82262,0.0018158153203073485,50000,1.1104419750987162
71,27,30.0,fit,1244,root,clean,optimum,3.8741844398712546e-05,4.5243399947074543e-05,4.7371952603261565e-07,0.82964,0.0017837487578148878,50000,1.1678173987136775
71,9,2.0,fit,1251,root,clean,optimum,8.166618793623831e-05,0.00010454104223506943,6.964832080968632e-07,0.60636,0.002622545597151872,50000,1.2801018986791803
71,15,5.0,fit,1247,root,clean,optimum,6.245152287199031e-05,8.35499743094016e-05,6.303987982606418e-07,0.6854,0.00237371062734703,50000,1.3378372610810105
71,21,10.0,fit,1245,root,clean,optimum,5.082007177999266e-05,6.12204071131699e-05,5.46502910119859e-07,0.76948,0.002057808119569475,50000,1.2046501504012388
71,13,4.0,fit,1251,root,clean,optimum,6.429618811599242e-05,7.544992912047361e-05,6.020943281197807e-07,0.7159,0.002267132661525766,50000,1.1734743743184195
71,11,3.0,fit,1252,root,clean,optimum,7.129913546892428e-05,8.96582051076096e-05,6.54818039565979e-07,0.6624,0.002465659109416098,50000,1.2574935799423137
71,7,1.8,fit,1252,root,clean,optimum,8.418369082411134e-05,0.00010123197459395326,6.884486988717385e-07,0.61882,0.0025922923669969007,50000,1.2025129048506753
71,17,6.0,fit,1246,root,clean,optimum,5.8197509925692185e-05,7.264014295329792e-05,5.873085600565223e-07,0.72648,0.0022114581664567988,50000,1.2481658243805687
71,19,8.0,fit,1246,root,clean,optimum,5.386197100141849e-05,6.84440539701811e-05,5.755202659280525e-07,0.74228,0.002167070392989832,50000,1.2707305859337859
71,25,26.0,fit,1245,root,clean,optimum,4.0049449694312016e-05,4.567363185547009e-05,4.752370607616721e-07,0.82802,0.001789462899916155,50000,1.1404309473434997
71,23,20.0,fit,1245,root,clean,optimum,4.242251218268355e-05,4.6725309853770236e-05,4.803932673082059e-07,0.82406,0.0018088781372390585,50000,1.1014272245961674
71,9,2.0,fit,1252,root,clean,optimum,8.166618793623831e-05,0.00010387179259978753,6.953193591192401e-07,0.60888,0.00261816322730213,50000,1.2719069571471424
71,27,30.0,fit,1245,root,clean,optimum,3.8741844398712546e-05,4.551428670421247e-05,4.736922467772222e-07,0.82862,0.001783646040204048,50000,1.1748094963110478
71,15,5.0,fit,1248,root,clean,optimum,6.245152287199031e-05,8.231770513967616e-05,6.228945416548997e-07,0.69004,0.0023454540162866386,50000,1.3181056498559123
71,21,10.0,fit,1246,root,clean,optimum,5.082007177999266e-05,6.224021608121857e-05,5.501131450854668e-07,0.76564,0.00207140213835366,50000,1.2247172013189067
71,13,4.0,fit,1252,root,clean,optimum,6.429618811599242e-05,7.618291681625856e-05,6.059443944806273e-07,0.71314,0.0022816297441057907,50000,1.1848745477542477
71,11,3.0,fit,1253,root,clean,optimum,7.129913546892428e-05,8.969007413786112e-05,6.554186386693927e-07,0.66228,0.0024679206119419305,50000,1.2579405563332886
71,7,1.8,fit,1253,root,clean,optimum,8.418369082411134e-05,0.00010014311606035967,6.849233830632462e-07,0.62292,0.0025790181037488404,50000,1.1895785879665581
71,17,6.0,fit,1247,root,clean,optimum,5.8197509925692185e-05,7.166813753062655e-05,5.895185109945418e-07,0.73014,0.0022197795402315685,50000,1.2314639856951604
71,19,8.0,fit,1247,root,clean,optimum,5.386197100141849e-05,6.778011583994112e-05,5.718669886898516e-07,0.74478,0.0021533143023550003,50000,1.2584039272932677
71,25,26.0,fit,1246,root,clean,optimum,4.0049449694312016e-05,4.645973460167423e-05,4.804031701468078e-07,0.82506,0.0018089154254973727,50000,1.1600592506586334
71,23,20.0,fit,1246,root,clean,optimum,4.242251218268355e-05,4.783010290248961e-05,4.855285192198278e-07,0.8199,0.0018282144717472364,50000,1.1274698371590872
71,9,2.0,fit,1253,root,clean,optimum,8.166618793623831e-05,0.00010330877306534399,7.005257355026354e-07,0.611,0.002637767374685235,50000,1.2650127999852687
71,27,30.0,fit,1246,root,clean,optimum,3.8741844398712546e-05,4.622602837982976e-05,4.788105546526748e-07,0.82594,0.0018029185734504908,50000,1.1931808899982552
71,15,5.0,fit,1249,root,clean,optimum,6.245152287199031e-05,8.259390340185601e-05,6.233768076641168e-07,0.689,0.0023472699460670337,50000,1.3225282523718829
71,21,10.0,fit,1247,root,clean,optimum,5.082007177999266e-05,6.107699647703807e-05,5.46073305846213e-07,0.77002,0.0020561904828723227,50000,1.201828221365942
71,13,4.0,fit,1253,root,clean,optimum,6.429618811599242e-05,7.525340343392255e-05,6.008740828442428e-07,0.71664,0.0022625379364303085,50000,1.1704178060783783
71,11,3.0,fit,1254,root,clean,optimum,7.129913546892428e-05,8.935544932022015e-05,6.493673822186485e-07,0.66354,0.002445135143781829,50000,1.2532473042280534
71,7,1.8,fit,1254,root,clean,optimum,8.418369082411134e-05,0.00010177374810822912,6.924534433311756e-07,0.61678,0.0026073718762050463,50000,1.2089485161783826
71,19,8.0,fit,1248,root,clean,optimum,5.386197100141849e-05,6.785447691052799e-05,5.716139874371695e-07,0.7445,0.002152361648631864,50000,1.2597845130610055
71,17,6.0,fit,1248,root,clean,optimum,5.8197509925692185e-05,7.104669144072191e-05,5.815228873079468e-07,0.73248,0.002189672730114696,50000,1.2207857609618664
71,25,26.0,fit,1247,root,clean,optimum,4.0049449694312016e-05,4.601887968319488e-05,4.782298162152828e-07,0.82672,0.001800731854496791,50000,1.1490514859616328
71,9,2.0,fit,1254,root,clean,optimum,8.166618793623831e-05,0.00010452510771994369,6.986972069223597e-07,0.60642,0.0026308822128870467,50000,1.2799067810236557
71,23,20.0,fit,1247,root,clean,optimum,4.242251218268355e-05,4.7118361226872326e-05,4.839281315118324e-07,0.82258,0.001822188354120068,50000,1.1106923848348984
71,27,30.0,fit,1247,root,clean,optimum,3.8741844398712546e-05,4.558864777479937e-05,4.7535934496963037e-07,0.82834,0.0017899233502291763,50000,1.1767288956515027
71,15,5.0,fit,1250,root,clean,optimum,6.245152287199031e-05,8.36615159152819e-05,6.281377657237682e-07,0.68498,0.0023651969103533387,50000,1.339623312097075
71,21,10.0,fit,1248,root,clean,optimum,5.082007177999266e-05,6.109293099216384e-05,5.445100797598108e-07,0.76996,0.002050304294027297,50000,1.2021417690365306
71,13,4.0,fit,1254,root,clean,optimum,6.429618811599242e-05,7.514717333308415e-05,6.034063825419214e-07,0.71704,0.0022720730858001876,50000,1.1687656070297074
71,11,3.0,fit,1255,root,clean,optimum,7.129913546892428e-05,9.033807775297536e-05,6.542884363064167e-07,0.65984,0.0024636649354281884,50000,1.2670290762831087
71,7,1.8,fit,1255,root,clean,optimum,8.418369082411134e-05,0.00010169407553260032,6.835787827654948e-07,0.61708,0.002573955130873396,50000,1.2080021027478374
71,9,2.0,fit,1255,root,clean,optimum,8.166618793623831e-05,0.00010319191995442176,6.984685866725672e-07,0.61144,0.0026300213636626245,50000,1.2635819371780874
71,19,8.0,fit,1249,root,clean,optimum,5.386197100141849e-05,6.7456114032384e-05,5.703527692964763e-07,0.746,0.0021476126438554808,50000,1.2523885178766945
71,25,26.0,fit,1248,root,clean,optimum,4.0049449694312016e-05,4.55195982092544e-05,4.761088095602015e-07,0.8286,0.0017927453925115657,50000,1.1365848608831015
71,23,20.0,fit,1248,root,clean,optimum,4.242251218268355e-05,4.6762490389063684e-05,4.824702722913285e-07,0.82392,0.0018166989148406248,50000,1.102303658672804
71,17,6.0,fit,1249,root,clean,optimum,5.8197509925692185e-05,7.12007250869376e-05,5.862955106529515e-07,0.7319,0.0022076436189958607,50000,1.2234325004256745
71,27,30.0,fit,1248,root,clean,optimum,3.8741844398712546e-05,4.517435038152961e-05,4.7475673154083694e-07,0.8299,0.001787654262940216,50000,1.1660350993261133
71,15,5.0,fit,1251,root,clean,optimum,6.245152287199031e-05,8.420328942955776e-05,6.315384089484375e-07,0.68294,0.002378001730071405,50000,1.3482984170322478
71,21,10.0,fit,1249,root,clean,optimum,5.082007177999266e-05,6.0668010588810234e-05,5.443824208795065e-07,0.77156,0.0020498236058634086,50000,1.1937804978208355
71,13,4.0,fit,1255,root,clean,optimum,6.429618811599242e-05,7.539150256501248e-05,6.032097236125587e-07,0.71612,0.0022713325840862265,50000,1.1725656648416505
71,11,3.0,fit,1256,root,clean,optimum,7.129913546892428e-05,9.0561160964736e-05,6.573816181030738e-07,0.659,0.002475312036474859,50000,1.270157911019932
71,7,1.8,fit,1256,root,clean,optimum,8.418369082411134e-05,0.00010261296590485247,6.94177040436807e-07,0.61362,0.0026138619278647107,50000,1.218917404313458
71,9,2.0,fit,1256,root,clean,optimum,8.166618793623831e-05,0.00010472694491153664,6.957621137617318e-07,0.60566,0.002619830380543998,50000,1.282378271326969
71,19,8.0,fit,1250,root,clean,optimum,5.386197100141849e-05,6.821034774833662e-05,5.744316051112928e-07,0.74316,0.0021629711374749915,50000,1.2663916020923234
71,23,20.0,fit,1249,root,clean,optimum,4.242251218268355e-05,4.641193105629697e-05,4.781874532420932e-07,0.82524,0.0018005723404876531,50000,1.094040137378801
71,17,6.0,fit,1250,root,clean,optimum,5.8197509925692185e-05,7.209305793398017e-05,5.896744129874321e-07,0.72854,0.002220366575324861,50000,1.2387653359401478
71,25,26.0,fit,1249,root,clean,optimum,4.0049449694312016e-05,4.5370876068080636e-05,4.735881545119517e-07,0.82916,0.0017832540900338083,50000,1.132871398093752
71,27,30.0,fit,1249,root,clean,optimum,3.8741844398712546e-05,4.511061232102656e-05,4.7293732881161055e-07,0.83014,0.0017808034637227924,50000,1.1643898998914377
71,15,5.0,fit,1252,root,clean,optimum,6.245152287199031e-05,8.467601337828864e-05,6.335537350720008e-07,0.68116,0.002385590261411045,50000,1.355867871338428
71,13,4.0,fit,1256,root,clean,optimum,6.429618811599242e-05,7.649098410868993e-05,6.086622007232157e-07,0.71198,0.0022918634018775095,50000,1.1896659249953931
71,21,10.0,fit,1250,root,clean,optimum,5.082007177999266e-05,6.157096644593665e-05,5.482579468268568e-07,0.76816,0.002064416554252852,50000,1.2115481991541874
71,11,3.0,fit,1257,root,clean,optimum,7.129913546892428e-05,8.98441077840768e-05,6.525268980328682e-07,0.6617,0.0024570320196740064,50000,1.260100942223
71,7,1.8,fit,1257,root,clean,optimum,8.418369082411134e-05,0.00010177374810822912,6.843728710848365e-07,0.61678,0.002576945199839064,50000,1.2089485161783826
71,9,2.0,fit,1257,root,clean,optimum,8.166618793623831e-05,0.00010395677668045823,6.982902406297529e-07,0.60856,0.0026293498174947993,50000,1.272947584643274
71,19,8.0,fit,1251,root,clean,optimum,5.386197100141849e-05,6.837500440463617e-05,5.745190771080697e-07,0.74254,0.0021633005055018938,50000,1.2694486134351726
71,23,20.0,fit,1250,root,clean,optimum,4.242251218268355e-05,4.729895239829761e-05,4.84581001047453e-07,0.8219,0.0018246466763111155,50000,1.1149493503499912
71,17,6.0,fit,1251,root,clean,optimum,5.8197509925692185e-05,7.164158000541696e-05,5.886018869926356e-07,0.73024,0.002216328074047608,50000,1.2310076513048487
71,25,26.0,fit,1250,root,clean,optimum,4.0049449694312016e-05,4.5917961087398414e-05,4.77034491862763e-07,0.8271,0.0017962309669212885,50000,1.1465316362117173
71,27,30.0,fit,1250,root,clean,optimum,3.8741844398712546e-05,4.571612389580543e-05,4.763891745123433e-07,0.82786,0.0017938010818121654,50000,1.1800192945208527
71,13,4.0,fit,1257,root,clean,optimum,6.429618811599242e-05,7.571019286752767e-05,6.025145868793661e-07,0.71492,0.0022687151085206145,50000,1.1775222619876626
71,11,3.0,fit,1258,root,clean,optimum,7.129913546892428e-05,8.942981039080705e-05,6.479648509697924e-07,0.66326,0.0024398540370605256,50000,1.254290249140328
71,15,5.0,fit,1253,root,clean,optimum,6.245152287199031e-05,8.345436721864703e-05,6.226175765548488e-07,0.68576,0.002344411128826813,50000,1.3363063602100975
71,21,10.0,fit,1251,root,clean,optimum,5.082007177999266e-05,6.121509560812801e-05,5.463238928021968e-07,0.7695,0.0020571340457758913,50000,1.204545634511043
71,7,1.8,fit,1258,root,clean,optimum,8.418369082411134e-05,0.00010082830021076736,6.915691540723352e-07,0.62034,0.002604042163621282,50000,1.1977177434692465
71,9,2.0,fit,1258,root,clean,optimum,8.166618793623831e-05,0.00010396208818550017,6.968336475291849e-07,0.60854,0.0026238651456774063,50000,1.2730126238617823
71,19,8.0,fit,1252,root,clean,optimum,5.386197100141849e-05,6.832188935421696e-05,5.745548691252593e-07,0.74274,0.0021634352771604244,50000,1.2684624807439309
71,17,6.0,fit,1252,root,clean,optimum,5.8197509925692185e-05,7.240112522641152e-05,5.880970568543978e-07,0.72738,0.0022144271810455173,50000,1.2440588148677634
71,23,20.0,fit,1251,root,clean,optimum,4.242251218268355e-05,4.670406383360256e-05,4.820779199908582e-07,0.82414,0.0018152215471364665,50000,1.1009264051238035
71,27,30.0,fit,1251,root,clean,optimum,3.8741844398712546e-05,4.565769734034431e-05,4.7584165267268177e-07,0.82808,0.0017917394370039975,50000,1.178511195039067
71,25,26.0,fit,1251,root,clean,optimum,4.0049449694312016e-05,4.6024191188236804e-05,4.777597760185684e-07,0.8267,0.001798961959926402,50000,1.149184109632681
71,13,4.0,fit,1258,root,clean,optimum,6.429618811599242e-05,7.543930611038976e-05,6.01790720625685e-07,0.71594,0.0022659894544998873,50000,1.1733091544135523
71,11,3.0,fit,1259,root,clean,optimum,7.129913546892428e-05,8.98441077840768e-05,6.464502997657848e-07,0.6617,0.0024341511291575703,50000,1.260100942223
71,15,5.0,fit,1254,root,clean,optimum,6.245152287199031e-05,8.301882380520959e-05,6.33487339674522e-07,0.6874,0.002385340255444921,50000,1.329332256242606
71,7,1.8,fit,1259,root,clean,optimum,8.418369082411134e-05,0.00010096639934185727,6.829098440875659e-07,0.61982,0.0025714363017556624,50000,1.1993581934155249
71,21,10.0,fit,1252,root,clean,optimum,5.082007177999266e-05,6.157096644593665e-05,5.475532812181484e-07,0.76816,0.002061763198553678,50000,1.2115481991541874
71,9,2.0,fit,1259,root,clean,optimum,8.166618793623831e-05,0.00010433389353843455,7.004137592297421e-07,0.60714,0.002637345737985243,50000,1.277565369157359
71,19,8.0,fit,1253,root,clean,optimum,5.386197100141849e-05,6.775355831473152e-05,5.730403836359584e-07,0.74488,0.0021577326167003547,50000,1.2579108609476468
71,17,6.0,fit,1253,root,clean,optimum,5.8197509925692185e-05,7.156721893483009e-05,5.862159692328901e-07,0.73052,0.0022073441128504893,50000,1.2297299150119763
71,23,20.0,fit,1252,root,clean,optimum,4.242251218268355e-05,4.736269045880065e-05,4.840726913156056e-07,0.82166,0.0018227326812086516,50000,1.1164518087670827
71,27,30.0,fit,1252,root,clean,optimum,3.8741844398712546e-05,4.5774550451266544e-05,4.771502739943583e-07,0.82764,0.0017966669342438515,50000,1.1815273940026383
71,25,26.0,fit,1252,root,clean,optimum,4.0049449694312016e-05,4.610386376386559e-05,4.781354949510583e-07,0.8264,0.0018003766961622693,50000,1.1511734646984038
71,13,4.0,fit,1259,root,clean,optimum,6.429618811599242e-05,7.612980176583936e-05,6.016615173461491e-07,0.71334,0.002265502951038001,50000,1.1840484482299123
71,11,3.0,fit,1260,root,clean,optimum,7.129913546892428e-05,9.106044243867646e-05,6.583873704814938e-07,0.65712,0.002479099107636356,50000,1.2771605411452027
71,15,5.0,fit,1255,root,clean,optimum,6.245152287199031e-05,8.323659551192833e-05,6.279610094661272e-07,0.68658,0.0023645313503802387,50000,1.3328193082263522
71,7,1.8,fit,1260,root,clean,optimum,8.418369082411134e-05,0.00010189060121915136,6.935608884283433e-07,0.61634,0.00261154186225769,50000,1.2103365892098488
71,21,10.0,fit,1253,root,clean,optimum,5.082007177999266e-05,6.089640530561278e-05,5.455825722104042e-07,0.7707,0.002054342668996836,50000,1.1982746810992713
71,9,2.0,fit,1260,root,clean,optimum,8.166618793623831e-05,0.00010399395721575168,7.040204213806785e-07,0.60842,0.0026509263036534354,50000,1.2734028591728317
71,19,8.0,fit,1254,root,clean,optimum,5.386197100141849e-05,6.781198487019263e-05,5.710011203202286e-07,0.74466,0.00215005395199182,50000,1.2589956069080124
71,17,6.0,fit,1254,root,clean,optimum,5.8197509925692185e-05,7.11476100365184e-05,5.833646265542808e-07,0.7321,0.0021966076355013926,50000,1.2225198316450512
71,23,20.0,fit,1253,root,clean,optimum,4.242251218268355e-05,4.687934349998592e-05,4.827448002280335e-07,0.82348,0.0018177326253785544,50000,1.1050581657708052
71,11,3.0,fit,1261,root,clean,optimum,7.129913546892428e-05,8.957853253198081e-05,6.571102743250527e-07,0.6627,0.0024742903156033565,50000,1.256376138964877
71,25,26.0,fit,1253,root,clean,optimum,4.0049449694312016e-05,4.5684254865553905e-05,4.7677070781770784e-07,0.82798,0.001795237711552148,50000,1.1406961946855956
71,13,4.0,fit,1260,root,clean,optimum,6.429618811599242e-05,7.558802825156352e-05,6.017772564416801e-07,0.71538,0.0022659387563120905,50000,1.1756222330816914
71,27,30.0,fit,1253,root,clean,optimum,3.8741844398712546e-05,4.554084422942207e-05,4.7559680677548466e-07,0.82852,0.0017908174915468636,50000,1.1754949960754957
71,7,1.8,fit,1261,root,clean,optimum,8.418369082411134e-05,0.0001011310559981568,6.965013305516244e-07,0.6192,0.0026226138356440437,50000,1.2013141145053183
71,15,5.0,fit,1256,root,clean,optimum,6.245152287199031e-05,8.47238169236659e-05,6.322453487453075e-07,0.68098,0.0023806636490239074,50000,1.356633321773884
71,21,10.0,fit,1254,root,clean,optimum,5.082007177999266e-05,6.101325841653505e-05,5.444275283073579e-07,0.77026,0.0020499934538725714,50000,1.200574030683588
71,9,2.0,fit,1261,root,clean,optimum,8.166618793623831e-05,0.00010394615367037438,6.938978085670207e-07,0.6086,0.0026128105050849805,50000,1.2728175062062574
71,19,8.0,fit,1255,root,clean,optimum,5.386197100141849e-05,6.78013618601088e-05,5.709653659305225e-07,0.7447,0.0021499193220162333,50000,1.258798380369764
71,17,6.0,fit,1255,root,clean,optimum,5.8197509925692185e-05,7.150348087432705e-05,5.845572040904933e-07,0.73076,0.0022010981801843035,50000,1.2286347124752282
71,23,20.0,fit,1254,root,clean,optimum,4.242251218268355e-05,4.6698752328560634e-05,4.816140069265177e-07,0.82416,0.0018134747237382805,50000,1.1008012002557124
71,11,3.0,fit,1262,root,clean,optimum,7.129913546892428e-05,9.032214323784958e-05,6.543393148970947e-07,0.6599,0.0024638565142378723,50000,1.266805588087621
71,13,4.0,fit,1261,root,clean,optimum,6.429618811599242e-05,7.585360350365952e-05,6.037752663990087e-07,0.71438,0.0022734620851673198,50000,1.1797527307033682
71,25,26.0,fit,1254,root,clean,optimum,4.0049449694312016e-05,4.5370876068080636e-05,4.7543284269319435e-07,0.82916,0.00179020009937272,50000,1.132871398093752
71,7,1.8,fit,1262,root,clean,optimum,8.418369082411134e-05,0.0001018799782090675,6.908244954350983e-07,0.61638,0.002601238217728885,50000,1.2102104007524426
71,27,30.0,fit,1254,root,clean,optimum,3.8741844398712546e-05,4.508405479581696e-05,4.7445835381265234e-07,0.83024,0.0017865307481329073,50000,1.1637044001269898
71,15,5.0,fit,1257,root,clean,optimum,6.245152287199031e-05,8.352341678419199e-05,6.307526910614591e-07,0.6855,0.0023750431792246025,50000,1.3374120108390901
71,21,10.0,fit,1255,root,clean,optimum,5.082007177999266e-05,6.138506376946944e-05,5.474084078050728e-07,0.76886,0.002061217690597149,50000,1.2078901429973208
71,9,2.0,fit,1262,root,clean,optimum,8.166618793623831e-05,0.00010491284758800383,6.942321231892865e-07,0.60496,0.002614069337071874,50000,1.284654643974757
71,19,8.0,fit,1256,root,clean,optimum,5.386197100141849e-05,6.872556373740289e-05,5.769509872219621e-07,0.74122,0.0021724576468194643,50000,1.2759570891973662
71,17,6.0,fit,1256,root,clean,optimum,5.8197509925692185e-05,7.285260315497472e-05,5.873247717905798e-07,0.72568,0.0022115192103000394,50000,1.2518164995030625
71,11,3.0,fit,1263,root,clean,optimum,7.129913546892428e-05,8.968476263281919e-05,6.508537174323969e-07,0.6623,0.002450731806882091,50000,1.257866060268126
71,23,20.0,fit,1255,root,clean,optimum,4.242251218268355e-05,4.698026209578238e-05,4.81539207750918e-07,0.8231,0.0018131930740928053,50000,1.107437058264533
71,13,4.0,fit,1262,root,clean,optimum,6.429618811599242e-05,7.691059300700158e-05,6.02747496950815e-07,0.7104,0.002269592110687084,50000,1.1961921112376424
71,25,26.0,fit,1255,root,clean,optimum,4.0049449694312016e-05,4.630038945041665e-05,4.802989008215437e-07,0.82566,0.001808522808623469,50000,1.156080540527188
71,7,1.8,fit,1263,root,clean,optimum,8.418369082411134e-05,0.00010101420288723457,6.88622604869235e-07,0.61964,0.0025929471945688376,50000,1.1999260414738522
71,27,30.0,fit,1255,root,clean,optimum,3.8741844398712546e-05,4.600294516806913e-05,4.780526772308039e-07,0.82678,0.0018000648533998103,50000,1.187422691976892
71,21,10.0,fit,1256,root,clean,optimum,5.082007177999266e-05,6.234113467701503e-05,5.515785830970073e-07,0.76526,0.002076920114896937,50000,1.226703003232634
71,15,5.0,fit,1258,root,clean,optimum,6.245152287199031e-05,8.338000614806016e-05,6.290378888343799e-07,0.68604,0.0023685862438981914,50000,1.3351156595327212
71,9,2.0,fit,1263,root,clean,optimum,8.166618793623831e-05,0.00010379743152920063,6.970761383121995e-07,0.60916,0.0026247782231614745,50000,1.2709964080880267
71,19,8.0,fit,1257,root,clean,optimum,5.386197100141849e-05,6.80138220617856e-05,5.712096548840999e-07,0.7439,0.0021508391703516836,50000,1.2627429111347301
71,11,3.0,fit,1264,root,clean,optimum,7.129913546892428e-05,9.027965119751424e-05,6.552416336350027e-07,0.66006,0.0024672541152221004,50000,1.2662096195663215
71,13,4.0,fit,1263,root,clean,optimum,6.429618811599242e-05,7.538619105997055e-05,6.043351535921546e-07,0.71614,0.0022755702906146536,50000,1.1724830548892167
71,17,6.0,fit,1257,root,clean,optimum,5.8197509925692185e-05,7.191246676255489e-05,5.849501094245434e-07,0.72922,0.0022025776302872376,50000,1.2356622620860283
71,23,20.0,fit,1256,root,clean,optimum,4.242251218268355e-05,4.7686692266357774e-05,4.879730708167612e-07,0.82044,0.0018374192134452685,50000,1.1240893057206314
71,25,26.0,fit,1256,root,clean,optimum,4.0049449694312016e-05,4.653409567226113e-05,4.825844969370402e-07,0.82478,0.0018171290175885658,50000,1.1619159820533087
71,7,1.8,fit,1264,root,clean,optimum,8.418369082411134e-05,0.0001005786594737971,6.821405581093129e-07,0.62128,0.002568539623800237,50000,1.194752314720205
71,27,30.0,fit,1256,root,clean,optimum,3.8741844398712546e-05,4.6231339884871683e-05,4.805951310198682e-07,0.82592,0.0018096382370980223,50000,1.193317989951145
71,21,10.0,fit,1257,root,clean,optimum,5.082007177999266e-05,6.140630978963711e-05,5.43660405740897e-07,0.76878,0.0020471049220519046,50000,1.2083082065581054
71,9,2.0,fit,1264,root,clean,optimum,8.166618793623831e-05,0.0001032291004897152,6.959704307957408e-07,0.6113,0.0026206147798145058,50000,1.2640372117076453
71,15,5.0,fit,1259,root,clean,optimum,6.245152287199031e-05,8.432014254048e-05,6.311620513206387e-07,0.6825,0.0023765845888851366,50000,1.3501695180966968
71,11,3.0,fit,1265,root,clean,optimum,7.129913546892428e-05,8.920141567400447e-05,6.51411706815341e-07,0.66412,0.0024528328662938408,50000,1.2510869183383422
71,13,4.0,fit,1264,root,clean,optimum,6.429618811599242e-05,7.569425835240193e-05,5.998098441927695e-07,0.71498,0.002258530640407528,50000,1.1772744321303623
71,19,8.0,fit,1258,root,clean,optimum,5.386197100141849e-05,6.774824680968959e-05,5.741792037122479e-07,0.7449,0.0021620207424473945,50000,1.2578122476785225
71,23,20.0,fit,1257,root,clean,optimum,4.242251218268355e-05,4.797351353862145e-05,4.872849636606912e-07,0.81936,0.0018348282071273256,50000,1.130850368597543
71,17,6.0,fit,1258,root,clean,optimum,5.8197509925692185e-05,7.18965322474291e-05,5.883669025419728e-07,0.72928,0.002215443260990637,50000,1.235388461451841
71,25,26.0,fit,1257,root,clean,optimum,4.0049449694312016e-05,4.644380008654849e-05,4.794786794802181e-07,0.82512,0.0018054343380869554,50000,1.1596613796454893
71,7,1.8,fit,1265,root,clean,optimum,8.418369082411134e-05,0.00010176312509814527,6.91502372102813e-07,0.61682,0.002603790702052498,50000,1.2088223277209764
71,27,30.0,fit,1257,root,clean,optimum,3.8741844398712546e-05,4.634819299579392e-05,4.786176350644123e-07,0.82548,0.0018021921518929854,50000,1.1963341889147163
71,9,2.0,fit,1265,root,clean,optimum,8.166618793623831e-05,0.00010468445287120126,7.032588857672972e-07,0.60582,0.002648058809007865,50000,1.2818579575789026
71,21,10.0,fit,1258,root,clean,optimum,5.082007177999266e-05,6.0699879619061755e-05,5.449096904175023e-07,0.77144,0.002051808992430246,50000,1.1944075931620126
71,15,5.0,fit,1260,root,clean,optimum,6.245152287199031e-05,8.351810527915007e-05,6.298628896343518e-07,0.68552,0.0023716927110613052,50000,1.3373269607907061
71,11,3.0,fit,1266,root,clean,optimum,7.129913546892428e-05,8.974318918828031e-05,6.503505806693496e-07,0.66208,0.0024488372901337254,50000,1.2586855169849132
71,13,4.0,fit,1265,root,clean,optimum,6.429618811599242e-05,7.564114330198271e-05,5.9968288003015e-07,0.71518,0.0022580525681413152,50000,1.1764483326060267
71,23,20.0,fit,1258,root,clean,optimum,4.242251218268355e-05,4.6390685036129264e-05,4.795876783179085e-07,0.82532,0.001805844763519409,50000,1.0935393179064365
71,25,26.0,fit,1258,root,clean,optimum,4.0049449694312016e-05,4.504156275548159e-05,4.740830080593937e-07,0.8304,0.0017851174170702565,50000,1.1246487304887631
71,19,8.0,fit,1259,root,clean,optimum,5.386197100141849e-05,6.833782386934272e-05,5.763237044673405e-07,0.74268,0.0021700956693773985,50000,1.2687583205513033
71,7,1.8,fit,1266,root,clean,optimum,8.418369082411134e-05,0.00010207119239057663,6.877243940834486e-07,0.61566,0.0025895650617130937,50000,1.212481792985751
71,17,6.0,fit,1259,root,clean,optimum,5.8197509925692185e-05,7.233207566086657e-05,5.873183647816831e-07,0.72764,0.0022114950852776733,50000,1.242872345452953
71,27,30.0,fit,1258,root,clean,optimum,3.8741844398712546e-05,4.445198569582847e-05,4.7015241914177214e-07,0.83262,0.0017703171339617959,50000,1.1473895057331263
71,9,2.0,fit,1266,root,clean,optimum,8.166618793623831e-05,0.00010374431647878143,6.949319464403017e-07,0.60936,0.002616704459303678,50000,1.2703460159029443
71,21,10.0,fit,1259,root,clean,optimum,5.082007177999266e-05,6.154972042576894e-05,5.488668099091939e-07,0.76824,0.0020667091740565863,50000,1.211130135593402
71,15,5.0,fit,1261,root,clean,optimum,6.245152287199031e-05,8.365089290519809e-05,6.29658022979113e-07,0.68502,0.0023709213038852904,50000,1.3394532120003075
71,11,3.0,fit,1267,root,clean,optimum,7.129913546892428e-05,9.015748658155007e-05,6.500674362664998e-07,0.66052,0.0024477711350586,50000,1.264496210067585
71,13,4.0,fit,1266,root,clean,optimum,6.429618811599242e-05,7.633163895743232e-05,6.031880776289056e-07,0.71258,0.0022712510780592823,50000,1.1871876264223868
71,23,20.0,fit,1259,root,clean,optimum,4.242251218268355e-05,4.6900589520153595e-05,4.821774251739182e-07,0.8234,0.0018155962250564707,50000,1.1055589852431689
71,25,26.0,fit,1259,root,clean,optimum,4.0049449694312016e-05,4.5567401754631664e-05,4.758819041488756e-07,0.82842,0.0017918910003589267,50000,1.137778473922535
71,7,1.8,fit,1267,root,clean,optimum,8.418369082411134e-05,0.00010116823653345022,6.82722630754906e-07,0.61906,0.0025707313665962964,50000,1.201755774106239
71,27,30.0,fit,1259,root,clean,optimum,3.8741844398712546e-05,4.537618757312256e-05,4.747615135630631e-07,0.82914,0.0017876722692197486,50000,1.1712448975359182
71,17,6.0,fit,1260,root,clean,optimum,5.8197509925692185e-05,7.202400836843519e-05,5.865062649444693e-07,0.7288,0.0022084371955428264,50000,1.237578866525337
71,19,8.0,fit,1260,root,clean,optimum,5.386197100141849e-05,6.770044326431233e-05,5.712880545566471e-07,0.74508,0.0021511343773483013,50000,1.2569247282564056
71,9,2.0,fit,1267,root,clean,optimum,8.166618793623831e-05,0.0001036009058426496,6.964092452917241e-07,0.6099,0.0026222670967850064,50000,1.268589957003222
71,21,10.0,fit,1260,root,clean,optimum,5.082007177999266e-05,6.149660537534975e-05,5.473370621644695e-07,0.76844,0.0020609490449306563,50000,1.2100849766914406
71,15,5.0,fit,1262,root,clean,optimum,6.245152287199031e-05,8.409705932871936e-05,6.284395242430561e-07,0.68334,0.0023663331552289672,50000,1.346597416064567
71,11,3.0,fit,1268,root,clean,optimum,7.129913546892428e-05,9.095952384288e-05,6.483873015415396e-07,0.6575,0.0024414447371291998,50000,1.2757451159071163
71,13,4.0,fit,1267,root,clean,optimum,6.429618811599242e-05,7.574737340282112e-05,6.017783492470447e-07,0.71478,0.0022659428711735317,50000,1.1781005316546975
71,7,1.8,fit,1268,root,clean,optimum,8.418369082411134e-05,0.00010120541706874367,6.887950160760955e-07,0.61892,0.0025935963936395334,50000,1.2021974337071604
71,23,20.0,fit,1260,root,clean,optimum,4.242251218268355e-05,4.6948393065530894e-05,4.834449055241214e-07,0.82322,0.0018203688096260038,50000,1.106685829055988
71,25,26.0,fit,1260,root,clean,optimum,4.0049449694312016e-05,4.576923894622465e-05,4.768331787922847e-07,0.82766,0.0017954729404527471,50000,1.1428181734223675
71,27,30.0,fit,1260,root,clean,optimum,3.8741844398712546e-05,4.5732058410931204e-05,4.773892572224792e-07,0.8278,0.0017975668043418173,50000,1.180430594379522
71,17,6.0,fit,1261,root,clean,optimum,5.8197509925692185e-05,7.201338535835135e-05,5.859040942626579e-07,0.72884,0.0022061697753782633,50000,1.2373963327692123
71,9,2.0,fit,1268,root,clean,optimum,8.166618793623831e-05,0.00010430733601322495,6.92686591674148e-07,0.60724,0.0026082497755617533,50000,1.2772401730648177
71,19,8.0,fit,1261,root,clean,optimum,5.386197100141849e-05,6.789696895086335e-05,5.726900045351181e-07,0.74434,0.00215641329534765,50000,1.2605734192139988
71,21,10.0,fit,1261,root,clean,optimum,5.082007177999266e-05,6.116729206275071e-05,5.45003637079448e-07,0.76968,0.0020521627402331918,50000,1.203604991499277
71,11,3.0,fit,1269,root,clean,optimum,7.129913546892428e-05,9.063021053028096e-05,6.524710212211135e-07,0.65874,0.0024568216205072403,50000,1.271126359867044
71,15,5.0,fit,1263,root,clean,optimum,6.245152287199031e-05,8.322597250184448e-05,6.305884640499881e-07,0.68662,0.0023744247970140056,50000,1.3326492081295838
71,13,4.0,fit,1268,root,clean,optimum,6.429618811599242e-05,7.730364438010368e-05,6.086735041606827e-07,0.70892,0.002291905963966325,50000,1.2023052477177245
71,7,1.8,fit,1269,root,clean,optimum,8.418369082411134e-05,0.00010183217466369023,6.961853875386063e-07,0.61656,0.002621424180318389,50000,1.2096425526941155
71,23,20.0,fit,1261,root,clean,optimum,4.242251218268355e-05,4.679967092435713e-05,4.809410244723891e-07,0.82378,0.0018109406681407903,50000,1.103180092749441
71,25,26.0,fit,1261,root,clean,optimum,4.0049449694312016e-05,4.5593959279841294e-05,4.773143167435282e-07,0.82832,0.001797284622631136,50000,1.1384415922777769
71,27,30.0,fit,1261,root,clean,optimum,3.8741844398712546e-05,4.508936630085889e-05,4.729065696533493e-07,0.83022,0.0017806876428470952,50000,1.1638415000798796
71,17,6.0,fit,1262,root,clean,optimum,5.8197509925692185e-05,7.264545445833984e-05,5.892457866233156e-07,0.72646,0.002218752620859098,50000,1.248257091258631
71,9,2.0,fit,1269,root,clean,optimum,8.166618793623831e-05,0.00010419579440734464,6.950389872088558e-07,0.60766,0.002617107511800887,50000,1.2758743494761449
71,19,8.0,fit,1262,root,clean,optimum,5.386197100141849e-05,6.866182567689983e-05,5.746776538644408e-07,0.74146,0.0021638976121792653,50000,1.274773729967876
71,11,3.0,fit,1270,root,clean,optimum,7.129913546892428e-05,9.040181581347841e-05,6.557475182706272e-07,0.6596,0.0024691589788403473,50000,1.2679230290650583
71,21,10.0,fit,1262,root,clean,optimum,5.082007177999266e-05,6.178342664761343e-05,5.483162126002475e-07,0.76736,0.002064635948842261,50000,1.2157288347620345
71,13,4.0,fit,1269,root,clean,optimum,6.429618811599242e-05,7.636881949272577e-05,6.023728161294836e-07,0.71244,0.002268181283366487,50000,1.1877658960894217
71,15,5.0,fit,1264,root,clean,optimum,6.245152287199031e-05,8.398551772283902e-05,6.317939338639753e-07,0.68376,0.0023789638864226506,50000,1.3448113650485018
71,7,1.8,fit,1270,root,clean,optimum,8.418369082411134e-05,0.00010166220650234881,6.929442875920194e-07,0.6172,0.0026092201066292664,50000,1.2076235373756194
71,23,20.0,fit,1262,root,clean,optimum,4.242251218268355e-05,4.7877906447866876e-05,4.882933685726764e-07,0.81972,0.0018386252661681307,50000,1.1285966809719055
71,27,30.0,fit,1262,root,clean,optimum,3.8741844398712546e-05,4.612510978403327e-05,4.782200636230908e-07,0.82632,0.0018006951319779756,50000,1.1905759908933524
71,25,26.0,fit,1262,root,clean,optimum,4.0049449694312016e-05,4.642786557142271e-05,4.809027625671731e-07,0.82518,0.0018107965963384898,50000,1.1592635086323442
71,17,6.0,fit,1263,root,clean,optimum,5.8197509925692185e-05,7.17318755911296e-05,5.867505454768452e-07,0.7299,0.0022093570121689914,50000,1.2325591882319085
71,9,2.0,fit,1270,root,clean,optimum,8.166618793623831e-05,0.00010461009180061441,6.961804347558206e-07,0.6061,0.0026214055310551515,50000,1.2809474085197876
71,19,8.0,fit,1263,root,clean,optimum,5.386197100141849e-05,6.813067517270784e-05,5.701220268115987e-07,0.74346,0.0021467438035435295,50000,1.2649124030554613
71,11,3.0,fit,1271,root,clean,optimum,7.129913546892428e-05,8.958915554206463e-05,6.457406051053115e-07,0.66266,0.0024314788370110993,50000,1.2565251310952017
71,13,4.0,fit,1270,root,clean,optimum,6.429618811599242e-05,7.603419467508479e-05,6.072115446221967e-07,0.7137,0.002286401085304071,50000,1.1825614690861086
71,21,10.0,fit,1263,root,clean,optimum,5.082007177999266e-05,6.128945667871488e-05,5.453344465154837e-07,0.76922,0.0020534083737529752,50000,1.2060088569737895
71,7,1.8,fit,1271,root,clean,optimum,8.418369082411134e-05,0.00010012187004019199,6.87163854156842e-07,0.623,0.0025874543984559465,50000,1.1893262110517462
71,23,20.0,fit,1263,root,clean,optimum,4.242251218268355e-05,4.709711520670465e-05,4.8565997563011e-07,0.82266,0.0018287094591726261,50000,1.1101915653625347
71,27,30.0,fit,1263,root,clean,optimum,3.8741844398712546e-05,4.5429302623541753e-05,4.765624958690136e-07,0.82894,0.0017944537079710502,50000,1.172615897064814
71,25,26.0,fit,1263,root,clean,optimum,4.0049449694312016e-05,4.5763927441182726e-05,4.778594731652271e-07,0.82768,0.00179933736066827,50000,1.142685549751319
71,15,5.0,fit,1265,root,clean,optimum,6.245152287199031e-05,8.249829631110145e-05,6.258214402880614e-07,0.68936,0.002356474992865072,50000,1.32099735150097
71,9,2.0,fit,1271,root,clean,optimum,8.166618793623831e-05,0.00010331408457038593,6.937556941597993e-07,0.61098,0.002612275385919697,50000,1.2650778392037771
71,17,6.0,fit,1264,root,clean,optimum,5.8197509925692185e-05,7.172125258104575e-05,5.903310107516611e-07,0.72994,0.002222838935829264,50000,1.2323766544757837
71,19,8.0,fit,1264,root,clean,optimum,5.386197100141849e-05,6.697276707356926e-05,5.711054508410654e-07,0.74782,0.0021504467992922117,50000,1.2434147103863966
71,11,3.0,fit,1272,root,clean,optimum,7.129913546892428e-05,9.026902818743039e-05,6.498701780945032e-07,0.6601,0.0024470283769497786,50000,1.2660606274359965
71,13,4.0,fit,1271,root,clean,optimum,6.429618811599242e-05,7.501969721207806e-05,5.987264821990445e-07,0.71752,0.0022544513371397165,50000,1.1667829681713024
71,23,20.0,fit,1264,root,clean,optimum,4.242251218268355e-05,4.677842490418943e-05,4.808241731029383e-07,0.82386,0.0018105006746981461,50000,1.1026792732770767
71,27,30.0,fit,1264,root,clean,optimum,3.8741844398712546e-05,4.514248135127809e-05,4.7302342059216275e-07,0.83002,0.0017811276346682127,50000,1.1652124996087756
71,7,1.8,fit,1272,root,clean,optimum,8.418369082411134e-05,0.00010186935519898368,6.882252851493509e-07,0.61642,0.0025914511224885205,50000,1.2100842122950368
71,25,26.0,fit,1264,root,clean,optimum,4.0049449694312016e-05,4.544523713866753e-05,4.7585270249186464e-07,0.82888,0.0017917810441157134,50000,1.134728129488427
71,21,10.0,fit,1264,root,clean,optimum,5.082007177999266e-05,6.02324671753728e-05,5.436625800987136e-07,0.7732,0.002047113109402945,50000,1.1852101948247484
71,15,5.0,fit,1266,root,clean,optimum,6.245152287199031e-05,8.314098842117376e-05,6.266021933653785e-07,0.68694,0.002359414849162507,50000,1.3312884073554392
71,9,2.0,fit,1272,root,clean,optimum,8.166618793623831e-05,0.00010437638557876993,7.000687518719917e-07,0.60698,0.002636046643453552,50000,1.278085682905425
71,17,6.0,fit,1265,root,clean,optimum,5.8197509925692185e-05,7.155128441970432e-05,5.834155957157825e-07,0.73058,0.0021967995553474604,50000,1.229456114377789
71,11,3.0,fit,1273,root,clean,optimum,7.129913546892428e-05,8.869151118998017e-05,6.424869063295225e-07,0.66604,0.002419227323550753,50000,1.2439352960827463
71,19,8.0,fit,1265,root,clean,optimum,5.386197100141849e-05,6.71639812550784e-05,5.734118538732257e-07,0.7471,0.0021591313548521046,50000,1.2469647880748664
71,13,4.0,fit,1272,root,clean,optimum,6.429618811599242e-05,7.597576811962368e-05,6.022695161413173e-07,0.71392,0.0022677923164452435,50000,1.1816527596093398
71,23,20.0,fit,1265,root,clean,optimum,4.242251218268355e-05,4.649691513696768e-05,4.803360238809116e-07,0.82492,0.0018086625922029815,50000,1.096043415268256
71,27,30.0,fit,1265,root,clean,optimum,3.8741844398712546e-05,4.520621941178113e-05,4.7484598577523106e-07,0.82978,0.0017879903418244107,50000,1.166857699043451
71,7,1.8,fit,1273,root,clean,optimum,8.418369082411134e-05,0.00010067957806959359,6.851067227689205e-07,0.6209,0.0025797084531101883,50000,1.1959511050655622
71,25,26.0,fit,1265,root,clean,optimum,4.0049449694312016e-05,4.563645132017663e-05,4.782275512954543e-07,0.82816,0.0018007233261425463,50000,1.139502581646162
71,21,10.0,fit,1265,root,clean,optimum,5.082007177999266e-05,6.065738757872641e-05,5.441988601866188e-07,0.7716,0.0020491324243943564,50000,1.1935714660404435
71,15,5.0,fit,1267,root,clean,optimum,6.245152287199031e-05,8.351810527915007e-05,6.221339545083242e-07,0.68552,0.002342590093008499,50000,1.3373269607907061
71,9,2.0,fit,1273,root,clean,optimum,8.166618793623831e-05,0.00010245362075359488,6.917885290327604e-07,0.61422,0.0026048682005305715,50000,1.254541485805442
71,11,3.0,fit,1274,root,clean,optimum,7.129913546892428e-05,8.893584042190846e-05,6.482234144190433e-07,0.66512,0.002440827634740318,50000,1.247362115080219
71,17,6.0,fit,1266,root,clean,optimum,5.8197509925692185e-05,7.148754635920126e-05,5.883976727697848e-07,0.73082,0.0022155591235477434,50000,1.2283609118410406
71,13,4.0,fit,1273,root,clean,optimum,6.429618811599242e-05,7.487628657594623e-05,6.000568236990036e-07,0.71806,0.0022594606197797957,50000,1.1645524994555971
71,19,8.0,fit,1266,root,clean,optimum,5.386197100141849e-05,6.807224861724671e-05,5.729778741511943e-07,0.74368,0.0021574972427930695,50000,1.2638276570950957
71,23,20.0,fit,1266,root,clean,optimum,4.242251218268355e-05,4.763357721593855e-05,4.863088785299263e-07,0.82064,0.001831152845349218,50000,1.1228372570397211
71,27,30.0,fit,1266,root,clean,optimum,3.8741844398712546e-05,4.588609205714689e-05,4.759607088999686e-07,0.82722,0.0017921877326427939,50000,1.184406493013321
71,25,26.0,fit,1266,root,clean,optimum,4.0049449694312016e-05,4.613573279411711e-05,4.783717461065583e-07,0.82628,0.001801266278883684,50000,1.151969206724693
71,7,1.8,fit,1274,root,clean,optimum,8.418369082411134e-05,0.00010038213378724607,6.897665241864148e-07,0.62202,0.0025972545210540864,50000,1.1924178282581936
71,21,10.0,fit,1266,root,clean,optimum,5.082007177999266e-05,6.193214878878719e-05,5.48439573585581e-07,0.7668,0.002065100453664754,50000,1.2186552796875276
71,9,2.0,fit,1274,root,clean,optimum,8.166618793623831e-05,0.00010342031467122431,6.97654197130845e-07,0.61058,0.002626954852249024,50000,1.2663786235739416
71,15,5.0,fit,1268,root,clean,optimum,6.245152287199031e-05,8.503719572113921e-05,6.289761085204492e-07,0.6798,0.0023683536156188503,50000,1.361651274628543
71,11,3.0,fit,1275,root,clean,optimum,7.129913546892428e-05,8.969007413786112e-05,6.508735875230763e-07,0.66228,0.002450806625941934,50000,1.2579405563332886
71,17,6.0,fit,1267,root,clean,optimum,5.8197509925692185e-05,7.170000656087808e-05,5.832645758696502e-07,0.73002,0.0021962309035437238,50000,1.2320115869635346
71,13,4.0,fit,1274,root,clean,optimum,6.429618811599242e-05,7.493471313140734e-05,6.031026106458919e-07,0.71784,0.0022709292597334436,50000,1.165461208932366
71,23,20.0,fit,1267,root,clean,optimum,4.242251218268355e-05,4.7022754136117755e-05,4.842745285402286e-07,0.82294,0.0018234926813330231,50000,1.108438697209261
71,27,30.0,fit,1267,root,clean,optimum,3.8741844398712546e-05,4.563645132017663e-05,4.7479898729911483e-07,0.82816,0.001787813373241136,50000,1.1779627952275087
71,25,26.0,fit,1267,root,clean,optimum,4.0049449694312016e-05,4.573736991597313e-05,4.778443497094403e-07,0.82778,0.0017992804146401014,50000,1.1420224313960783
71,19,8.0,fit,1267,root,clean,optimum,5.386197100141849e-05,6.810942915254016e-05,5.719183945242768e-07,0.74354,0.002153507866454138,50000,1.2645179499789647
71,7,1.8,fit,1275,root,clean,optimum,8.418369082411134e-05,0.00010101951439227648,6.864369224138793e-07,0.61962,0.0025847172016078756,50000,1.1999891357025552
71,21,10.0,fit,1267,root,clean,optimum,5.082007177999266e-05,6.180467266778113e-05,5.466856194138784e-07,0.76728,0.0020584960951717853,50000,1.2161468983228196
71,9,2.0,fit,1275,root,clean,optimum,8.166618793623831e-05,0.00010345218370147584,6.971425540677269e-07,0.61046,0.0026250283057840202,50000,1.2667688588849912
71,15,5.0,fit,1269,root,clean,optimum,6.245152287199031e-05,8.425640447997695e-05,6.312548268540554e-07,0.68274,0.0023769339269077293,50000,1.3491489175160882
71,11,3.0,fit,1276,root,clean,optimum,7.129913546892428e-05,9.0428373338688e-05,6.541612891182589e-07,0.6595,0.002463186173995584,50000,1.2682955093908705
71,13,4.0,fit,1275,root,clean,optimum,6.429618811599242e-05,7.62732124019712e-05,6.102650190009414e-07,0.7128,0.0022978986715989002,50000,1.1862789169456178
71,17,6.0,fit,1268,root,clean,optimum,5.8197509925692185e-05,7.339437666925057e-05,5.933251831874397e-07,0.72364,0.0022341132259302717,50000,1.2611257210654212
71,27,30.0,fit,1268,root,clean,optimum,3.8741844398712546e-05,4.591264958235649e-05,4.778055384239158e-07,0.82712,0.001799134274195093,50000,1.1850919927777688
71,23,20.0,fit,1268,root,clean,optimum,4.242251218268355e-05,4.803725159912449e-05,4.873800464159693e-07,0.81912,0.0018351862327887066,50000,1.1323528270146346
71,25,26.0,fit,1268,root,clean,optimum,4.0049449694312016e-05,4.644380008654849e-05,4.806105881622301e-07,0.82512,0.0018096964395933218,50000,1.1596613796454893
71,7,1.8,fit,1276,root,clean,optimum,8.418369082411134e-05,0.00010167282951243263,6.92163618077976e-07,0.61716,0.00260628056498191,50000,1.2077497258330252
71,19,8.0,fit,1268,root,clean,optimum,5.386197100141849e-05,6.929920628193022e-05,5.775280374885099e-07,0.73906,0.002174630478293758,50000,1.2866073222627739
71,9,2.0,fit,1276,root,clean,optimum,8.166618793623831e-05,0.00010497127414346494,6.97730518340633e-07,0.60474,0.002627242232978914,50000,1.2853700753783477
71,21,10.0,fit,1268,root,clean,optimum,5.082007177999266e-05,6.276605508036864e-05,5.537347202445103e-07,0.76366,0.002085038857627994,50000,1.2350642744483291
71,15,5.0,fit,1270,root,clean,optimum,6.245152287199031e-05,8.335344862285057e-05,6.324453813235279e-07,0.68614,0.002381416853912698,50000,1.334690409290801
71,11,3.0,fit,1277,root,clean,optimum,7.129913546892428e-05,9.073644063111935e-05,6.524870680713125e-07,0.65834,0.002456882043494971,50000,1.272616281170293
71,13,4.0,fit,1276,root,clean,optimum,6.429618811599242e-05,7.615104778600704e-05,6.029811055374039e-07,0.71326,0.0022704717430502095,50000,1.1843788880396464
71,27,30.0,fit,1269,root,clean,optimum,3.8741844398712546e-05,4.588078055210497e-05,4.7615205052077863e-07,0.82724,0.001792908212504151,50000,1.184269393060431
71,23,20.0,fit,1269,root,clean,optimum,4.242251218268355e-05,4.7484855074764786e-05,4.851292334051814e-07,0.8212,0.0018267109965118932,50000,1.1193315207331742
71,17,6.0,fit,1269,root,clean,optimum,5.8197509925692185e-05,7.247548629699841e-05,5.905685762515945e-07,0.7271,0.0022237334675977868,50000,1.2453365511606365
71,25,26.0,fit,1269,root,clean,optimum,4.0049449694312016e-05,4.620478235966209e-05,4.778360834096535e-07,0.82602,0.0017992492886231945,50000,1.1536933144483201
71,7,1.8,fit,1277,root,clean,optimum,8.418369082411134e-05,0.00010198620830990593,6.974806802045991e-07,0.61598,0.00262630148969029,50000,1.211472285326503
71,19,8.0,fit,1269,root,clean,optimum,5.386197100141849e-05,6.850779203068415e-05,5.720762584120813e-07,0.74204,0.0021541022888883015,50000,1.2719139451632757
71,9,2.0,fit,1277,root,clean,optimum,8.166618793623831e-05,0.00010489691307287808,7.0407210080175e-07,0.60502,0.0026511208979187657,50000,1.2844595263192327
71,21,10.0,fit,1269,root,clean,optimum,5.082007177999266e-05,6.160814698123007e-05,5.45777359152309e-07,0.76802,0.002055076121908459,50000,1.2122798103855603
71,11,3.0,fit,1278,root,clean,optimum,7.129913546892428e-05,9.011499454121471e-05,6.494762572283807e-07,0.66068,0.002445545102951115,50000,1.2639002415462852
71,15,5.0,fit,1271,root,clean,optimum,6.245152287199031e-05,8.339062915814399e-05,6.283277846860369e-07,0.686,0.0023659124098615535,50000,1.335285759629489
71,27,30.0,fit,1270,root,clean,optimum,3.8741844398712546e-05,4.6422554066380785e-05,4.781934452471391e-07,0.8252,0.0018005949028499161,50000,1.1982535882551704
71,13,4.0,fit,1277,root,clean,optimum,6.429618811599242e-05,7.682029742128895e-05,6.048609315867181e-07,0.71074,0.0022775500609073067,50000,1.1947877420462722
71,23,20.0,fit,1270,root,clean,optimum,4.242251218268355e-05,4.7877906447866876e-05,4.858550405714832e-07,0.81972,0.001829443958866531,50000,1.1285966809719055
71,25,26.0,fit,1270,root,clean,optimum,4.0049449694312016e-05,4.6555341692428804e-05,4.781238162960186e-07,0.8247,0.0018003327212250432,50000,1.1624464767375013
71,17,6.0,fit,1270,root,clean,optimum,5.8197509925692185e-05,7.2236468570112e-05,5.89155476200455e-07,0.728,0.0022184125649911362,50000,1.2412295416478307
71,7,1.8,fit,1278,root,clean,optimum,8.418369082411134e-05,0.00010107794094773761,6.855455355380096e-07,0.6194,0.002581360763578223,50000,1.2006831722182882
71,19,8.0,fit,1270,root,clean,optimum,5.386197100141849e-05,6.866713718194176e-05,5.779432828078817e-07,0.74144,0.0021761940476252174,50000,1.2748723432370006
71,9,2.0,fit,1278,root,clean,optimum,8.166618793623831e-05,0.00010357965982248192,6.959729894023132e-07,0.60998,0.002620624414020073,50000,1.268329800129189
71,21,10.0,fit,1270,root,clean,optimum,5.082007177999266e-05,6.180467266778113e-05,5.49166852866166e-07,0.76728,0.0020678389591348425,50000,1.2161468983228196
71,11,3.0,fit,1279,root,clean,optimum,7.129913546892428e-05,9.075237514624512e-05,6.544394388074688e-07,0.65828,0.002464233521920568,50000,1.2728397693657805
71,15,5.0,fit,1272,root,clean,optimum,6.245152287199031e-05,8.36615159152819e-05,6.259562078586677e-07,0.68498,0.0023569824481702735,50000,1.339623312097075
71,27,30.0,fit,1271,root,clean,optimum,3.8741844398712546e-05,4.5599270784883186e-05,4.757922163698428e-07,0.8283,0.0017915532890009408,50000,1.1770030955572812
71,13,4.0,fit,1278,root,clean,optimum,6.429618811599242e-05,7.556678223139584e-05,6.024043024561956e-07,0.71546,0.0022682998423303345,50000,1.1752917932719573
71,23,20.0,fit,1271,root,clean,optimum,4.242251218268355e-05,4.7022754136117755e-05,4.827559577046768e-07,0.82294,0.0018177746378648658,50000,1.108438697209261
71,25,26.0,fit,1271,root,clean,optimum,4.0049449694312016e-05,4.5732058410931204e-05,4.7671179907805583e-07,0.8278,0.0017950158959304473,50000,1.14188980772503
71,7,1.8,fit,1279,root,clean,optimum,8.418369082411134e-05,0.00010277231105611008,6.926011329869107e-07,0.61302,0.002607927988472923,50000,1.2208102311745486
71,17,6.0,fit,1271,root,clean,optimum,5.8197509925692185e-05,7.159908796508158e-05,5.839505569264796e-07,0.7304,0.002198813904224003,50000,1.2302775162803496
71,19,8.0,fit,1271,root,clean,optimum,5.386197100141849e-05,6.758890165843199e-05,5.708353719534372e-07,0.7455,0.0021494298412530243,50000,1.254853849604798
71,9,2.0,fit,1279,root,clean,optimum,8.166618793623831e-05,0.00010522622638547712,7.015318832741428e-07,0.60378,0.0026415559346642486,50000,1.2884919578667435
71,11,3.0,fit,1280,root,clean,optimum,7.129913546892428e-05,8.997158390508286e-05,6.566517878236771e-07,0.66122,0.0024725639254455493,50000,1.2618888477868988
71,21,10.0,fit,1271,root,clean,optimum,5.082007177999266e-05,6.095483186107391e-05,5.442768416189188e-07,0.77048,0.002049426056544508,50000,1.1994243558914295
71,13,4.0,fit,1279,root,clean,optimum,6.429618811599242e-05,7.562520878685697e-05,6.058210269845241e-07,0.71524,0.0022811652147675726,50000,1.1762005027487263
71,27,30.0,fit,1272,root,clean,optimum,3.8741844398712546e-05,4.579048496639232e-05,4.743323543986205e-07,0.82758,0.0017860563085417278,50000,1.1819386938613077
71,15,5.0,fit,1273,root,clean,optimum,6.245152287199031e-05,8.2461115775808e-05,6.275070054761616e-07,0.6895,0.0023628218387206153,50000,1.3204020011622817
71,7,1.8,fit,1280,root,clean,optimum,8.418369082411134e-05,0.00010114699051328254,6.865750634105553e-07,0.61914,0.002585237359249018,50000,1.201503397191427
71,23,20.0,fit,1272,root,clean,optimum,4.242251218268355e-05,4.714491875208192e-05,4.830418189621582e-07,0.82248,0.001818851023014556,50000,1.1113184091753532
71,25,26.0,fit,1272,root,clean,optimum,4.0049449694312016e-05,4.597638764285953e-05,4.764826775260547e-07,0.82688,0.0017941531590971286,50000,1.1479904965932475
71,17,6.0,fit,1272,root,clean,optimum,5.8197509925692185e-05,7.249673231716607e-05,5.911320692746058e-07,0.72702,0.002225855250476892,50000,1.2457016186728855
71,19,8.0,fit,1272,root,clean,optimum,5.386197100141849e-05,6.827408580883967e-05,5.721410369800729e-07,0.74292,0.0021543462068267403,50000,1.2675749613218132
71,9,2.0,fit,1280,root,clean,optimum,8.166618793623831e-05,0.00010387710410482945,7.034753464060024e-07,0.60886,0.0026488738722978246,50000,1.2719719963656506
71,11,3.0,fit,1281,root,clean,optimum,7.129913546892428e-05,9.006187949079552e-05,6.511678296877348e-07,0.66088,0.00245191456865247,50000,1.2631552808946607
71,21,10.0,fit,1272,root,clean,optimum,5.082007177999266e-05,6.183123019299072e-05,5.470227485268321e-07,0.76718,0.002059765524873133,50000,1.2166694777738005
71,13,4.0,fit,1280,root,clean,optimum,6.429618811599242e-05,7.60076371498752e-05,6.012316939905361e-07,0.7138,0.0022638844894071804,50000,1.1821484193239409
71,27,30.0,fit,1273,root,clean,optimum,3.8741844398712546e-05,4.510530081598463e-05,4.730703550222953e-07,0.83016,0.0017813043620920298,50000,1.164252799938548
71,15,5.0,fit,1274,root,clean,optimum,6.245152287199031e-05,8.279042908840704e-05,6.348734349071637e-07,0.68826,0.0023905594738084634,50000,1.3256751041620922
71,7,1.8,fit,1281,root,clean,optimum,8.418369082411134e-05,0.00010152410737125887,6.876342884825703e-07,0.61772,0.002589225777084096,50000,1.205983087429341
71,23,20.0,fit,1273,root,clean,optimum,4.242251218268355e-05,4.6762490389063684e-05,4.790489841040884e-07,0.82392,0.0018038163583515006,50000,1.102303658672804
71,25,26.0,fit,1273,root,clean,optimum,4.0049449694312016e-05,4.5360253057996784e-05,4.7415491098110547e-07,0.8292,0.0017853881611292163,50000,1.1326061507516552
71,17,6.0,fit,1273,root,clean,optimum,5.8197509925692185e-05,7.125915164239871e-05,5.827538201695344e-07,0.73168,0.002194307698365211,50000,1.2244364360843603
71,9,2.0,fit,1281,root,clean,optimum,8.166618793623831e-05,0.00010462071481069822,7.025517576083469e-07,0.60606,0.0026453961807946956,50000,1.2810774869568038
71,19,8.0,fit,1273,root,clean,optimum,5.386197100141849e-05,6.715866975003647e-05,5.701948033221193e-07,0.74712,0.00214701783702348,50000,1.246866174805742
71,11,3.0,fit,1282,root,clean,optimum,7.129913546892428e-05,8.991315734962175e-05,6.528788070220346e-07,0.66144,0.002458357101685184,50000,1.2610693910701118
71,13,4.0,fit,1281,root,clean,optimum,6.429618811599242e-05,7.644318056331263e-05,6.061038760017206e-07,0.71216,0.002282230257594283,50000,1.188922435423491
71,27,30.0,fit,1274,root,clean,optimum,3.8741844398712546e-05,4.498313620002047e-05,4.7274254701919076e-07,0.83062,0.0017800700302010974,50000,1.161099501022087
71,21,10.0,fit,1273,root,clean,optimum,5.082007177999266e-05,6.085922477031936e-05,5.440316754182741e-07,0.77084,0.0020485029050132195,50000,1.1975430698678984
71,7,1.8,fit,1282,root,clean,optimum,8.418369082411134e-05,0.00010130633566454016,6.897388184195993e-07,0.61854,0.0025971501974524076,50000,1.2033962240525176
71,23,20.0,fit,1274,root,clean,optimum,4.242251218268355e-05,4.632163547058432e-05,4.799264910795817e-07,0.82558,0.0018071205328503205,50000,1.0919116546212546
71,15,5.0,fit,1275,root,clean,optimum,6.245152287199031e-05,8.386335310687487e-05,6.328630019508491e-07,0.68422,0.002382989367255056,50000,1.3428552139356689
71,25,26.0,fit,1274,root,clean,optimum,4.0049449694312016e-05,4.521153091682302e-05,4.7433184313743115e-07,0.82976,0.0017860543834331746,50000,1.1288926879623054
71,9,2.0,fit,1282,root,clean,optimum,8.166618793623831e-05,0.00010335657661072127,6.992561668142663e-07,0.61082,0.0026329869266640085,50000,1.2655981529518427
71,17,6.0,fit,1274,root,clean,optimum,5.8197509925692185e-05,7.130695518777599e-05,5.885281042816654e-07,0.7315,0.0022160502518093236,50000,1.225257837986921
71,11,3.0,fit,1283,root,clean,optimum,7.129913546892428e-05,9.032745474289151e-05,6.567576167394167e-07,0.65988,0.0024729624148187284,50000,1.2668800841527836
71,19,8.0,fit,1274,root,clean,optimum,5.386197100141849e-05,6.740831048700673e-05,5.72174376146624e-07,0.74618,0.0021544717424942694,50000,1.2515009984545773
71,13,4.0,fit,1282,root,clean,optimum,6.429618811599242e-05,7.620416283642623e-05,6.044594996440893e-07,0.71306,0.0022760385046178533,50000,1.1852049875639818
71,27,30.0,fit,1275,root,clean,optimum,3.8741844398712546e-05,4.615166730924289e-05,4.78607072672151e-07,0.82622,0.001802152380144007,50000,1.1912614906578012
71,21,10.0,fit,1274,root,clean,optimum,5.082007177999266e-05,6.088047079048704e-05,5.470392968529796e-07,0.77076,0.002059827836123963,50000,1.197961133428683
71,7,1.8,fit,1283,root,clean,optimum,8.418369082411134e-05,0.00010176312509814527,6.891310822762513e-07,0.61682,0.0025948618210372425,50000,1.2088223277209764
71,23,20.0,fit,1275,root,clean,optimum,4.242251218268355e-05,4.7479543569722894e-05,4.843097871334784e-07,0.82122,0.001823625444431134,50000,1.119206315865084
71,25,26.0,fit,1275,root,clean,optimum,4.0049449694312016e-05,4.6342881490752e-05,4.790267930333791e-07,0.8255,0.0018037327998477086,50000,1.1571415298955732
71,15,5.0,fit,1276,root,clean,optimum,6.245152287199031e-05,8.422984695476736e-05,6.284586222929989e-07,0.68284,0.0023664050672380574,50000,1.348723667274168
71,9,2.0,fit,1283,root,clean,optimum,8.166618793623831e-05,0.00010522091488043519,7.012576683524014e-07,0.6038,0.0026405234027563353,50000,1.288426918648235
71,17,6.0,fit,1275,root,clean,optimum,5.8197509925692185e-05,7.204525438860287e-05,5.912100337847848e-07,0.72872,0.0022261488189083017,50000,1.2379439340375864
71,29,40.0,fit,1234,root,clean,optimum,3.7048592457138634e-05,4.622602837982976e-05,4.789331862454406e-07,0.82594,0.0018033803318101194,50000,1.2477134842115383
71,19,8.0,fit,1275,root,clean,optimum,5.386197100141849e-05,6.815192119287551e-05,5.712403998434324e-07,0.74338,0.002150954937762577,50000,1.2653068561319578
71,13,4.0,fit,1283,root,clean,optimum,6.429618811599242e-05,7.661314872465407e-05,6.072913077778773e-07,0.71152,0.002286701426375203,50000,1.1915659539013643
71,27,30.0,fit,1276,root,clean,optimum,3.8741844398712546e-05,4.645973460167423e-05,4.77801899427396e-07,0.82506,0.0017991205718772335,50000,1.1992132879253978
71,21,10.0,fit,1275,root,clean,optimum,5.082007177999266e-05,6.118853808291842e-05,5.4499981700692e-07,0.7696,0.0020521483560897225,50000,1.2040230550600621
83,1,0.6,fit,1234,root,clean,optimum,0.00014952286217389697,0.0001680613310313907,8.090690903589869e-07,0.36718,0.0030464777270230174,50000,1.123984175984628
71,23,20.0,fit,1276,root,clean,optimum,4.242251218268355e-05,4.772387280165119e-05,4.860535929241477e-07,0.8203,0.0018301915900975942,50000,1.1249657397972674
71,25,26.0,fit,1276,root,clean,optimum,4.0049449694312016e-05,4.656596470251265e-05,4.790148978288871e-07,0.82466,0.0018036880095127729,50000,1.1627117240795979
71,15,5.0,fit,1277,root,clean,optimum,6.245152287199031e-05,8.444230715644416e-05,6.312213538841307e-07,0.68204,0.002376807887415493,50000,1.35212566920953
83,3,1.0,fit,1234,root,clean,optimum,0.00012387187133103486,0.00014407988576712192,7.870817386853419e-07,0.45748,0.002963686309147616,50000,1.1631364265264323
71,17,6.0,fit,1276,root,clean,optimum,5.8197509925692185e-05,7.283666863984894e-05,5.886640102897019e-07,0.72574,0.002216561993799452,50000,1.251542698868875
71,29,40.0,fit,1235,root,clean,optimum,3.7048592457138634e-05,4.488752910926591e-05,4.729017741856581e-07,0.83098,0.0017806695859398595,50000,1.2115852757752161
71,19,8.0,fit,1276,root,clean,optimum,5.386197100141849e-05,6.900176199958273e-05,5.759030250612598e-07,0.74018,0.002168511638475571,50000,1.2810849791918222
83,5,1.4,fit,1234,root,clean,optimum,0.00010813276306398666,0.00012615355625064193,7.49979152318385e-07,0.52498,0.002823979818900004,50000,1.1666543300663796
71,27,30.0,fit,1277,root,clean,optimum,3.8741844398712546e-05,4.602950269327873e-05,4.777614998852305e-07,0.82668,0.0017989684509930523,50000,1.18810819174134
83,1,0.6,fit,1235,root,clean,optimum,0.00014952286217389697,0.0001681941186574387,8.111599866919826e-07,0.36668,0.003054350811267478,50000,1.1248722517217924
71,21,10.0,fit,1276,root,clean,optimum,5.082007177999266e-05,6.239424972743425e-05,5.508651299792415e-07,0.76506,0.0020742336706136874,50000,1.2277481621345963
71,23,20.0,fit,1277,root,clean,optimum,4.242251218268355e-05,4.7532658620142086e-05,4.8578558744592e-07,0.82102,0.0018291824392971617,50000,1.1204583645459933
71,25,26.0,fit,1277,root,clean,optimum,4.0049449694312016e-05,4.6523472662177276e-05,4.797453126840475e-07,0.82482,0.001806438321710147,50000,1.161650734711212
71,15,5.0,fit,1278,root,clean,optimum,6.245152287199031e-05,8.410237083376127e-05,6.318277324095684e-07,0.68332,0.00237909115184112,50000,1.3466824661129508
83,3,1.0,fit,1235,root,clean,optimum,0.00012387187133103486,0.00014248643425454591,7.799141084021247e-07,0.46348,0.0029366972345759154,50000,1.1502727190886262
71,29,40.0,fit,1236,root,clean,optimum,3.7048592457138634e-05,4.573736991597313e-05,4.776625113034674e-07,0.82778,0.0017985957182893014,50000,1.2345238208141511
71,17,6.0,fit,1277,root,clean,optimum,5.8197509925692185e-05,7.203463137851904e-05,5.908346026706497e-07,0.72876,0.0022247351664268595,50000,1.237761400281462
83,5,1.4,fit,1235,root,clean,optimum,0.00010813276306398666,0.00012525591189855743,7.523315618058857e-07,0.52836,0.002832837607677139,50000,1.158353012994205
71,19,8.0,fit,1277,root,clean,optimum,5.386197100141849e-05,6.818910172816896e-05,5.725930680232186e-07,0.74324,0.0021560482895305244,50000,1.265997149015827
71,27,30.0,fit,1278,root,clean,optimum,3.8741844398712546e-05,4.6098552258823665e-05,4.786163491909872e-07,0.82642,0.0018021873100509277,50000,1.1898904911289043
83,1,0.6,fit,1236,root,clean,optimum,0.00014952286217389697,0.0001676576566482048,8.01513237135751e-07,0.3687,0.0030180268334868057,50000,1.1212844257436487
71,23,20.0,fit,1278,root,clean,optimum,4.242251218268355e-05,4.7739807316776965e-05,4.872745696571841e-07,0.82024,0.0018347890694312297,50000,1.1253413544015407
71,25,26.0,fit,1278,root,clean,optimum,4.0049449694312016e-05,4.660314523780607e-05,4.825981952213194e-07,0.82452,0.001817180597260132,50000,1.1636400897769348
71,21,10.0,fit,1277,root,clean,optimum,5.082007177999266e-05,6.181529567786495e-05,5.50852584045321e-07,0.76724,0.002074186430014944,50000,1.2163559301032116
83,3,1.0,fit,1236,root,clean,optimum,0.00012387187133103486,0.00014383024503015167,7.918429301819305e-07,0.45842,0.0029816141524199534,50000,1.161121112361176
71,15,5.0,fit,1279,root,clean,optimum,6.245152287199031e-05,8.385273009679104e-05,6.285656107582873e-07,0.68426,0.002366807922791969,50000,1.342685113838901
71,29,40.0,fit,1237,root,clean,optimum,3.7048592457138634e-05,4.4993759210104324e-05,4.7291204059990765e-07,0.83058,0.0017807082432099498,50000,1.2144525939050834
71,17,6.0,fit,1278,root,clean,optimum,5.8197509925692185e-05,7.235863318607616e-05,5.884951452175072e-07,0.72754,0.0022159261473835607,50000,1.2433286798432648
83,5,1.4,fit,1236,root,clean,optimum,0.00010813276306398666,0.00012618011377585152,7.480862931236302e-07,0.52488,0.0028168524258925013,50000,1.1668999311631896
71,19,8.0,fit,1278,root,clean,optimum,5.386197100141849e-05,6.818910172816896e-05,5.757361786819425e-07,0.74324,0.0021678833932682316,50000,1.265997149015827
71,27,30.0,fit,1279,root,clean,optimum,3.8741844398712546e-05,4.5870157542021115e-05,4.758137290430096e-07,0.82728,0.0017916342930591014,50000,1.1839951931546515
83,1,0.6,fit,1237,root,clean,optimum,0.00014952286217389697,0.00016779044427425277,8.201573025949679e-07,0.3682,0.0030882294043667064,50000,1.1221725014808128
71,25,26.0,fit,1279,root,clean,optimum,4.0049449694312016e-05,4.590202657227264e-05,4.773898987834393e-07,0.82716,0.0017975692200825723,50000,1.1461337651985721
71,23,20.0,fit,1279,root,clean,optimum,4.242251218268355e-05,4.6815605439482875e-05,4.82308775831255e-07,0.82372,0.0018160908142785472,50000,1.1035557073537137
83,3,1.0,fit,1237,root,clean,optimum,0.00012387187133103486,0.00014265109091084543,7.835533629498649e-07,0.46286,0.002950400524016547,50000,1.1516019688571995
71,21,10.0,fit,1278,root,clean,optimum,5.082007177999266e-05,6.165063902156545e-05,5.48656238725537e-07,0.76786,0.0020659162869859915,50000,1.2131159375071303
71,15,5.0,fit,1280,root,clean,optimum,6.245152287199031e-05,8.326315303713793e-05,6.296691551787234e-07,0.68648,0.0023709632211931816,50000,1.3332445584682722
71,29,40.0,fit,1238,root,clean,optimum,3.7048592457138634e-05,4.558333626975744e-05,4.778465582093205e-07,0.82836,0.001799288730550047,50000,1.230366209525844
83,5,1.4,fit,1237,root,clean,optimum,0.00010813276306398666,0.0001254524375851085,7.462660581811713e-07,0.52762,0.0028099984930501413,50000,1.1601704611105985
71,17,6.0,fit,1279,root,clean,optimum,5.8197509925692185e-05,7.20505658936448e-05,5.892272598430949e-07,0.7287,0.002218682859915356,50000,1.238035200915649
71,19,8.0,fit,1279,root,clean,optimum,5.386197100141849e-05,6.809880614245631e-05,5.757101569077555e-07,0.74358,0.002167785410591075,50000,1.2643207234407163
71,27,30.0,fit,1280,root,clean,optimum,3.8741844398712546e-05,4.5455860148751356e-05,4.742414171659162e-07,0.82884,0.0017857138924770282,50000,1.173301396829262
83,1,0.6,fit,1238,root,clean,optimum,0.00014952286217389697,0.00016897490989860098,8.067578660312604e-07,0.36374,0.0030377750173033215,50000,1.1300941370563187
71,25,26.0,fit,1280,root,clean,optimum,4.0049449694312016e-05,4.5392122088248306e-05,4.7507740715988843e-07,0.82908,0.001788861738473123,50000,1.1334018927779443
83,3,1.0,fit,1238,root,clean,optimum,0.00012387187133103486,0.00014311319184949248,7.835346885477956e-07,0.46112,0.0029503302072158588,50000,1.1553324440141632
71,23,20.0,fit,1280,root,clean,optimum,4.242251218268355e-05,4.656065319747072e-05,4.818548517026633e-07,0.82468,0.0018143816033298265,50000,1.0975458736853478
71,21,10.0,fit,1279,root,clean,optimum,5.082007177999266e-05,6.136381774930177e-05,5.470385350358622e-07,0.76894,0.0020598249675693393,50000,1.2074720794365363
71,15,5.0,fit,1281,root,clean,optimum,6.245152287199031e-05,8.352341678419199e-05,6.281853979335863e-07,0.6855,0.002365376265204524,50000,1.3374120108390901
71,29,40.0,fit,1239,root,clean,optimum,3.7048592457138634e-05,4.49884477050624e-05,4.744716439119728e-07,0.8306,0.0017865807908203023,50000,1.2143092279985899
83,5,1.4,fit,1238,root,clean,optimum,0.00010813276306398666,0.0001259145385237555,7.563967878387937e-07,0.52588,0.0028481448548728925,50000,1.1644439201950905
71,27,30.0,fit,1281,root,clean,optimum,3.8741844398712546e-05,4.5987010652943356e-05,4.781548075432377e-07,0.82684,0.001800449416011077,50000,1.1870113921182228
71,19,8.0,fit,1280,root,clean,optimum,5.386197100141849e-05,6.729145737608449e-05,5.708440541883183e-07,0.74662,0.0021494625334365493,50000,1.2493315065338462
71,17,6.0,fit,1280,root,clean,optimum,5.8197509925692185e-05,7.136538174323711e-05,5.867848783812558e-07,0.73128,0.002209486289668079,50000,1.226261773645607
83,1,0.6,fit,1239,root,clean,optimum,0.00014952286217389697,0.00016709463711376128,8.143203694215628e-07,0.37082,0.003066250951452369,50000,1.1175189846180722
83,3,1.0,fit,1239,root,clean,optimum,0.00012387187133103486,0.00014417018135283455,7.912854294964459e-07,0.45714,0.0029795149331550384,50000,1.163865369947908
71,25,26.0,fit,1281,root,clean,optimum,4.0049449694312016e-05,4.6491603631925754e-05,4.813478615475691e-07,0.82494,0.0018124725769763058,50000,1.1608549926849228
71,23,20.0,fit,1281,root,clean,optimum,4.242251218268355e-05,4.773449581173504e-05,4.867082185900022e-07,0.82026,0.0018326565248409032,50000,1.1252161495334496
71,29,40.0,fit,1240,root,clean,optimum,3.7048592457138634e-05,4.5200907906739204e-05,4.735994475452407e-07,0.8298,0.0017832966129466168,50000,1.2200438642583238
71,15,5.0,fit,1282,root,clean,optimum,6.245152287199031e-05,8.368807344049151e-05,6.279366950895812e-07,0.68488,0.0023644397967570977,50000,1.3400485623389955
71,21,10.0,fit,1280,root,clean,optimum,5.082007177999266e-05,6.078486369973247e-05,5.443502347579501e-07,0.77112,0.0020497024118842923,50000,1.1960798474051515
83,5,1.4,fit,1239,root,clean,optimum,0.00010813276306398666,0.00012521341985822208,7.429344359391533e-07,0.52852,0.0027974535657057297,50000,1.1579600512393093
71,27,30.0,fit,1282,root,clean,optimum,3.8741844398712546e-05,4.6215405369745906e-05,4.774710103020512e-07,0.82598,0.001797874638294442,50000,1.1929066900924759
71,19,8.0,fit,1281,root,clean,optimum,5.386197100141849e-05,6.876274427269633e-05,5.73472742558631e-07,0.74108,0.0021593606257835065,50000,1.2766473820812354
83,1,0.6,fit,1240,root,clean,optimum,0.00014952286217389697,0.00016852343197003777,8.04930922858348e-07,0.36544,0.003030895825215604,50000,1.12707467954996
71,17,6.0,fit,1281,root,clean,optimum,5.8197509925692185e-05,7.237987920624384e-05,5.900724058390263e-07,0.72746,0.002221865182022786,50000,1.243693747355514
71,25,26.0,fit,1282,root,clean,optimum,4.0049449694312016e-05,4.666688329830911e-05,4.809105384983189e-07,0.82428,0.0018108258759158766,50000,1.1652315738295134
83,3,1.0,fit,1240,root,clean,optimum,0.00012387187133103486,0.00014249174575958783,7.888640664730271e-07,0.46346,0.0029703975059689257,50000,1.1503155981134188
71,23,20.0,fit,1282,root,clean,optimum,4.242251218268355e-05,4.789384096299263e-05,4.864417510528096e-07,0.81966,0.0018316531650207034,50000,1.128972295576178
71,29,40.0,fit,1241,root,clean,optimum,3.7048592457138634e-05,4.472818395800832e-05,4.707821837928505e-07,0.83158,0.0017726884567643088,50000,1.2072842985804164
71,15,5.0,fit,1283,root,clean,optimum,6.245152287199031e-05,8.411830534888704e-05,6.295245899227309e-07,0.68326,0.002370418873574751,50000,1.3469376162581033
71,21,10.0,fit,1281,root,clean,optimum,5.082007177999266e-05,6.19268372837453e-05,5.475130090950504e-07,0.76682,0.002061611557454667,50000,1.218550763797332
83,5,1.4,fit,1240,root,clean,optimum,0.00010813276306398666,0.00012428390647588607,7.561949142319785e-07,0.53202,0.0028473847177546106,50000,1.1493640128509628
71,27,30.0,fit,1283,root,clean,optimum,3.8741844398712546e-05,4.5567401754631664e-05,4.762750930054684e-07,0.82842,0.0017933715180407878,50000,1.1761804958399436
83,1,0.6,fit,1241,root,clean,optimum,0.00014952286217389697,0.00016722742473980929,7.990452560044827e-07,0.37032,0.0030087338699603086,50000,1.1184070603552365
71,19,8.0,fit,1282,root,clean,optimum,5.386197100141849e-05,6.850248052564223e-05,5.713500096549393e-07,0.74206,0.002151367663762616,50000,1.2718153318941516
71,17,6.0,fit,1282,root,clean,optimum,5.8197509925692185e-05,7.213023846927359e-05,5.84640923847958e-07,0.7284,0.00220141341948768,50000,1.2394042040865838
71,25,26.0,fit,1283,root,clean,optimum,4.0049449694312016e-05,4.588078055210497e-05,4.779329159170603e-07,0.82724,0.0017996139028206492,50000,1.1456032705143797
71,23,20.0,fit,1283,root,clean,optimum,4.242251218268355e-05,4.721396831762689e-05,4.85282340517175e-07,0.82222,0.001827287507729656,50000,1.1129460724605358
83,3,1.0,fit,1241,root,clean,optimum,0.00012387187133103486,0.00014221554749740798,7.830249484426495e-07,0.4645,0.00294841082616991,50000,1.1480858888241992
71,29,40.0,fit,1242,root,clean,optimum,3.7048592457138634e-05,4.4722872452966395e-05,4.739770841113117e-07,0.8316,0.0017847185698612411,50000,1.2071409326739229
83,5,1.4,fit,1241,root,clean,optimum,0.00010813276306398666,0.00012542056855485695,7.512578657874054e-07,0.52774,0.002828794700779729,50000,1.1598757397944264
71,21,10.0,fit,1282,root,clean,optimum,5.082007177999266e-05,6.185778771820032e-05,5.48156102272322e-07,0.76708,0.002064033067637548,50000,1.2171920572247814
83,7,1.8,fit,1234,root,clean,optimum,9.888431144063805e-05,0.00011266233344416513,7.178879145360717e-07,0.57578,0.0027031431161988317,50000,1.139334762034504
83,9,2.0,fit,1234,root,clean,optimum,9.538491934586305e-05,0.00010611855923251968,7.048091888289898e-07,0.60042,0.002653896337352306,50000,1.1125297369884726
83,1,0.6,fit,1242,root,clean,optimum,0.00014952286217389697,0.00016642007597343742,7.969015768141599e-07,0.37336,0.0030006620365594016,50000,1.1130075598732774
83,11,3.0,fit,1234,root,clean,optimum,8.471687649784585e-05,9.38330480705587e-05,6.610404839047981e-07,0.64668,0.00248908917034877,50000,1.1076075033638033
71,17,6.0,fit,1283,root,clean,optimum,5.8197509925692185e-05,7.247548629699841e-05,5.894007814005105e-07,0.7271,0.002219336239912348,50000,1.2453365511606365
83,3,1.0,fit,1242,root,clean,optimum,0.00012387187133103486,0.00014308132281924096,7.880689958709581e-07,0.46124,0.002967403738304981,50000,1.1550751698654071
71,19,8.0,fit,1283,root,clean,optimum,5.386197100141849e-05,6.892208942395391e-05,5.760822464989557e-07,0.74048,0.0021691864808649937,50000,1.2796057801549594
83,13,4.0,fit,1234,root,clean,optimum,7.613600316082584e-05,8.720960128328447e-05,6.429582908216557e-07,0.67162,0.0024210022799460223,50000,1.1454449624715304
71,29,40.0,fit,1243,root,clean,optimum,3.7048592457138634e-05,4.4993759210104324e-05,4.724242477536779e-07,0.83058,0.0017788715026161633,50000,1.2144525939050834
83,5,1.4,fit,1242,root,clean,optimum,0.00010813276306398666,0.00012640319698761218,7.468433089687925e-07,0.52404,0.002812172079568709,50000,1.1689629803763928
71,21,10.0,fit,1283,root,clean,optimum,5.082007177999266e-05,6.187372223332606e-05,5.487977524333477e-07,0.76702,0.0020664491442710506,50000,1.2175056048953696
83,7,1.8,fit,1235,root,clean,optimum,9.888431144063805e-05,0.00011164252447611647,7.228506642585212e-07,0.57962,0.0027218299090505074,50000,1.1290216096932362
83,9,2.0,fit,1235,root,clean,optimum,9.538491934586305e-05,0.00010551835916278271,6.9961882233416e-07,0.60268,0.0026343524737811874,50000,1.1062373369544518
83,1,0.6,fit,1243,root,clean,optimum,0.00014952286217389697,0.00016894835237339138,7.997872641448363e-07,0.36384,0.003011527835642342,50000,1.1299165219088858
83,11,3.0,fit,1235,root,clean,optimum,8.471687649784585e-05,9.220241602268929e-05,6.545822667027514e-07,0.65282,0.0024647713276617104,50000,1.0883594843706705
83,3,1.0,fit,1243,root,clean,optimum,0.00012387187133103486,0.00014347437419234306,7.791892744851126e-07,0.45976,0.002933967936904948,50000,1.1582482177000661
83,13,4.0,fit,1235,root,clean,optimum,7.613600316082584e-05,8.497345766063617e-05,6.362520740367411e-07,0.68004,0.0023957506168788235,50000,1.1160745788184145
83,15,5.0,fit,1234,root,clean,optimum,7.179811355304563e-05,8.095795984894463e-05,6.199177036951043e-07,0.69516,0.0023342449976137716,50000,1.1275778128784895
83,17,6.0,fit,1234,root,clean,optimum,6.840045777407067e-05,7.748423555152896e-05,6.053335656942143e-07,0.70824,0.002279329722618125,50000,1.132802879879289
71,29,40.0,fit,1244,root,clean,optimum,3.7048592457138634e-05,4.465913439246335e-05,4.7094679332632175e-07,0.83184,0.0017733082793274886,50000,1.2054205417960027
83,5,1.4,fit,1243,root,clean,optimum,0.00010813276306398666,0.00012539401102964736,7.52971505145483e-07,0.52784,0.002835247257426303,50000,1.1596301386976164
83,9,2.0,fit,1236,root,clean,optimum,9.538491934586305e-05,0.00010634695394932225,7.013132828344956e-07,0.59956,0.0026407328141440875,50000,1.1149241900987636
83,7,1.8,fit,1236,root,clean,optimum,9.888431144063805e-05,0.00011216305197022465,7.14361327939671e-07,0.57766,0.0026898640679118855,50000,1.1342856145340918
83,19,8.0,fit,1234,root,clean,optimum,6.318851359721465e-05,6.834844687942656e-05,5.743537849267098e-07,0.74264,0.002162678112488782,50000,1.0816593552920568
83,1,0.6,fit,1244,root,clean,optimum,0.00014952286217389697,0.0001692723541809485,8.22720043488887e-07,0.36262,0.0030978791773545625,50000,1.1320834267075668
83,3,1.0,fit,1244,root,clean,optimum,0.00012387187133103486,0.00014324066797049857,7.815303866755094e-07,0.46064,0.0029427831867142582,50000,1.1563615406091878
83,11,3.0,fit,1236,root,clean,optimum,8.471687649784585e-05,9.283448512267775e-05,6.560478013923592e-07,0.65044,0.0024702896682376545,50000,1.0958204428728944
83,13,4.0,fit,1236,root,clean,optimum,7.613600316082584e-05,8.571175686146305e-05,6.391081532512881e-07,0.67726,0.0024065049292328776,50000,1.1257716888606546
83,17,6.0,fit,1235,root,clean,optimum,6.840045777407067e-05,7.62732124019712e-05,6.08873931341653e-07,0.7128,0.002292660654696687,50000,1.1150979815647513
71,29,40.0,fit,1245,root,clean,optimum,3.7048592457138634e-05,4.471224944288254e-05,4.7067729556674817e-07,0.83164,0.0017722935094743241,50000,1.2068542008609358
83,15,5.0,fit,1235,root,clean,optimum,7.179811355304563e-05,7.942824639687168e-05,6.220287342425902e-07,0.70092,0.0023421938954528024,50000,1.1062720518163585
83,5,1.4,fit,1244,root,clean,optimum,0.00010813276306398666,0.00012588798099854592,7.472879074723736e-07,0.52598,0.002813846175705575,50000,1.1641983190982805
83,9,2.0,fit,1237,root,clean,optimum,9.538491934586305e-05,0.00010525809541572864,6.940881085400602e-07,0.60366,0.0026135270627142683,50000,1.103508774107841
83,1,0.6,fit,1245,root,clean,optimum,0.00014952286217389697,0.00016630853436755711,8.179198105915772e-07,0.37378,0.0030798043271589026,50000,1.1122615762540593
83,7,1.8,fit,1237,root,clean,optimum,9.888431144063805e-05,0.00011141944126435584,7.146994558983063e-07,0.58046,0.0026911372586778423,50000,1.1267656076185841
83,3,1.0,fit,1245,root,clean,optimum,0.00012387187133103486,0.0001431716184049536,7.913176110406885e-07,0.4609,0.002979636109898687,50000,1.1558041132868828
83,19,8.0,fit,1235,root,clean,optimum,6.318851359721465e-05,6.679217590214399e-05,5.708544118236916e-07,0.7485,0.0021495015341916703,50000,1.057030338265279
83,11,3.0,fit,1237,root,clean,optimum,8.471687649784585e-05,9.238831869915647e-05,6.5677241013609e-07,0.65212,0.0024730181180386505,50000,1.090553883930148
83,13,4.0,fit,1237,root,clean,optimum,7.613600316082584e-05,8.555241171020543e-05,6.406295578095234e-07,0.67786,0.002412233642831859,50000,1.123678787412689
71,29,40.0,fit,1246,root,clean,optimum,3.7048592457138634e-05,4.577986195630847e-05,4.776436627781117e-07,0.82762,0.0017985247458428592,50000,1.2356707480660973
83,17,6.0,fit,1236,root,clean,optimum,6.840045777407067e-05,7.68043629061632e-05,6.066338513204219e-07,0.7108,0.002284225832537801,50000,1.1228632878430573
83,15,5.0,fit,1236,root,clean,optimum,7.179811355304563e-05,7.951854198258432e-05,6.1610259874849e-07,0.70058,0.0023198795591306887,50000,1.1075296835457202
83,5,1.4,fit,1245,root,clean,optimum,0.00010813276306398666,0.00012642975451282177,7.550960568212893e-07,0.52394,0.002843247067871887,50000,1.1692085814732027
83,1,0.6,fit,1246,root,clean,optimum,0.00014952286217389697,0.00016732834333560578,8.020177843826439e-07,0.36994,0.0030199266612866886,50000,1.1190819979154814
83,9,2.0,fit,1238,root,clean,optimum,9.538491934586305e-05,0.00010594859107117823,6.996839149572266e-07,0.60106,0.002634597574266089,50000,1.1107478183947674
83,7,1.8,fit,1238,root,clean,optimum,9.888431144063805e-05,0.00011179655812233216,7.131006241178214e-07,0.57904,0.00268511699975738,50000,1.1305793254114487
83,3,1.0,fit,1246,root,clean,optimum,0.00012387187133103486,0.00014313443786966016,7.840628755730659e-07,0.46104,0.0029523190484994563,50000,1.1555039601133341
83,19,8.0,fit,1236,root,clean,optimum,6.318851359721465e-05,6.763670520380928e-05,5.72708486600338e-07,0.74532,0.0021564828879210313,50000,1.070395572761039
83,13,4.0,fit,1238,root,clean,optimum,7.613600316082584e-05,8.634913746649344e-05,6.37142359703989e-07,0.67486,0.0023991029084053177,50000,1.1341432946525167
83,11,3.0,fit,1238,root,clean,optimum,8.471687649784585e-05,9.246799127478529e-05,6.619046265452888e-07,0.65182,0.0024923430226323345,50000,1.0914943408842102
71,29,40.0,fit,1247,root,clean,optimum,3.7048592457138634e-05,4.463788837229568e-05,4.72811114420225e-07,0.83192,0.0017803282146535006,50000,1.2048470781700296
83,5,1.4,fit,1246,root,clean,optimum,0.00010813276306398666,0.00012629696688677374,7.666165410557444e-07,0.52444,0.0028866264269933866,50000,1.167980575989153
83,15,5.0,fit,1237,root,clean,optimum,7.179811355304563e-05,8.02302836582016e-05,6.179613122593402e-07,0.6979,0.0023268783796012737,50000,1.117442780706573
83,17,6.0,fit,1237,root,clean,optimum,6.840045777407067e-05,7.647504959356416e-05,6.058708782310978e-07,0.71204,0.002281352925204371,50000,1.1180487979505076
83,1,0.6,fit,1247,root,clean,optimum,0.00014952286217389697,0.00016937327277674496,8.03190230890577e-07,0.36224,0.0030243414043724234,50000,1.1327583642678116
83,9,2.0,fit,1239,root,clean,optimum,9.538491934586305e-05,0.0001054599326073216,6.997155037420494e-07,0.6029,0.0026347165190268433,50000,1.1056248024378659
83,3,1.0,fit,1247,root,clean,optimum,0.00012387187133103486,0.00014388336008057086,7.968488627205751e-07,0.45822,0.0030004635463267136,50000,1.1615499026091027
83,7,1.8,fit,1239,root,clean,optimum,9.888431144063805e-05,0.00011256672635341056,7.20691409797381e-07,0.57614,0.0027136994283521038,50000,1.13836790400251
83,19,8.0,fit,1237,root,clean,optimum,6.318851359721465e-05,6.782260788027649e-05,5.741259165024282e-07,0.74462,0.0021618200941964784,50000,1.0733376055116781
83,13,4.0,fit,1239,root,clean,optimum,7.613600316082584e-05,8.506375324634881e-05,6.351031671242484e-07,0.6797,0.002391424510046861,50000,1.1172605563055948
83,11,3.0,fit,1239,root,clean,optimum,8.471687649784585e-05,9.290884619326464e-05,6.612612854393837e-07,0.65016,0.002489920578896227,50000,1.0966982026966856
71,29,40.0,fit,1248,root,clean,optimum,3.7048592457138634e-05,4.455821579666689e-05,4.7306235542942013e-07,0.83222,0.0017812742403362865,50000,1.2026965895726296
83,5,1.4,fit,1247,root,clean,optimum,0.00010813276306398666,0.00012534620748427006,7.549740626736905e-07,0.52802,0.002842787709755361,50000,1.1591880567233586
83,17,6.0,fit,1238,root,clean,optimum,6.840045777407067e-05,7.734613642043905e-05,6.074314033546601e-07,0.70876,0.0022872289438139594,50000,1.1307839002469295
83,15,5.0,fit,1238,root,clean,optimum,7.179811355304563e-05,8.050648192038143e-05,6.206653353149635e-07,0.69686,0.002337060138007911,50000,1.12128965423168
83,1,0.6,fit,1248,root,clean,optimum,0.00014952286217389697,0.00016629791135747328,8.181642043438939e-07,0.37382,0.0030807245701046887,50000,1.1121905301950863
83,3,1.0,fit,1248,root,clean,optimum,0.00012387187133103486,0.00014276263251672576,7.908131811517242e-07,0.46244,0.00297773672399965,50000,1.152502428377846
83,9,2.0,fit,1240,root,clean,optimum,9.538491934586305e-05,0.00010570426183924992,7.054350885044203e-07,0.60198,0.0026562531069326445,50000,1.1081863104163168
83,7,1.8,fit,1240,root,clean,optimum,9.888431144063805e-05,0.00011186560768787712,7.259161582975403e-07,0.57878,0.0027333727543074554,50000,1.1312776117678887
83,19,8.0,fit,1238,root,clean,optimum,6.318851359721465e-05,6.816254420295936e-05,5.781314304231193e-07,0.74334,0.0021769025007425643,50000,1.078717322541418
83,13,4.0,fit,1240,root,clean,optimum,7.613600316082584e-05,8.601982415389439e-05,6.379941266006169e-07,0.6761,0.0024023101609256694,50000,1.1298179649933877
83,11,3.0,fit,1240,root,clean,optimum,8.471687649784585e-05,9.372150646467839e-05,6.606648599557668e-07,0.6471,0.002487674791764671,50000,1.1062908636281166
71,29,40.0,fit,1249,root,clean,optimum,3.7048592457138634e-05,4.4462608705912324e-05,4.7066262713763905e-07,0.83258,0.0017722382768086545,50000,1.2001160032557494
83,5,1.4,fit,1248,root,clean,optimum,0.00010813276306398666,0.00012537276500947968,7.49341807752911e-07,0.52792,0.0028215799546037496,50000,1.1594336578201687
83,15,5.0,fit,1239,root,clean,optimum,7.179811355304563e-05,8.038431730441726e-05,6.189039631976652e-07,0.69732,0.0023304278479003163,50000,1.11958815248019
83,17,6.0,fit,1239,root,clean,optimum,6.840045777407067e-05,7.660783721961217e-05,6.037164519947702e-07,0.71154,0.0022732406247572313,50000,1.1199901245200843
83,1,0.6,fit,1249,root,clean,optimum,0.00014952286217389697,0.0001680613310313907,8.145075353387857e-07,0.36718,0.0030669557080731224,50000,1.123984175984628
83,3,1.0,fit,1249,root,clean,optimum,0.00012387187133103486,0.000142146497931863,7.780073574283896e-07,0.46476,0.0029295175333097527,50000,1.147528461501894
83,9,2.0,fit,1241,root,clean,optimum,9.538491934586305e-05,0.00010620885481823234,7.012568161703189e-07,0.60008,0.002640520193940469,50000,1.1134763812413784
83,7,1.8,fit,1241,root,clean,optimum,9.888431144063805e-05,0.00011192403424333825,7.158690548583159e-07,0.57856,0.002695541279575041,50000,1.1318684694541072
83,19,8.0,fit,1239,root,clean,optimum,6.318851359721465e-05,6.723303082062337e-05,5.710136055069809e-07,0.74684,0.0021501009638525024,50000,1.0640071587882232
83,13,4.0,fit,1241,root,clean,optimum,7.613600316082584e-05,8.573831438667264e-05,6.381587803662464e-07,0.67716,0.002402930150041108,50000,1.126120505768649
71,29,40.0,fit,1250,root,clean,optimum,3.7048592457138634e-05,4.5153104361361905e-05,4.7314732287619475e-07,0.82998,0.0017815941777028295,50000,1.2187535710998831
83,11,3.0,fit,1241,root,clean,optimum,8.471687649784585e-05,9.312130639494142e-05,6.635982644479142e-07,0.64936,0.002498720265576693,50000,1.0992060879075172
83,5,1.4,fit,1249,root,clean,optimum,0.00010813276306398666,0.0001251974853430963,7.461194484866107e-07,0.52858,0.0028094464472800495,50000,1.1578126905812232
83,1,0.6,fit,1250,root,clean,optimum,0.00014952286217389697,0.00016815162661710335,8.107900957124252e-07,0.36684,0.003052958019670226,50000,1.1245880674859
83,15,5.0,fit,1240,root,clean,optimum,7.179811355304563e-05,7.961414907333889e-05,6.199828760675999e-07,0.70022,0.002334490398388058,50000,1.1088612936121036
83,17,6.0,fit,1240,root,clean,optimum,6.840045777407067e-05,7.613511327088128e-05,6.056867836696058e-07,0.71332,0.002280659733500554,50000,1.1130790019323917
83,3,1.0,fit,1250,root,clean,optimum,0.00012387187133103486,0.00014387273707048702,7.862023012199074e-07,0.45826,0.0029603748655605585,50000,1.1614641445595175
83,9,2.0,fit,1242,root,clean,optimum,9.538491934586305e-05,0.00010590609903084288,7.052084196577236e-07,0.60122,0.0026553996055430846,50000,1.1103023387463413
83,19,8.0,fit,1240,root,clean,optimum,6.318851359721465e-05,6.722771931558145e-05,5.691682464464213e-07,0.74686,0.0021431524283771694,50000,1.0639231007096335
83,13,4.0,fit,1242,root,clean,optimum,7.613600316082584e-05,8.579674094213376e-05,6.36848794422397e-07,0.67694,0.002397997514437788,50000,1.1268879029662362
71,29,40.0,fit,1251,root,clean,optimum,3.7048592457138634e-05,4.5243399947074543e-05,4.7505106897887084e-07,0.82964,0.0017887625643941765,50000,1.22119079151027
83,7,1.8,fit,1242,root,clean,optimum,9.888431144063805e-05,0.00011234895464669183,7.141716664542932e-07,0.57696,0.0026891499144511208,50000,1.1361656162629685
83,11,3.0,fit,1242,root,clean,optimum,8.471687649784585e-05,9.261671341595905e-05,6.600239519910318e-07,0.65126,0.002485261509805314,50000,1.0932498605317922
83,5,1.4,fit,1250,root,clean,optimum,0.00010813276306398666,0.00012530902694897665,7.524306403839901e-07,0.52816,0.002833210679254112,50000,1.1588442151878249
83,1,0.6,fit,1251,root,clean,optimum,0.00014952286217389697,0.00016819943016248065,8.05206335765461e-07,0.36666,0.0030319328680309243,50000,1.1249077747512792
83,15,5.0,fit,1241,root,clean,optimum,7.179811355304563e-05,7.986910131535104e-05,6.186524433891528e-07,0.69926,0.002329480772423489,50000,1.1124122537891252
83,17,6.0,fit,1241,root,clean,optimum,6.840045777407067e-05,7.680967441120512e-05,6.083333707952492e-07,0.71078,0.002290625222019366,50000,1.1229409409058404
83,3,1.0,fit,1251,root,clean,optimum,0.00012387187133103486,0.00014300165024361215,7.800392589984434e-07,0.46154,0.0029371684780194625,50000,1.154431984493517
83,9,2.0,fit,1243,root,clean,optimum,9.538491934586305e-05,0.00010519966886026753,6.967061672955851e-07,0.60388,0.0026233851301918003,50000,1.1028962395912552
71,29,40.0,fit,1252,root,clean,optimum,3.7048592457138634e-05,4.5323072522703364e-05,4.7512047363476125e-07,0.82934,0.001789023901455302,50000,1.2233412801076706
83,13,4.0,fit,1243,root,clean,optimum,7.613600316082584e-05,8.650317111270912e-05,6.400379269884664e-07,0.67428,0.002410005909575889,50000,1.1361664327188834
83,19,8.0,fit,1241,root,clean,optimum,6.318851359721465e-05,6.696214406348545e-05,5.697171184643645e-07,0.74786,0.0021452191571616147,50000,1.0597201967801493
83,11,3.0,fit,1243,root,clean,optimum,8.471687649784585e-05,9.307350284956416e-05,6.585900676289931e-07,0.64954,0.0024798623457238642,50000,1.0986418137350802
83,5,1.4,fit,1251,root,clean,optimum,0.00010813276306398666,0.00012647755805819905,7.473498333096454e-07,0.52376,0.002814079351940119,50000,1.1696506634474604
83,7,1.8,fit,1243,root,clean,optimum,9.888431144063805e-05,0.00011122822708284671,7.068014723597583e-07,0.58118,0.002661398103857449,50000,1.1248318915545963
83,1,0.6,fit,1252,root,clean,optimum,0.00014952286217389697,0.00016888461431288832,8.219092838559439e-07,0.36408,0.003094826334039742,50000,1.1294902455550468
83,3,1.0,fit,1252,root,clean,optimum,0.00012387187133103486,0.00014331502904108543,7.787103488345736e-07,0.46036,0.0029321645849481708,50000,1.1569618469562855
83,15,5.0,fit,1242,root,clean,optimum,7.179811355304563e-05,8.012936506240511e-05,6.236508631267779e-07,0.69828,0.002348301877545958,50000,1.1160371923031684
83,17,6.0,fit,1242,root,clean,optimum,6.840045777407067e-05,7.68043629061632e-05,6.077913540745099e-07,0.7108,0.0022885843062470513,50000,1.1228632878430573
83,9,2.0,fit,1244,root,clean,optimum,9.538491934586305e-05,0.0001062566583636096,6.976109788255936e-07,0.5999,0.0026267921175630537,50000,1.1139775458458576
71,29,40.0,fit,1253,root,clean,optimum,3.7048592457138634e-05,4.466444589750528e-05,4.708542907971424e-07,0.83182,0.0017729599692780796,50000,1.2055639077024962
83,11,3.0,fit,1244,root,clean,optimum,8.471687649784585e-05,9.285573114284542e-05,6.605324406770251e-07,0.65036,0.0024871761787437037,50000,1.0960712313939776
83,19,8.0,fit,1242,root,clean,optimum,6.318851359721465e-05,6.760483617355776e-05,5.705306071107359e-07,0.74544,0.002148282276333869,50000,1.069891224289501
83,13,4.0,fit,1244,root,clean,optimum,7.613600316082584e-05,8.586579050767873e-05,6.359908214791655e-07,0.67668,0.002394766893600718,50000,1.1277948269270215
83,5,1.4,fit,1252,root,clean,optimum,0.00010813276306398666,0.00012620135979601917,7.526461441801428e-07,0.5248,0.002834022139638511,50000,1.1670964120406373
83,7,1.8,fit,1244,root,clean,optimum,9.888431144063805e-05,0.00011305538481726718,7.161674625610796e-07,0.5743,0.0026966649072489627,50000,1.1433096228327007
83,1,0.6,fit,1253,root,clean,optimum,0.00014952286217389697,0.00016784887082971393,8.229905608262617e-07,0.36798,0.0030988977863372884,50000,1.1225632548051654
83,3,1.0,fit,1253,root,clean,optimum,0.00012387187133103486,0.00014227928555791104,7.860340629514434e-07,0.46426,0.002959741379318387,50000,1.1486004371217113
83,15,5.0,fit,1243,root,clean,optimum,7.179811355304563e-05,7.941231188174591e-05,6.209088449979221e-07,0.70098,0.00233797705206913,50000,1.1060501168052943
83,17,6.0,fit,1243,root,clean,optimum,6.840045777407067e-05,7.651223012885761e-05,6.1107447144889e-07,0.7119,0.0023009465928248434,50000,1.118592369389989
83,9,2.0,fit,1245,root,clean,optimum,9.538491934586305e-05,0.00010613449374764544,6.935042269635311e-07,0.60036,0.002611328508549598,50000,1.1126967918566324
71,29,40.0,fit,1254,root,clean,optimum,3.7048592457138634e-05,4.455821579666689e-05,4.713914728553326e-07,0.83222,0.0017749826805584063,50000,1.2026965895726296
83,5,1.4,fit,1253,root,clean,optimum,0.00010813276306398666,0.0001251178127674675,7.560499617836889e-07,0.52888,0.00284683891219801,50000,1.1570758872907936
83,11,3.0,fit,1245,root,clean,optimum,8.471687649784585e-05,9.267513997142017e-05,6.651162121325975e-07,0.65104,0.002504435962625658,50000,1.093939528964771
83,13,4.0,fit,1245,root,clean,optimum,7.613600316082584e-05,8.511155679172608e-05,6.370662715614307e-07,0.67952,0.00239881640526936,50000,1.1178884267399845
83,19,8.0,fit,1243,root,clean,optimum,6.318851359721465e-05,6.70365051340723e-05,5.716037716975272e-07,0.74758,0.002152323182172502,50000,1.0608970098804045
83,1,0.6,fit,1254,root,clean,optimum,0.00014952286217389697,0.0001667706353062042,8.044073893338912e-07,0.37204,0.0030289245062755862,50000,1.1153520798193914
83,7,1.8,fit,1245,root,clean,optimum,9.888431144063805e-05,0.00011261984140382975,7.199957759578075e-07,0.57594,0.002711080080976611,50000,1.1389050473536175
83,3,1.0,fit,1254,root,clean,optimum,0.00012387187133103486,0.00014372401492931326,7.879199613861569e-07,0.45882,0.0029668425622028215,50000,1.1602635318653223
83,15,5.0,fit,1244,root,clean,optimum,7.179811355304563e-05,7.974693669938687e-05,6.187749946077733e-07,0.69972,0.002329942228141419,50000,1.1107107520376356
83,17,6.0,fit,1244,root,clean,optimum,6.840045777407067e-05,7.666095227003136e-05,6.048067096577527e-07,0.71134,0.0022773458930545514,50000,1.1207666551479147
71,29,40.0,fit,1255,root,clean,optimum,3.7048592457138634e-05,4.538149907816449e-05,4.755781768595385e-07,0.82912,0.0017907473422547173,50000,1.2249183050790975
83,9,2.0,fit,1246,root,clean,optimum,9.538491934586305e-05,0.00010656472565604094,7.062600770405004e-07,0.59874,0.002659359527917164,50000,1.1172072732969478
83,5,1.4,fit,1254,root,clean,optimum,0.00010813276306398666,0.00012552679865569536,7.525118729845876e-07,0.52734,0.0028335165533894327,50000,1.160858144181666
83,11,3.0,fit,1246,root,clean,optimum,8.471687649784585e-05,9.298320726385151e-05,6.529292731314902e-07,0.64988,0.0024585471273334976,50000,1.0975759625204766
83,19,8.0,fit,1244,root,clean,optimum,6.318851359721465e-05,6.72170963054976e-05,5.720237097400934e-07,0.7469,0.002153904421535929,50000,1.0637549845524539
83,13,4.0,fit,1246,root,clean,optimum,7.613600316082584e-05,8.695464904127233e-05,6.349384106697604e-07,0.67258,0.0023908041342656553,50000,1.1420963201547858
83,1,0.6,fit,1255,root,clean,optimum,0.00014952286217389697,0.00016916612408011006,7.993300010331368e-07,0.36302,0.0030098060520495915,50000,1.131372966117835
83,3,1.0,fit,1255,root,clean,optimum,0.00012387187133103486,0.00014393116362594816,7.798380036704534e-07,0.45804,0.0029364106689751274,50000,1.161935813832237
83,7,1.8,fit,1246,root,clean,optimum,9.888431144063805e-05,0.00011261984140382975,7.198612020924695e-07,0.57594,0.0027105733550513754,50000,1.1389050473536175
83,15,5.0,fit,1245,root,clean,optimum,7.179811355304563e-05,7.999657743635712e-05,6.180817190884241e-07,0.69878,0.0023273317608110576,50000,1.1141877338776363
83,17,6.0,fit,1245,root,clean,optimum,6.840045777407067e-05,7.674593635070208e-05,6.080620419882525e-07,0.71102,0.002289603557519925,50000,1.1220091041524436
71,29,40.0,fit,1256,root,clean,optimum,3.7048592457138634e-05,4.539743359329023e-05,4.7618036187704005e-07,0.82906,0.001793014816399047,50000,1.225348402798577
83,5,1.4,fit,1255,root,clean,optimum,0.00010813276306398666,0.00012565427477670145,7.481006063371584e-07,0.52686,0.0028169063210254823,50000,1.1620370294463536
83,9,2.0,fit,1247,root,clean,optimum,9.538491934586305e-05,0.00010603888665689087,6.99056703893605e-07,0.60072,0.00263223586677011,50000,1.1116944626476732
83,11,3.0,fit,1247,root,clean,optimum,8.471687649784585e-05,9.315317542519295e-05,6.651612753514463e-07,0.64924,0.002504605644169752,50000,1.099582270689142
83,1,0.6,fit,1256,root,clean,optimum,0.00014952286217389697,0.00016876776120196608,8.095554757349202e-07,0.36452,0.003048309167912538,50000,1.1287087389063424
83,3,1.0,fit,1256,root,clean,optimum,0.00012387187133103486,0.00014385149105031937,7.889047785576013e-07,0.45834,0.0029705508037037595,50000,1.1612926284603469
83,19,8.0,fit,1245,root,clean,optimum,6.318851359721465e-05,6.748798306263553e-05,5.725220129458945e-07,0.74588,0.0021557807379542263,50000,1.068041946560528
83,13,4.0,fit,1247,root,clean,optimum,7.613600316082584e-05,8.597733211355905e-05,6.397742242921193e-07,0.67626,0.002409012960518076,50000,1.1292598579405972
71,29,40.0,fit,1257,root,clean,optimum,3.7048592457138634e-05,4.54930406840448e-05,4.749338266491162e-07,0.8287,0.001788321098825268,50000,1.2279289891154574
83,15,5.0,fit,1246,root,clean,optimum,7.179811355304563e-05,8.143599530271745e-05,6.183506603652357e-07,0.69336,0.002328344435277857,50000,1.1342358632104057
83,7,1.8,fit,1247,root,clean,optimum,9.888431144063805e-05,0.00011201964133409278,7.162540375873762e-07,0.5782,0.002696990897813269,50000,1.1328353274861007
83,17,6.0,fit,1246,root,clean,optimum,6.840045777407067e-05,7.750548157169663e-05,6.064438003266042e-07,0.70816,0.0022835102124176363,50000,1.1331134921304213
83,5,1.4,fit,1256,root,clean,optimum,0.00010813276306398666,0.00012682280588592382,7.552675659731626e-07,0.52246,0.0028438928703347285,50000,1.1728434777059888
83,9,2.0,fit,1248,root,clean,optimum,9.538491934586305e-05,0.00010558209722328576,6.964714369086644e-07,0.60244,0.0026225012737892623,50000,1.1069055564270913
83,1,0.6,fit,1257,root,clean,optimum,0.00014952286217389697,0.00016871464615154688,8.121877428515803e-07,0.36472,0.003058220735710687,50000,1.1283535086114767
83,3,1.0,fit,1257,root,clean,optimum,0.00012387187133103486,0.00014398959018140927,7.878043187309101e-07,0.45782,0.0029664071200660486,50000,1.1624074831049567
83,11,3.0,fit,1248,root,clean,optimum,8.471687649784585e-05,9.178811862941953e-05,6.586416171307585e-07,0.65438,0.002480056450789598,50000,1.083469108209549
83,13,4.0,fit,1248,root,clean,optimum,7.613600316082584e-05,8.554178870012161e-05,6.395934682201346e-07,0.6779,0.0024083323395996804,50000,1.1235392606494914
83,19,8.0,fit,1246,root,clean,optimum,6.318851359721465e-05,6.797133002145022e-05,5.714565919408202e-07,0.74406,0.0021517689898840815,50000,1.075691231712189
71,29,40.0,fit,1258,root,clean,optimum,3.7048592457138634e-05,4.4377624625241604e-05,4.6997936627226414e-07,0.8329,0.00176966551876745,50000,1.197822148751856
83,15,5.0,fit,1247,root,clean,optimum,7.179811355304563e-05,8.003906947669248e-05,6.216455433323683e-07,0.69862,0.002340751024149103,50000,1.1147795605738064
83,5,1.4,fit,1257,root,clean,optimum,0.00010813276306398666,0.00012696621652205566,7.435196929440695e-07,0.52192,0.0027996572989237053,50000,1.1741697236287625
83,17,6.0,fit,1247,root,clean,optimum,6.840045777407067e-05,7.650160711877376e-05,6.063389537068284e-07,0.71194,0.002283115421792575,50000,1.118437063264423
83,7,1.8,fit,1248,root,clean,optimum,9.888431144063805e-05,0.00011221616702064384,7.144905829554789e-07,0.57746,0.0026903507661821036,50000,1.1348227578851995
83,9,2.0,fit,1249,root,clean,optimum,9.538491934586305e-05,0.00010514655380984834,6.97164893175214e-07,0.60408,0.0026251124217071373,50000,1.1023393900307226
83,1,0.6,fit,1258,root,clean,optimum,0.00014952286217389697,0.00016764172213307903,8.108986683223268e-07,0.36876,0.003053366840179836,50000,1.1211778566551889
83,3,1.0,fit,1258,root,clean,optimum,0.00012387187133103486,0.00014359653880830717,7.94850703599182e-07,0.4593,0.0029929396558074613,50000,1.1592344352702977
83,11,3.0,fit,1249,root,clean,optimum,8.471687649784585e-05,9.206962839664127e-05,6.624567391127174e-07,0.65332,0.0024944219534177563,50000,1.0867920561139006
83,13,4.0,fit,1249,root,clean,optimum,7.613600316082584e-05,8.541431257911552e-05,6.390442003616972e-07,0.67838,0.0024062641203130473,50000,1.1218649394911189
83,19,8.0,fit,1247,root,clean,optimum,6.318851359721465e-05,6.690371750802433e-05,5.70745084645678e-07,0.74808,0.0021490898724229224,50000,1.0587955579156627
71,29,40.0,fit,1259,root,clean,optimum,3.7048592457138634e-05,4.4791922018511364e-05,4.71994452068166e-07,0.83134,0.001777253145174648,50000,1.2090046894583366
83,5,1.4,fit,1258,root,clean,optimum,0.00010813276306398666,0.00012526653490864127,7.540097109961374e-07,0.52832,0.0028391565292521246,50000,1.158451253432929
83,15,5.0,fit,1248,root,clean,optimum,7.179811355304563e-05,7.99434623859379e-05,6.205447405358899e-07,0.69898,0.0023366060490891513,50000,1.113447950507423
83,17,6.0,fit,1248,root,clean,optimum,6.840045777407067e-05,7.646973808852223e-05,6.075984821359536e-07,0.71206,0.002287858064110278,50000,1.1179711448877243
83,9,2.0,fit,1250,root,clean,optimum,9.538491934586305e-05,0.00010528996444598016,7.020848494064673e-07,0.60354,0.0026436380794723977,50000,1.103842883844161
83,1,0.6,fit,1259,root,clean,optimum,0.00014952286217389697,0.00016785418233475582,8.118562362964787e-07,0.36796,0.0030569724772510406,50000,1.1225987778346518
83,3,1.0,fit,1259,root,clean,optimum,0.00012387187133103486,0.00014324066797049857,7.959457335256419e-07,0.46064,0.002997062893638613,50000,1.1563615406091878
83,7,1.8,fit,1249,root,clean,optimum,9.888431144063805e-05,0.00011171157404166144,7.172565924097655e-07,0.57936,0.0027007659288618203,50000,1.1297198960496764
83,11,3.0,fit,1250,root,clean,optimum,8.471687649784585e-05,9.312130639494142e-05,6.629575115552696e-07,0.64936,0.0024963075675275047,50000,1.0992060879075172
83,13,4.0,fit,1250,root,clean,optimum,7.613600316082584e-05,8.572237987154686e-05,6.392882065690173e-07,0.67722,0.0024071829039926046,50000,1.125911215623852
83,19,8.0,fit,1248,root,clean,optimum,6.318851359721465e-05,6.707368566936575e-05,5.722190579095029e-07,0.74744,0.0021546399876998233,50000,1.0614854164305325
71,29,40.0,fit,1260,root,clean,optimum,3.7048592457138634e-05,4.5184973391613426e-05,4.7548109868917987e-07,0.82986,0.001790381803035259,50000,1.2196137665388431
83,5,1.4,fit,1259,root,clean,optimum,0.00010813276306398666,0.00012557460220107263,7.518149097538284e-07,0.52716,0.0028308922003096237,50000,1.1613002261559238
83,15,5.0,fit,1249,root,clean,optimum,7.179811355304563e-05,7.992752787081216e-05,6.172356676549267e-07,0.69904,0.002324146029358973,50000,1.1132260154963596
83,17,6.0,fit,1249,root,clean,optimum,6.840045777407067e-05,7.646973808852223e-05,6.029657211593195e-07,0.71206,0.0022704138145423275,50000,1.1179711448877243
83,9,2.0,fit,1251,root,clean,optimum,9.538491934586305e-05,0.00010702151508964608,7.074836943792308e-07,0.59702,0.0026639669502167692,50000,1.1219961795175302
83,1,0.6,fit,1260,root,clean,optimum,0.00014952286217389697,0.000169569798463296,8.130719746441452e-07,0.3615,0.0030615502319103,50000,1.1340727163588147
83,3,1.0,fit,1260,root,clean,optimum,0.00012387187133103486,0.00014189154568985086,7.857418978121517e-07,0.46572,0.0029586412574622058,50000,1.1454702683118452
83,7,1.8,fit,1250,root,clean,optimum,9.888431144063805e-05,0.0001119134112332544,7.266624821295673e-07,0.5786,0.0027361829703427855,50000,1.1317610407838856
83,11,3.0,fit,1251,root,clean,optimum,8.471687649784585e-05,9.363652238400768e-05,6.639749825147545e-07,0.64742,0.0025001387639641257,50000,1.105287709543784
83,13,4.0,fit,1251,root,clean,optimum,7.613600316082584e-05,8.63438259614515e-05,6.394234031342542e-07,0.67488,0.0024076919746389464,50000,1.1340735312709176
83,19,8.0,fit,1249,root,clean,optimum,6.318851359721465e-05,6.691434051810815e-05,5.693504974680867e-07,0.74804,0.0021438386783956746,50000,1.0589636740728419
71,29,40.0,fit,1261,root,clean,optimum,3.7048592457138634e-05,4.438293613028353e-05,4.7040544595230525e-07,0.83288,0.0017712698839207478,50000,1.1979655146583494
83,5,1.4,fit,1260,root,clean,optimum,0.00010813276306398666,0.0001263341474220672,7.542020127784638e-07,0.5243,0.0028398806245163058,50000,1.168324417524687
83,17,6.0,fit,1250,root,clean,optimum,6.840045777407067e-05,7.661846022969599e-05,6.073851732631065e-07,0.7115,0.0022870548685144402,50000,1.1201454306456502
83,1,0.6,fit,1261,root,clean,optimum,0.00014952286217389697,0.00016852874347507966,8.17030142915857e-07,0.36542,0.0030764543626245616,50000,1.1271102025794464
83,9,2.0,fit,1252,root,clean,optimum,9.538491934586305e-05,0.00010592734505101055,7.044391744581065e-07,0.60114,0.0026525030811359873,50000,1.1105250785705545
83,3,1.0,fit,1261,root,clean,optimum,0.00012387187133103486,0.00014280512455706112,7.882191404162497e-07,0.46228,0.0029679690942412233,50000,1.1528454605761875
83,15,5.0,fit,1250,root,clean,optimum,7.179811355304563e-05,8.000188894139903e-05,6.19145866607228e-07,0.69876,0.002331338713681874,50000,1.1142617122146574
83,13,4.0,fit,1252,root,clean,optimum,7.613600316082584e-05,8.662002422363135e-05,6.405003312244218e-07,0.67384,0.0024117470516149377,50000,1.137701227114058
83,11,3.0,fit,1252,root,clean,optimum,8.471687649784585e-05,9.351435776804352e-05,6.656246055260607e-07,0.64788,0.0025063502727484983,50000,1.1038456755475559
83,7,1.8,fit,1251,root,clean,optimum,9.888431144063805e-05,0.00011291197418113535,7.189749325129924e-07,0.57484,0.0027072361857463203,50000,1.14185933578471
83,19,8.0,fit,1250,root,clean,optimum,6.318851359721465e-05,6.756234413322238e-05,5.745432470313563e-07,0.7456,0.00216339151519913,50000,1.0692187596607832
71,29,40.0,fit,1262,root,clean,optimum,3.7048592457138634e-05,4.570550088572161e-05,4.77218501160141e-07,0.8279,0.001796923837570665,50000,1.2336636253751911
83,5,1.4,fit,1261,root,clean,optimum,0.00010813276306398666,0.00012666877223970816,7.572884568444988e-07,0.52304,0.002851502355237357,50000,1.1714189913444917
83,1,0.6,fit,1262,root,clean,optimum,0.00014952286217389697,0.00016771608320366593,8.207019764558123e-07,0.36848,0.003090280325363846,50000,1.121675179068001
83,3,1.0,fit,1262,root,clean,optimum,0.00012387187133103486,0.00014262984489067776,7.858676774207922e-07,0.46294,0.002959114869395727,50000,1.1514304527580288
83,9,2.0,fit,1253,root,clean,optimum,9.538491934586305e-05,0.0001055714742132019,7.00580887890752e-07,0.60248,0.002637975046099199,50000,1.1067941865149846
83,15,5.0,fit,1251,root,clean,optimum,7.179811355304563e-05,8.016654559769856e-05,6.199699370880372e-07,0.69814,0.0023344416778108934,50000,1.1165550406623175
83,17,6.0,fit,1251,root,clean,optimum,6.840045777407067e-05,7.662908323977984e-05,6.057107434117228e-07,0.71146,0.0022807499517792824,50000,1.1203007367712163
83,13,4.0,fit,1253,root,clean,optimum,7.613600316082584e-05,8.566926482112767e-05,6.370475206181905e-07,0.67742,0.002398745800259698,50000,1.1252135818078637
83,11,3.0,fit,1253,root,clean,optimum,8.471687649784585e-05,9.241487622436607e-05,6.636042419613892e-07,0.65202,0.002498742773372234,50000,1.0908673695815019
83,7,1.8,fit,1252,root,clean,optimum,9.888431144063805e-05,0.00011233302013156609,7.214842520415686e-07,0.57702,0.002716684805332565,50000,1.1360044732576364
71,29,40.0,fit,1263,root,clean,optimum,3.7048592457138634e-05,4.49353326546432e-05,4.735583146072212e-07,0.8308,0.0017831417305255522,50000,1.2128755689336566
83,19,8.0,fit,1251,root,clean,optimum,6.318851359721465e-05,6.68240449323955e-05,5.694662490664366e-07,0.74838,0.0021442745307480165,50000,1.0575346867368172
83,5,1.4,fit,1262,root,clean,optimum,0.00010813276306398666,0.00012563302875653377,7.581306375790283e-07,0.52694,0.0028546735119166135,50000,1.1618405485689058
83,1,0.6,fit,1263,root,clean,optimum,0.00014952286217389697,0.0001673920813961088,8.139617280988761e-07,0.3697,0.003064900519437879,50000,1.11950827426932
83,3,1.0,fit,1263,root,clean,optimum,0.00012387187133103486,0.00014345312817217536,7.908533575498257e-07,0.45984,0.002977888004654698,50000,1.1580767016008953
83,9,2.0,fit,1254,root,clean,optimum,9.538491934586305e-05,0.00010484910952750081,7.01166529019989e-07,0.6052,0.002640180225703153,50000,1.0992210324917389
83,13,4.0,fit,1254,root,clean,optimum,7.613600316082584e-05,8.523372140769023e-05,6.334159000796405e-07,0.67906,0.0023850712560019474,50000,1.1194929845167578
83,15,5.0,fit,1252,root,clean,optimum,7.179811355304563e-05,8.054897396071681e-05,6.260814295999671e-07,0.6967,0.0023574539595039206,50000,1.1218814809278503
83,17,6.0,fit,1252,root,clean,optimum,6.840045777407067e-05,7.691059300700158e-05,6.101652717940363e-07,0.7104,0.002297523082359625,50000,1.1244163490987182
83,11,3.0,fit,1254,root,clean,optimum,8.471687649784585e-05,9.215992398235391e-05,6.5995301193925e-07,0.65298,0.0024849943913474687,50000,1.087857907328504
83,7,1.8,fit,1253,root,clean,optimum,9.888431144063805e-05,0.0001123170856164403,7.204035544245408e-07,0.57708,0.0027126155345383227,50000,1.1358433302523039
71,29,40.0,fit,1264,root,clean,optimum,3.7048592457138634e-05,4.4791922018511364e-05,4.7132150071919096e-07,0.83134,0.0017747192067008484,50000,1.2090046894583366
83,5,1.4,fit,1263,root,clean,optimum,0.00010813276306398666,0.00012619073678593536,7.453928866496456e-07,0.52484,0.0028067106432801254,50000,1.1669981716019135
83,19,8.0,fit,1252,root,clean,optimum,6.318851359721465e-05,6.792883798111488e-05,5.765661985233291e-07,0.74422,0.0021710087591855598,50000,1.0750187670834717
83,3,1.0,fit,1264,root,clean,optimum,0.00012387187133103486,0.00014245987672933632,7.899749345066181e-07,0.46358,0.002974580380784345,50000,1.1500583239646627
83,1,0.6,fit,1264,root,clean,optimum,0.00014952286217389697,0.0001676523451431629,8.13722094848889e-07,0.36872,0.003063998201740369,50000,1.1212489027141623
83,9,2.0,fit,1255,root,clean,optimum,9.538491934586305e-05,0.00010523684939556095,7.024308999296062e-07,0.60374,0.0026449411019506134,50000,1.103286034283628
83,13,4.0,fit,1255,root,clean,optimum,7.613600316082584e-05,8.55471002051635e-05,6.40589392110139e-07,0.67788,0.0024120824024618796,50000,1.1236090240310899
83,11,3.0,fit,1255,root,clean,optimum,8.471687649784585e-05,9.315317542519295e-05,6.586383325679159e-07,0.64924,0.002480044083060238,50000,1.099582270689142
83,15,5.0,fit,1253,root,clean,optimum,7.179811355304563e-05,7.976818271955455e-05,6.176551453675992e-07,0.69964,0.0023257255353911124,50000,1.1110066653857207
83,17,6.0,fit,1253,root,clean,optimum,6.840045777407067e-05,7.686278946162433e-05,6.060990546081581e-07,0.71058,0.0022822121030654833,50000,1.123717471533671
71,29,40.0,fit,1265,root,clean,optimum,3.7048592457138634e-05,4.456883880675071e-05,4.721969667073902e-07,0.83218,0.0017780156960434728,50000,1.202983321385616
83,5,1.4,fit,1264,root,clean,optimum,0.00010813276306398666,0.000125351518989312,7.554460643984707e-07,0.528,0.0028445649902852864,50000,1.1592371769427208
83,7,1.8,fit,1254,root,clean,optimum,9.888431144063805e-05,0.00011239675819206913,7.167362007275743e-07,0.57678,0.002698806440249519,50000,1.1366490452789657
83,19,8.0,fit,1253,root,clean,optimum,6.318851359721465e-05,6.726489985087487e-05,5.741517869657815e-07,0.74672,0.0021619175071261438,50000,1.064511507259761
83,3,1.0,fit,1265,root,clean,optimum,0.00012387187133103486,0.0001433575210814208,7.803888170822581e-07,0.4602,0.0029384847079055526,50000,1.157304879154627
83,1,0.6,fit,1265,root,clean,optimum,0.00014952286217389697,0.00016773732922383358,8.073696170461433e-07,0.3684,0.0030400785113602973,50000,1.121817271185947
83,9,2.0,fit,1256,root,clean,optimum,9.538491934586305e-05,0.00010647443007032833,6.976953370222053e-07,0.59908,0.0026271097608522756,50000,1.1162606290440424
83,13,4.0,fit,1256,root,clean,optimum,7.613600316082584e-05,8.624821887069698e-05,6.36278077511233e-07,0.67524,0.002395848530650106,50000,1.1328177904021386
83,11,3.0,fit,1256,root,clean,optimum,8.471687649784585e-05,9.39870817167744e-05,6.584826756015524e-07,0.6461,0.0024794579705925478,50000,1.1094257201416564
83,17,6.0,fit,1254,root,clean,optimum,6.840045777407067e-05,7.607137521037824e-05,6.067804863164557e-07,0.71356,0.0022847779735783403,50000,1.112147165178995
83,15,5.0,fit,1254,root,clean,optimum,7.179811355304563e-05,7.925827823553024e-05,6.17246224954443e-07,0.70156,0.0023241857819316734,50000,1.103904745031677
71,29,40.0,fit,1266,root,clean,optimum,3.7048592457138634e-05,4.515841586640383e-05,4.7325639706279547e-07,0.82996,0.0017820048868549055,50000,1.2188969370063767
83,5,1.4,fit,1265,root,clean,optimum,0.00010813276306398666,0.00012620135979601917,7.54763939612282e-07,0.5248,0.002841996510049251,50000,1.1670964120406373
83,7,1.8,fit,1255,root,clean,optimum,9.888431144063805e-05,0.00011250298829290751,7.133550735494236e-07,0.57638,0.002686075106469485,50000,1.1377233319811808
83,3,1.0,fit,1266,root,clean,optimum,0.00012387187133103486,0.00014364965385872637,7.94597021141289e-07,0.4591,0.002991984437066668,50000,1.1596632255182244
83,1,0.6,fit,1266,root,clean,optimum,0.00014952286217389697,0.000167577984072576,8.104360058556399e-07,0.369,0.003051624725795926,50000,1.1207515803013501
83,19,8.0,fit,1254,root,clean,optimum,6.318851359721465e-05,6.723834232566527e-05,5.724161772483466e-07,0.74682,0.002155382223044751,50000,1.0640912168668126
83,9,2.0,fit,1257,root,clean,optimum,9.538491934586305e-05,0.00010598577160647168,6.983254291249376e-07,0.60092,0.0026294823166448785,50000,1.1111376130871404
83,11,3.0,fit,1257,root,clean,optimum,8.471687649784585e-05,9.331252057645056e-05,6.577510676200803e-07,0.64864,0.0024767031657841254,50000,1.1014631845972658
83,13,4.0,fit,1257,root,clean,optimum,7.613600316082584e-05,8.544618160936704e-05,6.432658013001664e-07,0.67826,0.0024221601833127097,50000,1.122283519780712
83,17,6.0,fit,1255,root,clean,optimum,6.840045777407067e-05,7.666626377507329e-05,6.090698423904484e-07,0.71132,0.002293398340332864,50000,1.1208443082106978
71,29,40.0,fit,1267,root,clean,optimum,3.7048592457138634e-05,4.472818395800832e-05,4.7098671057168624e-07,0.83158,0.0017734585841659458,50000,1.2072842985804164
83,5,1.4,fit,1266,root,clean,optimum,0.00010813276306398666,0.00012493722159604223,7.511180863477253e-07,0.52956,0.0028282683737271257,50000,1.1554057998324863
83,15,5.0,fit,1255,root,clean,optimum,7.179811355304563e-05,7.969913315400961e-05,6.194730081444066e-07,0.6999,0.0023325705360546165,50000,1.1100449470044442
83,7,1.8,fit,1256,root,clean,optimum,9.888431144063805e-05,0.00011310849986768638,7.287407511694881e-07,0.5741,0.0027440085076378402,50000,1.143846766183808
83,3,1.0,fit,1267,root,clean,optimum,0.00012387187133103486,0.0001430335192738637,7.809420065206191e-07,0.46142,0.0029405676935527285,50000,1.154689258642273
83,1,0.6,fit,1267,root,clean,optimum,0.00014952286217389697,0.00016654755209444353,8.093117650436171e-07,0.37288,0.003047391496972269,50000,1.1138601125809553
83,19,8.0,fit,1255,root,clean,optimum,6.318851359721465e-05,6.748798306263553e-05,5.730910142080989e-07,0.74588,0.0021579232616182865,50000,1.068041946560528
83,9,2.0,fit,1258,root,clean,optimum,9.538491934586305e-05,0.00010554491668799231,7.00930593295468e-07,0.60258,0.002639291830709045,50000,1.106515761734718
83,13,4.0,fit,1258,root,clean,optimum,7.613600316082584e-05,8.575956040684031e-05,6.376762394416518e-07,0.67708,0.002401113185091301,50000,1.126399559295044
83,11,3.0,fit,1258,root,clean,optimum,8.471687649784585e-05,9.229802311344382e-05,6.569349732176752e-07,0.65246,0.0024736302348691993,50000,1.0894880327155445
71,29,40.0,fit,1268,root,clean,optimum,3.7048592457138634e-05,4.5370876068080636e-05,4.7432815024682424e-07,0.82916,0.0017860404781819218,50000,1.2246315732661104
83,5,1.4,fit,1267,root,clean,optimum,0.00010813276306398666,0.0001256967668170368,7.475703934572015e-07,0.5267,0.0028149098515661774,50000,1.1624299912012495
83,17,6.0,fit,1256,root,clean,optimum,6.840045777407067e-05,7.771263026833152e-05,6.075699981643612e-07,0.70738,0.0022877508102477,50000,1.1361419615789607
83,3,1.0,fit,1268,root,clean,optimum,0.00012387187133103486,0.0001437665069696486,7.835430338613828e-07,0.45866,0.002950361630752206,50000,1.1606065640636636
83,15,5.0,fit,1256,root,clean,optimum,7.179811355304563e-05,8.12925846665856e-05,6.204903350116431e-07,0.6939,0.002336401189924687,50000,1.132238448110831
83,1,0.6,fit,1268,root,clean,optimum,0.00014952286217389697,0.00016839595584903166,8.049355615711598e-07,0.36592,0.003030913291876278,50000,1.126222126842282
83,7,1.8,fit,1257,root,clean,optimum,9.888431144063805e-05,0.00011292790869626113,7.211071256197987e-07,0.57478,0.0027152647693209505,50000,1.1420204787900423
83,9,2.0,fit,1259,root,clean,optimum,9.538491934586305e-05,0.0001057520653846272,6.983465539673785e-07,0.6018,0.0026295618603609217,50000,1.1086874750207962
83,19,8.0,fit,1256,root,clean,optimum,6.318851359721465e-05,6.8518415040768e-05,5.75184399586241e-07,0.742,0.0021658057181409497,50000,1.0843492138069266
83,13,4.0,fit,1259,root,clean,optimum,7.613600316082584e-05,8.579674094213376e-05,6.391261754385014e-07,0.67694,0.0024065727901765124,50000,1.1268879029662362
83,11,3.0,fit,1259,root,clean,optimum,8.471687649784585e-05,9.357809582854656e-05,6.612246866135764e-07,0.64764,0.002489782769271578,50000,1.1045980411108054
71,29,40.0,fit,1269,root,clean,optimum,3.7048592457138634e-05,4.496720168489473e-05,4.7415033672563396e-07,0.83068,0.0017853709371769262,50000,1.213735764372617
83,5,1.4,fit,1268,root,clean,optimum,0.00010813276306398666,0.0001258295544430848,7.518560430872311e-07,0.5262,0.002831047084219469,50000,1.163657996685299
83,17,6.0,fit,1257,root,clean,optimum,6.840045777407067e-05,7.721334879439104e-05,6.087240693246583e-07,0.70926,0.002292096362595627,50000,1.128842573677353
83,3,1.0,fit,1269,root,clean,optimum,0.00012387187133103486,0.00014319286442512127,7.956834108105296e-07,0.46082,0.0029960751407774487,50000,1.1559756293860535
83,1,0.6,fit,1269,root,clean,optimum,0.00014952286217389697,0.00016848093992970242,8.096542111176061e-07,0.3656,0.0030486809472176747,50000,1.1267904953140675
83,15,5.0,fit,1257,root,clean,optimum,7.179811355304563e-05,7.997533141618943e-05,6.236142305836857e-07,0.69886,0.0023481639409618713,50000,1.113891820529551
83,9,2.0,fit,1260,root,clean,optimum,9.538491934586305e-05,0.00010671875930225663,6.945078627361515e-07,0.59816,0.0026151076098201395,50000,1.118822137022493
83,7,1.8,fit,1258,root,clean,optimum,9.888431144063805e-05,0.00011198246079879936,7.187192485365898e-07,0.57834,0.00270627343046553,50000,1.1324593271403256
83,19,8.0,fit,1257,root,clean,optimum,6.318851359721465e-05,6.753578660801279e-05,5.762850198964167e-07,0.7457,0.0021699500060649536,50000,1.068798469267835
83,13,4.0,fit,1260,root,clean,optimum,7.613600316082584e-05,8.572237987154686e-05,6.34735951165746e-07,0.67722,0.002390041791003561,50000,1.125911215623852
83,11,3.0,fit,1260,root,clean,optimum,8.471687649784585e-05,9.303632231427071e-05,6.634233025660866e-07,0.64968,0.002498061462166184,50000,1.0982029338231847
83,5,1.4,fit,1269,root,clean,optimum,0.00010813276306398666,0.00012597827658425857,7.524653260454107e-07,0.52564,0.0028333412850283578,50000,1.1650333628274343
71,29,40.0,fit,1270,root,clean,optimum,3.7048592457138634e-05,4.564176282521856e-05,4.7610834715973843e-07,0.82814,0.001792743651383733,50000,1.2319432344972707
83,17,6.0,fit,1258,root,clean,optimum,6.840045777407067e-05,7.624134337171968e-05,6.058436177501913e-07,0.71292,0.0022812502782871926,50000,1.1146320631880529
83,3,1.0,fit,1270,root,clean,optimum,0.00012387187133103486,0.00014378775298981632,7.941840458582419e-07,0.45858,0.0029904294153551654,50000,1.1607780801628345
83,1,0.6,fit,1270,root,clean,optimum,0.00014952286217389697,0.0001684862514347443,8.103546721080162e-07,0.36558,0.0030513184708004706,50000,1.126826018343554
83,15,5.0,fit,1258,root,clean,optimum,7.179811355304563e-05,8.010280753719552e-05,6.231154037801416e-07,0.69838,0.0023462856529828245,50000,1.115667300618062
83,9,2.0,fit,1261,root,clean,optimum,9.538491934586305e-05,0.00010549180163757312,7.045088822135918e-07,0.60278,0.002652765559491689,50000,1.1059589121741855
83,13,4.0,fit,1261,root,clean,optimum,7.613600316082584e-05,8.603044716397824e-05,6.356020390536128e-07,0.67606,0.0023933029679431717,50000,1.1299574917565856
83,11,3.0,fit,1261,root,clean,optimum,8.471687649784585e-05,9.333376659661823e-05,6.612221003131351e-07,0.64856,0.0024897730307872094,50000,1.1017139731183487
83,19,8.0,fit,1258,root,clean,optimum,6.318851359721465e-05,6.697276707356926e-05,5.71474700245448e-07,0.74782,0.002151837175095184,50000,1.0598883129373282
83,7,1.8,fit,1259,root,clean,optimum,9.888431144063805e-05,0.00011153629437527808,7.180695647908165e-07,0.58002,0.0027038271040829105,50000,1.127947322991021
83,5,1.4,fit,1270,root,clean,optimum,0.00010813276306398666,0.0001257233243422464,7.479703225191249e-07,0.5266,0.0028164157488919524,50000,1.1626755922980592
71,29,40.0,fit,1271,root,clean,optimum,3.7048592457138634e-05,4.5015005230271994e-05,4.7344696050285745e-07,0.8305,0.0017827224365458425,50000,1.2150260575310565
83,17,6.0,fit,1259,root,clean,optimum,6.840045777407067e-05,7.690528150195966e-05,6.075950037916736e-07,0.71042,0.0022878449667141443,50000,1.1243386960359352
83,3,1.0,fit,1271,root,clean,optimum,0.00012387187133103486,0.0001423748926486656,7.877935801637306e-07,0.4639,0.002966366684946079,50000,1.1493722595679798
83,1,0.6,fit,1271,root,clean,optimum,0.00014952286217389697,0.00016742926193140224,8.088101095461058e-07,0.36956,0.0030455025577975827,50000,1.1197569354757262
83,15,5.0,fit,1259,root,clean,optimum,7.179811355304563e-05,8.023559516324354e-05,6.192115300683857e-07,0.69788,0.0023315859636068555,50000,1.1175167590435946
83,9,2.0,fit,1262,root,clean,optimum,9.538491934586305e-05,0.00010655410264595712,6.950646151075071e-07,0.59878,0.002617204011374733,50000,1.1170959033848413
83,13,4.0,fit,1262,root,clean,optimum,7.613600316082584e-05,8.614198876985855e-05,6.380035825081825e-07,0.67564,0.0024023457663049017,50000,1.1314225227701613
83,11,3.0,fit,1262,root,clean,optimum,8.471687649784585e-05,9.354622679829503e-05,6.597963987257383e-07,0.64776,0.00248440467821616,50000,1.1042218583291805
83,19,8.0,fit,1259,root,clean,optimum,6.318851359721465e-05,6.819441323321088e-05,5.744854306973465e-07,0.74322,0.002163173812933751,50000,1.0792216710129559
83,7,1.8,fit,1260,root,clean,optimum,9.888431144063805e-05,0.0001128429246155904,7.129029773254458e-07,0.5751,0.0026843727783330733,50000,1.14116104942827
83,5,1.4,fit,1271,root,clean,optimum,0.00010813276306398666,0.00012520279684813824,7.48854477365148e-07,0.52856,0.0028197449553562038,50000,1.1578618108005854
71,29,40.0,fit,1272,root,clean,optimum,3.7048592457138634e-05,4.5386810583206414e-05,4.7304956402804904e-07,0.8291,0.0017812260754516817,50000,1.2250616709855908
83,3,1.0,fit,1272,root,clean,optimum,0.00012387187133103486,0.00014313443786966016,7.911989158398152e-07,0.46104,0.0029791891736727525,50000,1.1555039601133341
83,1,0.6,fit,1272,root,clean,optimum,0.00014952286217389697,0.00016760985310282752,8.015833908861272e-07,0.36888,0.003018290991196617,50000,1.1209647184782696
83,17,6.0,fit,1260,root,clean,optimum,6.840045777407067e-05,7.715492223892992e-05,6.086596655192597e-07,0.70948,0.002291853855792413,50000,1.1279883899867393
83,9,2.0,fit,1263,root,clean,optimum,9.538491934586305e-05,0.0001064691185652864,6.972718484731509e-07,0.5991,0.002625515152372336,50000,1.1162049440879889
83,13,4.0,fit,1263,root,clean,optimum,7.613600316082584e-05,8.550460816482816e-05,6.395113281815476e-07,0.67804,0.0024080230485872887,50000,1.1230509169782994
83,15,5.0,fit,1260,root,clean,optimum,7.179811355304563e-05,8.049054740525568e-05,6.20030802354113e-07,0.69692,0.002334670860558892,50000,1.1210677192206162
83,11,3.0,fit,1263,root,clean,optimum,8.471687649784585e-05,9.291946920334847e-05,6.629240340161902e-07,0.65012,0.0024961815108305225,50000,1.096823596957227
83,19,8.0,fit,1260,root,clean,optimum,6.318851359721465e-05,6.718522727524607e-05,5.740839024861748e-07,0.74702,0.0021616618941536587,50000,1.0632506360809157
83,7,1.8,fit,1261,root,clean,optimum,9.888431144063805e-05,0.00011232239712148224,7.208382916278315e-07,0.57706,0.0027142524988256938,50000,1.1358970445874148
83,5,1.4,fit,1272,root,clean,optimum,0.00010813276306398666,0.0001255639791909888,7.437586592446322e-07,0.5272,0.002800557105282456,50000,1.1612019857171998
71,29,40.0,fit,1273,root,clean,optimum,3.7048592457138634e-05,4.4425428170618876e-05,4.708902492853673e-07,0.83272,0.0017730953677684929,50000,1.1991124419102959
83,3,1.0,fit,1273,root,clean,optimum,0.00012387187133103486,0.000143012273253696,7.823242697972106e-07,0.4615,0.002945772483026455,50000,1.1545177425431021
83,1,0.6,fit,1273,root,clean,optimum,0.00014952286217389697,0.0001680082159809715,8.107940572284773e-07,0.36738,0.0030529729364067097,50000,1.1236289456897623
83,17,6.0,fit,1261,root,clean,optimum,6.840045777407067e-05,7.691059300700158e-05,6.117806878511973e-07,0.7104,0.0023036057878994356,50000,1.1244163490987182
83,9,2.0,fit,1264,root,clean,optimum,9.538491934586305e-05,0.00010552367066782465,6.970208481541011e-07,0.60266,0.002624570032986893,50000,1.1062930219105052
83,13,4.0,fit,1264,root,clean,optimum,7.613600316082584e-05,8.532401699340289e-05,6.375756813486022e-07,0.67872,0.0024007345425323427,50000,1.1206789620039386
83,11,3.0,fit,1264,root,clean,optimum,8.471687649784585e-05,9.298320726385151e-05,6.634935289805347e-07,0.64988,0.002498325893486097,50000,1.0975759625204766
83,15,5.0,fit,1261,root,clean,optimum,7.179811355304563e-05,8.040556332458496e-05,6.18713448913184e-07,0.69724,0.002329710483300348,50000,1.1198840658282756
83,19,8.0,fit,1261,root,clean,optimum,6.318851359721465e-05,6.773231229456385e-05,5.765081714931715e-07,0.74496,0.002170790263562569,50000,1.0719086181756534
83,7,1.8,fit,1262,root,clean,optimum,9.888431144063805e-05,0.0001126304644139136,7.148908199366501e-07,0.5759,0.0026918578229504298,50000,1.1390124760238394
83,5,1.4,fit,1273,root,clean,optimum,0.00010813276306398666,0.00012520279684813824,7.481491604363373e-07,0.52856,0.002817089147169092,50000,1.1578618108005854
71,29,40.0,fit,1274,root,clean,optimum,3.7048592457138634e-05,4.4398870645409274e-05,4.6999430444183603e-07,0.83282,0.00176972176711685,50000,1.1983956123778292
83,3,1.0,fit,1274,root,clean,optimum,0.00012387187133103486,0.00014245987672933632,7.925033068093964e-07,0.46358,0.0029841007418979037,50000,1.1500583239646627
83,1,0.6,fit,1274,root,clean,optimum,0.00014952286217389697,0.0001668396848717491,8.06562942789084e-07,0.37178,0.0030370410511651445,50000,1.1158138792027166
83,9,2.0,fit,1265,root,clean,optimum,9.538491934586305e-05,0.00010577862290983679,6.943613187461614e-07,0.6017,0.0026145558114547664,50000,1.1089658998010625
83,17,6.0,fit,1262,root,clean,optimum,6.840045777407067e-05,7.735144792548095e-05,6.049907548008117e-07,0.70874,0.0022780388986776523,50000,1.1308615533097124
83,13,4.0,fit,1265,root,clean,optimum,7.613600316082584e-05,8.575956040684031e-05,6.350918983001252e-07,0.67708,0.002391382078291514,50000,1.126399559295044
83,11,3.0,fit,1265,root,clean,optimum,8.471687649784585e-05,9.297258425376766e-05,6.644216024037792e-07,0.64992,0.002501820471448162,50000,1.097450568259935
83,15,5.0,fit,1262,root,clean,optimum,7.179811355304563e-05,8.077736867751936e-05,6.19755011064727e-07,0.69584,0.002333632392978764,50000,1.1250625494197657
83,5,1.4,fit,1274,root,clean,optimum,0.00010813276306398666,0.0001250593862120064,7.558090665176405e-07,0.5291,0.002845931842491224,50000,1.1565355648778117
71,29,40.0,fit,1275,root,clean,optimum,3.7048592457138634e-05,4.5593959279841294e-05,4.7659869928549824e-07,0.82832,0.0017945900287170493,50000,1.2306529413388312
83,7,1.8,fit,1263,root,clean,optimum,9.888431144063805e-05,0.00011297040073659646,7.190868305206992e-07,0.57462,0.002707657527745711,50000,1.1424501934709284
83,19,8.0,fit,1262,root,clean,optimum,6.318851359721465e-05,6.822097075842047e-05,5.702960072959273e-07,0.74312,0.0021473989115890096,50000,1.0796419614059043
83,3,1.0,fit,1275,root,clean,optimum,0.00012387187133103486,0.00014260328736546816,7.803549575332475e-07,0.46304,0.0029383572127841388,50000,1.1512160576340653
83,1,0.6,fit,1275,root,clean,optimum,0.00014952286217389697,0.00016740801591123456,8.104575437690069e-07,0.36964,0.0030517058248938165,50000,1.11961484335778
83,9,2.0,fit,1266,root,clean,optimum,9.538491934586305e-05,0.00010551835916278271,7.003493574724267e-07,0.60268,0.0026371032388939042,50000,1.1062373369544518
83,13,4.0,fit,1266,root,clean,optimum,7.613600316082584e-05,8.599326662868479e-05,6.365478745523163e-07,0.6762,0.0023968644274211864,50000,1.1294691480853936
83,17,6.0,fit,1263,root,clean,optimum,6.840045777407067e-05,7.637944250280959e-05,6.023275924685663e-07,0.7124,0.0022680109976920488,50000,1.1166510428204124
83,11,3.0,fit,1266,root,clean,optimum,8.471687649784585e-05,9.361527636384e-05,6.624578540449145e-07,0.6475,0.002494426151595818,50000,1.1050369210227011
83,15,5.0,fit,1263,root,clean,optimum,7.179811355304563e-05,7.97788057296384e-05,6.20586749202114e-07,0.6996,0.002336764228986911,50000,1.1111546220597635
83,5,1.4,fit,1275,root,clean,optimum,0.00010813276306398666,0.00012546837210023422,7.504449096012923e-07,0.52756,0.0028257335865392377,50000,1.160317821768684
71,29,40.0,fit,1276,root,clean,optimum,3.7048592457138634e-05,4.5546155734463994e-05,4.743958273979028e-07,0.8285,0.0017862953104772672,50000,1.2293626481803905
83,3,1.0,fit,1276,root,clean,optimum,0.00012387187133103486,0.0001426935829511808,7.8624111935965e-07,0.4627,0.0029605210318145157,50000,1.151945001055541
83,7,1.8,fit,1264,root,clean,optimum,9.888431144063805e-05,0.00011175406608199678,7.168040719831276e-07,0.5792,0.0026990620034280065,50000,1.1301496107305624
83,19,8.0,fit,1263,root,clean,optimum,6.318851359721465e-05,6.730739189121024e-05,5.712562623045013e-07,0.74656,0.0021510146664494322,50000,1.0651839718884786
83,1,0.6,fit,1276,root,clean,optimum,0.00014952286217389697,0.0001675036230019891,8.071030023382593e-07,0.36928,0.0030390745973819435,50000,1.1202542578885382
83,13,4.0,fit,1267,root,clean,optimum,7.613600316082584e-05,8.675281184967935e-05,6.413237789167954e-07,0.67334,0.002414847670689474,50000,1.139445311654029
83,9,2.0,fit,1267,root,clean,optimum,9.538491934586305e-05,0.00010631508491907072,6.959580282448439e-07,0.59968,0.0026205680791117894,50000,1.1145900803624438
83,17,6.0,fit,1264,root,clean,optimum,6.840045777407067e-05,7.6220097351552e-05,6.032042459229068e-07,0.713,0.002271311958332853,50000,1.1143214509369208
83,11,3.0,fit,1267,root,clean,optimum,8.471687649784585e-05,9.312130639494142e-05,6.60110113641922e-07,0.64936,0.00248558594384128,50000,1.0992060879075172
83,5,1.4,fit,1276,root,clean,optimum,0.00010813276306398666,0.00012601014561451008,7.485148391225943e-07,0.52552,0.0028184660777504284,50000,1.1653280841436062
71,29,40.0,fit,1277,root,clean,optimum,3.7048592457138634e-05,4.582766550168577e-05,4.77484981089093e-07,0.82744,0.0017979272440509326,50000,1.236961041224538
83,15,5.0,fit,1264,root,clean,optimum,7.179811355304563e-05,7.998064292123135e-05,6.19290183107839e-07,0.69884,0.0023318821246340314,50000,1.1139657988665723
83,3,1.0,fit,1277,root,clean,optimum,0.00012387187133103486,0.0001441489353326669,7.978796181263573e-07,0.45722,0.003004344764164773,50000,1.1636938538487374
83,19,8.0,fit,1264,root,clean,optimum,6.318851359721465e-05,6.754109811305472e-05,5.749076833815495e-07,0.74568,0.002164763767874471,50000,1.0688825273464246
83,1,0.6,fit,1277,root,clean,optimum,0.00014952286217389697,0.0001691767470901939,8.101072184583762e-07,0.36298,0.003050386706083363,50000,1.1314440121768083
83,7,1.8,fit,1265,root,clean,optimum,9.888431144063805e-05,0.00011203026434417663,7.101124079108648e-07,0.57816,0.0026738651373064454,50000,1.1329427561563223
83,13,4.0,fit,1268,root,clean,optimum,7.613600316082584e-05,8.625353037573887e-05,6.379499476667509e-07,0.67522,0.002402143809078058,50000,1.1328875537837373
83,9,2.0,fit,1268,root,clean,optimum,9.538491934586305e-05,0.00010618760879806463,7.047693736534591e-07,0.60016,0.0026537464168487337,50000,1.113253641417165
83,11,3.0,fit,1268,root,clean,optimum,8.471687649784585e-05,9.454478974617599e-05,6.592421816188528e-07,0.644,0.002482317822974523,50000,1.1160089188200892
83,17,6.0,fit,1265,root,clean,optimum,6.840045777407067e-05,7.627852390701313e-05,6.061782400125857e-07,0.71278,0.002282510268665639,50000,1.1151756346275343
83,5,1.4,fit,1277,root,clean,optimum,0.00010813276306398666,0.00012655723063382783,7.499284107825581e-07,0.52346,0.002823788756158177,50000,1.17038746673789
71,29,40.0,fit,1278,root,clean,optimum,3.7048592457138634e-05,4.554084422942207e-05,4.7585156294977176e-07,0.82852,0.001791776753271277,50000,1.229219282273897
83,15,5.0,fit,1265,root,clean,optimum,7.179811355304563e-05,8.011343054727937e-05,6.203328294031985e-07,0.69834,0.002335808116559599,50000,1.1158152572921047
83,3,1.0,fit,1278,root,clean,optimum,0.00012387187133103486,0.00014393647513099008,7.851847289360602e-07,0.45802,0.00295654328759606,50000,1.16197869285703
83,1,0.6,fit,1278,root,clean,optimum,0.00014952286217389697,0.00016897490989860098,8.204563042299865e-07,0.36374,0.003089355268439728,50000,1.1300941370563187
83,19,8.0,fit,1265,root,clean,optimum,6.318851359721465e-05,6.701525911390464e-05,5.732914723773798e-07,0.74766,0.0021586780690323764,50000,1.0605607775660462
83,7,1.8,fit,1266,root,clean,optimum,9.888431144063805e-05,0.0001123170856164403,7.174448147639655e-07,0.57708,0.002701474663402085,50000,1.1358433302523039
83,13,4.0,fit,1269,root,clean,optimum,7.613600316082584e-05,8.599857813372672e-05,6.403357201694272e-07,0.67618,0.0024111272233225973,50000,1.1295389114669925
83,9,2.0,fit,1269,root,clean,optimum,9.538491934586305e-05,0.00010604419816193279,6.990134812012515e-07,0.6007,0.0026320731155648966,50000,1.1117501476037264
83,11,3.0,fit,1269,root,clean,optimum,8.471687649784585e-05,9.293009221343232e-05,6.567944680791701e-07,0.65008,0.0024731011752621907,50000,1.0969489912177688
83,5,1.4,fit,1278,root,clean,optimum,0.00010813276306398666,0.00012602076862459392,7.59365080672107e-07,0.52548,0.0028593216976317212,50000,1.1654263245823302
71,29,40.0,fit,1279,root,clean,optimum,3.7048592457138634e-05,4.5243399947074543e-05,4.7404887487989945e-07,0.82964,0.001784988891617584,50000,1.22119079151027
83,17,6.0,fit,1266,root,clean,optimum,6.840045777407067e-05,7.67300018355763e-05,6.08366594231378e-07,0.71108,0.0022907503219142798,50000,1.1217761449640944
83,15,5.0,fit,1266,root,clean,optimum,7.179811355304563e-05,7.993283937585408e-05,6.152938690962407e-07,0.69902,0.002316834359527689,50000,1.1132999938333807
83,3,1.0,fit,1279,root,clean,optimum,0.00012387187133103486,0.00014428172295871488,7.879365122573571e-07,0.45672,0.002966904883036821,50000,1.1647658294685546
83,1,0.6,fit,1279,root,clean,optimum,0.00014952286217389697,0.00016842251337424128,8.117181404662106e-07,0.36582,0.0030564524896799917,50000,1.1263997419897152
83,19,8.0,fit,1266,root,clean,optimum,6.318851359721465e-05,6.74295565071744e-05,5.755071582521016e-07,0.7461,0.0021670210372014167,50000,1.0671173076960414
83,7,1.8,fit,1267,root,clean,optimum,9.888431144063805e-05,0.00011208337939459582,7.206321287693668e-07,0.57796,0.0027134762109116747,50000,1.13347989950743
83,13,4.0,fit,1270,root,clean,optimum,7.613600316082584e-05,8.609418522448128e-05,6.423648542772684e-07,0.67582,0.002418767747399395,50000,1.130794652335772
83,9,2.0,fit,1270,root,clean,optimum,9.538491934586305e-05,0.00010641069200982529,6.944506857698473e-07,0.59932,0.0026148923150370114,50000,1.115592409571403
83,11,3.0,fit,1270,root,clean,optimum,8.471687649784585e-05,9.317442144536065e-05,6.586285913900886e-07,0.64916,0.0024800074035211984,50000,1.0998330592102254
83,5,1.4,fit,1279,root,clean,optimum,0.00010813276306398666,0.00012749736702624765,7.532764792471206e-07,0.51992,0.0028363956102913784,50000,1.1790817455649603
71,29,40.0,fit,1280,root,clean,optimum,3.7048592457138634e-05,4.471224944288254e-05,4.710092823610108e-07,0.83164,0.0017735435762318344,50000,1.2068542008609358
83,3,1.0,fit,1280,root,clean,optimum,0.00012387187133103486,0.00014324066797049857,7.815386538661333e-07,0.46064,0.0029428143160855334,50000,1.1563615406091878
83,17,6.0,fit,1267,root,clean,optimum,6.840045777407067e-05,7.672469033053441e-05,6.081504321748509e-07,0.7111,0.0022899363829089656,50000,1.1216984919013115
83,15,5.0,fit,1267,root,clean,optimum,7.179811355304563e-05,7.985847830526719e-05,6.206233106289552e-07,0.6993,0.002336901897789078,50000,1.1122642971150825
83,1,0.6,fit,1280,root,clean,optimum,0.00014952286217389697,0.0001675514265473664,7.997351029278219e-07,0.3691,0.0030113314272172246,50000,1.1205739651539173
83,19,8.0,fit,1267,root,clean,optimum,6.318851359721465e-05,6.722240781053952e-05,5.714198620544161e-07,0.74688,0.002151630686762408,50000,1.0638390426310436
83,13,4.0,fit,1271,root,clean,optimum,7.613600316082584e-05,8.51434258219776e-05,6.3071557065303e-07,0.6794,0.0023749034056269646,50000,1.1183070070295775
83,9,2.0,fit,1271,root,clean,optimum,9.538491934586305e-05,0.00010496065113338113,6.98073517114367e-07,0.60478,0.0026285337643660706,50000,1.1003904165688576
83,7,1.8,fit,1268,root,clean,optimum,9.888431144063805e-05,0.00011238082367694335,7.167566854587658e-07,0.57684,0.0026988835736835638,50000,1.136487902273633
83,5,1.4,fit,1280,root,clean,optimum,0.00010813276306398666,0.00012562771725149185,7.530801162114581e-07,0.52696,0.0028356562227388384,50000,1.1617914283495439
83,11,3.0,fit,1271,root,clean,optimum,8.471687649784585e-05,9.187310271009025e-05,6.551843423355091e-07,0.65406,0.0024670383899275125,50000,1.0844722622938814
71,29,40.0,fit,1281,root,clean,optimum,3.7048592457138634e-05,4.543461412858368e-05,4.7600385204074533e-07,0.82892,0.0017923501843036178,50000,1.2263519641440306
83,3,1.0,fit,1281,root,clean,optimum,0.00012387187133103486,0.0001442604769385472,7.825063226126743e-07,0.4568,0.0029464579867171294,50000,1.1645943133693837
83,1,0.6,fit,1281,root,clean,optimum,0.00014952286217389697,0.00016876776120196608,8.027272026075672e-07,0.36452,0.0030225979125396737,50000,1.1287087389063424
83,17,6.0,fit,1268,root,clean,optimum,6.840045777407067e-05,7.767544973303807e-05,6.056017647114478e-07,0.70752,0.0022803396021724765,50000,1.1355983901394793
83,15,5.0,fit,1268,root,clean,optimum,7.179811355304563e-05,8.055428546575873e-05,6.166936750003422e-07,0.69668,0.0023221052042056243,50000,1.1219554592648717
83,13,4.0,fit,1272,root,clean,optimum,7.613600316082584e-05,8.59667091034752e-05,6.385581850309002e-07,0.6763,0.0024044340727955877,50000,1.1291203311773994
83,19,8.0,fit,1268,root,clean,optimum,6.318851359721465e-05,6.804569109203712e-05,5.723885134975841e-07,0.74378,0.0021552780576507835,50000,1.0768680448124448
83,9,2.0,fit,1272,root,clean,optimum,9.538491934586305e-05,0.0001064213150199091,6.967710499283377e-07,0.59928,0.002623629439976844,50000,1.1157037794835092
83,5,1.4,fit,1281,root,clean,optimum,0.00010813276306398666,0.00012662096869433086,7.568138798445045e-07,0.52322,0.0028497153777375757,50000,1.1709769093702338
83,11,3.0,fit,1272,root,clean,optimum,8.471687649784585e-05,9.2818550607552e-05,6.589940192735135e-07,0.6505,0.0024813833897267684,50000,1.0956323514820823
71,29,40.0,fit,1282,root,clean,optimum,3.7048592457138634e-05,4.57586159361408e-05,4.7590507292958557e-07,0.8277,0.0017919782403428,50000,1.2350972844401242
83,7,1.8,fit,1269,root,clean,optimum,9.888431144063805e-05,0.00011257203785845249,7.168620826156771e-07,0.57612,0.0026992804373072617,50000,1.138421618337621
83,3,1.0,fit,1282,root,clean,optimum,0.00012387187133103486,0.0001426404679007616,7.901340604531232e-07,0.4629,0.0029751795553883387,50000,1.1515162108076142
83,1,0.6,fit,1282,root,clean,optimum,0.00014952286217389697,0.0001689430408683494,8.181286065521799e-07,0.36386,0.0030805905297849184,50000,1.129880998879399
83,15,5.0,fit,1269,root,clean,optimum,7.179811355304563e-05,8.013998807248897e-05,6.185827439756793e-07,0.69824,0.0023292183254788905,50000,1.1161851489772112
83,17,6.0,fit,1269,root,clean,optimum,6.840045777407067e-05,7.719741427926528e-05,6.086410701726014e-07,0.70932,0.0022917838366678465,50000,1.1286096144890039
83,13,4.0,fit,1273,root,clean,optimum,7.613600316082584e-05,8.540900107407359e-05,6.361552752584527e-07,0.6784,0.002395386129685366,50000,1.12179517610952
83,19,8.0,fit,1269,root,clean,optimum,6.318851359721465e-05,6.761545918364161e-05,5.753917522780787e-07,0.7454,0.002166586486266749,50000,1.0700593404466805
83,5,1.4,fit,1282,root,clean,optimum,0.00010813276306398666,0.00012473007289940736,7.518899893733111e-07,0.53034,0.002831174905941606,50000,1.153490111277369
83,9,2.0,fit,1273,root,clean,optimum,9.538491934586305e-05,0.00010553429367790846,7.060521588161423e-07,0.60262,0.0026585766303289394,50000,1.1064043918226116
71,29,40.0,fit,1283,root,clean,optimum,3.7048592457138634e-05,4.4807856533637114e-05,4.734479659911734e-07,0.83128,0.0017827262226227003,50000,1.2094347871778164
83,11,3.0,fit,1273,root,clean,optimum,8.471687649784585e-05,9.269638599158784e-05,6.618785460644398e-07,0.65096,0.002492244818900461,50000,1.094190317485854
83,7,1.8,fit,1270,root,clean,optimum,9.888431144063805e-05,0.00011246580775761407,7.197054701121681e-07,0.57652,0.0027099869601253713,50000,1.1373473316354052
83,3,1.0,fit,1283,root,clean,optimum,0.00012387187133103486,0.00014302289626377983,7.83169230169786e-07,0.46146,0.002948954106185641,50000,1.1546035005926876
83,1,0.6,fit,1283,root,clean,optimum,0.00014952286217389697,0.00016854998949524736,8.161651725763576e-07,0.36534,0.0030731973937139696,50000,1.1272522946973929
83,15,5.0,fit,1270,root,clean,optimum,7.179811355304563e-05,8.064458105147136e-05,6.206336891730258e-07,0.69634,0.0023369409772740404,50000,1.1232130909942337
83,17,6.0,fit,1270,root,clean,optimum,6.840045777407067e-05,7.708056116834305e-05,6.068758855980341e-07,0.70976,0.0022851371910913632,50000,1.1269012471077766
83,13,4.0,fit,1274,root,clean,optimum,7.613600316082584e-05,8.46122753177856e-05,6.375847556010362e-07,0.6814,0.0024007687108231093,50000,1.1113306688696925
83,5,1.4,fit,1283,root,clean,optimum,0.00010813276306398666,0.00012608981819013887,7.503638905313997e-07,0.52522,0.0028254285164348017,50000,1.1660648874340358
83,19,8.0,fit,1270,root,clean,optimum,6.318851359721465e-05,6.770575476935425e-05,5.723454933297427e-07,0.74506,0.0021551160690336147,50000,1.0714883277827052
83,21,10.0,fit,1234,root,clean,optimum,6.0085464945582596e-05,6.620259884249087e-05,5.705357694692321e-07,0.75072,0.0021483017147358114,50000,1.1018072158124823
83,9,2.0,fit,1274,root,clean,optimum,9.538491934586305e-05,0.00010465789534599167,7.015505970908279e-07,0.60592,0.0026416263998771685,50000,1.0972163740738206
83,11,3.0,fit,1274,root,clean,optimum,8.471687649784585e-05,9.167657702353919e-05,6.608450070342506e-07,0.6548,0.0024883531195721833,50000,1.082152468473862
83,23,20.0,fit,1234,root,clean,optimum,5.211664390115419e-05,6.390271715933951e-05,5.570033045748884e-07,0.75938,0.0020973464213207005,50000,1.2261479707046965
83,7,1.8,fit,1271,root,clean,optimum,9.888431144063805e-05,0.00011113793149713407,7.147437880892508e-07,0.58152,0.002691304187601357,50000,1.1239187478577133
83,25,26.0,fit,1234,root,clean,optimum,5.064732028654246e-05,6.380179856354305e-05,5.557582197703848e-07,0.75976,0.002092658165187356,50000,1.2597270339788516
83,15,5.0,fit,1271,root,clean,optimum,7.179811355304563e-05,7.99434623859379e-05,6.154356346429931e-07,0.69898,0.0023173681650898925,50000,1.113447950507423
83,17,6.0,fit,1271,root,clean,optimum,6.840045777407067e-05,7.645380357339648e-05,6.060834592278757e-07,0.71212,0.0022821533800475844,50000,1.1177381856993753
83,13,4.0,fit,1275,root,clean,optimum,7.613600316082584e-05,8.621103833540353e-05,6.424728060080153e-07,0.67538,0.002419174230043749,50000,1.1323294467309466
83,27,30.0,fit,1234,root,clean,optimum,5.0883678742955693e-05,6.272356304003326e-05,5.525247126639658e-07,0.76382,0.002080482681662821,50000,1.2326853047887516
83,21,10.0,fit,1235,root,clean,optimum,6.0085464945582596e-05,6.544836512653823e-05,5.65888537911943e-07,0.75356,0.002130802977482954,50000,1.0892545341175712
83,19,8.0,fit,1271,root,clean,optimum,6.318851359721465e-05,6.727021135591679e-05,5.730548826932069e-07,0.7467,0.0021577872116113413,50000,1.0645955653383508
83,9,2.0,fit,1275,root,clean,optimum,9.538491934586305e-05,0.00010505625822413568,6.994905343039478e-07,0.60442,0.0026338694166092567,50000,1.1013927457778165
83,23,20.0,fit,1235,root,clean,optimum,5.211664390115419e-05,6.258546390894335e-05,5.529865589114787e-07,0.76434,0.0020822217226459994,50000,1.2008728733117313
83,11,3.0,fit,1275,root,clean,optimum,8.471687649784585e-05,9.338688164703743e-05,6.632585467626817e-07,0.64836,0.0024974410888365735,50000,1.1023409444210568
83,25,26.0,fit,1235,root,clean,optimum,5.064732028654246e-05,6.263326745432065e-05,5.554257559538993e-07,0.76416,0.0020914063022450763,50000,1.2366551102796053
83,7,1.8,fit,1272,root,clean,optimum,9.888431144063805e-05,0.00011242862722232065,7.123409451960266e-07,0.57666,0.002682256496318904,50000,1.1369713312896301
83,15,5.0,fit,1272,root,clean,optimum,7.179811355304563e-05,8.039494031450111e-05,6.236713516386228e-07,0.69728,0.0023483790252157174,50000,1.1197361091542328
83,27,30.0,fit,1235,root,clean,optimum,5.0883678742955693e-05,6.12204071131699e-05,5.495217107135368e-07,0.76948,0.0020691751448094118,50000,1.20314428173386
83,17,6.0,fit,1272,root,clean,optimum,6.840045777407067e-05,7.688403548179199e-05,6.073844598575103e-07,0.7105,0.0022870521822490946,50000,1.1240280837848031
83,13,4.0,fit,1276,root,clean,optimum,7.613600316082584e-05,8.61526117799424e-05,6.359018274370389e-07,0.6756,0.0023944317944473736,50000,1.1315620495333591
83,21,10.0,fit,1236,root,clean,optimum,6.0085464945582596e-05,6.56767598433408e-05,5.655561820065299e-07,0.7527,0.002129551520870224,50000,1.0930556982927908
83,19,8.0,fit,1272,root,clean,optimum,6.318851359721465e-05,6.777480433489919e-05,5.763570646009574e-07,0.7448,0.00217022128399455,50000,1.0725810828043707
83,9,2.0,fit,1276,root,clean,optimum,9.538491934586305e-05,0.00010528465294093825,6.982569765921922e-07,0.60356,0.002629224564718804,50000,1.1037871988881076
83,23,20.0,fit,1236,root,clean,optimum,5.211664390115419e-05,6.245267628289537e-05,5.521669985140165e-07,0.76484,0.0020791357408348403,50000,1.1983249804293763
83,11,3.0,fit,1276,root,clean,optimum,8.471687649784585e-05,9.301507629410304e-05,6.614935714580433e-07,0.64976,0.002490795231247402,50000,1.0979521453021015
83,25,26.0,fit,1236,root,clean,optimum,5.064732028654246e-05,6.263857895936254e-05,5.517477565485369e-07,0.76414,0.0020775571224877967,50000,1.2367599826600557
83,7,1.8,fit,1273,root,clean,optimum,9.888431144063805e-05,0.00011177531210216449,7.216878287413597e-07,0.57912,0.0027174513552960288,50000,1.1303644680710057
83,15,5.0,fit,1273,root,clean,optimum,7.179811355304563e-05,7.897676846830848e-05,6.154958430768158e-07,0.70262,0.0023175948745944395,50000,1.0999838931695487
83,27,30.0,fit,1236,root,clean,optimum,5.0883678742955693e-05,6.165063902156545e-05,5.501317066538627e-07,0.76786,0.002071472030289183,50000,1.211599486212469
83,13,4.0,fit,1277,root,clean,optimum,7.613600316082584e-05,8.651379412279297e-05,6.376904149097301e-07,0.67424,0.0024011665615560375,50000,1.1363059594820812
83,21,10.0,fit,1237,root,clean,optimum,6.0085464945582596e-05,6.608574573156862e-05,5.666129803798943e-07,0.75116,0.0021335308011872856,50000,1.0998624341414396
83,17,6.0,fit,1273,root,clean,optimum,6.840045777407067e-05,7.546586363559935e-05,6.060315731812099e-07,0.71584,0.0022819580077519494,50000,1.103294716021726
83,23,20.0,fit,1237,root,clean,optimum,5.211664390115419e-05,6.273949755515904e-05,5.539422896792848e-07,0.76376,0.0020858204418800516,50000,1.2038284290552639
83,9,2.0,fit,1277,root,clean,optimum,9.538491934586305e-05,0.00010720210626107136,7.024172078212056e-07,0.59634,0.0026448895455337693,50000,1.1238894680233416
83,25,26.0,fit,1237,root,clean,optimum,5.064732028654246e-05,6.257484089885954e-05,5.537754949224121e-07,0.76438,0.002085192391052438,50000,1.235501514094643
83,11,3.0,fit,1277,root,clean,optimum,8.471687649784585e-05,9.384898258568449e-05,6.639408864605833e-07,0.64662,0.0025000103783035564,50000,1.1077955947546159
83,19,8.0,fit,1273,root,clean,optimum,6.318851359721465e-05,6.642568205425153e-05,5.723780407607511e-07,0.74988,0.002155238623491349,50000,1.0512303308425912
83,7,1.8,fit,1274,root,clean,optimum,9.888431144063805e-05,0.00011111668547696639,7.101691076931912e-07,0.5816,0.0026740786352957304,50000,1.1237038905172703
83,15,5.0,fit,1274,root,clean,optimum,7.179811355304563e-05,7.87165047212544e-05,6.17406762874468e-07,0.7036,0.00232479027319642,50000,1.0963589546555055
83,27,30.0,fit,1237,root,clean,optimum,5.0883678742955693e-05,6.128945667871488e-05,5.493503310095988e-07,0.76922,0.0020685298297712616,50000,1.2045012898600567
83,21,10.0,fit,1238,root,clean,optimum,6.0085464945582596e-05,6.605387670131713e-05,5.657033583886807e-07,0.75128,0.0021301057004520533,50000,1.0993320391402468
83,13,4.0,fit,1278,root,clean,optimum,7.613600316082584e-05,8.586047900263681e-05,6.385339405396381e-07,0.6767,0.00240434278231927,50000,1.1277250635454226
83,17,6.0,fit,1274,root,clean,optimum,6.840045777407067e-05,7.568363534231808e-05,5.989164257320053e-07,0.71502,0.002255166552625579,50000,1.1064784915958314
83,23,20.0,fit,1238,root,clean,optimum,5.211664390115419e-05,6.352028879632126e-05,5.559833771601299e-07,0.76082,0.0020935059753201452,50000,1.218810039203513
83,9,2.0,fit,1278,root,clean,optimum,9.538491934586305e-05,0.00010573081936445952,6.996298527240861e-07,0.60188,0.002634394007733764,50000,1.108464735196583
83,25,26.0,fit,1238,root,clean,optimum,5.064732028654246e-05,6.358933836186624e-05,5.57249880680078e-07,0.76056,0.0020982748817222007,50000,1.2555321387608065
83,11,3.0,fit,1278,root,clean,optimum,8.471687649784585e-05,9.310537187981568e-05,6.651519198106479e-07,0.64942,0.002504570416712658,50000,1.0990179965167048
83,19,8.0,fit,1274,root,clean,optimum,6.318851359721465e-05,6.656378118534144e-05,5.69696513792995e-07,0.74936,0.002145141572103493,50000,1.0534158408859229
83,7,1.8,fit,1275,root,clean,optimum,9.888431144063805e-05,0.00011190278822317054,7.134930037737214e-07,0.57864,0.0026865944704659766,50000,1.131653612113664
83,15,5.0,fit,1275,root,clean,optimum,7.179811355304563e-05,7.989034733551871e-05,6.202715341285864e-07,0.69918,0.002335577314652688,50000,1.1127081671372103
83,27,30.0,fit,1238,root,clean,optimum,5.0883678742955693e-05,6.246329929297918e-05,5.544049488476202e-07,0.7648,0.0020875625438443123,50000,1.2275704280053958
83,21,10.0,fit,1239,root,clean,optimum,6.0085464945582596e-05,6.550148017695744e-05,5.645843197197649e-07,0.75336,0.0021258920598357534,50000,1.090138525786227
83,13,4.0,fit,1279,root,clean,optimum,7.613600316082584e-05,8.589765953793022e-05,6.42209261796454e-07,0.67656,0.0024181818777463063,50000,1.1282134072166141
83,23,20.0,fit,1239,root,clean,optimum,5.211664390115419e-05,6.241549574760192e-05,5.577386850975833e-07,0.76498,0.002100115431297688,50000,1.1976115704223167
83,25,26.0,fit,1239,root,clean,optimum,5.064732028654246e-05,6.252703735348224e-05,5.565335383268376e-07,0.76456,0.0020955775582796477,50000,1.2345576626705825
83,9,2.0,fit,1279,root,clean,optimum,9.538491934586305e-05,0.00010592203354596864,7.016853145496419e-07,0.60116,0.0026421336664908712,50000,1.1104693936145011
83,17,6.0,fit,1275,root,clean,optimum,6.840045777407067e-05,7.626258939188736e-05,6.037534897259242e-07,0.71284,0.0022733800870409406,50000,1.1149426754391851
83,11,3.0,fit,1279,root,clean,optimum,8.471687649784585e-05,9.266451696133632e-05,6.629582765611221e-07,0.65108,0.002496310448089027,50000,1.0938141347042294
83,19,8.0,fit,1275,root,clean,optimum,6.318851359721465e-05,6.712148921474303e-05,5.709585947259496e-07,0.74726,0.0021498938256474284,50000,1.0622419391378395
83,7,1.8,fit,1276,root,clean,optimum,9.888431144063805e-05,0.00011276325203996159,7.189214181588683e-07,0.5754,0.0027070346822037207,50000,1.1403553344016084
83,27,30.0,fit,1239,root,clean,optimum,5.0883678742955693e-05,6.130007968879873e-05,5.488013113476471e-07,0.76918,0.0020664625450464292,50000,1.2047100603410101
83,15,5.0,fit,1276,root,clean,optimum,7.179811355304563e-05,8.118104306070526e-05,6.250380470143369e-07,0.69432,0.0023535251951428008,50000,1.1306849030333836
83,21,10.0,fit,1240,root,clean,optimum,6.0085464945582596e-05,6.566613683325697e-05,5.651742569277738e-07,0.75274,0.002128113415942367,50000,1.09287889995906
83,13,4.0,fit,1280,root,clean,optimum,7.613600316082584e-05,8.532401699340289e-05,6.403527181912596e-07,0.67872,0.0024111912278625466,50000,1.1206789620039386
83,23,20.0,fit,1240,root,clean,optimum,5.211664390115419e-05,6.295726926187777e-05,5.544818568704875e-07,0.76294,0.0020878521341666794,50000,1.2080069733823267
83,25,26.0,fit,1240,root,clean,optimum,5.064732028654246e-05,6.277136658541056e-05,5.545824427844823e-07,0.76364,0.0020882308814829335,50000,1.2393817921713342
83,9,2.0,fit,1280,root,clean,optimum,9.538491934586305e-05,0.0001053802600316928,7.040555623519279e-07,0.6032,0.002651058623856361,50000,1.1047895280970668
83,17,6.0,fit,1276,root,clean,optimum,6.840045777407067e-05,7.72611523397683e-05,6.083896320554195e-07,0.70908,0.002290837068792461,50000,1.1295414512424002
83,11,3.0,fit,1280,root,clean,optimum,8.471687649784585e-05,9.296196124368385e-05,6.607995012193763e-07,0.64996,0.0024881817714721057,50000,1.0973251739993937
83,19,8.0,fit,1276,root,clean,optimum,6.318851359721465e-05,6.822097075842047e-05,5.762971154612623e-07,0.74312,0.002169995550838987,50000,1.0796419614059043
83,27,30.0,fit,1240,root,clean,optimum,5.0883678742955693e-05,6.202775587954176e-05,5.524387879160362e-07,0.76644,0.0020801591396638905,50000,1.219010838286311
83,7,1.8,fit,1277,root,clean,optimum,9.888431144063805e-05,0.000112603906888704,7.105185845942842e-07,0.576,0.0026753945594955,50000,1.1387439043482854
83,21,10.0,fit,1241,root,clean,optimum,6.0085464945582596e-05,6.499157569293313e-05,5.64127347334274e-07,0.75528,0.0021241713709466933,50000,1.0816522057671325
83,15,5.0,fit,1277,root,clean,optimum,7.179811355304563e-05,8.051710493046528e-05,6.226314979550974e-07,0.69682,0.002344463548621725,50000,1.1214376109057227
83,23,20.0,fit,1241,root,clean,optimum,5.211664390115419e-05,6.225615059634431e-05,5.563938502515558e-07,0.76558,0.002095051575251563,50000,1.19455409896349
83,25,26.0,fit,1241,root,clean,optimum,5.064732028654246e-05,6.290415421145855e-05,5.562530969565217e-07,0.76314,0.0020945215812332076,50000,1.242003601682612
83,13,4.0,fit,1281,root,clean,optimum,7.613600316082584e-05,8.611543124464896e-05,6.351594840692376e-07,0.67574,0.00239163656649619,50000,1.1310737058621672
83,9,2.0,fit,1281,root,clean,optimum,9.538491934586305e-05,0.00010607606719218432,6.979990167064699e-07,0.60058,0.0026282532397038172,50000,1.1120842573400462
83,17,6.0,fit,1277,root,clean,optimum,6.840045777407067e-05,7.713367621876224e-05,6.054627329908241e-07,0.70956,0.0022798160905895017,50000,1.127677777735607
83,11,3.0,fit,1281,root,clean,optimum,8.471687649784585e-05,9.377993302013951e-05,6.593036060067745e-07,0.64688,0.002482549111046122,50000,1.1069805320610955
83,19,8.0,fit,1277,root,clean,optimum,6.318851359721465e-05,6.817847871808511e-05,5.751741153338437e-07,0.74328,0.0021657669937029,50000,1.0789694967771866
83,27,30.0,fit,1241,root,clean,optimum,5.0883678742955693e-05,6.128414517367295e-05,5.493262076490485e-07,0.76924,0.0020684389954018696,50000,1.2043969046195797
83,21,10.0,fit,1242,root,clean,optimum,6.0085464945582596e-05,6.54961686719155e-05,5.640048989819888e-07,0.75338,0.002123710302562803,50000,1.0900501266193614
83,7,1.8,fit,1278,root,clean,optimum,9.888431144063805e-05,0.00011182311564754176,7.143694967517444e-07,0.57894,0.002689894826847475,50000,1.1308478970870024
83,15,5.0,fit,1278,root,clean,optimum,7.179811355304563e-05,8.037369429433345e-05,6.206096983529013e-07,0.69736,0.0023368506419738375,50000,1.119440195806148
83,23,20.0,fit,1242,root,clean,optimum,5.211664390115419e-05,6.276605508036864e-05,5.540285199263882e-07,0.76366,0.0020861451342089597,50000,1.2043380076317347
83,25,26.0,fit,1242,root,clean,optimum,5.064732028654246e-05,6.308474538288383e-05,5.568941888943917e-07,0.76246,0.002096935555927048,50000,1.24556926261795
83,13,4.0,fit,1282,root,clean,optimum,7.613600316082584e-05,8.59667091034752e-05,6.365573495704596e-07,0.6763,0.0023969001047596003,50000,1.1291203311773994
83,9,2.0,fit,1282,root,clean,optimum,9.538491934586305e-05,0.00010523684939556095,6.949247680643337e-07,0.60374,0.002616677429767186,50000,1.103286034283628
83,11,3.0,fit,1282,root,clean,optimum,8.471687649784585e-05,9.346655422266624e-05,6.572129149581706e-07,0.64806,0.002474676799781787,50000,1.1032814013751189
83,17,6.0,fit,1278,root,clean,optimum,6.840045777407067e-05,7.686278946162433e-05,6.0878706898786e-07,0.71058,0.0022923335822262383,50000,1.123717471533671
83,19,8.0,fit,1278,root,clean,optimum,6.318851359721465e-05,6.820503624329473e-05,5.761785922071455e-07,0.74318,0.002169549262063277,50000,1.0793897871701355
83,27,30.0,fit,1242,root,clean,optimum,5.0883678742955693e-05,6.159221246610432e-05,5.498945997673847e-07,0.76808,0.0020705792253888516,50000,1.2104512485672259
83,21,10.0,fit,1243,root,clean,optimum,6.0085464945582596e-05,6.544836512653823e-05,5.663635684611235e-07,0.75356,0.0021325916627818724,50000,1.0892545341175712
83,7,1.8,fit,1279,root,clean,optimum,9.888431144063805e-05,0.00011237020066685954,7.182031886927901e-07,0.57688,0.0027043302530055566,50000,1.1363804736034118
83,25,26.0,fit,1243,root,clean,optimum,5.064732028654246e-05,6.222959307113471e-05,5.497439205340033e-07,0.76568,0.0020700118561321453,50000,1.2286848093653198
83,23,20.0,fit,1243,root,clean,optimum,5.211664390115419e-05,6.264389046440447e-05,5.52074789476314e-07,0.76412,0.002078788535901494,50000,1.2019939461799678
83,13,4.0,fit,1283,root,clean,optimum,7.613600316082584e-05,8.673156582951167e-05,6.423797604127884e-07,0.67342,0.002418823875127421,50000,1.1391662581276338
83,15,5.0,fit,1279,root,clean,optimum,7.179811355304563e-05,8.020372613299201e-05,6.207756946272817e-07,0.698,0.0023374756861866183,50000,1.1170728890214667
83,9,2.0,fit,1283,root,clean,optimum,9.538491934586305e-05,0.00010670282478713088,7.007856736680329e-07,0.59822,0.002638746148736454,50000,1.1186550821543333
83,11,3.0,fit,1283,root,clean,optimum,8.471687649784585e-05,9.387554011089408e-05,6.615648928355759e-07,0.64652,0.002491063785553459,50000,1.10810908040597
83,17,6.0,fit,1279,root,clean,optimum,6.840045777407067e-05,7.751610458178049e-05,6.063887230000274e-07,0.70812,0.002283302823641227,50000,1.1332687982559875
83,27,30.0,fit,1243,root,clean,optimum,5.0883678742955693e-05,6.117791507283456e-05,5.440717660029883e-07,0.76964,0.0020486538625455867,50000,1.202309199810047
83,19,8.0,fit,1279,root,clean,optimum,6.318851359721465e-05,6.735519543658751e-05,5.729964284342317e-07,0.74638,0.0021575671072962222,50000,1.0659404945957855
83,21,10.0,fit,1244,root,clean,optimum,6.0085464945582596e-05,6.531026599544832e-05,5.661188906270097e-07,0.75408,0.0021316703501513363,50000,1.0869561557790666
83,7,1.8,fit,1280,root,clean,optimum,9.888431144063805e-05,0.00011230646260635648,7.238809352765426e-07,0.57712,0.00272570930296952,50000,1.1357359015820825
83,25,26.0,fit,1244,root,clean,optimum,5.064732028654246e-05,6.246329929297918e-05,5.535699342520181e-07,0.7648,0.0020844183706240594,50000,1.2332991941051688
83,23,20.0,fit,1244,root,clean,optimum,5.211664390115419e-05,6.25960869190272e-05,5.539785102392736e-07,0.7643,0.0020859568271783912,50000,1.2010767047423199
83,29,40.0,fit,1234,root,clean,optimum,4.933600296884012e-05,5.952072549975551e-05,5.383372924936975e-07,0.77588,0.002027061212386987,50000,1.206435907208533
83,15,5.0,fit,1280,root,clean,optimum,7.179811355304563e-05,7.957696853804544e-05,6.168992964291689e-07,0.70036,0.002322879453414479,50000,1.1083434452529546
91,1,0.6,fit,1234,root,clean,optimum,0.00016559759580826272,0.00014549805761331455,7.83477135257475e-07,0.45214,0.0029501134954181053,50000,0.8786242149419824
91,3,1.0,fit,1234,root,clean,optimum,0.00015022896950840625,0.0001501296900098688,7.959001014816819e-07,0.4347,0.002996891070234136,50000,0.9993391454466983
83,27,30.0,fit,1244,root,clean,optimum,5.0883678742955693e-05,6.145411333501441e-05,5.496280506898461e-07,0.7686,0.0020695755585357287,50000,1.207737232314833
83,17,6.0,fit,1280,root,clean,optimum,6.840045777407067e-05,7.606075220029439e-05,6.027619657798961e-07,0.7136,0.002269646591776594,50000,1.1119918590534286
83,21,10.0,fit,1245,root,clean,optimum,6.0085464945582596e-05,6.526777395511295e-05,5.612016321409031e-07,0.75424,0.0021131548505055743,50000,1.0862489624441418
83,19,8.0,fit,1280,root,clean,optimum,6.318851359721465e-05,6.645755108450304e-05,5.699782570370577e-07,0.74976,0.00214620245123978,50000,1.0517346793141291
83,25,26.0,fit,1245,root,clean,optimum,5.064732028654246e-05,6.286697367616513e-05,5.526623984450754e-07,0.76328,0.00208100112523022,50000,1.2412694950194545
83,23,20.0,fit,1245,root,clean,optimum,5.211664390115419e-05,6.253234885852416e-05,5.496345624614067e-07,0.76454,0.0020696000780325912,50000,1.1998537161587892
83,29,40.0,fit,1235,root,clean,optimum,4.933600296884012e-05,5.790602796701184e-05,5.373249489932125e-07,0.78196,0.002023249322941358,50000,1.1737073228973254
83,7,1.8,fit,1281,root,clean,optimum,9.888431144063805e-05,0.00011320941846348288,7.168746304706856e-07,0.57372,0.002699327685139691,50000,1.144867338550913
83,15,5.0,fit,1281,root,clean,optimum,7.179811355304563e-05,8.052772794054913e-05,6.203579473752303e-07,0.69678,0.0023359026960500964,50000,1.1215855675797652
91,1,0.6,fit,1235,root,clean,optimum,0.00016559759580826272,0.00014551930363348222,7.887847365889454e-07,0.45206,0.002970098796343478,50000,0.8787525140278718
83,27,30.0,fit,1245,root,clean,optimum,5.0883678742955693e-05,6.16984425669427e-05,5.500309446581643e-07,0.76768,0.0020710926199529293,50000,1.2125389533767583
91,3,1.0,fit,1235,root,clean,optimum,0.00015022896950840625,0.00015001283689894653,7.973580315226768e-07,0.43514,0.003002380776181842,50000,0.9985613120414327
83,21,10.0,fit,1246,root,clean,optimum,6.0085464945582596e-05,6.644161656937727e-05,5.653966881068565e-07,0.74982,0.002128950960771289,50000,1.1057851783214332
83,25,26.0,fit,1246,root,clean,optimum,5.064732028654246e-05,6.349373127111167e-05,5.562407658820378e-07,0.76092,0.00209447514966857,50000,1.2536444359126862
83,17,6.0,fit,1281,root,clean,optimum,6.840045777407067e-05,7.794633649017599e-05,6.132708427933778e-07,0.7065,0.002309216833847504,50000,1.1395586963414153
83,19,8.0,fit,1281,root,clean,optimum,6.318851359721465e-05,6.846529999034881e-05,5.79177078679762e-07,0.7422,0.0021808397962864456,50000,1.08350863302103
83,23,20.0,fit,1246,root,clean,optimum,5.211664390115419e-05,6.36583879274112e-05,5.57950042843501e-07,0.7603,0.002100911280098544,50000,1.221459847801163
83,29,40.0,fit,1236,root,clean,optimum,4.933600296884012e-05,5.8054750108185604e-05,5.364947265149659e-07,0.7814,0.0020201231940129498,50000,1.1767217977680946
83,7,1.8,fit,1282,root,clean,optimum,9.888431144063805e-05,0.00011114855450721792,7.128126549920578e-07,0.58148,0.00268403267761708,50000,1.124026176527935
91,1,0.6,fit,1236,root,clean,optimum,0.00016559759580826272,0.00014583799393599742,7.918067973122409e-07,0.45086,0.002981478097311639,50000,0.8806770003162125
83,15,5.0,fit,1282,root,clean,optimum,7.179811355304563e-05,7.987441282039297e-05,6.167897145348327e-07,0.69924,0.0023224668325340643,50000,1.1124862321261468
83,27,30.0,fit,1246,root,clean,optimum,5.0883678742955693e-05,6.216585501063167e-05,5.514244173844348e-07,0.76592,0.002076339617612812,50000,1.2217248545387036
91,3,1.0,fit,1236,root,clean,optimum,0.00015022896950840625,0.000150182805060288,8.030007755221564e-07,0.4345,0.0030236280270267354,50000,0.9996927060854552
83,21,10.0,fit,1247,root,clean,optimum,6.0085464945582596e-05,6.521465890469376e-05,5.691296592729535e-07,0.75444,0.002143007131806185,50000,1.0853649707754864
83,25,26.0,fit,1247,root,clean,optimum,5.064732028654246e-05,6.23836267173504e-05,5.532968592276234e-07,0.7651,0.0020833901308982584,50000,1.2317261083984024
83,23,20.0,fit,1247,root,clean,optimum,5.211664390115419e-05,6.227208511147008e-05,5.521606890295855e-07,0.76552,0.0020791119830321793,50000,1.194859846109373
83,19,8.0,fit,1282,root,clean,optimum,6.318851359721465e-05,6.794477249624063e-05,5.72916242673164e-07,0.74416,0.0021572651749420784,50000,1.0752709413192405
83,17,6.0,fit,1282,root,clean,optimum,6.840045777407067e-05,7.695308504733696e-05,6.085625315548098e-07,0.71024,0.0022914881064852646,50000,1.125037573600983
83,29,40.0,fit,1237,root,clean,optimum,4.933600296884012e-05,5.8192849239275515e-05,5.367672832674223e-07,0.78088,0.002021149482231846,50000,1.1795209530052373
91,1,0.6,fit,1237,root,clean,optimum,0.00016559759580826272,0.00014628947186456063,7.991170397434064e-07,0.44916,0.0030090041652470765,50000,0.883403355891362
83,7,1.8,fit,1283,root,clean,optimum,9.888431144063805e-05,0.00011234895464669183,7.142898322136085e-07,0.57696,0.00268959485711194,50000,1.1361656162629685
83,27,30.0,fit,1247,root,clean,optimum,5.0883678742955693e-05,6.150191688039169e-05,5.495286543434283e-07,0.76842,0.0020692012904304237,50000,1.2086766994791227
91,3,1.0,fit,1237,root,clean,optimum,0.00015022896950840625,0.00015061834847372542,7.846207150732256e-07,0.43286,0.002954419543540907,50000,1.0025919033232626
83,15,5.0,fit,1283,root,clean,optimum,7.179811355304563e-05,8.088891028339967e-05,6.184866163990731e-07,0.69542,0.0023288563656356917,50000,1.1266160944972128
83,21,10.0,fit,1248,root,clean,optimum,6.0085464945582596e-05,6.508718278368766e-05,5.642552846978336e-07,0.75492,0.0021246531077145207,50000,1.0832433907707122
83,25,26.0,fit,1248,root,clean,optimum,5.064732028654246e-05,6.253766036356609e-05,5.541645172493702e-07,0.76452,0.0020866572200373967,50000,1.2347674074314852
83,23,20.0,fit,1248,root,clean,optimum,5.211664390115419e-05,6.254297186860801e-05,5.552695183128175e-07,0.7645,0.0020908180032983606,50000,1.200057547589378
83,29,40.0,fit,1238,root,clean,optimum,4.933600296884012e-05,5.9085182086318084e-05,5.40833579123526e-07,0.77752,0.0020364607577517267,50000,1.1976078022298522
83,19,8.0,fit,1283,root,clean,optimum,6.318851359721465e-05,6.818910172816896e-05,5.733409424543381e-07,0.74324,0.0021588643442088766,50000,1.0791376129343662
83,17,6.0,fit,1283,root,clean,optimum,6.840045777407067e-05,7.763295769270272e-05,6.050611869140002e-07,0.70768,0.0022783041045378845,50000,1.1349771656372147
91,1,0.6,fit,1238,root,clean,optimum,0.00016559759580826272,0.00014614074972338687,7.82397252015961e-07,0.44972,0.0029460472910824553,50000,0.8825052622901363
91,5,1.4,fit,1234,root,clean,optimum,0.00014497687771509657,0.00015033683870650368,8.09128534852122e-07,0.43392,0.003046701559976826,50000,1.0369711437843234
83,27,30.0,fit,1248,root,clean,optimum,5.0883678742955693e-05,6.132663721400833e-05,5.509637460704363e-07,0.76908,0.002074605000737321,50000,1.2052319865433934
83,21,10.0,fit,1249,root,clean,optimum,6.0085464945582596e-05,6.529964298536447e-05,5.62608654582407e-07,0.75412,0.0021184528684134903,50000,1.0867793574453353
91,3,1.0,fit,1238,root,clean,optimum,0.00015022896950840625,0.00015025716613087487,7.994850608813681e-07,0.43422,0.003010389916122044,50000,1.000187690979715
91,7,1.8,fit,1234,root,clean,optimum,0.00014261258082262892,0.00014664003119732735,7.989484772645172e-07,0.44784,0.0030083694582193742,50000,1.0282404984992697
83,25,26.0,fit,1249,root,clean,optimum,5.064732028654246e-05,6.201713286945791e-05,5.520589079685111e-07,0.76648,0.0020787287354958554,50000,1.224489914147275
83,23,20.0,fit,1249,root,clean,optimum,5.211664390115419e-05,6.215523200054785e-05,5.505666435529239e-07,0.76596,0.0020731097465132233,50000,1.1926177003729002
83,29,40.0,fit,1239,root,clean,optimum,4.933600296884012e-05,5.7783863351047675e-05,5.372576935954509e-07,0.78242,0.0020229960787206307,50000,1.171231147110622
91,1,0.6,fit,1239,root,clean,optimum,0.00016559759580826272,0.00014582205942087167,7.97540930510057e-07,0.45092,0.003003069466057637,50000,0.8805807760017955
91,9,2.0,fit,1234,root,clean,optimum,0.00014175982882815832,0.00014491379205870336,7.981708666001231e-07,0.45434,0.003005441434398416,50000,1.0222486388183234
91,11,3.0,fit,1234,root,clean,optimum,0.00014019066448259443,0.0001386568391193216,7.922239291612518e-07,0.4779,0.002983048770202726,50000,0.9890590049705965
83,27,30.0,fit,1249,root,clean,optimum,5.0883678742955693e-05,6.112480002241536e-05,5.481581562929358e-07,0.76984,0.0020640408018695504,50000,1.2012653474052806
83,21,10.0,fit,1250,root,clean,optimum,6.0085464945582596e-05,6.540587308620289e-05,5.630867660440974e-07,0.75372,0.0021202531546145463,50000,1.0885473407826471
91,3,1.0,fit,1239,root,clean,optimum,0.00015022896950840625,0.0001494338828493773,8.001476919012809e-07,0.43732,0.0030128849943143196,50000,0.9947075010789815
91,5,1.4,fit,1235,root,clean,optimum,0.00014497687771509657,0.00014961447402080257,8.064748838902227e-07,0.43664,0.0030367094732106237,50000,1.0319885238170161
83,25,26.0,fit,1250,root,clean,optimum,5.064732028654246e-05,6.266513648457215e-05,5.54972864731285e-07,0.76404,0.00208970098061198,50000,1.2372843445623116
91,7,1.8,fit,1235,root,clean,optimum,0.00014261258082262892,0.0001459920275822131,7.969416973446744e-07,0.45028,0.0030008131068500177,50000,1.0236966944998163
83,23,20.0,fit,1250,root,clean,optimum,5.211664390115419e-05,6.25960869190272e-05,5.526138014953764e-07,0.7643,0.0020808181377367867,50000,1.2010767047423199
83,29,40.0,fit,1240,root,clean,optimum,4.933600296884012e-05,5.7991012047682555e-05,5.36269000049244e-07,0.78164,0.0020192732410751653,50000,1.1754298799663363
91,1,0.6,fit,1240,root,clean,optimum,0.00016559759580826272,0.00014587517447129088,8.044100178772627e-07,0.45072,0.0030289344038219534,50000,0.8809015237165191
91,11,3.0,fit,1235,root,clean,optimum,0.00014019066448259443,0.000138364706342016,7.794943189718793e-07,0.479,0.0029351165547989696,50000,0.9869751802139068
91,9,2.0,fit,1235,root,clean,optimum,0.00014175982882815832,0.00014438795305955326,7.925715476125533e-07,0.45632,0.002984357696575037,50000,1.0185392734537
83,27,30.0,fit,1250,root,clean,optimum,5.0883678742955693e-05,6.170906557702656e-05,5.514599887433408e-07,0.76764,0.002076473558402194,50000,1.212747723857712
83,21,10.0,fit,1251,root,clean,optimum,6.0085464945582596e-05,6.533682352065792e-05,5.656028083005135e-07,0.75398,0.002129727088034768,50000,1.0873981516133944
91,3,1.0,fit,1240,root,clean,optimum,0.00015022896950840625,0.0001504005767670067,8.162026186161166e-07,0.43368,0.0030733383934474293,50000,1.001142304704359
83,25,26.0,fit,1251,root,clean,optimum,5.064732028654246e-05,6.2808547120704e-05,5.536552138147155e-07,0.7635,0.00208473948323536,50000,1.240115898834492
91,5,1.4,fit,1236,root,clean,optimum,0.00014497687771509657,0.00015002877141407232,8.066139820301968e-07,0.43508,0.003037233234889757,50000,1.034846202915913
83,23,20.0,fit,1251,root,clean,optimum,5.211664390115419e-05,6.271825153499137e-05,5.526969893439306e-07,0.76384,0.0020811313741844516,50000,1.203420766194087
91,7,1.8,fit,1236,root,clean,optimum,0.00014261258082262892,0.0001461195037032192,7.963964014420876e-07,0.4498,0.0029987598436100014,50000,1.0245905575816758
83,29,40.0,fit,1241,root,clean,optimum,4.933600296884012e-05,5.783697840146687e-05,5.360039398807929e-07,0.78222,0.002018275180576835,50000,1.1723077452787538
91,1,0.6,fit,1241,root,clean,optimum,0.00016559759580826272,0.00014525372838138624,7.966482061117405e-07,0.45306,0.002999707991706127,50000,0.8771487754542545
83,27,30.0,fit,1251,root,clean,optimum,5.0883678742955693e-05,6.141693279972097e-05,5.47518579657379e-07,0.76874,0.0020616325329118478,50000,1.2070065356314963
91,11,3.0,fit,1236,root,clean,optimum,0.00014019066448259443,0.0001385824780487347,7.735380045275861e-07,0.47818,0.002912688582323055,50000,0.9885285768507118
83,21,10.0,fit,1252,root,clean,optimum,6.0085464945582596e-05,6.582017047947262e-05,5.659605414486038e-07,0.75216,0.0021310741003985594,50000,1.0954424757981611
91,9,2.0,fit,1236,root,clean,optimum,0.00014175982882815832,0.00014437733004946945,7.914278688060249e-07,0.45636,0.0029800512757112625,50000,1.0184643367796675
83,25,26.0,fit,1252,root,clean,optimum,5.064732028654246e-05,6.240487273751807e-05,5.542655434030944e-07,0.76502,0.0020870376250372107,50000,1.2321455979202067
91,3,1.0,fit,1241,root,clean,optimum,0.00015022896950840625,0.000150315592686336,8.02624713444376e-07,0.434,0.0030222119987077848,50000,1.000576607682348
83,23,20.0,fit,1252,root,clean,optimum,5.211664390115419e-05,6.233582317197312e-05,5.534771493908112e-07,0.76528,0.0020840689974785023,50000,1.1960828346929036
91,5,1.4,fit,1237,root,clean,optimum,0.00014497687771509657,0.0001504005767670067,7.86318991535381e-07,0.43368,0.0029608142525687706,50000,1.0374107867226152
83,29,40.0,fit,1242,root,clean,optimum,4.933600296884012e-05,5.818753773423359e-05,5.349298936062165e-07,0.7809,0.0020142309548212356,50000,1.179413293188424
91,7,1.8,fit,1237,root,clean,optimum,0.00014261258082262892,0.00014634258691497982,7.987249489526549e-07,0.44896,0.0030075277822345144,50000,1.0261548179749302
91,1,0.6,fit,1242,root,clean,optimum,0.00016559759580826272,0.00014616730724859646,8.001240228062162e-07,0.44962,0.0030127958704412256,50000,0.882665636147498
83,27,30.0,fit,1252,root,clean,optimum,5.0883678742955693e-05,6.146473634509824e-05,5.519890751640261e-07,0.76856,0.002078465786279263,50000,1.207946002795786
83,21,10.0,fit,1253,root,clean,optimum,6.0085464945582596e-05,6.499688719797502e-05,5.650465744633826e-07,0.75526,0.0021276326389746956,50000,1.0817406049339977
83,25,26.0,fit,1253,root,clean,optimum,5.064732028654246e-05,6.227739661651201e-05,5.520256675032699e-07,0.7655,0.0020786035714793335,50000,1.2296286607893803
91,11,3.0,fit,1237,root,clean,optimum,0.00014019066448259443,0.00013897021791679486,7.747469671627512e-07,0.47672,0.0029172408236393054,50000,0.9912943806186816
91,9,2.0,fit,1237,root,clean,optimum,0.00014175982882815832,0.0001446641513217331,7.911123752964586e-07,0.45528,0.002978863312950891,50000,1.0204876269785528
91,3,1.0,fit,1242,root,clean,optimum,0.00015022896950840625,0.00015031028118129406,8.02203265626759e-07,0.43402,0.0030206250744206353,50000,1.000541251618472
83,23,20.0,fit,1253,root,clean,optimum,5.211664390115419e-05,6.238893822239233e-05,5.50798418728252e-07,0.76508,0.0020739824753292515,50000,1.1971019918458456
83,29,40.0,fit,1243,root,clean,optimum,4.933600296884012e-05,5.801225806785023e-05,5.325457718596429e-07,0.78156,0.002005253756352036,50000,1.175860519233589
91,5,1.4,fit,1238,root,clean,optimum,0.00014497687771509657,0.0001506024139585997,8.056214094703659e-07,0.43292,0.003033495791163366,50000,1.0388029893605395
91,7,1.8,fit,1238,root,clean,optimum,0.00014261258082262892,0.00014650724357127937,7.926579083359407e-07,0.44834,0.0029846828802007922,50000,1.0273093911223325
83,27,30.0,fit,1253,root,clean,optimum,5.0883678742955693e-05,6.133194871905025e-05,5.481517898716314e-07,0.76906,0.0020640168296761547,50000,1.20533637178387
91,1,0.6,fit,1243,root,clean,optimum,0.00016559759580826272,0.00014616199574355454,7.88822606060599e-07,0.44964,0.0029702413904720906,50000,0.8826335613760257
83,21,10.0,fit,1254,root,clean,optimum,6.0085464945582596e-05,6.506593676352e-05,5.635739798952457e-07,0.755,0.0021220877150538307,50000,1.0828897941032503
83,25,26.0,fit,1254,root,clean,optimum,5.064732028654246e-05,6.202244437449983e-05,5.548552189519669e-07,0.76646,0.00208925799588961,50000,1.224594786527726
91,11,3.0,fit,1238,root,clean,optimum,0.00014019066448259443,0.00013914549758317824,7.832662547635083e-07,0.47606,0.0029493194436670386,50000,0.9925446754726955
91,3,1.0,fit,1243,root,clean,optimum,0.00015022896950840625,0.00015079893964515073,8.042400256393466e-07,0.43218,0.0030282943131637523,50000,1.0037940094950366
91,9,2.0,fit,1238,root,clean,optimum,0.00014175982882815832,0.0001450306451696256,7.945250480894551e-07,0.4539,0.0029917134289389686,50000,1.023072942232684
83,23,20.0,fit,1254,root,clean,optimum,5.211664390115419e-05,6.182060718290687e-05,5.526681478032544e-07,0.76722,0.002081022773927279,50000,1.1861970103093644
83,29,40.0,fit,1244,root,clean,optimum,4.933600296884012e-05,5.765638723004159e-05,5.335087268110928e-07,0.7829,0.002008879677607311,50000,1.1686473115071057
91,5,1.4,fit,1239,root,clean,optimum,0.00014497687771509657,0.00014929578371828734,8.068327658448091e-07,0.43784,0.0030380570458920456,50000,1.0297903091255567
91,7,1.8,fit,1239,root,clean,optimum,0.00014261258082262892,0.00014552461513852417,7.900051527336501e-07,0.45204,0.0029746941648315915,50000,1.0204191965329974
83,27,30.0,fit,1254,root,clean,optimum,5.0883678742955693e-05,6.0960143366115826e-05,5.49856817007892e-07,0.77046,0.002070436957767172,50000,1.1980294049505043
83,25,26.0,fit,1255,root,clean,optimum,5.064732028654246e-05,6.268107099969792e-05,5.51337898062025e-07,0.76398,0.002076013836796539,50000,1.2375989617036651
91,1,0.6,fit,1244,root,clean,optimum,0.00016559759580826272,0.00014579550189566207,7.937472515376043e-07,0.45102,0.0029887847051753187,50000,0.8804204021444338
83,21,10.0,fit,1255,root,clean,optimum,6.0085464945582596e-05,6.546961114670591e-05,5.658827678302191e-07,0.75348,0.00213078125075323,50000,1.0896081307850336
91,3,1.0,fit,1244,root,clean,optimum,0.00015022896950840625,0.00014967290057626365,7.992699489210241e-07,0.43642,0.003009579931160545,50000,0.9962985239533878
91,11,3.0,fit,1239,root,clean,optimum,0.00014019066448259443,0.00013894897189662718,7.861789540212939e-07,0.4768,0.002960286953759932,50000,0.9911428297272861
83,23,20.0,fit,1255,root,clean,optimum,5.211664390115419e-05,6.234644618205695e-05,5.525694981753013e-07,0.76524,0.0020806513175239644,50000,1.1962866661234917
91,9,2.0,fit,1239,root,clean,optimum,0.00014175982882815832,0.0001437665069696486,8.014045004078864e-07,0.45866,0.0030176173950055975,50000,1.0141554780227817
83,29,40.0,fit,1245,root,clean,optimum,4.933600296884012e-05,5.793258549222144e-05,5.329641323667889e-07,0.78186,0.0020068290556460935,50000,1.1742456219813913
83,27,30.0,fit,1255,root,clean,optimum,5.0883678742955693e-05,6.144880182997248e-05,5.493610659834782e-07,0.76862,0.0020685702513609794,50000,1.2076328470743563
91,5,1.4,fit,1240,root,clean,optimum,0.00014497687771509657,0.00015027310064600062,8.071218263680425e-07,0.43416,0.003039145477592485,50000,1.0365315008460314
83,25,26.0,fit,1256,root,clean,optimum,5.064732028654246e-05,6.410455435093249e-05,5.61527638074847e-07,0.75862,0.002114382396865301,50000,1.2657047596645654
83,21,10.0,fit,1256,root,clean,optimum,6.0085464945582596e-05,6.651066613492223e-05,5.661716502879838e-07,0.74956,0.0021318690119639778,50000,1.1069343674906855
91,1,0.6,fit,1245,root,clean,optimum,0.00016559759580826272,0.000145535238148608,7.867698759777748e-07,0.452,0.0029625120178493653,50000,0.8788487383422889
91,7,1.8,fit,1240,root,clean,optimum,0.00014261258082262892,0.00014732521534773505,7.909079431822508e-07,0.44526,0.002978093542000494,50000,1.0330450125642656
91,3,1.0,fit,1245,root,clean,optimum,0.00015022896950840625,0.00014922142264770045,7.964833160304162e-07,0.43812,0.0029990871127649494,50000,0.9932932585239531
83,23,20.0,fit,1256,root,clean,optimum,5.211664390115419e-05,6.387084812908801e-05,5.578501760482615e-07,0.7595,0.0021005352405600282,50000,1.2255364764129315
91,11,3.0,fit,1240,root,clean,optimum,0.00014019066448259443,0.00013942169584535807,7.905178300274372e-07,0.47502,0.002976624605600228,50000,0.9945148370608383
83,29,40.0,fit,1246,root,clean,optimum,4.933600296884012e-05,5.888334489472512e-05,5.367627730568042e-07,0.77828,0.002021132499434757,50000,1.1935167291909512
91,9,2.0,fit,1240,root,clean,optimum,0.00014175982882815832,0.0001455299266435661,8.06883908571131e-07,0.45202,0.003038249619281013,50000,1.0265949659122253
83,25,26.0,fit,1257,root,clean,optimum,5.064732028654246e-05,6.347779675598592e-05,5.546830372424371e-07,0.76098,0.0020886096609707087,50000,1.253329818771333
83,27,30.0,fit,1256,root,clean,optimum,5.0883678742955693e-05,6.314317193834495e-05,5.56225427640171e-07,0.76224,0.002094417394882513,50000,1.2409317387864072
83,21,10.0,fit,1257,root,clean,optimum,6.0085464945582596e-05,6.57351863988019e-05,5.652636088261626e-07,0.75248,0.0021284498625716505,50000,1.094028089128312
91,1,0.6,fit,1246,root,clean,optimum,0.00016559759580826272,0.00014737301889311235,7.94852802142278e-07,0.44508,0.0029929475576849123,50000,0.8899466092717209
91,5,1.4,fit,1241,root,clean,optimum,0.00014497687771509657,0.00014980037669726977,8.017732169821486e-07,0.43594,0.003019005764484125,50000,1.0332708157203672
91,7,1.8,fit,1241,root,clean,optimum,0.00014261258082262892,0.00014663471969228545,7.991581479857411e-07,0.44786,0.003009158954678736,50000,1.0282032542041923
91,3,1.0,fit,1246,root,clean,optimum,0.00015022896950840625,0.00015123448305858817,7.989736938412455e-07,0.43054,0.0030084644089970886,50000,1.0066932067328442
83,23,20.0,fit,1257,root,clean,optimum,5.211664390115419e-05,6.330782859464449e-05,5.552356408712254e-07,0.76162,0.0020906904408040214,50000,1.2147334105917447
91,11,3.0,fit,1241,root,clean,optimum,0.00014019066448259443,0.00013919861263359746,7.862256405815175e-07,0.47586,0.002960462747851645,50000,0.9929235527011847
83,29,40.0,fit,1247,root,clean,optimum,4.933600296884012e-05,5.759264916953857e-05,5.323877289932572e-07,0.78314,0.0020046586599899376,50000,1.1673553937053478
91,9,2.0,fit,1241,root,clean,optimum,0.00014175982882815832,0.0001446588398166912,8.012362019756684e-07,0.4553,0.00301698368222216,50000,1.0204501586415362
83,25,26.0,fit,1258,root,clean,optimum,5.064732028654246e-05,6.230395414172161e-05,5.559555308817365e-07,0.7654,0.002093401122634612,50000,1.2301530226916357
83,27,30.0,fit,1257,root,clean,optimum,5.0883678742955693e-05,6.23570691921408e-05,5.513846847897285e-07,0.7652,0.0020761900080599914,50000,1.2254827231958632
83,21,10.0,fit,1258,root,clean,optimum,6.0085464945582596e-05,6.527308546015487e-05,5.640126506468305e-07,0.75422,0.0021237394907675793,50000,1.0863373616110075
91,1,0.6,fit,1247,root,clean,optimum,0.00016559759580826272,0.00014626822584439295,7.846876931354488e-07,0.44924,0.0029546717434793222,50000,0.8832750568054727
91,5,1.4,fit,1242,root,clean,optimum,0.00014497687771509657,0.00014983224572752128,8.062942191949968e-07,0.43582,0.0030360291963632893,50000,1.0334906371895132
91,7,1.8,fit,1242,root,clean,optimum,0.00014261258082262892,0.00014645412852086018,8.029855213935597e-07,0.44854,0.0030235705889617194,50000,1.0269369481715578
91,3,1.0,fit,1247,root,clean,optimum,0.00015022896950840625,0.00015097421931153408,8.113250566314504e-07,0.43152,0.003054972367448504,50000,1.0049607596029348
83,23,20.0,fit,1258,root,clean,optimum,5.211664390115419e-05,6.228801962659582e-05,5.565316553916414e-07,0.76546,0.0020955704682545746,50000,1.1951655932552552
91,11,3.0,fit,1242,root,clean,optimum,0.00014019066448259443,0.00013885336480587264,7.889368126661621e-07,0.47716,0.0029706714252914564,50000,0.9904608507160059
83,29,40.0,fit,1248,root,clean,optimum,4.933600296884012e-05,5.7709502280460814e-05,5.36306716310003e-07,0.7827,0.0020194152583017755,50000,1.1697239096752379
83,25,26.0,fit,1259,root,clean,optimum,5.064732028654246e-05,6.309005688792576e-05,5.562277318173311e-07,0.76244,0.00209442607105675,50000,1.2456741349984013
83,27,30.0,fit,1258,root,clean,optimum,5.0883678742955693e-05,6.115135754762497e-05,5.503076333465719e-07,0.76974,0.002072134466609287,50000,1.201787273607664
83,21,10.0,fit,1259,root,clean,optimum,6.0085464945582596e-05,6.562364479292159e-05,5.660973457137579e-07,0.7529,0.002131589224696002,50000,1.0921717066241352
91,9,2.0,fit,1242,root,clean,optimum,0.00014175982882815832,0.00014438795305955326,7.935663643023048e-07,0.45632,0.0029881035903731226,50000,1.0185392734537
91,1,0.6,fit,1248,root,clean,optimum,0.00016559759580826272,0.00014563615674440447,7.868367678739082e-07,0.45162,0.0029627638933370304,50000,0.8794581590002635
91,5,1.4,fit,1243,root,clean,optimum,0.00014497687771509657,0.00015079893964515073,7.980434673268971e-07,0.43218,0.0030049617237618994,50000,1.0401585550869392
83,23,20.0,fit,1259,root,clean,optimum,5.211664390115419e-05,6.301569581733889e-05,5.556351873440503e-07,0.76272,0.0020921948975245615,50000,1.2091280462505631
91,7,1.8,fit,1243,root,clean,optimum,0.00014261258082262892,0.00014719242772168704,7.973211699090659e-07,0.44576,0.003002241977053083,50000,1.0321139051873285
91,3,1.0,fit,1248,root,clean,optimum,0.00015022896950840625,0.00015041119977709055,7.974354178962033e-07,0.43364,0.0030026721676910876,50000,1.0012130168321103
83,29,40.0,fit,1249,root,clean,optimum,4.933600296884012e-05,5.762451819979007e-05,5.326138238203471e-07,0.78302,0.002005509999959703,50000,1.1680013526062265
91,11,3.0,fit,1243,root,clean,optimum,0.00014019066448259443,0.00013942169584535807,7.878934011301391e-07,0.47502,0.0029667425519202062,50000,0.9945148370608383
83,25,26.0,fit,1260,root,clean,optimum,5.064732028654246e-05,6.26226444442368e-05,5.546943209591434e-07,0.7642,0.0020886521488027534,50000,1.2364453655187027
83,27,30.0,fit,1259,root,clean,optimum,5.0883678742955693e-05,6.147004785014016e-05,5.517230495976606e-07,0.76854,0.002077464090660918,50000,1.2080503880362627
83,21,10.0,fit,1260,root,clean,optimum,6.0085464945582596e-05,6.585203950972415e-05,5.650275084045009e-07,0.75204,0.0021275608474251024,50000,1.0959728707993548
91,1,0.6,fit,1249,root,clean,optimum,0.00016559759580826272,0.00014494034958391296,7.895058744761195e-07,0.45424,0.002972814176942697,50000,0.875256363937386
91,9,2.0,fit,1243,root,clean,optimum,0.00014175982882815832,0.00014524841687634435,7.935153981310428e-07,0.45308,0.0029879116817865367,50000,1.0246091440503564
83,23,20.0,fit,1260,root,clean,optimum,5.211664390115419e-05,6.287759668624895e-05,5.565347773742307e-07,0.76324,0.0020955822238024457,50000,1.2064782376529133
91,5,1.4,fit,1244,root,clean,optimum,0.00014497687771509657,0.00014999159087877888,8.149551404605514e-07,0.43522,0.0030686411253634505,50000,1.0345897445352428
91,3,1.0,fit,1249,root,clean,optimum,0.00015022896950840625,0.00015016155904012032,8.077391331051332e-07,0.43458,0.0030414698912274857,50000,0.9995512818299526
91,7,1.8,fit,1244,root,clean,optimum,0.00014261258082262892,0.00014620448778388992,8.039290101085557e-07,0.44948,0.003027123211834331,50000,1.0251864663029158
83,25,26.0,fit,1261,root,clean,optimum,5.064732028654246e-05,6.224021608121857e-05,5.55536688141408e-07,0.76564,0.00209182400753438,50000,1.2288945541262222
83,29,40.0,fit,1250,root,clean,optimum,4.933600296884012e-05,5.781042087625727e-05,5.360609646523097e-07,0.78232,0.0020184899022840227,50000,1.171769446194688
83,27,30.0,fit,1260,root,clean,optimum,5.0883678742955693e-05,6.175686912240383e-05,5.515762448366473e-07,0.76746,0.0020769113103854416,50000,1.2136871910220017
83,21,10.0,fit,1261,root,clean,optimum,6.0085464945582596e-05,6.55705297425024e-05,5.651017622641783e-07,0.7531,0.0021278404437319546,50000,1.0912877149554796
91,11,3.0,fit,1244,root,clean,optimum,0.00014019066448259443,0.00013865152761427968,7.885482814106723e-07,0.47792,0.002969208445392451,50000,0.9890211172477477
91,1,0.6,fit,1250,root,clean,optimum,0.00016559759580826272,0.0001464700630359859,7.7941333692536e-07,0.44848,0.0029348116241027537,50000,0.8844938981214218
83,23,20.0,fit,1261,root,clean,optimum,5.211664390115419e-05,6.231457715180543e-05,5.535690602376598e-07,0.76536,0.0020844150796007,50000,1.1956751718317264
91,9,2.0,fit,1244,root,clean,optimum,0.00014175982882815832,0.00014387273707048702,8.038688431993027e-07,0.45826,0.0030268966586868592,50000,1.0149048447631097
91,5,1.4,fit,1245,root,clean,optimum,0.00014497687771509657,0.00014994909883844353,8.05052795731082e-07,0.43538,0.003031354726682409,50000,1.0342966492430483
91,7,1.8,fit,1245,root,clean,optimum,0.00014261258082262892,0.00014594953554187778,7.898629198430709e-07,0.45044,0.002974158599527759,50000,1.0233987401391966
91,3,1.0,fit,1250,root,clean,optimum,0.00015022896950840625,0.00015065552900901888,7.981224596896928e-07,0.43272,0.003005259162480953,50000,1.0028393957703927
83,25,26.0,fit,1262,root,clean,optimum,5.064732028654246e-05,6.344061622069248e-05,5.592782537511494e-07,0.76112,0.0021059125401827043,50000,1.2525957121081752
83,27,30.0,fit,1261,root,clean,optimum,5.0883678742955693e-05,6.158158945602047e-05,5.506627215929458e-07,0.76812,0.002073471519830818,50000,1.2102424780862722
83,21,10.0,fit,1262,root,clean,optimum,6.0085464945582596e-05,6.592108907526911e-05,5.651739469230139e-07,0.75178,0.0021281122486470055,50000,1.0971220599686071
83,29,40.0,fit,1251,root,clean,optimum,4.933600296884012e-05,5.8384063420784644e-05,5.347882661011051e-07,0.78016,0.002013697669042559,50000,1.183396706410512
91,11,3.0,fit,1245,root,clean,optimum,0.00014019066448259443,0.00013912956306805249,7.877348428585595e-07,0.47612,0.002966145514845674,50000,0.9924310123041489
83,23,20.0,fit,1262,root,clean,optimum,5.211664390115419e-05,6.333438611985408e-05,5.567416317649543e-07,0.76152,0.0020963611156197028,50000,1.2152429891682157
91,1,0.6,fit,1251,root,clean,optimum,0.00016559759580826272,0.0001473199038426931,7.822907072374659e-07,0.44528,0.0029456461061917166,50000,0.8896258615569972
91,9,2.0,fit,1245,root,clean,optimum,0.00014175982882815832,0.00014449949466543361,7.894200862394615e-07,0.4559,0.002972491148964823,50000,1.0193261085310446
91,5,1.4,fit,1246,root,clean,optimum,0.00014497687771509657,0.00015113887596783358,7.966671601414443e-07,0.4309,0.0029997793614198113,50000,1.0425033174244955
91,3,1.0,fit,1251,root,clean,optimum,0.00015022896950840625,0.00015082549717036032,8.063257649377663e-07,0.43208,0.0030361479790530182,50000,1.0039707898144152
91,7,1.8,fit,1246,root,clean,optimum,0.00014261258082262892,0.00014708088611580672,7.966795966813056e-07,0.44618,0.002999826190104951,50000,1.0313317749907012
83,25,26.0,fit,1263,root,clean,optimum,5.064732028654246e-05,6.290946571650047e-05,5.535100284378529e-07,0.76312,0.002084192800606927,50000,1.242108474063063
83,21,10.0,fit,1263,root,clean,optimum,6.0085464945582596e-05,6.552272619712513e-05,5.642283200613773e-07,0.75328,0.0021245515747733167,50000,1.0904921224536894
83,27,30.0,fit,1262,root,clean,optimum,5.0883678742955693e-05,6.241549574760192e-05,5.54355860297331e-07,0.76498,0.0020873777052725635,50000,1.2266309608411063
83,29,40.0,fit,1252,root,clean,optimum,4.933600296884012e-05,5.781042087625727e-05,5.370183589882164e-07,0.78232,0.002022094885535853,50000,1.171769446194688
91,11,3.0,fit,1246,root,clean,optimum,0.00014019066448259443,0.00013960759852182526,7.840356352909153e-07,0.47432,0.0029522164776388973,50000,0.99584090736055
83,23,20.0,fit,1263,root,clean,optimum,5.211664390115419e-05,6.258015240390143e-05,5.53063663704375e-07,0.76436,0.0020825120538884166,50000,1.2007709575964371
91,1,0.6,fit,1252,root,clean,optimum,0.00016559759580826272,0.00014739957641832194,7.972518421021347e-07,0.44498,0.0030019809293598807,50000,0.8901069831290827
91,9,2.0,fit,1246,root,clean,optimum,0.00014175982882815832,0.00014496690710912255,7.964116978128399e-07,0.45414,0.0029988174407340994,50000,1.0226233221884873
91,3,1.0,fit,1252,root,clean,optimum,0.00015022896950840625,0.00015150536981572608,8.011340196741542e-07,0.42952,0.0030165989238506333,50000,1.0084963659905049
83,25,26.0,fit,1264,root,clean,optimum,5.064732028654246e-05,6.250579133331456e-05,5.542292663888829e-07,0.76464,0.0020869010271655146,50000,1.2341381731487782
91,5,1.4,fit,1247,root,clean,optimum,0.00014497687771509657,0.00015094235028128254,8.107793273864045e-07,0.43164,0.0030529174724959855,50000,1.0411477516980956
83,21,10.0,fit,1264,root,clean,optimum,6.0085464945582596e-05,6.536869255090944e-05,5.639156478025245e-07,0.75386,0.002123374235181675,50000,1.087928546614588
83,27,30.0,fit,1263,root,clean,optimum,5.0883678742955693e-05,6.128945667871488e-05,5.509527104258012e-07,0.76922,0.002074563446998605,50000,1.2045012898600567
91,7,1.8,fit,1247,root,clean,optimum,0.00014261258082262892,0.00014664003119732735,8.080205284065005e-07,0.44784,0.0030425294602164877,50000,1.0282404984992697
83,29,40.0,fit,1253,root,clean,optimum,4.933600296884012e-05,5.762451819979007e-05,5.342875749652418e-07,0.78302,0.002011812361085919,50000,1.1680013526062265
91,11,3.0,fit,1247,root,clean,optimum,0.00014019066448259443,0.00013920392413863935,7.822082659274944e-07,0.47584,0.002945335680768712,50000,0.9929614404240334
83,23,20.0,fit,1264,root,clean,optimum,5.211664390115419e-05,6.265451347448832e-05,5.563831164132675e-07,0.76408,0.002095011157937813,50000,1.2021977776105564
91,1,0.6,fit,1253,root,clean,optimum,0.00016559759580826272,0.00014613543821834495,7.942059040137247e-07,0.44974,0.0029905117202962705,50000,0.882473187518664
83,25,26.0,fit,1265,root,clean,optimum,5.064732028654246e-05,6.263326745432065e-05,5.55328237934632e-07,0.76416,0.0020910391068136584,50000,1.2366551102796053
91,3,1.0,fit,1253,root,clean,optimum,0.00015022896950840625,0.00015058647944347393,7.972385626606127e-07,0.43298,0.0030019309268034785,50000,1.0023797669400087
91,9,2.0,fit,1247,root,clean,optimum,0.00014175982882815832,0.000144605724766272,7.974282138763201e-07,0.4555,0.0030026450415947125,50000,1.0200754752713723
83,21,10.0,fit,1265,root,clean,optimum,6.0085464945582596e-05,6.508187127864574e-05,5.678671914897318e-07,0.75494,0.0021382534216119638,50000,1.0831549916038468
83,27,30.0,fit,1264,root,clean,optimum,5.0883678742955693e-05,6.15072283854336e-05,5.499649409056378e-07,0.7684,0.0020708440886910533,50000,1.2087810847195994
91,5,1.4,fit,1248,root,clean,optimum,0.00014497687771509657,0.00014932765274853888,8.011217826810422e-07,0.43772,0.0030165528465410365,50000,1.030010130594703
91,7,1.8,fit,1248,root,clean,optimum,0.00014261258082262892,0.0001465709816317824,7.993258101869117e-07,0.4481,0.003009790271790731,50000,1.0277563226632624
83,29,40.0,fit,1254,root,clean,optimum,4.933600296884012e-05,5.7114613715765764e-05,5.340293769092329e-07,0.78494,0.002010840139261893,50000,1.1576660101921612
83,23,20.0,fit,1265,root,clean,optimum,5.211664390115419e-05,6.203837888962561e-05,5.540815954849139e-07,0.7664,0.002086344985505746,50000,1.1903755546364276
91,11,3.0,fit,1248,root,clean,optimum,0.00014019066448259443,0.00013891179136133377,7.853271775505592e-07,0.47694,0.0029570796651891326,50000,0.990877615667344
91,1,0.6,fit,1254,root,clean,optimum,0.00016559759580826272,0.00014654973561161472,7.916694645745494e-07,0.44818,0.0029809609830978422,50000,0.884975019693507
83,25,26.0,fit,1266,root,clean,optimum,5.064732028654246e-05,6.299444979717119e-05,5.54224306308499e-07,0.7628,0.00208688235042382,50000,1.243786432150281
91,3,1.0,fit,1254,root,clean,optimum,0.00015022896950840625,0.0001511070069375821,7.904310506216588e-07,0.43102,0.0029762978454631545,50000,1.0058446611998273
83,27,30.0,fit,1265,root,clean,optimum,5.0883678742955693e-05,6.120447259804416e-05,5.502767510986532e-07,0.76954,0.0020720181822504284,50000,1.2028311260124303
83,21,10.0,fit,1266,root,clean,optimum,6.0085464945582596e-05,6.563426780300544e-05,5.641979824388876e-07,0.75286,0.002124437341153089,50000,1.0923485049578665
91,9,2.0,fit,1248,root,clean,optimum,0.00014175982882815832,0.00014410644329233152,7.906283383351165e-07,0.45738,0.002977040714807721,50000,1.0165534515918313
91,5,1.4,fit,1249,root,clean,optimum,0.00014497687771509657,0.0001498375572325632,7.946827858414318e-07,0.4358,0.002992307376419887,50000,1.0335272741010375
83,29,40.0,fit,1255,root,clean,optimum,4.933600296884012e-05,5.785822442163457e-05,5.331328383810644e-07,0.78214,0.0020074643031435316,50000,1.1727383845460069
91,7,1.8,fit,1249,root,clean,optimum,0.00014261258082262892,0.00014621511079397374,7.944867462672635e-07,0.44944,0.002991569206832845,50000,1.0252609548930707
83,23,20.0,fit,1266,root,clean,optimum,5.211664390115419e-05,6.293071173666815e-05,5.56772709674859e-07,0.76304,0.0020964781367263734,50000,1.2074973948058552
91,11,3.0,fit,1249,root,clean,optimum,0.00014019066448259443,0.0001386621506243635,7.83259709563117e-07,0.47788,0.002949294798296886,50000,0.9890968926934453
91,1,0.6,fit,1255,root,clean,optimum,0.00016559759580826272,0.0001468312453788365,7.939319431439914e-07,0.44712,0.002989480144998606,50000,0.8866749825815414
83,25,26.0,fit,1267,root,clean,optimum,5.064732028654246e-05,6.28882196963328e-05,5.559285031170106e-07,0.7632,0.0020932993519895216,50000,1.2416889845412589
83,27,30.0,fit,1266,root,clean,optimum,5.0883678742955693e-05,6.200119835433216e-05,5.525430190374559e-07,0.76654,0.0020805516126846148,50000,1.2184889120839277
83,21,10.0,fit,1267,root,clean,optimum,6.0085464945582596e-05,6.569269435846656e-05,5.636171197949339e-07,0.75264,0.002122250154510624,50000,1.0933208957933878
91,3,1.0,fit,1255,root,clean,optimum,0.00015022896950840625,0.00015101139984682752,7.981108369915298e-07,0.43138,0.003005215398244371,50000,1.0052082520500647
91,5,1.4,fit,1250,root,clean,optimum,0.00014497687771509657,0.00014969414659643136,8.011064695226382e-07,0.43634,0.003016495186204529,50000,1.032538077489881
91,9,2.0,fit,1249,root,clean,optimum,0.00014175982882815832,0.00014468539734190078,7.865273564044327e-07,0.4552,0.0029615988319578786,50000,1.0206375003266182
83,29,40.0,fit,1256,root,clean,optimum,4.933600296884012e-05,5.9085182086318084e-05,5.38776187691785e-07,0.77752,0.0020287138332340865,50000,1.1976078022298522
83,23,20.0,fit,1267,root,clean,optimum,5.211664390115419e-05,6.301038431229696e-05,5.522662249818937e-07,0.76274,0.0020795093692776044,50000,1.2090261305352688
91,7,1.8,fit,1250,root,clean,optimum,0.00014261258082262892,0.00014682062236875262,7.938838000908211e-07,0.44716,0.0029892988666121965,50000,1.0295068045319042
91,1,0.6,fit,1256,root,clean,optimum,0.00016559759580826272,0.0001467250152779981,7.856944779310819e-07,0.44752,0.002958462702116045,50000,0.8860334871520946
91,11,3.0,fit,1250,root,clean,optimum,0.00014019066448259443,0.00013877900373528577,7.854083737996171e-07,0.47744,0.0029573854024459636,50000,0.9899304225961214
83,25,26.0,fit,1268,root,clean,optimum,5.064732028654246e-05,6.319628698876414e-05,5.559722720574414e-07,0.76204,0.0020934641600433043,50000,1.2477715826074234
83,27,30.0,fit,1267,root,clean,optimum,5.0883678742955693e-05,6.200119835433216e-05,5.501574716240429e-07,0.76654,0.0020715690459936842,50000,1.2184889120839277
83,21,10.0,fit,1268,root,clean,optimum,6.0085464945582596e-05,6.612292626686207e-05,5.699312852007017e-07,0.75102,0.0021460255829661543,50000,1.100481228309499
91,3,1.0,fit,1256,root,clean,optimum,0.00015022896950840625,0.00015054398740313853,7.898097786782077e-07,0.43314,0.002973958501196142,50000,1.0020969184290027
91,5,1.4,fit,1251,root,clean,optimum,0.00014497687771509657,0.0001510804494123725,8.049225387569646e-07,0.43112,0.003030864255627259,50000,1.042100311397728
83,29,40.0,fit,1257,root,clean,optimum,4.933600296884012e-05,5.862308114767105e-05,5.381922936554895e-07,0.77926,0.002026515232153273,50000,1.1882413981671054
91,9,2.0,fit,1250,root,clean,optimum,0.00014175982882815832,0.0001449828416242483,7.907986488389932e-07,0.45408,0.0029776820038681004,50000,1.0227357271995363
83,23,20.0,fit,1268,root,clean,optimum,5.211664390115419e-05,6.31537949484288e-05,5.554395966721971e-07,0.7622,0.0020914584182392757,50000,1.2117778548482125
91,1,0.6,fit,1257,root,clean,optimum,0.00016559759580826272,0.000146597539156992,7.861896365985141e-07,0.448,0.002960327178054688,50000,0.8852636926367581
91,7,1.8,fit,1251,root,clean,optimum,0.00014261258082262892,0.0001476917091956275,7.893249487039251e-07,0.44388,0.00297213291703325,50000,1.035614868924612
91,11,3.0,fit,1251,root,clean,optimum,0.00014019066448259443,0.00013970320561257986,7.910974264635742e-07,0.47396,0.0029788070244497356,50000,0.9965228863718304
83,25,26.0,fit,1269,root,clean,optimum,5.064732028654246e-05,6.319628698876414e-05,5.522661419962588e-07,0.76204,0.002079509056802574,50000,1.2477715826074234
83,27,30.0,fit,1268,root,clean,optimum,5.0883678742955693e-05,6.197464082912255e-05,5.52539531122102e-07,0.76664,0.0020805384792494533,50000,1.2179669858815443
83,21,10.0,fit,1269,root,clean,optimum,6.0085464945582596e-05,6.582548198451454e-05,5.655547652128276e-07,0.75214,0.002129546186059502,50000,1.0955308749650268
91,3,1.0,fit,1257,root,clean,optimum,0.00015022896950840625,0.00015094235028128254,7.989307977724809e-07,0.43164,0.00300830288766396,50000,1.0047486232196805
83,29,40.0,fit,1258,root,clean,optimum,4.933600296884012e-05,5.718897478635263e-05,5.33782989054402e-07,0.78466,0.002009912387700381,50000,1.1591732476275456
83,23,20.0,fit,1269,root,clean,optimum,5.211664390115419e-05,6.335563214002176e-05,5.540915096500134e-07,0.76144,0.0020863823164129795,50000,1.2156506520293926
91,5,1.4,fit,1252,root,clean,optimum,0.00014497687771509657,0.00015160628841152254,8.01921126514394e-07,0.42914,0.003019562704677452,50000,1.0457273656386354
91,9,2.0,fit,1251,root,clean,optimum,0.00014175982882815832,0.00014637976745027328,8.016070857157293e-07,0.44882,0.0030183802119708235,50000,1.0325898998348486
91,1,0.6,fit,1258,root,clean,optimum,0.00016559759580826272,0.00014653380109648896,7.906350274498315e-07,0.44824,0.0029770659020744643,50000,0.8848787953790901
91,7,1.8,fit,1252,root,clean,optimum,0.00014261258082262892,0.00014782449682167553,7.941265160290023e-07,0.44338,0.0029902127918980262,50000,1.0365459763015494
91,11,3.0,fit,1252,root,clean,optimum,0.00014019066448259443,0.00014036714374281983,7.844404083449175e-07,0.47146,0.0029537406145861756,50000,1.001258851727943
83,25,26.0,fit,1270,root,clean,optimum,5.064732028654246e-05,6.293071173666815e-05,5.54828921492761e-07,0.76304,0.0020891589751450253,50000,1.2425279635848674
83,27,30.0,fit,1269,root,clean,optimum,5.0883678742955693e-05,6.212867447533825e-05,5.483784892781364e-07,0.76606,0.0020648704461359558,50000,1.2209941578553674
83,21,10.0,fit,1270,root,clean,optimum,6.0085464945582596e-05,6.60220076710656e-05,5.661451664519775e-07,0.7514,0.002131769289434121,50000,1.0988016441390531
91,3,1.0,fit,1258,root,clean,optimum,0.00015022896950840625,0.00015053867589809663,8.075746894329323e-07,0.43316,0.003040850693200173,50000,1.0020615623651272
83,23,20.0,fit,1270,root,clean,optimum,5.211664390115419e-05,6.327595956439297e-05,5.555185325915865e-07,0.76174,0.002091755644425701,50000,1.2141219162999797
83,29,40.0,fit,1259,root,clean,optimum,4.933600296884012e-05,5.8006946562808305e-05,5.356010716190415e-07,0.78158,0.0020167582159554263,50000,1.1757528594167757
91,5,1.4,fit,1253,root,clean,optimum,0.00014497687771509657,0.00015072989007960578,8.068232330098093e-07,0.43244,0.0030380211508493995,50000,1.039682275237123
91,9,2.0,fit,1252,root,clean,optimum,0.00014175982882815832,0.0001462841603595187,7.949607931500377e-07,0.44918,0.0029933541882233654,50000,1.0319154697685533
91,1,0.6,fit,1259,root,clean,optimum,0.00016559759580826272,0.00014622042229901568,8.074940170448443e-07,0.44942,0.0030405469284952493,50000,0.8829863838622216
91,7,1.8,fit,1253,root,clean,optimum,0.00014261258082262892,0.00014749518350907646,8.028206326590725e-07,0.44462,0.0030229497150919367,50000,1.034236830006745
91,11,3.0,fit,1253,root,clean,optimum,0.00014019066448259443,0.00013936858079493887,7.896616683199687e-07,0.47522,0.0029734008048103904,50000,0.9941359598323494
83,27,30.0,fit,1270,root,clean,optimum,5.0883678742955693e-05,6.16878195568589e-05,5.499794623505063e-07,0.76772,0.0020708987679006327,50000,1.2123301828958057
83,25,26.0,fit,1271,root,clean,optimum,5.064732028654246e-05,6.217647802071552e-05,5.508272487533377e-07,0.76588,0.0020740910322254915,50000,1.2276360855608088
83,21,10.0,fit,1271,root,clean,optimum,6.0085464945582596e-05,6.507124826856192e-05,5.643462676818964e-07,0.75498,0.002124995696051893,50000,1.082978193270116
91,3,1.0,fit,1259,root,clean,optimum,0.00015022896950840625,0.00014994378733340158,7.926604509131814e-07,0.4354,0.0029846924540493365,50000,0.9981016832110486
83,23,20.0,fit,1271,root,clean,optimum,5.211664390115419e-05,6.199588684929023e-05,5.493138483527117e-07,0.76656,0.002068392457570354,50000,1.1895602289140734
83,29,40.0,fit,1260,root,clean,optimum,4.933600296884012e-05,5.815566870398207e-05,5.394392740719456e-07,0.78102,0.00203121062604489,50000,1.1787673342875449
91,5,1.4,fit,1254,root,clean,optimum,0.00014497687771509657,0.00015117074499808512,7.934398552854031e-07,0.43078,0.002987627231917645,50000,1.0427231388936415
91,1,0.6,fit,1260,root,clean,optimum,0.00016559759580826272,0.0001459176665116262,7.850161070575637e-07,0.45056,0.002955908356904417,50000,0.8811581218882977
91,9,2.0,fit,1253,root,clean,optimum,0.00014175982882815832,0.00014521123634105089,7.858739356210531e-07,0.45322,0.002959138434092405,50000,1.0243468656912416
91,7,1.8,fit,1254,root,clean,optimum,0.00014261258082262892,0.0001467887533385011,7.89795643696444e-07,0.44728,0.002973905277179024,50000,1.0292833387614393
83,27,30.0,fit,1271,root,clean,optimum,5.0883678742955693e-05,6.1023881426618876e-05,5.463834632814092e-07,0.77022,0.002057358353119073,50000,1.1992820278362242
83,25,26.0,fit,1272,root,clean,optimum,5.064732028654246e-05,6.266513648457215e-05,5.533124373025527e-07,0.76404,0.002083448788754389,50000,1.2372843445623116
91,11,3.0,fit,1254,root,clean,optimum,0.00014019066448259443,0.0001391401860781363,7.767821358481305e-07,0.47608,0.002924904070381301,50000,0.9925067877498465
83,21,10.0,fit,1272,root,clean,optimum,6.0085464945582596e-05,6.524652793494528e-05,5.652493175838027e-07,0.75432,0.0021283960501691504,50000,1.0858953657766797
91,3,1.0,fit,1260,root,clean,optimum,0.00015022896950840625,0.00015010844398970113,7.996760186179659e-07,0.43478,0.0030111089505015305,50000,0.9991977211911955
83,23,20.0,fit,1272,root,clean,optimum,5.211664390115419e-05,6.239956123247614e-05,5.496196517951348e-07,0.76504,0.0020695439332444224,50000,1.1973058232764335
83,29,40.0,fit,1261,root,clean,optimum,4.933600296884012e-05,5.785822442163457e-05,5.353566332957669e-07,0.78214,0.002015837805181661,50000,1.1727383845460069
91,5,1.4,fit,1255,root,clean,optimum,0.00014497687771509657,0.00015075113609977343,8.064615676425093e-07,0.43236,0.00303665933206378,50000,1.0398288228832202
91,1,0.6,fit,1261,root,clean,optimum,0.00016559759580826272,0.00014633727540993793,7.871178569765706e-07,0.44898,0.002963822309362032,50000,0.8836920288346133
91,9,2.0,fit,1254,root,clean,optimum,0.00014175982882815832,0.00014545556557297922,7.854856269686077e-07,0.4523,0.002957676292385372,50000,1.0260704091939958
83,27,30.0,fit,1272,root,clean,optimum,5.0883678742955693e-05,6.133726022409218e-05,5.472453580815188e-07,0.76904,0.002060603741359533,50000,1.2054407570243468
83,25,26.0,fit,1273,root,clean,optimum,5.064732028654246e-05,6.151785139551743e-05,5.491235428129352e-07,0.76836,0.0020676758789800126,50000,1.2146319103848697
91,7,1.8,fit,1255,root,clean,optimum,0.00014261258082262892,0.00014743675695361535,7.968352706659313e-07,0.44484,0.003000412366653395,50000,1.0338271427608927
83,21,10.0,fit,1273,root,clean,optimum,6.0085464945582596e-05,6.436481809798657e-05,5.628678013887224e-07,0.75764,0.002119428662672444,50000,1.071221104076995
91,11,3.0,fit,1255,root,clean,optimum,0.00014019066448259443,0.00013958104099661567,7.772974175593754e-07,0.47442,0.0029268443178523213,50000,0.9956514687463055
91,3,1.0,fit,1261,root,clean,optimum,0.00015022896950840625,0.00015028372365608446,7.981633213443177e-07,0.43412,0.0030054130234085145,50000,1.0003644712990936
83,23,20.0,fit,1273,root,clean,optimum,5.211664390115419e-05,6.158158945602047e-05,5.528112246840906e-07,0.76812,0.002081561517201387,50000,1.1816108031211248
83,29,40.0,fit,1262,root,clean,optimum,4.933600296884012e-05,5.853278556195841e-05,5.39482532648992e-07,0.7796,0.0020313735123707244,50000,1.1864111812812812
91,5,1.4,fit,1256,root,clean,optimum,0.00014497687771509657,0.00015073520158464767,8.028366307593247e-07,0.43242,0.003023009954516077,50000,1.0397189121486472
91,1,0.6,fit,1262,root,clean,optimum,0.00016559759580826272,0.00014589642049145856,7.873538372076015e-07,0.45064,0.0029647108719414463,50000,0.8810298228024085
83,27,30.0,fit,1273,root,clean,optimum,5.0883678742955693e-05,6.0614895538391035e-05,5.448465880007445e-07,0.77176,0.002051571385890255,50000,1.191244364319522
83,25,26.0,fit,1274,root,clean,optimum,5.064732028654246e-05,6.206493641483521e-05,5.508777549026952e-07,0.7663,0.0020742812086404954,50000,1.2254337655713354
83,21,10.0,fit,1274,root,clean,optimum,6.0085464945582596e-05,6.440199863328001e-05,5.597482090715017e-07,0.7575,0.002107682115158698,50000,1.071839898245054
91,7,1.8,fit,1256,root,clean,optimum,0.00014261258082262892,0.00014741019942840576,7.916183484056568e-07,0.44494,0.002980768509708514,50000,1.0336409212855053
91,9,2.0,fit,1255,root,clean,optimum,0.00014175982882815832,0.00014496159560408063,7.920305672948131e-07,0.45416,0.0029823206832860706,50000,1.022585853851471
91,11,3.0,fit,1256,root,clean,optimum,0.00014019066448259443,0.00013993691183442433,7.912931069307627e-07,0.47308,0.002979543841851373,50000,0.998189946177182
91,3,1.0,fit,1262,root,clean,optimum,0.00015022896950840625,0.00015061834847372542,7.928410555748017e-07,0.43286,0.0029853725048454662,50000,1.0025919033232626
83,23,20.0,fit,1274,root,clean,optimum,5.211664390115419e-05,6.205431340475136e-05,5.523817868496977e-07,0.76634,0.0020799445072164444,50000,1.19068130178231
83,29,40.0,fit,1263,root,clean,optimum,4.933600296884012e-05,5.7921962482137586e-05,5.349757486072476e-07,0.7819,0.0020144036177507417,50000,1.1740303023477647
91,5,1.4,fit,1257,root,clean,optimum,0.00014497687771509657,0.00015035277322162944,7.846763332789765e-07,0.43386,0.002954628968949758,50000,1.0370810545188964
91,1,0.6,fit,1263,root,clean,optimum,0.00016559759580826272,0.00014549274610827263,7.989730716068992e-07,0.45216,0.0030084620660289795,50000,0.87859214017051
83,27,30.0,fit,1274,root,clean,optimum,5.0883678742955693e-05,6.086984778040319e-05,5.479109452195359e-07,0.7708,0.0020631099505517077,50000,1.196254855862401
83,25,26.0,fit,1275,root,clean,optimum,5.064732028654246e-05,6.302631882742272e-05,5.557923148797097e-07,0.76268,0.0020927865472901903,50000,1.244415666432988
83,21,10.0,fit,1275,root,clean,optimum,6.0085464945582596e-05,6.571925188367616e-05,5.65636136163657e-07,0.75254,0.002129852581140321,50000,1.0937628916277156
91,7,1.8,fit,1257,root,clean,optimum,0.00014261258082262892,0.000147261477287232,7.861607316598191e-07,0.4455,0.002960218339077913,50000,1.0325980810233357
91,9,2.0,fit,1256,root,clean,optimum,0.00014175982882815832,0.00014529090891667967,7.879063394804106e-07,0.45292,0.0029667912701278306,50000,1.0249088907464874
91,11,3.0,fit,1257,root,clean,optimum,0.00014019066448259443,0.00013955448347140607,7.856706746648147e-07,0.47452,0.002958373073033217,50000,0.9954620301320609
91,3,1.0,fit,1263,root,clean,optimum,0.00015022896950840625,0.0001497897536871859,7.941093606269213e-07,0.43598,0.002990148194756743,50000,0.9970763573586533
83,23,20.0,fit,1275,root,clean,optimum,5.211664390115419e-05,6.277136658541056e-05,5.54326054313984e-07,0.76364,0.002087265473492261,50000,1.2044399233470289
83,29,40.0,fit,1264,root,clean,optimum,4.933600296884012e-05,5.759264916953857e-05,5.347479300336097e-07,0.78314,0.0020135457871666043,50000,1.1673553937053478
91,5,1.4,fit,1258,root,clean,optimum,0.00014497687771509657,0.00015045900332246785,8.083940582859735e-07,0.43346,0.0030439359537678444,50000,1.037813792749383
83,27,30.0,fit,1275,root,clean,optimum,5.0883678742955693e-05,6.196401781903872e-05,5.503516443873569e-07,0.76668,0.002072300186270429,50000,1.217758215400591
91,1,0.6,fit,1264,root,clean,optimum,0.00016559759580826272,0.0001466825232376627,7.927434545436961e-07,0.44768,0.002985004996840352,50000,0.8857768889803156
83,25,26.0,fit,1276,root,clean,optimum,5.064732028654246e-05,6.288290819129087e-05,5.569616689034178e-07,0.76322,0.0020971896459015225,50000,1.2415841121608076
83,21,10.0,fit,1276,root,clean,optimum,6.0085464945582596e-05,6.650004312483838e-05,5.701102475958131e-07,0.7496,0.0021466994499537554,50000,1.1067575691569542
91,7,1.8,fit,1258,root,clean,optimum,0.00014261258082262892,0.00014635852143010558,7.989970271825655e-07,0.4489,0.003008552268619308,50000,1.0262665508601627
91,9,2.0,fit,1257,root,clean,optimum,0.00014175982882815832,0.00014534402396709886,7.796919576659702e-07,0.45272,0.0029358607457299056,50000,1.0252835741166513
91,11,3.0,fit,1258,root,clean,optimum,0.00014019066448259443,0.00013903395597729791,7.876811447945806e-07,0.47648,0.0029659433195599496,50000,0.9917490332928686
91,3,1.0,fit,1264,root,clean,optimum,0.00015022896950840625,0.0001502093625854976,8.101024473368062e-07,0.4344,0.0030503687408492824,50000,0.9998694864048338
83,23,20.0,fit,1276,root,clean,optimum,5.211664390115419e-05,6.345655073581825e-05,5.570357223469177e-07,0.76106,0.002097468487559077,50000,1.2175870506199828
83,29,40.0,fit,1265,root,clean,optimum,4.933600296884012e-05,5.7661698735083515e-05,5.354933074372432e-07,0.78288,0.002016352439509964,50000,1.168754971323919
91,1,0.6,fit,1265,root,clean,optimum,0.00016559759580826272,0.00014693216397463295,7.804093925622594e-07,0.44674,0.0029385621830461724,50000,0.887284403239516
91,5,1.4,fit,1259,root,clean,optimum,0.00014497687771509657,0.0001501243785048269,7.905435648014184e-07,0.43472,0.002976721507603627,50000,1.0355056673233507
83,27,30.0,fit,1276,root,clean,optimum,5.0883678742955693e-05,6.176749213248768e-05,5.521348044296741e-07,0.76742,0.0020790145168725614,50000,1.2138959615029552
83,21,10.0,fit,1277,root,clean,optimum,6.0085464945582596e-05,6.598482713577216e-05,5.647250845619486e-07,0.75154,0.002126422097333874,50000,1.098182849970994
83,25,26.0,fit,1277,root,clean,optimum,5.064732028654246e-05,6.332376310977023e-05,5.532985410186997e-07,0.76156,0.0020833964635330313,50000,1.2502885197382505
83,23,20.0,fit,1277,root,clean,optimum,5.211664390115419e-05,6.318566397868032e-05,5.53576896237765e-07,0.76208,0.002084444585362413,50000,1.2123893491399778
91,7,1.8,fit,1259,root,clean,optimum,0.00014261258082262892,0.000146464751530944,7.995687956320318e-07,0.4485,0.003010705211880978,50000,1.0270114367617127
91,3,1.0,fit,1265,root,clean,optimum,0.00015022896950840625,0.00014995972184852734,7.958879022907629e-07,0.43534,0.0029968451352653364,50000,0.9982077514026757
91,9,2.0,fit,1258,root,clean,optimum,0.00014175982882815832,0.00014482880797803263,7.942973871040031e-07,0.45466,0.002990856191739134,50000,1.021649145426061
91,11,3.0,fit,1259,root,clean,optimum,0.00014019066448259443,0.00013912425156301054,7.975258565049042e-07,0.47614,0.003003012706231434,50000,0.9923931245812998
83,29,40.0,fit,1266,root,clean,optimum,4.933600296884012e-05,5.859121211741953e-05,5.364817628404315e-07,0.77938,0.0020200743804490652,50000,1.1875954392662262
83,27,30.0,fit,1277,root,clean,optimum,5.0883678742955693e-05,6.220834705096704e-05,5.501114830851799e-07,0.76576,0.002071395880239345,50000,1.222559936462517
91,1,0.6,fit,1266,root,clean,optimum,0.00016559759580826272,0.00014648599755111167,7.895166618877991e-07,0.44842,0.0029728547959822892,50000,0.8845901224358388
83,21,10.0,fit,1278,root,clean,optimum,6.0085464945582596e-05,6.647879710467072e-05,5.664146864044225e-07,0.74968,0.0021327841428525696,50000,1.1064039724894923
83,25,26.0,fit,1278,root,clean,optimum,5.064732028654246e-05,6.372212598791424e-05,5.566447918844028e-07,0.76006,0.002095996473659327,50000,1.2581539482720847
91,5,1.4,fit,1260,root,clean,optimum,0.00014497687771509657,0.00014952948994013184,8.097966220070904e-07,0.43696,0.003049217182760559,50000,1.031402333232627
83,23,20.0,fit,1278,root,clean,optimum,5.211664390115419e-05,6.356278083665663e-05,5.535945069085901e-07,0.76066,0.002084510896777675,50000,1.2196253649258668
91,3,1.0,fit,1266,root,clean,optimum,0.00015022896950840625,0.00015120261402833663,8.092863720393339e-07,0.43066,0.003047295881872282,50000,1.00648107034959
91,9,2.0,fit,1259,root,clean,optimum,0.00014175982882815832,0.0001441489353326669,8.029859326525703e-07,0.45722,0.003023572137520959,50000,1.0168531982879625
91,7,1.8,fit,1260,root,clean,optimum,0.00014261258082262892,0.00014617261875363838,8.008902998582721e-07,0.4496,0.0030156812185525733,50000,1.0249630005324508
83,29,40.0,fit,1267,root,clean,optimum,4.933600296884012e-05,5.828845633003008e-05,5.357394566225416e-07,0.78052,0.0020172792923825703,50000,1.1814588297078745
91,11,3.0,fit,1260,root,clean,optimum,0.00014019066448259443,0.0001386037240689024,7.890392698476274e-07,0.4781,0.0029710572186989995,50000,0.9886801277421076
83,27,30.0,fit,1278,root,clean,optimum,5.0883678742955693e-05,6.230926564676353e-05,5.515231853965486e-07,0.76538,0.0020767115197811593,50000,1.2245432560315734
91,1,0.6,fit,1267,root,clean,optimum,0.00016559759580826272,0.0001460982576830515,7.920134739590673e-07,0.44988,0.002982256319850054,50000,0.8822486641183575
83,21,10.0,fit,1279,root,clean,optimum,6.0085464945582596e-05,6.536869255090944e-05,5.630846965552235e-07,0.75386,0.0021202453621381855,50000,1.087928546614588
83,25,26.0,fit,1279,root,clean,optimum,5.064732028654246e-05,6.265982497953024e-05,5.555456803046217e-07,0.76406,0.002091857866725486,50000,1.2371794721818608
91,5,1.4,fit,1261,root,clean,optimum,0.00014497687771509657,0.00015040588827204866,7.976448177908941e-07,0.43366,0.0030034606443772173,50000,1.0374474236341398
83,23,20.0,fit,1279,root,clean,optimum,5.211664390115419e-05,6.224021608121857e-05,5.537821269750428e-07,0.76564,0.0020852173634569758,50000,1.1942483518176077
91,3,1.0,fit,1267,root,clean,optimum,0.00015022896950840625,0.0001504271342922163,7.939337172825167e-07,0.43358,0.0029894868253594878,50000,1.0013190850237375
91,9,2.0,fit,1260,root,clean,optimum,0.00014175982882815832,0.00014436139553434366,7.943541323844402e-07,0.45642,0.0029910698610475105,50000,1.018351931768618
91,7,1.8,fit,1261,root,clean,optimum,0.00014261258082262892,0.00014617793025868033,7.97701287656046e-07,0.44958,0.0030036732766338236,50000,1.0250002448275284
83,29,40.0,fit,1268,root,clean,optimum,4.933600296884012e-05,5.847435900649729e-05,5.366037444203852e-07,0.77982,0.002020533691243241,50000,1.1852269232963362
83,27,30.0,fit,1279,root,clean,optimum,5.0883678742955693e-05,6.147004785014016e-05,5.483460776808874e-07,0.76854,0.0020647484031481654,50000,1.2080503880362627
91,1,0.6,fit,1268,root,clean,optimum,0.00016559759580826272,0.00014741551093344767,7.927291130321267e-07,0.44492,0.0029849509951536124,50000,0.8902032074434995
83,21,10.0,fit,1280,root,clean,optimum,6.0085464945582596e-05,6.48534765618432e-05,5.646446864056315e-07,0.7558,0.0021261193652243023,50000,1.0793538274286274
83,25,26.0,fit,1280,root,clean,optimum,5.064732028654246e-05,6.231988865684735e-05,5.561463429022499e-07,0.76534,0.002094119608333138,50000,1.2304676398329888
91,11,3.0,fit,1261,root,clean,optimum,0.00014019066448259443,0.00013882149577562112,7.78839302414851e-07,0.47728,0.002932650148189699,50000,0.9902335243789125
83,23,20.0,fit,1280,root,clean,optimum,5.211664390115419e-05,6.235175768709888e-05,5.552859472553549e-07,0.76522,0.0020908798650208205,50000,1.196388581838786
91,5,1.4,fit,1262,root,clean,optimum,0.00014497687771509657,0.0001505014953628032,7.96357628606197e-07,0.4333,0.002998613847943671,50000,1.0381068880415774
91,3,1.0,fit,1268,root,clean,optimum,0.00015022896950840625,0.00015106982640228863,8.004499147487081e-07,0.43116,0.003014022987576274,50000,1.0055971687526974
91,9,2.0,fit,1261,root,clean,optimum,0.00014175982882815832,0.0001450572026948352,7.897420920654837e-07,0.4538,0.002973703633273812,50000,1.023260283917766
83,29,40.0,fit,1269,root,clean,optimum,4.933600296884012e-05,5.856465459220993e-05,5.354529347844464e-07,0.77948,0.0020162004198753095,50000,1.1870571401821604
91,7,1.8,fit,1262,root,clean,optimum,0.00014261258082262892,0.00014756423307462144,7.863661132893063e-07,0.44436,0.0029609916853436747,50000,1.0347210058427525
83,27,30.0,fit,1280,root,clean,optimum,5.0883678742955693e-05,6.125227614342143e-05,5.508387997464386e-07,0.76936,0.002074134526463037,50000,1.20377059317672
83,21,10.0,fit,1281,root,clean,optimum,6.0085464945582596e-05,6.63672554987904e-05,5.667976464330213e-07,0.7501,0.002134226144792044,50000,1.1045475899853154
83,25,26.0,fit,1281,root,clean,optimum,5.064732028654246e-05,6.363714190724354e-05,5.589840326905368e-07,0.76038,0.002104804676937577,50000,1.256475990184867
91,1,0.6,fit,1269,root,clean,optimum,0.00016559759580826272,0.00014606107714775808,7.821409310331541e-07,0.45002,0.002945082137210685,50000,0.8820241407180512
91,11,3.0,fit,1262,root,clean,optimum,0.00014019066448259443,0.00013940044982519036,7.879040911052964e-07,0.4751,0.0029667828040712365,50000,0.9943632861694426
83,23,20.0,fit,1281,root,clean,optimum,5.211664390115419e-05,6.358933836186624e-05,5.58383927220277e-07,0.76056,0.0021025450331434974,50000,1.220134943502338
91,5,1.4,fit,1263,root,clean,optimum,0.00014497687771509657,0.0001502677891409587,8.080965589227099e-07,0.43418,0.003042815746365552,50000,1.036494863934507
91,3,1.0,fit,1269,root,clean,optimum,0.00015022896950840625,0.000149651654556096,7.938005716413048e-07,0.4365,0.0029889854772852187,50000,0.9961570996978852
83,29,40.0,fit,1270,root,clean,optimum,4.933600296884012e-05,5.8421243956078065e-05,5.381868083778364e-07,0.78002,0.002026494577827956,50000,1.184150325128204
91,7,1.8,fit,1263,root,clean,optimum,0.00014261258082262892,0.00014620979928893184,7.981340235462556e-07,0.44946,0.0030053027051547203,50000,1.0252237105979933
83,27,30.0,fit,1281,root,clean,optimum,5.0883678742955693e-05,6.253766036356609e-05,5.508837691295824e-07,0.76452,0.0020743038546771264,50000,1.2290318213720695
91,9,2.0,fit,1262,root,clean,optimum,0.00014175982882815832,0.0001454290080477696,7.988036291191732e-07,0.4524,0.003007824045406242,50000,1.0258830675089137
83,25,26.0,fit,1282,root,clean,optimum,5.064732028654246e-05,6.28616621711232e-05,5.518917319196012e-07,0.7633,0.002078099248946975,50000,1.2411646226390032
83,21,10.0,fit,1282,root,clean,optimum,6.0085464945582596e-05,6.607512272148481e-05,5.670791946080438e-07,0.7512,0.002135286289413203,50000,1.099685635807709
91,1,0.6,fit,1270,root,clean,optimum,0.00016559759580826272,0.0001465178665813632,8.009472362680216e-07,0.4483,0.003015895607541382,50000,0.8847825710646731
91,11,3.0,fit,1263,root,clean,optimum,0.00014019066448259443,0.0001390020869470464,7.815858195475398e-07,0.4766,0.0029429919142654622,50000,0.9915217069557752
83,23,20.0,fit,1282,root,clean,optimum,5.211664390115419e-05,6.255890638373375e-05,5.521487545534351e-07,0.76444,0.0020790670448233056,50000,1.2003632947352603
91,5,1.4,fit,1264,root,clean,optimum,0.00014497687771509657,0.00015041651128213247,7.903937479378964e-07,0.43362,0.002976157385523954,50000,1.0375206974571882
91,3,1.0,fit,1270,root,clean,optimum,0.00015022896950840625,0.00015126104058379777,8.02828839106965e-07,0.43044,0.003022980615741857,50000,1.0068699870522226
83,29,40.0,fit,1271,root,clean,optimum,4.933600296884012e-05,5.772012529054463e-05,5.33166901155856e-07,0.78266,0.002007592563493556,50000,1.169939229308864
83,27,30.0,fit,1282,root,clean,optimum,5.0883678742955693e-05,6.185778771820032e-05,5.486439500471902e-07,0.76708,0.0020658700150602387,50000,1.2156705105910581
91,7,1.8,fit,1264,root,clean,optimum,0.00014261258082262892,0.0001472136737418547,7.95312729631061e-07,0.44568,0.002994679373752686,50000,1.0322628823676383
83,25,26.0,fit,1283,root,clean,optimum,5.064732028654246e-05,6.279261260557824e-05,5.537843258485558e-07,0.76356,0.0020852256431196916,50000,1.2398012816931385
83,21,10.0,fit,1283,root,clean,optimum,6.0085464945582596e-05,6.593702359039486e-05,5.677445498841193e-07,0.75172,0.002137791625549851,50000,1.0973872574692036
91,9,2.0,fit,1263,root,clean,optimum,0.00014175982882815832,0.00014425516543350528,7.930056748955562e-07,0.45682,0.002985992364261791,50000,1.0176025650282903
91,1,0.6,fit,1271,root,clean,optimum,0.00016559759580826272,0.00014501471065449985,7.934645411972958e-07,0.45396,0.0029877201845241014,50000,0.875705410737999
83,23,20.0,fit,1283,root,clean,optimum,5.211664390115419e-05,6.275543207028479e-05,5.532186040886348e-07,0.7637,0.0020830954681299056,50000,1.2041341762011462
91,11,3.0,fit,1264,root,clean,optimum,0.00014019066448259443,0.00013884274179578877,7.78622957712255e-07,0.4772,0.002931835521446851,50000,0.990385075270308
91,3,1.0,fit,1271,root,clean,optimum,0.00015022896950840625,0.0001493329642535808,7.985731558041125e-07,0.4377,0.003006956218629305,50000,0.9940357358653431
91,5,1.4,fit,1265,root,clean,optimum,0.00014497687771509657,0.00015031028118129406,8.038747894094408e-07,0.43402,0.0030269190486124685,50000,1.0367879592267017
83,27,30.0,fit,1283,root,clean,optimum,5.0883678742955693e-05,6.162939300139777e-05,5.495780878723053e-07,0.76794,0.0020693874279883733,50000,1.2111819452505626
83,29,40.0,fit,1272,root,clean,optimum,4.933600296884012e-05,5.786353592667647e-05,5.328467545378182e-07,0.78212,0.0020063870798669335,50000,1.1728460443628197
91,7,1.8,fit,1265,root,clean,optimum,0.00014261258082262892,0.00014671439226791424,7.91350348436533e-07,0.44756,0.0029797593796521225,50000,1.0287619186303545
91,9,2.0,fit,1264,root,clean,optimum,0.00014175982882815832,0.00014492972657382912,7.962422767946337e-07,0.45428,0.0029981795009529294,50000,1.0223610438293724
91,13,4.0,fit,1234,root,clean,optimum,0.00014019178837841234,0.00014030871718735872,7.977329910154547e-07,0.47168,0.0030037926528149943,50000,1.0008340631808674
91,15,5.0,fit,1234,root,clean,optimum,0.00014062787578528562,0.00014158878990246142,7.968318627757821e-07,0.46686,0.0030003995345460267,50000,1.0068330273198676
91,1,0.6,fit,1272,root,clean,optimum,0.00016559759580826272,0.00014612481520826108,7.910859408364906e-07,0.44978,0.002978763776342117,50000,0.8824090379757191
91,17,6.0,fit,1234,root,clean,optimum,0.00014207774887896392,0.00014496159560408063,8.007558119236654e-07,0.45416,0.0030151748161918665,50000,1.0202976662276193
91,11,3.0,fit,1265,root,clean,optimum,0.00014019066448259443,0.00013846031343277057,7.838491351045037e-07,0.47864,0.002951514227768325,50000,0.9876571592251872
91,3,1.0,fit,1272,root,clean,optimum,0.00015022896950840625,0.00014997565636365313,8.03573669832187e-07,0.43528,0.0030257852096162623,50000,0.998313819594303
91,5,1.4,fit,1266,root,clean,optimum,0.00014497687771509657,0.0001502624776359168,8.113473762704349e-07,0.4342,0.0030550564100647057,50000,1.036458227022983
91,19,8.0,fit,1234,root,clean,optimum,0.0001445893394416539,0.0001477395127410048,8.10511654849651e-07,0.4437,0.003051909575357073,50000,1.0217870370769766
83,29,40.0,fit,1273,root,clean,optimum,4.933600296884012e-05,5.72102208065203e-05,5.30982866888935e-07,0.78458,0.001999368776639608,50000,1.159603886894798
91,13,4.0,fit,1235,root,clean,optimum,0.00014019178837841234,0.00013925703918905855,7.90168375438869e-07,0.47564,0.002975308765416287,50000,0.9933323541973038
91,7,1.8,fit,1266,root,clean,optimum,0.00014261258082262892,0.00014683655688387838,8.113666104096193e-07,0.4471,0.003055128834505735,50000,1.0296185374171367
91,15,5.0,fit,1235,root,clean,optimum,0.00014062787578528562,0.00014097796682264064,8.089050018284454e-07,0.46916,0.0030458598662500484,50000,1.0024894853555888
91,9,2.0,fit,1265,root,clean,optimum,0.00014175982882815832,0.000144271099948631,7.899628412936071e-07,0.45676,0.0029745348448659355,50000,1.0177149700393393
91,1,0.6,fit,1273,root,clean,optimum,0.00016559759580826272,0.0001459601585519616,7.844757098351502e-07,0.4504,0.002953873539209061,50000,0.8814147200600766
91,17,6.0,fit,1235,root,clean,optimum,0.00014207774887896392,0.00014464290530156543,8.117420406168391e-07,0.45536,0.0030565424835722684,50000,1.018054596464551
91,11,3.0,fit,1266,root,clean,optimum,0.00014019066448259443,0.00013996346935963392,7.895567786616949e-07,0.47298,0.0029730058521276912,50000,0.9983793847914265
91,19,8.0,fit,1235,root,clean,optimum,0.0001445893394416539,0.00014872214117376,8.016394548091792e-07,0.44,0.0030185020949143374,50000,1.0285830321105645
91,3,1.0,fit,1273,root,clean,optimum,0.00015022896950840625,0.00014965696606113792,8.178673506744203e-07,0.43648,0.0030796067940049555,50000,0.9961924557617609
91,13,4.0,fit,1236,root,clean,optimum,0.00014019178837841234,0.00013995284634955009,7.830973153153212e-07,0.47302,0.002948683317194961,50000,0.9982956061005707
91,15,5.0,fit,1236,root,clean,optimum,0.00014062787578528562,0.00014069114555037695,7.926828581088062e-07,0.47024,0.0029847768263522824,50000,1.0004499091288837
83,29,40.0,fit,1274,root,clean,optimum,4.933600296884012e-05,5.734300843256832e-05,5.317552841924271e-07,0.78408,0.0020022772453218212,50000,1.162295382315128
91,7,1.8,fit,1267,root,clean,optimum,0.00014261258082262892,0.00014748456049899262,7.906012774472066e-07,0.44466,0.002976938819440226,50000,1.0341623414165901
91,5,1.4,fit,1267,root,clean,optimum,0.00014497687771509657,0.00015084143168548605,7.943085325848163e-07,0.43202,0.002990898159056214,50000,1.0404516503791335
91,9,2.0,fit,1266,root,clean,optimum,0.00014175982882815832,0.00014558304169398528,7.997661543241811e-07,0.45182,0.0030114483484894976,50000,1.0269696492823892
91,17,6.0,fit,1236,root,clean,optimum,0.00014207774887896392,0.00014451011767551745,7.944292969326746e-07,0.45586,0.0029913528864711565,50000,1.0171199840632728
91,1,0.6,fit,1274,root,clean,optimum,0.00016559759580826272,0.00014565209125953025,7.804458017480239e-07,0.45156,0.0029386992785981007,50000,0.8795543833146806
91,11,3.0,fit,1267,root,clean,optimum,0.00014019066448259443,0.00014033527471256832,7.93327778148536e-07,0.47158,0.002987205215423327,50000,1.0010315253908497
91,19,8.0,fit,1236,root,clean,optimum,0.0001445893394416539,0.00014954011295021568,8.245569975000566e-07,0.43692,0.0031047960643636936,50000,1.0342402387871725
91,3,1.0,fit,1274,root,clean,optimum,0.00015022896950840625,0.00014985880325273088,8.059322280327256e-07,0.43572,0.0030346661508256715,50000,0.9975359861890375
91,13,4.0,fit,1237,root,clean,optimum,0.00014019178837841234,0.0001402290446117299,7.936185273913518e-07,0.47198,0.0029883000058472126,50000,1.0002657518942337
91,15,5.0,fit,1237,root,clean,optimum,0.00014062787578528562,0.00014108419692347902,7.946305769719354e-07,0.46876,0.002992110788563585,50000,1.0032448839580719
83,29,40.0,fit,1275,root,clean,optimum,4.933600296884012e-05,5.853278556195841e-05,5.383495052224947e-07,0.7796,0.0020271071983314634,50000,1.1864111812812812
91,7,1.8,fit,1268,root,clean,optimum,0.00014261258082262892,0.00014760141360991487,7.962725967960286e-07,0.44422,0.0029982936682224908,50000,1.0349817159082948
91,9,2.0,fit,1267,root,clean,optimum,0.00014175982882815832,0.00014577956738053634,7.948103733057922e-07,0.45108,0.002992787795673388,50000,1.028355977751996
91,17,6.0,fit,1237,root,clean,optimum,0.00014207774887896392,0.0001451953018259251,8.003265353828919e-07,0.45328,0.0030135584135437075,50000,1.0219425840538692
91,5,1.4,fit,1268,root,clean,optimum,0.00014497687771509657,0.00015067677502918656,8.023967619575159e-07,0.43264,0.003021353667650727,50000,1.0393159061218797
91,1,0.6,fit,1275,root,clean,optimum,0.00016559759580826272,0.0001456627142696141,7.994847440634353e-07,0.45152,0.0030103887231722856,50000,0.8796185328576253
91,11,3.0,fit,1268,root,clean,optimum,0.00014019066448259443,0.00014104170488314367,7.826374101811849e-07,0.46892,0.002946951585301621,50000,1.0060705925297537
91,13,4.0,fit,1238,root,clean,optimum,0.00014019178837841234,0.0001402502906318976,7.937559610206005e-07,0.4719,0.002988817499959198,50000,1.0004173015706694
91,3,1.0,fit,1275,root,clean,optimum,0.00015022896950840625,0.00014934889876870653,8.048497655499647e-07,0.43764,0.003030590234586422,50000,0.9941418040569701
91,19,8.0,fit,1237,root,clean,optimum,0.0001445893394416539,0.00014985880325273088,8.093028004248889e-07,0.43572,0.003047357741497474,50000,1.0364443452845522
91,15,5.0,fit,1238,root,clean,optimum,0.00014062787578528562,0.00014120636153944322,7.897396063066944e-07,0.4683,0.0029736942733700946,50000,1.004113592350928
83,29,40.0,fit,1276,root,clean,optimum,4.933600296884012e-05,5.8723999743467516e-05,5.385882728319455e-07,0.77888,0.0020280062565364975,50000,1.1902869346865557
91,9,2.0,fit,1268,root,clean,optimum,0.00014175982882815832,0.00014617793025868033,7.95596465908064e-07,0.44958,0.002995747757477313,50000,1.0311661030282255
91,7,1.8,fit,1269,root,clean,optimum,0.00014261258082262892,0.00014645412852086018,7.969626737901787e-07,0.44854,0.00300089209179059,50000,1.0269369481715578
91,17,6.0,fit,1238,root,clean,optimum,0.00014207774887896392,0.0001451687443007155,8.099409394021701e-07,0.45338,0.0030497605970807593,50000,1.0217556615736136
91,1,0.6,fit,1276,root,clean,optimum,0.00016559759580826272,0.00014624697982422528,7.799334497160783e-07,0.44932,0.0029367700625740098,50000,0.8831467577195833
91,5,1.4,fit,1269,root,clean,optimum,0.00014497687771509657,0.0001494179483342515,7.864370828278238e-07,0.43738,0.0029612589148312017,50000,1.0306329580906162
91,11,3.0,fit,1269,root,clean,optimum,0.00014019066448259443,0.00013887461082604034,7.915943158026749e-07,0.47708,0.0029806780170786766,50000,0.9906124016074017
91,13,4.0,fit,1239,root,clean,optimum,0.00014019178837841234,0.0001395651064814899,7.946060417212527e-07,0.47448,0.0029920184032585194,50000,0.9955298245056203
91,3,1.0,fit,1276,root,clean,optimum,0.00015022896950840625,0.00015053867589809663,7.949866968683604e-07,0.43316,0.0029934517263716614,50000,1.0020615623651272
91,19,8.0,fit,1238,root,clean,optimum,0.0001445893394416539,0.00015046431482750974,8.256648282004402e-07,0.43344,0.0031089675023709636,50000,1.0406321476295737
91,15,5.0,fit,1239,root,clean,optimum,0.00014062787578528562,0.00014159941291254526,7.94165107427509e-07,0.46682,0.0029903581043780186,50000,1.006908567180116
83,29,40.0,fit,1277,root,clean,optimum,4.933600296884012e-05,5.840530944095232e-05,5.368611675168457e-07,0.78008,0.0020215029950259875,50000,1.1838273456777646
91,9,2.0,fit,1269,root,clean,optimum,0.00014175982882815832,0.00014457385573602046,7.868275769655669e-07,0.45562,0.002962729285788816,50000,1.0198506652492738
91,17,6.0,fit,1239,root,clean,optimum,0.00014207774887896392,0.00014492441506878723,8.024817151335941e-07,0.4543,0.003021673551282231,50000,1.0200359747552616
91,7,1.8,fit,1270,root,clean,optimum,0.00014261258082262892,0.00014725616578219007,7.979789530634737e-07,0.44552,0.0030047188010388134,50000,1.0325608367282582
91,1,0.6,fit,1277,root,clean,optimum,0.00016559759580826272,0.00014735177287294464,7.938304693640306e-07,0.44516,0.0029890980545019957,50000,0.8898183101858314
91,5,1.4,fit,1270,root,clean,optimum,0.00014497687771509657,0.00015031028118129406,8.136181011368864e-07,0.43402,0.0030636066226636966,50000,1.0367879592267017
91,11,3.0,fit,1270,root,clean,optimum,0.00014019066448259443,0.00013968727109745408,7.91503574005572e-07,0.47402,0.002980336336909358,50000,0.9964092232032836
91,13,4.0,fit,1240,root,clean,optimum,0.00014019178837841234,0.0001412647880949043,7.924385494005536e-07,0.46808,0.0029838569036323586,50000,1.0076537986204703
91,19,8.0,fit,1239,root,clean,optimum,0.0001445893394416539,0.00014932765274853888,8.188917668309902e-07,0.43772,0.003083464141963716,50000,1.032770834455586
91,3,1.0,fit,1277,root,clean,optimum,0.00015022896950840625,0.00015211619289554689,8.037691934440861e-07,0.42722,0.003026521436393253,50000,1.0125623133362107
91,15,5.0,fit,1240,root,clean,optimum,0.00014062787578528562,0.00014257672984025857,8.041747095977695e-07,0.46314,0.003028048371416313,50000,1.0138582343229625
83,29,40.0,fit,1278,root,clean,optimum,4.933600296884012e-05,5.896301747035392e-05,5.378253806866677e-07,0.77798,0.0020251336539906773,50000,1.1951316264431489
91,9,2.0,fit,1270,root,clean,optimum,0.00014175982882815832,0.00014584861694608126,8.007689128535464e-07,0.45082,0.003015224146578556,50000,1.0288430661332089
91,17,6.0,fit,1240,root,clean,optimum,0.00014207774887896392,0.00014584861694608126,8.049407056906107e-07,0.45082,0.0030309326616007174,50000,1.026540877068159
91,1,0.6,fit,1278,root,clean,optimum,0.00016559759580826272,0.00014719773922672894,7.955399778712689e-07,0.44574,0.002995535056797,50000,0.8888881418131331
91,7,1.8,fit,1271,root,clean,optimum,0.00014261258082262892,0.00014523248236121856,7.93037723021446e-07,0.45314,0.002986113038630494,50000,1.0183707603037357
91,5,1.4,fit,1271,root,clean,optimum,0.00014497687771509657,0.00014937545629391616,8.12156879955635e-07,0.43754,0.0030581045242199637,50000,1.0303398627984217
91,13,4.0,fit,1241,root,clean,optimum,0.00014019178837841234,0.0001400112729050112,7.860097810765042e-07,0.4728,0.0029596499480771567,50000,0.9987123677107685
91,11,3.0,fit,1271,root,clean,optimum,0.00014019066448259443,0.00013740863543447042,7.790220498095576e-07,0.4826,0.002933338267256759,50000,0.9801553901011046
91,19,8.0,fit,1240,root,clean,optimum,0.0001445893394416539,0.0001493382757586227,8.124899794953861e-07,0.43768,0.0030593587809216788,50000,1.0328443046721651
91,15,5.0,fit,1241,root,clean,optimum,0.00014062787578528562,0.000141286034115072,7.893250219046133e-07,0.468,0.002972133192663933,50000,1.0046801413027904
91,3,1.0,fit,1278,root,clean,optimum,0.00015022896950840625,0.00015079893964515073,8.018954215014488e-07,0.43218,0.003019465914736589,50000,1.0037940094950366
83,29,40.0,fit,1279,root,clean,optimum,4.933600296884012e-05,5.7507665088867826e-05,5.336302072972495e-07,0.78346,0.002009337101577346,50000,1.1656328366363364
91,17,6.0,fit,1241,root,clean,optimum,0.00014207774887896392,0.00014482880797803263,8.046467677210992e-07,0.45466,0.003029825864309962,50000,1.0193630538263407
91,9,2.0,fit,1271,root,clean,optimum,0.00014175982882815832,0.00014371870342427134,7.928315510933877e-07,0.45884,0.0029853367165657264,50000,1.0138182629896342
91,1,0.6,fit,1279,root,clean,optimum,0.00016559759580826272,0.00014655504711665664,7.851202647729361e-07,0.44816,0.0029563005535211966,50000,0.8850070944649794
91,5,1.4,fit,1272,root,clean,optimum,0.00014497687771509657,0.00014899302793089793,7.863148286069353e-07,0.43898,0.002960798577431826,50000,1.0277020051686707
91,7,1.8,fit,1272,root,clean,optimum,0.00014261258082262892,0.00014608232316792576,7.979991795857712e-07,0.44994,0.0030047949622102246,50000,1.0243298475161335
91,13,4.0,fit,1242,root,clean,optimum,0.00014019178837841234,0.00014045743932853248,7.972683358885469e-07,0.47112,0.003002043035246186,50000,1.0018949109159168
91,15,5.0,fit,1242,root,clean,optimum,0.00014062787578528562,0.00014243863070916864,8.144173372807928e-07,0.46366,0.00306661607530508,50000,1.0128762161397342
91,19,8.0,fit,1241,root,clean,optimum,0.0001445893394416539,0.0001489399128804787,8.205758209195741e-07,0.43918,0.003089805297908379,50000,1.0300891715504406
91,11,3.0,fit,1272,root,clean,optimum,0.00014019066448259443,0.00013893303738150142,7.762973894181889e-07,0.47686,0.0029230788007971967,50000,0.9910291665587394
91,3,1.0,fit,1279,root,clean,optimum,0.00015022896950840625,0.0001507405130896896,8.166750131316478e-07,0.4324,0.0030751171529960052,50000,1.0034050927924039
91,17,6.0,fit,1242,root,clean,optimum,0.00014207774887896392,0.0001460451426326323,8.23797990073132e-07,0.45008,0.0031019380893794503,50000,1.027924103422051
83,29,40.0,fit,1280,root,clean,optimum,4.933600296884012e-05,5.740674649307136e-05,5.337408737358523e-07,0.78384,0.0020097538062127714,50000,1.1635873001168862
91,9,2.0,fit,1272,root,clean,optimum,0.00014175982882815832,0.00014425516543350528,7.86270591246265e-07,0.45682,0.0029606320055832777,50000,1.0176025650282903
91,1,0.6,fit,1280,root,clean,optimum,0.00016559759580826272,0.0001464435055107763,7.957494451602931e-07,0.44858,0.0029963237872505004,50000,0.8843335242640601
91,5,1.4,fit,1273,root,clean,optimum,0.00014497687771509657,0.000150182805060288,8.168569662380845e-07,0.4345,0.0030758022812412034,50000,1.0359086733501182
91,13,4.0,fit,1243,root,clean,optimum,0.00014019178837841234,0.00014057429243945473,7.91465428555277e-07,0.47068,0.0029801927036077086,50000,1.0027284341363127
91,7,1.8,fit,1273,root,clean,optimum,0.00014261258082262892,0.00014661878517715967,8.083684748802978e-07,0.44792,0.0030438396217283424,50000,1.0280915213189596
91,15,5.0,fit,1243,root,clean,optimum,0.00014062787578528562,0.00014189685719489278,7.953335229636325e-07,0.4657,0.0029947576691977903,50000,1.0090236832670691
91,19,8.0,fit,1242,root,clean,optimum,0.0001445893394416539,0.00015048556084767744,8.212600353811267e-07,0.43336,0.003092381646631208,50000,1.0407790880627326
91,11,3.0,fit,1273,root,clean,optimum,0.00014019066448259443,0.00013890647985629183,7.888947421973726e-07,0.47696,0.002970513012681631,50000,0.9908397279444948
91,3,1.0,fit,1280,root,clean,optimum,0.00015022896950840625,0.00015083612018044416,8.064494857949097e-07,0.43204,0.0030366138389408166,50000,1.0040415019421665
91,17,6.0,fit,1243,root,clean,optimum,0.00014207774887896392,0.00014566802577465598,8.137393506199231e-07,0.4515,0.0030640631768120213,50000,1.0252698042024204
83,29,40.0,fit,1281,root,clean,optimum,4.933600296884012e-05,5.852747405691648e-05,5.37533317001829e-07,0.77962,0.0020240339141522185,50000,1.186303521464468
91,1,0.6,fit,1281,root,clean,optimum,0.00016559759580826272,0.0001464222594906086,7.95909086141007e-07,0.44866,0.0029969249011700164,50000,0.8842052251781706
91,9,2.0,fit,1273,root,clean,optimum,0.00014175982882815832,0.0001446588398166912,7.96727305507428e-07,0.4553,0.003000005833448018,50000,1.0204501586415362
91,13,4.0,fit,1244,root,clean,optimum,0.00014019178837841234,0.00013952261444115456,7.969399327400174e-07,0.47464,0.003000806462388069,50000,0.9952267251527491
91,5,1.4,fit,1274,root,clean,optimum,0.00014497687771509657,0.00014913643856702977,7.982585470220877e-07,0.43844,0.0030057715872318317,50000,1.0286912017798273
91,15,5.0,fit,1244,root,clean,optimum,0.00014062787578528562,0.00014098327832768256,8.006347643057542e-07,0.46914,0.003014719022148725,50000,1.002527255285713
91,19,8.0,fit,1243,root,clean,optimum,0.0001445893394416539,0.00014881243675947265,8.155788148241408e-07,0.43966,0.003070989515729899,50000,1.0292075289514888
91,7,1.8,fit,1274,root,clean,optimum,0.00014261258082262892,0.00014618855326876414,7.890200477632967e-07,0.44954,0.0029709848396494497,50000,1.0250747334176833
91,11,3.0,fit,1274,root,clean,optimum,0.00014019066448259443,0.00013908175952267521,7.925977589038377e-07,0.4763,0.0029844563928619746,50000,0.9920900227985088
91,17,6.0,fit,1244,root,clean,optimum,0.00014207774887896392,0.00014429234596879871,7.986899950273874e-07,0.45668,0.0030073961663366036,50000,1.015587219725176
91,3,1.0,fit,1281,root,clean,optimum,0.00015022896950840625,0.00015006595194936575,8.021716694588057e-07,0.43494,0.00302050610185936,50000,0.9989148726801899
83,29,40.0,fit,1282,root,clean,optimum,4.933600296884012e-05,5.8500916531706885e-05,5.349963822478648e-07,0.77972,0.00201448131188999,50000,1.185765222380402
91,9,2.0,fit,1274,root,clean,optimum,0.00014175982882815832,0.00014418611586796033,7.92653321135188e-07,0.45708,0.0029846656075041967,50000,1.0171154766470771
91,1,0.6,fit,1282,root,clean,optimum,0.00016559759580826272,0.00014554586115869184,7.814869172121853e-07,0.45196,0.002942619506314895,50000,0.8789128878852336
91,13,4.0,fit,1245,root,clean,optimum,0.00014019178837841234,0.00014012812601593344,7.93753988936343e-07,0.47236,0.0029888100742512607,50000,0.9995458909311645
91,15,5.0,fit,1245,root,clean,optimum,0.00014062787578528562,0.00014096734381255677,8.080279598386978e-07,0.4692,0.003042557442613713,50000,1.0024139454953402
91,19,8.0,fit,1244,root,clean,optimum,0.0001445893394416539,0.00014856810752754431,8.10091413927604e-07,0.44058,0.0030503271955278897,50000,1.0275177139701641
91,7,1.8,fit,1275,root,clean,optimum,0.00014261258082262892,0.00014590173199650048,7.874314629343737e-07,0.45062,0.002965003164714058,50000,1.023063541483499
91,5,1.4,fit,1275,root,clean,optimum,0.00014497687771509657,0.00014906207749644287,8.0018558635435e-07,0.43872,0.0030130276825082306,50000,1.0281782850184868
91,11,3.0,fit,1275,root,clean,optimum,0.00014019066448259443,0.00013985723925879551,7.848666582482826e-07,0.47338,0.0029553456207002653,50000,0.9976216303344484
91,17,6.0,fit,1245,root,clean,optimum,0.00014207774887896392,0.00014512625226038015,8.036091776936875e-07,0.45354,0.0030259189113118093,50000,1.0214565856052045
91,3,1.0,fit,1282,root,clean,optimum,0.00015022896950840625,0.00014932234124349694,7.974748387353873e-07,0.43774,0.0030028206033562064,50000,0.9939650237375915
83,29,40.0,fit,1283,root,clean,optimum,4.933600296884012e-05,5.828845633003008e-05,5.348025073740997e-07,0.78052,0.0020137512932898566,50000,1.1814588297078745
91,9,2.0,fit,1275,root,clean,optimum,0.00014175982882815832,0.0001442976574738406,8.015041426268127e-07,0.45666,0.0030179925889219734,50000,1.0179023117244212
91,1,0.6,fit,1283,root,clean,optimum,0.00016559759580826272,0.0001467887533385011,7.895568018792332e-07,0.44728,0.002973005939551268,50000,0.8864183844097626
91,13,4.0,fit,1246,root,clean,optimum,0.00014019178837841234,0.00014094609779238912,7.865786973152013e-07,0.46928,0.0029617921515927596,50000,1.0053805534739362
91,15,5.0,fit,1246,root,clean,optimum,0.00014062787578528562,0.00014201371030581503,7.883170191438561e-07,0.46526,0.0029683376478878225,50000,1.0098546217298008
91,19,8.0,fit,1245,root,clean,optimum,0.0001445893394416539,0.00014917361910232318,8.070523963844286e-07,0.4383,0.003038884045162069,50000,1.0317055163151856
91,7,1.8,fit,1276,root,clean,optimum,0.00014261258082262892,0.00014633727540993793,7.895093432688739e-07,0.44898,0.0029728272383734104,50000,1.0261175736798531
91,5,1.4,fit,1276,root,clean,optimum,0.00014497687771509657,0.00014998627937373694,8.014799925043376e-07,0.43524,0.0030179016537829327,50000,1.0345531076237182
91,11,3.0,fit,1276,root,clean,optimum,0.00014019066448259443,0.00013903926748233983,7.802591055716306e-07,0.47646,0.0029379962907446775,50000,0.9917869210157174
91,17,6.0,fit,1246,root,clean,optimum,0.00014207774887896392,0.0001451846788158413,7.974383308901962e-07,0.45332,0.003002683136310979,50000,1.021867815061767
91,3,1.0,fit,1283,root,clean,optimum,0.00015022896950840625,0.00015194622473420542,8.015154530150875e-07,0.42786,0.0030180351771834377,50000,1.011430919292188
91,9,2.0,fit,1276,root,clean,optimum,0.00014175982882815832,0.00014438264155451137,7.948787811104325e-07,0.45634,0.0029930453791797594,50000,1.0185018051166839
91,21,10.0,fit,1234,root,clean,optimum,0.00014609760762930858,0.0001532422319644339,8.216622050198197e-07,0.42298,0.003093895980649604,50000,1.0489030891816742
91,13,4.0,fit,1247,root,clean,optimum,0.00014019178837841234,0.00014010156849072385,7.875756183661567e-07,0.47246,0.002965545969175864,50000,0.99935645383562
91,23,20.0,fit,1234,root,clean,optimum,0.00014616448734523438,0.00015757642007864064,8.214754499510489e-07,0.40666,0.003093192771042169,50000,1.0780759604516776
91,15,5.0,fit,1247,root,clean,optimum,0.00014062787578528562,0.00014194466074027008,7.949425739800453e-07,0.46552,0.0029932855855585895,50000,1.0093636126381869
91,19,8.0,fit,1246,root,clean,optimum,0.0001445893394416539,0.00014896115890064638,8.035238679753124e-07,0.4391,0.0030255976851519847,50000,1.0302361119835992
91,7,1.8,fit,1277,root,clean,optimum,0.00014261258082262892,0.0001477182667208371,7.926307710135114e-07,0.44378,0.0029845806970259098,50000,1.0358010903999995
91,17,6.0,fit,1247,root,clean,optimum,0.00014207774887896392,0.00014487130001836798,7.983889559188603e-07,0.4545,0.003006262630338233,50000,1.01966212979475
91,5,1.4,fit,1277,root,clean,optimum,0.00014497687771509657,0.00015088392372582143,7.980962767160586e-07,0.43186,0.0030051605728216094,50000,1.0407447456713281
91,11,3.0,fit,1277,root,clean,optimum,0.00014019066448259443,0.00014005376494534658,7.884086618572949e-07,0.47264,0.002968682720377505,50000,0.999023476079858
91,25,26.0,fit,1234,root,clean,optimum,0.00015082936731795635,0.00016645725650873088,8.303517807086702e-07,0.37322,0.003126615805333078,50000,1.103613039480767
91,9,2.0,fit,1277,root,clean,optimum,0.00014175982882815832,0.00014645944002590207,8.05467951208332e-07,0.44852,0.0030329179577213467,50000,1.0331519248900944
91,13,4.0,fit,1248,root,clean,optimum,0.00014019178837841234,0.00013952792594619647,7.899932696701947e-07,0.47462,0.00297464942021265,50000,0.995264612571858
91,21,10.0,fit,1235,root,clean,optimum,0.00014609760762930858,0.0001537362019333325,8.251523020584247e-07,0.42112,0.0031070376307508842,50000,1.052284184717146
91,23,20.0,fit,1235,root,clean,optimum,0.00014616448734523438,0.00015869714764248574,8.432261609294182e-07,0.40244,0.003175093139418764,50000,1.0857435381526686
91,15,5.0,fit,1248,root,clean,optimum,0.00014062787578528562,0.00014094609779238912,8.002480080063243e-07,0.46928,0.003013262725688955,50000,1.0022628657748438
91,19,8.0,fit,1247,root,clean,optimum,0.0001445893394416539,0.00014950293241492224,8.147395897805069e-07,0.43706,0.003067829488441925,50000,1.033983093029145
91,7,1.8,fit,1278,root,clean,optimum,0.00014261258082262892,0.00014618324176372225,7.990760571116421e-07,0.44956,0.0030088498487908523,50000,1.025037489122606
91,17,6.0,fit,1248,root,clean,optimum,0.00014207774887896392,0.00014387273707048702,7.98697197663207e-07,0.45826,0.0030074232872214102,50000,1.0126338445371361
91,11,3.0,fit,1278,root,clean,optimum,0.00014019066448259443,0.00013903395597729791,7.953403116707345e-07,0.47648,0.0029947832314708126,50000,0.9917490332928686
91,5,1.4,fit,1278,root,clean,optimum,0.00014497687771509657,0.0001498375572325632,8.003789140486457e-07,0.4358,0.0030137556407527203,50000,1.0335272741010375
91,25,26.0,fit,1235,root,clean,optimum,0.00015082936731795635,0.00016700434152804866,8.359643649355939e-07,0.37116,0.0031477494922358576,50000,1.1072402178548864
91,9,2.0,fit,1278,root,clean,optimum,0.00014175982882815832,0.0001447066433620685,7.918001601181336e-07,0.45512,0.0029814531055473276,50000,1.020787373674684
91,13,4.0,fit,1249,root,clean,optimum,0.00014019178837841234,0.0001392889082193101,7.978288090331508e-07,0.47552,0.0030041534470416397,50000,0.9935596787119574
91,15,5.0,fit,1249,root,clean,optimum,0.00014062787578528562,0.00014060084996466433,8.064026313845628e-07,0.47058,0.003036437412824388,50000,0.9998078203167731
91,21,10.0,fit,1236,root,clean,optimum,0.00014609760762930858,0.00015474538789129726,8.300724656611938e-07,0.41732,0.003125564069355151,50000,1.0591917992519806
91,19,8.0,fit,1248,root,clean,optimum,0.0001445893394416539,0.0001493382757586227,8.23890951308435e-07,0.43768,0.0031022881266459853,50000,1.0328443046721651
91,23,20.0,fit,1236,root,clean,optimum,0.00014616448734523438,0.00015921767513659392,8.302663571486032e-07,0.40048,0.0031262941505124844,50000,1.0893047827720865
91,17,6.0,fit,1249,root,clean,optimum,0.00014207774887896392,0.00014373994944443902,8.072329032619483e-07,0.45876,0.003039563727760862,50000,1.0116992321358578
91,7,1.8,fit,1279,root,clean,optimum,0.00014261258082262892,0.0001459654700570035,8.04957939225883e-07,0.45038,0.0030309975529455857,50000,1.0235104730244289
91,11,3.0,fit,1279,root,clean,optimum,0.00014019066448259443,0.0001387099541697408,7.933222191828992e-07,0.4777,0.002987184283632458,50000,0.9894378821990856
91,13,4.0,fit,1250,root,clean,optimum,0.00014019178837841234,0.00014010156849072385,7.912591201493122e-07,0.47246,0.002979415867647518,50000,0.99935645383562
91,9,2.0,fit,1279,root,clean,optimum,0.00014175982882815832,0.00014471195486711038,7.964878828670836e-07,0.4551,0.0029991043087823923,50000,1.0208248420117
91,25,26.0,fit,1236,root,clean,optimum,0.00015082936731795635,0.0001676045415977856,8.420212141487946e-07,0.3689,0.0031705560194457473,50000,1.111219549469211
91,5,1.4,fit,1279,root,clean,optimum,0.00014497687771509657,0.00015001814840398848,8.019363795494538e-07,0.43512,0.003019620138624853,50000,1.0347729290928642
91,15,5.0,fit,1250,root,clean,optimum,0.00014062787578528562,0.00014063271899491584,7.973778430386082e-07,0.47046,0.003002455374683679,50000,1.000034439897518
91,19,8.0,fit,1249,root,clean,optimum,0.0001445893394416539,0.00014734114986286078,8.12406022859511e-07,0.4452,0.0030590426496737086,50000,1.0190319039552518
91,21,10.0,fit,1237,root,clean,optimum,0.00014609760762930858,0.00015478787993163264,8.18016743385313e-07,0.41716,0.0030801693189756126,50000,1.0594826461797633
91,23,20.0,fit,1237,root,clean,optimum,0.00014616448734523438,0.00015974351413574397,8.253230507667358e-07,0.3985,0.0031076805698311023,50000,1.0929023666223143
91,17,6.0,fit,1250,root,clean,optimum,0.00014207774887896392,0.00014470133185702657,8.002680492692736e-07,0.45514,0.0030133381892827617,50000,1.0184658259211137
91,7,1.8,fit,1280,root,clean,optimum,0.00014261258082262892,0.00014700121354017793,8.064236408188995e-07,0.44648,0.003036516521981476,50000,1.030773110564539
91,11,3.0,fit,1280,root,clean,optimum,0.00014019066448259443,0.00013936858079493887,7.904230579841673e-07,0.47522,0.0029762677498972896,50000,0.9941359598323494
91,13,4.0,fit,1251,root,clean,optimum,0.00014019178837841234,0.0001410470163881856,7.933237656330747e-07,0.4689,0.002987190106653102,50000,1.0061004144370052
91,9,2.0,fit,1280,root,clean,optimum,0.00014175982882815832,0.0001453227779469312,8.059617570602686e-07,0.4528,0.003034777339753517,50000,1.0251337007685857
91,25,26.0,fit,1237,root,clean,optimum,0.00015082936731795635,0.00016785949383979777,8.325253803306721e-07,0.36794,0.0031348003014593064,50000,1.1129098850221986
91,5,1.4,fit,1280,root,clean,optimum,0.00014497687771509657,0.00015003408291911424,8.090560555602505e-07,0.43506,0.003046428645647274,50000,1.0348828398274372
91,15,5.0,fit,1251,root,clean,optimum,0.00014062787578528562,0.00014228990856799485,8.039984231437897e-07,0.46422,0.00302738458044713,50000,1.0118186580962574
91,19,8.0,fit,1250,root,clean,optimum,0.0001445893394416539,0.00014878587923426305,8.058978141493846e-07,0.43976,0.003034536568407621,50000,1.0290238534100404
91,21,10.0,fit,1238,root,clean,optimum,0.00014609760762930858,0.00015471351886104574,8.210040385690263e-07,0.41744,0.0030914177133954117,50000,1.0589736640561438
91,23,20.0,fit,1238,root,clean,optimum,0.00014616448734523438,0.00015983912122649856,8.326518062764823e-07,0.39814,0.0031352763471179756,50000,1.0935564727769016
91,17,6.0,fit,1251,root,clean,optimum,0.00014207774887896392,0.00014547681159314687,8.024710404377704e-07,0.45222,0.0030216333566641727,50000,1.0239239623445795
91,11,3.0,fit,1281,root,clean,optimum,0.00014019066448259443,0.0001391083170478848,7.833397872749797e-07,0.4762,0.002949596323801355,50000,0.9922794614127534
91,7,1.8,fit,1281,root,clean,optimum,0.00014261258082262892,0.00014690029494438144,7.970733734645706e-07,0.44686,0.003001308921572425,50000,1.0300654689580666
91,13,4.0,fit,1252,root,clean,optimum,0.00014019178837841234,0.00014098858983272448,7.92321596128286e-07,0.46912,0.0029834165264837178,50000,1.0056836528268074
91,25,26.0,fit,1238,root,clean,optimum,0.00015082936731795635,0.00016809320006164224,8.413876854356484e-07,0.36706,0.0031681705234021733,50000,1.114459359279104
91,9,2.0,fit,1281,root,clean,optimum,0.00014175982882815832,0.00014485005399820033,7.88252126783475e-07,0.45458,0.002968093301474258,50000,1.0217990187741266
91,15,5.0,fit,1252,root,clean,optimum,0.00014062787578528562,0.0001426935829511808,8.062597679727299e-07,0.4627,0.0030358994733488327,50000,1.014689172785694
91,19,8.0,fit,1251,root,clean,optimum,0.0001445893394416539,0.00014953480144517376,8.102842987296136e-07,0.43694,0.003051053486100853,50000,1.0342035036788828
91,5,1.4,fit,1281,root,clean,optimum,0.00014497687771509657,0.00015002345990903037,8.113887943012417e-07,0.4351,0.003055212365977314,50000,1.0348095660043883
91,21,10.0,fit,1239,root,clean,optimum,0.00014609760762930858,0.0001545116816694528,8.259117616234554e-07,0.4182,0.003109897308220968,50000,1.0575921411491769
91,23,20.0,fit,1239,root,clean,optimum,0.00014616448734523438,0.00015923360965171968,8.342928728237283e-07,0.40042,0.0031414556372976674,50000,1.0894138004645175
91,17,6.0,fit,1252,root,clean,optimum,0.00014207774887896392,0.00014577956738053634,8.091280527931638e-07,0.45108,0.0030466997448266777,50000,1.0260548786194945
91,11,3.0,fit,1282,root,clean,optimum,0.00014019066448259443,0.00013851873998823165,7.845235665126501e-07,0.47842,0.002954053739273345,50000,0.9880739241765248
91,7,1.8,fit,1282,root,clean,optimum,0.00014261258082262892,0.0001459070435015424,7.885994946360675e-07,0.4506,0.00296940128423941,50000,1.0231007857785765
91,13,4.0,fit,1253,root,clean,optimum,0.00014019178837841234,0.00013997940387475968,7.976789831710076e-07,0.47292,0.0030035892910784587,50000,0.9984850431961151
91,25,26.0,fit,1239,root,clean,optimum,0.00015082936731795635,0.0001675248690221568,8.403625694568284e-07,0.3692,0.0031643105403249493,50000,1.1106913196089025
91,15,5.0,fit,1253,root,clean,optimum,0.00014062787578528562,0.00014114793498398205,7.903793938465824e-07,0.46852,0.002976103336469305,50000,1.0036981231195619
91,19,8.0,fit,1252,root,clean,optimum,0.0001445893394416539,0.0001505546104132224,8.199559613901719e-07,0.4331,0.0030874712719608927,50000,1.041256644470498
91,5,1.4,fit,1282,root,clean,optimum,0.00014497687771509657,0.00014912050405190398,7.935727594430389e-07,0.4385,0.002988127670706978,50000,1.0285812910452543
91,9,2.0,fit,1282,root,clean,optimum,0.00014175982882815832,0.00014384617954527743,7.897000067164998e-07,0.45836,0.0029735451646339377,50000,1.0147175030780278
91,21,10.0,fit,1240,root,clean,optimum,0.00014609760762930858,0.00015423017190223105,8.16291142539719e-07,0.41926,0.003073671722411268,50000,1.0556652802526179
91,23,20.0,fit,1240,root,clean,optimum,0.00014616448734523438,0.00015941420082314495,8.328965993743025e-07,0.39974,0.00313619809376375,50000,1.0906493343120707
91,17,6.0,fit,1253,root,clean,optimum,0.00014207774887896392,0.00014483411948307457,7.916934952444515e-07,0.45464,0.0029810514684488394,50000,1.0194004383223922
91,7,1.8,fit,1283,root,clean,optimum,0.00014261258082262892,0.00014745269146874114,7.916655471791805e-07,0.44478,0.0029809462324938687,50000,1.0339388756461254
91,11,3.0,fit,1283,root,clean,optimum,0.00014019066448259443,0.00014098858983272448,7.8190557093498e-07,0.46912,0.002944195909686409,50000,1.0056917153012646
91,13,4.0,fit,1254,root,clean,optimum,0.00014019178837841234,0.00014008563397559806,7.838638189085923e-07,0.47252,0.002951569518327113,50000,0.9992427915782931
91,25,26.0,fit,1240,root,clean,optimum,0.00015082936731795635,0.00016830034875827714,8.331397396310057e-07,0.36628,0.0031371136167832494,50000,1.1158327569159063
91,15,5.0,fit,1254,root,clean,optimum,0.00014062787578528562,0.0001412913456201139,7.931822481617938e-07,0.46798,0.002986657235197031,50000,1.0047179112329143
91,19,8.0,fit,1253,root,clean,optimum,0.0001445893394416539,0.00014905676599140095,8.005507574533485e-07,0.43874,0.003014402701814874,50000,1.030897343932813
91,9,2.0,fit,1283,root,clean,optimum,0.00014175982882815832,0.00014599733908725502,7.88216999787275e-07,0.45026,0.002967961033893138,50000,1.029892179569668
91,23,20.0,fit,1241,root,clean,optimum,0.00014616448734523438,0.00015821911218871296,8.274176031206764e-07,0.40424,0.003115567420497381,50000,1.0824730073797342
91,21,10.0,fit,1241,root,clean,optimum,0.00014609760762930858,0.00015373089042829054,8.269585087865774e-07,0.42114,0.0031138387415994956,50000,1.0522478288511732
91,5,1.4,fit,1283,root,clean,optimum,0.00014497687771509657,0.00015167533797706754,8.070281527359198e-07,0.42888,0.0030387927578590635,50000,1.046203645488452
91,17,6.0,fit,1254,root,clean,optimum,0.00014207774887896392,0.0001450359566746675,7.940698776777999e-07,0.45388,0.002989999525222177,50000,1.020821049172335
91,13,4.0,fit,1255,root,clean,optimum,0.00014019178837841234,0.00014064334200499965,7.851349766331198e-07,0.47042,0.002956355949722716,50000,1.0032209705847281
91,27,30.0,fit,1234,root,clean,optimum,0.00015200907801833158,0.00017004252241202686,8.374811890568359e-07,0.35972,0.0031534609586065785,50000,1.1186339962638319
91,29,40.0,fit,1234,root,clean,optimum,0.00014777262396549872,0.00016673345477091073,8.499438981703828e-07,0.37218,0.003200388181738958,50000,1.1283108487661349
91,25,26.0,fit,1241,root,clean,optimum,0.00015082936731795635,0.00016728053979022848,8.315328601252308e-07,0.37012,0.003131063054868715,50000,1.109071414703956
91,15,5.0,fit,1255,root,clean,optimum,0.00014062787578528562,0.0001425395493049651,7.971762457876365e-07,0.46328,0.003001696278158756,50000,1.0135938448120931
91,19,8.0,fit,1254,root,clean,optimum,0.0001445893394416539,0.00014889210933510143,8.131966241447933e-07,0.43936,0.0030620195885226516,50000,1.0297585555758335
91,23,20.0,fit,1242,root,clean,optimum,0.00014616448734523438,0.00015979662918616318,8.306007375644768e-07,0.3983,0.0031275532302393588,50000,1.0932657589304182
91,21,10.0,fit,1242,root,clean,optimum,0.00014609760762930858,0.0001547241418711296,8.214967809215155e-07,0.4174,0.003093273090914967,50000,1.0590463757880897
91,17,6.0,fit,1255,root,clean,optimum,0.00014207774887896392,0.00014474382389736192,8.019411176355291e-07,0.45498,0.003019637979466716,50000,1.0187649018895226
91,27,30.0,fit,1235,root,clean,optimum,0.00015200907801833158,0.00017007970294732032,8.502056619914365e-07,0.35958,0.003201373830134235,50000,1.1188785904405625
91,13,4.0,fit,1256,root,clean,optimum,0.00014019178837841234,0.0001403246517024845,7.834235213600933e-07,0.47162,0.0029499116170542193,50000,1.0009477254381942
91,29,40.0,fit,1235,root,clean,optimum,0.00014777262396549872,0.00016759391858770173,8.467923686907831e-07,0.36894,0.003188521377679744,50000,1.1341337393239415
91,25,26.0,fit,1242,root,clean,optimum,0.00015082936731795635,0.00016836408681878017,8.374596960846083e-07,0.36604,0.003153380028730553,50000,1.1162553408041531
91,15,5.0,fit,1256,root,clean,optimum,0.00014062787578528562,0.00014150380582179074,7.949070719333303e-07,0.46718,0.0029931519057581004,50000,1.0062287084378811
91,19,8.0,fit,1255,root,clean,optimum,0.0001445893394416539,0.00014990660679810815,8.145704338380918e-07,0.43554,0.0030671925467800794,50000,1.0367749612591592
91,23,20.0,fit,1243,root,clean,optimum,0.00014616448734523438,0.0001596425955399475,8.372354293309357e-07,0.39888,0.00315253557220871,50000,1.0922119212369172
91,21,10.0,fit,1243,root,clean,optimum,0.00014609760762930858,0.00015484630648709375,8.2419440745509e-07,0.41694,0.0031034307637865318,50000,1.0598825607054643
91,17,6.0,fit,1256,root,clean,optimum,0.00014207774887896392,0.00014534402396709886,8.045576134546102e-07,0.45272,0.003029490161846026,50000,1.022989349943301
91,27,30.0,fit,1236,root,clean,optimum,0.00015200907801833158,0.00017005314542211072,8.461718811862347e-07,0.35968,0.0031861849871476764,50000,1.1187038803143263
91,29,40.0,fit,1236,root,clean,optimum,0.00014777262396549872,0.0001673389663456896,8.526068059435679e-07,0.3699,0.0032104151242050524,50000,1.1324084384179247
91,13,4.0,fit,1257,root,clean,optimum,0.00014019178837841234,0.00014012812601593344,7.968171722326972e-07,0.47236,0.0030003442186121473,50000,0.9995458909311645
91,25,26.0,fit,1243,root,clean,optimum,0.00015082936731795635,0.00016768421417341438,8.288125843454641e-07,0.3686,0.003120820098274313,50000,1.1117477793295196
91,15,5.0,fit,1257,root,clean,optimum,0.00014062787578528562,0.00014138164120582655,8.028878610928413e-07,0.46764,0.003023202857782147,50000,1.0053600000450251
91,19,8.0,fit,1256,root,clean,optimum,0.0001445893394416539,0.00015080425115019264,8.023021838513265e-07,0.43216,0.0030209975422006217,50000,1.0429831945601122
91,23,20.0,fit,1244,root,clean,optimum,0.00014616448734523438,0.00015924954416684543,8.303533575637122e-07,0.40036,0.0031266217428405434,50000,1.0895228181569487
91,21,10.0,fit,1244,root,clean,optimum,0.00014609760762930858,0.0001535609222669491,8.190026980048868e-07,0.42178,0.003083881843436354,50000,1.051084441140043
91,17,6.0,fit,1257,root,clean,optimum,0.00014207774887896392,0.00014485536550324222,8.138910888303285e-07,0.45456,0.0030646345335525603,50000,1.0195499763065965
91,27,30.0,fit,1237,root,clean,optimum,0.00015200907801833158,0.00017079675612797953,8.405350611880297e-07,0.35688,0.0031649600426028913,50000,1.1235957638489344
91,13,4.0,fit,1258,root,clean,optimum,0.00014019178837841234,0.00013949605691594496,7.812223456363093e-07,0.47474,0.002941623285568467,50000,0.9950372880572047
91,29,40.0,fit,1237,root,clean,optimum,0.00014777262396549872,0.0001684596939095347,8.395806242385027e-07,0.36568,0.0031613661951265383,50000,1.1399925736506238
91,25,26.0,fit,1244,root,clean,optimum,0.00015082936731795635,0.00016794978942551042,8.217361025363073e-07,0.3676,0.0030941742351778567,50000,1.1135085455305485
91,15,5.0,fit,1258,root,clean,optimum,0.00014062787578528562,0.00014147724829658115,7.879790329891081e-07,0.46728,0.0029670649910717955,50000,1.0060398587872603
91,19,8.0,fit,1257,root,clean,optimum,0.0001445893394416539,0.00014910988104182017,8.195402721312287e-07,0.43854,0.0030859060310144478,50000,1.0312646950157098
91,23,20.0,fit,1245,root,clean,optimum,0.00014616448734523438,0.00015898928041979134,8.208831348375545e-07,0.40134,0.003090962461143865,50000,1.0877421958472397
91,21,10.0,fit,1245,root,clean,optimum,0.00014609760762930858,0.00015383712052912895,8.125959040405946e-07,0.42074,0.003059757630379121,50000,1.0529749461706295
91,17,6.0,fit,1258,root,clean,optimum,0.00014207774887896392,0.00014494566108895485,8.058654249111695e-07,0.45422,0.003034414609610784,50000,1.0201855127394657
91,27,30.0,fit,1238,root,clean,optimum,0.00015200907801833158,0.00017096141278427903,8.332940212031914e-07,0.35626,0.0031376945503264466,50000,1.1246789666315973
91,13,4.0,fit,1259,root,clean,optimum,0.00014019178837841234,0.00013966071357224448,7.992718148114098e-07,0.47412,0.0030095869570048997,50000,0.9962117980495807
91,29,40.0,fit,1238,root,clean,optimum,0.00014777262396549872,0.00016839595584903166,8.396109233846899e-07,0.36592,0.0031614802838676693,50000,1.1395612484241193
91,25,26.0,fit,1245,root,clean,optimum,0.00015082936731795635,0.0001668131273465395,8.187767842267251e-07,0.37188,0.0030830311851902303,50000,1.1059724661901456
91,15,5.0,fit,1259,root,clean,optimum,0.00014062787578528562,0.00014152505184195836,8.12087676730835e-07,0.4671,0.0030578439456297,50000,1.0063797881583774
91,19,8.0,fit,1258,root,clean,optimum,0.0001445893394416539,0.00014963040853592833,8.181409430094925e-07,0.43658,0.003080636981618119,50000,1.0348647356280969
91,23,20.0,fit,1246,root,clean,optimum,0.00014616448734523438,0.00015833065379459326,8.296540284973897e-07,0.40382,0.0031239884814172627,50000,1.0832361312267522
91,21,10.0,fit,1246,root,clean,optimum,0.00014609760762930858,0.00015401771170055423,8.059636018062121e-07,0.42006,0.003034784285980355,50000,1.054211045613705
91,17,6.0,fit,1259,root,clean,optimum,0.00014207774887896392,0.00014512625226038015,8.181704595225768e-07,0.45354,0.003080748123423884,50000,1.0214565856052045
91,27,30.0,fit,1239,root,clean,optimum,0.00015200907801833158,0.00017045681980529663,8.414089956810445e-07,0.35816,0.003168250765236561,50000,1.1213594742331134
91,13,4.0,fit,1260,root,clean,optimum,0.00014019178837841234,0.00013948543390586112,7.845914131675565e-07,0.47478,0.0029543092098202844,50000,0.9949615132189868
91,29,40.0,fit,1239,root,clean,optimum,0.00014777262396549872,0.00016758329557761792,8.32081372943872e-07,0.36898,0.0031331284311201246,50000,1.134061851786191
91,25,26.0,fit,1246,root,clean,optimum,0.00015082936731795635,0.00016730709731543807,8.339075726297144e-07,0.37002,0.0031400048236733817,50000,1.1092474913240589
91,15,5.0,fit,1260,root,clean,optimum,0.00014062787578528562,0.00014095140929743104,7.958114753845322e-07,0.46926,0.002996557356544889,50000,1.002300635704968
91,19,8.0,fit,1259,root,clean,optimum,0.0001445893394416539,0.00014939670231408383,8.325464377288209e-07,0.43746,0.0031348795912198644,50000,1.0332483908633516
91,23,20.0,fit,1247,root,clean,optimum,0.00014616448734523438,0.00015861216356181503,8.322973291101848e-07,0.40276,0.003133941594864142,50000,1.0851621104597027
91,21,10.0,fit,1247,root,clean,optimum,0.00014609760762930858,0.00015387961256946433,8.282908384872084e-07,0.42058,0.0031188555106324376,50000,1.0532657930984122
91,17,6.0,fit,1260,root,clean,optimum,0.00014207774887896392,0.00014464290530156543,7.964885034472921e-07,0.45536,0.0029991066455219927,50000,1.018054596464551
91,27,30.0,fit,1240,root,clean,optimum,0.00015200907801833158,0.00017128541459183615,8.449018691734753e-07,0.35504,0.003181402869827873,50000,1.1268104301716766
91,13,4.0,fit,1261,root,clean,optimum,0.00014019178837841234,0.000138630281594112,7.883090397023995e-07,0.478,0.002968307602010454,50000,0.988861638742453
91,29,40.0,fit,1240,root,clean,optimum,0.00014777262396549872,0.00016865621959608575,8.373107118071311e-07,0.36494,0.0031528190416796084,50000,1.1413224930990116
91,25,26.0,fit,1247,root,clean,optimum,0.00015082936731795635,0.00016635102640789247,8.284263813782726e-07,0.37362,0.003119365885337891,50000,1.1029087330003555
91,15,5.0,fit,1261,root,clean,optimum,0.00014062787578528562,0.00014100983585289215,7.869383172943289e-07,0.46904,0.0029631462686510674,50000,1.0027161049363336
91,19,8.0,fit,1260,root,clean,optimum,0.0001445893394416539,0.00014772357822587906,8.148460394203081e-07,0.44376,0.0030682303150963704,50000,1.0216768317521079
91,23,20.0,fit,1248,root,clean,optimum,0.00014616448734523438,0.00015964790704498945,8.359480958954839e-07,0.39886,0.0031476882326117715,50000,1.0922482604677277
91,21,10.0,fit,1248,root,clean,optimum,0.00014609760762930858,0.00015378931698375168,8.254703034276176e-07,0.42092,0.0031082350366337112,50000,1.0526477433768742
91,17,6.0,fit,1261,root,clean,optimum,0.00014207774887896392,0.00014428172295871488,8.144766387160638e-07,0.45672,0.0030668393695872207,50000,1.0155124507330737
91,27,30.0,fit,1241,root,clean,optimum,0.00015200907801833158,0.00017073301806747648,8.507353628474624e-07,0.35712,0.0032033683716129508,50000,1.123176459545968
91,13,4.0,fit,1262,root,clean,optimum,0.00014019178837841234,0.0001402024870865203,7.872091061340078e-07,0.47208,0.0029641658999515806,50000,1.000076314798689
91,29,40.0,fit,1241,root,clean,optimum,0.00014777262396549872,0.00016828972574819327,8.498365176078071e-07,0.36632,0.0031999838497775717,50000,1.1388423730466124
91,25,26.0,fit,1248,root,clean,optimum,0.00015082936731795635,0.0001673920813961088,8.421381976635524e-07,0.3697,0.0031709965104697964,50000,1.1098109365083881
91,15,5.0,fit,1262,root,clean,optimum,0.00014062787578528562,0.00014144537926632958,7.935799936654118e-07,0.4674,0.0029881549105281427,50000,1.005813239206515
91,19,8.0,fit,1261,root,clean,optimum,0.0001445893394416539,0.00014778731628638207,8.289663671117777e-07,0.44352,0.003121399153608347,50000,1.0221176530515836
91,23,20.0,fit,1249,root,clean,optimum,0.00014616448734523438,0.0001582562927240064,8.470418150504438e-07,0.4041,0.0031894606457692665,50000,1.0827273819954069
91,21,10.0,fit,1249,root,clean,optimum,0.00014609760762930858,0.0001531094443383859,8.175009525721133e-07,0.42348,0.003078227154526445,50000,1.0479941925323537
91,17,6.0,fit,1262,root,clean,optimum,0.00014207774887896392,0.00014492972657382912,8.001753309784651e-07,0.45428,0.0030129890668021213,50000,1.0200733592513125
91,27,30.0,fit,1242,root,clean,optimum,0.00015200907801833158,0.00017093485525906943,8.444433336821585e-07,0.35636,0.0031796762952027986,50000,1.1245042565053613
91,13,4.0,fit,1263,root,clean,optimum,0.00014019178837841234,0.0001400962569856819,7.850642385592423e-07,0.47248,0.0029560895917947116,50000,0.999318566416511
91,29,40.0,fit,1242,root,clean,optimum,0.00014777262396549872,0.0001685128089599539,8.32014320691237e-07,0.36548,0.0031328759518243097,50000,1.140352011339377
91,25,26.0,fit,1249,root,clean,optimum,0.00015082936731795635,0.0001655277431263949,8.371895000269916e-07,0.37672,0.0031523626294981916,50000,1.0974503577771666
91,15,5.0,fit,1263,root,clean,optimum,0.00014062787578528562,0.00014169502000329983,7.881968055208221e-07,0.46646,0.002967884994178242,50000,1.0075884259223509
91,19,8.0,fit,1262,root,clean,optimum,0.0001445893394416539,0.00014897178191073022,8.093915986282393e-07,0.43906,0.0030476921032373187,50000,1.0303095822001784
91,23,20.0,fit,1250,root,clean,optimum,0.00014616448734523438,0.00015829878476434178,8.248115117505001e-07,0.40394,0.003105754415145383,50000,1.08301809584189
91,21,10.0,fit,1250,root,clean,optimum,0.00014609760762930858,0.00015352905323669762,8.175750098960846e-07,0.4219,0.0030785060107955693,50000,1.0508663059442065
91,17,6.0,fit,1263,root,clean,optimum,0.00014207774887896392,0.0001446800858368589,8.020813735833086e-07,0.45522,0.0030201661007682023,50000,1.0183162879369092
91,27,30.0,fit,1243,root,clean,optimum,0.00015200907801833158,0.00017027622863387135,8.528812254455333e-07,0.35884,0.0032114484264416107,50000,1.1201714453747087
91,13,4.0,fit,1264,root,clean,optimum,0.00014019178837841234,0.00013931546574451968,7.895383652533385e-07,0.47542,0.0029729365180756247,50000,0.9937491158075019
91,29,40.0,fit,1243,root,clean,optimum,0.00014777262396549872,0.00016762047611291133,8.540448767888905e-07,0.36884,0.003215830052117096,50000,1.134313458168318
91,25,26.0,fit,1250,root,clean,optimum,0.00015082936731795635,0.00016618636975159295,8.254558938916476e-07,0.37424,0.0031081807788071393,50000,1.1018170579557176
91,15,5.0,fit,1264,root,clean,optimum,0.00014062787578528562,0.00014150911732683263,7.86989950689483e-07,0.46716,0.0029633406896098975,50000,1.006266478368005
91,19,8.0,fit,1263,root,clean,optimum,0.0001445893394416539,0.00014817505615444224,8.043137597364782e-07,0.44206,0.0030285719523509493,50000,1.0247993159567292
91,23,20.0,fit,1251,root,clean,optimum,0.00014616448734523438,0.00015864403259206655,8.324734829526068e-07,0.40264,0.0031346048864962944,50000,1.0853801458445649
91,21,10.0,fit,1251,root,clean,optimum,0.00014609760762930858,0.00015382118601400317,8.170957539864804e-07,0.4208,0.0030767014152776446,50000,1.052865878572711
91,17,6.0,fit,1264,root,clean,optimum,0.00014207774887896392,0.00014470133185702657,7.936105698369111e-07,0.45514,0.002988270042383457,50000,1.0184658259211137
91,13,4.0,fit,1265,root,clean,optimum,0.00014019178837841234,0.00013938982681510655,7.895385083537246e-07,0.47514,0.002972937056907406,50000,0.9942795396750265
91,27,30.0,fit,1244,root,clean,optimum,0.00015200907801833158,0.00017096672428932095,8.465503615265317e-07,0.35624,0.0031876101212191307,50000,1.1247139086568445
91,29,40.0,fit,1244,root,clean,optimum,0.00014777262396549872,0.00016824723370785795,8.3400929829639e-07,0.36648,0.003140387862627022,50000,1.13855482289561
91,25,26.0,fit,1251,root,clean,optimum,0.00015082936731795635,0.00016612263169108995,8.293568914667653e-07,0.37448,0.003122869638346309,50000,1.101394474067471
91,15,5.0,fit,1265,root,clean,optimum,0.00014062787578528562,0.00014068052254029311,7.8307560336671e-07,0.47028,0.0029486015627828315,50000,1.0003743692686355
91,19,8.0,fit,1264,root,clean,optimum,0.0001445893394416539,0.00014935421027374848,8.254084522460697e-07,0.43762,0.003108002141508658,50000,1.0329545099970343
91,23,20.0,fit,1252,root,clean,optimum,0.00014616448734523438,0.00016040214076094207,8.350365048153244e-07,0.39602,0.003144255717447181,50000,1.0974084312428023
91,21,10.0,fit,1252,root,clean,optimum,0.00014609760762930858,0.0001548356834770099,8.113520878338333e-07,0.41698,0.0030550741510377865,50000,1.0598098489735186
91,17,6.0,fit,1265,root,clean,optimum,0.00014207774887896392,0.0001445260521906432,8.055401788952392e-07,0.4558,0.0030331899246547754,50000,1.0172321375514262
91,13,4.0,fit,1266,root,clean,optimum,0.00014019178837841234,0.0001403777667529037,8.001378208677067e-07,0.47142,0.00301284782581501,50000,1.0013265996292833
91,27,30.0,fit,1245,root,clean,optimum,0.00015200907801833158,0.0001702602941187456,8.39030088141659e-07,0.3589,0.003159293200400943,50000,1.1200666192989672
91,29,40.0,fit,1245,root,clean,optimum,0.00014777262396549872,0.000167577984072576,8.268008059284758e-07,0.369,0.0031132449255083616,50000,1.1340259080173156
91,15,5.0,fit,1266,root,clean,optimum,0.00014062787578528562,0.0001420774483663181,8.047255005087733e-07,0.46502,0.003030122325621973,50000,1.010307860891291
91,25,26.0,fit,1252,root,clean,optimum,0.00015082936731795635,0.000168507497454912,8.430692932229202e-07,0.3655,0.0031745024680167413,50000,1.1172061545527088
91,19,8.0,fit,1265,root,clean,optimum,0.0001445893394416539,0.00014878587923426305,8.046903658421623e-07,0.43976,0.003029990029158603,50000,1.0290238534100404
91,23,20.0,fit,1253,root,clean,optimum,0.00014616448734523438,0.00015946731587356414,8.382905373620078e-07,0.39954,0.003156508487692155,50000,1.0910127266201746
91,21,10.0,fit,1253,root,clean,optimum,0.00014609760762930858,0.00015458073123499777,8.278459501027846e-07,0.41794,0.003117180322975031,50000,1.0580647674068235
91,17,6.0,fit,1266,root,clean,optimum,0.00014207774887896392,0.00014486067700828417,8.182516344621583e-07,0.45454,0.0030810537804417753,50000,1.0195873608026478
91,13,4.0,fit,1267,root,clean,optimum,0.00014019178837841234,0.00014081862167138304,7.871621660078205e-07,0.46976,0.002963989151079776,50000,1.0044712554153223
91,27,30.0,fit,1246,root,clean,optimum,0.00015200907801833158,0.00017101983933974014,8.513131748969059e-07,0.35604,0.00320554407151301,50000,1.1250633289093166
91,29,40.0,fit,1246,root,clean,optimum,0.00014777262396549872,0.00016827379123306754,8.31534678282071e-07,0.36638,0.0031310699009766477,50000,1.1387345417399866
91,15,5.0,fit,1267,root,clean,optimum,0.00014062787578528562,0.00014178000408397056,7.959574128291404e-07,0.46614,0.002997106871017553,50000,1.0081927448043377
91,19,8.0,fit,1266,root,clean,optimum,0.0001445893394416539,0.0001480422685283942,8.179659164269403e-07,0.44256,0.0030799779345827842,50000,1.0238809382494873
91,25,26.0,fit,1253,root,clean,optimum,0.00015082936731795635,0.00016757267256753408,8.33971920258135e-07,0.36902,0.00314024711894718,50000,1.1110082575250877
91,23,20.0,fit,1254,root,clean,optimum,0.00014616448734523438,0.0001587183936626534,8.37965729152733e-07,0.40236,0.003155285451258183,50000,1.0858888950759102
91,21,10.0,fit,1254,root,clean,optimum,0.00014609760762930858,0.00015339626561064958,8.270803704384232e-07,0.4224,0.003114297600815044,50000,1.0499574092948858
91,17,6.0,fit,1267,root,clean,optimum,0.00014207774887896392,0.00014569989480490753,8.036149866516633e-07,0.45138,0.003025940784426604,50000,1.0254941111787272
91,13,4.0,fit,1268,root,clean,optimum,0.00014019178837841234,0.00014162597043775488,7.872253788925405e-07,0.46672,0.0029642271735770575,50000,1.0102301431198761
91,27,30.0,fit,1247,root,clean,optimum,0.00015200907801833158,0.00016945294535237378,8.390167034185563e-07,0.36194,0.003159242801416109,50000,1.114755431461393
91,29,40.0,fit,1247,root,clean,optimum,0.00014777262396549872,0.00016693529196250368,8.429260465385639e-07,0.37142,0.0031739630853625756,50000,1.1296767119833981
91,15,5.0,fit,1268,root,clean,optimum,0.00014062787578528562,0.00014260328736546816,7.820299034224198e-07,0.46304,0.002944664072613709,50000,1.0140470839735833
91,19,8.0,fit,1267,root,clean,optimum,0.0001445893394416539,0.00015020405108045568,8.212296608102421e-07,0.43442,0.003092267273885085,50000,1.0388321273233803
91,25,26.0,fit,1254,root,clean,optimum,0.00015082936731795635,0.00016716899818434815,8.33684628703644e-07,0.37054,0.003139165348141265,50000,1.1083318928995238
91,23,20.0,fit,1255,root,clean,optimum,0.00014616448734523438,0.00015973820263070207,8.301168341899509e-07,0.39852,0.003125731135105468,50000,1.092866027391504
91,21,10.0,fit,1255,root,clean,optimum,0.00014609760762930858,0.0001543523365181952,8.298732950078281e-07,0.4188,0.003124814109967769,50000,1.0565014651699924
91,17,6.0,fit,1268,root,clean,optimum,0.00014207774887896392,0.000145933601026752,7.995612859661729e-07,0.4505,0.003010676934901856,50000,1.0271390290049773
91,13,4.0,fit,1269,root,clean,optimum,0.00014019178837841234,0.00013986786226887935,7.982919584725703e-07,0.47334,0.003005897395078078,50000,0.997689407394828
91,27,30.0,fit,1248,root,clean,optimum,0.00015200907801833158,0.00017093485525906943,8.497673571175764e-07,0.35636,0.003199723432100529,50000,1.1245042565053613
91,29,40.0,fit,1248,root,clean,optimum,0.00014777262396549872,0.0001685128089599539,8.493216945739506e-07,0.36548,0.0031980453294154767,50000,1.140352011339377
91,15,5.0,fit,1269,root,clean,optimum,0.00014062787578528562,0.00014155160936716799,7.938298615875508e-07,0.467,0.002989095765973697,50000,1.0065686378089984
91,19,8.0,fit,1268,root,clean,optimum,0.0001445893394416539,0.0001503687077367552,8.131339476357798e-07,0.4338,0.0030617835857004046,50000,1.0399709156803598
91,25,26.0,fit,1255,root,clean,optimum,0.00015082936731795635,0.00016878900722213375,8.369733984153275e-07,0.36444,0.003151548918092635,50000,1.119072566725799
91,23,20.0,fit,1256,root,clean,optimum,0.00014616448734523438,0.0001609651602953856,8.216906005887898e-07,0.3939,0.0030940029016399673,50000,1.101260389708703
91,21,10.0,fit,1256,root,clean,optimum,0.00014609760762930858,0.0001555739826778368,8.130841991449408e-07,0.4142,0.00306159626218119,50000,1.0648633143437398
91,17,6.0,fit,1269,root,clean,optimum,0.00014207774887896392,0.00014482880797803263,8.132717045399491e-07,0.45466,0.003062302297075362,50000,1.0193630538263407
91,13,4.0,fit,1270,root,clean,optimum,0.00014019178837841234,0.00014053711190416127,7.974294300518361e-07,0.47082,0.00300264962099549,50000,1.0024632222025502
91,27,30.0,fit,1249,root,clean,optimum,0.00015200907801833158,0.00016939451879691261,8.354626722808994e-07,0.36216,0.003145860413149102,50000,1.1143710691836735
91,29,40.0,fit,1249,root,clean,optimum,0.00014777262396549872,0.00016614387771125757,8.370070361416879e-07,0.3744,0.0031516755779605814,50000,1.1243210904209706
91,15,5.0,fit,1270,root,clean,optimum,0.00014062787578528562,0.0001421889899721984,7.963728316464512e-07,0.4646,0.0029986710936400762,50000,1.0111010294238982
91,19,8.0,fit,1269,root,clean,optimum,0.0001445893394416539,0.00014903551997123328,8.230530313562642e-07,0.43882,0.0030991330135638822,50000,1.0307504034996544
91,25,26.0,fit,1256,root,clean,optimum,0.00015082936731795635,0.00016871995765658878,8.326106711973163e-07,0.3647,0.0031351214566346136,50000,1.1186147675135314
91,23,20.0,fit,1257,root,clean,optimum,0.00014616448734523438,0.0001599772203575885,8.350612471991367e-07,0.39762,0.00314434888269363,50000,1.0945012927779716
91,21,10.0,fit,1257,root,clean,optimum,0.00014609760762930858,0.00015416112233668607,8.139668339975636e-07,0.41952,0.003064919745245432,50000,1.0551926539949712
91,17,6.0,fit,1270,root,clean,optimum,0.00014207774887896392,0.00014590173199650048,8.09658925976982e-07,0.45062,0.0030486987006014665,50000,1.0269147220286705
91,13,4.0,fit,1271,root,clean,optimum,0.00014019178837841234,0.00013826378774621953,7.783103623997146e-07,0.47938,0.0029306584715897074,50000,0.9862474068239385
91,27,30.0,fit,1250,root,clean,optimum,0.00015200907801833158,0.00016941576481708032,8.436560773988892e-07,0.36208,0.0031767119516615382,50000,1.1145108372846626
91,29,40.0,fit,1250,root,clean,optimum,0.00014777262396549872,0.00016639882995326977,8.448109405644094e-07,0.37344,0.0031810604862347177,50000,1.1260463913269876
91,15,5.0,fit,1271,root,clean,optimum,0.00014062787578528562,0.0001401175030058496,7.883171678254361e-07,0.4724,0.002968338207735093,50000,0.996370756675474
91,19,8.0,fit,1270,root,clean,optimum,0.0001445893394416539,0.00015017749355524608,8.325741361571723e-07,0.43452,0.0031349838871892097,50000,1.038648451781932
91,25,26.0,fit,1257,root,clean,optimum,0.00015082936731795635,0.00016868277712129534,8.390053422022718e-07,0.36484,0.003159200021766293,50000,1.1183682602453875
91,23,20.0,fit,1258,root,clean,optimum,0.00014616448734523438,0.00016015250002397185,8.433042598414347e-07,0.39696,0.003175387213928343,50000,1.0957004873947143
91,21,10.0,fit,1258,root,clean,optimum,0.00014609760762930858,0.0001542407949123149,8.242680208810628e-07,0.41922,0.0031037079485972093,50000,1.0557379919845635
91,17,6.0,fit,1271,root,clean,optimum,0.00014207774887896392,0.00014334689807133695,7.990857818032208e-07,0.46024,0.0030088864662523892,50000,1.0089327794280738
91,13,4.0,fit,1272,root,clean,optimum,0.00014019178837841234,0.00013963415604703488,7.899292693071699e-07,0.47422,0.002974408432535825,50000,0.9960223609540363
91,27,30.0,fit,1251,root,clean,optimum,0.00015200907801833158,0.00017040901625991936,8.376064161486043e-07,0.35834,0.003153932490086941,50000,1.1210449960058888
91,29,40.0,fit,1251,root,clean,optimum,0.00014777262396549872,0.00016777450975912704,8.529793322136016e-07,0.36826,0.0032118178387542944,50000,1.1353558274657034
91,15,5.0,fit,1272,root,clean,optimum,0.00014062787578528562,0.00014072301458062847,7.97233717380471e-07,0.47012,0.003001912682331889,50000,1.0006765287096286
91,19,8.0,fit,1271,root,clean,optimum,0.0001445893394416539,0.00014759610210487295,8.151779198595789e-07,0.44424,0.003069479981383615,50000,1.0207951891531557
91,25,26.0,fit,1258,root,clean,optimum,0.00015082936731795635,0.00016812506909189375,8.513171633962998e-07,0.36694,0.0032055590898528684,50000,1.1146706512232272
91,23,20.0,fit,1259,root,clean,optimum,0.00014616448734523438,0.00015940357781306112,8.423157786763059e-07,0.39978,0.0031716651759849447,50000,1.09057665585045
91,21,10.0,fit,1259,root,clean,optimum,0.00014609760762930858,0.00015331659303502077,8.280426981372408e-07,0.4227,0.0031179211602062997,50000,1.0494120713052935
91,17,6.0,fit,1272,root,clean,optimum,0.00014207774887896392,0.00014438795305955326,7.986615690596879e-07,0.45632,0.0030072891308825273,50000,1.0162601406540963
91,13,4.0,fit,1273,root,clean,optimum,0.00014019178837841234,0.0001386833966445312,7.935877094433799e-07,0.4778,0.0029881839636040873,50000,0.989240512933542
91,27,30.0,fit,1252,root,clean,optimum,0.00015200907801833158,0.00017163066241956097,8.57638626080245e-07,0.35374,0.003229361995560589,50000,1.1290816618127446
91,29,40.0,fit,1252,root,clean,optimum,0.00014777262396549872,0.0001692989117061581,8.482121626407248e-07,0.36252,0.0031938674855671928,50000,1.1456716891329293
91,15,5.0,fit,1273,root,clean,optimum,0.00014062787578528562,0.00014099390133776637,7.93567915705595e-07,0.4691,0.0029881094320442798,50000,1.002602795145961
91,19,8.0,fit,1272,root,clean,optimum,0.0001445893394416539,0.0001492320456577843,8.203058650652339e-07,0.43808,0.003088788803140099,50000,1.032109602506372
91,25,26.0,fit,1259,root,clean,optimum,0.00015082936731795635,0.00016750893450703105,8.552521377046823e-07,0.36926,0.003220375885760343,50000,1.1105856736368407
91,21,10.0,fit,1260,root,clean,optimum,0.00014609760762930858,0.00015253049028881666,8.256232732057882e-07,0.42566,0.0031088110307331738,50000,1.0440314031413171
91,23,20.0,fit,1260,root,clean,optimum,0.00014616448734523438,0.0001583094077744256,8.412363291614913e-07,0.4039,0.0031676006048086203,50000,1.0830907743035108
91,17,6.0,fit,1273,root,clean,optimum,0.00014207774887896392,0.00014408519727216384,8.048136403506414e-07,0.45746,0.0030304542083601895,50000,1.0141292243791817
91,13,4.0,fit,1274,root,clean,optimum,0.00014019178837841234,0.00013915612059326208,7.951542076525426e-07,0.47602,0.002994082473336449,50000,0.9926124932342346
91,27,30.0,fit,1253,root,clean,optimum,0.00015200907801833158,0.0001706905260271411,8.573791092445676e-07,0.35728,0.0032283848079889712,50000,1.12289692334399
91,29,40.0,fit,1253,root,clean,optimum,0.00014777262396549872,0.00016854467799020542,8.468155341894669e-07,0.36536,0.003188608605305439,50000,1.1405676739526291
91,15,5.0,fit,1274,root,clean,optimum,0.00014062787578528562,0.00014084517919659263,8.051895446704096e-07,0.46966,0.003031869642655371,50000,1.0015452371024844
91,19,8.0,fit,1273,root,clean,optimum,0.0001445893394416539,0.00014817505615444224,8.198236137607105e-07,0.44206,0.0030869729287289205,50000,1.0247993159567292
91,25,26.0,fit,1260,root,clean,optimum,0.00015082936731795635,0.00016620230426671873,8.224777498075846e-07,0.37418,0.0030969668420394677,50000,1.1019227039277795
91,21,10.0,fit,1261,root,clean,optimum,0.00014609760762930858,0.0001524986212585651,8.349153386070941e-07,0.42578,0.0031437994768627364,50000,1.0438132679454801
91,23,20.0,fit,1261,root,clean,optimum,0.00014616448734523438,0.00015845281841055746,8.355947161624452e-07,0.40336,0.0031463576126453036,50000,1.0840719335353912
91,17,6.0,fit,1274,root,clean,optimum,0.00014207774887896392,0.00014402677071670273,7.994954887529492e-07,0.45768,0.0030104291813453613,50000,1.0137179949226194
91,13,4.0,fit,1275,root,clean,optimum,0.00014019178837841234,0.00014047337384365821,7.962312760572448e-07,0.47106,0.002998138078654345,50000,1.0020085731732433
91,27,30.0,fit,1254,root,clean,optimum,0.00015200907801833158,0.00016982475070530814,8.263944859443905e-07,0.36054,0.00311171496373339,50000,1.1172013732286967
91,15,5.0,fit,1275,root,clean,optimum,0.00014062787578528562,0.00014220492448732417,7.979435322774683e-07,0.46454,0.0030045854272183017,50000,1.011214339214271
91,29,40.0,fit,1254,root,clean,optimum,0.00014777262396549872,0.00016760985310282752,8.324337006551722e-07,0.36888,0.003134455089792269,50000,1.1342415706305675
91,19,8.0,fit,1274,root,clean,optimum,0.0001445893394416539,0.000148190990669568,8.15470370436316e-07,0.442,0.0030705811780291194,50000,1.0249095212815982
91,25,26.0,fit,1261,root,clean,optimum,0.00015082936731795635,0.00016692466895241984,8.259555403124635e-07,0.37146,0.003110062152982152,50000,1.1067119879945775
91,21,10.0,fit,1262,root,clean,optimum,0.00014609760762930858,0.00015392210460979966,8.10591920100173e-07,0.42042,0.00305221180702169,50000,1.0535566400261944
91,23,20.0,fit,1262,root,clean,optimum,0.00014616448734523438,0.0001596691530651571,8.167715206774665e-07,0.39878,0.003075480543579491,50000,1.092393617390969
91,17,6.0,fit,1275,root,clean,optimum,0.00014207774887896392,0.00014573176383515904,8.057018799544486e-07,0.45126,0.0030337987956167087,50000,1.025718418155034
91,13,4.0,fit,1276,root,clean,optimum,0.00014019178837841234,0.00014000596139996928,7.862164322183776e-07,0.47282,0.002960428074578939,50000,0.9986744802916596
91,27,30.0,fit,1255,root,clean,optimum,0.00015200907801833158,0.00017163066241956097,8.519635046286442e-07,0.35374,0.0032079928302983477,50000,1.1290816618127446
91,15,5.0,fit,1276,root,clean,optimum,0.00014062787578528562,0.00014211462890161152,7.981437030236525e-07,0.46488,0.0030053391523662755,50000,1.0105722504021601
91,25,26.0,fit,1262,root,clean,optimum,0.00015082936731795635,0.00016740270440619264,8.263741116746506e-07,0.36966,0.00311163824623212,50000,1.1098813671564292
91,19,8.0,fit,1275,root,clean,optimum,0.0001445893394416539,0.00015056523342330623,8.192562802350687e-07,0.43306,0.003084836684778612,50000,1.0413301146870775
91,29,40.0,fit,1255,root,clean,optimum,0.00014777262396549872,0.0001698406852204339,8.4652373860594e-07,0.36048,0.0031875098749786336,50000,1.1493379535582149
91,21,10.0,fit,1263,root,clean,optimum,0.00014609760762930858,0.00015300852574258943,8.155468688585094e-07,0.42386,0.003070869226036566,50000,1.0473034310788705
91,23,20.0,fit,1263,root,clean,optimum,0.00014616448734523438,0.00015795353693661695,8.384402732132985e-07,0.40524,0.0031570723047274736,50000,1.080656045839215
91,17,6.0,fit,1276,root,clean,optimum,0.00014207774887896392,0.000144340149514176,7.875279171005304e-07,0.4565,0.002965366354301173,50000,1.0159236801896363
91,13,4.0,fit,1277,root,clean,optimum,0.00014019178837841234,0.00014069114555037695,7.949399441190728e-07,0.47024,0.002993275683050913,50000,1.0035619573567085
91,27,30.0,fit,1256,root,clean,optimum,0.00015200907801833158,0.0001715722358640998,8.373699007224712e-07,0.35396,0.003153041912277953,50000,1.128697299535025
91,15,5.0,fit,1277,root,clean,optimum,0.00014062787578528562,0.00014263515639571968,8.010507785505751e-07,0.46292,0.003016285486800599,50000,1.014273703554328
91,25,26.0,fit,1263,root,clean,optimum,0.00015082936731795635,0.00016536308647009535,8.299563941391873e-07,0.37734,0.0031251270123587235,50000,1.0963586827325287
91,19,8.0,fit,1276,root,clean,optimum,0.0001445893394416539,0.00014879119073930494,8.121952243776749e-07,0.43974,0.003058248906732029,50000,1.02906058851833
91,21,10.0,fit,1264,root,clean,optimum,0.00014609760762930858,0.00015461260026524925,8.300611651020538e-07,0.41782,0.003125521518104419,50000,1.0582829026026603
91,29,40.0,fit,1256,root,clean,optimum,0.00014777262396549872,0.00016879431872717567,8.266689812817447e-07,0.36442,0.0031127485515213627,50000,1.1422570310897708
91,23,20.0,fit,1264,root,clean,optimum,0.00014616448734523438,0.00016076863460883455,8.406878259455252e-07,0.39464,0.00316553526471523,50000,1.0999158381687186
91,17,6.0,fit,1277,root,clean,optimum,0.00014207774887896392,0.0001454290080477696,8.096436831275192e-07,0.4524,0.0030486413050070257,50000,1.0235875018801193
91,13,4.0,fit,1278,root,clean,optimum,0.00014019178837841234,0.00013988379678400514,8.028689306927273e-07,0.47328,0.003023131577043582,50000,0.9978030696521549
91,27,30.0,fit,1257,root,clean,optimum,0.00015200907801833158,0.00017204495981283072,8.439982389550699e-07,0.35218,0.0031780003305804335,50000,1.131807139782026
91,15,5.0,fit,1278,root,clean,optimum,0.00014062787578528562,0.00014145069077137152,8.094550190532586e-07,0.46738,0.003047930907209145,50000,1.0058510091366395
91,25,26.0,fit,1264,root,clean,optimum,0.00015082936731795635,0.00016835877531373822,8.347359273926742e-07,0.36606,0.0031431239198859325,50000,1.1162201254801325
91,21,10.0,fit,1265,root,clean,optimum,0.00014609760762930858,0.00015396990815517696,8.291779830616367e-07,0.42024,0.0031221959746531875,50000,1.05388384281995
91,23,20.0,fit,1265,root,clean,optimum,0.00014616448734523438,0.00015816599713829374,8.273990181572901e-07,0.40444,0.0031154974404701023,50000,1.0821096150716303
91,29,40.0,fit,1257,root,clean,optimum,0.00014777262396549872,0.00016916612408011006,8.413413558492864e-07,0.36302,0.003167996073463798,50000,1.1447730949110453
91,19,8.0,fit,1277,root,clean,optimum,0.0001445893394416539,0.00015020405108045568,8.146454238746969e-07,0.43442,0.0030674749150957008,50000,1.0388321273233803
91,17,6.0,fit,1278,root,clean,optimum,0.00014207774887896392,0.00014425516543350528,8.073330825495681e-07,0.45682,0.003039940943961653,50000,1.0153255282528182
91,13,4.0,fit,1279,root,clean,optimum,0.00014019178837841234,0.00013905520199746562,7.969000998014089e-07,0.4764,0.003000656474999206,50000,0.9918926322711655
91,27,30.0,fit,1258,root,clean,optimum,0.00015200907801833158,0.00017104639686494979,8.437987939246012e-07,0.35594,0.0031772493380504644,50000,1.1252380390355528
91,15,5.0,fit,1279,root,clean,optimum,0.00014062787578528562,0.00014145069077137152,8.026686890605285e-07,0.46738,0.0030223775849806227,50000,1.0058510091366395
91,25,26.0,fit,1265,root,clean,optimum,0.00015082936731795635,0.00016722742473980929,8.330159649194547e-07,0.37032,0.0031366475541114674,50000,1.1087192614637502
91,21,10.0,fit,1266,root,clean,optimum,0.00014609760762930858,0.00015282793457116418,8.24125597873815e-07,0.42454,0.003103171667425964,50000,1.046067331635795
91,23,20.0,fit,1266,root,clean,optimum,0.00014616448734523438,0.00015940888931810303,8.22806166260312e-07,0.39976,0.003098203464993359,50000,1.0906129950812604
91,19,8.0,fit,1278,root,clean,optimum,0.0001445893394416539,0.00014863184558804737,8.209125212495531e-07,0.44034,0.0030910731130655584,50000,1.02795853526964
91,29,40.0,fit,1258,root,clean,optimum,0.00014777262396549872,0.0001685924815355827,8.417428677209938e-07,0.36518,0.0031695079307190906,50000,1.1408911678725073
91,17,6.0,fit,1279,root,clean,optimum,0.00014207774887896392,0.00014416486984779263,8.076861944922455e-07,0.45716,0.003041270555587324,50000,1.0146899918199488
91,13,4.0,fit,1280,root,clean,optimum,0.00014019178837841234,0.00013997940387475968,7.985978867433453e-07,0.47292,0.0030070493407822075,50000,0.9984850431961151
91,27,30.0,fit,1259,root,clean,optimum,0.00015200907801833158,0.0001702602941187456,8.484576991931255e-07,0.3589,0.003194792031625091,50000,1.1200666192989672
91,25,26.0,fit,1266,root,clean,optimum,0.00015082936731795635,0.00016730709731543807,8.316239522703889e-07,0.37002,0.003131406054242486,50000,1.1092474913240589
91,15,5.0,fit,1280,root,clean,optimum,0.00014062787578528562,0.00014122229605456895,8.108763381633038e-07,0.46824,0.0030532827579513645,50000,1.0042269021413002
91,23,20.0,fit,1267,root,clean,optimum,0.00014616448734523438,0.00016047119032648702,8.256031281120543e-07,0.39576,0.003108735176173779,50000,1.0978808412433372
91,21,10.0,fit,1267,root,clean,optimum,0.00014609760762930858,0.00015505345518372865,8.226319221654014e-07,0.41616,0.003097547364345669,50000,1.061300439478404
91,19,8.0,fit,1279,root,clean,optimum,0.0001445893394416539,0.00014798915347797502,8.143153968873138e-07,0.44276,0.0030662322278167528,50000,1.0235135871665908
91,29,40.0,fit,1259,root,clean,optimum,0.00014777262396549872,0.0001681356921019776,8.551745459943921e-07,0.3669,0.0032200837210737696,50000,1.1378000037492273
91,17,6.0,fit,1280,root,clean,optimum,0.00014207774887896392,0.00014475975841248768,8.116391452622379e-07,0.45492,0.003056155040262739,50000,1.018877055377676
91,13,4.0,fit,1281,root,clean,optimum,0.00014019178837841234,0.0001407814411360896,7.854630584506424e-07,0.4699,0.002957591312637495,50000,1.00420604348156
91,27,30.0,fit,1260,root,clean,optimum,0.00015200907801833158,0.00016898022140364287,8.462946547759039e-07,0.36372,0.0031866472801840204,50000,1.111645591214392
91,25,26.0,fit,1267,root,clean,optimum,0.00015082936731795635,0.0001681410036070195,8.256766481842538e-07,0.36688,0.003109012009469123,50000,1.114776297195289
91,15,5.0,fit,1281,root,clean,optimum,0.00014062787578528562,0.00014230584308312064,7.901112696630274e-07,0.46416,0.002975093738694517,50000,1.0119319678866299
91,23,20.0,fit,1268,root,clean,optimum,0.00014616448734523438,0.00015930265921726463,8.280322708463318e-07,0.40016,0.0031178818971694514,50000,1.0898862104650526
91,21,10.0,fit,1268,root,clean,optimum,0.00014609760762930858,0.00015488879852742913,8.214078770463645e-07,0.41678,0.003092938331277353,50000,1.060173407633247
91,19,8.0,fit,1280,root,clean,optimum,0.0001445893394416539,0.00014879119073930494,8.214579758324727e-07,0.43974,0.0030931269738022596,50000,1.02906058851833
91,29,40.0,fit,1260,root,clean,optimum,0.00014777262396549872,0.00016662191316503037,8.338446795660079e-07,0.3726,0.0031397680054336924,50000,1.1275560296197522
91,17,6.0,fit,1281,root,clean,optimum,0.00014207774887896392,0.00014574238684524288,7.944433715947295e-07,0.45122,0.002991405883359774,50000,1.0257931871471364
91,13,4.0,fit,1282,root,clean,optimum,0.00014019178837841234,0.0001395385489562803,7.847589196994519e-07,0.47458,0.0029549399407734636,50000,0.9953403874100759
91,25,26.0,fit,1268,root,clean,optimum,0.00015082936731795635,0.0001668343733667072,8.206853336553033e-07,0.3718,0.003090217658378208,50000,1.1061133274862278
91,27,30.0,fit,1261,root,clean,optimum,0.00015200907801833158,0.00017083924816831489,8.476398637941646e-07,0.35672,0.0031917125451424223,50000,1.1238753000509119
91,15,5.0,fit,1282,root,clean,optimum,0.00014062787578528562,0.00014023966762181375,7.917488509267167e-07,0.47194,0.0029812599053488454,50000,0.9972394650683297
91,23,20.0,fit,1269,root,clean,optimum,0.00014616448734523438,0.0001589255423592883,8.463822821386361e-07,0.40158,0.0031869772332276136,50000,1.0873061250775153
91,21,10.0,fit,1269,root,clean,optimum,0.00014609760762930858,0.00015393803912492542,8.326740666031331e-07,0.42036,0.0031353601663988576,50000,1.053665707624113
91,19,8.0,fit,1281,root,clean,optimum,0.0001445893394416539,0.0001501296900098688,8.035705431257402e-07,0.4347,0.003025773436281126,50000,1.038317835807325
91,17,6.0,fit,1282,root,clean,optimum,0.00014207774887896392,0.00014362840783855874,7.983355793772077e-07,0.45918,0.0030060616457162426,50000,1.0109141577187841
91,29,40.0,fit,1261,root,clean,optimum,0.00014777262396549872,0.00016827910273810943,8.470338837947358e-07,0.36636,0.0031894307813310502,50000,1.1387704855088618
91,13,4.0,fit,1283,root,clean,optimum,0.00014019178837841234,0.00014138164120582655,7.989609552942145e-07,0.46764,0.0030084164431308023,50000,1.0084873218408663
91,25,26.0,fit,1269,root,clean,optimum,0.00015082936731795635,0.00016754080353728254,8.368347358163319e-07,0.36914,0.0031510267964043326,50000,1.110796965580964
91,27,30.0,fit,1262,root,clean,optimum,0.00015200907801833158,0.00017040901625991936,8.316040628168943e-07,0.35834,0.003131331162273684,50000,1.1210449960058888
91,15,5.0,fit,1283,root,clean,optimum,0.00014062787578528562,0.00014275200950664192,7.975264477159002e-07,0.46248,0.003003014932383876,50000,1.01510464201706
91,21,10.0,fit,1270,root,clean,optimum,0.00014609760762930858,0.00015521811184002814,8.199627020667577e-07,0.41554,0.003087496653379277,50000,1.0624274713235613
91,23,20.0,fit,1270,root,clean,optimum,0.00014616448734523438,0.00016016312303405569,8.323975326271378e-07,0.39692,0.0031343189022983334,50000,1.095773165856335
91,19,8.0,fit,1282,root,clean,optimum,0.0001445893394416539,0.00014849374645695742,8.111155110381487e-07,0.44086,0.0030541833421472084,50000,1.0270034224541087
91,17,6.0,fit,1283,root,clean,optimum,0.00014207774887896392,0.00014590173199650048,7.936817298391709e-07,0.45062,0.0029885379890452718,50000,1.0269147220286705
91,29,40.0,fit,1262,root,clean,optimum,0.00014777262396549872,0.00016785949383979777,8.292767007689024e-07,0.36794,0.0031225676874031016,50000,1.1359309277677092
91,27,30.0,fit,1263,root,clean,optimum,0.00015200907801833158,0.00016973445511959552,8.31018548637477e-07,0.36088,0.0031291264606879894,50000,1.1166073587994945
91,25,26.0,fit,1270,root,clean,optimum,0.00015082936731795635,0.00016888992581793022,8.399828559422948e-07,0.36406,0.0031628807628455466,50000,1.1197416578821897
91,19,8.0,fit,1283,root,clean,optimum,0.0001445893394416539,0.00015009782097961727,8.167044071497104e-07,0.43482,0.003075227833557656,50000,1.038097425157587
91,21,10.0,fit,1271,root,clean,optimum,0.00014609760762930858,0.00015260485135940353,8.160899995186037e-07,0.42538,0.0030729143362484843,50000,1.0445403852649366
91,23,20.0,fit,1271,root,clean,optimum,0.00014616448734523438,0.0001576454696441856,8.2575307002928e-07,0.4064,0.0031092997691320548,50000,1.0785483704522125
91,29,40.0,fit,1263,root,clean,optimum,0.00014777262396549872,0.0001675036230019891,8.340684056733104e-07,0.36928,0.003140610426199697,50000,1.1335226952530606
91,27,30.0,fit,1264,root,clean,optimum,0.00015200907801833158,0.00017179531907586046,8.504598014319932e-07,0.35312,0.003202330769602619,50000,1.1301648645954077
91,25,26.0,fit,1271,root,clean,optimum,0.00015082936731795635,0.0001660057785801677,8.35962966972691e-07,0.37492,0.003147744228330837,50000,1.1006197369390183
91,21,10.0,fit,1272,root,clean,optimum,0.00014609760762930858,0.00015392210460979966,8.167863859148635e-07,0.42042,0.0030755365173092707,50000,1.0535566400261944
91,23,20.0,fit,1272,root,clean,optimum,0.00014616448734523438,0.00015767733867443713,8.179944970793512e-07,0.40628,0.0030800855524883886,50000,1.078766405837075
91,29,40.0,fit,1264,root,clean,optimum,0.00014777262396549872,0.00016921923913052928,8.355809340135274e-07,0.36282,0.003146305717188897,50000,1.145132532599799
91,27,30.0,fit,1265,root,clean,optimum,0.00015200907801833158,0.00016992035779606272,8.324174214582421e-07,0.36018,0.00313439379192358,50000,1.1178303296831464
91,25,26.0,fit,1272,root,clean,optimum,0.00015082936731795635,0.00016577738386336512,8.245268052968289e-07,0.37578,0.0031046823783067684,50000,1.0991054780061336
91,23,20.0,fit,1273,root,clean,optimum,0.00014616448734523438,0.000158548425501312,8.176315627941734e-07,0.403,0.003078718955705317,50000,1.084726039689978
91,21,10.0,fit,1273,root,clean,optimum,0.00014609760762930858,0.00015296072219721216,8.257688762924984e-07,0.42404,0.0031093592862109004,50000,1.0469762282851152
91,29,40.0,fit,1265,root,clean,optimum,0.00014777262396549872,0.00016729116280031232,8.33986054980083e-07,0.37008,0.003140300341985985,50000,1.1320849444980465
91,27,30.0,fit,1266,root,clean,optimum,0.00015200907801833158,0.00016993098080614655,8.422521972619185e-07,0.36014,0.003171425765821966,50000,1.1179002137336407
91,25,26.0,fit,1273,root,clean,optimum,0.00015082936731795635,0.0001672858512952704,8.3030732949739e-07,0.3701,0.0031264484282490707,50000,1.1091066300279766
91,23,20.0,fit,1274,root,clean,optimum,0.00014616448734523438,0.00015971695661053437,8.295292404889165e-07,0.3986,0.00312351860326601,50000,1.0927206704682624
91,21,10.0,fit,1274,root,clean,optimum,0.00014609760762930858,0.00015370433290308095,8.175878529404431e-07,0.42124,0.003078554370137252,50000,1.052066049521309
91,29,40.0,fit,1266,root,clean,optimum,0.00014777262396549872,0.00016741332741627646,8.28723174150835e-07,0.36962,0.0031204834321357194,50000,1.1329116511821795
91,27,30.0,fit,1267,root,clean,optimum,0.00015200907801833158,0.00017080737913806334,8.3820892146014e-07,0.35684,0.0031562011702699795,50000,1.1236656478994285
91,25,26.0,fit,1274,root,clean,optimum,0.00015082936731795635,0.00016743988494148605,8.220519952014329e-07,0.36952,0.0030953637009229987,50000,1.110127874424573
91,23,20.0,fit,1275,root,clean,optimum,0.00014616448734523438,0.00016026404162985215,8.342471137030778e-07,0.39654,0.0031412833353972104,50000,1.096463611241732
91,21,10.0,fit,1275,root,clean,optimum,0.00014609760762930858,0.00015517561979969282,8.211342956519484e-07,0.4157,0.003091908184860257,50000,1.0621366243957788
91,29,40.0,fit,1267,root,clean,optimum,0.00014777262396549872,0.00016903333645406206,8.339242071947492e-07,0.36352,0.0031400674596490743,50000,1.1438745006891615
91,27,30.0,fit,1268,root,clean,optimum,0.00015200907801833158,0.0001701487525128653,8.286507723929648e-07,0.35932,0.0031202108097535554,50000,1.119332836768776
91,25,26.0,fit,1275,root,clean,optimum,0.00015082936731795635,0.0001689855329086848,8.302589402550127e-07,0.3637,0.0031262662228590905,50000,1.1203755337145602
91,23,20.0,fit,1276,root,clean,optimum,0.00014616448734523438,0.00015870245914752768,8.193905638938236e-07,0.40242,0.0030853423179567603,50000,1.0857798773834793
91,21,10.0,fit,1276,root,clean,optimum,0.00014609760762930858,0.00015319973992409855,8.164222808840118e-07,0.42314,0.0030741655121874533,50000,1.0486122422538917
91,29,40.0,fit,1268,root,clean,optimum,0.00014777262396549872,0.0001676523451431629,8.400678544008387e-07,0.36872,0.0031632008169841497,50000,1.1345291207815706
91,27,30.0,fit,1269,root,clean,optimum,0.00015200907801833158,0.00017014344100782335,8.526887967392965e-07,0.35934,0.00321072385325673,50000,1.1192978947435286
91,25,26.0,fit,1276,root,clean,optimum,0.00015082936731795635,0.0001668131273465395,8.24604610437454e-07,0.37188,0.0031049753466462922,50000,1.1059724661901456
91,21,10.0,fit,1277,root,clean,optimum,0.00014609760762930858,0.00015468164983079426,8.168369446163782e-07,0.41756,0.003075726891604751,50000,1.0587555288603072
91,23,20.0,fit,1277,root,clean,optimum,0.00014616448734523438,0.0001590477069752525,8.330397193384891e-07,0.40112,0.0031367369992643833,50000,1.0881419273861543
91,29,40.0,fit,1269,root,clean,optimum,0.00014777262396549872,0.00016758329557761792,8.400715578022971e-07,0.36898,0.0031632147618130793,50000,1.134061851786191
91,27,30.0,fit,1270,root,clean,optimum,0.00015200907801833158,0.00017112075793553663,8.511807452978472e-07,0.35566,0.003205045419631807,50000,1.1257272273890133
91,25,26.0,fit,1277,root,clean,optimum,0.00015082936731795635,0.00016828441424315135,8.27371161543016e-07,0.36634,0.003115392548865729,50000,1.1157271109438445
91,21,10.0,fit,1278,root,clean,optimum,0.00014609760762930858,0.00015327410099468544,8.221589645177522e-07,0.42286,0.00309576648437317,50000,1.0491212243775112
91,23,20.0,fit,1278,root,clean,optimum,0.00014616448734523438,0.00015813943961308415,8.344669058327426e-07,0.40454,0.003142110943120182,50000,1.0819279189175783
91,29,40.0,fit,1270,root,clean,optimum,0.00014777262396549872,0.00016977163565488893,8.36180518421965e-07,0.36074,0.0031485633989710117,50000,1.1488706845628351
91,27,30.0,fit,1271,root,clean,optimum,0.00015200907801833158,0.00016948481438262527,8.341897754080561e-07,0.36182,0.0031410674331451395,50000,1.114965083612876
91,25,26.0,fit,1278,root,clean,optimum,0.00015082936731795635,0.00016671220875074302,8.327018264597469e-07,0.37226,0.003135464693670863,50000,1.1053033750337544
91,21,10.0,fit,1279,root,clean,optimum,0.00014609760762930858,0.00015290229564175102,8.220758698297875e-07,0.42426,0.0030954535987134223,50000,1.046576313759414
91,23,20.0,fit,1279,root,clean,optimum,0.00014616448734523438,0.00015920174062146816,8.35817636691726e-07,0.40054,0.0031471970000788896,50000,1.0891957650796553
91,29,40.0,fit,1271,root,clean,optimum,0.00014777262396549872,0.0001672858512952704,8.374621816478118e-07,0.3701,0.0031533893878978093,50000,1.1320490007291713
91,27,30.0,fit,1272,root,clean,optimum,0.00015200907801833158,0.0001687996302322176,8.194491557535165e-07,0.3644,0.0030855629403951485,50000,1.1104575623559874
91,25,26.0,fit,1279,root,clean,optimum,0.00015082936731795635,0.00016729116280031232,8.414778269759059e-07,0.37008,0.003168509943357708,50000,1.1091418453519972
91,21,10.0,fit,1280,root,clean,optimum,0.00014609760762930858,0.00015439482855853054,8.225367776863965e-07,0.41864,0.0030971891062690827,50000,1.056792312097775
91,23,20.0,fit,1280,root,clean,optimum,0.00014616448734523438,0.0001592707901870131,8.412732590315211e-07,0.40028,0.0031677396609508563,50000,1.0896681750801902
91,29,40.0,fit,1272,root,clean,optimum,0.00014777262396549872,0.00016541620152051454,8.191316745252967e-07,0.37714,0.0030843674930569115,50000,1.1193967940850476
91,27,30.0,fit,1273,root,clean,optimum,0.00015200907801833158,0.00017025498261370367,8.365628313313685e-07,0.35892,0.00315000296424069,50000,1.12003167727372
91,25,26.0,fit,1280,root,clean,optimum,0.00015082936731795635,0.00016811444608180992,8.39310154934444e-07,0.36698,0.003160347767008993,50000,1.1146002205751862
91,21,10.0,fit,1281,root,clean,optimum,0.00014609760762930858,0.0001547719454165069,8.189990753075714e-07,0.41722,0.003083868202491699,50000,1.059373578581845
91,23,20.0,fit,1281,root,clean,optimum,0.00014616448734523438,0.0001599772203575885,8.327526270498012e-07,0.39762,0.0031356559787761333,50000,1.0945012927779716
91,29,40.0,fit,1273,root,clean,optimum,0.00014777262396549872,0.0001685393664851635,8.348434071502422e-07,0.36538,0.0031435286253572435,50000,1.1405317301837539
91,25,26.0,fit,1281,root,clean,optimum,0.00015082936731795635,0.00016820474166752254,8.283737742601928e-07,0.36664,0.0031191677979119556,50000,1.1151988810835358
91,27,30.0,fit,1274,root,clean,optimum,0.00015200907801833158,0.0001705789844212608,8.392173841168539e-07,0.3577,0.0031599984467434268,50000,1.122163140813799
91,21,10.0,fit,1282,root,clean,optimum,0.00014609760762930858,0.00015332721604510463,8.124643507551621e-07,0.42266,0.0030592622781789656,50000,1.0494847830372394
91,23,20.0,fit,1282,root,clean,optimum,0.00014616448734523438,0.00015839970336013827,8.165871223351157e-07,0.40356,0.0030747862080158592,50000,1.0837085412272875
91,29,40.0,fit,1274,root,clean,optimum,0.00014777262396549872,0.00016799228146584575,8.31352866562095e-07,0.36744,0.0031303853051095967,50000,1.1368295219895928
91,27,30.0,fit,1275,root,clean,optimum,0.00015200907801833158,0.0001712747915817523,8.38924697906351e-07,0.35508,0.003158896362839927,50000,1.1267405461211821
91,25,26.0,fit,1282,root,clean,optimum,0.00015082936731795635,0.0001664360104885632,8.303161504383126e-07,0.3733,0.003126481642717863,50000,1.1034721781846848
91,21,10.0,fit,1283,root,clean,optimum,0.00014609760762930858,0.0001549737826080998,8.352195514582313e-07,0.41646,0.003144944963306734,50000,1.0607551014888117
91,23,20.0,fit,1283,root,clean,optimum,0.00014616448734523438,0.00016084299567942141,8.395885255818883e-07,0.39436,0.003161395946932564,50000,1.100424587400064
91,29,40.0,fit,1275,root,clean,optimum,0.00014777262396549872,0.0001690174019389363,8.202818336500453e-07,0.36358,0.003088698314982792,50000,1.1437666693825355
91,27,30.0,fit,1276,root,clean,optimum,0.00015200907801833158,0.00016951668341287678,8.33653907706849e-07,0.3617,0.0031390496709591763,50000,1.115174735764359
91,25,26.0,fit,1283,root,clean,optimum,0.00015082936731795635,0.00016905989397927165,8.356380934416504e-07,0.36342,0.003146520945933563,50000,1.120868548250848
91,29,40.0,fit,1276,root,clean,optimum,0.00014777262396549872,0.00016785418233475582,8.356582676032949e-07,0.36796,0.003146596909945591,50000,1.1358949839988337
91,27,30.0,fit,1277,root,clean,optimum,0.00015200907801833158,0.00017105170836999168,8.438201493866705e-07,0.35592,0.003177329750144215,50000,1.1252729810607998
91,29,40.0,fit,1277,root,clean,optimum,0.00014777262396549872,0.00016888461431288832,8.362435570927139e-07,0.36408,0.0031488007654810737,50000,1.142868075160652
91,27,30.0,fit,1278,root,clean,optimum,0.00015200907801833158,0.00017045681980529663,8.421863972080002e-07,0.35816,0.003171178001569089,50000,1.1213594742331134
91,29,40.0,fit,1278,root,clean,optimum,0.00014777262396549872,0.00016785949383979777,8.399033631503253e-07,0.36794,0.0031625814398049314,50000,1.1359309277677092
91,27,30.0,fit,1279,root,clean,optimum,0.00015200907801833158,0.00017003721090698496,8.38769098556845e-07,0.35974,0.0031583104673233906,50000,1.1185990542385849
91,29,40.0,fit,1279,root,clean,optimum,0.00014777262396549872,0.0001675514265473664,8.406690448561509e-07,0.3691,0.0031654645461929804,50000,1.1338461891729388
91,27,30.0,fit,1280,root,clean,optimum,0.00015200907801833158,0.00017088705171369213,8.493855044205442e-07,0.35654,0.0031982855997196185,50000,1.1241897782781365
91,29,40.0,fit,1280,root,clean,optimum,0.00014777262396549872,0.00016776919825408512,8.447825467874125e-07,0.36828,0.00318095357199187,50000,1.1353198836968281
91,27,30.0,fit,1281,root,clean,optimum,0.00015200907801833158,0.00017194404121703423,8.417956269737441e-07,0.35256,0.0031697065909946018,50000,1.1311432413023292
91,29,40.0,fit,1281,root,clean,optimum,0.00014777262396549872,0.00016950606040279297,8.255210690142266e-07,0.36174,0.00310842618993662,50000,1.1470734961190678
91,27,30.0,fit,1282,root,clean,optimum,0.00015200907801833158,0.0001702071790683264,8.284550576755477e-07,0.3591,0.003119473863385728,50000,1.1197171990464951
91,29,40.0,fit,1282,root,clean,optimum,0.00014777262396549872,0.00016702027604317439,8.417965898051025e-07,0.3711,0.0031697102164504787,50000,1.1302518122854035
91,27,30.0,fit,1283,root,clean,optimum,0.00015200907801833158,0.00017172095800527362,8.440822742538561e-07,0.3534,0.003178316758026601,50000,1.129675676241947
91,29,40.0,fit,1283,root,clean,optimum,0.00014777262396549872,0.00016947950287758337,8.402430467829032e-07,0.36184,0.0031638604883228076,50000,1.1468937772746912
