channel,wp,vbias,gen,seed,train,nps,filter,BI_analytic,BI_mc,sigma_BI,rp,sigma_rp,nsim,ratio
31,1,0.6,fit,1234,fit,clean,optimum,8.928260828105277e-05,9.280792759746815e-05,6.636221975951028e-07,0.65054,0.002498810383714583,50000,1.0394849499167635
31,3,1.0,fit,1234,fit,clean,optimum,4.723184442704595e-05,5.21111759662771e-05,5.153730570225752e-07,0.80378,0.0019405914254249806,50000,1.103305970758092
31,5,1.4,fit,1234,fit,clean,optimum,4.495741566883621e-05,4.9667883646993905e-05,5.031661107651747e-07,0.81298,0.0018946272545880538,50000,1.104776217851484
31,13,4.0,fit,1234,fit,clean,optimum,7.380701400951144e-05,7.846155247924225e-05,6.163194761991958e-07,0.70456,0.0023206961918891787,50000,1.0630636333442645
31,11,3.0,fit,1234,fit,clean,optimum,6.475049925611055e-05,6.989409484662527e-05,5.953441866099086e-07,0.73682,0.0022417156038119996,50000,1.0794371572359625
31,9,2.0,fit,1234,fit,clean,optimum,6.29400218148234e-05,6.855028407101953e-05,5.889529363454358e-07,0.74188,0.002217649919174477,50000,1.0891366430202734
31,7,1.8,fit,1234,fit,clean,optimum,6.163978911749433e-05,6.776418132481538e-05,5.878075687366071e-07,0.74484,0.002213337139275789,50000,1.0993577735259132
31,17,6.0,fit,1234,fit,clean,optimum,6.49687883170849e-05,6.992065237183487e-05,5.813573930700179e-07,0.73672,0.002189049576275538,50000,1.0762191227975815
31,15,5.0,fit,1234,fit,clean,optimum,6.95795352937034e-05,7.413798737511935e-05,6.01938286148632e-07,0.72084,0.0022665450993567867,50000,1.0655142645344524
31,19,8.0,fit,1234,fit,clean,optimum,5.9256742160289614e-05,6.434888358286078e-05,5.619606069540146e-07,0.7577,0.0021160127026854047,50000,1.0859335366226668
31,21,10.0,fit,1234,fit,clean,optimum,5.9156379055224885e-05,6.424796498706432e-05,5.628354635406525e-07,0.75808,0.0021193068973806304,50000,1.08606993891709
31,3,1.0,fit,1235,fit,clean,optimum,4.723184442704595e-05,5.139943429065985e-05,5.095033229312238e-07,0.80646,0.0019184894635703815,50000,1.088236864644385
31,5,1.4,fit,1235,fit,clean,optimum,4.495741566883621e-05,4.9221717223472624e-05,5.001100634856402e-07,0.81466,0.0018831199802640522,50000,1.094852016985317
31,7,1.8,fit,1235,fit,clean,optimum,6.163978911749433e-05,6.603263068114943e-05,5.762488540296844e-07,0.75136,0.0021698138267092085,50000,1.0712663301829555
31,13,4.0,fit,1235,fit,clean,optimum,7.380701400951144e-05,7.600232564483328e-05,6.085949748158755e-07,0.71382,0.002291610268700342,50000,1.0297439432387676
31,11,3.0,fit,1235,fit,clean,optimum,6.475049925611055e-05,6.864057965673217e-05,5.861982053967117e-07,0.74154,0.0022072772247047068,50000,1.060077998553108
31,1,0.6,fit,1235,fit,clean,optimum,8.928260828105277e-05,9.111886899413758e-05,6.585084849657153e-07,0.6569,0.002479555153458644,50000,1.020566835450242
31,9,2.0,fit,1235,fit,clean,optimum,6.29400218148234e-05,6.704181663911424e-05,5.780751948647945e-07,0.74756,0.002176690750747484,50000,1.0651698983574993
31,15,5.0,fit,1235,fit,clean,optimum,6.95795352937034e-05,7.221522254994433e-05,5.979978861775064e-07,0.72808,0.0022517078735986382,50000,1.037880207809888
31,17,6.0,fit,1235,fit,clean,optimum,6.49687883170849e-05,6.834313537438464e-05,5.780039340012007e-07,0.74266,0.002176422424301283,50000,1.0519379712121302
31,21,10.0,fit,1235,fit,clean,optimum,5.9156379055224885e-05,6.34193702005248e-05,5.623514238841552e-07,0.7612,0.002117484289089093,50000,1.0720630845461356
31,19,8.0,fit,1235,fit,clean,optimum,5.9256742160289614e-05,6.304225334254849e-05,5.585434897825328e-07,0.76262,0.0021031458517852815,50000,1.0638832147069284
31,11,3.0,fit,1236,fit,clean,optimum,6.475049925611055e-05,7.00587515029248e-05,5.890781041744331e-07,0.7362,0.0022181212275061437,50000,1.0819800975714224
31,7,1.8,fit,1236,fit,clean,optimum,6.163978911749433e-05,6.730208038616832e-05,5.848649957569372e-07,0.74658,0.0022022571423391535,50000,1.0918609772963506
31,13,4.0,fit,1236,fit,clean,optimum,7.380701400951144e-05,7.720272578430719e-05,6.083706906630465e-07,0.7093,0.002290765746663522,50000,1.0460079820375627
31,9,2.0,fit,1236,fit,clean,optimum,6.29400218148234e-05,6.827408580883967e-05,5.802979578018661e-07,0.74292,0.0021850603669655946,50000,1.0847483658284975
31,3,1.0,fit,1236,fit,clean,optimum,4.723184442704595e-05,5.246173529904385e-05,5.103685595551454e-07,0.80246,0.0019217474351512906,50000,1.1107280677991722
31,5,1.4,fit,1236,fit,clean,optimum,4.495741566883621e-05,5.065051207974912e-05,5.037803718522099e-07,0.80928,0.001896940200098553,50000,1.1266330888067322
31,1,0.6,fit,1236,fit,clean,optimum,8.928260828105277e-05,9.245736826470143e-05,6.600058506159775e-07,0.65186,0.002485193350686904,50000,1.0355585488010703
31,15,5.0,fit,1236,fit,clean,optimum,6.95795352937034e-05,7.314473593228032e-05,5.974576256516963e-07,0.72458,0.002249673570622189,50000,1.0512392131325365
31,17,6.0,fit,1236,fit,clean,optimum,6.49687883170849e-05,6.889022039370239e-05,5.80365899908605e-07,0.7406,0.0021853161969279224,50000,1.0603587072838523
31,21,10.0,fit,1236,fit,clean,optimum,5.9156379055224885e-05,6.349373127111167e-05,5.604849933381825e-07,0.76092,0.0021104564108088606,50000,1.0733201099384004
31,19,8.0,fit,1236,fit,clean,optimum,5.9256742160289614e-05,6.362120739211775e-05,5.614394738809099e-07,0.76044,0.002114050422431534,50000,1.0736534792956092
31,11,3.0,fit,1237,fit,clean,optimum,6.475049925611055e-05,6.906018855504384e-05,5.839980081282178e-07,0.73996,0.0021989925775053563,50000,1.06655839489186
31,7,1.8,fit,1237,fit,clean,optimum,6.163978911749433e-05,6.594233509543679e-05,5.759654245846552e-07,0.7517,0.002168746598333099,50000,1.069801438965685
31,13,4.0,fit,1237,fit,clean,optimum,7.380701400951144e-05,7.670875581540863e-05,6.156508892895563e-07,0.71116,0.002318178687323664,50000,1.039315258107085
31,9,2.0,fit,1237,fit,clean,optimum,6.29400218148234e-05,6.680279891222784e-05,5.786349741682603e-07,0.74846,0.00217879854994582,50000,1.0613723507876938
31,3,1.0,fit,1237,fit,clean,optimum,4.723184442704595e-05,5.136756526040833e-05,5.086499607131837e-07,0.80658,0.001915276204009089,50000,1.0875621285497412
31,5,1.4,fit,1237,fit,clean,optimum,4.495741566883621e-05,4.8653386183987204e-05,4.954522667117008e-07,0.8168,0.001865581460627231,50000,1.0822104754057957
31,1,0.6,fit,1237,fit,clean,optimum,8.928260828105277e-05,9.111355748909569e-05,6.565168194717194e-07,0.65692,0.0024720557141160206,50000,1.0205073445242467
31,15,5.0,fit,1237,fit,clean,optimum,6.95795352937034e-05,7.355903332555007e-05,5.986998126826449e-07,0.72302,0.0022543509154468473,50000,1.0571935126477743
31,17,6.0,fit,1237,fit,clean,optimum,6.49687883170849e-05,6.924077972646911e-05,5.814522355202213e-07,0.73928,0.002189406697089525,50000,1.0657545187472859
31,21,10.0,fit,1237,fit,clean,optimum,5.9156379055224885e-05,6.332376310977023e-05,5.623272419490918e-07,0.76156,0.0021173932341625795,50000,1.0704469090417945
31,19,8.0,fit,1237,fit,clean,optimum,5.9256742160289614e-05,6.384429060387838e-05,5.660178294437924e-07,0.7596,0.0021312898132510804,50000,1.077418168403174
31,11,3.0,fit,1238,fit,clean,optimum,6.475049925611055e-05,6.848123450547455e-05,5.832171137796981e-07,0.74214,0.0021960521892637687,50000,1.0576170885510499
31,7,1.8,fit,1238,fit,clean,optimum,6.163978911749433e-05,6.675499536685057e-05,5.793469311970515e-07,0.74864,0.0021814793608390497,50000,1.082985459921122
31,13,4.0,fit,1238,fit,clean,optimum,7.380701400951144e-05,7.718679126918145e-05,6.107129488571528e-07,0.70936,0.0022995853116479113,50000,1.045792087717225
31,9,2.0,fit,1238,fit,clean,optimum,6.29400218148234e-05,6.774293530464767e-05,5.878523076734069e-07,0.74492,0.0022135055997646587,50000,1.0763093712289293
31,3,1.0,fit,1238,fit,clean,optimum,4.723184442704595e-05,5.241393175366655e-05,5.152866766451834e-07,0.80264,0.0019402661677938196,50000,1.1097159636572065
31,5,1.4,fit,1238,fit,clean,optimum,4.495741566883621e-05,5.020434565622783e-05,5.048772651862168e-07,0.81096,0.0019010704544251513,50000,1.1167088879405653
31,1,0.6,fit,1238,fit,clean,optimum,8.928260828105277e-05,9.214398946722817e-05,6.607957605589659e-07,0.65304,0.002488167686347905,50000,1.0320485841673448
31,15,5.0,fit,1238,fit,clean,optimum,6.95795352937034e-05,7.346342623479552e-05,6.011778774607836e-07,0.72338,0.0022636818480491175,50000,1.0558194435288732
31,21,10.0,fit,1238,fit,clean,optimum,5.9156379055224885e-05,6.376992953329152e-05,5.606854264738219e-07,0.75988,0.0021112111239609994,50000,1.0779890613953855
31,17,6.0,fit,1238,fit,clean,optimum,6.49687883170849e-05,6.89698929693312e-05,5.806436816910599e-07,0.7403,0.0021863621595327306,50000,1.0615850280709966
31,19,8.0,fit,1238,fit,clean,optimum,5.9256742160289614e-05,6.383897909883649e-05,5.600584013873071e-07,0.75962,0.002108850116745281,50000,1.0773285329482325
31,11,3.0,fit,1239,fit,clean,optimum,6.475049925611055e-05,6.946917444327169e-05,5.902993106429672e-07,0.73842,0.0022227195718883706,50000,1.0728747305638084
31,7,1.8,fit,1239,fit,clean,optimum,6.163978911749433e-05,6.607512272148481e-05,5.724595328428468e-07,0.7512,0.0021555454746811815,50000,1.0719556907557892
31,13,4.0,fit,1239,fit,clean,optimum,7.380701400951144e-05,7.697433106750463e-05,6.089478192700493e-07,0.71016,0.0022929388731218344,50000,1.042913496779385
31,9,2.0,fit,1239,fit,clean,optimum,6.29400218148234e-05,6.774293530464767e-05,5.789551010686529e-07,0.74492,0.002180003959327402,50000,1.0763093712289293
31,3,1.0,fit,1239,fit,clean,optimum,4.723184442704595e-05,5.156409094695936e-05,5.081310212333795e-07,0.80584,0.0019133221835357635,50000,1.0917230011333767
31,1,0.6,fit,1239,fit,clean,optimum,8.928260828105277e-05,9.119854156976641e-05,6.685877898834007e-07,0.6566,0.002517507879995234,50000,1.0214591993401725
31,5,1.4,fit,1239,fit,clean,optimum,4.495741566883621e-05,4.94766694654848e-05,5.027284453359389e-07,0.8137,0.0018929792643262292,50000,1.1005229889088415
31,15,5.0,fit,1239,fit,clean,optimum,6.95795352937034e-05,7.293227573060351e-05,5.967820675756593e-07,0.72538,0.0022471298167493965,50000,1.0481857262016454
31,21,10.0,fit,1239,fit,clean,optimum,5.9156379055224885e-05,6.313786043330302e-05,5.597119651995286e-07,0.76226,0.0021075456420811536,50000,1.0673043455611315
31,17,6.0,fit,1239,fit,clean,optimum,6.49687883170849e-05,6.844936547522302e-05,5.792039946310592e-07,0.74226,0.0021809411459080114,50000,1.0535730655949886
31,19,8.0,fit,1239,fit,clean,optimum,5.9256742160289614e-05,6.333969762489601e-05,5.605153190682594e-07,0.7615,0.0021105705996492647,50000,1.068902800183682
31,11,3.0,fit,1240,fit,clean,optimum,6.475049925611055e-05,6.926202574663681e-05,5.901754188219408e-07,0.7392,0.0022222530682512714,50000,1.0696755475611335
31,7,1.8,fit,1240,fit,clean,optimum,6.163978911749433e-05,6.614417228702974e-05,5.719804873162884e-07,0.75094,0.002153741671341911,50000,1.073075901686643
31,13,4.0,fit,1240,fit,clean,optimum,7.380701400951144e-05,7.697433106750463e-05,6.138140701642527e-07,0.71016,0.002311262308215268,50000,1.042913496779385
31,9,2.0,fit,1240,fit,clean,optimum,6.29400218148234e-05,6.747736005255168e-05,5.855159728981755e-07,0.74592,0.002204708338887403,50000,1.0720898739291453
31,3,1.0,fit,1240,fit,clean,optimum,4.723184442704595e-05,5.1845600714181105e-05,5.079707294619204e-07,0.80478,0.0019127186191215566,50000,1.0976831699693952
31,1,0.6,fit,1240,fit,clean,optimum,8.928260828105277e-05,9.062489902523904e-05,6.637966774075535e-07,0.65876,0.0024994673719357127,50000,1.0150341793326745
31,5,1.4,fit,1240,fit,clean,optimum,4.495741566883621e-05,4.946604645540095e-05,4.995710619339171e-07,0.81374,0.001881090417842595,50000,1.1002866984120276
31,15,5.0,fit,1240,fit,clean,optimum,6.95795352937034e-05,7.247548629699841e-05,5.985623102300849e-07,0.7271,0.0022538331621868024,50000,1.0416207293002298
31,21,10.0,fit,1240,fit,clean,optimum,5.9156379055224885e-05,6.352028879632126e-05,5.598900031450416e-07,0.76082,0.002108216028135983,50000,1.0737690475784951
31,17,6.0,fit,1240,fit,clean,optimum,6.49687883170849e-05,6.779073885002497e-05,5.782176162905508e-07,0.74474,0.0021772270259637636,50000,1.0434354804212653
31,11,3.0,fit,1241,fit,clean,optimum,6.475049925611055e-05,6.960196206931968e-05,5.867415290690637e-07,0.73792,0.002209323061687121,50000,1.0749254888988564
31,7,1.8,fit,1241,fit,clean,optimum,6.163978911749433e-05,6.680811041726976e-05,5.81732827023362e-07,0.74844,0.0021904632394477686,50000,1.0838471606371636
31,19,8.0,fit,1240,fit,clean,optimum,5.9256742160289614e-05,6.289353120137473e-05,5.578598928979521e-07,0.76318,0.0021005718284936325,50000,1.0613734219685516
31,13,4.0,fit,1241,fit,clean,optimum,7.380701400951144e-05,7.696370805742079e-05,6.129468610504744e-07,0.7102,0.0023079969093991737,50000,1.042769567232493
31,9,2.0,fit,1241,fit,clean,optimum,6.29400218148234e-05,6.828470881892352e-05,5.836972731921049e-07,0.74288,0.0021978601868411682,50000,1.084917145720489
31,3,1.0,fit,1241,fit,clean,optimum,4.723184442704595e-05,5.2339570683079685e-05,5.128785077433655e-07,0.80292,0.0019311984218995319,50000,1.1081415794363716
31,1,0.6,fit,1241,fit,clean,optimum,8.928260828105277e-05,9.209087441680895e-05,6.57142572419495e-07,0.65324,0.002474411931206419,50000,1.031453674907391
31,5,1.4,fit,1241,fit,clean,optimum,4.495741566883621e-05,4.980598277808385e-05,4.99441854661811e-07,0.81246,0.0018806038993470409,50000,1.1078479943100599
31,15,5.0,fit,1241,fit,clean,optimum,6.95795352937034e-05,7.253391285245952e-05,5.967151550599569e-07,0.72688,0.002246877863620578,50000,1.0424604382062246
31,21,10.0,fit,1241,fit,clean,optimum,5.9156379055224885e-05,6.222959307113471e-05,5.545033352261249e-07,0.76568,0.002087933009005234,50000,1.051950678269893
31,7,1.8,fit,1242,fit,clean,optimum,6.163978911749433e-05,6.59157775702272e-05,5.750320455989086e-07,0.7518,0.0021652320427471396,50000,1.069370588607664
31,11,3.0,fit,1242,fit,clean,optimum,6.475049925611055e-05,6.860871062648064e-05,5.84331975716559e-07,0.74166,0.002200250102766861,50000,1.0595858165526961
31,17,6.0,fit,1241,fit,clean,optimum,6.49687883170849e-05,6.785447691052799e-05,5.792603952359475e-07,0.7445,0.0021811535173712525,50000,1.0444165370509801
31,13,4.0,fit,1242,fit,clean,optimum,7.380701400951144e-05,7.705931514817535e-05,6.12280630682656e-07,0.70984,0.0023054882781823704,50000,1.0440649331545209
31,9,2.0,fit,1242,fit,clean,optimum,6.29400218148234e-05,6.741893349709055e-05,5.822737731678641e-07,0.74614,0.0021925001240604455,50000,1.0711615845231928
31,19,8.0,fit,1241,fit,clean,optimum,5.9256742160289614e-05,6.261733293919488e-05,5.589915588339192e-07,0.76422,0.002104833015961349,50000,1.056712378311566
31,3,1.0,fit,1242,fit,clean,optimum,4.723184442704595e-05,5.1521598906623984e-05,5.092990424686514e-07,0.806,0.0019177202636507349,50000,1.090823353007185
31,1,0.6,fit,1242,fit,clean,optimum,8.928260828105277e-05,9.206431689159935e-05,6.662534514993726e-07,0.65334,0.002508718136351559,50000,1.0311562202774145
31,5,1.4,fit,1242,fit,clean,optimum,4.495741566883621e-05,4.989627836379649e-05,5.028692694344121e-07,0.81212,0.0018935095249486395,50000,1.1098564635329744
31,15,5.0,fit,1242,fit,clean,optimum,6.95795352937034e-05,7.309693238690304e-05,5.959882682963256e-07,0.72476,0.0022441408361381808,50000,1.0505521785730862
31,21,10.0,fit,1242,fit,clean,optimum,5.9156379055224885e-05,6.327064805935104e-05,5.577537450592147e-07,0.76176,0.00210017213824426,50000,1.0695490337616052
31,11,3.0,fit,1243,fit,clean,optimum,6.475049925611055e-05,6.956478153402623e-05,5.860896554612115e-07,0.73806,0.0022068684895735395,50000,1.074351276565043
31,7,1.8,fit,1243,fit,clean,optimum,6.163978911749433e-05,6.619728733744896e-05,5.748878125294523e-07,0.75074,0.002164688945947577,50000,1.0739376024026848
31,13,4.0,fit,1243,fit,clean,optimum,7.380701400951144e-05,7.671406732045056e-05,6.103597579911435e-07,0.71114,0.002298255402843451,50000,1.0393872228805312
31,9,2.0,fit,1243,fit,clean,optimum,6.29400218148234e-05,6.792883798111488e-05,5.836676044486545e-07,0.74422,0.0021977484718254947,50000,1.0792630193387784
31,17,6.0,fit,1242,fit,clean,optimum,6.49687883170849e-05,6.856621858614527e-05,5.787174425567503e-07,0.74182,0.0021791090773305784,50000,1.0553716694161333
31,19,8.0,fit,1242,fit,clean,optimum,5.9256742160289614e-05,6.344061622069248e-05,5.590063477120774e-07,0.76112,0.002104888702167204,50000,1.0706058738275803
31,3,1.0,fit,1243,fit,clean,optimum,4.723184442704595e-05,5.1962453825103346e-05,5.103999419960312e-07,0.80434,0.001921865602942296,50000,1.1001572023164217
31,1,0.6,fit,1243,fit,clean,optimum,8.928260828105277e-05,9.166595401345536e-05,6.610526987253431e-07,0.65484,0.002489135164169537,50000,1.0266944008277632
31,5,1.4,fit,1243,fit,clean,optimum,4.495741566883621e-05,4.966257214195201e-05,5.0036353568733e-07,0.813,0.0018840744073038058,50000,1.1046580726030777
31,21,10.0,fit,1243,fit,clean,optimum,5.9156379055224885e-05,6.266513648457215e-05,5.547291936846749e-07,0.76404,0.002088783458950278,50000,1.059313255567446
31,11,3.0,fit,1244,fit,clean,optimum,6.475049925611055e-05,6.942137089789439e-05,5.885184998855634e-07,0.7386,0.002216014087309709,50000,1.0721364575631909
31,15,5.0,fit,1243,fit,clean,optimum,6.95795352937034e-05,7.2236468570112e-05,5.918908126663755e-07,0.728,0.002228712231260235,50000,1.0381855565029772
31,7,1.8,fit,1244,fit,clean,optimum,6.163978911749433e-05,6.590515456014337e-05,5.726444107898531e-07,0.75184,0.0021562416161535034,50000,1.069198248464456
31,13,4.0,fit,1244,fit,clean,optimum,7.380701400951144e-05,7.696370805742079e-05,6.119058832000695e-07,0.7102,0.002304077199854744,50000,1.042769567232493
31,9,2.0,fit,1244,fit,clean,optimum,6.29400218148234e-05,6.753047510297087e-05,5.827189216158155e-07,0.74572,0.0021941762909639434,50000,1.072933773389102
31,19,8.0,fit,1243,fit,clean,optimum,5.9256742160289614e-05,6.256421788877569e-05,5.572666791927849e-07,0.76442,0.0020983381350282763,50000,1.055816023762146
31,17,6.0,fit,1243,fit,clean,optimum,6.49687883170849e-05,6.781198487019263e-05,5.793844852508444e-07,0.74466,0.0021816207672897504,50000,1.0437624992978367
31,3,1.0,fit,1244,fit,clean,optimum,4.723184442704595e-05,5.164907502763008e-05,5.101952736114679e-07,0.80552,0.0019210949423368816,50000,1.0935222973857597
31,1,0.6,fit,1244,fit,clean,optimum,8.928260828105277e-05,9.223428505294082e-05,6.645983438208424e-07,0.6527,0.0025024859755403855,50000,1.033059929909266
31,5,1.4,fit,1244,fit,clean,optimum,4.495741566883621e-05,4.9614768596574714e-05,5.001513252802319e-07,0.81318,0.001883275347883083,50000,1.1035947653674165
31,11,3.0,fit,1245,fit,clean,optimum,6.475049925611055e-05,6.980911076595455e-05,5.926326793259929e-07,0.73714,0.002231505664209135,50000,1.0781246719015316
31,7,1.8,fit,1245,fit,clean,optimum,6.163978911749433e-05,6.698339008365312e-05,5.786516486936552e-07,0.74778,0.0021788613363886954,50000,1.0866907730001008
31,15,5.0,fit,1244,fit,clean,optimum,6.95795352937034e-05,7.316598195244799e-05,5.983425023734773e-07,0.7245,0.002253005495245426,50000,1.0515445618256256
31,21,10.0,fit,1244,fit,clean,optimum,5.9156379055224885e-05,6.336094364506368e-05,5.601436106995961e-07,0.76142,0.002109170964834915,50000,1.0710754217379272
31,9,2.0,fit,1245,fit,clean,optimum,6.29400218148234e-05,6.832188935421696e-05,5.865618948927631e-07,0.74274,0.002208646665167178,50000,1.085507875342459
31,13,4.0,fit,1245,fit,clean,optimum,7.380701400951144e-05,7.7149610733888e-05,6.107622342099673e-07,0.7095,0.002299770891262072,50000,1.045288334303103
31,19,8.0,fit,1244,fit,clean,optimum,5.9256742160289614e-05,6.351497729127937e-05,5.635279227973681e-07,0.76084,0.0021219142911466176,50000,1.0718607701967688
31,17,6.0,fit,1244,fit,clean,optimum,6.49687883170849e-05,6.87096292222771e-05,5.835279528622708e-07,0.74128,0.0021972226261931117,50000,1.0575790468329924
31,3,1.0,fit,1245,fit,clean,optimum,4.723184442704595e-05,5.21589795116544e-05,5.117969354605787e-07,0.8036,0.001927125857629139,50000,1.1043180749000576
31,1,0.6,fit,1245,fit,clean,optimum,8.928260828105277e-05,9.17296920739584e-05,6.629224069299847e-07,0.6546,0.002496175384182077,50000,1.0274082919397074
31,5,1.4,fit,1245,fit,clean,optimum,4.495741566883621e-05,4.989096685875456e-05,5.033692758463355e-07,0.81214,0.0018953922546381613,50000,1.1097383182845677
31,11,3.0,fit,1246,fit,clean,optimum,6.475049925611055e-05,7.01649816037632e-05,5.918743067748889e-07,0.7358,0.002228650079793348,50000,1.0836207042394608
31,7,1.8,fit,1246,fit,clean,optimum,6.163978911749433e-05,6.6659388276096e-05,5.800088584928827e-07,0.749,0.002183971789220862,50000,1.081434398632247
31,21,10.0,fit,1245,fit,clean,optimum,5.9156379055224885e-05,6.287228518120702e-05,5.57828066931057e-07,0.76326,0.0021004519906448723,50000,1.0628149691601845
31,15,5.0,fit,1245,fit,clean,optimum,6.95795352937034e-05,7.325096603311871e-05,6.017531924018156e-07,0.72418,0.0022658481453094667,50000,1.052765956597982
31,9,2.0,fit,1246,fit,clean,optimum,6.29400218148234e-05,6.818379022312703e-05,5.830030231682549e-07,0.74326,0.00219524605010075,50000,1.0833137367465708
31,13,4.0,fit,1246,fit,clean,optimum,7.380701400951144e-05,7.73355134103552e-05,6.087797639722402e-07,0.7088,0.0022923060758393964,50000,1.047807101373713
31,19,8.0,fit,1245,fit,clean,optimum,5.9256742160289614e-05,6.28882196963328e-05,5.58484190832942e-07,0.7632,0.002102922566862749,50000,1.0612837865136096
31,17,6.0,fit,1245,fit,clean,optimum,6.49687883170849e-05,6.816254420295936e-05,5.801704569408263e-07,0.74334,0.0021845802738091977,50000,1.0491583107612705
31,3,1.0,fit,1246,fit,clean,optimum,4.723184442704595e-05,5.178717415871999e-05,5.122121467450165e-07,0.805,0.0019286892988050798,50000,1.0964461537958818
31,1,0.6,fit,1246,fit,clean,optimum,8.928260828105277e-05,9.197402130588671e-05,6.619440168932134e-07,0.65368,0.002492491343485327,50000,1.0301448745354935
31,5,1.4,fit,1246,fit,clean,optimum,4.495741566883621e-05,4.9699752677245434e-05,5.01575481122262e-07,0.81286,0.0018886378800873841,50000,1.1054850893419246
31,11,3.0,fit,1247,fit,clean,optimum,6.475049925611055e-05,6.940012487772672e-05,5.849974724352187e-07,0.73868,0.0022027559714929844,50000,1.0718083362295834
31,7,1.8,fit,1247,fit,clean,optimum,6.163978911749433e-05,6.682935643743743e-05,5.769745924725328e-07,0.74836,0.0021725465302917923,50000,1.08419184092358
31,21,10.0,fit,1246,fit,clean,optimum,5.9156379055224885e-05,6.34459277257344e-05,5.575628474582504e-07,0.7611,0.002099453330300155,50000,1.07251202218623
31,9,2.0,fit,1247,fit,clean,optimum,6.29400218148234e-05,6.784385390044416e-05,5.842774325298392e-07,0.74454,0.0022000447252465936,50000,1.0779127802028474
31,15,5.0,fit,1246,fit,clean,optimum,6.95795352937034e-05,7.371306697176577e-05,5.960016524149534e-07,0.72244,0.002244191232846919,50000,1.0594072906726704
31,13,4.0,fit,1247,fit,clean,optimum,7.380701400951144e-05,7.657065668431872e-05,6.094030137244429e-07,0.71168,0.0022946528673694197,50000,1.0374441739974893
31,19,8.0,fit,1246,fit,clean,optimum,5.9256742160289614e-05,6.365307642236928e-05,5.601067309949062e-07,0.76032,0.0021090320975858065,50000,1.0741912920252614
31,17,6.0,fit,1246,fit,clean,optimum,6.49687883170849e-05,6.913454962563071e-05,5.80542655181516e-07,0.73968,0.002185981753193109,50000,1.0641194243644272
31,3,1.0,fit,1247,fit,clean,optimum,4.723184442704595e-05,5.2031503390648315e-05,5.119990434165873e-07,0.80408,0.0019278868771684724,50000,1.101619130521483
31,1,0.6,fit,1247,fit,clean,optimum,8.928260828105277e-05,9.215992398235391e-05,6.593914809598698e-07,0.65298,0.002482879996369215,50000,1.0322270569453307
31,11,3.0,fit,1248,fit,clean,optimum,6.475049925611055e-05,6.862995664664831e-05,5.842665491699024e-07,0.74158,0.0022000037449223697,50000,1.0599139378863038
31,5,1.4,fit,1247,fit,clean,optimum,4.495741566883621e-05,4.917922518313728e-05,5.000996426954815e-07,0.81482,0.001883080741705201,50000,1.0939068549980635
31,7,1.8,fit,1248,fit,clean,optimum,6.163978911749433e-05,6.662220774080255e-05,5.770020155957088e-07,0.74914,0.002172649789623976,50000,1.0808312081310176
31,9,2.0,fit,1248,fit,clean,optimum,6.29400218148234e-05,6.731801490129409e-05,5.799934178540923e-07,0.74652,0.0021839136488682937,50000,1.069558175549275
31,21,10.0,fit,1247,fit,clean,optimum,5.9156379055224885e-05,6.266513648457215e-05,5.591542232153849e-07,0.76404,0.002105445514227591,50000,1.059313255567446
31,13,4.0,fit,1248,fit,clean,optimum,7.380701400951144e-05,7.675124785574401e-05,6.066849359145345e-07,0.711,0.002284418187035102,50000,1.0398909762946533
31,15,5.0,fit,1247,fit,clean,optimum,6.95795352937034e-05,7.215679599448321e-05,5.92792644549618e-07,0.7283,0.0022321079990365055,50000,1.037040498903893
31,19,8.0,fit,1247,fit,clean,optimum,5.9256742160289614e-05,6.225615059634431e-05,5.576686869378043e-07,0.76558,0.0020998518594504373,50000,1.0506171673755078
31,17,6.0,fit,1247,fit,clean,optimum,6.49687883170849e-05,6.794477249624063e-05,5.792696363718805e-07,0.74416,0.0021811883140469973,50000,1.04580636727641
31,3,1.0,fit,1248,fit,clean,optimum,4.723184442704595e-05,5.116041656377345e-05,5.082015715419751e-07,0.80736,0.0019135878344502925,50000,1.0831763439345579
31,11,3.0,fit,1249,fit,clean,optimum,6.475049925611055e-05,6.851310353572608e-05,5.87290285360068e-07,0.74202,0.0022113893547120672,50000,1.0581092705514614
31,1,0.6,fit,1248,fit,clean,optimum,8.928260828105277e-05,9.078955568153857e-05,6.55512666819495e-07,0.65814,0.0024682746665812844,50000,1.0168783980385305
31,7,1.8,fit,1249,fit,clean,optimum,6.163978911749433e-05,6.626633690299391e-05,5.768074070119217e-07,0.75048,0.002171917008303988,50000,1.0750578133335387
31,5,1.4,fit,1248,fit,clean,optimum,4.495741566883621e-05,4.9136733142801905e-05,4.986109263675591e-07,0.81498,0.0018774751127312174,50000,1.0929616930108093
31,9,2.0,fit,1249,fit,clean,optimum,6.29400218148234e-05,6.761545918364161e-05,5.86819426861556e-07,0.7454,0.0022096163788990126,50000,1.0742840125250332
31,13,4.0,fit,1249,fit,clean,optimum,7.380701400951144e-05,7.609262123054592e-05,6.076065222289865e-07,0.71348,0.0022878883383657647,50000,1.0309673443873495
31,21,10.0,fit,1248,fit,clean,optimum,5.9156379055224885e-05,6.297320377700351e-05,5.601019374926167e-07,0.76288,0.002109014048079116,50000,1.0645209321925446
31,15,5.0,fit,1248,fit,clean,optimum,6.95795352937034e-05,7.296945626589696e-05,5.985442386940597e-07,0.72524,0.002253765115424604,50000,1.0487200864145514
31,19,8.0,fit,1248,fit,clean,optimum,5.9256742160289614e-05,6.301038431229696e-05,5.613704932735525e-07,0.76274,0.0021137906820874585,50000,1.0633454019772761
31,17,6.0,fit,1248,fit,clean,optimum,6.49687883170849e-05,6.827408580883967e-05,5.827997591587126e-07,0.74292,0.002194480677544617,50000,1.050875159863272
31,11,3.0,fit,1250,fit,clean,optimum,6.475049925611055e-05,6.971350367519999e-05,5.888932643538853e-07,0.7375,0.002217425229595612,50000,1.076648125900297
31,3,1.0,fit,1249,fit,clean,optimum,4.723184442704595e-05,5.131976171503103e-05,5.103931687063439e-07,0.80676,0.0019218400987221775,50000,1.0865500244077755
31,7,1.8,fit,1250,fit,clean,optimum,6.163978911749433e-05,6.633538646853887e-05,5.760733792299879e-07,0.75022,0.0021691530919520667,50000,1.076178024264393
31,1,0.6,fit,1249,fit,clean,optimum,8.928260828105277e-05,9.114542651934718e-05,6.606184127874626e-07,0.6568,0.0024874998990819467,50000,1.0208642900802185
31,5,1.4,fit,1249,fit,clean,optimum,4.495741566883621e-05,4.9232340233556476e-05,4.97869691738606e-07,0.81462,0.0018746840596375915,50000,1.095088307482131
31,9,2.0,fit,1250,fit,clean,optimum,6.29400218148234e-05,6.79341494861568e-05,5.831364605564417e-07,0.7442,0.0021957484967223143,50000,1.0793474092847741
31,13,4.0,fit,1250,fit,clean,optimum,7.380701400951144e-05,7.686810096666624e-05,6.100260038849925e-07,0.71056,0.002296998681430153,50000,1.0414742013104652
31,21,10.0,fit,1249,fit,clean,optimum,5.9156379055224885e-05,6.240487273751807e-05,5.554008419620084e-07,0.76502,0.002091312490823665,50000,1.054913666694518
31,15,5.0,fit,1249,fit,clean,optimum,6.95795352937034e-05,7.198682783314174e-05,5.928191033101004e-07,0.72894,0.002232207627146706,50000,1.0345977093591798
31,19,8.0,fit,1249,fit,clean,optimum,5.9256742160289614e-05,6.244736477785344e-05,5.528650220695098e-07,0.76486,0.002081764086473165,50000,1.0538440437534211
31,17,6.0,fit,1249,fit,clean,optimum,6.49687883170849e-05,6.808287162733056e-05,5.758871212896588e-07,0.74364,0.0021684517542375804,50000,1.0479319899741266
31,11,3.0,fit,1251,fit,clean,optimum,6.475049925611055e-05,6.962851959452927e-05,5.902847519415949e-07,0.73782,0.0022226647523927385,50000,1.075335640565866
31,7,1.8,fit,1251,fit,clean,optimum,6.163978911749433e-05,6.68718484777728e-05,5.759663655208849e-07,0.7482,0.002168750141344815,50000,1.0848812014964135
31,3,1.0,fit,1250,fit,clean,optimum,4.723184442704595e-05,5.1845600714181105e-05,5.116311737937691e-07,0.80478,0.0019265016968103073,50000,1.0976831699693952
31,1,0.6,fit,1250,fit,clean,optimum,8.928260828105277e-05,9.175093809412608e-05,6.665471336953271e-07,0.65452,0.0025098239705497257,50000,1.0276462556436887
31,5,1.4,fit,1250,fit,clean,optimum,4.495741566883621e-05,4.992814739404798e-05,5.052274231351866e-07,0.812,0.00190238894305015,50000,1.1105653350234144
31,9,2.0,fit,1251,fit,clean,optimum,6.29400218148234e-05,6.761014767859968e-05,5.820001673028472e-07,0.74542,0.002191469885501478,50000,1.0741996225790373
31,13,4.0,fit,1251,fit,clean,optimum,7.380701400951144e-05,7.72239718044749e-05,6.153493618059263e-07,0.70922,0.002317043312392264,50000,1.0462958411313472
31,21,10.0,fit,1250,fit,clean,optimum,5.9156379055224885e-05,6.332907461481216e-05,5.582205485590773e-07,0.76154,0.002101929845320422,50000,1.0705366965698135
31,15,5.0,fit,1250,fit,clean,optimum,6.95795352937034e-05,7.310755539698687e-05,5.989122238362281e-07,0.72472,0.0022551507307606118,50000,1.0507048529196306
31,19,8.0,fit,1250,fit,clean,optimum,5.9256742160289614e-05,6.353091180640512e-05,5.631745477425586e-07,0.76078,0.0021205836887956057,50000,1.0721296765615946
31,11,3.0,fit,1252,fit,clean,optimum,6.475049925611055e-05,6.955947002898432e-05,5.971065054806507e-07,0.73808,0.002248351458835513,50000,1.0742692462316412
31,7,1.8,fit,1252,fit,clean,optimum,6.163978911749433e-05,6.653191215508991e-05,5.806620358117648e-07,0.74948,0.0021864312703424164,50000,1.0793663169137468
31,17,6.0,fit,1250,fit,clean,optimum,6.49687883170849e-05,6.833782386934272e-05,5.787209963820684e-07,0.74268,0.0021791224589438503,50000,1.0518562164929874
31,3,1.0,fit,1251,fit,clean,optimum,4.723184442704595e-05,5.2084618441067506e-05,5.094876484970029e-07,0.80388,0.0019184304428819052,50000,1.1027436906792223
31,13,4.0,fit,1252,fit,clean,optimum,7.380701400951144e-05,7.713898772380417e-05,6.136554830258007e-07,0.70954,0.002310665162445094,50000,1.0451444047562113
31,9,2.0,fit,1252,fit,clean,optimum,6.29400218148234e-05,6.778542734498304e-05,5.828995805464967e-07,0.74476,0.0021948565461053973,50000,1.0769844907968948
31,1,0.6,fit,1251,fit,clean,optimum,8.928260828105277e-05,9.183061066975487e-05,6.628158869082393e-07,0.65422,0.0024957742925106777,50000,1.028538619533619
31,5,1.4,fit,1251,fit,clean,optimum,4.495741566883621e-05,4.968381816211968e-05,5.035311162159019e-07,0.81292,0.001896001650160858,50000,1.1051306535967045
31,21,10.0,fit,1251,fit,clean,optimum,5.9156379055224885e-05,6.276074357532671e-05,5.581796863884802e-07,0.76368,0.002101775982450013,50000,1.060929431071787
31,15,5.0,fit,1251,fit,clean,optimum,6.95795352937034e-05,7.281011111463934e-05,5.97682846264131e-07,0.72584,0.0022505216188143952,50000,1.046429971216383
31,19,8.0,fit,1251,fit,clean,optimum,5.9256742160289614e-05,6.285635066608128e-05,5.58374921307761e-07,0.76332,0.002102511122180616,50000,1.0607459737839573
31,11,3.0,fit,1253,fit,clean,optimum,6.475049925611055e-05,6.844936547522302e-05,5.853268208007769e-07,0.74226,0.002203996103481786,50000,1.057124906550638
31,7,1.8,fit,1253,fit,clean,optimum,6.163978911749433e-05,6.66328307508864e-05,5.781169943451572e-07,0.7491,0.0021768481429744807,50000,1.0810035482742262
31,17,6.0,fit,1251,fit,clean,optimum,6.49687883170849e-05,6.84440539701811e-05,5.79542819985996e-07,0.74228,0.0021822169626577377,50000,1.0534913108758457
31,3,1.0,fit,1252,fit,clean,optimum,4.723184442704595e-05,5.2132421986444806e-05,5.12898491886116e-07,0.8037,0.0019312736704123086,50000,1.103755794821188
31,13,4.0,fit,1253,fit,clean,optimum,7.380701400951144e-05,7.631570444230655e-05,6.105320424758105e-07,0.71264,0.0022989041247529936,50000,1.0339898648720813
31,9,2.0,fit,1253,fit,clean,optimum,6.29400218148234e-05,6.721178480045566e-05,5.819145057032967e-07,0.74692,0.002191147334364373,50000,1.067870376629361
31,1,0.6,fit,1252,fit,clean,optimum,8.928260828105277e-05,9.27973045873843e-05,6.686326587899076e-07,0.65058,0.00251767682987348,50000,1.0393659680647727
31,5,1.4,fit,1252,fit,clean,optimum,4.495741566883621e-05,5.012998458564097e-05,5.033711577977236e-07,0.81124,0.0018953993409587925,50000,1.1150548544628713
31,21,10.0,fit,1252,fit,clean,optimum,5.9156379055224885e-05,6.287228518120702e-05,5.611421476316298e-07,0.76326,0.0021129308668745555,50000,1.0628149691601845
31,15,5.0,fit,1252,fit,clean,optimum,6.95795352937034e-05,7.353247580034048e-05,6.001840578921551e-07,0.72312,0.0022599397088219684,50000,1.0568118267814128
31,11,3.0,fit,1254,fit,clean,optimum,6.475049925611055e-05,6.905487705000193e-05,5.864727686637993e-07,0.73998,0.002208311068276051,50000,1.066476364558458
31,19,8.0,fit,1252,fit,clean,optimum,5.9256742160289614e-05,6.303694183750656e-05,5.608722357186993e-07,0.76264,0.002111914537563747,50000,1.0637935792519861
31,7,1.8,fit,1254,fit,clean,optimum,6.163978911749433e-05,6.617604131728127e-05,5.782296472044696e-07,0.75082,0.00217727232730048,50000,1.0735929221162681
31,17,6.0,fit,1252,fit,clean,optimum,6.49687883170849e-05,6.917173016092416e-05,5.814435877815982e-07,0.73954,0.002189374134798593,50000,1.0646917073984279
31,13,4.0,fit,1254,fit,clean,optimum,7.380701400951144e-05,7.63528849776e-05,6.104400964102915e-07,0.7125,0.0022985579100180237,50000,1.0344936182862035
31,3,1.0,fit,1253,fit,clean,optimum,4.723184442704595e-05,5.178717415871999e-05,5.123661652459177e-07,0.805,0.0019292692417767448,50000,1.0964461537958818
31,9,2.0,fit,1254,fit,clean,optimum,6.29400218148234e-05,6.704712814415616e-05,5.783277512887665e-07,0.74754,0.002177641729507661,50000,1.065254288303495
31,1,0.6,fit,1253,fit,clean,optimum,8.928260828105277e-05,9.167657702353919e-05,6.590452204028714e-07,0.6548,0.002481576183027175,50000,1.0268133826797536
31,5,1.4,fit,1253,fit,clean,optimum,4.495741566883621e-05,4.936512785960449e-05,5.008756184969635e-07,0.81412,0.0018860026095952164,50000,1.0980419386923
31,21,10.0,fit,1253,fit,clean,optimum,5.9156379055224885e-05,6.273418605011711e-05,5.580574896512306e-07,0.76378,0.0021013158615001684,50000,1.0604804934316923
31,15,5.0,fit,1253,fit,clean,optimum,6.95795352937034e-05,7.256578188271105e-05,5.978858366811413e-07,0.72676,0.0022512859611821734,50000,1.0429184612458584
31,11,3.0,fit,1255,fit,clean,optimum,6.475049925611055e-05,6.884772835336704e-05,5.895898845406561e-07,0.74076,0.002220048290973782,50000,1.0632771815557829
31,19,8.0,fit,1253,fit,clean,optimum,5.9256742160289614e-05,6.218178952575744e-05,5.572298810034833e-07,0.76586,0.002098199574718115,50000,1.0493622710063197
31,7,1.8,fit,1255,fit,clean,optimum,6.163978911749433e-05,6.694620954835967e-05,5.770213775586844e-07,0.74792,0.002172722695374127,50000,1.0860875824988716
31,13,4.0,fit,1255,fit,clean,optimum,7.380701400951144e-05,7.672469033053441e-05,6.123601538856099e-07,0.7111,0.0023057877157328438,50000,1.0395311524274236
31,9,2.0,fit,1255,fit,clean,optimum,6.29400218148234e-05,6.78863459407795e-05,5.830408678918627e-07,0.74438,0.002195388551042796,50000,1.0785878997708125
31,17,6.0,fit,1253,fit,clean,optimum,6.49687883170849e-05,6.767919724414463e-05,5.804511239004885e-07,0.74516,0.0021856371002922643,50000,1.0417186313192632
31,3,1.0,fit,1254,fit,clean,optimum,4.723184442704595e-05,5.1553467936875506e-05,5.081612701687361e-07,0.80588,0.0019134360832124759,50000,1.0914980891018287
31,1,0.6,fit,1254,fit,clean,optimum,8.928260828105277e-05,9.225021956806656e-05,6.62576187216352e-07,0.65264,0.002494871724632099,50000,1.0332384026872519
31,5,1.4,fit,1254,fit,clean,optimum,4.495741566883621e-05,4.948198097052673e-05,5.0022313787647e-07,0.81368,0.0018835457518295024,50000,1.1006411341572484
31,21,10.0,fit,1254,fit,clean,optimum,5.9156379055224885e-05,6.225083909130242e-05,5.566322728716603e-07,0.7656,0.002095949334429886,50000,1.0523098283819692
31,15,5.0,fit,1254,fit,clean,optimum,6.95795352937034e-05,7.193371278272255e-05,5.953528660425515e-07,0.72914,0.0022417482854439454,50000,1.0338343376264572
31,11,3.0,fit,1256,fit,clean,optimum,6.475049925611055e-05,7.01649816037632e-05,5.925944567678311e-07,0.7358,0.002231361740564668,50000,1.0836207042394608
31,19,8.0,fit,1254,fit,clean,optimum,5.9256742160289614e-05,6.239956123247614e-05,5.616926263271962e-07,0.76504,0.0021150036454607446,50000,1.0530373246589424
31,7,1.8,fit,1256,fit,clean,optimum,6.163978911749433e-05,6.686653697273088e-05,5.78877342340144e-07,0.74822,0.002179711165748576,50000,1.0847950314248094
31,13,4.0,fit,1256,fit,clean,optimum,7.380701400951144e-05,7.751079307673855e-05,6.126288852193969e-07,0.70814,0.0023067995996778503,50000,1.0501819388974307
31,9,2.0,fit,1256,fit,clean,optimum,6.29400218148234e-05,6.870431771723521e-05,5.833700071625922e-07,0.7413,0.0021966278957036103,50000,1.091583951454148
31,17,6.0,fit,1254,fit,clean,optimum,6.49687883170849e-05,6.763139369876736e-05,5.794391122885566e-07,0.74534,0.0021818264605434744,50000,1.040982838846977
31,3,1.0,fit,1255,fit,clean,optimum,4.723184442704595e-05,5.195183081501952e-05,5.128841957552883e-07,0.80438,0.0019312198396027173,50000,1.0999322902848743
31,1,0.6,fit,1255,fit,clean,optimum,8.928260828105277e-05,9.234582665882112e-05,6.674610332489458e-07,0.65228,0.002513265178065885,50000,1.034309239355168
31,5,1.4,fit,1255,fit,clean,optimum,4.495741566883621e-05,5.017247662597631e-05,5.069281201459014e-07,0.81108,0.001908792766438408,50000,1.116000016450125
31,21,10.0,fit,1255,fit,clean,optimum,5.9156379055224885e-05,6.31537949484288e-05,5.596097612215874e-07,0.7622,0.0021071608020889684,50000,1.0675737081451886
31,11,3.0,fit,1257,fit,clean,optimum,6.475049925611055e-05,6.920359919117569e-05,5.896782283470482e-07,0.73942,0.0022203809417222792,50000,1.068773213893712
31,15,5.0,fit,1255,fit,clean,optimum,6.95795352937034e-05,7.2767619074304e-05,5.998124988151609e-07,0.726,0.002258540636152125,50000,1.045819273830205
31,7,1.8,fit,1257,fit,clean,optimum,6.163978911749433e-05,6.632476345845502e-05,5.796651856491746e-07,0.75026,0.0021826777196831486,50000,1.0760056841211845
31,19,8.0,fit,1255,fit,clean,optimum,5.9256742160289614e-05,6.34459277257344e-05,5.629588866844886e-07,0.7611,0.002119771636255439,50000,1.0706955092825223
31,13,4.0,fit,1257,fit,clean,optimum,7.380701400951144e-05,7.682560892633088e-05,6.132789816616434e-07,0.71072,0.0023092474800323476,50000,1.0408984831228971
31,9,2.0,fit,1257,fit,clean,optimum,6.29400218148234e-05,6.742424500213247e-05,5.816885614737494e-07,0.74612,0.0021902965614562647,50000,1.0712459744691885
31,17,6.0,fit,1255,fit,clean,optimum,6.49687883170849e-05,6.858746460631298e-05,5.813338779911116e-07,0.74174,0.002188961032336595,50000,1.0556986882927055
31,3,1.0,fit,1256,fit,clean,optimum,4.723184442704595e-05,5.1946519309977596e-05,5.09939865202928e-07,0.8044,0.0019201332246823783,50000,1.0998198342691001
31,1,0.6,fit,1256,fit,clean,optimum,8.928260828105277e-05,9.313192940502527e-05,6.628692921202941e-07,0.64932,0.002495975385088519,50000,1.04311389640248
31,5,1.4,fit,1256,fit,clean,optimum,4.495741566883621e-05,5.080454572596481e-05,5.055978341314884e-07,0.8087,0.0019037836927242196,50000,1.130059301010528
31,21,10.0,fit,1256,fit,clean,optimum,5.9156379055224885e-05,6.441793314840576e-05,5.656612629504445e-07,0.75744,0.0021299471938219963,50000,1.0889431398136962
31,11,3.0,fit,1258,fit,clean,optimum,6.475049925611055e-05,6.919297618109184e-05,5.877577382967019e-07,0.73946,0.0022131495071846512,50000,1.0686091532269082
31,15,5.0,fit,1256,fit,clean,optimum,6.95795352937034e-05,7.392552717344258e-05,6.015786474714278e-07,0.72164,0.002265190911892534,50000,1.0624607776035617
31,7,1.8,fit,1258,fit,clean,optimum,6.163978911749433e-05,6.579892445930495e-05,5.778951962952236e-07,0.75224,0.0021760129821370797,50000,1.0674748470323723
31,19,8.0,fit,1256,fit,clean,optimum,5.9256742160289614e-05,6.471006592571135e-05,5.646491610359224e-07,0.75634,0.002126136214046832,50000,1.0920287475587247
31,13,4.0,fit,1258,fit,clean,optimum,7.380701400951144e-05,7.692652752212737e-05,6.119946379815837e-07,0.71034,0.002304411398093525,50000,1.0422658138183714
31,9,2.0,fit,1258,fit,clean,optimum,6.29400218148234e-05,6.688778299289854e-05,5.806120662296077e-07,0.74814,0.0021862431143235004,50000,1.0627225899236243
31,17,6.0,fit,1256,fit,clean,optimum,6.49687883170849e-05,6.966038862478079e-05,5.848597711744367e-07,0.7377,0.002202237469638255,50000,1.0722131415595777
31,3,1.0,fit,1257,fit,clean,optimum,4.723184442704595e-05,5.1914650279726074e-05,5.095650677949287e-07,0.80452,0.0019187219583650492,50000,1.0991450981744564
31,1,0.6,fit,1257,fit,clean,optimum,8.928260828105277e-05,9.223428505294082e-05,6.632439987129793e-07,0.6527,0.002497386309448857,50000,1.033059929909266
31,5,1.4,fit,1257,fit,clean,optimum,4.495741566883621e-05,4.968912966716161e-05,5.023911744520976e-07,0.8129,0.0018917093007992081,50000,1.1052487988451114
31,11,3.0,fit,1259,fit,clean,optimum,6.475049925611055e-05,6.941605939285247e-05,5.882505745548247e-07,0.73862,0.002215005238297521,50000,1.072054427229789
31,21,10.0,fit,1257,fit,clean,optimum,5.9156379055224885e-05,6.36849454526208e-05,5.620860749915863e-07,0.7602,0.002116485141425767,50000,1.0765524609470825
31,7,1.8,fit,1259,fit,clean,optimum,6.163978911749433e-05,6.677092988197631e-05,5.756577485289976e-07,0.74858,0.0021675880715003866,50000,1.0832439701359342
31,15,5.0,fit,1257,fit,clean,optimum,6.95795352937034e-05,7.222584556002816e-05,5.965758433227198e-07,0.72804,0.0022463532976599414,50000,1.0380328821564326
31,13,4.0,fit,1259,fit,clean,optimum,7.380701400951144e-05,7.750017006665472e-05,6.174106673001965e-07,0.70818,0.002324804974964366,50000,1.0500380093505388
31,19,8.0,fit,1257,fit,clean,optimum,5.9256742160289614e-05,6.330782859464449e-05,5.575453282310327e-07,0.76162,0.0020993873632076665,50000,1.0683649874540297
31,9,2.0,fit,1259,fit,clean,optimum,6.29400218148234e-05,6.78863459407795e-05,5.845594450693156e-07,0.74438,0.002201106618390818,50000,1.0785878997708125
31,17,6.0,fit,1257,fit,clean,optimum,6.49687883170849e-05,6.814129818279169e-05,5.764964776149428e-07,0.74342,0.002170746231303778,50000,1.048831291884699
31,3,1.0,fit,1258,fit,clean,optimum,4.723184442704595e-05,5.102762893772543e-05,5.056550734173096e-07,0.80786,0.0019039992221659482,50000,1.080364943540209
31,1,0.6,fit,1258,fit,clean,optimum,8.928260828105277e-05,9.193152926555136e-05,6.661839120779201e-07,0.65384,0.0025084562918426916,50000,1.0296689471275307
31,11,3.0,fit,1260,fit,clean,optimum,6.475049925611055e-05,6.884772835336704e-05,5.882858737465371e-07,0.74076,0.0022151381542655332,50000,1.0632771815557829
31,5,1.4,fit,1258,fit,clean,optimum,4.495741566883621e-05,4.914735615288576e-05,4.986823338887628e-07,0.81494,0.0018777439914036095,50000,1.093197983507623
31,21,10.0,fit,1258,fit,clean,optimum,5.9156379055224885e-05,6.229333113163776e-05,5.604705102171458e-07,0.76544,0.0021104018759042628,50000,1.0530281286061203
31,7,1.8,fit,1260,fit,clean,optimum,6.163978911749433e-05,6.713742372986881e-05,5.812499411825648e-07,0.7472,0.0021886449757466666,50000,1.089189705076622
31,15,5.0,fit,1258,fit,clean,optimum,6.95795352937034e-05,7.260296241800447e-05,5.961089076699926e-07,0.72662,0.002244595092973917,50000,1.0434528214587642
31,13,4.0,fit,1260,fit,clean,optimum,7.380701400951144e-05,7.652285313894142e-05,6.10918012608019e-07,0.71186,0.002300357460969988,50000,1.036796491036475
31,19,8.0,fit,1258,fit,clean,optimum,5.9256742160289614e-05,6.268107099969792e-05,5.590932778201627e-07,0.76398,0.002105216029760416,50000,1.0577880037708702
31,9,2.0,fit,1260,fit,clean,optimum,6.29400218148234e-05,6.781198487019263e-05,5.831308278345741e-07,0.74466,0.0021957272872089166,50000,1.0774064405268733
31,17,6.0,fit,1258,fit,clean,optimum,6.49687883170849e-05,6.784385390044416e-05,5.769238220759181e-07,0.74454,0.0021723553588772347,50000,1.0442530276126945
31,3,1.0,fit,1259,fit,clean,optimum,4.723184442704595e-05,5.1925273289809926e-05,5.132497321278802e-07,0.80448,0.0019325962343146,50000,1.0993700102060047
31,11,3.0,fit,1261,fit,clean,optimum,6.475049925611055e-05,6.945323992814591e-05,5.873087751721198e-07,0.73848,0.002211458976455456,50000,1.0726286395636024
31,1,0.6,fit,1259,fit,clean,optimum,8.928260828105277e-05,9.230333461848575e-05,6.613013237184035e-07,0.65244,0.0024900713394761524,50000,1.0338333119472052
31,5,1.4,fit,1259,fit,clean,optimum,4.495741566883621e-05,5.007155803017985e-05,5.028992680493608e-07,0.81146,0.0018936224820661118,50000,1.113755256730397
31,21,10.0,fit,1259,fit,clean,optimum,5.9156379055224885e-05,6.299444979717119e-05,5.610271842733563e-07,0.7628,0.00211249798257014,50000,1.0648800823046203
31,7,1.8,fit,1261,fit,clean,optimum,6.163978911749433e-05,6.630882894332928e-05,5.764767457887116e-07,0.75032,0.002170671932866422,50000,1.0757471739063722
31,13,4.0,fit,1261,fit,clean,optimum,7.380701400951144e-05,7.700088859271424e-05,6.093100688239111e-07,0.71006,0.0022943028916100135,50000,1.043273320646615
31,15,5.0,fit,1259,fit,clean,optimum,6.95795352937034e-05,7.347404924487936e-05,6.008766026103571e-07,0.72334,0.0022625474243855846,50000,1.0559721178754178
31,9,2.0,fit,1261,fit,clean,optimum,6.29400218148234e-05,6.807756012228864e-05,5.823806631101392e-07,0.74366,0.0021929026086347104,50000,1.0816259378266575
31,19,8.0,fit,1259,fit,clean,optimum,5.9256742160289614e-05,6.328127106943489e-05,5.602580863960628e-07,0.76172,0.002109602012892154,50000,1.0679168101793197
31,17,6.0,fit,1259,fit,clean,optimum,6.49687883170849e-05,6.872556373740289e-05,5.815451034856368e-07,0.74122,0.002189756383156591,50000,1.0578243109904215
31,11,3.0,fit,1262,fit,clean,optimum,6.475049925611055e-05,7.019685063401471e-05,5.879732632626239e-07,0.73568,0.0022139610472819344,50000,1.0841128862398723
31,3,1.0,fit,1260,fit,clean,optimum,4.723184442704595e-05,5.194120780493567e-05,5.125565683639217e-07,0.80442,0.001929986187789226,50000,1.099707378253326
31,1,0.6,fit,1260,fit,clean,optimum,8.928260828105277e-05,9.22661540831923e-05,6.642355072221607e-07,0.65258,0.0025011197465871302,50000,1.0334168754652377
31,7,1.8,fit,1262,fit,clean,optimum,6.163978911749433e-05,6.692496352819199e-05,5.773302290020483e-07,0.748,0.0021738856480247462,50000,1.085742902212455
31,5,1.4,fit,1260,fit,clean,optimum,4.495741566883621e-05,4.955103053607167e-05,5.008735566614653e-07,0.81342,0.001885994845936962,50000,1.1021770223865357
31,21,10.0,fit,1260,fit,clean,optimum,5.9156379055224885e-05,6.267044798961407e-05,5.586241284315701e-07,0.76402,0.0021034494894488095,50000,1.0594030430954648
31,13,4.0,fit,1262,fit,clean,optimum,7.380701400951144e-05,7.811630465151743e-05,6.12325579466334e-07,0.70586,0.002305657528831003,50000,1.0583859230702743
31,15,5.0,fit,1260,fit,clean,optimum,6.95795352937034e-05,7.277293057934592e-05,6.007878565211661e-07,0.72598,0.002262213258876974,50000,1.0458956110034772
31,9,2.0,fit,1262,fit,clean,optimum,6.29400218148234e-05,6.807756012228864e-05,5.836016049762691e-07,0.74366,0.0021974999566801096,50000,1.0816259378266575
31,19,8.0,fit,1260,fit,clean,optimum,5.9256742160289614e-05,6.294664625179392e-05,5.584237732641822e-07,0.76298,0.00210269506987919,50000,1.0622697765179716
31,11,3.0,fit,1263,fit,clean,optimum,6.475049925611055e-05,6.946386293822977e-05,5.869840159001516e-07,0.73844,0.002210236124290561,50000,1.0727927002304065
31,17,6.0,fit,1260,fit,clean,optimum,6.49687883170849e-05,6.84440539701811e-05,5.809969578060622e-07,0.74228,0.002187692389334695,50000,1.0534913108758457
31,3,1.0,fit,1261,fit,clean,optimum,4.723184442704595e-05,5.137287676545022e-05,5.095828416772276e-07,0.80656,0.001918788884338605,50000,1.0876745845655147
31,7,1.8,fit,1263,fit,clean,optimum,6.163978911749433e-05,6.647348559962878e-05,5.77294283698774e-07,0.7497,0.002173750299181092,50000,1.078418446126101
31,1,0.6,fit,1261,fit,clean,optimum,8.928260828105277e-05,9.23139576285696e-05,6.646936867184952e-07,0.6524,0.00250284498074475,50000,1.033952293799196
31,13,4.0,fit,1263,fit,clean,optimum,7.380701400951144e-05,7.716023374397184e-05,6.123004710233732e-07,0.70946,0.002305562985221376,50000,1.0454322638499949
31,5,1.4,fit,1261,fit,clean,optimum,4.495741566883621e-05,4.9428865920107504e-05,4.991012128811672e-07,0.81388,0.0018793212430078098,50000,1.0994596816731803
31,21,10.0,fit,1261,fit,clean,optimum,5.9156379055224885e-05,6.295195775683585e-05,5.584240054982701e-07,0.76296,0.0021026959443360004,50000,1.0641617820804692
31,9,2.0,fit,1263,fit,clean,optimum,6.29400218148234e-05,6.785447691052799e-05,5.824606177495043e-07,0.7445,0.0021932036707206317,50000,1.0780815600948386
31,15,5.0,fit,1261,fit,clean,optimum,6.95795352937034e-05,7.294821024572928e-05,5.97045662940985e-07,0.72532,0.0022481223616617908,50000,1.0484147377214623
31,19,8.0,fit,1261,fit,clean,optimum,5.9256742160289614e-05,6.295195775683585e-05,5.580641521028815e-07,0.76296,0.002101340948369514,50000,1.0623594119729138
31,11,3.0,fit,1264,fit,clean,optimum,6.475049925611055e-05,6.906550006008575e-05,5.847925982575721e-07,0.73994,0.0022019845359920118,50000,1.0666404252252617
31,17,6.0,fit,1261,fit,clean,optimum,6.49687883170849e-05,6.84440539701811e-05,5.799283989692568e-07,0.74228,0.002183668826038145,50000,1.0534913108758457
31,7,1.8,fit,1264,fit,clean,optimum,6.163978911749433e-05,6.677624138701824e-05,5.813680430075916e-07,0.74856,0.002189089677668607,50000,1.0833301402075386
31,3,1.0,fit,1262,fit,clean,optimum,4.723184442704595e-05,5.2514850349463044e-05,5.13713506920625e-07,0.80226,0.0019343425370633863,50000,1.1118526279569114
31,13,4.0,fit,1264,fit,clean,optimum,7.380701400951144e-05,7.62466548767616e-05,6.134826308094189e-07,0.7129,0.0023100143027922552,50000,1.0330543228172835
31,1,0.6,fit,1262,fit,clean,optimum,8.928260828105277e-05,9.27973045873843e-05,6.646415745986097e-07,0.65058,0.002502648757190506,50000,1.0393659680647727
31,21,10.0,fit,1262,fit,clean,optimum,5.9156379055224885e-05,6.39239631795072e-05,5.621153611038579e-07,0.7593,0.002116595415677756,50000,1.0805928997079348
31,5,1.4,fit,1262,fit,clean,optimum,4.495741566883621e-05,5.0145919100766715e-05,5.020571378465592e-07,0.81118,0.0018904515156595836,50000,1.1154092902080912
31,9,2.0,fit,1264,fit,clean,optimum,6.29400218148234e-05,6.78013618601088e-05,5.832114237008588e-07,0.7447,0.002196030763777793,50000,1.077237660634882
31,15,5.0,fit,1262,fit,clean,optimum,6.95795352937034e-05,7.414861038520319e-05,6.013539584076321e-07,0.7208,0.002264344865199469,50000,1.065666938880997
31,19,8.0,fit,1262,fit,clean,optimum,5.9256742160289614e-05,6.423203047193855e-05,5.62953236285878e-07,0.75814,0.0021197503601818363,50000,1.0839615566139422
31,11,3.0,fit,1265,fit,clean,optimum,6.475049925611055e-05,6.883179383824127e-05,5.866840510667578e-07,0.74082,0.002209106633379693,50000,1.0630310905555769
31,17,6.0,fit,1262,fit,clean,optimum,6.49687883170849e-05,6.990471785670912e-05,5.849160047555264e-07,0.73678,0.0022024492121882327,50000,1.0759738586401528
31,7,1.8,fit,1265,fit,clean,optimum,6.163978911749433e-05,6.741362199204863e-05,5.806430771513705e-07,0.74616,0.0021863598831922786,50000,1.093670548800038
31,13,4.0,fit,1265,fit,clean,optimum,7.380701400951144e-05,7.618291681625856e-05,6.092889376950293e-07,0.71314,0.002294223324222936,50000,1.0321907455359316
31,3,1.0,fit,1263,fit,clean,optimum,4.723184442704595e-05,5.195714232006145e-05,5.112099544323391e-07,0.80436,0.0019249156327546186,50000,1.1000447463006482
31,1,0.6,fit,1263,fit,clean,optimum,8.928260828105277e-05,9.243081073949184e-05,6.689343144355686e-07,0.65196,0.0025188126873876135,50000,1.0352610941710936
31,21,10.0,fit,1263,fit,clean,optimum,5.9156379055224885e-05,6.297851528204545e-05,5.616396559215957e-07,0.76286,0.002114804190107949,50000,1.0646107197205636
31,9,2.0,fit,1265,fit,clean,optimum,6.29400218148234e-05,6.754109811305472e-05,5.812707016804232e-07,0.74568,0.002188723147555578,50000,1.0731025532810936
31,5,1.4,fit,1263,fit,clean,optimum,4.495741566883621e-05,4.967850665707776e-05,5.036017833321579e-07,0.81294,0.0018962677409042473,50000,1.1050125083482976
31,15,5.0,fit,1263,fit,clean,optimum,6.95795352937034e-05,7.31978509826995e-05,5.960382581093565e-07,0.72438,0.0022443290683346537,50000,1.0520025848652592
31,19,8.0,fit,1263,fit,clean,optimum,5.9256742160289614e-05,6.319097548372225e-05,5.606081062938342e-07,0.76206,0.002110919981697639,50000,1.0663930074453052
31,11,3.0,fit,1266,fit,clean,optimum,6.475049925611055e-05,6.91026805953792e-05,5.885994155725741e-07,0.7398,0.0022163187681350956,50000,1.0672146375590754
31,7,1.8,fit,1266,fit,clean,optimum,6.163978911749433e-05,6.713211222482688e-05,5.835649552465264e-07,0.74722,0.002197361955381218,50000,1.0891035350050176
31,17,6.0,fit,1263,fit,clean,optimum,6.49687883170849e-05,6.859277611135487e-05,5.799211566942712e-07,0.74172,0.0021836415558955835,50000,1.055780443011848
31,13,4.0,fit,1266,fit,clean,optimum,7.380701400951144e-05,7.655472216919295e-05,6.1225273122291e-07,0.71174,0.0023053832252471823,50000,1.0372282796771513
31,3,1.0,fit,1264,fit,clean,optimum,4.723184442704595e-05,5.1946519309977596e-05,5.117917525477902e-07,0.8044,0.0019271063418318363,50000,1.0998198342691001
31,9,2.0,fit,1266,fit,clean,optimum,6.29400218148234e-05,6.816785570800128e-05,5.816934558036773e-07,0.74332,0.002190314990620463,50000,1.083060566908584
31,1,0.6,fit,1264,fit,clean,optimum,8.928260828105277e-05,9.105513093363457e-05,6.579647510780334e-07,0.65714,0.0024775077718468762,50000,1.019852944338298
31,21,10.0,fit,1264,fit,clean,optimum,5.9156379055224885e-05,6.25695293938176e-05,5.607413051386138e-07,0.7644,0.0021114215301052124,50000,1.0576970800631054
31,5,1.4,fit,1264,fit,clean,optimum,4.495741566883621e-05,4.9986573949509134e-05,5.032672500874933e-07,0.81178,0.0018950080857141483,50000,1.1118649327558894
31,15,5.0,fit,1264,fit,clean,optimum,6.95795352937034e-05,7.1838105691968e-05,5.96517486160514e-07,0.7295,0.002246133558954075,50000,1.0324602685075561
31,19,8.0,fit,1264,fit,clean,optimum,5.9256742160289614e-05,6.237831521230848e-05,5.583984001658275e-07,0.76512,0.002102599529733207,50000,1.0526787828391746
31,11,3.0,fit,1267,fit,clean,optimum,6.475049925611055e-05,6.935763283739134e-05,5.906890185300786e-07,0.73884,0.0022241869822891354,50000,1.0711520935623677
31,7,1.8,fit,1267,fit,clean,optimum,6.163978911749433e-05,6.688778299289854e-05,5.776372406532515e-07,0.74814,0.0021750416731015567,50000,1.0851397117112258
31,17,6.0,fit,1264,fit,clean,optimum,6.49687883170849e-05,6.761014767859968e-05,5.794648554834445e-07,0.74542,0.0021819233942550484,50000,1.0406558199704055
31,13,4.0,fit,1267,fit,clean,optimum,7.380701400951144e-05,7.644318056331263e-05,6.081778792805109e-07,0.71216,0.002290039732545061,50000,1.0357170194347853
31,3,1.0,fit,1265,fit,clean,optimum,4.723184442704595e-05,5.167563255283967e-05,5.10197043967654e-07,0.80542,0.0019211016084557015,50000,1.0940845774646293
31,9,2.0,fit,1267,fit,clean,optimum,6.29400218148234e-05,6.734988393154562e-05,5.833670438003681e-07,0.7464,0.0021966167374266217,50000,1.0700645152252493
31,21,10.0,fit,1265,fit,clean,optimum,5.9156379055224885e-05,6.277667809045249e-05,5.578247532166488e-07,0.76362,0.002100439513147884,50000,1.061198793655844
31,1,0.6,fit,1265,fit,clean,optimum,8.928260828105277e-05,9.239894170924032e-05,6.681366667036612e-07,0.65208,0.0025158092157703893,50000,1.0349041486151216
31,5,1.4,fit,1265,fit,clean,optimum,4.495741566883621e-05,4.947135796044288e-05,5.030272622257013e-07,0.81372,0.001894104432757414,50000,1.1004048436604346
31,15,5.0,fit,1265,fit,clean,optimum,6.95795352937034e-05,7.216741900456703e-05,5.946608407085247e-07,0.72826,0.0022391425255752634,50000,1.0371931732504374
31,19,8.0,fit,1265,fit,clean,optimum,5.9256742160289614e-05,6.321222150388991e-05,5.594146527056241e-07,0.76198,0.002106426138318819,50000,1.066751549265073
31,11,3.0,fit,1268,fit,clean,optimum,6.475049925611055e-05,7.040931083569152e-05,5.930648358109851e-07,0.73488,0.0022331329110311994,50000,1.0873940995759495
31,7,1.8,fit,1268,fit,clean,optimum,6.163978911749433e-05,6.704181663911424e-05,5.775092248023963e-07,0.74756,0.0021745596407967962,50000,1.0876386437877468
31,17,6.0,fit,1265,fit,clean,optimum,6.49687883170849e-05,6.788103443573761e-05,5.808325574798318e-07,0.7444,0.002187073354522781,50000,1.0448253106466951
31,13,4.0,fit,1268,fit,clean,optimum,7.380701400951144e-05,7.81322391666432e-05,6.142634830551184e-07,0.7058,0.002312954532499417,50000,1.0586018173906124
31,9,2.0,fit,1268,fit,clean,optimum,6.29400218148234e-05,6.868838320210944e-05,5.832913672203154e-07,0.74136,0.0021963317839926878,50000,1.0913307816161608
31,3,1.0,fit,1266,fit,clean,optimum,4.723184442704595e-05,5.269544152088833e-05,5.167630637028746e-07,0.80158,0.0019458253719969185,50000,1.1156761324932254
31,21,10.0,fit,1266,fit,clean,optimum,5.9156379055224885e-05,6.344061622069248e-05,5.61655716292113e-07,0.76112,0.0021148646640052364,50000,1.0724222346582113
31,1,0.6,fit,1266,fit,clean,optimum,8.928260828105277e-05,9.181467615462913e-05,6.677643631361958e-07,0.65428,0.002514407339787868,50000,1.0283601467556331
31,5,1.4,fit,1266,fit,clean,optimum,4.495741566883621e-05,5.037431381756927e-05,5.045701392716168e-07,0.81032,0.0018999139990996791,50000,1.1204895358895812
31,15,5.0,fit,1266,fit,clean,optimum,6.95795352937034e-05,7.316598195244799e-05,5.97909879121944e-07,0.7245,0.0022513764908554503,50000,1.0515445618256256
31,11,3.0,fit,1269,fit,clean,optimum,6.475049925611055e-05,6.915579564579839e-05,5.845464728500766e-07,0.7396,0.0022010577726526083,50000,1.0680349408930945
31,19,8.0,fit,1266,fit,clean,optimum,5.9256742160289614e-05,6.389209414925568e-05,5.628700187586295e-07,0.75942,0.002119437011981687,50000,1.0782248874976528
31,7,1.8,fit,1269,fit,clean,optimum,6.163978911749433e-05,6.64203705492096e-05,5.79819039120374e-07,0.7499,0.002183257041250144,50000,1.0775567454100596
31,13,4.0,fit,1269,fit,clean,optimum,7.380701400951144e-05,7.700620009775616e-05,6.089167858666204e-07,0.71004,0.002292822019600341,50000,1.043345285420061
31,17,6.0,fit,1266,fit,clean,optimum,6.49687883170849e-05,6.909736909033727e-05,5.814352677636557e-07,0.73982,0.0021893428065107466,50000,1.0635471413304267
31,9,2.0,fit,1269,fit,clean,optimum,6.29400218148234e-05,6.79341494861568e-05,5.812636279782886e-07,0.7442,0.002188696512159099,50000,1.0793474092847741
31,3,1.0,fit,1267,fit,clean,optimum,4.723184442704595e-05,5.255734238979839e-05,5.148513930560813e-07,0.8021,0.0019386271461392538,50000,1.1127522760831028
31,21,10.0,fit,1267,fit,clean,optimum,5.9156379055224885e-05,6.330251708960257e-05,5.596150675630272e-07,0.76164,0.002107180782645884,50000,1.070087758929719
31,1,0.6,fit,1267,fit,clean,optimum,8.928260828105277e-05,9.25317293352883e-05,6.685565795059804e-07,0.65158,0.0025173903600939104,50000,1.0363914217650052
31,5,1.4,fit,1267,fit,clean,optimum,4.495741566883621e-05,5.0145919100766715e-05,5.039729191156706e-07,0.81118,0.0018976652197001198,50000,1.1154092902080912
31,11,3.0,fit,1270,fit,clean,optimum,6.475049925611055e-05,6.951697798864896e-05,5.877705105742559e-07,0.73824,0.002213197600060223,50000,1.0736130035644258
31,15,5.0,fit,1267,fit,clean,optimum,6.95795352937034e-05,7.286322616505857e-05,5.980398784937729e-07,0.72564,0.0022518659919320864,50000,1.047193342949106
31,19,8.0,fit,1267,fit,clean,optimum,5.9256742160289614e-05,6.295726926187777e-05,5.621965824656606e-07,0.76294,0.002116901247494394,50000,1.0624490474278558
31,7,1.8,fit,1270,fit,clean,optimum,6.163978911749433e-05,6.722240781053952e-05,5.845398441242831e-07,0.74688,0.0022010328127749796,50000,1.0905684262222881
31,13,4.0,fit,1270,fit,clean,optimum,7.380701400951144e-05,7.734082491539713e-05,6.134014950145134e-07,0.70878,0.0023097087931701612,50000,1.047879066147159
31,17,6.0,fit,1267,fit,clean,optimum,6.49687883170849e-05,6.883179383824127e-05,5.814801846499129e-07,0.74082,0.002189511937052477,50000,1.05945940537328
31,9,2.0,fit,1270,fit,clean,optimum,6.29400218148234e-05,6.878930179790593e-05,5.864909754225362e-07,0.74098,0.0022083796242073485,50000,1.092934190590079
31,3,1.0,fit,1268,fit,clean,optimum,4.723184442704595e-05,5.235019369316351e-05,5.112248505765297e-07,0.80288,0.0019249717228611816,50000,1.1083664914679192
31,21,10.0,fit,1268,fit,clean,optimum,5.9156379055224885e-05,6.390802866438143e-05,5.602831607118404e-07,0.75936,0.002109696427998907,50000,1.0803235371238777
31,11,3.0,fit,1271,fit,clean,optimum,6.475049925611055e-05,6.859808761639679e-05,5.879672426279392e-07,0.7417,0.0022139383771173117,50000,1.059421755885892
31,1,0.6,fit,1268,fit,clean,optimum,8.928260828105277e-05,9.161283896303617e-05,6.629369573912598e-07,0.65504,0.0024962301726503557,50000,1.0260994915678099
31,5,1.4,fit,1268,fit,clean,optimum,4.495741566883621e-05,5.0156542110850566e-05,5.018634583493369e-07,0.81114,0.0018897222327324522,50000,1.115645580704905
31,15,5.0,fit,1268,fit,clean,optimum,6.95795352937034e-05,7.401051125411328e-05,6.017777475819816e-07,0.72132,0.0022659406056572294,50000,1.063682172375918
31,19,8.0,fit,1268,fit,clean,optimum,5.9256742160289614e-05,6.390802866438143e-05,5.617331927278921e-07,0.75936,0.002115156394635887,50000,1.0784937938624786
31,7,1.8,fit,1271,fit,clean,optimum,6.163978911749433e-05,6.623446787274238e-05,5.756435066760467e-07,0.7506,0.0021675344450693148,50000,1.0745407929039137
31,13,4.0,fit,1271,fit,clean,optimum,7.380701400951144e-05,7.630508143222272e-05,6.067893458463142e-07,0.71268,0.002284811333350339,50000,1.0338459353251896
31,17,6.0,fit,1268,fit,clean,optimum,6.49687883170849e-05,6.962851959452927e-05,5.842938733838754e-07,0.73782,0.0022001066318207436,50000,1.0717226132447202
31,9,2.0,fit,1271,fit,clean,optimum,6.29400218148234e-05,6.70258821239885e-05,5.835166738729433e-07,0.74762,0.0021971801561615914,50000,1.0649167285195127
31,3,1.0,fit,1269,fit,clean,optimum,4.723184442704595e-05,5.199432285535487e-05,5.122948552096495e-07,0.80422,0.0019290007301752102,50000,1.1008319384110654
31,21,10.0,fit,1269,fit,clean,optimum,5.9156379055224885e-05,6.355215782657279e-05,5.606873491513967e-07,0.7607,0.002111218363632466,50000,1.0743077727466088
31,11,3.0,fit,1272,fit,clean,optimum,6.475049925611055e-05,6.963383109957119e-05,5.90123696932136e-07,0.7378,0.0022220583140737014,50000,1.075417670899268
31,1,0.6,fit,1269,fit,clean,optimum,8.928260828105277e-05,9.161815046807806e-05,6.586921838391522e-07,0.65502,0.002480246855234269,50000,1.0261589824938049
31,5,1.4,fit,1269,fit,clean,optimum,4.495741566883621e-05,4.953509602094592e-05,4.991573060078562e-07,0.81348,0.0018795324566892291,50000,1.1018225866413156
31,15,5.0,fit,1269,fit,clean,optimum,6.95795352937034e-05,7.310755539698687e-05,5.93745790366202e-07,0.72472,0.0022356969848665535,50000,1.0507048529196306
31,7,1.8,fit,1272,fit,clean,optimum,6.163978911749433e-05,6.656378118534144e-05,5.763687501968584e-07,0.74936,0.0021702652850669724,50000,1.079883337343372
31,19,8.0,fit,1269,fit,clean,optimum,5.9256742160289614e-05,6.34459277257344e-05,5.604437913303505e-07,0.7611,0.0021103012683115576,50000,1.0706955092825223
31,13,4.0,fit,1272,fit,clean,optimum,7.380701400951144e-05,7.689996999691777e-05,6.094391012127191e-07,0.71044,0.002294788751598057,50000,1.0419059899511414
31,9,2.0,fit,1272,fit,clean,optimum,6.29400218148234e-05,6.788103443573761e-05,5.828196632328086e-07,0.7444,0.0021945556245659944,50000,1.0785035098248172
31,17,6.0,fit,1269,fit,clean,optimum,6.49687883170849e-05,6.87096292222771e-05,5.812188509029288e-07,0.74128,0.0021885279080628723,50000,1.0575790468329924
31,11,3.0,fit,1273,fit,clean,optimum,6.475049925611055e-05,6.811474065758209e-05,5.82303253103504e-07,0.74352,0.0021926111281370952,50000,1.051956995546317
31,21,10.0,fit,1270,fit,clean,optimum,5.9156379055224885e-05,6.336625515010561e-05,5.585985016969535e-07,0.7614,0.002103352994258033,50000,1.0711652092659463
31,3,1.0,fit,1270,fit,clean,optimum,4.723184442704595e-05,5.2079306936025614e-05,5.132762462614244e-07,0.8039,0.0019326960709271418,50000,1.102631234663449
31,7,1.8,fit,1273,fit,clean,optimum,6.163978911749433e-05,6.538993857107712e-05,5.762106791039184e-07,0.75378,0.002169670082420293,50000,1.060839751518852
31,5,1.4,fit,1270,fit,clean,optimum,4.495741566883621e-05,4.963070311170049e-05,5.023959264975102e-07,0.81312,0.0018917271942037145,50000,1.1039492011126373
31,1,0.6,fit,1270,fit,clean,optimum,8.928260828105277e-05,9.223428505294082e-05,6.638084954773665e-07,0.6527,0.0024995118718268727,50000,1.033059929909266
31,15,5.0,fit,1270,fit,clean,optimum,6.95795352937034e-05,7.354309881042433e-05,6.033259799262283e-07,0.72308,0.002271770336899232,50000,1.0569645011279576
31,19,8.0,fit,1270,fit,clean,optimum,5.9256742160289614e-05,6.369556846270465e-05,5.61455081555804e-07,0.76016,0.0021141091917437,50000,1.0749083756647977
31,13,4.0,fit,1273,fit,clean,optimum,7.380701400951144e-05,7.638475400785151e-05,6.098470316320107e-07,0.71238,0.002296324777323617,50000,1.0349254069268794
31,9,2.0,fit,1273,fit,clean,optimum,6.29400218148234e-05,6.703119362903039e-05,5.838963380844641e-07,0.7476,0.0021986097479948833,50000,1.065001118465508
31,17,6.0,fit,1270,fit,clean,optimum,6.49687883170849e-05,6.911330360546305e-05,5.856403369771968e-07,0.73976,0.002205176620769995,50000,1.0637924054878558
31,11,3.0,fit,1274,fit,clean,optimum,6.475049925611055e-05,6.797133002145022e-05,5.84460415388554e-07,0.74406,0.0022007337309324425,50000,1.0497421765444646
31,3,1.0,fit,1271,fit,clean,optimum,4.723184442704595e-05,5.1548156431833614e-05,5.097828712900019e-07,0.8059,0.0019195420780612718,50000,1.0913856330860552
31,21,10.0,fit,1271,fit,clean,optimum,5.9156379055224885e-05,6.294664625179392e-05,5.597939400856585e-07,0.76298,0.002107854311226652,50000,1.06407199455245
31,7,1.8,fit,1274,fit,clean,optimum,6.163978911749433e-05,6.568738285342463e-05,5.764941633223757e-07,0.75266,0.0021707375170408757,50000,1.065665275528685
31,5,1.4,fit,1271,fit,clean,optimum,4.495741566883621e-05,4.9354504849520636e-05,5.011941488204795e-07,0.81416,0.0018872020072085189,50000,1.097805648195486
31,1,0.6,fit,1271,fit,clean,optimum,8.928260828105277e-05,9.160752745799424e-05,6.597217375561141e-07,0.65506,0.0024841235482199156,50000,1.0260400006418142
31,15,5.0,fit,1271,fit,clean,optimum,6.95795352937034e-05,7.230020663061505e-05,5.999803056862078e-07,0.72776,0.0022591724980056773,50000,1.0391016025822446
31,19,8.0,fit,1271,fit,clean,optimum,5.9256742160289614e-05,6.300507280725504e-05,5.579180459912506e-07,0.76276,0.002100790798796172,50000,1.0632557665223341
31,13,4.0,fit,1274,fit,clean,optimum,7.380701400951144e-05,7.581642296836607e-05,6.088773059506612e-07,0.71452,0.0022926733614868776,50000,1.0272251761681577
31,9,2.0,fit,1274,fit,clean,optimum,6.29400218148234e-05,6.657440419542527e-05,5.805239980065302e-07,0.74932,0.0021859115012594723,50000,1.0577435831098794
31,17,6.0,fit,1271,fit,clean,optimum,6.49687883170849e-05,6.767388573910272e-05,5.762651450326639e-07,0.74518,0.0021698751690325266,50000,1.0416368766001207
31,11,3.0,fit,1275,fit,clean,optimum,6.475049925611055e-05,6.957009303906815e-05,5.937745081705463e-07,0.73804,0.002235805119205569,50000,1.0744333068984449
31,21,10.0,fit,1272,fit,clean,optimum,5.9156379055224885e-05,6.293602324171007e-05,5.582776176608395e-07,0.76302,0.0021021447339492068,50000,1.063892419496412
31,3,1.0,fit,1272,fit,clean,optimum,4.723184442704595e-05,5.219616004694785e-05,5.108652074708372e-07,0.80346,0.0019236175187218496,50000,1.1051052670104755
31,7,1.8,fit,1275,fit,clean,optimum,6.163978911749433e-05,6.720647329541375e-05,5.86240837993102e-07,0.74694,0.002207437753956035,50000,1.0903099160074756
31,5,1.4,fit,1272,fit,clean,optimum,4.495741566883621e-05,5.005031201001215e-05,5.010845415033798e-07,0.81154,0.001886789290600948,50000,1.1132826757367698
31,13,4.0,fit,1275,fit,clean,optimum,7.380701400951144e-05,7.685747795658239e-05,6.148244812121414e-07,0.7106,0.0023150669211824564,50000,1.041330271763573
31,1,0.6,fit,1272,fit,clean,optimum,8.928260828105277e-05,9.180936464958719e-05,6.618086214117753e-07,0.6543,0.002491981523837715,50000,1.0283006558296375
31,19,8.0,fit,1272,fit,clean,optimum,5.9256742160289614e-05,6.3206909998848e-05,5.571713444096235e-07,0.762,0.0020979791603783077,50000,1.066661913810131
31,15,5.0,fit,1272,fit,clean,optimum,6.95795352937034e-05,7.307037486169345e-05,5.984284274889913e-07,0.72486,0.002253329038628463,50000,1.0501704927067248
31,9,2.0,fit,1275,fit,clean,optimum,6.29400218148234e-05,6.842280795001343e-05,5.871386130539152e-07,0.74236,0.002210818246128132,50000,1.0871112843163766
31,11,3.0,fit,1276,fit,clean,optimum,6.475049925611055e-05,6.954353551385855e-05,5.885657410540114e-07,0.73814,0.002216191969729382,50000,1.0740231552314352
31,17,6.0,fit,1272,fit,clean,optimum,6.49687883170849e-05,6.87308752424448e-05,5.837590819579467e-07,0.7412,0.002198092922253651,50000,1.0579060657095645
31,7,1.8,fit,1276,fit,clean,optimum,6.163978911749433e-05,6.705775115423998e-05,5.782369446630277e-07,0.7475,0.0021772998052318783,50000,1.087897154002559
31,21,10.0,fit,1273,fit,clean,optimum,5.9156379055224885e-05,6.237831521230848e-05,5.566841200053088e-07,0.76512,0.0020961445602020136,50000,1.0544647290544233
31,3,1.0,fit,1273,fit,clean,optimum,4.723184442704595e-05,5.152691041166591e-05,5.096212598766391e-07,0.80598,0.0019189335446528034,50000,1.090935809022959
31,13,4.0,fit,1276,fit,clean,optimum,7.380701400951144e-05,7.801538605572096e-05,6.107753392227418e-07,0.70624,0.0022998202370225333,50000,1.0570185923748006
31,5,1.4,fit,1273,fit,clean,optimum,4.495741566883621e-05,4.9752867727664625e-05,5.014397826945038e-07,0.81266,0.0018881269197223377,50000,1.1066665418259918
31,1,0.6,fit,1273,fit,clean,optimum,8.928260828105277e-05,9.07205061159936e-05,6.58120779095374e-07,0.6584,0.0024780952814740316,50000,1.0161050160005907
31,19,8.0,fit,1273,fit,clean,optimum,5.9256742160289614e-05,6.235175768709888e-05,5.559990342378671e-07,0.76522,0.002093564930654325,50000,1.0522306055644646
31,15,5.0,fit,1273,fit,clean,optimum,6.95795352937034e-05,7.226833760036352e-05,5.96684561126258e-07,0.72788,0.0022467626648832806,50000,1.0386435795426108
31,9,2.0,fit,1276,fit,clean,optimum,6.29400218148234e-05,6.817847871808511e-05,5.860572841817246e-07,0.74328,0.0022067465983986977,50000,1.0832293468005751
31,11,3.0,fit,1277,fit,clean,optimum,6.475049925611055e-05,6.955947002898432e-05,5.887381434556842e-07,0.73808,0.002216841135644926,50000,1.0742692462316412
31,17,6.0,fit,1273,fit,clean,optimum,6.49687883170849e-05,6.799257604161792e-05,5.797564462385366e-07,0.74398,0.002183021353318594,50000,1.0465421597486966
31,7,1.8,fit,1277,fit,clean,optimum,6.163978911749433e-05,6.740299898196481e-05,5.808417882297175e-07,0.7462,0.0021871081120907877,50000,1.09349820865683
31,21,10.0,fit,1274,fit,clean,optimum,5.9156379055224885e-05,6.239424972743425e-05,5.596085493571604e-07,0.76506,0.0021071562389212133,50000,1.0547340916384804
31,3,1.0,fit,1274,fit,clean,optimum,4.723184442704595e-05,5.087890679655167e-05,5.079335672739118e-07,0.80842,0.0019125786882066265,50000,1.0772161750985387
31,13,4.0,fit,1277,fit,clean,optimum,7.380701400951144e-05,7.687872397675007e-05,6.146435776770413e-07,0.71052,0.0023143857450048104,50000,1.041618130857357
31,5,1.4,fit,1274,fit,clean,optimum,4.495741566883621e-05,4.8531221568023043e-05,4.998281931551804e-07,0.81726,0.0018820586225952365,50000,1.0794931346924406
31,19,8.0,fit,1274,fit,clean,optimum,5.9256742160289614e-05,6.243674176776959e-05,5.600561380652711e-07,0.7649,0.002108841594407382,50000,1.0536647728435369
31,1,0.6,fit,1274,fit,clean,optimum,8.928260828105277e-05,9.098076986304767e-05,6.562065268444047e-07,0.65742,0.0024708873348153674,50000,1.019020071374363
31,15,5.0,fit,1274,fit,clean,optimum,6.95795352937034e-05,7.221522254994433e-05,5.977698525988223e-07,0.72808,0.002250849233432115,50000,1.037880207809888
31,9,2.0,fit,1277,fit,clean,optimum,6.29400218148234e-05,6.888490888866049e-05,5.840644251947162e-07,0.74062,0.002199242665064247,50000,1.0944532096180013
31,11,3.0,fit,1278,fit,clean,optimum,6.475049925611055e-05,6.956478153402623e-05,5.853200687039823e-07,0.73806,0.002203970679061621,50000,1.074351276565043
31,17,6.0,fit,1274,fit,clean,optimum,6.49687883170849e-05,6.782791938531839e-05,5.825036928417412e-07,0.7446,0.002193365866150729,50000,1.0440077634552656
31,7,1.8,fit,1278,fit,clean,optimum,6.163978911749433e-05,6.666469978113793e-05,5.789613273715051e-07,0.74898,0.002180027403917224,50000,1.0815205687038512
31,21,10.0,fit,1275,fit,clean,optimum,5.9156379055224885e-05,6.381773307866879e-05,5.597888271354361e-07,0.7597,0.0021078350588671717,50000,1.0787971491475559
31,13,4.0,fit,1278,fit,clean,optimum,7.380701400951144e-05,7.713898772380417e-05,6.074505025620957e-07,0.70954,0.002287300860181486,50000,1.0451444047562113
31,3,1.0,fit,1275,fit,clean,optimum,4.723184442704595e-05,5.214835650157055e-05,5.15126865141657e-07,0.80364,0.0019396644117858138,50000,1.1040931628685096
31,19,8.0,fit,1275,fit,clean,optimum,5.9256742160289614e-05,6.38761596341299e-05,5.635718370017752e-07,0.75948,0.0021220796461789877,50000,1.0779559811328263
31,5,1.4,fit,1275,fit,clean,optimum,4.495741566883621e-05,4.989627836379649e-05,5.053336780289086e-07,0.81212,0.0019027890364055491,50000,1.1098564635329744
31,15,5.0,fit,1275,fit,clean,optimum,6.95795352937034e-05,7.323503151799295e-05,5.992032113752409e-07,0.72424,0.002256246418467641,50000,1.0525369450781652
31,1,0.6,fit,1275,fit,clean,optimum,8.928260828105277e-05,9.149598585211392e-05,6.668445093083572e-07,0.65548,0.002510943711981516,50000,1.024790691195912
31,9,2.0,fit,1278,fit,clean,optimum,6.29400218148234e-05,6.774293530464767e-05,5.82908072601241e-07,0.74492,0.0021948885221825254,50000,1.0763093712289293
31,11,3.0,fit,1279,fit,clean,optimum,6.475049925611055e-05,6.89698929693312e-05,5.92567609281406e-07,0.7403,0.002231260648741491,50000,1.0651638792240272
31,7,1.8,fit,1279,fit,clean,optimum,6.163978911749433e-05,6.626633690299391e-05,5.770511972340142e-07,0.75048,0.0021728349787103734,50000,1.0750578133335387
31,17,6.0,fit,1275,fit,clean,optimum,6.49687883170849e-05,6.862995664664831e-05,5.828596587835252e-07,0.74158,0.0021947062242562926,50000,1.0563527260458485
31,13,4.0,fit,1279,fit,clean,optimum,7.380701400951144e-05,7.668219829019903e-05,6.112970680274786e-07,0.71126,0.0023017847604508996,50000,1.0389554342398553
31,21,10.0,fit,1276,fit,clean,optimum,5.9156379055224885e-05,6.366369943245313e-05,5.592520107748478e-07,0.76028,0.0021058137245886514,50000,1.076193310835007
31,3,1.0,fit,1276,fit,clean,optimum,4.723184442704595e-05,5.2652949480552954e-05,5.16057523290993e-07,0.80174,0.0019431687223041732,50000,1.1147764843670336
31,19,8.0,fit,1276,fit,clean,optimum,5.9256742160289614e-05,6.40779968257229e-05,5.61453639390865e-07,0.75872,0.0021141037613998425,50000,1.0813621284206238
31,5,1.4,fit,1276,fit,clean,optimum,4.495741566883621e-05,5.0363690807485446e-05,5.039680069272647e-07,0.81036,0.0018976467232914107,50000,1.120253245392768
31,15,5.0,fit,1276,fit,clean,optimum,6.95795352937034e-05,7.375555901210111e-05,5.964292463669019e-07,0.72228,0.0022458012998564526,50000,1.0600179880588485
31,1,0.6,fit,1276,fit,clean,optimum,8.928260828105277e-05,9.224490806302463e-05,6.591105004347446e-07,0.65266,0.0024818219891832756,50000,1.0331789117612562
31,9,2.0,fit,1279,fit,clean,optimum,6.29400218148234e-05,6.772168928448e-05,5.853450163034673e-07,0.745,0.0022040646170294405,50000,1.0759718114449466
31,11,3.0,fit,1280,fit,clean,optimum,6.475049925611055e-05,6.903894253487615e-05,5.908189961088801e-07,0.74004,0.0022246764013060644,50000,1.0662302735582523
31,7,1.8,fit,1280,fit,clean,optimum,6.163978911749433e-05,6.712680071978496e-05,5.820580644699929e-07,0.74724,0.002191687892136843,50000,1.0890173649334134
31,17,6.0,fit,1276,fit,clean,optimum,6.49687883170849e-05,6.9580716049152e-05,5.803132368456983e-07,0.738,0.0021851178988467152,50000,1.0709868207724338
31,13,4.0,fit,1280,fit,clean,optimum,7.380701400951144e-05,7.667157528011518e-05,6.150371352804743e-07,0.7113,0.0023158676511701136,50000,1.0388115046929631
31,21,10.0,fit,1277,fit,clean,optimum,5.9156379055224885e-05,6.309005688792576e-05,5.592671750926555e-07,0.76244,0.002105870824479127,50000,1.0664962578089614
31,3,1.0,fit,1277,fit,clean,optimum,4.723184442704595e-05,5.280167162172672e-05,5.158529493426651e-07,0.80118,0.0019423984172900074,50000,1.117925252808704
31,19,8.0,fit,1277,fit,clean,optimum,5.9256742160289614e-05,6.324940203918336e-05,5.621100173675237e-07,0.76184,0.0021165752943136905,50000,1.0673789974496672
31,15,5.0,fit,1277,fit,clean,optimum,6.95795352937034e-05,7.254453586254335e-05,5.992853488722826e-07,0.72684,0.0022565556999100704,50000,1.0426131125527691
31,5,1.4,fit,1277,fit,clean,optimum,4.495741566883621e-05,5.02999527469824e-05,5.064626010261971e-07,0.8106,0.0019070398955815407,50000,1.118835502411887
31,9,2.0,fit,1280,fit,clean,optimum,6.29400218148234e-05,6.806693711220479e-05,5.861125617751287e-07,0.7437,0.0022069547412620397,50000,1.081457157934666
31,1,0.6,fit,1277,fit,clean,optimum,8.928260828105277e-05,9.317442144536065e-05,6.667168449151708e-07,0.64916,0.0025104630030593606,50000,1.0435898238104429
31,11,3.0,fit,1281,fit,clean,optimum,6.475049925611055e-05,6.955947002898432e-05,5.887714529216163e-07,0.73808,0.0022169665594774153,50000,1.0742692462316412
31,7,1.8,fit,1281,fit,clean,optimum,6.163978911749433e-05,6.646286258954497e-05,5.782556191988139e-07,0.74974,0.002177370122536065,50000,1.0782461059828932
31,13,4.0,fit,1281,fit,clean,optimum,7.380701400951144e-05,7.689996999691777e-05,6.120663076320607e-07,0.71044,0.0023046812637903904,50000,1.0419059899511414
31,17,6.0,fit,1277,fit,clean,optimum,6.49687883170849e-05,6.887959738361857e-05,5.85941422077771e-07,0.74064,0.0022063103299473294,50000,1.0601951978455666
31,21,10.0,fit,1278,fit,clean,optimum,5.9156379055224885e-05,6.353622331144703e-05,5.627349234083153e-07,0.76076,0.002118928322451138,50000,1.0740384101625522
31,3,1.0,fit,1278,fit,clean,optimum,4.723184442704595e-05,5.207399543098369e-05,5.149992887733838e-07,0.80392,0.001939184034313642,50000,1.102518778647675
31,19,8.0,fit,1278,fit,clean,optimum,5.9256742160289614e-05,6.396645521984255e-05,5.653863280714826e-07,0.75914,0.002128911950979179,50000,1.0794797838668408
31,15,5.0,fit,1278,fit,clean,optimum,6.95795352937034e-05,7.311817840707072e-05,5.962056840940442e-07,0.72468,0.002244959495994484,50000,1.0508575272661753
31,5,1.4,fit,1278,fit,clean,optimum,4.495741566883621e-05,5.018841114110209e-05,5.04677582626103e-07,0.81102,0.0019003185674984222,50000,1.1163544521953455
31,9,2.0,fit,1281,fit,clean,optimum,6.29400218148234e-05,6.704712814415616e-05,5.800068542361441e-07,0.74754,0.002183964242370308,50000,1.065254288303495
31,1,0.6,fit,1278,fit,clean,optimum,8.928260828105277e-05,9.206431689159935e-05,6.6350901351942e-07,0.65334,0.0024983841991405705,50000,1.0311562202774145
31,11,3.0,fit,1282,fit,clean,optimum,6.475049925611055e-05,6.959133905923585e-05,5.826393855490512e-07,0.73796,0.0021938768049759357,50000,1.074761428232053
31,7,1.8,fit,1282,fit,clean,optimum,6.163978911749433e-05,6.657971570046721e-05,5.781153293324536e-07,0.7493,0.0021768418735171784,50000,1.0801418475581848
31,13,4.0,fit,1282,fit,clean,optimum,7.380701400951144e-05,7.653347614902527e-05,6.079952822951546e-07,0.71182,0.0022893521798310365,50000,1.0369404205833672
31,17,6.0,fit,1278,fit,clean,optimum,6.49687883170849e-05,6.90761230701696e-05,5.834186481409931e-07,0.7399,0.002196811048983206,50000,1.063220122453855
31,21,10.0,fit,1279,fit,clean,optimum,5.9156379055224885e-05,6.282979314087168e-05,5.595341971203827e-07,0.76342,0.0021068762721841365,50000,1.0620966689360334
31,3,1.0,fit,1279,fit,clean,optimum,4.723184442704595e-05,5.167032104779775e-05,5.09580876016195e-07,0.80544,0.0019187814828167497,50000,1.0939721214488551
31,19,8.0,fit,1279,fit,clean,optimum,5.9256742160289614e-05,6.2941334746752e-05,5.598645518897962e-07,0.763,0.0021081201936971774,50000,1.0621801410630296
31,9,2.0,fit,1282,fit,clean,optimum,6.29400218148234e-05,6.818910172816896e-05,5.830563429953759e-07,0.74324,0.0021954468211692144,50000,1.0833981266925667
31,5,1.4,fit,1279,fit,clean,optimum,4.495741566883621e-05,4.939699688985601e-05,5.002775824997122e-07,0.814,0.001883750758217758,50000,1.0987508101827403
31,15,5.0,fit,1279,fit,clean,optimum,6.95795352937034e-05,7.288978369026817e-05,5.985711614993883e-07,0.72554,0.0022538664908544155,50000,1.0475750288154675
31,11,3.0,fit,1283,fit,clean,optimum,6.475049925611055e-05,6.946386293822977e-05,5.888399834377849e-07,0.73844,0.002217224605043136,50000,1.0727927002304065
31,1,0.6,fit,1279,fit,clean,optimum,8.928260828105277e-05,9.280792759746815e-05,6.657730512687349e-07,0.65054,0.002506909231994522,50000,1.0394849499167635
31,7,1.8,fit,1283,fit,clean,optimum,6.163978911749433e-05,6.623977937778432e-05,5.795343930116911e-07,0.75058,0.002182185231635218,50000,1.074626962975518
31,13,4.0,fit,1283,fit,clean,optimum,7.380701400951144e-05,7.737800545069055e-05,6.129189924156272e-07,0.70864,0.0023078919725324012,50000,1.0483828195612808
31,17,6.0,fit,1279,fit,clean,optimum,6.49687883170849e-05,6.846529999034881e-05,5.833139245769255e-07,0.7422,0.002196416721713473,50000,1.0538183297524177
31,21,10.0,fit,1280,fit,clean,optimum,5.9156379055224885e-05,6.241018424255999e-05,5.58883774332158e-07,0.765,0.0021044271630028728,50000,1.055003454222537
31,3,1.0,fit,1280,fit,clean,optimum,4.723184442704595e-05,5.200494586543872e-05,5.132538042541392e-07,0.80418,0.0019326115675439837,50000,1.1010568504426135
31,9,2.0,fit,1283,fit,clean,optimum,6.29400218148234e-05,6.768982025422848e-05,5.809182282426961e-07,0.74512,0.002187395940163529,50000,1.0754654717689727
31,19,8.0,fit,1280,fit,clean,optimum,5.9256742160289614e-05,6.23305116669312e-05,5.551167851611904e-07,0.7653,0.0020902429001951094,50000,1.0518720637446966
31,15,5.0,fit,1280,fit,clean,optimum,6.95795352937034e-05,7.201869686339327e-05,5.95644460177719e-07,0.72882,0.0022428462572348638,50000,1.0350557323988137
31,5,1.4,fit,1280,fit,clean,optimum,4.495741566883621e-05,5.023621468647936e-05,5.050287824421166e-07,0.81084,0.0019016409791811442,50000,1.117417759431006
31,23,20.0,fit,1234,fit,clean,optimum,4.943270945511696e-05,5.5244963941009914e-05,5.278929242147408e-07,0.79198,0.0019877338722205876,50000,1.1175791201809455
31,1,0.6,fit,1280,fit,clean,optimum,8.928260828105277e-05,9.157565842774272e-05,6.582435742676906e-07,0.65518,0.002478557655777915,50000,1.0256830550858422
31,25,26.0,fit,1234,fit,clean,optimum,5.1208314467011325e-05,5.724740134181375e-05,5.35053698414384e-07,0.78444,0.0020146971308191513,50000,1.1179317643562128
31,27,30.0,fit,1234,fit,clean,optimum,5.240151587458129e-05,5.835750589557505e-05,5.405175964797873e-07,0.78026,0.0020352709532001174,50000,1.113660643620481
31,17,6.0,fit,1280,fit,clean,optimum,6.49687883170849e-05,6.771637777943808e-05,5.768140173751646e-07,0.74502,0.0021719418990390647,50000,1.042290914353264
31,21,10.0,fit,1281,fit,clean,optimum,5.9156379055224885e-05,6.416298090639361e-05,5.628460372194707e-07,0.7584,0.0021193467116281356,50000,1.0846333384687874
31,3,1.0,fit,1281,fit,clean,optimum,4.723184442704595e-05,5.1601271482252805e-05,5.101307373874805e-07,0.8057,0.0019208519369232446,50000,1.0925101932437944
31,29,40.0,fit,1234,fit,clean,optimum,4.917480306656077e-05,5.553178521327359e-05,5.300490427494299e-07,0.7909,0.0019958525448667487,50000,1.1292731592256364
31,19,8.0,fit,1281,fit,clean,optimum,5.9256742160289614e-05,6.389209414925568e-05,5.636414242160027e-07,0.75942,0.002122341670647301,50000,1.0782248874976528
31,15,5.0,fit,1281,fit,clean,optimum,6.95795352937034e-05,7.340499967933439e-05,5.957904516287733e-07,0.7236,0.002243395975063999,50000,1.0549797346228782
31,5,1.4,fit,1281,fit,clean,optimum,4.495741566883621e-05,4.9545719031029745e-05,5.005168697134735e-07,0.81344,0.0018846517729466262,50000,1.1020588771381288
31,23,20.0,fit,1235,fit,clean,optimum,4.943270945511696e-05,5.3901153165404165e-05,5.229180108567612e-07,0.79704,0.001969001278280768,50000,1.0903944728003305
31,1,0.6,fit,1281,fit,clean,optimum,8.928260828105277e-05,9.259546739579134e-05,6.602428348779345e-07,0.65134,0.0024860856938555037,50000,1.0371053128769494
31,25,26.0,fit,1235,fit,clean,optimum,5.1208314467011325e-05,5.571237638469887e-05,5.307388926206497e-07,0.79022,0.0019984501132236467,50000,1.087955676037513
31,27,30.0,fit,1235,fit,clean,optimum,5.240151587458129e-05,5.689684200904703e-05,5.363535482568796e-07,0.78576,0.0020195915998340043,50000,1.0857861849879484
31,17,6.0,fit,1281,fit,clean,optimum,6.49687883170849e-05,6.87574327676544e-05,5.782236386060554e-07,0.7411,0.002177249702457364,50000,1.058314839305279
31,21,10.0,fit,1282,fit,clean,optimum,5.9156379055224885e-05,6.344061622069248e-05,5.580340306754805e-07,0.76112,0.0021012275288126723,50000,1.0724222346582113
31,29,40.0,fit,1235,fit,clean,optimum,4.917480306656077e-05,5.404987530657793e-05,5.248696278314183e-07,0.79648,0.0019763499184844557,50000,1.0991376057656699
31,3,1.0,fit,1282,fit,clean,optimum,4.723184442704595e-05,5.216429101669633e-05,5.10089600877353e-07,0.80358,0.0019206970410517244,50000,1.1044305309158318
31,19,8.0,fit,1282,fit,clean,optimum,5.9256742160289614e-05,6.380711006858496e-05,5.627665108975302e-07,0.75974,0.0021190472623333957,50000,1.0767907202185802
31,23,20.0,fit,1236,fit,clean,optimum,4.943270945511696e-05,5.458633731581182e-05,5.233564437955525e-07,0.79446,0.001970652158531586,50000,1.1042554194884697
31,15,5.0,fit,1282,fit,clean,optimum,6.95795352937034e-05,7.326690054824448e-05,5.964492305220305e-07,0.72412,0.002245876548415838,50000,1.052994968117799
31,5,1.4,fit,1282,fit,clean,optimum,4.495741566883621e-05,5.0156542110850566e-05,5.0174663943079e-07,0.81114,0.0018892823614808014,50000,1.115645580704905
31,1,0.6,fit,1282,fit,clean,optimum,8.928260828105277e-05,9.263264793108479e-05,6.733170476935006e-07,0.6512,0.0025353154798102586,50000,1.0375217493589168
31,25,26.0,fit,1236,fit,clean,optimum,5.1208314467011325e-05,5.6328510969561584e-05,5.30160688135801e-07,0.7879,0.0019962729356429597,50000,1.0999876007605898
31,27,30.0,fit,1236,fit,clean,optimum,5.240151587458129e-05,5.7337696927526394e-05,5.357618019180391e-07,0.7841,0.0020173634316060906,50000,1.0941992034115855
31,17,6.0,fit,1282,fit,clean,optimum,6.49687883170849e-05,6.895926995924735e-05,5.822918675840129e-07,0.74034,0.0021925682569757152,50000,1.0614215186327105
31,21,10.0,fit,1283,fit,clean,optimum,5.9156379055224885e-05,6.2808547120704e-05,5.579867266831814e-07,0.7635,0.0021010494098353738,50000,1.0617375188239577
31,29,40.0,fit,1236,fit,clean,optimum,4.917480306656077e-05,5.4517287750266885e-05,5.252606230730379e-07,0.79472,0.001977822176304165,50000,1.1086427265702472
31,3,1.0,fit,1283,fit,clean,optimum,4.723184442704595e-05,5.204743790577409e-05,5.112278590798796e-07,0.80402,0.0019249830511130655,50000,1.1019564985688053
31,23,20.0,fit,1237,fit,clean,optimum,4.943270945511696e-05,5.421984346791936e-05,5.2294587209117e-07,0.79584,0.0019691061872818476,50000,1.0968414247483023
31,19,8.0,fit,1283,fit,clean,optimum,5.9256742160289614e-05,6.332376310977023e-05,5.602682726541469e-07,0.76156,0.0021096403683413295,50000,1.0686338938188555
31,15,5.0,fit,1283,fit,clean,optimum,6.95795352937034e-05,7.352185279025663e-05,5.97983479748618e-07,0.72316,0.002251653627471506,50000,1.056659152434868
31,5,1.4,fit,1283,fit,clean,optimum,4.495741566883621e-05,4.998126244446721e-05,5.014614555490345e-07,0.8118,0.0018882085269291827,50000,1.1117467875074825
31,1,0.6,fit,1283,fit,clean,optimum,8.928260828105277e-05,9.25051718100787e-05,6.649221196166793e-07,0.65168,0.0025037051245133477,50000,1.0360939671350284
31,25,26.0,fit,1237,fit,clean,optimum,5.1208314467011325e-05,5.5993886151920646e-05,5.323480145371838e-07,0.78916,0.0020045091187365265,50000,1.0934530209540916
31,27,30.0,fit,1237,fit,clean,optimum,5.240151587458129e-05,5.712523672584959e-05,5.364483896951757e-07,0.7849,0.0020199487168377443,50000,1.0901447367013988
31,29,40.0,fit,1237,fit,clean,optimum,4.917480306656077e-05,5.4331385073799675e-05,5.266523175891543e-07,0.79542,0.0019830624782718096,50000,1.1048622807956991
31,17,6.0,fit,1283,fit,clean,optimum,6.49687883170849e-05,6.909736909033727e-05,5.84044945850562e-07,0.73982,0.002199169317325704,50000,1.0635471413304267
34,1,0.6,fit,1234,fit,clean,optimum,0.00020046131896583755,0.00020454074765929726,7.444156327879565e-07,0.22982,0.0028030308807496323,50000,1.0203502037924579
34,3,1.0,fit,1234,fit,clean,optimum,0.00017476223804558316,0.0001782594207118771,8.16389879479417e-07,0.32878,0.003074043507579196,50000,1.0200110888107405
31,23,20.0,fit,1238,fit,clean,optimum,4.943270945511696e-05,5.532463651663871e-05,5.288586719086634e-07,0.79168,0.0019913703092993467,50000,1.1191908581679384
34,5,1.4,fit,1234,fit,clean,optimum,0.0001527293686014727,0.0001552234233450701,8.116542650852748e-07,0.41552,0.003056211972612111,50000,1.016329896250048
34,7,1.8,fit,1234,fit,clean,optimum,0.00013826853353212797,0.0001408664252167603,7.80825211346716e-07,0.46958,0.0029401279117094226,50000,1.0187887411420957
31,25,26.0,fit,1238,fit,clean,optimum,5.1208314467011325e-05,5.715710575610111e-05,5.381480711411464e-07,0.78478,0.00202634871620725,50000,1.116168465043348
34,9,2.0,fit,1234,fit,clean,optimum,0.00012963780512639594,0.0001318899816959155,7.650774924803712e-07,0.50338,0.002880831276416567,50000,1.017372837864107
34,11,3.0,fit,1234,fit,clean,optimum,0.00011322494506077982,0.00011527559392478976,7.246491057876655e-07,0.56594,0.0027286017807326406,50000,1.0181112815988484
31,27,30.0,fit,1238,fit,clean,optimum,5.240151587458129e-05,5.8245964289694706e-05,5.419916449080385e-07,0.78068,0.002040821351501983,50000,1.1115320485976325
31,29,40.0,fit,1238,fit,clean,optimum,4.917480306656077e-05,5.5255586951093765e-05,5.299787331646719e-07,0.79194,0.001995587800376428,50000,1.1236564969320229
34,1,0.6,fit,1235,fit,clean,optimum,0.00020046131896583755,0.00020392461307443456,7.607662246532391e-07,0.23214,0.002864597580719749,50000,1.0172766203797512
31,23,20.0,fit,1239,fit,clean,optimum,4.943270945511696e-05,5.4331385073799675e-05,5.237493328039066e-07,0.79542,0.001972131547161563,50000,1.0990978579300925
34,13,4.0,fit,1234,fit,clean,optimum,0.00010099824075276481,0.00010315473941912831,6.874021283248548e-07,0.61158,0.002588351598651116,50000,1.02135184385679
34,3,1.0,fit,1235,fit,clean,optimum,0.00017476223804558316,0.00017720774271357695,8.138570329210035e-07,0.33274,0.00306450629905384,50000,1.013993324274984
31,25,26.0,fit,1239,fit,clean,optimum,5.1208314467011325e-05,5.5962017121669124e-05,5.304418808804125e-07,0.78928,0.0019973317419225067,50000,1.0928306800201393
34,5,1.4,fit,1235,fit,clean,optimum,0.0001527293686014727,0.00015425141792239873,8.073998172711785e-07,0.41918,0.0030401922276226253,50000,1.0099656623664675
34,7,1.8,fit,1235,fit,clean,optimum,0.00013826853353212797,0.00014034058621761024,7.809081355682279e-07,0.47156,0.0029404401554928984,50000,1.0149857139043195
34,9,2.0,fit,1235,fit,clean,optimum,0.00012963780512639594,0.0001320174578169216,7.600568086582743e-07,0.5029,0.0028619263378634745,50000,1.018356163066827
31,27,30.0,fit,1239,fit,clean,optimum,5.240151587458129e-05,5.702962963509505e-05,5.344766854429608e-07,0.78526,0.002012524439776333,50000,1.0883202266818153
34,11,3.0,fit,1235,fit,clean,optimum,0.00011322494506077982,0.00011482942750126847,7.257174237307524e-07,0.56762,0.0027326244369653106,50000,1.014170750443971
31,29,40.0,fit,1239,fit,clean,optimum,4.917480306656077e-05,5.4315450558673925e-05,5.255806998240663e-07,0.79548,0.0019790273968527746,50000,1.1045382425864525
31,23,20.0,fit,1240,fit,clean,optimum,4.943270945511696e-05,5.437387711413505e-05,5.234095510719451e-07,0.79526,0.00197085212925918,50000,1.0999574515231556
34,1,0.6,fit,1236,fit,clean,optimum,0.00020046131896583755,0.00020339877407528448,7.538923360869203e-07,0.23412,0.0028387145644670378,50000,1.0146534759154584
34,13,4.0,fit,1235,fit,clean,optimum,0.00010099824075276481,0.00010288916416703231,6.907743086072608e-07,0.61258,0.002601049243690674,50000,1.018722340113788
34,3,1.0,fit,1236,fit,clean,optimum,0.00017476223804558316,0.00017721305421861886,8.140320973113954e-07,0.33272,0.003065165488451234,50000,1.0140237170251645
31,25,26.0,fit,1240,fit,clean,optimum,5.1208314467011325e-05,5.631257645443584e-05,5.308509537084922e-07,0.78796,0.001998872069286789,50000,1.099676430293614
34,5,1.4,fit,1236,fit,clean,optimum,0.0001527293686014727,0.00015492597906272256,7.982438470388903e-07,0.41664,0.003005716235752048,50000,1.0143823711272038
31,27,30.0,fit,1240,fit,clean,optimum,5.240151587458129e-05,5.760858368466432e-05,5.371350249651978e-07,0.78308,0.0020225341808996363,50000,1.0993686484670733
34,7,1.8,fit,1236,fit,clean,optimum,0.00013826853353212797,0.00014066989953020925,7.834175751098659e-07,0.47032,0.0029498892269776574,50000,1.0173674077299975
34,9,2.0,fit,1236,fit,clean,optimum,0.00012963780512639594,0.00013200683480683775,7.620540551398418e-07,0.50294,0.0028694467919186044,50000,1.0182742192999337
34,11,3.0,fit,1236,fit,clean,optimum,0.00011322494506077982,0.0001155571036920115,7.2555571046986e-07,0.56488,0.002732015520059025,50000,1.0205975691132352
31,29,40.0,fit,1240,fit,clean,optimum,4.917480306656077e-05,5.4352631093967345e-05,5.245306270314132e-07,0.79534,0.0019750734411119234,50000,1.1052943317413617
31,23,20.0,fit,1241,fit,clean,optimum,4.943270945511696e-05,5.391177617548799e-05,5.214806532730993e-07,0.797,0.0019635890360920932,50000,1.0906093711985958
34,1,0.6,fit,1237,fit,clean,optimum,0.00020046131896583755,0.00020432297595257857,7.529810413523941e-07,0.23064,0.0028352831651655814,50000,1.0192638510345187
34,13,4.0,fit,1236,fit,clean,optimum,0.00010099824075276481,0.00010363808637794305,6.861646490063363e-07,0.60976,0.00258369198029906,50000,1.0261375406690534
31,25,26.0,fit,1241,fit,clean,optimum,5.1208314467011325e-05,5.5786737455285766e-05,5.301661105217088e-07,0.78994,0.001996293353155002,50000,1.089407804883402
34,3,1.0,fit,1237,fit,clean,optimum,0.00017476223804558316,0.0001775104985009664,8.241179835166227e-07,0.3316,0.0031031429962409336,50000,1.0157257110352775
31,27,30.0,fit,1241,fit,clean,optimum,5.240151587458129e-05,5.685434996871169e-05,5.355531347017244e-07,0.78592,0.0020165777137552444,50000,1.0849752916459114
34,5,1.4,fit,1237,fit,clean,optimum,0.0001527293686014727,0.00015412925330643456,8.063299102975887e-07,0.41964,0.003036163588036874,50000,1.0091657859767278
34,7,1.8,fit,1237,fit,clean,optimum,0.00013826853353212797,0.0001399953383898854,7.918148593057847e-07,0.47286,0.0029815084540315523,50000,1.0124887768290116
34,9,2.0,fit,1237,fit,clean,optimum,0.00012963780512639594,0.00013051430189005823,7.70523176592013e-07,0.50856,0.0029013365157740103,50000,1.006761120051421
34,11,3.0,fit,1237,fit,clean,optimum,0.00011322494506077982,0.00011455854074413054,7.213200500551968e-07,0.56864,0.002716066517351754,50000,1.0117782850999384
31,29,40.0,fit,1241,fit,clean,optimum,4.917480306656077e-05,5.417735142758399e-05,5.249356272286802e-07,0.796,0.00197659843334697,50000,1.1017299114396453
31,23,20.0,fit,1242,fit,clean,optimum,4.943270945511696e-05,5.429420453850623e-05,5.223179886581455e-07,0.79556,0.001966741948038661,50000,1.0983457135361623
31,25,26.0,fit,1242,fit,clean,optimum,5.1208314467011325e-05,5.61957233435136e-05,5.320750575618625e-07,0.7884,0.002003481323514016,50000,1.097394513535789
34,13,4.0,fit,1237,fit,clean,optimum,0.00010099824075276481,0.00010248017827880447,6.868009586067081e-07,0.61412,0.002586087947526239,50000,1.014672904349565
34,1,0.6,fit,1238,fit,clean,optimum,0.00020046131896583755,0.00020465228926517758,7.507601452991455e-07,0.2294,0.002826920578532525,50000,1.0209066283757928
34,3,1.0,fit,1238,fit,clean,optimum,0.00017476223804558316,0.00017741489141021182,8.206776912722876e-07,0.33196,0.0030901888816644314,50000,1.015178641532027
31,27,30.0,fit,1242,fit,clean,optimum,5.240151587458129e-05,5.736425445273599e-05,5.352123714161937e-07,0.784,0.002015294599900165,50000,1.0947060117503586
34,5,1.4,fit,1238,fit,clean,optimum,0.0001527293686014727,0.00015548368709212415,8.045875921855973e-07,0.41454,0.0030296030440922087,50000,1.0180339807325367
34,7,1.8,fit,1238,fit,clean,optimum,0.00013826853353212797,0.00014083986769155072,7.857773070042717e-07,0.46968,0.0029587745876269726,50000,1.0185966690593797
34,9,2.0,fit,1238,fit,clean,optimum,0.00012963780512639594,0.00013155535687827457,7.69476037648895e-07,0.50464,0.00289739360718274,50000,1.0147916092069673
34,11,3.0,fit,1238,fit,clean,optimum,0.00011322494506077982,0.00011546149660125697,7.267735637894731e-07,0.56524,0.0027366012384571112,50000,1.0197531695800475
31,29,40.0,fit,1242,fit,clean,optimum,4.917480306656077e-05,5.4469484204889586e-05,5.234182600367029e-07,0.7949,0.0019708849220916786,50000,1.107670611942506
31,23,20.0,fit,1243,fit,clean,optimum,4.943270945511696e-05,5.432607356875775e-05,5.2194929382313e-07,0.79544,0.0019653536604173345,50000,1.0989904087309594
31,25,26.0,fit,1243,fit,clean,optimum,5.1208314467011325e-05,5.5829229495621105e-05,5.294761299453179e-07,0.78978,0.001993695292639403,50000,1.0902375927953378
34,13,4.0,fit,1238,fit,clean,optimum,0.00010099824075276481,0.00010303257480316414,6.874134134315916e-07,0.61204,0.002588394091717197,50000,1.0201422721350089
34,1,0.6,fit,1239,fit,clean,optimum,0.00020046131896583755,0.00020400959715510526,7.520809328724721e-07,0.23182,0.00283189388671129,50000,1.017700562919435
31,27,30.0,fit,1243,fit,clean,optimum,5.240151587458129e-05,5.689684200904703e-05,5.367296747203318e-07,0.78576,0.002021007870591478,50000,1.0857861849879484
34,3,1.0,fit,1239,fit,clean,optimum,0.00017476223804558316,0.0001773723993698765,8.208292979704362e-07,0.33212,0.00309075974320726,50000,1.0149354995305824
34,5,1.4,fit,1239,fit,clean,optimum,0.0001527293686014727,0.00015503220916356097,8.140516032021431e-07,0.41624,0.0030652389361486144,50000,1.0150779158139338
34,7,1.8,fit,1239,fit,clean,optimum,0.00013826853353212797,0.00014071239157054463,7.823577162002723e-07,0.47016,0.0029458984224835305,50000,1.017674723062343
34,9,2.0,fit,1239,fit,clean,optimum,0.00012963780512639594,0.00013174657105978366,7.639815137979784e-07,0.50392,0.0028767044661293017,50000,1.016266597011047
31,29,40.0,fit,1243,fit,clean,optimum,4.917480306656077e-05,5.4145482397332465e-05,5.225574848144643e-07,0.79612,0.0019676437495221525,50000,1.1010818350211513
34,11,3.0,fit,1239,fit,clean,optimum,0.00011322494506077982,0.00011490910007689727,7.187381797156486e-07,0.56732,0.0027063447141371425,50000,1.0148744167216277
31,23,20.0,fit,1244,fit,clean,optimum,4.943270945511696e-05,5.3784300054481924e-05,5.211029333844262e-07,0.79748,0.001962166765433619,50000,1.0880305904194074
31,25,26.0,fit,1244,fit,clean,optimum,5.1208314467011325e-05,5.5483981667896315e-05,5.298525559996299e-07,0.79108,0.001995112691479623,50000,1.0834955660108554
31,27,30.0,fit,1244,fit,clean,optimum,5.240151587458129e-05,5.6870284483837437e-05,5.356904592493988e-07,0.78586,0.0020170947971302603,50000,1.085279376649175
34,13,4.0,fit,1239,fit,clean,optimum,0.00010099824075276481,0.00010258640837964287,6.898078222750026e-07,0.61372,0.0025974100253349335,50000,1.0157247058467658
34,1,0.6,fit,1240,fit,clean,optimum,0.00020046131896583755,0.00020308539527781117,7.498256140883076e-07,0.2353,0.0028234016843454264,50000,1.0130901878003746
34,3,1.0,fit,1240,fit,clean,optimum,0.00017476223804558316,0.00017741489141021182,8.088598485625123e-07,0.33196,0.003045689845641664,50000,1.015178641532027
34,5,1.4,fit,1240,fit,clean,optimum,0.0001527293686014727,0.00015475601090138112,8.048695555653585e-07,0.41728,0.0030306647521298963,50000,1.0132694996284355
34,7,1.8,fit,1240,fit,clean,optimum,0.00013826853353212797,0.00013988379678400514,7.753665822351198e-07,0.47328,0.0029195739291055654,50000,1.0116820740816048
31,29,40.0,fit,1244,fit,clean,optimum,4.917480306656077e-05,5.3694004468769286e-05,5.226252745913899e-07,0.79782,0.0019678990059001115,50000,1.0919007524258213
34,9,2.0,fit,1240,fit,clean,optimum,0.00012963780512639594,0.0001310666984144179,7.640994766312272e-07,0.50648,0.002877148644690059,50000,1.011022195929874
34,11,3.0,fit,1240,fit,clean,optimum,0.00011322494506077982,0.000114728508905472,7.201195412961356e-07,0.568,0.002711546108354355,50000,1.0132794398256062
31,23,20.0,fit,1245,fit,clean,optimum,4.943270945511696e-05,5.366744694355969e-05,5.18305185116798e-07,0.79792,0.0019516320930740992,50000,1.0856667080384843
31,25,26.0,fit,1245,fit,clean,optimum,5.1208314467011325e-05,5.554240822335744e-05,5.277445159993401e-07,0.79086,0.0019871750542801757,50000,1.084636524389768
31,27,30.0,fit,1245,fit,clean,optimum,5.240151587458129e-05,5.664720127207681e-05,5.328240178250772e-07,0.7867,0.0020063014667965834,50000,1.0810221866034797
34,13,4.0,fit,1240,fit,clean,optimum,0.00010099824075276481,0.00010266076945022976,6.9303413635192e-07,0.61344,0.0026095584241463974,50000,1.0164609668948066
34,1,0.6,fit,1241,fit,clean,optimum,0.00020046131896583755,0.0002043654679929139,7.557884274415252e-07,0.23048,0.002845854127885091,50000,1.0194758223043603
34,3,1.0,fit,1241,fit,clean,optimum,0.00017476223804558316,0.00017700059401694207,8.113518322019042e-07,0.33352,0.003055073188478485,50000,1.012808007017941
34,5,1.4,fit,1241,fit,clean,optimum,0.0001527293686014727,0.000154830371971968,8.103855885589642e-07,0.417,0.003051434883947795,50000,1.0137563809091465
31,29,40.0,fit,1245,fit,clean,optimum,4.917480306656077e-05,5.4044563801536e-05,5.215201799708836e-07,0.7965,0.00196373787035836,50000,1.0990295930292542
34,7,1.8,fit,1241,fit,clean,optimum,0.00013826853353212797,0.0001400378304302208,7.856305930280519e-07,0.4727,0.002958222149193565,50000,1.0127960921613572
34,9,2.0,fit,1241,fit,clean,optimum,0.00012963780512639594,0.00013116230550517247,7.641315314204191e-07,0.50612,0.002877269344148834,50000,1.011759689831914
31,23,20.0,fit,1246,fit,clean,optimum,4.943270945511696e-05,5.4931585143536645e-05,5.250826016212592e-07,0.79316,0.0019771518523550254,50000,1.1112396174321066
34,11,3.0,fit,1241,fit,clean,optimum,0.00011322494506077982,0.0001148878540567296,7.299618177268434e-07,0.5674,0.0027486063251969625,50000,1.0146867723809194
31,25,26.0,fit,1246,fit,clean,optimum,5.1208314467011325e-05,5.681185792837632e-05,5.339396734968127e-07,0.78608,0.0020105023690377764,50000,1.1094264382588657
31,27,30.0,fit,1246,fit,clean,optimum,5.240151587458129e-05,5.7709502280460814e-05,5.379601219323197e-07,0.7827,0.0020256410101716035,50000,1.1012945201544122
34,1,0.6,fit,1242,fit,clean,optimum,0.00020046131896583755,0.00020315444484335615,7.740952441978968e-07,0.23504,0.0029147868187585388,50000,1.0134346411138677
34,13,4.0,fit,1241,fit,clean,optimum,0.00010099824075276481,0.00010295290222753536,6.871176645115213e-07,0.61234,0.002587280475453121,50000,1.0193534210121085
34,3,1.0,fit,1242,fit,clean,optimum,0.00017476223804558316,0.00017535402745394687,8.039052262907172e-07,0.33972,0.0030270336559828324,50000,1.0033862544619585
31,29,40.0,fit,1246,fit,clean,optimum,4.917480306656077e-05,5.529276748638721e-05,5.295634896681376e-07,0.7918,0.001994024237908701,50000,1.1244125860869325
34,5,1.4,fit,1242,fit,clean,optimum,0.0001527293686014727,0.0001540867612660992,8.0405212555849e-07,0.4198,0.0030275867921151093,50000,1.0088875681020357
34,7,1.8,fit,1242,fit,clean,optimum,0.00013826853353212797,0.00013981474721846013,7.817539890288481e-07,0.47354,0.0029436251414957145,50000,1.011182686666543
34,9,2.0,fit,1242,fit,clean,optimum,0.00012963780512639594,0.00013165096396902914,7.699117111543629e-07,0.50428,0.0028990340970327147,50000,1.0155291031090072
31,23,20.0,fit,1247,fit,clean,optimum,4.943270945511696e-05,5.3694004468769286e-05,5.217182259207109e-07,0.79782,0.0019644835947745633,50000,1.0862039540341486
34,11,3.0,fit,1242,fit,clean,optimum,0.00011322494506077982,0.00011539775854075392,7.243510657054924e-07,0.56548,0.002727479537301369,50000,1.0191902365579222
31,25,26.0,fit,1247,fit,clean,optimum,5.1208314467011325e-05,5.547335865781246e-05,5.301452538229248e-07,0.79112,0.0019962148191100585,50000,1.0832881190328711
31,27,30.0,fit,1247,fit,clean,optimum,5.240151587458129e-05,5.6732185352747526e-05,5.377595886279659e-07,0.78638,0.0020248859198430764,50000,1.0826439732875541
34,1,0.6,fit,1243,fit,clean,optimum,0.00020046131896583755,0.00020471602732568061,7.56323098990022e-07,0.22916,0.0028478673860643715,50000,1.0212245852805555
34,13,4.0,fit,1242,fit,clean,optimum,0.00010099824075276481,0.0001029688367426611,6.921564776353183e-07,0.61228,0.002606253678279925,50000,1.0195111912366885
34,3,1.0,fit,1243,fit,clean,optimum,0.00017476223804558316,0.00017879588272111106,8.103865812428234e-07,0.32676,0.0030514386218106096,50000,1.0230807565789803
31,29,40.0,fit,1247,fit,clean,optimum,4.917480306656077e-05,5.386397263011072e-05,5.251356545067541e-07,0.79718,0.00197735161827853,50000,1.095357159991122
34,5,1.4,fit,1243,fit,clean,optimum,0.0001527293686014727,0.00015586611545514238,8.055108478404745e-07,0.4131,0.0030330794811758246,50000,1.020537941604765
34,7,1.8,fit,1243,fit,clean,optimum,0.00013826853353212797,0.00014082924468146688,7.82767394764257e-07,0.46972,0.0029474410306925087,50000,1.0185198402262934
34,9,2.0,fit,1243,fit,clean,optimum,0.00012963780512639594,0.00013190060470599937,7.621345184655917e-07,0.50334,0.0028697497694178814,50000,1.0174547816310004
31,23,20.0,fit,1248,fit,clean,optimum,4.943270945511696e-05,5.428889303346433e-05,5.27659827959941e-07,0.79558,0.001986856168997263,50000,1.0982382643370299
34,11,3.0,fit,1243,fit,clean,optimum,0.00011322494506077982,0.0001155571036920115,7.242789922113662e-07,0.56488,0.0027272081509671473,50000,1.0205975691132352
31,25,26.0,fit,1248,fit,clean,optimum,5.1208314467011325e-05,5.59301480914176e-05,5.336660227749376e-07,0.7894,0.0020094719615742973,50000,1.092208339086187
31,27,30.0,fit,1248,fit,clean,optimum,5.240151587458129e-05,5.718897478635263e-05,5.397797447666101e-07,0.78466,0.002032492638175077,50000,1.0913610767144548
34,1,0.6,fit,1244,fit,clean,optimum,0.00020046131896583755,0.0002033828395601587,7.594722015438072e-07,0.23418,0.0028597250517502044,50000,1.0145739866892676
34,13,4.0,fit,1243,fit,clean,optimum,0.00010099824075276481,0.00010302195179308033,6.84649251098759e-07,0.61208,0.002577985884209092,50000,1.020037091985289
31,29,40.0,fit,1248,fit,clean,optimum,4.917480306656077e-05,5.408705584187135e-05,5.278054339254005e-07,0.79634,0.0019874044353146644,50000,1.099893694920579
34,3,1.0,fit,1244,fit,clean,optimum,0.00017476223804558316,0.00017754767903625985,7.903757249199439e-07,0.33146,0.0029760895214522446,50000,1.0159384602865418
34,5,1.4,fit,1244,fit,clean,optimum,0.0001527293686014727,0.0001552074888299443,7.989074620252019e-07,0.41558,0.003008215018982316,50000,1.0162255645470384
34,7,1.8,fit,1244,fit,clean,optimum,0.00013826853353212797,0.0001408929827419699,7.887749880403132e-07,0.46948,0.002970062089050328,50000,1.0189808132248117
34,9,2.0,fit,1244,fit,clean,optimum,0.00012963780512639594,0.00013211837641271808,7.767895503656014e-07,0.50252,0.0029249319890876273,50000,1.0191346288523135
31,23,20.0,fit,1249,fit,clean,optimum,4.943270945511696e-05,5.375774252927233e-05,5.212575151910724e-07,0.79758,0.001962748829482984,50000,1.0874933444237431
34,11,3.0,fit,1244,fit,clean,optimum,0.00011322494506077982,0.00011535526650041854,7.236458770317578e-07,0.56564,0.0027248242120473435,50000,1.0188149478765052
31,25,26.0,fit,1249,fit,clean,optimum,5.1208314467011325e-05,5.544148962756094e-05,5.297288485333185e-07,0.79124,0.0019946468820138123,50000,1.0826657780989188
31,27,30.0,fit,1249,fit,clean,optimum,5.240151587458129e-05,5.658346321157376e-05,5.347225174965346e-07,0.78694,0.0020134500985176263,50000,1.0798058465904234
34,1,0.6,fit,1245,fit,clean,optimum,0.00020046131896583755,0.00020365372631729663,7.59847217183963e-07,0.23316,0.0028611371398013165,50000,1.0159253035345095
34,13,4.0,fit,1244,fit,clean,optimum,0.00010099824075276481,0.00010356372530735615,6.913525952851388e-07,0.61004,0.0026032267307619047,50000,1.0254012796210128
31,29,40.0,fit,1249,fit,clean,optimum,4.917480306656077e-05,5.386397263011072e-05,5.224868296244318e-07,0.79718,0.0019673777036858975,50000,1.095357159991122
34,3,1.0,fit,1245,fit,clean,optimum,0.00017476223804558316,0.0001756833407665459,8.098473832018796e-07,0.33848,0.0030494083195264613,50000,1.005270604973155
34,5,1.4,fit,1245,fit,clean,optimum,0.0001527293686014727,0.00015430984447785984,7.938178868490774e-07,0.41896,0.002989050676160626,50000,1.010348211944169
34,7,1.8,fit,1245,fit,clean,optimum,0.00013826853353212797,0.0001399050428041728,7.75610921658599e-07,0.4732,0.0029204939674809445,50000,1.0118357317477773
34,9,2.0,fit,1245,fit,clean,optimum,0.00012963780512639594,0.000131061386909376,7.655752926552562e-07,0.5065,0.002882705698716673,50000,1.0109812240464275
31,23,20.0,fit,1250,fit,clean,optimum,4.943270945511696e-05,5.4591648820853746e-05,5.241613208638149e-07,0.79444,0.0019736828515721084,50000,1.1043628686876028
31,25,26.0,fit,1250,fit,clean,optimum,5.1208314467011325e-05,5.638693752502271e-05,5.311839749573583e-07,0.78768,0.002000126031191138,50000,1.1011285591395024
34,11,3.0,fit,1245,fit,clean,optimum,0.00011322494506077982,0.00011478693546093313,7.257572500723841e-07,0.56778,0.0027327743995138438,50000,1.0137954617625544
31,27,30.0,fit,1250,fit,clean,optimum,5.240151587458129e-05,5.768825626029311e-05,5.366032931991266e-07,0.78278,0.0020205319922097092,50000,1.1008890734833932
34,1,0.6,fit,1246,fit,clean,optimum,0.00020046131896583755,0.0002039352360845184,7.557416178112234e-07,0.2321,0.0028456778703839403,50000,1.0173296131972116
31,29,40.0,fit,1250,fit,clean,optimum,4.917480306656077e-05,5.468725591160832e-05,5.254731076674679e-07,0.79408,0.0019786222681529085,50000,1.112099134135548
34,13,4.0,fit,1245,fit,clean,optimum,0.00010099824075276481,0.0001029688367426611,6.904001835221129e-07,0.61228,0.002599640508945267,50000,1.0195111912366885
34,3,1.0,fit,1246,fit,clean,optimum,0.00017476223804558316,0.00017778138525810432,8.171778130013568e-07,0.33058,0.003077010401202458,50000,1.0172757412944877
34,5,1.4,fit,1246,fit,clean,optimum,0.0001527293686014727,0.00015493129056776448,8.029452005580428e-07,0.41662,0.0030234187644404254,50000,1.0144171483615403
34,7,1.8,fit,1246,fit,clean,optimum,0.00013826853353212797,0.0001407814411360896,7.898337159240036e-07,0.4699,0.0029740486347669738,50000,1.0181741104774047
31,23,20.0,fit,1251,fit,clean,optimum,4.943270945511696e-05,5.391708768052991e-05,5.185366990013214e-07,0.79698,0.0019525038380228332,50000,1.0907168203977287
34,9,2.0,fit,1246,fit,clean,optimum,0.00012963780512639594,0.0001318368666454963,7.68392495522882e-07,0.50358,0.002893313625642814,50000,1.0169631190296404
31,25,26.0,fit,1251,fit,clean,optimum,5.1208314467011325e-05,5.589827906116608e-05,5.29647406649312e-07,0.78952,0.0019943402198404213,50000,1.0915859981522347
34,11,3.0,fit,1246,fit,clean,optimum,0.00011322494506077982,0.00011524372489453823,7.306598827406795e-07,0.56606,0.00275123482694299,50000,1.0178298150877858
31,27,30.0,fit,1251,fit,clean,optimum,5.240151587458129e-05,5.694464555442433e-05,5.352921793309987e-07,0.78558,0.0020155951095077998,50000,1.0866984399977406
31,29,40.0,fit,1251,fit,clean,optimum,4.917480306656077e-05,5.420922045783551e-05,5.223833399886062e-07,0.79588,0.001966988022663254,50000,1.1023779878581392
34,1,0.6,fit,1247,fit,clean,optimum,0.00020046131896583755,0.00020438140250803966,7.389683666035204e-07,0.23042,0.002782519684237741,50000,1.019555311530551
34,13,4.0,fit,1246,fit,clean,optimum,0.00010099824075276481,0.00010314411640904446,6.933594981866824e-07,0.61162,0.0026107835452079215,50000,1.0212466637070696
34,3,1.0,fit,1247,fit,clean,optimum,0.00017476223804558316,0.00017847188091355394,8.077041365981413e-07,0.32798,0.0030413381149918778,50000,1.0212267988179644
34,5,1.4,fit,1247,fit,clean,optimum,0.0001527293686014727,0.0001557864428795136,8.089108125891832e-07,0.4134,0.0030458817461529834,50000,1.0200162830897177
31,23,20.0,fit,1252,fit,clean,optimum,4.943270945511696e-05,5.4193285942709765e-05,5.23141258376503e-07,0.79594,0.001969841896967863,50000,1.096304178752638
34,9,2.0,fit,1247,fit,clean,optimum,0.00012963780512639594,0.0001322299180185984,7.586912002746412e-07,0.5021,0.0028567842609084296,50000,1.0199950384046936
34,7,1.8,fit,1247,fit,clean,optimum,0.00013826853353212797,0.00014121698454952703,7.838722338887732e-07,0.46826,0.0029516012041868253,50000,1.0213240926339466
31,25,26.0,fit,1252,fit,clean,optimum,5.1208314467011325e-05,5.6015132172088315e-05,5.312743203656083e-07,0.78908,0.0020004662187934727,50000,1.0938679149100596
34,11,3.0,fit,1247,fit,clean,optimum,0.00011322494506077982,0.00011546149660125697,7.248555239190893e-07,0.56524,0.002729379029854291,50000,1.0197531695800475
31,27,30.0,fit,1252,fit,clean,optimum,5.240151587458129e-05,5.7178351776268814e-05,5.373715407988947e-07,0.7847,0.0020234247602432696,50000,1.091158353378946
31,29,40.0,fit,1252,fit,clean,optimum,4.917480306656077e-05,5.4432303669596166e-05,5.254166695551054e-07,0.79504,0.0019784097554586075,50000,1.106914522787597
34,1,0.6,fit,1248,fit,clean,optimum,0.00020046131896583755,0.00020296323066184703,7.484516058963222e-07,0.23576,0.002818227978658841,50000,1.0124807703995795
34,13,4.0,fit,1247,fit,clean,optimum,0.00010099824075276481,0.00010287322965190657,6.891232501200346e-07,0.61264,0.00259483232974935,50000,1.018564569889208
34,3,1.0,fit,1248,fit,clean,optimum,0.00017476223804558316,0.00017656505060350462,8.104765115734803e-07,0.33516,0.0030517772464751713,50000,1.0103158015031328
31,23,20.0,fit,1253,fit,clean,optimum,4.943270945511696e-05,5.420922045783551e-05,5.244345676208842e-07,0.79588,0.0019747117379420275,50000,1.0966265263500363
34,5,1.4,fit,1248,fit,clean,optimum,0.0001527293686014727,0.0001540655152459315,7.997907347948381e-07,0.41988,0.0030115409040663557,50000,1.0087484591646896
34,9,2.0,fit,1248,fit,clean,optimum,0.00012963780512639594,0.00013169345600936447,7.59700407921465e-07,0.50412,0.0028605843425758997,50000,1.0158568781765804
31,25,26.0,fit,1253,fit,clean,optimum,5.1208314467011325e-05,5.591952508133375e-05,5.324523713067496e-07,0.78944,0.0020049020648741736,50000,1.0920008921082027
34,7,1.8,fit,1248,fit,clean,optimum,0.00013826853353212797,0.00014044150481340673,7.835559798252823e-07,0.47118,0.00295041037762827,50000,1.0157155878186401
31,27,30.0,fit,1253,fit,clean,optimum,5.240151587458129e-05,5.705087565526272e-05,5.372855578463625e-07,0.78518,0.002023100999080083,50000,1.0887256733528337
34,11,3.0,fit,1248,fit,clean,optimum,0.00011322494506077982,0.00011534464349033472,7.252501201544461e-07,0.56568,0.0027308648468957605,50000,1.018721125706151
31,29,40.0,fit,1253,fit,clean,optimum,4.917480306656077e-05,5.411892487212287e-05,5.252131537466613e-07,0.79622,0.001977643434776097,50000,1.100541771339073
34,1,0.6,fit,1249,fit,clean,optimum,0.00020046131896583755,0.00020432297595257857,7.456960923034305e-07,0.23064,0.002807852337212041,50000,1.0192638510345187
34,13,4.0,fit,1248,fit,clean,optimum,0.00010099824075276481,0.00010258640837964287,6.914143847520495e-07,0.61372,0.0026034593935059785,50000,1.0157247058467658
34,3,1.0,fit,1249,fit,clean,optimum,0.00017476223804558316,0.00017682531435055874,8.281307194998319e-07,0.33418,0.003118252596821332,50000,1.0118050462619819
31,23,20.0,fit,1254,fit,clean,optimum,4.943270945511696e-05,5.381616908473345e-05,5.201281996126696e-07,0.79736,0.0019584964920777107,50000,1.0886752856142048
31,25,26.0,fit,1254,fit,clean,optimum,5.1208314467011325e-05,5.5622080798986226e-05,5.289459027867739e-07,0.79056,0.0019916987694153475,50000,1.0861923767246484
34,5,1.4,fit,1249,fit,clean,optimum,0.0001527293686014727,0.00015417174534676988,8.077153677428301e-07,0.41948,0.0030413804048686644,50000,1.0094440038514196
34,9,2.0,fit,1249,fit,clean,optimum,0.00012963780512639594,0.00013125791259592704,7.675287759981754e-07,0.50576,0.0028900613665641165,50000,1.012497183733954
34,7,1.8,fit,1249,fit,clean,optimum,0.00013826853353212797,0.00013948543390586112,7.835390171404731e-07,0.47478,0.0029503465061467395,50000,1.008800992840865
31,27,30.0,fit,1254,fit,clean,optimum,5.240151587458129e-05,5.67799888981248e-05,5.35188323699508e-07,0.7862,0.0020152040503610196,50000,1.0835562282973459
34,11,3.0,fit,1249,fit,clean,optimum,0.00011322494506077982,0.0001144416876332083,7.177785170192476e-07,0.56908,0.002702731189575546,50000,1.010746241226042
31,29,40.0,fit,1254,fit,clean,optimum,4.917480306656077e-05,5.4044563801536e-05,5.225600249400356e-07,0.7965,0.0019676533141391537,50000,1.0990295930292542
34,1,0.6,fit,1250,fit,clean,optimum,0.00020046131896583755,0.00020445576357862655,7.480101711250294e-07,0.23014,0.0028165657952746257,50000,1.0199262612527742
34,13,4.0,fit,1249,fit,clean,optimum,0.00010099824075276481,0.00010196496228973822,6.88080339241676e-07,0.61606,0.002590905341560023,50000,1.0095716670881414
34,3,1.0,fit,1250,fit,clean,optimum,0.00017476223804558316,0.00017762735161188864,8.132735962762003e-07,0.33116,0.0030623094202400255,50000,1.0163943515392506
31,25,26.0,fit,1255,fit,clean,optimum,5.1208314467011325e-05,5.614260829309441e-05,5.348169349043575e-07,0.7886,0.0020138056188723193,50000,1.0963572786458688
31,23,20.0,fit,1255,fit,clean,optimum,4.943270945511696e-05,5.442699216455424e-05,5.256050841503204e-07,0.79506,0.0019791192138653227,50000,1.1010319435144842
34,5,1.4,fit,1250,fit,clean,optimum,0.0001527293686014727,0.00015535089946607615,8.10405409464545e-07,0.41504,0.0030515095178055224,50000,1.017164549874124
34,9,2.0,fit,1250,fit,clean,optimum,0.00012963780512639594,0.00013207588437238272,7.716876454708673e-07,0.50268,0.002905721219806724,50000,1.0188068537847403
31,27,30.0,fit,1255,fit,clean,optimum,5.240151587458129e-05,5.72580243518976e-05,5.379788061689045e-07,0.7844,0.0020257113640032853,50000,1.0926787783952656
34,7,1.8,fit,1250,fit,clean,optimum,0.00013826853353212797,0.00014102577036801794,7.87175376269902e-07,0.46898,0.0029640388931471457,50000,1.0199411736383919
34,11,3.0,fit,1250,fit,clean,optimum,0.00011322494506077982,0.00011493565760210689,7.248226570647564e-07,0.56722,0.002729255272636427,50000,1.0151089721475135
31,29,40.0,fit,1255,fit,clean,optimum,4.917480306656077e-05,5.458102581076993e-05,5.280060056874355e-07,0.79448,0.0019881596704521705,50000,1.1099388794072351
34,1,0.6,fit,1251,fit,clean,optimum,0.00020046131896583755,0.00020456730518450685,7.554449618520906e-07,0.22972,0.0028445608387449176,50000,1.0204826858361091
34,13,4.0,fit,1250,fit,clean,optimum,0.00010099824075276481,0.00010315473941912831,6.967489733533433e-07,0.61158,0.0026235463125964874,50000,1.02135184385679
31,25,26.0,fit,1256,fit,clean,optimum,5.1208314467011325e-05,5.6976514584675826e-05,5.362856526710581e-07,0.78546,0.002019335945042055,50000,1.1126418664176188
31,23,20.0,fit,1256,fit,clean,optimum,4.943270945511696e-05,5.553178521327359e-05,5.307624350235171e-07,0.7909,0.0019985387600485356,50000,1.12338137693412
34,3,1.0,fit,1251,fit,clean,optimum,0.00017476223804558316,0.0001779460419144038,8.247709471132107e-07,0.32996,0.003105601672610191,50000,1.0182179165500858
34,5,1.4,fit,1251,fit,clean,optimum,0.0001527293686014727,0.00015594578803077117,8.016518257686738e-07,0.4128,0.0030185486766624364,50000,1.0210596001198127
31,27,30.0,fit,1256,fit,clean,optimum,5.240151587458129e-05,5.83734404107008e-05,5.425958167498502e-07,0.7802,0.0020430963068566077,50000,1.1139647286237448
34,9,2.0,fit,1251,fit,clean,optimum,0.00012963780512639594,0.00013216617995809535,7.583212048620378e-07,0.50234,0.0028553910760778277,50000,1.0195033758033334
34,7,1.8,fit,1251,fit,clean,optimum,0.00013826853353212797,0.00014140288722599425,7.76154014147973e-07,0.46756,0.002922538933964409,50000,1.0226685972129588
31,29,40.0,fit,1256,fit,clean,optimum,4.917480306656077e-05,5.579204896032769e-05,5.322196207157818e-07,0.78992,0.0020040256632172767,50000,1.1345657833100038
34,11,3.0,fit,1251,fit,clean,optimum,0.00011322494506077982,0.00011633258342813183,7.273878373507146e-07,0.56196,0.0027389142309381252,50000,1.0274465875490937
34,1,0.6,fit,1252,fit,clean,optimum,0.00020046131896583755,0.0002051250132139085,7.538084367390229e-07,0.22762,0.002838398648931854,50000,1.0232648087527836
31,25,26.0,fit,1257,fit,clean,optimum,5.1208314467011325e-05,5.655159418132224e-05,5.332642813993802e-07,0.78706,0.002007959240142663,50000,1.1043439872982557
31,23,20.0,fit,1257,fit,clean,optimum,4.943270945511696e-05,5.482535504269823e-05,5.256433925351603e-07,0.79356,0.0019792634606825153,50000,1.1090906334494488
34,13,4.0,fit,1251,fit,clean,optimum,0.00010099824075276481,0.00010337251112584705,6.934301917950425e-07,0.61076,0.0026110497357049738,50000,1.0235080369260516
34,3,1.0,fit,1252,fit,clean,optimum,0.00017476223804558316,0.0001783922083379251,8.170248767886713e-07,0.32828,0.003076434533490845,50000,1.0207709075652553
31,27,30.0,fit,1257,fit,clean,optimum,5.240151587458129e-05,5.788478194684417e-05,5.389276861447132e-07,0.78204,0.0020292842871891615,50000,1.104639455190316
34,9,2.0,fit,1252,fit,clean,optimum,0.00012963780512639594,0.00013208650738246656,7.633133924237474e-07,0.50264,0.0028741887144959778,50000,1.0188887975516336
34,5,1.4,fit,1252,fit,clean,optimum,0.0001527293686014727,0.00015547837558708223,8.117578518380337e-07,0.41456,0.0030566020193199326,50000,1.0179992034982002
31,29,40.0,fit,1257,fit,clean,optimum,4.917480306656077e-05,5.500594621412351e-05,5.272648876863772e-07,0.79288,0.001985369056510513,50000,1.1185798983204869
34,7,1.8,fit,1252,fit,clean,optimum,0.00013826853353212797,0.00014034589772265213,7.770855263258598e-07,0.47154,0.0029260464602513464,50000,1.0150241283208625
34,11,3.0,fit,1252,fit,clean,optimum,0.00011322494506077982,0.00011554648068192769,7.20156582629761e-07,0.56492,0.0027116855842028503,50000,1.0205037469428813
34,1,0.6,fit,1253,fit,clean,optimum,0.00020046131896583755,0.00020434953347778817,7.412876053184014e-07,0.23054,0.002791252571419724,50000,1.0193963330781697
31,25,26.0,fit,1258,fit,clean,optimum,5.1208314467011325e-05,5.494220815362046e-05,5.277682296639994e-07,0.79312,0.0019872643459761152,50000,1.0729157701336671
31,23,20.0,fit,1258,fit,clean,optimum,4.943270945511696e-05,5.2976951288110075e-05,5.172661410296036e-07,0.80052,0.001947719664943112,50000,1.0716983121512114
34,13,4.0,fit,1252,fit,clean,optimum,0.00010099824075276481,0.0001029688367426611,6.985709201310391e-07,0.61228,0.002630406691202236,50000,1.0195111912366885
34,3,1.0,fit,1253,fit,clean,optimum,0.00017476223804558316,0.0001777495162278528,8.053275040035051e-07,0.3307,0.0030323891162584524,50000,1.017093384793404
31,27,30.0,fit,1258,fit,clean,optimum,5.240151587458129e-05,5.6339133979645436e-05,5.339231520730439e-07,0.78786,0.002010440159085462,50000,1.0751432098737088
34,9,2.0,fit,1253,fit,clean,optimum,0.00012963780512639594,0.00013128447012113664,7.662224430783353e-07,0.50566,0.00288514248609792,50000,1.0127020431511873
34,5,1.4,fit,1253,fit,clean,optimum,0.0001527293686014727,0.00015572801632405249,8.145356674516189e-07,0.41362,0.003067061637042826,50000,1.019633733512016
31,29,40.0,fit,1258,fit,clean,optimum,4.917480306656077e-05,5.328501858054145e-05,5.199741000753195e-07,0.79936,0.001957916243970502,50000,1.0835837717218162
34,11,3.0,fit,1253,fit,clean,optimum,0.00011322494506077982,0.00011459040977438207,7.224848557694826e-07,0.56852,0.0027204524897083376,50000,1.012059751611001
34,7,1.8,fit,1253,fit,clean,optimum,0.00013826853353212797,0.0001400696994604723,7.80887444005062e-07,0.47258,0.0029403622432514426,50000,1.0130265786606163
31,23,20.0,fit,1259,fit,clean,optimum,4.943270945511696e-05,5.4076432831787523e-05,5.220799465978955e-07,0.79638,0.001965845621824636,50000,1.093940296371715
31,25,26.0,fit,1259,fit,clean,optimum,5.1208314467011325e-05,5.549460467798017e-05,5.294570543590706e-07,0.79104,0.0019936234652153614,50000,1.0837030129888399
34,1,0.6,fit,1254,fit,clean,optimum,0.00020046131896583755,0.00020447700959879425,7.576368212648675e-07,0.23006,0.0028528140904898677,50000,1.0200322468876954
34,13,4.0,fit,1253,fit,clean,optimum,0.00010099824075276481,0.00010288385266199038,6.881367416545141e-07,0.6126,0.0025911177198309383,50000,1.018669750038928
31,27,30.0,fit,1259,fit,clean,optimum,5.240151587458129e-05,5.674811986787327e-05,5.360943030181468e-07,0.78632,0.0020186154349365344,50000,1.0829480582908177
34,3,1.0,fit,1254,fit,clean,optimum,0.00017476223804558316,0.0001777495162278528,8.090521973036708e-07,0.3307,0.0030464141177251524,50000,1.017093384793404
31,29,40.0,fit,1259,fit,clean,optimum,4.917480306656077e-05,5.413485938724864e-05,5.235749723617047e-07,0.79616,0.001971475008418492,50000,1.1008658095483201
34,9,2.0,fit,1254,fit,clean,optimum,0.00012963780512639594,0.00013207588437238272,7.692224652275879e-07,0.50268,0.002896438802774928,50000,1.0188068537847403
34,5,1.4,fit,1254,fit,clean,optimum,0.0001527293686014727,0.00015546244107195648,8.071175731291235e-07,0.41462,0.0030391294623994826,50000,1.0178948717951908
34,11,3.0,fit,1254,fit,clean,optimum,0.00011322494506077982,0.00011525434790462208,7.235519387554956e-07,0.56602,0.0027244704958199434,50000,1.0179236372581402
34,7,1.8,fit,1254,fit,clean,optimum,0.00013826853353212797,0.00014114262347894016,7.848442983572642e-07,0.46854,0.002955261426518609,50000,1.020786290802342
31,23,20.0,fit,1260,fit,clean,optimum,4.943270945511696e-05,5.393302219565569e-05,5.236554690924475e-07,0.79692,0.0019717781117012997,50000,1.0910391679951277
31,25,26.0,fit,1260,fit,clean,optimum,5.1208314467011325e-05,5.561145778890241e-05,5.313758252503482e-07,0.7906,0.002000848426412363,50000,1.0859849297466646
34,1,0.6,fit,1255,fit,clean,optimum,0.00020046131896583755,0.0002047638308710579,7.424925567471574e-07,0.22898,0.0027957897088948694,50000,1.0214630529591278
34,13,4.0,fit,1254,fit,clean,optimum,0.00010099824075276481,0.0001029422792174515,6.899876577067014e-07,0.61238,0.0025980871796641844,50000,1.0192482408623882
31,27,30.0,fit,1260,fit,clean,optimum,5.240151587458129e-05,5.657815170653184e-05,5.352073136449624e-07,0.78696,0.0020152755553122697,50000,1.0797044849226687
31,29,40.0,fit,1260,fit,clean,optimum,4.917480306656077e-05,5.4076432831787523e-05,5.264771843629362e-07,0.79638,0.0019824030296792324,50000,1.0996776694477481
34,3,1.0,fit,1255,fit,clean,optimum,0.00017476223804558316,0.00017861529154968576,8.076765138845456e-07,0.32744,0.0030412341041197136,50000,1.0220474030728401
34,9,2.0,fit,1255,fit,clean,optimum,0.00012963780512639594,0.00013272388798749694,7.610620721847259e-07,0.50024,0.002865711568296347,50000,1.0238054235652332
34,5,1.4,fit,1255,fit,clean,optimum,0.0001527293686014727,0.00015625916682824448,8.015438121553996e-07,0.41162,0.003018141961004928,50000,1.0231114569456667
34,11,3.0,fit,1255,fit,clean,optimum,0.00011322494506077982,0.00011528621693487361,7.209522506455043e-07,0.5659,0.002714681601374871,50000,1.0182051037692028
34,7,1.8,fit,1255,fit,clean,optimum,0.00013826853353212797,0.00014170033150834178,7.787268379636512e-07,0.46644,0.0029322266732976967,50000,1.0248198045393777
31,23,20.0,fit,1261,fit,clean,optimum,4.943270945511696e-05,5.387990714523646e-05,5.210042973257327e-07,0.79712,0.001961795360124144,50000,1.0899646760037984
31,25,26.0,fit,1261,fit,clean,optimum,5.1208314467011325e-05,5.56645728393216e-05,5.296636531664156e-07,0.7904,0.0019944013946561296,50000,1.087022164636585
34,1,0.6,fit,1256,fit,clean,optimum,0.00020046131896583755,0.00020364310330721282,7.567267789114497e-07,0.2332,0.0028493874069181286,50000,1.015872310717049
31,27,30.0,fit,1261,fit,clean,optimum,5.240151587458129e-05,5.685434996871169e-05,5.347855475870662e-07,0.78592,0.002013687432719643,50000,1.0849752916459114
34,13,4.0,fit,1255,fit,clean,optimum,0.00010099824075276481,0.00010273513052081663,6.856174297078603e-07,0.61316,0.0025816314746828282,50000,1.017197227942847
31,29,40.0,fit,1261,fit,clean,optimum,4.917480306656077e-05,5.399144875111681e-05,5.224782117772701e-07,0.7967,0.0019673452539486058,50000,1.0979494656650979
34,9,2.0,fit,1256,fit,clean,optimum,0.00012963780512639594,0.00013289385614883838,7.573237860843407e-07,0.4996,0.0028516353843489294,50000,1.0251165238355264
34,3,1.0,fit,1256,fit,clean,optimum,0.00017476223804558316,0.00017768046666230786,8.197362853153933e-07,0.33096,0.0030866441012322773,50000,1.0166982790410566
34,5,1.4,fit,1256,fit,clean,optimum,0.0001527293686014727,0.00015579706588959746,8.13723256820003e-07,0.41336,0.0030640025770392897,50000,1.0200858375583908
34,11,3.0,fit,1256,fit,clean,optimum,0.00011322494506077982,0.000115923597539904,7.198527515641631e-07,0.5635,0.0027105415353383573,50000,1.0238344339904561
34,7,1.8,fit,1256,fit,clean,optimum,0.00013826853353212797,0.00014170033150834178,7.83524314094243e-07,0.46644,0.0029502911431333787,50000,1.0248198045393777
31,23,20.0,fit,1262,fit,clean,optimum,4.943270945511696e-05,5.512811083008767e-05,5.269256688904219e-07,0.79242,0.0019840917582936123,50000,1.1152152378000224
31,25,26.0,fit,1262,fit,clean,optimum,5.1208314467011325e-05,5.7066810170388465e-05,5.350009899820041e-07,0.78512,0.0020144986619032267,50000,1.1144051657304834
31,27,30.0,fit,1262,fit,clean,optimum,5.240151587458129e-05,5.8240652784652814e-05,5.395243771695854e-07,0.7807,0.0020315310741927054,50000,1.1114306869298785
34,1,0.6,fit,1257,fit,clean,optimum,0.00020046131896583755,0.00020454074765929726,7.555399383343739e-07,0.22982,0.002844918464244785,50000,1.0203502037924579
31,29,40.0,fit,1262,fit,clean,optimum,4.917480306656077e-05,5.534057103176448e-05,5.280891476214018e-07,0.79162,0.0019884727340125368,50000,1.1253847007146731
34,13,4.0,fit,1256,fit,clean,optimum,0.00010099824075276481,0.00010352654477206273,6.888005492422522e-07,0.61018,0.002593617228284754,50000,1.0250331490969926
34,5,1.4,fit,1257,fit,clean,optimum,0.0001527293686014727,0.00015597765706102274,8.170986569248443e-07,0.41268,0.0030767123460339594,50000,1.0212682635258319
34,3,1.0,fit,1257,fit,clean,optimum,0.00017476223804558316,0.0001787108986404403,8.034513913244861e-07,0.32708,0.0030253247807670532,50000,1.0225944725760907
34,9,2.0,fit,1257,fit,clean,optimum,0.00012963780512639594,0.0001324742472505267,7.607812920647624e-07,0.50118,0.0028646543157182266,50000,1.02187974504324
34,11,3.0,fit,1257,fit,clean,optimum,0.00011322494506077982,0.00011593953205502974,7.161824822320263e-07,0.56344,0.002696721462484543,50000,1.0239751672459874
31,23,20.0,fit,1263,fit,clean,optimum,4.943270945511696e-05,5.4246400993128956e-05,5.236842728916492e-07,0.79574,0.001971886569846305,50000,1.0973786707439666
34,7,1.8,fit,1257,fit,clean,optimum,0.00013826853353212797,0.00014106826240835326,7.828094784239087e-07,0.46882,0.0029475994929713525,50000,1.0202484889707373
31,25,26.0,fit,1263,fit,clean,optimum,5.1208314467011325e-05,5.61957233435136e-05,5.333773093355829e-07,0.7884,0.002008384836787345,50000,1.097394513535789
31,27,30.0,fit,1263,fit,clean,optimum,5.240151587458129e-05,5.7348319937610246e-05,5.393680191060173e-07,0.78406,0.002030942321805824,50000,1.094401926747095
34,1,0.6,fit,1258,fit,clean,optimum,0.00020046131896583755,0.0002046735352853453,7.509969607322907e-07,0.22932,0.002827812285991244,50000,1.0210126140107139
31,29,40.0,fit,1263,fit,clean,optimum,4.917480306656077e-05,5.4814732032614404e-05,5.278031994684755e-07,0.7936,0.0019873960216657744,50000,1.1146914398095238
34,13,4.0,fit,1257,fit,clean,optimum,0.00010099824075276481,0.00010316005092417024,6.929856299107615e-07,0.61156,0.0026093757774548264,50000,1.02140443393165
34,5,1.4,fit,1258,fit,clean,optimum,0.0001527293686014727,0.0001558979844853939,7.998328348096522e-07,0.41298,0.0030116994279291093,50000,1.020746605010784
34,9,2.0,fit,1258,fit,clean,optimum,0.00012963780512639594,0.00013142788075726848,7.698111292525581e-07,0.50512,0.0028986553648240056,50000,1.0138082840042473
34,3,1.0,fit,1258,fit,clean,optimum,0.00017476223804558316,0.00017798322244969727,8.003386324568805e-07,0.32982,0.0030136039640002847,50000,1.01843066580135
31,23,20.0,fit,1264,fit,clean,optimum,4.943270945511696e-05,5.4018006276326406e-05,5.215670311949664e-07,0.7966,0.0019639142844771946,50000,1.0927583551812534
31,25,26.0,fit,1264,fit,clean,optimum,5.1208314467011325e-05,5.567519584940545e-05,5.308822472770689e-07,0.79036,0.001998989902437016,50000,1.0872296116145692
34,7,1.8,fit,1258,fit,clean,optimum,0.00013826853353212797,0.0001408345561865088,7.81116461955032e-07,0.4697,0.0029412245899805246,50000,1.0185582546428367
34,11,3.0,fit,1258,fit,clean,optimum,0.00011322494506077982,0.00011434076903741184,7.193141073554999e-07,0.56946,0.0027085133184604213,50000,1.009854930607677
31,27,30.0,fit,1264,fit,clean,optimum,5.240151587458129e-05,5.699776060484353e-05,5.382404565620393e-07,0.78538,0.0020266965852958185,50000,1.0877120566752874
31,29,40.0,fit,1264,fit,clean,optimum,4.917480306656077e-05,5.4028629286410224e-05,5.236881372215983e-07,0.79656,0.001971901120637159,50000,1.0987055548200069
34,1,0.6,fit,1259,fit,clean,optimum,0.00020046131896583755,0.00020442389454837504,7.483359697602517e-07,0.23026,0.0028177925610694465,50000,1.019767282800393
34,13,4.0,fit,1258,fit,clean,optimum,0.00010099824075276481,0.00010236332516788224,6.881950713129909e-07,0.61456,0.0025913373549739586,50000,1.0135159227026442
34,5,1.4,fit,1259,fit,clean,optimum,0.0001527293686014727,0.00015535089946607615,8.05566547702629e-07,0.41504,0.0030332892140546037,50000,1.017164549874124
31,23,20.0,fit,1265,fit,clean,optimum,4.943270945511696e-05,5.396489122590721e-05,5.214078273963849e-07,0.7968,0.001963314816728129,50000,1.0916838631899248
34,9,2.0,fit,1259,fit,clean,optimum,0.00012963780512639594,0.00013158191440348416,7.722179992464968e-07,0.50454,0.0029077182197961575,50000,1.0149964686242006
31,25,26.0,fit,1265,fit,clean,optimum,5.1208314467011325e-05,5.582391799057921e-05,5.290089783673641e-07,0.7898,0.0019919362749061358,50000,1.0901338693063465
34,3,1.0,fit,1259,fit,clean,optimum,0.00017476223804558316,0.00017868965262027263,8.194739303381757e-07,0.32716,0.0030856562268910233,50000,1.0224729015753682
34,7,1.8,fit,1259,fit,clean,optimum,0.00013826853353212797,0.0001411001314386048,7.899006486857304e-07,0.4687,0.002974300664130397,50000,1.0204789754699966
31,27,30.0,fit,1265,fit,clean,optimum,5.240151587458129e-05,5.675874287795712e-05,5.333278887685435e-07,0.78628,0.002008198748036042,50000,1.0831507816263273
34,11,3.0,fit,1259,fit,clean,optimum,0.00011322494506077982,0.00011488254255168766,7.268313945678975e-07,0.56742,0.0027368189951116487,50000,1.0146398612957421
31,29,40.0,fit,1265,fit,clean,optimum,4.917480306656077e-05,5.4310139053632e-05,5.233830604556383e-07,0.7955,0.0019707523811987046,50000,1.1044302298500368
34,1,0.6,fit,1260,fit,clean,optimum,0.00020046131896583755,0.00020456730518450685,7.461811005557997e-07,0.22972,0.002809678592665218,50000,1.0204826858361091
34,13,4.0,fit,1259,fit,clean,optimum,0.00010099824075276481,0.00010231552162250497,6.856154976484756e-07,0.61474,0.0025816241996849906,50000,1.013042612028904
34,5,1.4,fit,1260,fit,clean,optimum,0.0001527293686014727,0.00015596172254589695,8.047206222014818e-07,0.41274,0.0030301039567895874,50000,1.0211639318228223
31,23,20.0,fit,1266,fit,clean,optimum,4.943270945511696e-05,5.4400434639344644e-05,5.222608472612274e-07,0.79516,0.001966526787188894,50000,1.10049469751882
31,25,26.0,fit,1266,fit,clean,optimum,5.1208314467011325e-05,5.573362240486657e-05,5.279477814547761e-07,0.79014,0.0019879404322806923,50000,1.0883705699934816
34,9,2.0,fit,1260,fit,clean,optimum,0.00012963780512639594,0.00013285136410850305,7.717396917778251e-07,0.49976,0.00290591719554824,50000,1.0247887487679532
34,7,1.8,fit,1260,fit,clean,optimum,0.00013826853353212797,0.00014094609779238912,7.750841614755907e-07,0.46928,0.002918510498845027,50000,1.019364957390244
31,27,30.0,fit,1266,fit,clean,optimum,5.240151587458129e-05,5.722084381660415e-05,5.360568703706229e-07,0.78454,0.0020184744856303455,50000,1.0919692467209827
34,3,1.0,fit,1260,fit,clean,optimum,0.00017476223804558316,0.0001777973197732301,8.340935713919519e-07,0.33052,0.003140705185475807,50000,1.0173669195450297
34,11,3.0,fit,1260,fit,clean,optimum,0.00011322494506077982,0.00011548274262142463,7.23062543943012e-07,0.56516,0.0027226277231646562,50000,1.0199408139207558
31,29,40.0,fit,1266,fit,clean,optimum,4.917480306656077e-05,5.4235777983045104e-05,5.245718014357377e-07,0.79578,0.001975228479670673,50000,1.1029180515402173
34,1,0.6,fit,1261,fit,clean,optimum,0.00020046131896583755,0.0002043867140130816,7.501380075883216e-07,0.2304,0.0028245779742954442,50000,1.0195818079392813
34,13,4.0,fit,1260,fit,clean,optimum,0.00010099824075276481,0.00010287854115694846,6.846561866655275e-07,0.61262,0.0025780119994691314,50000,1.0186171599640679
34,5,1.4,fit,1261,fit,clean,optimum,0.0001527293686014727,0.00015538808000136958,8.094935209956571e-07,0.4149,0.0030480758828501154,50000,1.0174079905144795
31,23,20.0,fit,1267,fit,clean,optimum,4.943270945511696e-05,5.398082574103296e-05,5.226281046420384e-07,0.79674,0.0019679096622042145,50000,1.0920062107873234
31,25,26.0,fit,1267,fit,clean,optimum,5.1208314467011325e-05,5.5776114445201914e-05,5.300486248281041e-07,0.78998,0.001995850971221153,50000,1.0892003579054177
34,7,1.8,fit,1261,fit,clean,optimum,0.00013826853353212797,0.00014129665712515584,7.96765534926135e-07,0.46796,0.0030001497829252577,50000,1.0219003088820948
31,27,30.0,fit,1267,fit,clean,optimum,5.240151587458129e-05,5.6992449099801604e-05,5.35632774128061e-07,0.7854,0.002016877588934532,50000,1.0876106950075326
34,9,2.0,fit,1261,fit,clean,optimum,0.00012963780512639594,0.00013174657105978366,7.622732335728721e-07,0.50392,0.0028702720888214616,50000,1.016266597011047
31,29,40.0,fit,1267,fit,clean,optimum,4.917480306656077e-05,5.413485938724864e-05,5.245315457787513e-07,0.79616,0.001975076900573341,50000,1.1008658095483201
34,3,1.0,fit,1261,fit,clean,optimum,0.00017476223804558316,0.00017826473221691904,8.037539734954144e-07,0.32876,0.003026464127029705,50000,1.0200414815609213
34,1,0.6,fit,1262,fit,clean,optimum,0.00020046131896583755,0.0002047319618408064,7.584134996428711e-07,0.2291,0.00285573860386931,50000,1.0213040745067463
34,11,3.0,fit,1261,fit,clean,optimum,0.00011322494506077982,0.00011549336563150848,7.165824229639831e-07,0.56512,0.0026982274037527913,50000,1.0200346360911101
34,13,4.0,fit,1261,fit,clean,optimum,0.00010099824075276481,0.00010321316597458944,6.939090502915313e-07,0.61136,0.0026128528347991458,50000,1.0219303346802504
34,5,1.4,fit,1262,fit,clean,optimum,0.0001527293686014727,0.00015494191357784832,8.057327527047542e-07,0.41658,0.0030339150442131495,50000,1.0144867028302131
31,23,20.0,fit,1268,fit,clean,optimum,4.943270945511696e-05,5.508561878975233e-05,5.249572836552961e-07,0.79258,0.0019766799786959627,50000,1.1143556442069598
31,25,26.0,fit,1268,fit,clean,optimum,5.1208314467011325e-05,5.684903846366977e-05,5.333019434868602e-07,0.78594,0.0020081010533846075,50000,1.1101525026818102
34,7,1.8,fit,1262,fit,clean,optimum,0.00013826853353212797,0.000140223733106688,7.739455219190731e-07,0.472,0.0029142230528291383,50000,1.0141405967403692
31,27,30.0,fit,1268,fit,clean,optimum,5.240151587458129e-05,5.814504569389824e-05,5.40604334268045e-07,0.78106,0.002035597556630117,50000,1.1096061769102943
31,29,40.0,fit,1268,fit,clean,optimum,4.917480306656077e-05,5.535650554689023e-05,5.278994663280567e-07,0.79156,0.0019877585059666324,50000,1.1257087389239198
34,9,2.0,fit,1262,fit,clean,optimum,0.00012963780512639594,0.0001318634241707059,7.618982661623528e-07,0.50348,0.002868860182374758,50000,1.0171679784468737
34,1,0.6,fit,1263,fit,clean,optimum,0.00020046131896583755,0.0002045938627097165,7.491675927698982e-07,0.22962,0.0028209239635743227,50000,1.0206151678797604
34,13,4.0,fit,1262,fit,clean,optimum,0.00010099824075276481,0.00010278293406619392,6.885759608316052e-07,0.61298,0.0025927715605921714,50000,1.0176705386165872
34,3,1.0,fit,1262,fit,clean,optimum,0.00017476223804558316,0.00017736177635979263,8.10567251575804e-07,0.33216,0.003052118919886408,50000,1.014874714030221
34,11,3.0,fit,1262,fit,clean,optimum,0.00011322494506077982,0.00011515874081386752,7.254666222095512e-07,0.56638,0.002731680066135492,50000,1.017079237724952
34,5,1.4,fit,1263,fit,clean,optimum,0.0001527293686014727,0.00015505345518372865,8.122336574659931e-07,0.41616,0.0030583936231090817,50000,1.01521702475128
31,23,20.0,fit,1269,fit,clean,optimum,4.943270945511696e-05,5.505374975950081e-05,5.246341600536761e-07,0.7927,0.001975463285502339,50000,1.1137109490121626
31,25,26.0,fit,1269,fit,clean,optimum,5.1208314467011325e-05,5.6753431372915196e-05,5.331525605773831e-07,0.7863,0.0020075385653203085,50000,1.1082854798799533
34,7,1.8,fit,1263,fit,clean,optimum,0.00013826853353212797,0.00014093016327726337,7.875059161565828e-07,0.46934,0.002965283511702798,50000,1.0192497141406143
31,27,30.0,fit,1269,fit,clean,optimum,5.240151587458129e-05,5.792727398717951e-05,5.397966651907675e-07,0.78188,0.00203255635052788,50000,1.105450348532353
31,29,40.0,fit,1269,fit,clean,optimum,4.917480306656077e-05,5.510155330487808e-05,5.279527808838594e-07,0.79252,0.0019879592571864163,50000,1.1205241275759688
34,1,0.6,fit,1264,fit,clean,optimum,0.00020046131896583755,0.00020317037935848193,7.426038564418324e-07,0.23498,0.0027962087979997337,50000,1.0135141303400585
34,9,2.0,fit,1263,fit,clean,optimum,0.00012963780512639594,0.0001318315551404544,7.585605698281818e-07,0.5036,0.00285629238357638,50000,1.0169221471461938
34,13,4.0,fit,1263,fit,clean,optimum,0.00010099824075276481,0.00010267139246031362,6.901437331479318e-07,0.6134,0.0025986748678617803,50000,1.0165661470445266
34,3,1.0,fit,1263,fit,clean,optimum,0.00017476223804558316,0.0001773245958244992,8.122401240069115e-07,0.3323,0.003058417972293982,50000,1.014661964778957
34,11,3.0,fit,1263,fit,clean,optimum,0.00011322494506077982,0.00011568989131805952,7.27150954348931e-07,0.56438,0.0027380222690557058,50000,1.0217703462426633
34,5,1.4,fit,1264,fit,clean,optimum,0.0001527293686014727,0.000154564796719872,8.016160418816961e-07,0.418,0.0030184139356174964,50000,1.0120175191923213
31,23,20.0,fit,1270,fit,clean,optimum,4.943270945511696e-05,5.4469484204889586e-05,5.233527478841497e-07,0.7949,0.0019706382419057947,50000,1.1018915371075468
31,25,26.0,fit,1270,fit,clean,optimum,5.1208314467011325e-05,5.6169165818304004e-05,5.305066574575719e-07,0.7885,0.0019975756523646438,50000,1.096875896090829
31,27,30.0,fit,1270,fit,clean,optimum,5.240151587458129e-05,5.7300516392232947e-05,5.350146544429748e-07,0.78424,0.0020145501142161317,50000,1.0934896717373026
34,7,1.8,fit,1264,fit,clean,optimum,0.00013826853353212797,0.00014039370126802943,7.80046635027917e-07,0.47136,0.0029371962518026573,50000,1.0153698580697514
31,29,40.0,fit,1270,fit,clean,optimum,4.917480306656077e-05,5.444823818472191e-05,5.236490016119701e-07,0.79498,0.001971753758978573,50000,1.1072385609968434
34,1,0.6,fit,1265,fit,clean,optimum,0.00020046131896583755,0.00020395117059964415,7.488740888703258e-07,0.23204,0.0028198188007353304,50000,1.0174091024234024
34,13,4.0,fit,1264,fit,clean,optimum,0.00010099824075276481,0.0001025386048342656,6.843311421950849e-07,0.6139,0.002576788073414737,50000,1.0152513951730255
34,9,2.0,fit,1264,fit,clean,optimum,0.00012963780512639594,0.00013128447012113664,7.578350495725282e-07,0.50566,0.002853560501558279,50000,1.0127020431511873
34,3,1.0,fit,1264,fit,clean,optimum,0.00017476223804558316,0.00017703246304719361,8.27071212025894e-07,0.3334,0.003114263115626921,50000,1.0129903635190247
34,5,1.4,fit,1265,fit,clean,optimum,0.0001527293686014727,0.0001541133187913088,8.095140279153745e-07,0.4197,0.003048153099833082,50000,1.0090614542737184
34,11,3.0,fit,1264,fit,clean,optimum,0.00011322494506077982,0.0001142292274315315,7.199578043186023e-07,0.56988,0.0027109371021451665,50000,1.0088697978189574
31,23,20.0,fit,1271,fit,clean,optimum,4.943270945511696e-05,5.461289484102145e-05,5.26866506444398e-07,0.79436,0.0019838689873631246,50000,1.1047926654841347
31,25,26.0,fit,1271,fit,clean,optimum,5.1208314467011325e-05,5.655159418132224e-05,5.346202063896704e-07,0.78706,0.002013064855141006,50000,1.1043439872982557
31,27,30.0,fit,1271,fit,clean,optimum,5.240151587458129e-05,5.763514120987391e-05,5.373163512027472e-07,0.78298,0.0020232169487257737,50000,1.0998754568058464
34,7,1.8,fit,1265,fit,clean,optimum,0.00013826853353212797,0.00014002720742013698,7.823840896248159e-07,0.47274,0.0029459977292688407,50000,1.0127192633282711
31,29,40.0,fit,1271,fit,clean,optimum,4.917480306656077e-05,5.4756305477153287e-05,5.267676156530323e-07,0.79382,0.0019834966228804204,50000,1.1135032997089516
34,1,0.6,fit,1266,fit,clean,optimum,0.00020046131896583755,0.00020417956531644673,7.473170319675914e-07,0.23118,0.002813955841402917,50000,1.0185484479988023
34,13,4.0,fit,1265,fit,clean,optimum,0.00010099824075276481,0.00010276699955106815,6.888843427697903e-07,0.61304,0.002593932745362782,50000,1.017512768392007
34,9,2.0,fit,1265,fit,clean,optimum,0.00012963780512639594,0.00013182093213037055,7.630966138738977e-07,0.50364,0.0028733724541398684,50000,1.0168402033793003
34,3,1.0,fit,1265,fit,clean,optimum,0.00017476223804558316,0.00017680406833039104,8.16217139433541e-07,0.33426,0.0030733930702944237,50000,1.0116834752612593
34,5,1.4,fit,1266,fit,clean,optimum,0.0001527293686014727,0.00015496847110305792,8.130456399112514e-07,0.41648,0.0030614510708149574,50000,1.0146605890018956
31,23,20.0,fit,1272,fit,clean,optimum,4.943270945511696e-05,5.409767885195519e-05,5.220492532683489e-07,0.7963,0.001965730048821111,50000,1.0943700931682463
34,11,3.0,fit,1265,fit,clean,optimum,0.00011322494506077982,0.0001155517921869696,7.260767100475806e-07,0.5649,0.0027339772976478953,50000,1.0205506580280583
31,25,26.0,fit,1272,fit,clean,optimum,5.1208314467011325e-05,5.602575518217217e-05,5.299005745854162e-07,0.78904,0.0019952935011951643,50000,1.0940753618880439
31,27,30.0,fit,1272,fit,clean,optimum,5.240151587458129e-05,5.70190066250112e-05,5.333831920717448e-07,0.7853,0.0020084069877073403,50000,1.0881175033463057
34,7,1.8,fit,1266,fit,clean,optimum,0.00013826853353212797,0.00014121698454952703,7.943122304516323e-07,0.46826,0.0029909120830449395,50000,1.0213240926339466
31,29,40.0,fit,1272,fit,clean,optimum,4.917480306656077e-05,5.42835815284224e-05,5.23063634092609e-07,0.7956,0.0019695496096282807,50000,1.1038901661679585
34,1,0.6,fit,1267,fit,clean,optimum,0.00020046131896583755,0.00020296854216688892,7.486853441291966e-07,0.23574,0.0028191080991935282,50000,1.0125072668083095
34,13,4.0,fit,1266,fit,clean,optimum,0.00010099824075276481,0.00010297945975274495,6.919761212613912e-07,0.61224,0.002605574562389029,50000,1.0196163713864086
34,9,2.0,fit,1266,fit,clean,optimum,0.00012963780512639594,0.0001319643427665024,7.738325683249307e-07,0.5031,0.0029137977361128747,50000,1.0179464442323602
34,3,1.0,fit,1266,fit,clean,optimum,0.00017476223804558316,0.0001773245958244992,8.146565241712907e-07,0.3323,0.0030675167122756193,50000,1.014661964778957
34,5,1.4,fit,1267,fit,clean,optimum,0.0001527293686014727,0.0001544001400635725,8.031695636457862e-07,0.41862,0.0030242635836996473,50000,1.0109394249278896
31,23,20.0,fit,1273,fit,clean,optimum,4.943270945511696e-05,5.315754245953536e-05,5.17011108068122e-07,0.79984,0.0019467593610011267,50000,1.075351584921729
31,25,26.0,fit,1273,fit,clean,optimum,5.1208314467011325e-05,5.503250373933311e-05,5.263052733760128e-07,0.79278,0.0019817557141422358,50000,1.0746790694465318
34,11,3.0,fit,1266,fit,clean,optimum,0.00011322494506077982,0.00011547743111638271,7.284654530304837e-07,0.56518,0.002742971896971629,50000,1.0198939028355787
31,27,30.0,fit,1273,fit,clean,optimum,5.240151587458129e-05,5.6147919798136334e-05,5.328475902692628e-07,0.78858,0.0020063902267393853,50000,1.0714941898345414
31,29,40.0,fit,1273,fit,clean,optimum,4.917480306656077e-05,5.336469115617024e-05,5.195095965467377e-07,0.79906,0.0019561671972317123,50000,1.0852039627680508
34,7,1.8,fit,1267,fit,clean,optimum,0.00013826853353212797,0.00014041494728819713,7.800348962954007e-07,0.47128,0.0029371520506490346,50000,1.0155235157359244
34,1,0.6,fit,1268,fit,clean,optimum,0.00020046131896583755,0.00020364310330721282,7.492739564588457e-07,0.2332,0.0028213244665884706,50000,1.015872310717049
34,13,4.0,fit,1267,fit,clean,optimum,0.00010099824075276481,0.00010279355707627774,6.877985030613733e-07,0.61294,0.0025898441124805873,50000,1.0177757187663072
34,9,2.0,fit,1267,fit,clean,optimum,0.00012963780512639594,0.00013178375159507712,7.548812756928778e-07,0.50378,0.002842438328628617,50000,1.0165534001951737
31,23,20.0,fit,1274,fit,clean,optimum,4.943270945511696e-05,5.305662386373887e-05,5.185703811028289e-07,0.80022,0.0019526306649814509,50000,1.0733100501382042
34,3,1.0,fit,1267,fit,clean,optimum,0.00017476223804558316,0.00017664472317913344,8.251441238308218e-07,0.33486,0.0031070068363619557,50000,1.0107716927558417
34,5,1.4,fit,1268,fit,clean,optimum,0.0001527293686014727,0.00015545712956691456,8.142057243023254e-07,0.41464,0.0030658192654487507,50000,1.0178600945608542
31,25,26.0,fit,1274,fit,clean,optimum,5.1208314467011325e-05,5.501125771916544e-05,5.284618976379539e-07,0.79286,0.001989876291059401,50000,1.074264175490564
31,27,30.0,fit,1274,fit,clean,optimum,5.240151587458129e-05,5.631257645443584e-05,5.3304002841446e-07,0.78796,0.0020071148354658323,50000,1.0746364015349357
34,11,3.0,fit,1267,fit,clean,optimum,0.00011322494506077982,0.0001153658895105024,7.258835785551859e-07,0.5656,0.00273325007818422,50000,1.0189087700468593
31,29,40.0,fit,1274,fit,clean,optimum,4.917480306656077e-05,5.3130984934325764e-05,5.212384619563933e-07,0.79994,0.0019626770862217853,50000,1.080451402365762
34,7,1.8,fit,1268,fit,clean,optimum,0.00013826853353212797,0.0001407336375907123,7.828655030419033e-07,0.47008,0.0029478104486893738,50000,1.0178283807285158
34,1,0.6,fit,1269,fit,clean,optimum,0.00020046131896583755,0.00020559242565759746,7.415012418312742e-07,0.22586,0.002792057000714949,50000,1.025596492721044
34,13,4.0,fit,1268,fit,clean,optimum,0.00010099824075276481,0.00010317067393425408,6.855127903255258e-07,0.61152,0.002581237464391927,50000,1.02150961408137
31,23,20.0,fit,1275,fit,clean,optimum,4.943270945511696e-05,5.470850193177599e-05,5.237546266916143e-07,0.794,0.0019721514808250574,50000,1.1067267510685257
34,3,1.0,fit,1268,fit,clean,optimum,0.00017476223804558316,0.0001778557463286912,8.080638896277934e-07,0.3303,0.003042692733040106,50000,1.0177012397970158
34,5,1.4,fit,1269,fit,clean,optimum,0.0001527293686014727,0.00015491004454759678,8.082742898891116e-07,0.4167,0.003043484976517831,50000,1.014278039424194
34,9,2.0,fit,1268,fit,clean,optimum,0.00012963780512639594,0.00013253798531102974,7.611113900765572e-07,0.50094,0.002865897270433282,50000,1.0223714076446
31,25,26.0,fit,1275,fit,clean,optimum,5.1208314467011325e-05,5.6286018929226245e-05,5.31228286724378e-07,0.78806,0.0020002928832101793,50000,1.0991578128486539
31,27,30.0,fit,1275,fit,clean,optimum,5.240151587458129e-05,5.7470484553574406e-05,5.359200929304654e-07,0.7836,0.0020179594623400427,50000,1.0967332451054521
31,29,40.0,fit,1275,fit,clean,optimum,4.917480306656077e-05,5.474037096202751e-05,5.28269975067359e-07,0.79388,0.0019891536236832804,50000,1.1131792614997043
34,11,3.0,fit,1268,fit,clean,optimum,0.00011322494506077982,0.00011627415687267072,7.344112488660235e-07,0.56218,0.0027653602625614714,50000,1.0269305656121455
34,7,1.8,fit,1269,fit,clean,optimum,0.00013826853353212797,0.000140021895915095,7.925584565809313e-07,0.47276,0.002984308403459362,50000,1.0126808489117274
34,1,0.6,fit,1270,fit,clean,optimum,0.00020046131896583755,0.0002047638308710579,7.692004954567946e-07,0.22898,0.0028963560775562944,50000,1.0214630529591278
34,13,4.0,fit,1269,fit,clean,optimum,0.00010099824075276481,0.0001022730295821696,6.869163909001135e-07,0.6149,0.0025865225975642016,50000,1.0126218914300238
31,23,20.0,fit,1276,fit,clean,optimum,4.943270945511696e-05,5.468725591160832e-05,5.248905156997283e-07,0.79408,0.0019764285698954777,50000,1.1062969542719945
31,25,26.0,fit,1276,fit,clean,optimum,5.1208314467011325e-05,5.606293571746559e-05,5.293099554782937e-07,0.7889,0.001993069577458065,50000,1.0948014263109878
34,3,1.0,fit,1269,fit,clean,optimum,0.00017476223804558316,0.0001782806667320448,8.133706555552054e-07,0.3287,0.0030626748883257715,50000,1.020132659811463
34,5,1.4,fit,1270,fit,clean,optimum,0.0001527293686014727,0.0001553933915064115,8.091916650386398e-07,0.41488,0.0030469392710813794,50000,1.017442767748816
31,27,30.0,fit,1276,fit,clean,optimum,5.240151587458129e-05,5.750235358382593e-05,5.354791536238406e-07,0.78348,0.0020162991445839837,50000,1.0973414151119802
34,9,2.0,fit,1269,fit,clean,optimum,0.00012963780512639594,0.00013085423821274114,7.588581331869053e-07,0.50728,0.002857412831947887,50000,1.0093833205920077
31,29,40.0,fit,1276,fit,clean,optimum,4.917480306656077e-05,5.4766928487237104e-05,5.2547136074585e-07,0.79378,0.001978615690274871,50000,1.1137193251817825
34,7,1.8,fit,1270,fit,clean,optimum,0.00013826853353212797,0.00014053180039911938,7.843328193535373e-07,0.47084,0.0029533354978046565,50000,1.0163686328998747
34,11,3.0,fit,1269,fit,clean,optimum,0.00011322494506077982,0.00011455322923908862,7.230982342808544e-07,0.56866,0.0027227621119586447,50000,1.0117313740147613
34,1,0.6,fit,1271,fit,clean,optimum,0.00020046131896583755,0.0002046044857198003,7.514106166339557e-07,0.22958,0.00282936987051164,50000,1.0206681606972208
34,13,4.0,fit,1270,fit,clean,optimum,0.00010099824075276481,0.00010300070577291263,6.89254678945577e-07,0.61216,0.0025953272133068545,50000,1.0198267316858487
31,23,20.0,fit,1277,fit,clean,optimum,4.943270945511696e-05,5.452259925530881e-05,5.245625143662066e-07,0.7947,0.001975193510036048,50000,1.1029660290988759
31,25,26.0,fit,1277,fit,clean,optimum,5.1208314467011325e-05,5.612667377796863e-05,5.311189361079627e-07,0.78866,0.001999881133186213,50000,1.0960461081788924
31,27,30.0,fit,1277,fit,clean,optimum,5.240151587458129e-05,5.742268100819711e-05,5.374443942422225e-07,0.78378,0.002023699083406866,50000,1.09582099009566
34,5,1.4,fit,1271,fit,clean,optimum,0.0001527293686014727,0.00015489942153751297,8.139861463347786e-07,0.41674,0.0030649924641341936,50000,1.0142084849555213
34,3,1.0,fit,1270,fit,clean,optimum,0.00017476223804558316,0.00017827535522700288,8.095909688039562e-07,0.32872,0.003048442813908375,50000,1.0201022670612825
31,29,40.0,fit,1277,fit,clean,optimum,4.917480306656077e-05,5.466069838639872e-05,5.255579202662614e-07,0.79418,0.001978941622453146,50000,1.1115590704534697
34,9,2.0,fit,1270,fit,clean,optimum,0.00012963780512639594,0.00013219273748330494,7.656451534037025e-07,0.50224,0.0028829687531537673,50000,1.0197082352205669
34,7,1.8,fit,1271,fit,clean,optimum,0.00013826853353212797,0.0001396447790571187,7.923964521743613e-07,0.47418,0.002983698390269912,50000,1.0099534253371607
34,1,0.6,fit,1272,fit,clean,optimum,0.00020046131896583755,0.00020488599548702205,7.56844797428578e-07,0.22852,0.0028498317951515836,50000,1.0220724703599229
34,11,3.0,fit,1270,fit,clean,optimum,0.00011322494506077982,0.00011548805412646656,7.269369927735056e-07,0.56514,0.0027372166157663396,50000,1.019987725005933
34,13,4.0,fit,1271,fit,clean,optimum,0.00010099824075276481,0.00010131695867462398,6.853677349774727e-07,0.6185,0.0025806912713754156,50000,1.0031556779552167
31,23,20.0,fit,1278,fit,clean,optimum,4.943270945511696e-05,5.479348601244671e-05,5.237977745828883e-07,0.79368,0.0019723139503734564,50000,1.1084459382546517
31,27,30.0,fit,1278,fit,clean,optimum,5.240151587458129e-05,5.762982970483199e-05,5.377771973410611e-07,0.783,0.002024952223886681,50000,1.0997740951380919
34,5,1.4,fit,1272,fit,clean,optimum,0.0001527293686014727,0.00015540932602153728,8.187491225132831e-07,0.41482,0.0030829270274676124,50000,1.0175470994518256
31,25,26.0,fit,1278,fit,clean,optimum,5.1208314467011325e-05,5.653034816115457e-05,5.326786899908317e-07,0.78714,0.002005754247757541,50000,1.1039290933422878
31,29,40.0,fit,1278,fit,clean,optimum,4.917480306656077e-05,5.4910339123368975e-05,5.257443815381406e-07,0.79324,0.001979643725794506,50000,1.1166356690650057
34,3,1.0,fit,1271,fit,clean,optimum,0.00017476223804558316,0.0001771440046530739,8.050862174873419e-07,0.33298,0.003031480573334144,50000,1.0136286112728168
34,9,2.0,fit,1271,fit,clean,optimum,0.00012963780512639594,0.00013062584349593853,7.663918944707438e-07,0.50814,0.002885780540250448,50000,1.007621529603801
34,7,1.8,fit,1272,fit,clean,optimum,0.00013826853353212797,0.00014113731197389824,7.83319990644449e-07,0.46856,0.0029495217813491708,50000,1.020747876385799
34,1,0.6,fit,1273,fit,clean,optimum,0.00020046131896583755,0.0002038555635088896,7.315571664127359e-07,0.2324,0.0027546134688344118,50000,1.0169321670662583
34,11,3.0,fit,1271,fit,clean,optimum,0.00011322494506077982,0.00011378306100801025,7.177203114001417e-07,0.57156,0.0027025120214917487,50000,1.0049292666640803
34,13,4.0,fit,1272,fit,clean,optimum,0.00010099824075276481,0.00010343093768130816,6.904895209770516e-07,0.61054,0.002599976901189023,50000,1.024086527749512
31,23,20.0,fit,1279,fit,clean,optimum,4.943270945511696e-05,5.43366965788416e-05,5.21772073784985e-07,0.7954,0.0019646863541199805,50000,1.0992053071292254
31,27,30.0,fit,1279,fit,clean,optimum,5.240151587458129e-05,5.733238542248447e-05,5.373807882823143e-07,0.78412,0.002023459580819911,50000,1.0940978417438307
34,5,1.4,fit,1273,fit,clean,optimum,0.0001527293686014727,0.00015492066755768062,8.091932277229995e-07,0.41666,0.0030469451552304007,50000,1.014347593892867
31,25,26.0,fit,1279,fit,clean,optimum,5.1208314467011325e-05,5.6169165818304004e-05,5.317178936858592e-07,0.7885,0.0020021364546936554,50000,1.096875896090829
31,29,40.0,fit,1279,fit,clean,optimum,4.917480306656077e-05,5.445886119480576e-05,5.255536300371601e-07,0.79494,0.0019789254679769006,50000,1.107454586469675
34,3,1.0,fit,1272,fit,clean,optimum,0.00017476223804558316,0.00017812132158078722,8.158910011217891e-07,0.3293,0.0030721650254778307,50000,1.0192208773060456
34,9,2.0,fit,1272,fit,clean,optimum,0.00012963780512639594,0.0001327079534723712,7.694973807457586e-07,0.5003,0.002897473972716408,50000,1.0236825079148932
34,7,1.8,fit,1273,fit,clean,optimum,0.00013826853353212797,0.00013984661624871168,7.77107749373176e-07,0.47342,0.002926130139160209,50000,1.0114131731658023
34,1,0.6,fit,1274,fit,clean,optimum,0.00020046131896583755,0.00020432297595257857,7.614034376550034e-07,0.23064,0.002866996949624552,50000,1.0192638510345187
31,23,20.0,fit,1280,fit,clean,optimum,4.943270945511696e-05,5.386397263011072e-05,5.21824068028808e-07,0.79718,0.0019648821338223914,50000,1.0896423284064003
34,13,4.0,fit,1273,fit,clean,optimum,0.00010099824075276481,0.00010177905961327104,6.890103510685102e-07,0.61676,0.002594407218408465,50000,1.0077310144680403
34,11,3.0,fit,1272,fit,clean,optimum,0.00011322494506077982,0.00011559959573234688,7.262745246501598e-07,0.56472,0.0027347221509466044,50000,1.0209728577946524
31,27,30.0,fit,1280,fit,clean,optimum,5.240151587458129e-05,5.683310394854399e-05,5.350909081077157e-07,0.786,0.0020148372406111523,50000,1.0845698449748924
31,25,26.0,fit,1280,fit,clean,optimum,5.1208314467011325e-05,5.554240822335744e-05,5.298012876534231e-07,0.79086,0.001994919645080148,50000,1.084636524389768
34,5,1.4,fit,1274,fit,clean,optimum,0.0001527293686014727,0.0001540920727711411,8.06350077024197e-07,0.41978,0.003036239524052934,50000,1.008922345336372
31,29,40.0,fit,1280,fit,clean,optimum,4.917480306656077e-05,5.4018006276326406e-05,5.237556110703019e-07,0.7966,0.0019721551874154865,50000,1.0984895293471761
34,3,1.0,fit,1273,fit,clean,optimum,0.00017476223804558316,0.00017826473221691904,8.15797979286316e-07,0.32876,0.0030718147600267433,50000,1.0200414815609213
34,9,2.0,fit,1273,fit,clean,optimum,0.00012963780512639594,0.00013145443828247808,7.63049244152828e-07,0.50502,0.002873194087666728,50000,1.0140131434214805
34,7,1.8,fit,1274,fit,clean,optimum,0.00013826853353212797,0.00013936326928989695,7.934832632346109e-07,0.47524,0.0029877906806910722,50000,1.0079174612603714
34,1,0.6,fit,1275,fit,clean,optimum,0.00020046131896583755,0.00020403615468031486,7.52408042901838e-07,0.23172,0.0028331255904441655,50000,1.017833044963086
31,23,20.0,fit,1281,fit,clean,optimum,4.943270945511696e-05,5.4963454173788166e-05,5.274473403608207e-07,0.79304,0.001986056065834626,50000,1.1118843126269038
34,13,4.0,fit,1274,fit,clean,optimum,0.00010099824075276481,0.00010164627198722302,6.86107613158719e-07,0.61726,0.002583477216885801,50000,1.0064162625965392
34,11,3.0,fit,1273,fit,clean,optimum,0.00011322494506077982,0.00011436201505757952,7.311345372576759e-07,0.56938,0.002753022096326151,50000,1.0100425749483855
31,27,30.0,fit,1281,fit,clean,optimum,5.240151587458129e-05,5.815566870398207e-05,5.403092392678562e-07,0.78102,0.002034486402643216,50000,1.1098089002458034
31,25,26.0,fit,1281,fit,clean,optimum,5.1208314467011325e-05,5.6679070302328335e-05,5.334070290173664e-07,0.78658,0.0020084967436067827,50000,1.106833351034065
34,5,1.4,fit,1275,fit,clean,optimum,0.0001527293686014727,0.00015546775257699837,8.114544128040663e-07,0.4146,0.0030554594466156893,50000,1.017929649029527
31,29,40.0,fit,1281,fit,clean,optimum,4.917480306656077e-05,5.4963454173788166e-05,5.265633915568985e-07,0.79304,0.001982727635203587,50000,1.117715796429162
34,3,1.0,fit,1274,fit,clean,optimum,0.00017476223804558316,0.00017676157629005569,8.263906777889983e-07,0.33442,0.003111700624462836,50000,1.0114403332598148
34,9,2.0,fit,1274,fit,clean,optimum,0.00012963780512639594,0.00013036557974888447,7.624114231949222e-07,0.50912,0.002870792429557127,50000,1.0056139073149144
34,7,1.8,fit,1275,fit,clean,optimum,0.00013826853353212797,0.00014042025879323902,7.791681150487167e-07,0.47126,0.002933888262928443,50000,1.0155619301524672
34,1,0.6,fit,1276,fit,clean,optimum,0.00020046131896583755,0.00020402553167023105,7.484958804613346e-07,0.23176,0.0028183946905970315,50000,1.0177800521456257
31,23,20.0,fit,1282,fit,clean,optimum,4.943270945511696e-05,5.4910339123368975e-05,5.254326472172951e-07,0.79324,0.0019784699179250407,50000,1.1108098206355752
31,27,30.0,fit,1282,fit,clean,optimum,5.240151587458129e-05,5.799632355272448e-05,5.397274715160889e-07,0.78162,0.00203229580789775,50000,1.1067680502131638
34,13,4.0,fit,1275,fit,clean,optimum,0.00010099824075276481,0.00010228365259225345,6.8676138054998e-07,0.61486,0.0025859389198724355,50000,1.0127270715797438
34,11,3.0,fit,1274,fit,clean,optimum,0.00011322494506077982,0.00011421860442144768,7.270480553140569e-07,0.56992,0.002737634811888436,50000,1.0087759756486034
31,25,26.0,fit,1282,fit,clean,optimum,5.1208314467011325e-05,5.654097117123839e-05,5.332550891432195e-07,0.7871,0.0020079246275193545,50000,1.1041365403202714
34,5,1.4,fit,1276,fit,clean,optimum,0.0001527293686014727,0.0001553349649509504,8.04030309756937e-07,0.4151,0.0030275046466539607,50000,1.0170602181711146
31,29,40.0,fit,1282,fit,clean,optimum,4.917480306656077e-05,5.501125771916544e-05,5.27119342366038e-07,0.79286,0.001984821018546921,50000,1.1186879110569028
34,3,1.0,fit,1275,fit,clean,optimum,0.00017476223804558316,0.00017752643301609217,8.168425512748516e-07,0.33154,0.003075748002978756,50000,1.0158168892858195
34,9,2.0,fit,1275,fit,clean,optimum,0.00012963780512639594,0.0001319962117967539,7.629330089556063e-07,0.50298,0.00287275641436583,50000,1.0181922755330401
34,7,1.8,fit,1276,fit,clean,optimum,0.00013826853353212797,0.00014112137745877246,7.802000272435031e-07,0.46862,0.00293777383655265,50000,1.020632633136169
31,23,20.0,fit,1283,fit,clean,optimum,4.943270945511696e-05,5.382679209481727e-05,5.203079414082286e-07,0.79732,0.0019591732938284024,50000,1.08889018401247
34,1,0.6,fit,1277,fit,clean,optimum,0.00020046131896583755,0.0002051250132139085,7.49208013235298e-07,0.22762,0.0028210761632430823,50000,1.0232648087527836
31,27,30.0,fit,1283,fit,clean,optimum,5.240151587458129e-05,5.691808802921471e-05,5.339516827368114e-07,0.78568,0.002010547588763274,50000,1.086191631658967
34,13,4.0,fit,1276,fit,clean,optimum,0.00010099824075276481,0.00010391959614516479,6.905344380097162e-07,0.6087,0.0026001460322820375,50000,1.0289248146366352
31,25,26.0,fit,1283,fit,clean,optimum,5.1208314467011325e-05,5.574955691999232e-05,5.29123119899783e-07,0.79008,0.0019923660646983623,50000,1.0886817404604576
34,11,3.0,fit,1275,fit,clean,optimum,0.00011322494506077982,0.00011500470716765183,7.188837264139406e-07,0.56696,0.0027068927572892936,50000,1.0157188162548156
31,29,40.0,fit,1283,fit,clean,optimum,4.917480306656077e-05,5.429420453850623e-05,5.258110247260327e-07,0.79556,0.0019798946647934003,50000,1.1041061916407895
34,5,1.4,fit,1277,fit,clean,optimum,0.0001527293686014727,0.00015681687485764607,8.082479166126156e-07,0.40952,0.003043385670289981,50000,1.0267630665509997
34,3,1.0,fit,1276,fit,clean,optimum,0.00017476223804558316,0.00017712275863290624,8.020429307966771e-07,0.33306,0.0030200213478730133,50000,1.0135070402720947
34,9,2.0,fit,1276,fit,clean,optimum,0.00012963780512639594,0.00013261234638161664,7.792443121288612e-07,0.50066,0.0029341751762591963,50000,1.0229450140128533
34,7,1.8,fit,1277,fit,clean,optimum,0.00013826853353212797,0.00014188092267976705,7.791791936425871e-07,0.46576,0.002933929978388686,50000,1.0261258947018463
34,1,0.6,fit,1278,fit,clean,optimum,0.00020046131896583755,0.00020481163441643519,7.532294089447123e-07,0.2288,0.002836218371252587,50000,1.0217015206376998
34,13,4.0,fit,1277,fit,clean,optimum,0.00010099824075276481,0.00010424359795272191,6.920564270472598e-07,0.60748,0.0026058769466858894,50000,1.0321328092030975
34,11,3.0,fit,1276,fit,clean,optimum,0.00011322494506077982,0.00011623166483233536,7.230741727385427e-07,0.56234,0.0027226715103603337,50000,1.0265552769307287
34,5,1.4,fit,1278,fit,clean,optimum,0.0001527293686014727,0.00015656723412067582,7.960742883504856e-07,0.41046,0.002997546955402008,50000,1.0251285365371838
34,3,1.0,fit,1277,fit,clean,optimum,0.00017476223804558316,0.00017836033930767359,8.072178322812297e-07,0.3284,0.0030395069793228966,50000,1.0205885510641717
34,9,2.0,fit,1277,fit,clean,optimum,0.00012963780512639594,0.00013304788979505406,7.584911879844923e-07,0.49902,0.002856031132412569,50000,1.0263047084554795
34,7,1.8,fit,1278,fit,clean,optimum,0.00013826853353212797,0.0001417428235486771,7.832687415819711e-07,0.46628,0.0029493288075608626,50000,1.0251271198717231
34,1,0.6,fit,1279,fit,clean,optimum,0.00020046131896583755,0.00020326598644923645,7.494327181207598e-07,0.23462,0.0028219222695112242,50000,1.0139910656972024
34,11,3.0,fit,1277,fit,clean,optimum,0.00011322494506077982,0.00011653973212476671,7.256550024116832e-07,0.56118,0.002732389395038111,50000,1.029276119871001
34,13,4.0,fit,1278,fit,clean,optimum,0.00010099824075276481,0.00010254391633930752,6.889978133715107e-07,0.61388,0.002594360008825115,50000,1.0153039852478856
34,5,1.4,fit,1279,fit,clean,optimum,0.0001527293686014727,0.00015625385532320256,8.025010286281611e-07,0.41164,0.003021746274528899,50000,1.0230766797113302
34,3,1.0,fit,1278,fit,clean,optimum,0.00017476223804558316,0.00017818505964129023,7.987497287039986e-07,0.32906,0.0030076210881850806,50000,1.0195855903082123
34,9,2.0,fit,1278,fit,clean,optimum,0.00012963780512639594,0.0001326335924017843,7.666093563476752e-07,0.50058,0.0028865993736139303,50000,1.02310890154664
34,7,1.8,fit,1279,fit,clean,optimum,0.00013826853353212797,0.00014156754388229374,7.742446558543308e-07,0.46694,0.002915349415066948,50000,1.0238594441257975
34,1,0.6,fit,1280,fit,clean,optimum,0.00020046131896583755,0.00020519406277945344,7.473310399702929e-07,0.22736,0.0028140085872916656,50000,1.0236092620662764
34,11,3.0,fit,1278,fit,clean,optimum,0.00011322494506077982,0.00011545618509621503,7.317375405755147e-07,0.56526,0.002755292651707647,50000,1.0197062584948702
34,13,4.0,fit,1279,fit,clean,optimum,0.00010099824075276481,0.00010354247928718848,6.819961543010443e-07,0.61012,0.002567995884098857,50000,1.0251909193215727
34,5,1.4,fit,1280,fit,clean,optimum,0.0001527293686014727,0.00015494191357784832,8.093201685624605e-07,0.41658,0.0030474231396753334,50000,1.0144867028302131
34,3,1.0,fit,1279,fit,clean,optimum,0.00017476223804558316,0.00017737771087491838,8.18161214806805e-07,0.3321,0.0030807133132685744,50000,1.0149658922807627
34,9,2.0,fit,1279,fit,clean,optimum,0.00012963780512639594,0.000132787626048,7.63992211125199e-07,0.5,0.002876744745963873,50000,1.0242970861665932
34,7,1.8,fit,1280,fit,clean,optimum,0.00013826853353212797,0.0001408558022066765,7.857371823448251e-07,0.46962,0.0029586235017892305,50000,1.0187119123090096
34,1,0.6,fit,1281,fit,clean,optimum,0.00020046131896583755,0.00020419018832653054,7.481102622939352e-07,0.23114,0.0028169426796722337,50000,1.0186014408162627
34,11,3.0,fit,1279,fit,clean,optimum,0.00011322494506077982,0.0001163538294482995,7.209982561366059e-07,0.56188,0.002714854830961357,50000,1.027634231889802
34,13,4.0,fit,1280,fit,clean,optimum,0.00010099824075276481,0.00010285198363173887,6.879804856664656e-07,0.61272,0.002590529351800351,50000,1.0183542095897677
34,5,1.4,fit,1281,fit,clean,optimum,0.0001527293686014727,0.00015558991719296256,8.137698617793806e-07,0.41414,0.003064178063870272,50000,1.018729525419267
34,3,1.0,fit,1280,fit,clean,optimum,0.00017476223804558316,0.00017768046666230786,8.171092520453187e-07,0.33096,0.0030767522410181146,50000,1.0166982790410566
34,9,2.0,fit,1280,fit,clean,optimum,0.00012963780512639594,0.00013248487026061055,7.658901216228892e-07,0.50114,0.0028838911592034776,50000,1.0219616888101333
34,1,0.6,fit,1282,fit,clean,optimum,0.00020046131896583755,0.00020378651394334463,7.523256291593072e-07,0.23266,0.0028328152688239074,50000,1.0165877137527652
34,7,1.8,fit,1281,fit,clean,optimum,0.00013826853353212797,0.00014052648889407743,7.827179100603195e-07,0.47086,0.0029472547004394186,50000,1.0163302184833312
34,11,3.0,fit,1280,fit,clean,optimum,0.00011322494506077982,0.00011558366121722113,7.312903756936395e-07,0.56478,0.0027536088921014867,50000,1.0208321245391212
34,13,4.0,fit,1281,fit,clean,optimum,0.00010099824075276481,0.00010284667212669697,6.865237487238726e-07,0.61274,0.0025850441383586014,50000,1.018301619514908
34,5,1.4,fit,1282,fit,clean,optimum,0.0001527293686014727,0.00015537214548624382,8.068588043449617e-07,0.41496,0.003038155091549339,50000,1.0173036588114701
34,3,1.0,fit,1281,fit,clean,optimum,0.00017476223804558316,0.000178333781782464,8.084182835545355e-07,0.3285,0.0030440271718627943,50000,1.0204365873132688
34,9,2.0,fit,1281,fit,clean,optimum,0.00012963780512639594,0.00013126853560601088,7.63264536023126e-07,0.50572,0.002874004750063163,50000,1.0125791275008473
34,1,0.6,fit,1283,fit,clean,optimum,0.00020046131896583755,0.00020496035655760895,7.58396002189086e-07,0.22824,0.0028556727187627464,50000,1.0224434200821462
34,7,1.8,fit,1282,fit,clean,optimum,0.00013826853353212797,0.000141020458862976,7.737743556432446e-07,0.469,0.002913578541435559,50000,1.0199027592218484
34,11,3.0,fit,1281,fit,clean,optimum,0.00011322494506077982,0.00011559428422730495,7.222988262632599e-07,0.56474,0.0027197520121421694,50000,1.0209259467094751
34,13,4.0,fit,1282,fit,clean,optimum,0.00010099824075276481,0.00010230489861242112,6.857258640229855e-07,0.61478,0.0025820397744557525,50000,1.012937431879184
34,5,1.4,fit,1283,fit,clean,optimum,0.0001527293686014727,0.00015628041284841216,8.058617268189352e-07,0.41154,0.0030344006847732663,50000,1.0232505658830127
34,15,5.0,fit,1234,fit,clean,optimum,9.212333410844975e-05,9.432170653441536e-05,6.619147966380008e-07,0.64484,0.002492381317212239,50000,1.0238633615168296
34,3,1.0,fit,1282,fit,clean,optimum,0.00017476223804558316,0.00017817443663120642,8.101463697338476e-07,0.3291,0.0030505341267302887,50000,1.0195248048078513
34,17,6.0,fit,1234,fit,clean,optimum,8.675626460706268e-05,8.986004229920255e-05,6.536155555236063e-07,0.66164,0.0024611312626650083,50000,1.0357758336668543
34,19,8.0,fit,1234,fit,clean,optimum,7.96972411846238e-05,8.298695477495808e-05,6.313223184377652e-07,0.68752,0.002377188060465646,50000,1.0412776344756205
34,9,2.0,fit,1282,fit,clean,optimum,0.00012963780512639594,0.00013143850376735232,7.605413064630112e-07,0.50508,0.002863750671271475,50000,1.0138902277711406
34,21,10.0,fit,1234,fit,clean,optimum,7.589541030819719e-05,7.860496311537408e-05,6.118244745922873e-07,0.70402,0.0023037706629800182,50000,1.035701141823648
34,7,1.8,fit,1283,fit,clean,optimum,0.00013826853353212797,0.00014140288722599425,7.827255362447615e-07,0.46756,0.002947283416158906,50000,1.0226685972129588
34,11,3.0,fit,1282,fit,clean,optimum,0.00011322494506077982,0.00011477631245084928,7.23288406846407e-07,0.56782,0.0027234781898463683,50000,1.0137016395922
34,13,4.0,fit,1283,fit,clean,optimum,0.00010099824075276481,0.0001036009058426496,6.868960633304304e-07,0.6099,0.002586446055907843,50000,1.025769410145033
34,25,26.0,fit,1234,fit,clean,optimum,6.321108253330487e-05,6.659565021559295e-05,5.649632090830844e-07,0.74924,0.0021273187340470332,50000,1.0535438968396849
34,23,20.0,fit,1234,fit,clean,optimum,6.567625303281089e-05,6.866182567689983e-05,5.730961011144815e-07,0.74146,0.002157942415912003,50000,1.0454589369250007
34,15,5.0,fit,1235,fit,clean,optimum,9.212333410844975e-05,9.407737730248704e-05,6.654411720546325e-07,0.64576,0.0025056595703205403,50000,1.021211164499723
34,3,1.0,fit,1283,fit,clean,optimum,0.00017476223804558316,0.00017742020291525374,8.076207531471935e-07,0.33194,0.0030410241420207903,50000,1.0152090342822075
34,17,6.0,fit,1235,fit,clean,optimum,8.675626460706268e-05,8.839406690763264e-05,6.462277372174887e-07,0.66716,0.002433313089669555,50000,1.0188782021446856
34,19,8.0,fit,1235,fit,clean,optimum,7.96972411846238e-05,8.132976520187903e-05,6.265728891415812e-07,0.69376,0.0023593045067131784,50000,1.0204840718824053
34,9,2.0,fit,1283,fit,clean,optimum,0.00012963780512639594,0.00013217149146313727,7.633157881631033e-07,0.50232,0.002874197735439522,50000,1.01954434768678
34,21,10.0,fit,1235,fit,clean,optimum,7.589541030819719e-05,7.713898772380417e-05,6.112341726426754e-07,0.70954,0.002301547933471327,50000,1.01638541000776
34,27,30.0,fit,1234,fit,clean,optimum,6.05318929854567e-05,6.430639154252544e-05,5.570971631904613e-07,0.75786,0.0020976998375928572,50000,1.0623555347587692
34,11,3.0,fit,1283,fit,clean,optimum,0.00011322494506077982,0.00011582799044914943,7.207973105286286e-07,0.56386,0.0027140981881401934,50000,1.022990034457268
34,29,40.0,fit,1234,fit,clean,optimum,6.057090483395352e-05,6.424796498706432e-05,5.575937878048385e-07,0.75808,0.002099569833424388,50000,1.0607067066802276
34,25,26.0,fit,1235,fit,clean,optimum,6.321108253330487e-05,6.528901997528063e-05,5.628084015781396e-07,0.75416,0.0021192049979668133,50000,1.0328729924990752
34,23,20.0,fit,1235,fit,clean,optimum,6.567625303281089e-05,6.76207706886835e-05,5.722878799088683e-07,0.74538,0.002154899130819607,50000,1.0296076217213725
34,15,5.0,fit,1236,fit,clean,optimum,9.212333410844975e-05,9.490066058398464e-05,6.658784597775166e-07,0.64266,0.0025073061383626785,50000,1.0301479153182336
34,17,6.0,fit,1236,fit,clean,optimum,8.675626460706268e-05,8.888272537148927e-05,6.443989902097862e-07,0.66532,0.0024264271054023107,50000,1.0245107459854084
71,1,0.6,fit,1234,fit,clean,optimum,0.0001389782341673509,0.00014278919004193536,8.005883767542709e-07,0.46234,0.0030145443539478394,50000,1.0274212425954088
34,19,8.0,fit,1236,fit,clean,optimum,7.96972411846238e-05,8.169625904977151e-05,6.203489362051475e-07,0.69238,0.0023358687652903147,50000,1.0250826482251356
71,3,1.0,fit,1234,fit,clean,optimum,6.542668088577777e-05,7.019685063401471e-05,5.886728509990637e-07,0.73568,0.0022165952827045443,50000,1.07290863121369
34,21,10.0,fit,1236,fit,clean,optimum,7.589541030819719e-05,7.801007455067903e-05,6.070320721724329e-07,0.70626,0.002285725297751024,50000,1.0278628738403888
34,27,30.0,fit,1235,fit,clean,optimum,6.05318929854567e-05,6.28351046459136e-05,5.530776957381126e-07,0.7634,0.0020825648902638954,50000,1.0380495561407648
71,5,1.4,fit,1234,fit,clean,optimum,9.789487155338187e-05,0.00010050960990825217,6.830986948645626e-07,0.62154,0.0025721474025660962,50000,1.026709656117629
34,29,40.0,fit,1235,fit,clean,optimum,6.057090483395352e-05,6.271294002994945e-05,5.524657041709192e-07,0.76386,0.002080260490428582,50000,1.0353640943926463
34,25,26.0,fit,1236,fit,clean,optimum,6.321108253330487e-05,6.579892445930495e-05,5.643586776577782e-07,0.75224,0.0021250424247127296,50000,1.0409396868758984
34,23,20.0,fit,1236,fit,clean,optimum,6.567625303281089e-05,6.805631410212097e-05,5.72851465279641e-07,0.74374,0.002157021261425997,50000,1.0362392944086052
34,17,6.0,fit,1237,fit,clean,optimum,8.675626460706268e-05,8.87818067756928e-05,6.433192522072202e-07,0.6657,0.0024223614479510066,50000,1.023347503235694
34,15,5.0,fit,1237,fit,clean,optimum,9.212333410844975e-05,9.355684980837888e-05,6.616283612196911e-07,0.64772,0.002491302770110997,50000,1.015560831724149
71,1,0.6,fit,1235,fit,clean,optimum,0.0001389782341673509,0.00014252361478983935,8.024560450284752e-07,0.46334,0.003021576892783684,50000,1.0255103300436188
34,19,8.0,fit,1237,fit,clean,optimum,7.96972411846238e-05,8.153160239347201e-05,6.230322593465203e-07,0.693,0.0023459725800102295,50000,1.0230166211726048
71,3,1.0,fit,1235,fit,clean,optimum,6.542668088577777e-05,6.940543638276864e-05,5.906449181975428e-07,0.73866,0.0022240209264078447,50000,1.0608124306953153
34,21,10.0,fit,1237,fit,clean,optimum,7.589541030819719e-05,7.777636832883456e-05,6.087766804847394e-07,0.70714,0.0022922944652413587,50000,1.0247835542755372
34,27,30.0,fit,1236,fit,clean,optimum,6.05318929854567e-05,6.324940203918336e-05,5.552920480474827e-07,0.76184,0.0020909028370111687,50000,1.044893838928506
71,5,1.4,fit,1235,fit,clean,optimum,9.789487155338187e-05,9.90861265570176e-05,6.827020388750017e-07,0.6269,0.0025706538297033,50000,1.012168717162943
34,25,26.0,fit,1237,fit,clean,optimum,6.321108253330487e-05,6.622384486265856e-05,5.642701610385876e-07,0.75064,0.0021247091232530035,50000,1.047661932189918
34,29,40.0,fit,1236,fit,clean,optimum,6.057090483395352e-05,6.349904277615359e-05,5.56710334107285e-07,0.7609,0.0020962432670723614,50000,1.0483423179862863
34,17,6.0,fit,1238,fit,clean,optimum,8.675626460706268e-05,8.875524925048321e-05,6.486109682081141e-07,0.6658,0.0024422869340764274,50000,1.0230413867226114
34,23,20.0,fit,1237,fit,clean,optimum,6.567625303281089e-05,6.850779203068415e-05,5.721750698030192e-07,0.74204,0.002154474354395754,50000,1.0431135892673211
34,15,5.0,fit,1238,fit,clean,optimum,9.212333410844975e-05,9.405081977727744e-05,6.646943458992087e-07,0.64586,0.00250284746283112,50000,1.0209228822152552
34,19,8.0,fit,1238,fit,clean,optimum,7.96972411846238e-05,8.1797177645568e-05,6.240652227282734e-07,0.692,0.002349862111785501,50000,1.0263489228702354
71,1,0.6,fit,1236,fit,clean,optimum,0.0001389782341673509,0.00014309194582932478,7.877267726376005e-07,0.4612,0.00296611512714616,50000,1.0295996829044491
71,3,1.0,fit,1236,fit,clean,optimum,6.542668088577777e-05,6.992065237183487e-05,5.864738290308337e-07,0.73672,0.0022083150609938443,50000,1.068687138415331
34,21,10.0,fit,1238,fit,clean,optimum,7.589541030819719e-05,7.81322391666432e-05,6.114223832001404e-07,0.7058,0.0023022566235920347,50000,1.0294725181583797
34,27,30.0,fit,1237,fit,clean,optimum,6.05318929854567e-05,6.349904277615359e-05,5.551282057012004e-07,0.7609,0.00209028590322314,50000,1.049017958044196
34,25,26.0,fit,1238,fit,clean,optimum,6.321108253330487e-05,6.650535462988031e-05,5.655174026682284e-07,0.74958,0.0021294055007196433,50000,1.0521154197104556
71,5,1.4,fit,1236,fit,clean,optimum,9.789487155338187e-05,0.00010058397097883902,6.836741502513642e-07,0.62126,0.0025743142286625037,50000,1.0274692574063065
34,29,40.0,fit,1237,fit,clean,optimum,6.057090483395352e-05,6.357871535178239e-05,5.548688259087465e-07,0.7606,0.002089309231675596,50000,1.0496576784856417
34,17,6.0,fit,1239,fit,clean,optimum,8.675626460706268e-05,8.856403506897408e-05,6.421299603693681e-07,0.66652,0.0024178832752731467,50000,1.0208373478284152
34,15,5.0,fit,1239,fit,clean,optimum,9.212333410844975e-05,9.40720657974451e-05,6.656564171813102e-07,0.64578,0.002506470056708029,50000,1.0211535080428293
34,23,20.0,fit,1238,fit,clean,optimum,6.567625303281089e-05,6.869369470715136e-05,5.752640848776702e-07,0.74134,0.0021661057660211655,50000,1.045944181267969
34,19,8.0,fit,1239,fit,clean,optimum,7.96972411846238e-05,8.171219356489727e-05,6.20586501331231e-07,0.69232,0.002336763295651139,50000,1.0252825863269934
71,1,0.6,fit,1237,fit,clean,optimum,0.0001389782341673509,0.00014190748020497665,7.92753636089727e-07,0.46566,0.00298504333454671,50000,1.021077012923466
71,3,1.0,fit,1237,fit,clean,optimum,6.542668088577777e-05,6.871494072731903e-05,5.879296142734393e-07,0.74126,0.0022137966908939047,50000,1.0502586986994178
34,21,10.0,fit,1239,fit,clean,optimum,7.589541030819719e-05,7.790384444984065e-05,6.072132885891315e-07,0.70666,0.002286407652056512,50000,1.026463183129093
34,27,30.0,fit,1238,fit,clean,optimum,6.05318929854567e-05,6.399301274505215e-05,5.550235116571551e-07,0.75904,0.0020898916871084266,50000,1.0571784490603493
34,25,26.0,fit,1239,fit,clean,optimum,6.321108253330487e-05,6.578830144922114e-05,5.615849838832478e-07,0.75228,0.0021145983274083327,50000,1.0407716307430483
71,5,1.4,fit,1237,fit,clean,optimum,9.789487155338187e-05,9.990409833347327e-05,6.844965151939278e-07,0.62382,0.0025774107707388955,50000,1.0205243313383967
34,29,40.0,fit,1238,fit,clean,optimum,6.057090483395352e-05,6.383366759379456e-05,5.550102185697048e-07,0.75964,0.0020898416331694945,50000,1.0538668320835793
34,17,6.0,fit,1240,fit,clean,optimum,8.675626460706268e-05,8.877649527065089e-05,6.480884107729257e-07,0.66572,0.002440319290513768,50000,1.0232862799330775
34,15,5.0,fit,1240,fit,clean,optimum,9.212333410844975e-05,9.383835957560064e-05,6.682836983715874e-07,0.64666,0.0025163628504436724,50000,1.0186166239395105
34,19,8.0,fit,1240,fit,clean,optimum,7.96972411846238e-05,8.164314399935232e-05,6.28873293046279e-07,0.69258,0.002367966473091982,50000,1.0244161878856095
34,23,20.0,fit,1239,fit,clean,optimum,6.567625303281089e-05,6.809880614245631e-05,5.705034205318355e-07,0.74358,0.002148179907688124,50000,1.0368862868658957
71,1,0.6,fit,1238,fit,clean,optimum,0.0001389782341673509,0.0001435168662326784,7.898284317304623e-07,0.4596,0.002974028737606001,50000,1.0326571429873133
71,3,1.0,fit,1238,fit,clean,optimum,6.542668088577777e-05,7.026590019955969e-05,5.907560157750029e-07,0.73542,0.002224439254458306,50000,1.0739640044132799
34,21,10.0,fit,1240,fit,clean,optimum,7.589541030819719e-05,7.796227100530177e-05,6.075670341636481e-07,0.70644,0.0022877396495665386,50000,1.0272330130203058
34,25,26.0,fit,1240,fit,clean,optimum,6.321108253330487e-05,6.565020231813118e-05,5.618617133413853e-07,0.7528,0.0021156403275794833,50000,1.0385869010159916
34,27,30.0,fit,1239,fit,clean,optimum,6.05318929854567e-05,6.338750117027327e-05,5.550800379090453e-07,0.76132,0.0020901045316842823,50000,1.0471752665244198
71,5,1.4,fit,1238,fit,clean,optimum,9.789487155338187e-05,0.00010084954623093503,6.837395823488435e-07,0.62026,0.0025745606074081243,50000,1.0301821191515839
34,17,6.0,fit,1241,fit,clean,optimum,8.675626460706268e-05,8.85427890488064e-05,6.475860181123995e-07,0.6666,0.0024384275756172886,50000,1.020592454617949
34,29,40.0,fit,1239,fit,clean,optimum,6.057090483395352e-05,6.331314009968638e-05,5.540725514519737e-07,0.7616,0.0020863109310037963,50000,1.04527314348779
34,15,5.0,fit,1241,fit,clean,optimum,9.212333410844975e-05,9.422078793861887e-05,6.666029842347885e-07,0.64522,0.002510034270790507,50000,1.0227678888358507
34,19,8.0,fit,1241,fit,clean,optimum,7.96972411846238e-05,8.148911035313664e-05,6.221029078939424e-07,0.69316,0.002342473189742337,50000,1.0224834529009839
34,23,20.0,fit,1240,fit,clean,optimum,6.567625303281089e-05,6.821034774833662e-05,5.713410377504634e-07,0.74316,0.002151333880853986,50000,1.0385846420662843
71,1,0.6,fit,1239,fit,clean,optimum,0.0001389782341673509,0.00014286355111252223,7.859052580324534e-07,0.46206,0.0029592563758477197,50000,1.02795629810991
71,3,1.0,fit,1239,fit,clean,optimum,6.542668088577777e-05,6.911330360546305e-05,5.876110689084972e-07,0.73976,0.00221259723664345,50000,1.0563473902355127
34,25,26.0,fit,1241,fit,clean,optimum,6.321108253330487e-05,6.529433148032255e-05,5.630454886057066e-07,0.75414,0.0021200977280901806,50000,1.0329570205655005
34,21,10.0,fit,1241,fit,clean,optimum,7.589541030819719e-05,7.756921963219968e-05,6.066982743473759e-07,0.70792,0.002284468411718073,50000,1.0220541573885096
34,27,30.0,fit,1240,fit,clean,optimum,6.05318929854567e-05,6.298382678708736e-05,5.534117211227536e-07,0.76284,0.0020838226331522285,50000,1.0405064781671336
34,17,6.0,fit,1242,fit,clean,optimum,8.675626460706268e-05,8.79107199488179e-05,6.430698111155786e-07,0.66898,0.0024214221996977417,50000,1.0133068816065791
71,5,1.4,fit,1239,fit,clean,optimum,9.789487155338187e-05,0.0001002334116460723,6.848424908208024e-07,0.62258,0.002578713511201887,50000,1.0238882799025406
34,15,5.0,fit,1242,fit,clean,optimum,9.212333410844975e-05,9.37746215150976e-05,6.676597214661908e-07,0.6469,0.0025140133208829472,50000,1.017924746456787
34,29,40.0,fit,1240,fit,clean,optimum,6.057090483395352e-05,6.329189407951871e-05,5.550480614809622e-07,0.76168,0.002089984127287296,50000,1.0449223806879622
34,19,8.0,fit,1242,fit,clean,optimum,7.96972411846238e-05,8.111730500020225e-05,6.244931766435605e-07,0.69456,0.0023514735342049834,50000,1.017818230524301
34,23,20.0,fit,1241,fit,clean,optimum,6.567625303281089e-05,6.771106627439614e-05,5.711402591466348e-07,0.74504,0.002150577866872096,50000,1.0309824806931158
71,1,0.6,fit,1240,fit,clean,optimum,0.0001389782341673509,0.00014235895813353986,7.972362587782098e-07,0.46396,0.003001922251739124,50000,1.0243255642615092
34,25,26.0,fit,1242,fit,clean,optimum,6.321108253330487e-05,6.568738285342463e-05,5.648680853747898e-07,0.75266,0.0021269605541807094,50000,1.0391750974809684
71,3,1.0,fit,1240,fit,clean,optimum,6.542668088577777e-05,6.801913356682752e-05,5.844281853742985e-07,0.74388,0.0022006123716792696,50000,1.039623784149706
34,21,10.0,fit,1242,fit,clean,optimum,7.589541030819719e-05,7.761702317757695e-05,6.118436225990692e-07,0.70774,0.002303842763097144,50000,1.0226840182085928
34,17,6.0,fit,1243,fit,clean,optimum,8.675626460706268e-05,8.881898731098622e-05,6.477224357839585e-07,0.66556,0.00243894124423092,50000,1.0237760663540096
34,27,30.0,fit,1241,fit,clean,optimum,6.05318929854567e-05,6.289884270641664e-05,5.528556702555023e-07,0.76316,0.0020817288730489705,50000,1.0391025227234942
34,15,5.0,fit,1243,fit,clean,optimum,9.212333410844975e-05,9.445980566550527e-05,6.663000428191909e-07,0.64432,0.0025088935718239934,50000,1.0253624293960635
71,5,1.4,fit,1240,fit,clean,optimum,9.789487155338187e-05,9.853904153769985e-05,6.819706069391772e-07,0.62896,0.0025678996877791117,50000,1.0065802219676718
34,19,8.0,fit,1243,fit,clean,optimum,7.96972411846238e-05,8.172281657498111e-05,6.225477188876957e-07,0.69228,0.002344148085992054,50000,1.0254158783948986
34,29,40.0,fit,1241,fit,clean,optimum,6.057090483395352e-05,6.28882196963328e-05,5.529913267993032e-07,0.7632,0.002082239675703699,50000,1.0382578874912283
34,23,20.0,fit,1242,fit,clean,optimum,6.567625303281089e-05,6.798726453657599e-05,5.741060294936567e-07,0.744,0.002161745211433064,50000,1.035187931665507
71,1,0.6,fit,1241,fit,clean,optimum,0.0001389782341673509,0.00014186498816464127,7.828391999879834e-07,0.46582,0.0029477114068783908,50000,1.0207712669151796
34,25,26.0,fit,1243,fit,clean,optimum,6.321108253330487e-05,6.508718278368766e-05,5.605729031190416e-07,0.75492,0.002110787427272802,50000,1.0296799259749159
71,3,1.0,fit,1241,fit,clean,optimum,6.542668088577777e-05,6.953822400881663e-05,5.900480600476733e-07,0.73816,0.002221773510109982,50000,1.0628419945406802
34,17,6.0,fit,1244,fit,clean,optimum,8.675626460706268e-05,8.937138383534592e-05,6.467093598400513e-07,0.66348,0.002435126596834705,50000,1.0301432898261313
34,21,10.0,fit,1243,fit,clean,optimum,7.589541030819719e-05,7.802600906580479e-05,6.106168837814117e-07,0.7062,0.0022992235871461633,50000,1.0280728274470832
34,15,5.0,fit,1244,fit,clean,optimum,9.212333410844975e-05,9.48953490789427e-05,6.6490602463907e-07,0.64268,0.002503644520306132,50000,1.0300902588613399
34,27,30.0,fit,1242,fit,clean,optimum,6.05318929854567e-05,6.321222150388991e-05,5.540146261144364e-07,0.76198,0.0020860928182953264,50000,1.044279608421914
34,19,8.0,fit,1244,fit,clean,optimum,7.96972411846238e-05,8.228583610942463e-05,6.283219369484113e-07,0.69016,0.002365890390725435,50000,1.0324803579938755
71,5,1.4,fit,1241,fit,clean,optimum,9.789487155338187e-05,0.00010065833204942592,6.832405931757314e-07,0.62098,0.002572681708040906,50000,1.0282288586949841
34,29,40.0,fit,1242,fit,clean,optimum,6.057090483395352e-05,6.349373127111167e-05,5.55245195430415e-07,0.76092,0.002090726417647173,50000,1.0482546272863293
34,23,20.0,fit,1243,fit,clean,optimum,6.567625303281089e-05,6.739237597188096e-05,5.709213895023143e-07,0.74624,0.002149753732685672,50000,1.0261300372634339
34,25,26.0,fit,1244,fit,clean,optimum,6.321108253330487e-05,6.536338104586752e-05,5.640483613237988e-07,0.75388,0.0021238739561467383,50000,1.034049385429029
71,1,0.6,fit,1242,fit,clean,optimum,0.0001389782341673509,0.00014206682535623422,7.872684899871771e-07,0.46506,0.0029643895045709896,50000,1.02222356045454
71,3,1.0,fit,1242,fit,clean,optimum,6.542668088577777e-05,6.876805577773823e-05,5.849712699938681e-07,0.74106,0.0022026573085296855,50000,1.0510705242375638
34,17,6.0,fit,1245,fit,clean,optimum,8.675626460706268e-05,8.833564035217153e-05,6.498038557328609e-07,0.66738,0.002446778645993604,50000,1.0182047458159036
34,15,5.0,fit,1245,fit,clean,optimum,9.212333410844975e-05,9.435357556466689e-05,6.674518110746516e-07,0.64472,0.002513230452788506,50000,1.0242093002581913
34,21,10.0,fit,1244,fit,clean,optimum,7.589541030819719e-05,7.841374893386495e-05,6.130578774696986e-07,0.70474,0.0023084149318555133,50000,1.0331816985433147
34,19,8.0,fit,1245,fit,clean,optimum,7.96972411846238e-05,8.117573155566337e-05,6.205869493098088e-07,0.69434,0.002336764982474645,50000,1.0185513368977799
34,27,30.0,fit,1243,fit,clean,optimum,6.05318929854567e-05,6.276074357532671e-05,5.51028809602334e-07,0.76368,0.0020748499916820127,50000,1.0368210951275803
71,5,1.4,fit,1242,fit,clean,optimum,9.789487155338187e-05,9.975006468725761e-05,6.844531007462323e-07,0.6244,0.0025772472974959905,50000,1.0189508715261362
34,29,40.0,fit,1243,fit,clean,optimum,6.057090483395352e-05,6.268638250473984e-05,5.506389401176012e-07,0.76396,0.0020733819727997717,50000,1.0349256408928609
34,23,20.0,fit,1244,fit,clean,optimum,6.567625303281089e-05,6.776949282985727e-05,5.735164259304257e-07,0.74482,0.002159525111636198,50000,1.031872095321891
34,25,26.0,fit,1245,fit,clean,optimum,6.321108253330487e-05,6.541118459124478e-05,5.602078916554836e-07,0.7537,0.0021094130090592174,50000,1.0348056380268558
71,1,0.6,fit,1243,fit,clean,optimum,0.0001389782341673509,0.00014321411044528897,7.92553804816463e-07,0.46074,0.0029842908876538355,50000,1.030478702678273
71,3,1.0,fit,1243,fit,clean,optimum,6.542668088577777e-05,6.882117082815744e-05,5.87266373549572e-07,0.74086,0.002211299316915596,50000,1.05188234977571
34,17,6.0,fit,1246,fit,clean,optimum,8.675626460706268e-05,8.931295727988481e-05,6.473021206993671e-07,0.6637,0.0024373585851492695,50000,1.0294698334973496
34,15,5.0,fit,1246,fit,clean,optimum,9.212333410844975e-05,9.439075609996031e-05,6.673112275756977e-07,0.64458,0.002512701098122194,50000,1.0246128954564464
34,21,10.0,fit,1245,fit,clean,optimum,7.589541030819719e-05,7.765951521791232e-05,6.096254222768496e-07,0.70758,0.002295490326999605,50000,1.0232438944931113
34,19,8.0,fit,1246,fit,clean,optimum,7.96972411846238e-05,8.258859189681409e-05,6.234935469864235e-07,0.68902,0.0023477095176061185,50000,1.0362791819291748
71,5,1.4,fit,1243,fit,clean,optimum,9.789487155338187e-05,0.00010029183820153343,6.857975899059148e-07,0.62236,0.0025823098518909173,50000,1.0244851094865015
34,27,30.0,fit,1244,fit,clean,optimum,6.05318929854567e-05,6.31537949484288e-05,5.555937819905607e-07,0.7622,0.002092038989347264,50000,1.043314389054412
34,29,40.0,fit,1244,fit,clean,optimum,6.057090483395352e-05,6.308474538288383e-05,5.555356085465492e-07,0.76246,0.002091819942415924,50000,1.041502443389638
34,25,26.0,fit,1246,fit,clean,optimum,6.321108253330487e-05,6.652660065004799e-05,5.649552749125311e-07,0.7495,0.002127288858633226,50000,1.0524515319761567
34,23,20.0,fit,1245,fit,clean,optimum,6.567625303281089e-05,6.747204854750974e-05,5.695703935640955e-07,0.74594,0.0021446666775946713,50000,1.0273431481208544
71,1,0.6,fit,1244,fit,clean,optimum,0.0001389782341673509,0.00014231115458816256,7.855499107660386e-07,0.46414,0.0029579183473092533,50000,1.0239816000021869
71,3,1.0,fit,1244,fit,clean,optimum,6.542668088577777e-05,6.851310353572608e-05,5.855881744541627e-07,0.74202,0.002204980207427176,50000,1.0471737616544634
34,15,5.0,fit,1247,fit,clean,optimum,9.212333410844975e-05,9.431108352433152e-05,6.65827759773789e-07,0.64488,0.0025071152320062786,50000,1.0237480486030424
34,17,6.0,fit,1247,fit,clean,optimum,8.675626460706268e-05,8.884023333115393e-05,6.481031179747477e-07,0.66548,0.0024403746691746405,50000,1.0240209595644763
34,19,8.0,fit,1247,fit,clean,optimum,7.96972411846238e-05,8.188216172623872e-05,6.267696878870874e-07,0.69168,0.0023600455348923967,50000,1.0274152594134771
34,21,10.0,fit,1246,fit,clean,optimum,7.589541030819719e-05,7.89555224481408e-05,6.106975119565501e-07,0.7027,0.002299527185371156,50000,1.0403201211709254
71,5,1.4,fit,1244,fit,clean,optimum,9.789487155338187e-05,9.996252488893439e-05,6.869021147625033e-07,0.6236,0.002586468842037293,50000,1.0211211609223578
34,27,30.0,fit,1245,fit,clean,optimum,6.05318929854567e-05,6.270762852490752e-05,5.511056276213337e-07,0.76388,0.002075139243102819,50000,1.0359436229753058
34,29,40.0,fit,1245,fit,clean,optimum,6.057090483395352e-05,6.2808547120704e-05,5.503740178705458e-07,0.7635,0.002072384431632195,50000,1.0369425269918728
34,25,26.0,fit,1247,fit,clean,optimum,6.321108253330487e-05,6.481629602654977e-05,5.592720931523067e-07,0.75594,0.0021058893429954885,50000,1.025394494587229
34,23,20.0,fit,1246,fit,clean,optimum,6.567625303281089e-05,6.876274427269633e-05,5.714355941281251e-07,0.74108,0.0021516899244872515,50000,1.0469955440110672
71,1,0.6,fit,1245,fit,clean,optimum,0.0001389782341673509,0.00014189685719489278,7.773263721640977e-07,0.4657,0.002926953343842107,50000,1.0210005764213943
34,15,5.0,fit,1248,fit,clean,optimum,9.212333410844975e-05,9.354091529325311e-05,6.646943000197621e-07,0.64778,0.0025028472900761427,50000,1.0153878623534678
34,17,6.0,fit,1248,fit,clean,optimum,8.675626460706268e-05,8.822409874629121e-05,6.449491297130756e-07,0.6678,0.002428498606790138,50000,1.016919056460956
71,3,1.0,fit,1245,fit,clean,optimum,6.542668088577777e-05,6.930982929201407e-05,5.897240838521291e-07,0.73902,0.00222055360654974,50000,1.0593511447266526
34,19,8.0,fit,1248,fit,clean,optimum,7.96972411846238e-05,8.093671382877697e-05,6.22955064163175e-07,0.69524,0.0023456819084106133,50000,1.0155522653699123
71,5,1.4,fit,1245,fit,clean,optimum,9.789487155338187e-05,0.00010005282047464703,6.814041764736428e-07,0.62326,0.002565766844221348,50000,1.022043533915752
34,21,10.0,fit,1247,fit,clean,optimum,7.589541030819719e-05,7.793571348009218e-05,6.108903000884561e-07,0.70654,0.0023002531119414387,50000,1.026883090342482
34,27,30.0,fit,1246,fit,clean,optimum,6.05318929854567e-05,6.402488177530366e-05,5.548908418043587e-07,0.75892,0.002089392130573134,50000,1.0577049323517138
34,29,40.0,fit,1246,fit,clean,optimum,6.057090483395352e-05,6.403550478538751e-05,5.554654109862027e-07,0.75888,0.0020915556197435648,50000,1.0571990786819463
34,25,26.0,fit,1248,fit,clean,optimum,6.321108253330487e-05,6.519341288452609e-05,5.619573162206923e-07,0.75452,0.002116000311721652,50000,1.0313604873034212
34,23,20.0,fit,1247,fit,clean,optimum,6.567625303281089e-05,6.722771931558145e-05,5.686308809788262e-07,0.74686,0.002141129026485035,50000,1.0236229414914317
34,15,5.0,fit,1249,fit,clean,optimum,9.212333410844975e-05,9.367370291930113e-05,6.6347055313327e-07,0.64728,0.002498239379975959,50000,1.0168292737758085
71,1,0.6,fit,1246,fit,clean,optimum,0.0001389782341673509,0.00014231646609320448,7.922941640031013e-07,0.46412,0.0029833132332552706,50000,1.0240198182532225
34,17,6.0,fit,1249,fit,clean,optimum,8.675626460706268e-05,8.819754122108158e-05,6.465255762579841e-07,0.6679,0.0024344345760962637,50000,1.0166129399478727
34,19,8.0,fit,1249,fit,clean,optimum,7.96972411846238e-05,8.121291209095679e-05,6.232137160317994e-07,0.6942,0.0023466558390256953,50000,1.0190178591354477
71,3,1.0,fit,1246,fit,clean,optimum,6.542668088577777e-05,7.00587515029248e-05,5.889322045512455e-07,0.7362,0.002217571855446676,50000,1.0707978848145105
71,5,1.4,fit,1246,fit,clean,optimum,9.789487155338187e-05,0.00010060521699900673,6.879032666624307e-07,0.62118,0.0025902385905060455,50000,1.0276862863459288
34,21,10.0,fit,1248,fit,clean,optimum,7.589541030819719e-05,7.725584083472641e-05,6.071531645165491e-07,0.7091,0.0022861812602067142,50000,1.0179250697901858
34,27,30.0,fit,1247,fit,clean,optimum,6.05318929854567e-05,6.268638250473984e-05,5.521980394266619e-07,0.76396,0.002079252622631621,50000,1.0355926341143962
34,29,40.0,fit,1247,fit,clean,optimum,6.057090483395352e-05,6.259077541398528e-05,5.51322661742602e-07,0.76432,0.0020759564657903823,50000,1.0333472082936346
34,25,26.0,fit,1249,fit,clean,optimum,6.321108253330487e-05,6.49384606425139e-05,5.603685046177743e-07,0.75548,0.0021100177828889443,50000,1.027327140115009
34,15,5.0,fit,1250,fit,clean,optimum,9.212333410844975e-05,9.374275248484607e-05,6.670151643458441e-07,0.64702,0.0025115862983525732,50000,1.0175788077154253
34,23,20.0,fit,1248,fit,clean,optimum,6.567625303281089e-05,6.788103443573761e-05,5.707667265882554e-07,0.7444,0.0021491713632335553,50000,1.03357045052228
34,17,6.0,fit,1250,fit,clean,optimum,8.675626460706268e-05,8.798508101940481e-05,6.441961708964704e-07,0.6687,0.002425663407310282,50000,1.014164007843211
71,1,0.6,fit,1247,fit,clean,optimum,0.0001389782341673509,0.0001428582396074803,8.044208135217312e-07,0.46208,0.0030289750538613804,50000,1.027918079858874
34,19,8.0,fit,1250,fit,clean,optimum,7.96972411846238e-05,8.159002894893313e-05,6.241864417402043e-07,0.69278,0.002350318551197586,50000,1.0237497275460836
71,3,1.0,fit,1247,fit,clean,optimum,6.542668088577777e-05,6.902831952479233e-05,5.857606033807395e-07,0.74008,0.0022056294732198884,50000,1.0550484693744793
71,5,1.4,fit,1247,fit,clean,optimum,9.789487155338187e-05,0.0001004140028174976,6.772101124219292e-07,0.6219,0.002549974468920514,50000,1.0257330258893291
34,21,10.0,fit,1249,fit,clean,optimum,7.589541030819719e-05,7.740987448094206e-05,6.058340748669234e-07,0.70852,0.002281214345408686,50000,1.0199546213215651
34,27,30.0,fit,1248,fit,clean,optimum,6.05318929854567e-05,6.281917013078783e-05,5.529104490169705e-07,0.76346,0.0020819351376050086,50000,1.0377863144950823
34,25,26.0,fit,1250,fit,clean,optimum,6.321108253330487e-05,6.557584124754433e-05,5.645281901487805e-07,0.75308,0.0021256807089265802,50000,1.0374105080860387
34,29,40.0,fit,1248,fit,clean,optimum,6.057090483395352e-05,6.271825153499137e-05,5.52732212318282e-07,0.76384,0.002081264003162767,50000,1.0354517850926033
34,15,5.0,fit,1251,fit,clean,optimum,9.212333410844975e-05,9.463508533188863e-05,6.670223945684031e-07,0.64366,0.0025116135231127946,50000,1.0272650924735527
34,17,6.0,fit,1251,fit,clean,optimum,8.675626460706268e-05,8.87340032303155e-05,6.546543072689695e-07,0.66588,0.0024650425900088215,50000,1.0227964935121447
34,23,20.0,fit,1249,fit,clean,optimum,6.567625303281089e-05,6.732863791137791e-05,5.690276554250864e-07,0.74648,0.0021426230453860007,50000,1.0251595485774976
34,19,8.0,fit,1251,fit,clean,optimum,7.96972411846238e-05,8.128727316154369e-05,6.261857545889079e-07,0.69392,0.0023578467859744503,50000,1.0199509036107846
71,1,0.6,fit,1248,fit,clean,optimum,0.0001389782341673509,0.00014211994040665341,7.982393033189355e-07,0.46486,0.0030056991267785314,50000,1.0226057429648978
71,3,1.0,fit,1248,fit,clean,optimum,6.542668088577777e-05,6.845467698026496e-05,5.847711645270825e-07,0.74224,0.0022019038291854836,50000,1.0462807535625027
71,5,1.4,fit,1248,fit,clean,optimum,9.789487155338187e-05,0.00010024403465615616,6.906750032207543e-07,0.62254,0.002600675318086828,50000,1.0239967943723518
34,21,10.0,fit,1250,fit,clean,optimum,7.589541030819719e-05,7.777105682379263e-05,6.088673445816303e-07,0.70716,0.0022926358528374373,50000,1.0247135697399723
34,27,30.0,fit,1249,fit,clean,optimum,6.05318929854567e-05,6.274480906020096e-05,5.529761979530808e-07,0.76374,0.0020821827093783244,50000,1.0365578534818982
34,25,26.0,fit,1251,fit,clean,optimum,6.321108253330487e-05,6.49119031173043e-05,5.588797230289373e-07,0.75558,0.0021044119081807884,50000,1.026906999782883
34,29,40.0,fit,1249,fit,clean,optimum,6.057090483395352e-05,6.280323561566209e-05,5.529769849100583e-07,0.76352,0.0020821856725948564,50000,1.0368548362919157
34,15,5.0,fit,1252,fit,clean,optimum,9.212333410844975e-05,9.44173136251699e-05,6.716091344936975e-07,0.64448,0.002528884484503566,50000,1.0249011777409145
34,17,6.0,fit,1252,fit,clean,optimum,8.675626460706268e-05,8.920672717904639e-05,6.525703919289781e-07,0.6641,0.002457195792072852,50000,1.028245367445018
34,19,8.0,fit,1252,fit,clean,optimum,7.96972411846238e-05,8.208399891783168e-05,6.238161274612821e-07,0.69092,0.0023489241657042104,50000,1.0299478087036764
34,23,20.0,fit,1250,fit,clean,optimum,6.567625303281089e-05,6.788103443573761e-05,5.717998069914749e-07,0.7444,0.0021530613356427544,50000,1.03357045052228
71,1,0.6,fit,1249,fit,clean,optimum,0.0001389782341673509,0.00014244394221421053,8.014336249055233e-07,0.46364,0.0030177270607120482,50000,1.0249370562780817
71,3,1.0,fit,1249,fit,clean,optimum,6.542668088577777e-05,6.840156192984577e-05,5.85258367573525e-07,0.74244,0.0022037383489406093,50000,1.045468928024357
34,25,26.0,fit,1252,fit,clean,optimum,6.321108253330487e-05,6.584141649964033e-05,5.648373964164643e-07,0.75208,0.0021268449976366293,50000,1.0416119114073008
71,5,1.4,fit,1249,fit,clean,optimum,9.789487155338187e-05,9.973944167717376e-05,6.906040152133084e-07,0.62444,0.002600408019056193,50000,1.018842357056325
34,21,10.0,fit,1251,fit,clean,optimum,7.589541030819719e-05,7.76010886624512e-05,6.103607710839681e-07,0.7078,0.00229825921755441,50000,1.0224740646018986
34,27,30.0,fit,1250,fit,clean,optimum,6.05318929854567e-05,6.284572765599743e-05,5.536956711208153e-07,0.76336,0.0020848918216245004,50000,1.0382250505712194
34,29,40.0,fit,1250,fit,clean,optimum,6.057090483395352e-05,6.327064805935104e-05,5.557823405566944e-07,0.76176,0.0020927489898636734,50000,1.0445716178881341
34,15,5.0,fit,1253,fit,clean,optimum,9.212333410844975e-05,9.396583569660672e-05,6.642151807036902e-07,0.64618,0.00250104320888902,50000,1.0200003789049572
34,17,6.0,fit,1253,fit,clean,optimum,8.675626460706268e-05,8.830377132192e-05,6.466541547178674e-07,0.6675,0.0024349187268552994,50000,1.0178374060002042
34,19,8.0,fit,1253,fit,clean,optimum,7.96972411846238e-05,8.136163423213054e-05,6.183863141868759e-07,0.69364,0.002328478686573333,50000,1.020883948086121
34,23,20.0,fit,1251,fit,clean,optimum,6.567625303281089e-05,6.752516359792897e-05,5.688689234949097e-07,0.74574,0.0021420253544154606,50000,1.0281518886924685
71,1,0.6,fit,1250,fit,clean,optimum,0.0001389782341673509,0.00014289542014277374,7.883396801109048e-07,0.46194,0.0029684229757445026,50000,1.0281856076161247
71,3,1.0,fit,1250,fit,clean,optimum,6.542668088577777e-05,6.891677791891199e-05,5.881656855845103e-07,0.7405,0.0022146855964271118,50000,1.0533436357443724
34,25,26.0,fit,1253,fit,clean,optimum,6.321108253330487e-05,6.538462706603519e-05,5.62600138887656e-07,0.7538,0.002118420803322019,50000,1.0343854976947295
71,5,1.4,fit,1250,fit,clean,optimum,9.789487155338187e-05,0.00010020685412086271,6.791271666292645e-07,0.62268,0.0025571929660967584,50000,1.0236169937280128
34,21,10.0,fit,1252,fit,clean,optimum,7.589541030819719e-05,7.82968958229427e-05,6.117077391391984e-07,0.70518,0.0023033311060101287,50000,1.0316420387608887
34,27,30.0,fit,1251,fit,clean,optimum,6.05318929854567e-05,6.261733293919488e-05,5.504622309458545e-07,0.76422,0.0020727165901244207,50000,1.0344519203164393
34,29,40.0,fit,1251,fit,clean,optimum,6.057090483395352e-05,6.269169400978177e-05,5.507062756628371e-07,0.76394,0.002073635518808688,50000,1.0350133315928183
34,15,5.0,fit,1254,fit,clean,optimum,9.212333410844975e-05,9.400301623190017e-05,6.672416298672454e-07,0.64604,0.002512439034138811,50000,1.0204039741032127
34,17,6.0,fit,1254,fit,clean,optimum,8.675626460706268e-05,8.785760489839871e-05,6.438470105546123e-07,0.66918,0.002424348675086167,50000,1.0126946485804136
34,19,8.0,fit,1254,fit,clean,optimum,7.96972411846238e-05,8.12713386464179e-05,6.195733534918685e-07,0.69398,0.002332948377538979,50000,1.0197509655089265
34,23,20.0,fit,1252,fit,clean,optimum,6.567625303281089e-05,6.807224861724671e-05,5.733946570428298e-07,0.74368,0.002159066601716185,50000,1.036481916580089
71,1,0.6,fit,1251,fit,clean,optimum,0.0001389782341673509,0.00014353280074780414,8.031704139114303e-07,0.45954,0.003024266785299335,50000,1.0327717977404207
34,25,26.0,fit,1254,fit,clean,optimum,6.321108253330487e-05,6.535275803578367e-05,5.621535541900797e-07,0.75392,0.0021167392283482525,50000,1.0338813292961782
71,3,1.0,fit,1251,fit,clean,optimum,6.542668088577777e-05,6.89698929693312e-05,5.834192756189862e-07,0.7403,0.0021968134116958013,50000,1.0541554612825186
71,5,1.4,fit,1251,fit,clean,optimum,9.789487155338187e-05,0.00010072207010992897,6.818373203501533e-07,0.62074,0.0025673978089783877,50000,1.0288799455138509
34,21,10.0,fit,1253,fit,clean,optimum,7.589541030819719e-05,7.76276461876608e-05,6.081620625665893e-07,0.7077,0.0022899801761150215,50000,1.0228239872797225
34,27,30.0,fit,1252,fit,clean,optimum,6.05318929854567e-05,6.305287635263231e-05,5.54896437262978e-07,0.76258,0.002089413199775084,50000,1.0416471919650903
34,15,5.0,fit,1255,fit,clean,optimum,9.212333410844975e-05,9.404550827223551e-05,6.630116108779337e-07,0.64588,0.002496511273717133,50000,1.0208652257583615
34,29,40.0,fit,1252,fit,clean,optimum,6.057090483395352e-05,6.332376310977023e-05,5.556448714550316e-07,0.76156,0.0020922313621834663,50000,1.0454485248877043
34,17,6.0,fit,1255,fit,clean,optimum,8.675626460706268e-05,8.844718195805183e-05,6.482322988229013e-07,0.66696,0.0024408610881731505,50000,1.019490435170851
34,19,8.0,fit,1255,fit,clean,optimum,7.96972411846238e-05,8.145724132288511e-05,6.222252736311352e-07,0.69328,0.0023429339470464423,50000,1.022083576697268
34,23,20.0,fit,1253,fit,clean,optimum,6.567625303281089e-05,6.782260788027649e-05,5.721383695211557e-07,0.74462,0.002154336162747346,50000,1.032680835893505
71,1,0.6,fit,1252,fit,clean,optimum,0.0001389782341673509,0.00014348499720242687,7.970256531459716e-07,0.45972,0.0030011292349554587,50000,1.0324278334810986
34,25,26.0,fit,1255,fit,clean,optimum,6.321108253330487e-05,6.563957930804737e-05,5.640797966115308e-07,0.75284,0.002123992322927844,50000,1.0384188448831415
71,3,1.0,fit,1252,fit,clean,optimum,6.542668088577777e-05,6.915048414075646e-05,5.926618358027272e-07,0.73962,0.0022316154503300334,50000,1.0569156681122145
71,5,1.4,fit,1252,fit,clean,optimum,9.789487155338187e-05,0.0001006264630191744,6.865263688918328e-07,0.6211,0.002585054004368101,50000,1.027903315285551
34,21,10.0,fit,1254,fit,clean,optimum,7.589541030819719e-05,7.773918779354112e-05,6.043599648882225e-07,0.70728,0.002275663715344074,50000,1.0242936625265835
34,15,5.0,fit,1256,fit,clean,optimum,9.212333410844975e-05,9.481567650331392e-05,6.605323294418872e-07,0.64298,0.0024871757598976816,50000,1.0292254120079358
34,27,30.0,fit,1253,fit,clean,optimum,6.05318929854567e-05,6.255359487869183e-05,5.527176376947056e-07,0.76446,0.002081209123713491,50000,1.0333989537337098
34,29,40.0,fit,1253,fit,clean,optimum,6.057090483395352e-05,6.263857895936254e-05,5.528501174473054e-07,0.76414,0.0020817079644433944,50000,1.0341364245932474
34,17,6.0,fit,1256,fit,clean,optimum,8.675626460706268e-05,8.983348477399295e-05,6.466755434096228e-07,0.66174,0.002434999264072478,50000,1.0354697171537715
34,19,8.0,fit,1256,fit,clean,optimum,7.96972411846238e-05,8.287541316907776e-05,6.258794382566404e-07,0.68794,0.0023566933790592727,50000,1.0398780677626158
34,23,20.0,fit,1254,fit,clean,optimum,6.567625303281089e-05,6.76473282138931e-05,5.701559406775619e-07,0.74528,0.0021468715031905993,50000,1.0300119920071793
71,1,0.6,fit,1253,fit,clean,optimum,0.0001389782341673509,0.00014234302361841407,7.972248880943327e-07,0.46402,0.0030018794364399296,50000,1.0242109095084015
34,25,26.0,fit,1256,fit,clean,optimum,6.321108253330487e-05,6.683997944752129e-05,5.668982807223117e-07,0.74832,0.0021346050742611727,50000,1.057409187895246
71,3,1.0,fit,1253,fit,clean,optimum,6.542668088577777e-05,6.875212126261248e-05,5.869056935981629e-07,0.74112,0.002209941208625902,50000,1.0508269765761202
71,5,1.4,fit,1253,fit,clean,optimum,9.789487155338187e-05,9.957478502087425e-05,6.840461363000731e-07,0.62506,0.0025757149090563773,50000,1.0171603827742532
34,21,10.0,fit,1255,fit,clean,optimum,7.589541030819719e-05,7.762233468261887e-05,6.09446152746845e-07,0.70772,0.0022948153035228704,50000,1.0227540027441575
34,15,5.0,fit,1257,fit,clean,optimum,9.212333410844975e-05,9.413580385794816e-05,6.661632210325436e-07,0.64554,0.0025083783815509257,50000,1.021845385525553
34,27,30.0,fit,1254,fit,clean,optimum,6.05318929854567e-05,6.293602324171007e-05,5.544044479367702e-07,0.76302,0.0020875606577090413,50000,1.0397167532300862
34,17,6.0,fit,1257,fit,clean,optimum,8.675626460706268e-05,8.899426697736958e-05,6.445698513565575e-07,0.6649,0.002427070467859553,50000,1.025796435340356
34,19,8.0,fit,1257,fit,clean,optimum,7.96972411846238e-05,8.177593162540031e-05,6.20665425187892e-07,0.69208,0.002337060476416433,50000,1.026082338734425
34,29,40.0,fit,1254,fit,clean,optimum,6.057090483395352e-05,6.305287635263231e-05,5.532246249647755e-07,0.76258,0.0020831181392037094,50000,1.0409762991898959
34,23,20.0,fit,1255,fit,clean,optimum,6.567625303281089e-05,6.778542734498304e-05,5.698343377465148e-07,0.74476,0.0021456605359468184,50000,1.0321147174933751
34,25,26.0,fit,1257,fit,clean,optimum,6.321108253330487e-05,6.569800586350848e-05,5.638475603389848e-07,0.75262,0.002123117857891237,50000,1.0393431536138191
71,1,0.6,fit,1254,fit,clean,optimum,0.0001389782341673509,0.00014147193679153917,7.89068901834365e-07,0.4673,0.002971168795310539,50000,1.0179431163385302
71,3,1.0,fit,1254,fit,clean,optimum,6.542668088577777e-05,6.906550006008575e-05,5.83740636337023e-07,0.73994,0.0021980234669080265,50000,1.055616747251181
71,5,1.4,fit,1254,fit,clean,optimum,9.789487155338187e-05,0.00010064770903934208,6.876895329041888e-07,0.62102,0.0025894337950420287,50000,1.0281203442251732
34,15,5.0,fit,1258,fit,clean,optimum,9.212333410844975e-05,9.312661789998335e-05,6.658852910909936e-07,0.64934,0.0025073318610662177,50000,1.0108906587157658
34,21,10.0,fit,1256,fit,clean,optimum,7.589541030819719e-05,7.89289649229312e-05,6.104440068099988e-07,0.7028,0.002298572634280456,50000,1.0399701984931013
34,17,6.0,fit,1258,fit,clean,optimum,8.675626460706268e-05,8.837813239250687e-05,6.473017720016894e-07,0.66722,0.002437357272159166,50000,1.0186945322368357
34,19,8.0,fit,1258,fit,clean,optimum,7.96972411846238e-05,8.16378324943104e-05,6.223427893194806e-07,0.6926,0.0023433764419228207,50000,1.024349541851657
34,27,30.0,fit,1255,fit,clean,optimum,6.05318929854567e-05,6.318566397868032e-05,5.542583431257196e-07,0.76208,0.0020870105130329185,50000,1.0438408723457766
34,29,40.0,fit,1255,fit,clean,optimum,6.057090483395352e-05,6.323877902909952e-05,5.531168675529318e-07,0.76188,0.0020827123882499092,50000,1.0440454736883922
34,23,20.0,fit,1256,fit,clean,optimum,6.567625303281089e-05,6.89964504945408e-05,5.764137291621686e-07,0.7402,0.0021704346493618574,50000,1.050554002526167
34,25,26.0,fit,1258,fit,clean,optimum,6.321108253330487e-05,6.531557750049025e-05,5.606935698774346e-07,0.75406,0.0021112417872232894,50000,1.0332931328312018
71,1,0.6,fit,1255,fit,clean,optimum,0.0001389782341673509,0.00014374526094948096,7.975193807684202e-07,0.45874,0.0030029883224214483,50000,1.0343005277818529
71,3,1.0,fit,1255,fit,clean,optimum,6.542668088577777e-05,6.88636628684928e-05,5.849829332573036e-07,0.7407,0.0022027012255111944,50000,1.0525318102062267
34,15,5.0,fit,1259,fit,clean,optimum,9.212333410844975e-05,9.357809582854656e-05,6.599005440654125e-07,0.64764,0.002484796828233348,50000,1.0157914575517233
71,5,1.4,fit,1255,fit,clean,optimum,9.789487155338187e-05,0.00010046180636287487,6.869804664641499e-07,0.62172,0.0025867638684037497,50000,1.026221341003479
34,17,6.0,fit,1259,fit,clean,optimum,8.675626460706268e-05,8.895708644207616e-05,6.498905604635071e-07,0.66504,0.002447105124948107,50000,1.0253678722220403
34,19,8.0,fit,1259,fit,clean,optimum,7.96972411846238e-05,8.205212988758016e-05,6.22016448808486e-07,0.69104,0.0023421476357429567,50000,1.0295479324999608
34,21,10.0,fit,1257,fit,clean,optimum,7.589541030819719e-05,7.805256659101441e-05,6.116622564914192e-07,0.7061,0.0023031598451436876,50000,1.0284227501249077
34,27,30.0,fit,1256,fit,clean,optimum,6.05318929854567e-05,6.441262164336383e-05,5.579919794226893e-07,0.75746,0.00210106918855898,50000,1.064110479063318
34,29,40.0,fit,1256,fit,clean,optimum,6.057090483395352e-05,6.442855615848961e-05,5.582045798233829e-07,0.7574,0.002101869716465913,50000,1.0636881904787667
34,25,26.0,fit,1259,fit,clean,optimum,6.321108253330487e-05,6.601138466098175e-05,5.655527429110953e-07,0.75144,0.002129538571262128,50000,1.0443008095329083
34,23,20.0,fit,1257,fit,clean,optimum,6.567625303281089e-05,6.83059548390912e-05,5.725658049982384e-07,0.7428,0.0021559456330338626,50000,1.0400403750951892
71,1,0.6,fit,1256,fit,clean,optimum,0.0001389782341673509,0.0001422739740528691,7.842387832123209e-07,0.46428,0.0029529814130754726,50000,1.023714072244936
34,15,5.0,fit,1260,fit,clean,optimum,9.212333410844975e-05,9.423141094870272e-05,6.63282393304502e-07,0.64518,0.0024975308808696493,50000,1.022883201749638
71,3,1.0,fit,1256,fit,clean,optimum,6.542668088577777e-05,7.090328080459008e-05,5.874052183865263e-07,0.73302,0.002211822124804729,50000,1.0837059108710312
34,17,6.0,fit,1260,fit,clean,optimum,8.675626460706268e-05,8.903144751266303e-05,6.476806782935717e-07,0.66476,0.002438784010113444,50000,1.0262249984586718
34,19,8.0,fit,1260,fit,clean,optimum,7.96972411846238e-05,8.190871925144832e-05,6.236416192346079e-07,0.69158,0.0023482670704918483,50000,1.0277484895832403
71,5,1.4,fit,1256,fit,clean,optimum,9.789487155338187e-05,0.00010153473038134272,6.809195923158403e-07,0.61768,0.0025639421856585563,50000,1.0371813024543992
34,21,10.0,fit,1258,fit,clean,optimum,7.589541030819719e-05,7.825971528764929e-05,6.082663875292045e-07,0.70532,0.002290373002486424,50000,1.0311521470119351
34,27,30.0,fit,1257,fit,clean,optimum,6.05318929854567e-05,6.359996137195009e-05,5.529534329648778e-07,0.76052,0.0020820969898392356,50000,1.0506851551335181
34,29,40.0,fit,1257,fit,clean,optimum,6.057090483395352e-05,6.354684632153089e-05,5.534082166357618e-07,0.76072,0.002083809437318038,50000,1.0491315342858998
34,25,26.0,fit,1260,fit,clean,optimum,6.321108253330487e-05,6.581485897443073e-05,5.646466528669455e-07,0.75218,0.002126126769759546,50000,1.0411917710751746
34,23,20.0,fit,1258,fit,clean,optimum,6.567625303281089e-05,6.773762379960574e-05,5.69994009836246e-07,0.74494,0.0021462617670045736,50000,1.0313868509789226
71,1,0.6,fit,1257,fit,clean,optimum,0.0001389782341673509,0.0001423748926486656,7.918007024905549e-07,0.4639,0.0029814551478024587,50000,1.0244402190146165
34,15,5.0,fit,1261,fit,clean,optimum,9.212333410844975e-05,9.433764104954112e-05,6.667837024686036e-07,0.64478,0.0025107147492326393,50000,1.0240363308875102
34,17,6.0,fit,1261,fit,clean,optimum,8.675626460706268e-05,8.929702276475903e-05,6.51118786717977e-07,0.66376,0.00245172990171016,50000,1.0292861635894994
34,19,8.0,fit,1261,fit,clean,optimum,7.96972411846238e-05,8.214773697833472e-05,6.250520061330591e-07,0.69068,0.0023535777569632715,50000,1.0307475611111077
71,3,1.0,fit,1257,fit,clean,optimum,6.542668088577777e-05,6.974006120040959e-05,5.878814698635164e-07,0.7374,0.002213615407398764,50000,1.0659269315856346
71,5,1.4,fit,1257,fit,clean,optimum,9.789487155338187e-05,0.00010112043298807295,6.859342252634976e-07,0.61924,0.0025828243401819174,50000,1.0329492381317666
34,21,10.0,fit,1259,fit,clean,optimum,7.589541030819719e-05,7.846686398428414e-05,6.100969371215233e-07,0.70454,0.002297265774225777,50000,1.0338815438989626
34,27,30.0,fit,1258,fit,clean,optimum,6.05318929854567e-05,6.294664625179392e-05,5.531374999557309e-07,0.76298,0.0020827900777282632,50000,1.0398922476605412
34,29,40.0,fit,1258,fit,clean,optimum,6.057090483395352e-05,6.296258076691966e-05,5.533790474006554e-07,0.76292,0.0020836996031566232,50000,1.039485557290626
34,25,26.0,fit,1261,fit,clean,optimum,6.321108253330487e-05,6.541118459124478e-05,5.597183798171325e-07,0.7537,0.0021075697957534303,50000,1.0348056380268558
34,23,20.0,fit,1259,fit,clean,optimum,6.567625303281089e-05,6.835906988951039e-05,5.757885460563118e-07,0.7426,0.0021680805779605403,50000,1.0408491156668027
34,15,5.0,fit,1262,fit,clean,optimum,9.212333410844975e-05,9.419423041340927e-05,6.631692830865071e-07,0.64532,0.0024971049744001938,50000,1.0224796065513826
34,17,6.0,fit,1262,fit,clean,optimum,8.675626460706268e-05,8.850029700847104e-05,6.442108118203186e-07,0.66676,0.002425718536407337,50000,1.0201026681970167
71,1,0.6,fit,1258,fit,clean,optimum,0.0001389782341673509,0.00014236958114362367,7.932144789439e-07,0.46392,0.0029867785973414773,50000,1.0244020007635806
34,19,8.0,fit,1262,fit,clean,optimum,7.96972411846238e-05,8.221678654387967e-05,6.200642688499721e-07,0.69042,0.00233479687567361,50000,1.0316139595524916
71,3,1.0,fit,1258,fit,clean,optimum,6.542668088577777e-05,6.891677791891199e-05,5.88375001608311e-07,0.7405,0.002215473757304862,50000,1.0533436357443724
71,5,1.4,fit,1258,fit,clean,optimum,9.789487155338187e-05,0.00010044056034270719,6.91801051507078e-07,0.6218,0.002604915352794266,50000,1.026004312063857
34,21,10.0,fit,1260,fit,clean,optimum,7.589541030819719e-05,7.817473120697854e-05,6.103350422377306e-07,0.70564,0.002298162337871403,50000,1.0300323944428977
34,27,30.0,fit,1259,fit,clean,optimum,6.05318929854567e-05,6.37646180282496e-05,5.56508973177086e-07,0.7599,0.002095485060392297,50000,1.053405318805569
34,29,40.0,fit,1259,fit,clean,optimum,6.057090483395352e-05,6.348310826102784e-05,5.564092358693647e-07,0.76096,0.002095109508427518,50000,1.0480792458864154
34,25,26.0,fit,1262,fit,clean,optimum,6.321108253330487e-05,6.637256700383232e-05,5.631739614463773e-07,0.75008,0.0021205814811494617,50000,1.0500147180498247
34,15,5.0,fit,1263,fit,clean,optimum,9.212333410844975e-05,9.38330480705587e-05,6.610350669170233e-07,0.64668,0.002489068773162918,50000,1.0185589674826168
34,17,6.0,fit,1263,fit,clean,optimum,8.675626460706268e-05,8.848967399838721e-05,6.518842911426756e-07,0.6668,0.0024546123405618865,50000,1.0199802215917837
34,23,20.0,fit,1260,fit,clean,optimum,6.567625303281089e-05,6.816785570800128e-05,5.727937697851308e-07,0.74332,0.0021568040141710103,50000,1.0379376496089938
34,19,8.0,fit,1263,fit,clean,optimum,7.96972411846238e-05,8.138819175734015e-05,6.254001894590864e-07,0.69354,0.0023548888103211403,50000,1.021217178255884
71,1,0.6,fit,1259,fit,clean,optimum,0.0001389782341673509,0.00014395772115115776,7.946427095774177e-07,0.45794,0.0029921564728108427,50000,1.0358292578232848
71,3,1.0,fit,1259,fit,clean,optimum,6.542668088577777e-05,6.948510895839743e-05,5.897531169561403e-07,0.73836,0.0022206629281216186,50000,1.0620301690025342
71,5,1.4,fit,1259,fit,clean,optimum,9.789487155338187e-05,0.00010074862763513857,6.835829037156922e-07,0.62064,0.0025739706479449786,50000,1.0291512316883786
34,21,10.0,fit,1261,fit,clean,optimum,7.589541030819719e-05,7.792509047000833e-05,6.079717661589606e-07,0.70658,0.0022892636319109707,50000,1.026743121271352
34,27,30.0,fit,1260,fit,clean,optimum,6.05318929854567e-05,6.322284451397377e-05,5.565223817606814e-07,0.76194,0.002095535549221695,50000,1.044455102852369
34,29,40.0,fit,1260,fit,clean,optimum,6.057090483395352e-05,6.328658257447678e-05,5.561443287873723e-07,0.7617,0.0020941120243626373,50000,1.044834689988005
34,25,26.0,fit,1263,fit,clean,optimum,6.321108253330487e-05,6.540056158116097e-05,5.587994367689281e-07,0.75374,0.0021041095974068153,50000,1.0346375818940057
34,17,6.0,fit,1264,fit,clean,optimum,8.675626460706268e-05,8.863839613956095e-05,6.424616586383503e-07,0.66624,0.002419132255614366,50000,1.0216944740650469
34,15,5.0,fit,1264,fit,clean,optimum,9.212333410844975e-05,9.370557194955265e-05,6.606334204956252e-07,0.64716,0.002487556409272728,50000,1.01717521251717
34,19,8.0,fit,1264,fit,clean,optimum,7.96972411846238e-05,8.181842366573568e-05,6.172409764661522e-07,0.69192,0.0023241660192156468,50000,1.0266155070060459
34,23,20.0,fit,1261,fit,clean,optimum,6.567625303281089e-05,6.779073885002497e-05,5.697117667875371e-07,0.74474,0.0021451990058983282,50000,1.0321955915505368
71,1,0.6,fit,1260,fit,clean,optimum,0.0001389782341673509,0.00014401614770661887,7.857090178237012e-07,0.45772,0.0029585174507889894,50000,1.0362496585846785
71,3,1.0,fit,1260,fit,clean,optimum,6.542668088577777e-05,6.884772835336704e-05,5.872877484406079e-07,0.74076,0.0022113798021673927,50000,1.052288262544783
71,5,1.4,fit,1260,fit,clean,optimum,9.789487155338187e-05,0.00010029183820153343,6.820143498037794e-07,0.62236,0.00256806439764668,50000,1.0244851094865015
34,21,10.0,fit,1262,fit,clean,optimum,7.589541030819719e-05,7.860496311537408e-05,6.093568457313073e-07,0.70402,0.002294479025895972,50000,1.035701141823648
34,27,30.0,fit,1261,fit,clean,optimum,6.05318929854567e-05,6.295726926187777e-05,5.530939602768988e-07,0.76294,0.0020826261329386473,50000,1.0400677420909963
34,29,40.0,fit,1261,fit,clean,optimum,6.057090483395352e-05,6.295726926187777e-05,5.531628580576291e-07,0.76294,0.0020828855614064222,50000,1.0393978665906696
34,25,26.0,fit,1264,fit,clean,optimum,6.321108253330487e-05,6.568207134838271e-05,5.657598087403095e-07,0.75268,0.002130318259232223,50000,1.0390910694145432
34,17,6.0,fit,1265,fit,clean,optimum,8.675626460706268e-05,8.862246162443519e-05,6.431400502742258e-07,0.6663,0.002421686679004804,50000,1.0215108041571972
34,15,5.0,fit,1265,fit,clean,optimum,9.212333410844975e-05,9.39339666663552e-05,6.612179014753687e-07,0.6463,0.0024897572204369105,50000,1.0196544401635954
34,19,8.0,fit,1265,fit,clean,optimum,7.96972411846238e-05,8.132445369683713e-05,6.210929564108093e-07,0.69378,0.0023386703072253772,50000,1.020417425848453
34,23,20.0,fit,1262,fit,clean,optimum,6.567625303281089e-05,6.893802393907969e-05,5.728031289193891e-07,0.74042,0.002156839255158958,50000,1.0496643878973921
71,1,0.6,fit,1261,fit,clean,optimum,0.0001389782341673509,0.00014172688903355137,7.796285540566922e-07,0.46634,0.002935622005076258,50000,1.0197775923882488
71,5,1.4,fit,1261,fit,clean,optimum,9.789487155338187e-05,0.00010076987365530623,6.91161157889783e-07,0.62056,0.0026025058902700107,50000,1.0293682606280006
71,3,1.0,fit,1261,fit,clean,optimum,6.542668088577777e-05,6.928858327184641e-05,5.886451120672742e-07,0.7391,0.0022164908342231044,50000,1.0590264145113943
34,21,10.0,fit,1263,fit,clean,optimum,7.589541030819719e-05,7.783479488429567e-05,6.124648862290145e-07,0.70692,0.0023061820760603893,50000,1.0255533841667501
34,27,30.0,fit,1262,fit,clean,optimum,6.05318929854567e-05,6.386022511900416e-05,5.542912758400095e-07,0.75954,0.002087134518240595,50000,1.0549847686796632
34,25,26.0,fit,1265,fit,clean,optimum,6.321108253330487e-05,6.562895629796352e-05,5.65629000943124e-07,0.75288,0.002129825714101782,50000,1.038250788750291
34,29,40.0,fit,1262,fit,clean,optimum,6.057090483395352e-05,6.400894726017792e-05,5.553238514121846e-07,0.75898,0.0020910225897533795,50000,1.0567606251821613
34,17,6.0,fit,1266,fit,clean,optimum,8.675626460706268e-05,8.887741386644735e-05,6.493601460493083e-07,0.66534,0.002445107896629532,50000,1.0244495226827919
34,15,5.0,fit,1266,fit,clean,optimum,9.212333410844975e-05,9.39074091411456e-05,6.615671057263194e-07,0.6464,0.00249107211799681,50000,1.0193661578791275
34,19,8.0,fit,1266,fit,clean,optimum,7.96972411846238e-05,8.200963784724478e-05,6.240073242959477e-07,0.6912,0.0023496441003862134,50000,1.0290147642283396
71,1,0.6,fit,1262,fit,clean,optimum,0.0001389782341673509,0.00014289010863773185,7.853446041171364e-07,0.46196,0.002957145283376218,50000,1.028147389365089
34,23,20.0,fit,1263,fit,clean,optimum,6.567625303281089e-05,6.808287162733056e-05,5.69721231988382e-07,0.74364,0.002145234646270577,50000,1.036643664694412
71,5,1.4,fit,1262,fit,clean,optimum,9.789487155338187e-05,0.00010098764536202497,6.816752533307086e-07,0.61974,0.002566787560025725,50000,1.031592807259128
71,3,1.0,fit,1262,fit,clean,optimum,6.542668088577777e-05,6.963914260461312e-05,5.862765425860432e-07,0.73778,0.0022075721964263306,50000,1.0643844630631576
34,21,10.0,fit,1264,fit,clean,optimum,7.589541030819719e-05,7.815348518681088e-05,6.057756072793551e-07,0.70572,0.0022809941909059345,50000,1.0297524563006388
34,27,30.0,fit,1263,fit,clean,optimum,6.05318929854567e-05,6.323346752405759e-05,5.51772898026472e-07,0.7619,0.0020776517904876825,50000,1.0446305972828236
34,25,26.0,fit,1266,fit,clean,optimum,6.321108253330487e-05,6.589453155005952e-05,5.625140655086416e-07,0.75188,0.002118096701665953,50000,1.042452192071553
34,29,40.0,fit,1263,fit,clean,optimum,6.057090483395352e-05,6.311661441313536e-05,5.522409906407827e-07,0.76234,0.0020794143516096857,50000,1.0420285875893802
34,17,6.0,fit,1267,fit,clean,optimum,8.675626460706268e-05,8.898895547232769e-05,6.453867958271413e-07,0.66492,0.0024301465996306284,50000,1.0257352120377397
34,19,8.0,fit,1267,fit,clean,optimum,7.96972411846238e-05,8.222209804892159e-05,6.226195943782005e-07,0.6904,0.0023444187267612432,50000,1.0316806055864443
34,15,5.0,fit,1267,fit,clean,optimum,9.212333410844975e-05,9.400832773694206e-05,6.57827225050836e-07,0.64602,0.0024769899298186303,50000,1.020461630560106
71,1,0.6,fit,1263,fit,clean,optimum,0.0001389782341673509,0.0001417906270940544,7.87445848389633e-07,0.4661,0.0029650573318668544,50000,1.0202362114006784
34,23,20.0,fit,1264,fit,clean,optimum,6.567625303281089e-05,6.775355831473152e-05,5.734564877698729e-07,0.74488,0.002159299419821619,50000,1.031629473150407
71,5,1.4,fit,1263,fit,clean,optimum,9.789487155338187e-05,0.00010013249305027584,6.88550526927686e-07,0.62296,0.0025926757914882413,50000,1.0228573924393354
71,3,1.0,fit,1263,fit,clean,optimum,6.542668088577777e-05,6.950104347352321e-05,5.859670904966006e-07,0.7383,0.0022064069820963046,50000,1.0622737166639782
34,21,10.0,fit,1265,fit,clean,optimum,7.589541030819719e-05,7.768607274312191e-05,6.064350551758672e-07,0.70748,0.00228347728333005,50000,1.0235938171709353
34,27,30.0,fit,1264,fit,clean,optimum,6.05318929854567e-05,6.282448163582975e-05,5.541599560172933e-07,0.76344,0.0020866400451235415,50000,1.0378740617103097
34,25,26.0,fit,1267,fit,clean,optimum,6.321108253330487e-05,6.592640058031105e-05,5.649574439205057e-07,0.75176,0.0021272970258399125,50000,1.0429563604701046
34,29,40.0,fit,1264,fit,clean,optimum,6.057090483395352e-05,6.287228518120702e-05,5.540549733545336e-07,0.76326,0.0020862447422407195,50000,1.0379948153913567
34,17,6.0,fit,1268,fit,clean,optimum,8.675626460706268e-05,8.916954664375294e-05,6.435939640797697e-07,0.66424,0.0024233958510830058,50000,1.0278168043267022
34,19,8.0,fit,1268,fit,clean,optimum,7.96972411846238e-05,8.208931042287361e-05,6.173374911833102e-07,0.6909,0.0023245294368021735,50000,1.030014454737629
34,15,5.0,fit,1268,fit,clean,optimum,9.212333410844975e-05,9.445980566550527e-05,6.59191583116636e-07,0.64432,0.0024821272988130375,50000,1.0253624293960635
71,1,0.6,fit,1264,fit,clean,optimum,0.0001389782341673509,0.0001421093173965696,7.869308404869727e-07,0.4649,0.0029631181153977155,50000,1.0225293064628265
34,23,20.0,fit,1265,fit,clean,optimum,6.567625303281089e-05,6.78597884155699e-05,5.759353572763063e-07,0.74448,0.0021686333825567355,50000,1.0332469542936342
71,5,1.4,fit,1264,fit,clean,optimum,9.789487155338187e-05,9.983504876792833e-05,6.8384901098801e-07,0.62408,0.002574972651219823,50000,1.0198189872846248
71,3,1.0,fit,1264,fit,clean,optimum,6.542668088577777e-05,6.917704166596609e-05,5.884203032045099e-07,0.73952,0.002215644336437674,50000,1.057321580881288
34,21,10.0,fit,1266,fit,clean,optimum,7.589541030819719e-05,7.836063388344575e-05,6.105781133699323e-07,0.70494,0.0022990776006087377,50000,1.0324818531876663
34,25,26.0,fit,1268,fit,clean,optimum,6.321108253330487e-05,6.59635811156045e-05,5.624203522178723e-07,0.75162,0.0021177438326014236,50000,1.0435445569350814
34,27,30.0,fit,1265,fit,clean,optimum,6.05318929854567e-05,6.303163033246464e-05,5.563747805308605e-07,0.76266,0.002094979769913736,50000,1.0412962031041806
34,29,40.0,fit,1265,fit,clean,optimum,6.057090483395352e-05,6.336094364506368e-05,5.584658440398592e-07,0.76142,0.0021028534836445728,50000,1.0460623597874037
34,17,6.0,fit,1269,fit,clean,optimum,8.675626460706268e-05,8.826127928158464e-05,6.389007495205441e-07,0.66766,0.0024057239689246144,50000,1.0173476195792717
34,19,8.0,fit,1269,fit,clean,optimum,7.96972411846238e-05,8.195652279682559e-05,6.236618052081637e-07,0.6914,0.002348343078980578,50000,1.0283483038888135
34,15,5.0,fit,1269,fit,clean,optimum,9.212333410844975e-05,9.373744097980417e-05,6.5618312329949e-07,0.64704,0.002470799210847754,50000,1.0175211512585318
71,1,0.6,fit,1265,fit,clean,optimum,0.0001389782341673509,0.00014120636153944322,7.86946427346777e-07,0.4683,0.0029631768063325117,50000,1.0160322037867406
34,23,20.0,fit,1266,fit,clean,optimum,6.567625303281089e-05,6.843343096009728e-05,5.722461565207505e-07,0.74232,0.0021547420251111925,50000,1.041981352467062
71,5,1.4,fit,1265,fit,clean,optimum,9.789487155338187e-05,0.00010052023291833598,6.879199530948935e-07,0.6215,0.0025903014217839265,50000,1.02681817058744
34,21,10.0,fit,1267,fit,clean,optimum,7.589541030819719e-05,7.819066572210432e-05,6.112093617513987e-07,0.70558,0.0023014545102661116,50000,1.0302423480495926
71,3,1.0,fit,1265,fit,clean,optimum,6.542668088577777e-05,6.880523631303167e-05,5.89465207897183e-07,0.74092,0.0022195788321575367,50000,1.051638802114266
34,25,26.0,fit,1269,fit,clean,optimum,6.321108253330487e-05,6.608043422652673e-05,5.640334773497748e-07,0.75118,0.002123817911865855,50000,1.0453931743964366
34,27,30.0,fit,1266,fit,clean,optimum,6.05318929854567e-05,6.345123923077633e-05,5.53352791055783e-07,0.76108,0.0020836007372244058,50000,1.0482282331071495
34,17,6.0,fit,1270,fit,clean,optimum,8.675626460706268e-05,8.8569346574016e-05,6.442477518606676e-07,0.6665,0.0024258576308450056,50000,1.0208985711310319
34,29,40.0,fit,1266,fit,clean,optimum,6.057090483395352e-05,6.365307642236928e-05,5.539530397319831e-07,0.76032,0.0020858609202477215,50000,1.0508853482850404
34,19,8.0,fit,1270,fit,clean,optimum,7.96972411846238e-05,8.14519298178432e-05,6.240748434104043e-07,0.6933,0.0023498983376087092,50000,1.0220169306633153
34,15,5.0,fit,1270,fit,clean,optimum,9.212333410844975e-05,9.458728178651137e-05,6.649295333387981e-07,0.64384,0.0025037330402248466,50000,1.0267461843615104
71,1,0.6,fit,1266,fit,clean,optimum,0.0001389782341673509,0.0001433628325864627,7.947801141959744e-07,0.46018,0.0029926738576856464,50000,1.031548813707275
34,21,10.0,fit,1268,fit,clean,optimum,7.589541030819719e-05,7.859434010529023e-05,6.059174015980908e-07,0.70406,0.002281528104806483,50000,1.035561172752518
34,23,20.0,fit,1267,fit,clean,optimum,6.567625303281089e-05,6.827408580883967e-05,5.735642840998471e-07,0.74292,0.002159705317318179,50000,1.0395551307522208
71,5,1.4,fit,1266,fit,clean,optimum,9.789487155338187e-05,0.00010063708602925825,6.82430415502335e-07,0.62106,0.0025696310560430176,50000,1.0280118297553622
34,25,26.0,fit,1270,fit,clean,optimum,6.321108253330487e-05,6.609636874165247e-05,5.628381451700589e-07,0.75112,0.002119316994817742,50000,1.0456452585957121
71,3,1.0,fit,1266,fit,clean,optimum,6.542668088577777e-05,6.924609123151103e-05,5.878341179804892e-07,0.73926,0.0022134371080931867,50000,1.0583769540808774
34,27,30.0,fit,1267,fit,clean,optimum,6.05318929854567e-05,6.336094364506368e-05,5.5489996831534e-07,0.76142,0.0020894264956388144,50000,1.0467365304482825
34,17,6.0,fit,1271,fit,clean,optimum,8.675626460706268e-05,8.779386683789567e-05,6.431270448696479e-07,0.66942,0.0024216377083101505,50000,1.0119599689490149
34,19,8.0,fit,1271,fit,clean,optimum,7.96972411846238e-05,8.115448553549567e-05,6.220427842313108e-07,0.69442,0.002342246799436173,50000,1.018284752761969
34,29,40.0,fit,1267,fit,clean,optimum,6.057090483395352e-05,6.344061622069248e-05,5.547023900315838e-07,0.76112,0.002088682532177623,50000,1.0473777202867591
34,15,5.0,fit,1271,fit,clean,optimum,9.212333410844975e-05,9.261140191091713e-05,6.59885932497755e-07,0.65128,0.002484741809674419,50000,1.0052979823970853
71,1,0.6,fit,1267,fit,clean,optimum,0.0001389782341673509,0.0001429007316478157,7.943577998176037e-07,0.46192,0.0029910836704410233,50000,1.0282238258671608
34,21,10.0,fit,1269,fit,clean,optimum,7.589541030819719e-05,7.819597722714624e-05,6.082304466406846e-07,0.70556,0.0022902376702661352,50000,1.0303123325851573
71,5,1.4,fit,1267,fit,clean,optimum,9.789487155338187e-05,0.00010010062402002433,6.840083760440515e-07,0.62308,0.0025755727261695172,50000,1.022531849029902
34,25,26.0,fit,1271,fit,clean,optimum,6.321108253330487e-05,6.531026599544832e-05,5.611268652196566e-07,0.75408,0.002112873322310999,50000,1.0332091047647765
34,23,20.0,fit,1268,fit,clean,optimum,6.567625303281089e-05,6.83059548390912e-05,5.719980634866891e-07,0.7428,0.0021538078528488924,50000,1.0400403750951892
71,3,1.0,fit,1267,fit,clean,optimum,6.542668088577777e-05,6.925671424159488e-05,5.890259147235967e-07,0.73922,0.00221792471276908,50000,1.0585393191885066
34,27,30.0,fit,1268,fit,clean,optimum,6.05318929854567e-05,6.33928126753152e-05,5.520999256913806e-07,0.7613,0.0020788831840845164,50000,1.0472630137396475
34,17,6.0,fit,1272,fit,clean,optimum,8.675626460706268e-05,8.85215430286387e-05,6.451861085041103e-07,0.66668,0.0024293909293584656,50000,1.0203475614074826
34,19,8.0,fit,1272,fit,clean,optimum,7.96972411846238e-05,8.15847174438912e-05,6.257899962089598e-07,0.6928,0.002356356592980846,50000,1.0236830815121307
34,15,5.0,fit,1272,fit,clean,optimum,9.212333410844975e-05,9.430577201928959e-05,6.652808523781645e-07,0.6449,0.0025050559008325036,50000,1.0236903921461484
34,29,40.0,fit,1268,fit,clean,optimum,6.057090483395352e-05,6.359464986690816e-05,5.531368266961105e-07,0.76054,0.0020827875426290207,50000,1.049920750585513
34,21,10.0,fit,1270,fit,clean,optimum,7.589541030819719e-05,7.777636832883456e-05,6.097335178296082e-07,0.70714,0.002295897351192957,50000,1.0247835542755372
71,1,0.6,fit,1268,fit,clean,optimum,0.0001389782341673509,0.00014270951746630657,7.924289929106438e-07,0.46264,0.002983820919519252,50000,1.026847968829872
34,25,26.0,fit,1272,fit,clean,optimum,6.321108253330487e-05,6.561833328787967e-05,5.623049669857489e-07,0.75292,0.0021173093597685344,50000,1.0380827326174402
71,5,1.4,fit,1268,fit,clean,optimum,9.789487155338187e-05,0.00010024934616119809,6.889073100158159e-07,0.62252,0.00259401922648572,50000,1.0240510516072574
34,23,20.0,fit,1269,fit,clean,optimum,6.567625303281089e-05,6.840156192984577e-05,5.722186690981232e-07,0.74244,0.0021546385236651416,50000,1.0414961081240939
71,3,1.0,fit,1268,fit,clean,optimum,6.542668088577777e-05,6.967101163486464e-05,5.885138064330619e-07,0.73766,0.0022159964145316005,50000,1.064871558386045
34,27,30.0,fit,1269,fit,clean,optimum,6.05318929854567e-05,6.352560030136318e-05,5.551229290441105e-07,0.7608,0.0020902660344400046,50000,1.0494566941203334
34,17,6.0,fit,1273,fit,clean,optimum,8.675626460706268e-05,8.780980135302146e-05,6.44608316730346e-07,0.66936,0.002427215305804674,50000,1.0121436388568648
34,15,5.0,fit,1273,fit,clean,optimum,9.212333410844975e-05,9.348780024283392e-05,6.637251897674575e-07,0.64798,0.002499198191582755,50000,1.0148112977845318
34,19,8.0,fit,1273,fit,clean,optimum,7.96972411846238e-05,8.062333503130366e-05,6.204212032119746e-07,0.69642,0.0023361408802794062,50000,1.0116201493667076
34,29,40.0,fit,1269,fit,clean,optimum,6.057090483395352e-05,6.345123923077633e-05,5.550563355066083e-07,0.76108,0.0020900152823952393,50000,1.0475531016866733
34,21,10.0,fit,1271,fit,clean,optimum,7.589541030819719e-05,7.758515414732542e-05,6.07632433293758e-07,0.70786,0.002287985904176461,50000,1.0222641109952038
71,1,0.6,fit,1269,fit,clean,optimum,0.0001389782341673509,0.00014252361478983935,7.870714763678252e-07,0.46334,0.0029636476673034094,50000,1.0255103300436188
34,25,26.0,fit,1273,fit,clean,optimum,6.321108253330487e-05,6.481629602654977e-05,5.594449529599818e-07,0.75594,0.0021065402312326676,50000,1.025394494587229
71,5,1.4,fit,1269,fit,clean,optimum,9.789487155338187e-05,0.00010029183820153343,6.911557077867833e-07,0.62236,0.0026024853683917232,50000,1.0244851094865015
34,23,20.0,fit,1270,fit,clean,optimum,6.567625303281089e-05,6.848654601051647e-05,5.720258734670566e-07,0.74212,0.0021539125688574364,50000,1.0427900930386755
71,3,1.0,fit,1269,fit,clean,optimum,6.542668088577777e-05,6.889553189874431e-05,5.866413368618904e-07,0.74058,0.0022089457968389,50000,1.0530189055291141
34,17,6.0,fit,1274,fit,clean,optimum,8.675626460706268e-05,8.79000969387341e-05,6.442824827797048e-07,0.66902,0.0024259884070327834,50000,1.0131844350013461
34,27,30.0,fit,1270,fit,clean,optimum,6.05318929854567e-05,6.383897909883649e-05,5.539467514943706e-07,0.75962,0.002085837242448066,50000,1.0546337798187535
34,15,5.0,fit,1274,fit,clean,optimum,9.212333410844975e-05,9.300445328401919e-05,6.623764628580304e-07,0.6498,0.0024941196803179343,50000,1.0095645602072125
34,19,8.0,fit,1274,fit,clean,optimum,7.96972411846238e-05,8.089422178844159e-05,6.235433766058942e-07,0.6954,0.002347897146607983,50000,1.015019097098291
34,29,40.0,fit,1270,fit,clean,optimum,6.057090483395352e-05,6.372212598791424e-05,5.532275713007468e-07,0.76006,0.0020831292333698564,50000,1.0520253273844817
34,21,10.0,fit,1272,fit,clean,optimum,7.589541030819719e-05,7.768607274312191e-05,6.099720161883113e-07,0.70748,0.002296795395558239,50000,1.0235938171709353
34,25,26.0,fit,1274,fit,clean,optimum,6.321108253330487e-05,6.512967482402304e-05,5.621104728755404e-07,0.75476,0.002116577009488629,50000,1.0303521505063182
71,1,0.6,fit,1270,fit,clean,optimum,0.0001389782341673509,0.0001425076802747136,7.865188739489204e-07,0.4634,0.0029615668920258053,50000,1.0253956752905113
71,5,1.4,fit,1270,fit,clean,optimum,9.789487155338187e-05,0.00010018029659565311,6.822728860390223e-07,0.62278,0.0025690378928545448,50000,1.023345707553485
34,23,20.0,fit,1271,fit,clean,optimum,6.567625303281089e-05,6.768982025422848e-05,5.710158676746442e-07,0.74512,0.002150109481843714,50000,1.0306589844644707
34,17,6.0,fit,1275,fit,clean,optimum,8.675626460706268e-05,8.892521741182465e-05,6.428175028650476e-07,0.66516,0.002420472155412592,50000,1.025000532406341
71,3,1.0,fit,1270,fit,clean,optimum,6.542668088577777e-05,6.896458146428929e-05,5.909107047877226e-07,0.74032,0.00222502172218261,50000,1.054074278728704
34,27,30.0,fit,1271,fit,clean,optimum,6.05318929854567e-05,6.28616621711232e-05,5.527451143214203e-07,0.7633,0.002081312584508493,50000,1.038488292216902
34,15,5.0,fit,1275,fit,clean,optimum,9.212333410844975e-05,9.36418338890496e-05,6.609759483074056e-07,0.6474,0.0024888461672945205,50000,1.0164833350344467
34,19,8.0,fit,1275,fit,clean,optimum,7.96972411846238e-05,8.205212988758016e-05,6.243818954523361e-07,0.69104,0.002351054514773217,50000,1.0295479324999608
34,29,40.0,fit,1271,fit,clean,optimum,6.057090483395352e-05,6.29147772215424e-05,5.526732596713509e-07,0.7631,0.0020810420222121106,50000,1.0386963409910133
34,21,10.0,fit,1273,fit,clean,optimum,7.589541030819719e-05,7.685747795658239e-05,6.062321899309895e-07,0.7106,0.0022827134122868084,50000,1.0126762296228247
34,25,26.0,fit,1275,fit,clean,optimum,6.321108253330487e-05,6.595826961056256e-05,5.660881521696205e-07,0.75164,0.0021315546072229324,50000,1.043460528868656
71,1,0.6,fit,1271,fit,clean,optimum,0.0001389782341673509,0.00014139226421591039,7.913899066033931e-07,0.4676,0.0029799083324123965,50000,1.0173698425729933
34,17,6.0,fit,1276,fit,clean,optimum,8.675626460706268e-05,8.902613600762111e-05,6.477786333588646e-07,0.66478,0.0024391528512028144,50000,1.0261637751560553
71,5,1.4,fit,1271,fit,clean,optimum,9.789487155338187e-05,0.00010018560810069505,6.884043097605503e-07,0.62276,0.002592125223745269,50000,1.023399964788391
34,23,20.0,fit,1272,fit,clean,optimum,6.567625303281089e-05,6.775355831473152e-05,5.720767276362456e-07,0.74488,0.0021541040557101743,50000,1.031629473150407
34,15,5.0,fit,1276,fit,clean,optimum,9.212333410844975e-05,9.478380747306239e-05,6.643320145748585e-07,0.6431,0.002501483136443437,50000,1.028879473266574
71,3,1.0,fit,1271,fit,clean,optimum,6.542668088577777e-05,6.944792842310398e-05,5.887100793451841e-07,0.7385,0.0022167354627319626,50000,1.0614618911258318
34,19,8.0,fit,1276,fit,clean,optimum,7.96972411846238e-05,8.197245731195136e-05,6.216989424879384e-07,0.69134,0.00234095209392179,50000,1.0285482419906715
34,27,30.0,fit,1272,fit,clean,optimum,6.05318929854567e-05,6.313254892826113e-05,5.530695471543064e-07,0.76228,0.0020825342074960477,50000,1.0429634001935022
34,29,40.0,fit,1272,fit,clean,optimum,6.057090483395352e-05,6.322284451397377e-05,5.524892961536617e-07,0.76194,0.0020803493239420824,50000,1.043782401588521
34,21,10.0,fit,1274,fit,clean,optimum,7.589541030819719e-05,7.689465849187584e-05,6.064200946707725e-07,0.71046,0.0022834209508782242,50000,1.0131661213717784
34,25,26.0,fit,1276,fit,clean,optimum,6.321108253330487e-05,6.68718484777728e-05,5.682613866846463e-07,0.7482,0.002139737728571303,50000,1.0579133562937975
71,1,0.6,fit,1272,fit,clean,optimum,0.0001389782341673509,0.0001421252519116954,8.036592348427908e-07,0.46484,0.0030261073970562755,50000,1.022643961215934
34,17,6.0,fit,1277,fit,clean,optimum,8.675626460706268e-05,8.894115192695039e-05,6.432159661793075e-07,0.6651,0.002421972533595857,50000,1.0251842023141904
71,5,1.4,fit,1272,fit,clean,optimum,9.789487155338187e-05,0.0001004140028174976,6.849331802276665e-07,0.6219,0.002579054994100419,50000,1.0257330258893291
34,15,5.0,fit,1277,fit,clean,optimum,9.212333410844975e-05,9.5208727876416e-05,6.655254312088404e-07,0.6415,0.002505976840674396,50000,1.0334919898180635
34,23,20.0,fit,1273,fit,clean,optimum,6.567625303281089e-05,6.717460426516226e-05,5.666444855452535e-07,0.74706,0.0021336494310863845,50000,1.0228142009198182
34,19,8.0,fit,1277,fit,clean,optimum,7.96972411846238e-05,8.21689829985024e-05,6.190369200943119e-07,0.6906,0.002330928485273706,50000,1.0310141452469181
71,3,1.0,fit,1272,fit,clean,optimum,6.542668088577777e-05,6.914517263571456e-05,5.846543927260177e-07,0.73964,0.0022014641353505227,50000,1.0568344855584002
34,27,30.0,fit,1273,fit,clean,optimum,6.05318929854567e-05,6.216585501063167e-05,5.501017724422832e-07,0.76592,0.002071359315676872,50000,1.0269934070221056
34,29,40.0,fit,1273,fit,clean,optimum,6.057090483395352e-05,6.242611875768578e-05,5.512544504554414e-07,0.76494,0.002075699622253109,50000,1.0306287965949668
34,21,10.0,fit,1275,fit,clean,optimum,7.589541030819719e-05,7.780823735908608e-05,6.096655668541304e-07,0.70702,0.0022956414878361818,50000,1.025203461488926
34,25,26.0,fit,1277,fit,clean,optimum,6.321108253330487e-05,6.594233509543679e-05,5.61287618922541e-07,0.7517,0.0021134786260869182,50000,1.0432084446693801
71,1,0.6,fit,1273,fit,clean,optimum,0.0001389782341673509,0.00014233240060833026,8.046667274065721e-07,0.46406,0.0030299010207310343,50000,1.0241344730063302
34,17,6.0,fit,1278,fit,clean,optimum,8.675626460706268e-05,8.884554483619582e-05,6.445027029550243e-07,0.66546,0.002426817626523611,50000,1.0240821828670923
71,5,1.4,fit,1273,fit,clean,optimum,9.789487155338187e-05,9.869838668895743e-05,6.841688078685845e-07,0.62836,0.002576176817941122,50000,1.0082079390148382
34,15,5.0,fit,1278,fit,clean,optimum,9.212333410844975e-05,9.428452599912191e-05,6.670799559134994e-07,0.64498,0.00251183026524009,50000,1.023459766318574
34,19,8.0,fit,1278,fit,clean,optimum,7.96972411846238e-05,8.223803256404737e-05,6.219847638946981e-07,0.69034,0.0023420283290171307,50000,1.0318805436883023
34,23,20.0,fit,1274,fit,clean,optimum,6.567625303281089e-05,6.725427684079104e-05,5.711292728618402e-07,0.74676,0.0021505364989934704,50000,1.0240273117772385
71,3,1.0,fit,1273,fit,clean,optimum,6.542668088577777e-05,6.820503624329473e-05,5.831947601539404e-07,0.74318,0.002195968018673395,50000,1.042465173533217
34,27,30.0,fit,1274,fit,clean,optimum,6.05318929854567e-05,6.252703735348224e-05,5.519139131980595e-07,0.76456,0.0020781827705789167,50000,1.0329602176575725
34,29,40.0,fit,1274,fit,clean,optimum,6.057090483395352e-05,6.265451347448832e-05,5.518167584959116e-07,0.76408,0.00207781694318581,50000,1.034399496693119
34,21,10.0,fit,1276,fit,clean,optimum,7.589541030819719e-05,7.853591354982911e-05,6.093695572019281e-07,0.70428,0.0022945268898084434,50000,1.0347913428613051
34,25,26.0,fit,1278,fit,clean,optimum,6.321108253330487e-05,6.620791034753279e-05,5.6526046477678e-07,0.7507,0.0021284380239332316,50000,1.0474098479906422
71,1,0.6,fit,1274,fit,clean,optimum,0.0001389782341673509,0.00014149318281170688,7.921701634741488e-07,0.46722,0.0029828463202881406,50000,1.0180959893426735
34,15,5.0,fit,1279,fit,clean,optimum,9.212333410844975e-05,9.471475790751743e-05,6.593054682118476e-07,0.64336,0.0024825561230137597,50000,1.028129939326957
34,17,6.0,fit,1279,fit,clean,optimum,8.675626460706268e-05,8.945105641097472e-05,6.498733090315591e-07,0.66318,0.0024470401662148975,50000,1.0310616393653798
71,5,1.4,fit,1274,fit,clean,optimum,9.789487155338187e-05,9.936763632423937e-05,6.834321831267769e-07,0.62584,0.002573403122967686,50000,1.015044350612937
34,19,8.0,fit,1279,fit,clean,optimum,7.96972411846238e-05,8.21158679480832e-05,6.292980534217602e-07,0.6908,0.002369565870521256,50000,1.0303476849073923
34,23,20.0,fit,1275,fit,clean,optimum,6.567625303281089e-05,6.825815129371392e-05,5.739910222661142e-07,0.74298,0.0021613121619428162,50000,1.039312508580737
71,3,1.0,fit,1274,fit,clean,optimum,6.542668088577777e-05,6.856621858614527e-05,5.847806425043131e-07,0.74182,0.0022019395176660775,50000,1.0479855871926091
34,27,30.0,fit,1275,fit,clean,optimum,6.05318929854567e-05,6.315910645347072e-05,5.51220091726264e-07,0.76218,0.0020755702475131576,50000,1.0434021362696395
34,29,40.0,fit,1275,fit,clean,optimum,6.057090483395352e-05,6.328658257447678e-05,5.54009496509958e-07,0.7617,0.002086073503225726,50000,1.044834689988005
34,21,10.0,fit,1277,fit,clean,optimum,7.589541030819719e-05,7.864745515570942e-05,6.086053895620069e-07,0.70386,0.002291649484500945,50000,1.0362610181081662
34,25,26.0,fit,1279,fit,clean,optimum,6.321108253330487e-05,6.588390853997567e-05,5.64958043665377e-07,0.75192,0.002127299284125903,50000,1.0422841359387023
34,15,5.0,fit,1280,fit,clean,optimum,9.212333410844975e-05,9.42526569688704e-05,6.6248059176692e-07,0.6451,0.002494511768466464,50000,1.0231138275772125
34,17,6.0,fit,1280,fit,clean,optimum,8.675626460706268e-05,8.855341205889023e-05,6.487602052442322e-07,0.66656,0.002442848872867562,50000,1.020714901223182
34,19,8.0,fit,1280,fit,clean,optimum,7.96972411846238e-05,8.10057633943219e-05,6.220157816170929e-07,0.69498,0.0023421451234930846,50000,1.0164186638112958
71,1,0.6,fit,1275,fit,clean,optimum,0.0001389782341673509,0.0001422421050226176,7.942306916277617e-07,0.4644,0.00299060505585311,50000,1.0234847627387216
71,5,1.4,fit,1275,fit,clean,optimum,9.789487155338187e-05,9.931983277886207e-05,6.856668585277581e-07,0.62602,0.002581817594509535,50000,1.0145560354987868
34,23,20.0,fit,1276,fit,clean,optimum,6.567625303281089e-05,6.915579564579839e-05,5.769152974432547e-07,0.7396,0.0021723232601308486,50000,1.052980224241008
71,3,1.0,fit,1275,fit,clean,optimum,6.542668088577777e-05,6.947448594831362e-05,5.845305369923355e-07,0.7384,0.0022009977675971092,50000,1.0618678038949054
34,27,30.0,fit,1276,fit,clean,optimum,6.05318929854567e-05,6.420016144168702e-05,5.57989596624787e-07,0.75826,0.002101060216345329,50000,1.0606005904542197
34,29,40.0,fit,1276,fit,clean,optimum,6.057090483395352e-05,6.431170304756736e-05,5.585437179758389e-07,0.75784,0.0021031467110268877,50000,1.061758995079712
34,25,26.0,fit,1280,fit,clean,optimum,6.321108253330487e-05,6.512436331898111e-05,5.582382758177193e-07,0.75478,0.002101996595736743,50000,1.0302681224398929
34,21,10.0,fit,1278,fit,clean,optimum,7.589541030819719e-05,7.800476304563711e-05,6.084336896974263e-07,0.70628,0.00229100296392636,50000,1.027792889304824
34,15,5.0,fit,1281,fit,clean,optimum,9.212333410844975e-05,9.39339666663552e-05,6.599222331072706e-07,0.6463,0.0024848784963921347,50000,1.0196544401635954
34,17,6.0,fit,1281,fit,clean,optimum,8.675626460706268e-05,8.889334838157312e-05,6.428399039717207e-07,0.66528,0.002420556504788132,50000,1.0246331925906416
34,19,8.0,fit,1281,fit,clean,optimum,7.96972411846238e-05,8.181842366573568e-05,6.192994949146199e-07,0.69192,0.002331917187414571,50000,1.0266155070060459
71,1,0.6,fit,1276,fit,clean,optimum,0.0001389782341673509,0.00014153036334700034,7.8801262554588e-07,0.46708,0.002967191480857673,50000,1.0183635170999243
71,5,1.4,fit,1276,fit,clean,optimum,9.789487155338187e-05,0.00010054679044354561,6.898422227786601e-07,0.6214,0.0025975395573729753,50000,1.027089456761968
71,3,1.0,fit,1276,fit,clean,optimum,6.542668088577777e-05,6.914517263571456e-05,5.847439365628101e-07,0.73964,0.0022018013047068,50000,1.0568344855584002
34,23,20.0,fit,1277,fit,clean,optimum,6.567625303281089e-05,6.874149825252863e-05,5.73763354959165e-07,0.74116,0.002160454900939947,50000,1.0466720477824212
34,27,30.0,fit,1277,fit,clean,optimum,6.05318929854567e-05,6.34459277257344e-05,5.542066707366467e-07,0.7611,0.002086815945245954,50000,1.0481404858919219
34,29,40.0,fit,1277,fit,clean,optimum,6.057090483395352e-05,6.345655073581825e-05,5.545524195443171e-07,0.76106,0.0020881178316413977,50000,1.0476407923866304
34,25,26.0,fit,1281,fit,clean,optimum,6.321108253330487e-05,6.628227141811968e-05,5.650354156352638e-07,0.75042,0.002127590621399524,50000,1.0485862409205957
34,21,10.0,fit,1279,fit,clean,optimum,7.589541030819719e-05,7.836594538848768e-05,6.146139299528856e-07,0.70492,0.0023142741091354223,50000,1.0325518377232314
34,15,5.0,fit,1282,fit,clean,optimum,9.212333410844975e-05,9.349311174787584e-05,6.63894627611137e-07,0.64796,0.0024998361947187486,50000,1.0148689542414253
34,17,6.0,fit,1282,fit,clean,optimum,8.675626460706268e-05,8.87818067756928e-05,6.474530495249887e-07,0.6657,0.002437926894223366,50000,1.023347503235694
34,19,8.0,fit,1282,fit,clean,optimum,7.96972411846238e-05,8.214773697833472e-05,6.228617578816005e-07,0.69068,0.0023453305719030207,50000,1.0307475611111077
71,5,1.4,fit,1277,fit,clean,optimum,9.789487155338187e-05,0.0001019277817544448,6.902394378218178e-07,0.6162,0.002599035235302386,50000,1.0411963378374096
71,1,0.6,fit,1277,fit,clean,optimum,0.0001389782341673509,0.0001432512909805824,7.995459488098852e-07,0.4606,0.0030106191842034506,50000,1.0307462304355235
71,3,1.0,fit,1277,fit,clean,optimum,6.542668088577777e-05,6.975599571553536e-05,5.911845763468646e-07,0.73734,0.002226052961189183,50000,1.0661704792470785
34,23,20.0,fit,1278,fit,clean,optimum,6.567625303281089e-05,6.844936547522302e-05,5.726418979601163e-07,0.74226,0.00215623215431654,50000,1.042223974638546
34,27,30.0,fit,1278,fit,clean,optimum,6.05318929854567e-05,6.371681448287233e-05,5.546128183752961e-07,0.76008,0.0020883452580695095,50000,1.052615593868522
34,29,40.0,fit,1278,fit,clean,optimum,6.057090483395352e-05,6.38974056542976e-05,5.550315470488783e-07,0.7594,0.0020899219436615497,50000,1.0549191204830637
34,25,26.0,fit,1282,fit,clean,optimum,6.321108253330487e-05,6.635132098366463e-05,5.654379119844002e-07,0.75016,0.002129106185617047,50000,1.0496786057841236
34,21,10.0,fit,1280,fit,clean,optimum,7.589541030819719e-05,7.765951521791232e-05,6.096550576401792e-07,0.70758,0.002295601916325402,50000,1.0232438944931113
34,15,5.0,fit,1283,fit,clean,optimum,9.212333410844975e-05,9.516623583608063e-05,6.667243947638691e-07,0.64166,0.0025104914313433917,50000,1.0330307381629142
34,17,6.0,fit,1283,fit,clean,optimum,8.675626460706268e-05,8.958915554206463e-05,6.460418718818511e-07,0.66266,0.002432613230273129,50000,1.03265344523341
34,19,8.0,fit,1283,fit,clean,optimum,7.96972411846238e-05,8.263639544219136e-05,6.254950158044397e-07,0.68884,0.0023552458704937467,50000,1.0368789962347482
71,1,0.6,fit,1278,fit,clean,optimum,0.0001389782341673509,0.00014311319184949248,7.954499709540868e-07,0.46112,0.0029951961437526867,50000,1.0297525559085925
71,5,1.4,fit,1278,fit,clean,optimum,9.789487155338187e-05,0.00010035557626203647,6.840349580640088e-07,0.62212,0.002575672818402312,50000,1.025136196305368
71,3,1.0,fit,1278,fit,clean,optimum,6.542668088577777e-05,6.99259638768768e-05,5.878379543497573e-07,0.7367,0.0022134515536005816,50000,1.0687683209691456
34,23,20.0,fit,1279,fit,clean,optimum,6.567625303281089e-05,6.814129818279169e-05,5.713248434575461e-07,0.74342,0.0021512729026838084,50000,1.037533279323187
34,27,30.0,fit,1279,fit,clean,optimum,6.05318929854567e-05,6.321753300893185e-05,5.5351468626118e-07,0.76196,0.0020842103392265474,50000,1.0443673556371416
34,25,26.0,fit,1283,fit,clean,optimum,6.321108253330487e-05,6.640974753912574e-05,5.670140443891428e-07,0.74994,0.002135040972056308,50000,1.0506029145148013
34,29,40.0,fit,1279,fit,clean,optimum,6.057090483395352e-05,6.300507280725504e-05,5.533296597854648e-07,0.76276,0.002083513638482578,50000,1.0401870828902828
71,11,3.0,fit,1234,fit,clean,optimum,8.291800209366489e-05,8.63703834866611e-05,6.394421060652198e-07,0.67478,0.002407762398862657,50000,1.041636089942162
71,7,1.8,fit,1234,fit,clean,optimum,9.419811702117191e-05,9.707837765117183e-05,6.7261757648927e-07,0.63446,0.002532681683179322,50000,1.030576626381529
71,9,2.0,fit,1234,fit,clean,optimum,9.518951976872982e-05,9.804507156880126e-05,6.769747709729244e-07,0.63082,0.0025490883116180267,50000,1.0299985944567136
34,21,10.0,fit,1281,fit,clean,optimum,7.589541030819719e-05,7.837656839857153e-05,6.092208420517812e-07,0.70488,0.0022939669161325333,50000,1.0326918067943611
71,5,1.4,fit,1279,fit,clean,optimum,9.789487155338187e-05,0.00010112574449311488,6.890580058112093e-07,0.61922,0.00259458665810521,50000,1.0330034953666722
71,1,0.6,fit,1279,fit,clean,optimum,0.0001389782341673509,0.00014164721645792256,7.941054432702095e-07,0.46664,0.0029901334442983293,50000,1.0192043186227118
71,3,1.0,fit,1279,fit,clean,optimum,6.542668088577777e-05,6.985160280628993e-05,5.951162777377442e-07,0.73698,0.002240857433216789,50000,1.0676317652157414
34,23,20.0,fit,1280,fit,clean,optimum,6.567625303281089e-05,6.728614587104256e-05,5.663028133151991e-07,0.74664,0.002132362894681513,50000,1.0245125561202066
34,27,30.0,fit,1280,fit,clean,optimum,6.05318929854567e-05,6.254297186860801e-05,5.496040605437586e-07,0.7645,0.0020694852257735524,50000,1.033223459303255
71,13,4.0,fit,1234,fit,clean,optimum,7.098089882774746e-05,7.415923339528704e-05,5.977228074469022e-07,0.72076,0.0022506720890952507,50000,1.0447773220687524
71,11,3.0,fit,1235,fit,clean,optimum,8.291800209366489e-05,8.4851293044672e-05,6.316300375618636e-07,0.6805,0.002378346749468743,50000,1.0233156962564445
71,7,1.8,fit,1235,fit,clean,optimum,9.419811702117191e-05,9.634007845034495e-05,6.736055300161189e-07,0.63724,0.0025364017343476883,50000,1.0227388985778942
71,9,2.0,fit,1235,fit,clean,optimum,9.518951976872982e-05,9.725896882259711e-05,6.788036264943803e-07,0.63378,0.0025559747044841615,50000,1.0217403035428183
34,29,40.0,fit,1280,fit,clean,optimum,6.057090483395352e-05,6.27873011005363e-05,5.502513108340847e-07,0.76358,0.002071922389196039,50000,1.0365917641920444
34,21,10.0,fit,1282,fit,clean,optimum,7.589541030819719e-05,7.816941970193665e-05,6.080121078490291e-07,0.70566,0.0022894155349582244,50000,1.0299624099073335
71,5,1.4,fit,1280,fit,clean,optimum,9.789487155338187e-05,9.84753034771968e-05,6.778499630627482e-07,0.6292,0.00255238376962067,50000,1.0059291351488053
71,1,0.6,fit,1280,fit,clean,optimum,0.0001389782341673509,0.00014166315097304831,7.811724120269938e-07,0.46658,0.002941435265002087,50000,1.0193189733758192
71,3,1.0,fit,1280,fit,clean,optimum,6.542668088577777e-05,6.902831952479233e-05,5.869299441236955e-07,0.74008,0.0022100325218237294,50000,1.0550484693744793
34,27,30.0,fit,1281,fit,clean,optimum,6.05318929854567e-05,6.371150297783039e-05,5.549377500644558e-07,0.7601,0.00208956875945601,50000,1.0525278466532944
34,23,20.0,fit,1281,fit,clean,optimum,6.567625303281089e-05,6.813598667774975e-05,5.710344839470194e-07,0.74344,0.002150179579762207,50000,1.0374524052660254
71,13,4.0,fit,1235,fit,clean,optimum,7.098089882774746e-05,7.262951994321407e-05,5.91973698956864e-07,0.72652,0.002229024332217814,50000,1.0232262642865004
71,11,3.0,fit,1236,fit,clean,optimum,8.291800209366489e-05,8.625884188078079e-05,6.372713751262385e-07,0.6752,0.0023995887045072935,50000,1.040290886209994
71,7,1.8,fit,1236,fit,clean,optimum,9.419811702117191e-05,9.709962367133951e-05,6.670503255100801e-07,0.63438,0.0025117186945903948,50000,1.0308021725053746
71,9,2.0,fit,1236,fit,clean,optimum,9.518951976872982e-05,9.829471230577151e-05,6.812642074236481e-07,0.62988,0.002565239803207963,50000,1.0326211598145048
34,29,40.0,fit,1281,fit,clean,optimum,6.057090483395352e-05,6.411517736101631e-05,5.560497466115408e-07,0.75858,0.002093755883588657,50000,1.0585144391813017
34,21,10.0,fit,1283,fit,clean,optimum,7.589541030819719e-05,7.907237555906303e-05,6.151109631729519e-07,0.70226,0.002316145643535347,50000,1.0418597809533512
71,5,1.4,fit,1281,fit,clean,optimum,9.789487155338187e-05,0.00010033433024186881,6.851137810042087e-07,0.6222,0.0025797350302676327,50000,1.024919167365746
71,1,0.6,fit,1281,fit,clean,optimum,0.0001389782341673509,0.00014292728917302528,7.925539358874749e-07,0.46182,0.002984291381190078,50000,1.0284149171223396
71,3,1.0,fit,1281,fit,clean,optimum,6.542668088577777e-05,6.979848775587073e-05,5.923169066171397e-07,0.73718,0.0022303166501486714,50000,1.0668199396775955
34,27,30.0,fit,1282,fit,clean,optimum,6.05318929854567e-05,6.357340384674048e-05,5.533544263228444e-07,0.76062,0.002083606894677137,50000,1.0502464190573808
34,23,20.0,fit,1282,fit,clean,optimum,6.567625303281089e-05,6.82793973138816e-05,5.728361104422349e-07,0.7429,0.0021569634441509123,50000,1.0396360048093825
71,13,4.0,fit,1236,fit,clean,optimum,7.098089882774746e-05,7.386178911293953e-05,5.922955860299777e-07,0.72188,0.002230236369373284,50000,1.0405868386110926
71,11,3.0,fit,1237,fit,clean,optimum,8.291800209366489e-05,8.467070187324671e-05,6.352988631820416e-07,0.68118,0.002392161386153534,50000,1.0211377473567436
71,7,1.8,fit,1237,fit,clean,optimum,9.419811702117191e-05,9.592046955203326e-05,6.661039675158198e-07,0.63882,0.002508155267701815,50000,1.0182843626319433
71,9,2.0,fit,1237,fit,clean,optimum,9.518951976872982e-05,9.713680420663295e-05,6.702716628853176e-07,0.63424,0.0025238483540741524,50000,1.0204569204953886
34,29,40.0,fit,1282,fit,clean,optimum,6.057090483395352e-05,6.375930652320766e-05,5.533549525012848e-07,0.75992,0.002083608875955273,50000,1.0526391622841806
71,15,5.0,fit,1234,fit,clean,optimum,7.731315739395325e-05,8.03630712842496e-05,6.136325586402767e-07,0.6974,0.0023105788427095655,50000,1.03944883371863
71,5,1.4,fit,1282,fit,clean,optimum,9.789487155338187e-05,0.00010097702235194112,6.819103730806406e-07,0.61978,0.0025676728825400645,50000,1.0314842927893169
71,1,0.6,fit,1282,fit,clean,optimum,0.0001389782341673509,0.00014320348743520513,7.957987440420158e-07,0.46078,0.0029965094178065615,50000,1.0304022661762013
71,13,4.0,fit,1237,fit,clean,optimum,7.098089882774746e-05,7.287384917514239e-05,5.906738193123714e-07,0.7256,0.0022241297509861912,50000,1.0266684471267211
34,27,30.0,fit,1283,fit,clean,optimum,6.05318929854567e-05,6.39770782299264e-05,5.588622399203927e-07,0.7591,0.002104346077089952,50000,1.0569152074146673
71,3,1.0,fit,1282,fit,clean,optimum,6.542668088577777e-05,6.979848775587073e-05,5.901729463947999e-07,0.73718,0.002222243758546691,50000,1.0668199396775955
34,23,20.0,fit,1283,fit,clean,optimum,6.567625303281089e-05,6.842280795001343e-05,5.726206707602243e-07,0.74236,0.002156152225182615,50000,1.0418196043527392
71,11,3.0,fit,1238,fit,clean,optimum,8.291800209366489e-05,8.529745946819328e-05,6.356414930846476e-07,0.67882,0.0023934515285892535,50000,1.0286965111851167
71,7,1.8,fit,1238,fit,clean,optimum,9.419811702117191e-05,9.71474272167168e-05,6.762245020233692e-07,0.6342,0.0025462632405933968,50000,1.0313096512840274
71,9,2.0,fit,1238,fit,clean,optimum,9.518951976872982e-05,9.790166093266943e-05,6.725537829362519e-07,0.63136,0.00253244147422719,50000,1.028492014357557
34,29,40.0,fit,1283,fit,clean,optimum,6.057090483395352e-05,6.412580037110017e-05,5.587768676824163e-07,0.75854,0.002104024615518128,50000,1.058689820581216
71,15,5.0,fit,1235,fit,clean,optimum,7.731315739395325e-05,7.894489943805695e-05,6.133011868512488e-07,0.70274,0.0023093310916995876,50000,1.0211056190059482
71,5,1.4,fit,1283,fit,clean,optimum,9.789487155338187e-05,0.00010172063305780992,6.910804040290628e-07,0.61698,0.0026022018187871337,50000,1.0390803056760933
71,1,0.6,fit,1283,fit,clean,optimum,0.0001389782341673509,0.00014258204134530049,7.944360552413416e-07,0.46312,0.002991378334281574,50000,1.0259307308050127
71,13,4.0,fit,1238,fit,clean,optimum,7.098089882774746e-05,7.384585459781375e-05,5.943309040338253e-07,0.72194,0.002237900178360696,50000,1.0403623484258604
71,11,3.0,fit,1239,fit,clean,optimum,8.291800209366489e-05,8.489378508500737e-05,6.361797663545996e-07,0.68034,0.002395478348730452,50000,1.02382815482108
71,7,1.8,fit,1239,fit,clean,optimum,9.419811702117191e-05,9.571332085539841e-05,6.710949499158852e-07,0.6396,0.002526948368190942,50000,1.016085287924449
71,17,6.0,fit,1234,fit,clean,optimum,6.74999402073383e-05,7.133351271298558e-05,5.83818508167996e-07,0.7314,0.0021983166863641258,50000,1.0567937170591821
71,3,1.0,fit,1283,fit,clean,optimum,6.542668088577777e-05,6.947979745335551e-05,5.878563842188412e-07,0.73838,0.002213520949634054,50000,1.0619489864487195
71,19,8.0,fit,1234,fit,clean,optimum,6.354667228420563e-05,6.700463610382079e-05,5.682480725480445e-07,0.7477,0.0021396875953736626,50000,1.054416127474776
71,9,2.0,fit,1239,fit,clean,optimum,9.518951976872982e-05,9.715273872175873e-05,6.75154761412281e-07,0.63418,0.0025422352274308544,50000,1.0206243182841839
71,21,10.0,fit,1234,fit,clean,optimum,5.6759912623658966e-05,6.089640530561278e-05,5.414324754499667e-07,0.7707,0.002038715848622258,50000,1.072877009331928
71,15,5.0,fit,1236,fit,clean,optimum,7.731315739395325e-05,7.947604994224895e-05,6.108183371891109e-07,0.70074,0.0022999821420420325,50000,1.0279757368758666
71,23,20.0,fit,1234,fit,clean,optimum,4.230301514705662e-05,4.787259494282495e-05,4.859731619545454e-07,0.81974,0.0018298887344325144,50000,1.1316591684164115
71,13,4.0,fit,1239,fit,clean,optimum,7.098089882774746e-05,7.310224389194495e-05,5.904218170030194e-07,0.72474,0.0022231808586953505,50000,1.02988613978171
71,25,26.0,fit,1234,fit,clean,optimum,4.089224492160689e-05,4.635881600587777e-05,4.787117667665931e-07,0.82544,0.0018025465964484847,50000,1.1336823423304505
71,11,3.0,fit,1240,fit,clean,optimum,8.291800209366489e-05,8.466007886316286e-05,6.315176688600344e-07,0.68122,0.002377923635112483,50000,1.0210096327155846
71,7,1.8,fit,1240,fit,clean,optimum,9.419811702117191e-05,9.560177924951807e-05,6.762106413751172e-07,0.64002,0.0025462110495547263,50000,1.0149011707742595
71,17,6.0,fit,1235,fit,clean,optimum,6.74999402073383e-05,6.910799210042112e-05,5.77769381101244e-07,0.73978,0.002175539236210128,50000,1.0238230121114686
71,9,2.0,fit,1240,fit,clean,optimum,9.518951976872982e-05,9.638788199572225e-05,6.808638015738073e-07,0.63706,0.002563732110579675,50000,1.0125892244220156
71,19,8.0,fit,1235,fit,clean,optimum,6.354667228420563e-05,6.55174146920832e-05,5.609127787843304e-07,0.7533,0.002112067198872777,50000,1.0310125194135051
71,27,30.0,fit,1234,fit,clean,optimum,4.067218295455356e-05,4.624727439999743e-05,4.775141412859406e-07,0.82586,0.0017980370441795874,50000,1.1370738190195837
71,21,10.0,fit,1235,fit,clean,optimum,5.6759912623658966e-05,5.948885646950399e-05,5.378964582379359e-07,0.776,0.0020254012901906138,50000,1.0480787182309286
71,15,5.0,fit,1237,fit,clean,optimum,7.731315739395325e-05,7.908831007418879e-05,6.122019095033061e-07,0.7022,0.002305191860580472,50000,1.0229605508308264
71,13,4.0,fit,1240,fit,clean,optimum,7.098089882774746e-05,7.334657312387327e-05,5.976110744370253e-07,0.72382,0.0022502513683805192,50000,1.033328322621931
71,11,3.0,fit,1241,fit,clean,optimum,8.291800209366489e-05,8.544618160936704e-05,6.342214216399686e-07,0.67826,0.002388104375820043,50000,1.030490116161341
71,23,20.0,fit,1235,fit,clean,optimum,4.230301514705662e-05,4.635881600587777e-05,4.790143649037417e-07,0.82544,0.0018036860028305193,50000,1.0958749830176904
71,25,26.0,fit,1235,fit,clean,optimum,4.089224492160689e-05,4.4945955664727025e-05,4.729349427301345e-07,0.83076,0.001780794479145136,50000,1.0991315285059886
71,7,1.8,fit,1241,fit,clean,optimum,9.419811702117191e-05,9.62710288848e-05,6.767409327384101e-07,0.6375,0.0025482078145360556,50000,1.022005873675396
71,9,2.0,fit,1241,fit,clean,optimum,9.518951976872982e-05,9.756172460998657e-05,6.792942587708687e-07,0.63264,0.002557822136700139,50000,1.0249208615299268
71,17,6.0,fit,1236,fit,clean,optimum,6.74999402073383e-05,7.044117986594305e-05,5.783776331196013e-07,0.73476,0.002177829555106775,50000,1.0435739594667819
71,19,8.0,fit,1236,fit,clean,optimum,6.354667228420563e-05,6.660096172063488e-05,5.625686182516629e-07,0.74922,0.002118302115169624,50000,1.0480637195724314
71,27,30.0,fit,1235,fit,clean,optimum,4.067218295455356e-05,4.4818479543720966e-05,4.725337304096415e-07,0.83124,0.0017792837498233091,50000,1.1019442844707994
71,21,10.0,fit,1236,fit,clean,optimum,5.6759912623658966e-05,5.9844727307312634e-05,5.364164837672891e-07,0.77466,0.00201982857790298,50000,1.0543484748489171
71,15,5.0,fit,1238,fit,clean,optimum,7.731315739395325e-05,7.993815088089601e-05,6.130663827060343e-07,0.699,0.0023084469575667516,50000,1.0339527394226957
71,13,4.0,fit,1241,fit,clean,optimum,7.098089882774746e-05,7.386178911293953e-05,5.9687439321312e-07,0.72188,0.0022474774607287662,50000,1.0405868386110926
71,11,3.0,fit,1242,fit,clean,optimum,8.291800209366489e-05,8.526559043794176e-05,6.346822711259034e-07,0.67894,0.002389839663586119,50000,1.0283121672616402
71,7,1.8,fit,1242,fit,clean,optimum,9.419811702117191e-05,9.662689972260865e-05,6.772623217383897e-07,0.63616,0.0025501710584598194,50000,1.0257837712498101
71,25,26.0,fit,1236,fit,clean,optimum,4.089224492160689e-05,4.5987010652943356e-05,4.789314487109298e-07,0.82684,0.0018033737892783998,50000,1.1245900229029604
71,23,20.0,fit,1236,fit,clean,optimum,4.230301514705662e-05,4.7479543569722894e-05,4.846108484759877e-07,0.82122,0.0018247590641495874,50000,1.1223678360672702
71,9,2.0,fit,1242,fit,clean,optimum,9.518951976872982e-05,9.769982374107648e-05,6.780320318352614e-07,0.63212,0.002553069333396196,50000,1.0263716423661515
71,17,6.0,fit,1237,fit,clean,optimum,6.74999402073383e-05,7.001625946258944e-05,5.806786240831016e-07,0.73636,0.002186493732003305,50000,1.0372788368037336
71,19,8.0,fit,1237,fit,clean,optimum,6.354667228420563e-05,6.635132098366463e-05,5.632644598767025e-07,0.75016,0.0021209222449428155,50000,1.0441352567907176
71,27,30.0,fit,1236,fit,clean,optimum,4.067218295455356e-05,4.5684254865553905e-05,4.7646508772721807e-07,0.82798,0.0017940869262734833,50000,1.1232309541044492
71,21,10.0,fit,1237,fit,clean,optimum,5.6759912623658966e-05,5.997220342831873e-05,5.402425045986483e-07,0.77418,0.0020342351191795604,50000,1.056594357816555
71,13,4.0,fit,1242,fit,clean,optimum,7.098089882774746e-05,7.344749171966976e-05,5.94704718001465e-07,0.72344,0.002239307741620787,50000,1.0347500937950658
71,15,5.0,fit,1239,fit,clean,optimum,7.731315739395325e-05,7.94335579019136e-05,6.104693061102987e-07,0.7009,0.0022986678965464242,50000,1.0274261274462733
71,11,3.0,fit,1243,fit,clean,optimum,8.291800209366489e-05,8.518591786231297e-05,6.358906218671209e-07,0.67924,0.002394389600870112,50000,1.0273513074529488
71,7,1.8,fit,1243,fit,clean,optimum,9.419811702117191e-05,9.616479878396159e-05,6.717694002420581e-07,0.6379,0.002529487950930109,50000,1.020878143056168
71,9,2.0,fit,1243,fit,clean,optimum,9.518951976872982e-05,9.71208696915072e-05,6.719577295579547e-07,0.6343,0.0025301970882251326,50000,1.0202895227065936
71,25,26.0,fit,1237,fit,clean,optimum,4.089224492160689e-05,4.529651499749377e-05,4.734579311253223e-07,0.82944,0.0017827637454493575,50000,1.1077042868233367
71,23,20.0,fit,1237,fit,clean,optimum,4.230301514705662e-05,4.668812931847679e-05,4.80950027936707e-07,0.8242,0.0018109745698851993,50000,1.1036596128237275
71,17,6.0,fit,1238,fit,clean,optimum,6.74999402073383e-05,7.012248956342785e-05,5.779339007669531e-07,0.73596,0.0021761587203842393,50000,1.0388526174694959
71,19,8.0,fit,1238,fit,clean,optimum,6.354667228420563e-05,6.675499536685057e-05,5.664118597448938e-07,0.74864,0.0021327734993174274,50000,1.050487664693063
71,27,30.0,fit,1237,fit,clean,optimum,4.067218295455356e-05,4.504156275548159e-05,4.728526213245592e-07,0.8304,0.0017804845052114746,50000,1.107429193210758
71,13,4.0,fit,1243,fit,clean,optimum,7.098089882774746e-05,7.292696422556159e-05,5.930388734629526e-07,0.7254,0.0022330351521179436,50000,1.0274167477441605
71,21,10.0,fit,1238,fit,clean,optimum,5.6759912623658966e-05,6.055115747788799e-05,5.393287692344287e-07,0.772,0.002030794529903985,50000,1.0667944096279094
71,15,5.0,fit,1240,fit,clean,optimum,7.731315739395325e-05,7.959290305317119e-05,6.127113782740413e-07,0.7003,0.00230711021994082,50000,1.0294871628072486
71,11,3.0,fit,1244,fit,clean,optimum,8.291800209366489e-05,8.53558860236544e-05,6.344156541379165e-07,0.6786,0.0023888357410222407,50000,1.0294011417114906
71,7,1.8,fit,1244,fit,clean,optimum,9.419811702117191e-05,9.643568554109952e-05,6.777242135297834e-07,0.63688,0.0025519102709344317,50000,1.0237538561351995
71,9,2.0,fit,1244,fit,clean,optimum,9.518951976872982e-05,9.721647678226177e-05,6.773385194294192e-07,0.63394,0.0025504579740908057,50000,1.0212939094393647
71,23,20.0,fit,1238,fit,clean,optimum,4.230301514705662e-05,4.7761053336944635e-05,4.863199615536622e-07,0.82016,0.0018311945774897264,50000,1.1290224389659793
71,25,26.0,fit,1238,fit,clean,optimum,4.089224492160689e-05,4.6024191188236804e-05,4.793431964403032e-07,0.8267,0.0018049241887456834,50000,1.1254992548457095
71,17,6.0,fit,1239,fit,clean,optimum,6.74999402073383e-05,7.006406300796674e-05,5.780174356211576e-07,0.73618,0.0021764732634508284,50000,1.037987038103327
71,19,8.0,fit,1239,fit,clean,optimum,6.354667228420563e-05,6.599545014585601e-05,5.625497548115216e-07,0.7515,0.0021182310865628827,50000,1.0385351077189138
71,27,30.0,fit,1238,fit,clean,optimum,4.067218295455356e-05,4.589671506723071e-05,4.786063961990286e-07,0.82718,0.0018021498329446083,50000,1.1284546767139338
71,13,4.0,fit,1244,fit,clean,optimum,7.098089882774746e-05,7.351122978017282e-05,5.935728531595334e-07,0.7232,0.002235045805190346,50000,1.0356480545359932
71,21,10.0,fit,1239,fit,clean,optimum,5.6759912623658966e-05,5.982879279218689e-05,5.393395882452614e-07,0.77472,0.002030835267927379,50000,1.0540677394779627
71,11,3.0,fit,1245,fit,clean,optimum,8.291800209366489e-05,8.49044080950912e-05,6.398341841824043e-07,0.6803,0.00240923873415403,50000,1.0239562694622386
71,7,1.8,fit,1245,fit,clean,optimum,9.419811702117191e-05,9.662158821756672e-05,6.729132253025615e-07,0.63618,0.002533794922500223,50000,1.0257273847188486
71,15,5.0,fit,1241,fit,clean,optimum,7.731315739395325e-05,7.983723228509952e-05,6.205134757828508e-07,0.69938,0.0023364883244412697,50000,1.0326474170274111
71,9,2.0,fit,1245,fit,clean,optimum,9.518951976872982e-05,9.76785777209088e-05,6.758979913268526e-07,0.6322,0.00254503379359508,50000,1.0261484453144247
71,23,20.0,fit,1239,fit,clean,optimum,4.230301514705662e-05,4.643848858150656e-05,4.807324890926494e-07,0.82514,0.0018101554467088467,50000,1.0977583611965702
71,25,26.0,fit,1239,fit,clean,optimum,4.089224492160689e-05,4.523808844203265e-05,4.7459188626536624e-07,0.82966,0.0017870335527114967,50000,1.1062754937704455
71,17,6.0,fit,1240,fit,clean,optimum,6.74999402073383e-05,7.031370374493696e-05,5.786894046403505e-07,0.73524,0.0021790035030491706,50000,1.0416854226678673
71,19,8.0,fit,1240,fit,clean,optimum,6.354667228420563e-05,6.601138466098175e-05,5.623914012080949e-07,0.75144,0.0021176348201480833,50000,1.0387858606624272
71,27,30.0,fit,1239,fit,clean,optimum,4.067218295455356e-05,4.491939813951743e-05,4.7212937457034406e-07,0.83086,0.0017777611838609082,50000,1.1044255527103042
71,13,4.0,fit,1245,fit,clean,optimum,7.098089882774746e-05,7.323503151799295e-05,5.978811481327632e-07,0.72424,0.002251268306870105,50000,1.0317568913253086
71,11,3.0,fit,1246,fit,clean,optimum,8.291800209366489e-05,8.544618160936704e-05,6.365745870515492e-07,0.67826,0.002396965010962093,50000,1.030490116161341
71,7,1.8,fit,1246,fit,clean,optimum,9.419811702117191e-05,9.690840948983039e-05,6.687569979609938e-07,0.6351,0.0025181450179674572,50000,1.0287722573907643
71,21,10.0,fit,1240,fit,clean,optimum,5.6759912623658966e-05,5.983941580227071e-05,5.386078203146059e-07,0.77468,0.0020280798608445275,50000,1.0542548963919323
71,15,5.0,fit,1242,fit,clean,optimum,7.731315739395325e-05,7.965132960863231e-05,6.114240318377816e-07,0.70008,0.0023022628313904953,50000,1.0302428757729396
71,9,2.0,fit,1246,fit,clean,optimum,9.518951976872982e-05,9.793884146796288e-05,6.734300226561391e-07,0.63122,0.0025357408769876946,50000,1.0288826091980792
71,25,26.0,fit,1240,fit,clean,optimum,4.089224492160689e-05,4.545054864370943e-05,4.751929636414975e-07,0.82886,0.001789296856130725,50000,1.1114711048718677
71,23,20.0,fit,1240,fit,clean,optimum,4.230301514705662e-05,4.6555341692428804e-05,4.805072943015787e-07,0.8247,0.0018093074957446905,50000,1.100520649192261
71,17,6.0,fit,1241,fit,clean,optimum,6.74999402073383e-05,6.976661872561921e-05,5.784373681319941e-07,0.7373,0.0021780544819850188,50000,1.0335804522391931
71,19,8.0,fit,1241,fit,clean,optimum,6.354667228420563e-05,6.587859703493375e-05,5.614927248453379e-07,0.75194,0.0021142509342036504,50000,1.0366962527998136
71,13,4.0,fit,1246,fit,clean,optimum,7.098089882774746e-05,7.408487232470015e-05,5.953865679642398e-07,0.72104,0.0022418751870336914,50000,1.0437297012043372
71,27,30.0,fit,1240,fit,clean,optimum,4.067218295455356e-05,4.548772917900288e-05,4.7532902550833954e-07,0.82872,0.0017898091849933287,50000,1.118399010690676
71,7,1.8,fit,1247,fit,clean,optimum,9.419811702117191e-05,9.652066962177023e-05,6.710729820057873e-07,0.63656,0.0025268656499785914,50000,1.0246560406305818
71,11,3.0,fit,1247,fit,clean,optimum,8.291800209366489e-05,8.531339398331903e-05,6.400200123325666e-07,0.67876,0.0024099384535318544,50000,1.0288886831468549
71,21,10.0,fit,1241,fit,clean,optimum,5.6759912623658966e-05,5.9207346702282244e-05,5.341557916344108e-07,0.77706,0.0020113161426702684,50000,1.043119060010729
71,15,5.0,fit,1243,fit,clean,optimum,7.731315739395325e-05,7.91201791044403e-05,6.144437312277638e-07,0.70208,0.0023136332409680062,50000,1.0233727579030214
71,9,2.0,fit,1247,fit,clean,optimum,9.518951976872982e-05,9.737582193351936e-05,6.738328330940644e-07,0.63334,0.0025372576238786274,50000,1.0229678873273162
71,25,26.0,fit,1241,fit,clean,optimum,4.089224492160689e-05,4.490346362439168e-05,4.7271764248834227e-07,0.83092,0.0017799762544043996,50000,1.0980924062857043
71,23,20.0,fit,1241,fit,clean,optimum,4.230301514705662e-05,4.625789741008128e-05,4.785483211033758e-07,0.82582,0.001801931156335269,50000,1.0934893706577753
71,17,6.0,fit,1242,fit,clean,optimum,6.74999402073383e-05,6.992065237183487e-05,5.775971670500374e-07,0.73672,0.0021748907795115183,50000,1.0358624342045477
71,19,8.0,fit,1242,fit,clean,optimum,6.354667228420563e-05,6.592640058031105e-05,5.639837967066753e-07,0.75176,0.002123630843821271,50000,1.0374485116303547
71,13,4.0,fit,1247,fit,clean,optimum,7.098089882774746e-05,7.339437666925057e-05,5.946219622465027e-07,0.72364,0.0022389961321831265,50000,1.0340017931776266
71,27,30.0,fit,1241,fit,clean,optimum,4.067218295455356e-05,4.471224944288254e-05,4.714220678119224e-07,0.83164,0.0017750978831473085,50000,1.0993324231660564
71,7,1.8,fit,1248,fit,clean,optimum,9.419811702117191e-05,9.568145182514688e-05,6.689274109834009e-07,0.63972,0.002518786693052248,50000,1.0157469687386806
71,11,3.0,fit,1248,fit,clean,optimum,8.291800209366489e-05,8.469725939845631e-05,6.340067105443437e-07,0.68108,0.002387295900279004,50000,1.0214580339596406
71,15,5.0,fit,1244,fit,clean,optimum,7.731315739395325e-05,7.965664111367423e-05,6.128426123171837e-07,0.70006,0.0023076043700625153,50000,1.0303115769516389
71,21,10.0,fit,1242,fit,clean,optimum,5.6759912623658966e-05,5.990846536781568e-05,5.379626354827864e-07,0.77442,0.002025650474722411,50000,1.0554714163327361
71,9,2.0,fit,1248,fit,clean,optimum,9.518951976872982e-05,9.680217938899201e-05,6.751496034620962e-07,0.6355,0.0025422158056280166,50000,1.0169415669306903
71,25,26.0,fit,1242,fit,clean,optimum,4.089224492160689e-05,4.529651499749377e-05,4.7526234845063765e-07,0.82944,0.0017895581184606767,50000,1.1077042868233367
71,17,6.0,fit,1243,fit,clean,optimum,6.74999402073383e-05,6.958602755419392e-05,5.790791342229634e-07,0.73798,0.002180470995142417,50000,1.0309050251073977
71,23,20.0,fit,1242,fit,clean,optimum,4.230301514705662e-05,4.656596470251265e-05,4.804328750763869e-07,0.82466,0.0018090272767686967,50000,1.1007717662827785
71,13,4.0,fit,1248,fit,clean,optimum,7.098089882774746e-05,7.281011111463934e-05,5.89663199515904e-07,0.72584,0.0022203243519947893,50000,1.025770486385794
71,19,8.0,fit,1243,fit,clean,optimum,6.354667228420563e-05,6.579892445930495e-05,5.633176365739058e-07,0.75224,0.0021211224770683003,50000,1.0354424880822455
71,11,3.0,fit,1249,fit,clean,optimum,8.291800209366489e-05,8.420860093459968e-05,6.349276825632036e-07,0.68292,0.0023907637385342305,50000,1.015564760466333
71,7,1.8,fit,1249,fit,clean,optimum,9.419811702117191e-05,9.558584473439233e-05,6.722030359801235e-07,0.64008,0.002531120767748103,50000,1.0147320111813753
71,27,30.0,fit,1242,fit,clean,optimum,4.067218295455356e-05,4.504156275548159e-05,4.7388963902782835e-07,0.8304,0.0017843893031739531,50000,1.107429193210758
71,15,5.0,fit,1245,fit,clean,optimum,7.731315739395325e-05,7.884929234730242e-05,6.12869255288137e-07,0.7031,0.002307704691800866,50000,1.0198689977893634
71,9,2.0,fit,1249,fit,clean,optimum,9.518951976872982e-05,9.672250681336318e-05,6.770943202882202e-07,0.6358,0.002549538463935881,50000,1.016104577986714
71,21,10.0,fit,1243,fit,clean,optimum,5.6759912623658966e-05,5.928701927791104e-05,5.378248447338363e-07,0.77676,0.0020251316359079408,50000,1.0445227368655023
71,13,4.0,fit,1249,fit,clean,optimum,7.098089882774746e-05,7.229489512557312e-05,5.917871556291781e-07,0.72778,0.002228321919902609,50000,1.018511970396633
71,17,6.0,fit,1244,fit,clean,optimum,6.74999402073383e-05,6.982504528108033e-05,5.795291935760727e-07,0.73708,0.002182165653622668,50000,1.0344460316053623
71,25,26.0,fit,1243,fit,clean,optimum,4.089224492160689e-05,4.543461412858368e-05,4.751909238493149e-07,0.82892,0.0017892891754746152,50000,1.1110814340392612
71,19,8.0,fit,1244,fit,clean,optimum,6.354667228420563e-05,6.531026599544832e-05,5.60606637883841e-07,0.75408,0.002110914452530363,50000,1.027752731147828
71,23,20.0,fit,1243,fit,clean,optimum,4.230301514705662e-05,4.645442309663231e-05,4.792169433544454e-07,0.82508,0.0018044487939757972,50000,1.098135036832346
71,11,3.0,fit,1250,fit,clean,optimum,8.291800209366489e-05,8.493627712534272e-05,6.297539493515664e-07,0.68018,0.0023712825061121406,50000,1.0243406133857154
71,7,1.8,fit,1250,fit,clean,optimum,9.419811702117191e-05,9.695090153016577e-05,6.752848518973106e-07,0.63494,0.002542725071586147,50000,1.0292233496384555
71,27,30.0,fit,1243,fit,clean,optimum,4.067218295455356e-05,4.505218576556544e-05,4.727730962198432e-07,0.83036,0.0017801850605000855,50000,1.1076903793412325
71,9,2.0,fit,1250,fit,clean,optimum,9.518951976872982e-05,9.780605384191489e-05,6.744823854937358e-07,0.63172,0.002539703455689178,50000,1.0274876276247862
71,15,5.0,fit,1246,fit,clean,optimum,7.731315739395325e-05,7.951854198258432e-05,6.115089887781008e-07,0.70058,0.0023025827291959147,50000,1.0285253463054602
71,21,10.0,fit,1244,fit,clean,optimum,5.6759912623658966e-05,5.968538215605505e-05,5.375389088006345e-07,0.77526,0.002024054969573465,50000,1.0515411211393704
71,13,4.0,fit,1250,fit,clean,optimum,7.098089882774746e-05,7.368119794151424e-05,5.929240566000673e-07,0.72256,0.0022326028194288882,50000,1.0380426165117986
71,11,3.0,fit,1251,fit,clean,optimum,8.291800209366489e-05,8.521778689256449e-05,6.353368785149871e-07,0.67912,0.0023923045295098726,50000,1.0277356513764253
71,17,6.0,fit,1245,fit,clean,optimum,6.74999402073383e-05,6.994720989704446e-05,5.781698855546416e-07,0.73662,0.002177047300121342,50000,1.0362558793709882
71,7,1.8,fit,1251,fit,clean,optimum,9.419811702117191e-05,9.606919169320702e-05,6.691701958050196e-07,0.63826,0.0025197008777125374,50000,1.0198631854988627
71,19,8.0,fit,1245,fit,clean,optimum,6.354667228420563e-05,6.569269435846656e-05,5.616938588586137e-07,0.75264,0.0021150082864482152,50000,1.033770801792155
71,25,26.0,fit,1244,fit,clean,optimum,4.089224492160689e-05,4.5232776936990725e-05,4.747764260061233e-07,0.82968,0.0017877284206982561,50000,1.1061456034929098
71,23,20.0,fit,1244,fit,clean,optimum,4.230301514705662e-05,4.6714686843686385e-05,4.81837835233006e-07,0.8241,0.0018143175293262321,50000,1.1042874055500207
71,27,30.0,fit,1244,fit,clean,optimum,4.067218295455356e-05,4.477598750338559e-05,4.717644884371687e-07,0.8314,0.0017763872375677367,50000,1.100899539948902
71,9,2.0,fit,1251,fit,clean,optimum,9.518951976872982e-05,9.690840948983039e-05,6.717903703984865e-07,0.6351,0.0025295669121897253,50000,1.0180575521893245
71,15,5.0,fit,1247,fit,clean,optimum,7.731315739395325e-05,7.910424458931456e-05,6.122370823544783e-07,0.70214,0.0023053243008244128,50000,1.023166654366924
71,21,10.0,fit,1245,fit,clean,optimum,5.6759912623658966e-05,5.93348228232883e-05,5.362791557076971e-07,0.77658,0.0020193114813041512,50000,1.0453649429783662
71,13,4.0,fit,1251,fit,clean,optimum,7.098089882774746e-05,7.352716429529856e-05,5.931028508172081e-07,0.72314,0.0022332760531572934,50000,1.0358725447212247
71,11,3.0,fit,1252,fit,clean,optimum,8.291800209366489e-05,8.53558860236544e-05,6.342779509484357e-07,0.6786,0.0023883172319051674,50000,1.0294011417114906
71,7,1.8,fit,1252,fit,clean,optimum,9.419811702117191e-05,9.626571737975808e-05,6.707874845038882e-07,0.63752,0.0025257906345182053,50000,1.0219494871444348
71,17,6.0,fit,1246,fit,clean,optimum,6.74999402073383e-05,7.050491792644609e-05,5.764073089209476e-07,0.73452,0.0021704104745143508,50000,1.044518227866239
71,19,8.0,fit,1246,fit,clean,optimum,6.354667228420563e-05,6.707368566936575e-05,5.656269550909121e-07,0.74744,0.002129818010627171,50000,1.0555027235633352
71,25,26.0,fit,1245,fit,clean,optimum,4.089224492160689e-05,4.5153104361361905e-05,4.720268211273154e-07,0.82998,0.0017773750279890064,50000,1.1041972493298757
71,23,20.0,fit,1245,fit,clean,optimum,4.230301514705662e-05,4.6342881490752e-05,4.785336398588174e-07,0.8255,0.0018018758754141646,50000,1.095498307381914
71,9,2.0,fit,1252,fit,clean,optimum,9.518951976872982e-05,9.77051352461184e-05,6.731964744325632e-07,0.6321,0.0025348614719161275,50000,1.0264274416290833
71,27,30.0,fit,1245,fit,clean,optimum,4.067218295455356e-05,4.49884477050624e-05,4.712040003149836e-07,0.8306,0.0017742767693755329,50000,1.106123262558387
71,15,5.0,fit,1248,fit,clean,optimum,7.731315739395325e-05,7.808974712630783e-05,6.040319388253083e-07,0.70596,0.0022744285623683158,50000,1.01004472923538
71,21,10.0,fit,1246,fit,clean,optimum,5.6759912623658966e-05,6.079548670981632e-05,5.42616831544001e-07,0.77108,0.0020431754361955995,50000,1.071099018649215
71,13,4.0,fit,1252,fit,clean,optimum,7.098089882774746e-05,7.415923339528704e-05,5.98696426981e-07,0.72076,0.00225433816688832,50000,1.0447773220687524
71,11,3.0,fit,1253,fit,clean,optimum,8.291800209366489e-05,8.496814615559424e-05,6.348683620544536e-07,0.68006,0.0023905403724326004,50000,1.0247249573091919
71,7,1.8,fit,1253,fit,clean,optimum,9.419811702117191e-05,9.590453503690751e-05,6.670705036869691e-07,0.63888,0.0025117946737214687,50000,1.0181152030390594
71,17,6.0,fit,1247,fit,clean,optimum,6.74999402073383e-05,6.946917444327169e-05,5.767488410855503e-07,0.73842,0.0021716964835152164,50000,1.0291738663750594
71,19,8.0,fit,1247,fit,clean,optimum,6.354667228420563e-05,6.566613683325697e-05,5.5966677258049e-07,0.75274,0.0021073754732921497,50000,1.0333528802196323
71,25,26.0,fit,1246,fit,clean,optimum,4.089224492160689e-05,4.5801107976476146e-05,4.7666315120729324e-07,0.82754,0.0017948327166982761,50000,1.1200438631892151
71,23,20.0,fit,1246,fit,clean,optimum,4.230301514705662e-05,4.721927982266879e-05,4.830132018476397e-07,0.8222,0.0018187432678141277,50000,1.1162154673495948
71,9,2.0,fit,1253,fit,clean,optimum,9.518951976872982e-05,9.662158821756672e-05,6.691143349212997e-07,0.63618,0.0025194905385213704,50000,1.0150443919910115
71,27,30.0,fit,1246,fit,clean,optimum,4.067218295455356e-05,4.5763927441182726e-05,4.7623693474172307e-07,0.82768,0.0017932278364912301,50000,1.1251898500830064
71,15,5.0,fit,1249,fit,clean,optimum,7.731315739395325e-05,7.846686398428414e-05,6.100888802070281e-07,0.70454,0.0022972354366305693,50000,1.014922512923022
71,21,10.0,fit,1247,fit,clean,optimum,5.6759912623658966e-05,5.914892014682113e-05,5.349610692454523e-07,0.77728,0.0020143483439190144,50000,1.0420896969838949
71,13,4.0,fit,1253,fit,clean,optimum,7.098089882774746e-05,7.320847399278336e-05,5.939025569827069e-07,0.72434,0.0022362872756231944,50000,1.031382741016589
71,11,3.0,fit,1254,fit,clean,optimum,8.291800209366489e-05,8.517529485222912e-05,6.362207765320101e-07,0.67928,0.002395632768907358,50000,1.0272231928117899
71,7,1.8,fit,1254,fit,clean,optimum,9.419811702117191e-05,9.656316166210561e-05,6.705164502755548e-07,0.6364,0.0025247700792285304,50000,1.0251071328782733
71,19,8.0,fit,1248,fit,clean,optimum,6.354667228420563e-05,6.577767843913728e-05,5.619774168499186e-07,0.75232,0.0021160759988538965,50000,1.0351081508242275
71,17,6.0,fit,1248,fit,clean,optimum,6.74999402073383e-05,6.949573196848128e-05,5.753610677846706e-07,0.73832,0.0021664709465349184,50000,1.0295673115414998
71,25,26.0,fit,1247,fit,clean,optimum,4.089224492160689e-05,4.533369553278719e-05,4.7546076478804644e-07,0.8293,0.0017903052375383877,50000,1.1086135187660853
71,9,2.0,fit,1254,fit,clean,optimum,9.518951976872982e-05,9.752454407469312e-05,6.774125587780658e-07,0.63278,0.0025507367626754437,50000,1.0245302666894047
71,23,20.0,fit,1247,fit,clean,optimum,4.230301514705662e-05,4.656065319747072e-05,4.81386452847845e-07,0.82468,0.0018126178890864185,50000,1.1006462077375196
71,27,30.0,fit,1247,fit,clean,optimum,4.067218295455356e-05,4.502031673531392e-05,4.736292949039533e-07,0.83048,0.0017834090005221799,50000,1.1069068209498099
71,15,5.0,fit,1250,fit,clean,optimum,7.731315739395325e-05,7.950791897250047e-05,6.108735129656482e-07,0.70062,0.0023001899015230153,50000,1.0283879439480617
71,21,10.0,fit,1248,fit,clean,optimum,5.6759912623658966e-05,5.9478233459420174e-05,5.37458688333197e-07,0.77604,0.002023752906535571,50000,1.0478915613169593
71,13,4.0,fit,1254,fit,clean,optimum,7.098089882774746e-05,7.305444034656768e-05,5.928438600629952e-07,0.72492,0.002232300846498658,50000,1.0292126692260148
71,11,3.0,fit,1255,fit,clean,optimum,8.291800209366489e-05,8.436794608585727e-05,6.335572289439098e-07,0.68232,0.002385603417275085,50000,1.0174864800837158
71,7,1.8,fit,1255,fit,clean,optimum,9.419811702117191e-05,9.703588561083649e-05,6.771768669642401e-07,0.63462,0.002549849286105373,50000,1.030125534133838
71,9,2.0,fit,1255,fit,clean,optimum,9.518951976872982e-05,9.771575825620225e-05,6.755850833824158e-07,0.63206,0.0025438555665503264,50000,1.0265390401549468
71,19,8.0,fit,1249,fit,clean,optimum,6.354667228420563e-05,6.538462706603519e-05,5.592959150658426e-07,0.7538,0.002105979042292949,50000,1.0289229115508913
71,25,26.0,fit,1248,fit,clean,optimum,4.089224492160689e-05,4.5004382220188176e-05,4.740833119897652e-07,0.83054,0.0017851185614930485,50000,1.1005603215588806
71,23,20.0,fit,1248,fit,clean,optimum,4.230301514705662e-05,4.6194159349578236e-05,4.798951324156622e-07,0.82606,0.0018070024545893681,50000,1.0919826681146712
71,17,6.0,fit,1249,fit,clean,optimum,6.74999402073383e-05,6.881585932311552e-05,5.736940017296348e-07,0.74088,0.0021601937575202084,50000,1.019495115280623
71,27,30.0,fit,1248,fit,clean,optimum,4.067218295455356e-05,4.4701626432798725e-05,4.7303099911744325e-07,0.83168,0.0017811561709313649,50000,1.0990712370355828
71,15,5.0,fit,1251,fit,clean,optimum,7.731315739395325e-05,7.94866729523328e-05,6.165090675005265e-07,0.7007,0.002321410081078154,50000,1.0281131392332652
71,21,10.0,fit,1249,fit,clean,optimum,5.6759912623658966e-05,5.9430429914042874e-05,5.3606526121102e-07,0.77622,0.0020185060805938478,50000,1.0470493552040947
71,13,4.0,fit,1255,fit,clean,optimum,7.098089882774746e-05,7.315535894236417e-05,5.916137026488862e-07,0.72454,0.0022276687981266797,50000,1.0306344403991496
71,11,3.0,fit,1256,fit,clean,optimum,8.291800209366489e-05,8.629602241607423e-05,6.329127684986913e-07,0.67506,0.0023831767587663114,50000,1.0407392874540502
71,7,1.8,fit,1256,fit,clean,optimum,9.419811702117191e-05,9.781136534695679e-05,6.722600927823659e-07,0.6317,0.00253133561006414,50000,1.0383579676542023
71,9,2.0,fit,1256,fit,clean,optimum,9.518951976872982e-05,9.880992829483774e-05,6.734753702112715e-07,0.62794,0.002535911629174785,50000,1.0380336883188819
71,19,8.0,fit,1250,fit,clean,optimum,6.354667228420563e-05,6.600607315593983e-05,5.641429554657e-07,0.75146,0.00212423014197789,50000,1.0387022763479226
71,23,20.0,fit,1249,fit,clean,optimum,4.230301514705662e-05,4.582235399664384e-05,4.7597765018862365e-07,0.82746,0.0017922515235590081,50000,1.0831935699465642
71,17,6.0,fit,1250,fit,clean,optimum,6.74999402073383e-05,7.027121170460158e-05,5.794496348497049e-07,0.7354,0.0021818660823119383,50000,1.0410559104015622
71,25,26.0,fit,1249,fit,clean,optimum,4.089224492160689e-05,4.477067599834367e-05,4.715441789880491e-07,0.83142,0.001775557681924352,50000,1.0948451493473148
71,27,30.0,fit,1249,fit,clean,optimum,4.067218295455356e-05,4.44307396756608e-05,4.6937492049820327e-07,0.8327,0.0017673895319452954,50000,1.0924109907084898
71,15,5.0,fit,1252,fit,clean,optimum,7.731315739395325e-05,8.008687302206978e-05,6.136798419980525e-07,0.69844,0.002310756883989401,50000,1.035876372426273
71,13,4.0,fit,1256,fit,clean,optimum,7.098089882774746e-05,7.449385821292799e-05,5.984357665703486e-07,0.7195,0.0022533566732868106,50000,1.0494916159586198
71,21,10.0,fit,1250,fit,clean,optimum,5.6759912623658966e-05,5.9945645903109124e-05,5.390789927633916e-07,0.77428,0.0020298540188094243,50000,1.0561264655316305
71,11,3.0,fit,1257,fit,clean,optimum,8.291800209366489e-05,8.506375324634881e-05,6.318355963828695e-07,0.6797,0.002379120762933415,50000,1.025877989079622
71,7,1.8,fit,1257,fit,clean,optimum,9.419811702117191e-05,9.654722714697982e-05,6.717836326676819e-07,0.63646,0.0025295415418634185,50000,1.0249379732853887
71,9,2.0,fit,1257,fit,clean,optimum,9.518951976872982e-05,9.777949631670526e-05,6.740107425370971e-07,0.63182,0.002537927526068792,50000,1.0272086313101274
71,19,8.0,fit,1251,fit,clean,optimum,6.354667228420563e-05,6.599013864081409e-05,5.603679580831616e-07,0.75152,0.0021100157249614514,50000,1.0384515234044092
71,23,20.0,fit,1250,fit,clean,optimum,4.230301514705662e-05,4.680498242939902e-05,4.822426295553873e-07,0.82376,0.001815841746357701,50000,1.106421900819418
71,17,6.0,fit,1251,fit,clean,optimum,6.74999402073383e-05,6.971350367519999e-05,5.79498940153006e-07,0.7375,0.0021820517370478823,50000,1.0327935619063118
71,25,26.0,fit,1250,fit,clean,optimum,4.089224492160689e-05,4.5615205300008963e-05,4.7537495465222847e-07,0.82824,0.0017899821271011736,50000,1.1154977034754707
71,27,30.0,fit,1250,fit,clean,optimum,4.067218295455356e-05,4.541336810841601e-05,4.730824565379983e-07,0.829,0.0017813499292734878,50000,1.1165707077773568
71,13,4.0,fit,1257,fit,clean,optimum,7.098089882774746e-05,7.30597518516096e-05,5.933849055099817e-07,0.7249,0.0022343381050260107,50000,1.0292874992877588
71,11,3.0,fit,1258,fit,clean,optimum,8.291800209366489e-05,8.435732307577344e-05,6.319102347268118e-07,0.68236,0.002379401806981583,50000,1.017358365442557
71,15,5.0,fit,1253,fit,clean,optimum,7.731315739395325e-05,7.922640920527873e-05,6.15855964083894e-07,0.70168,0.0023189508782289502,50000,1.0247467814770053
71,21,10.0,fit,1251,fit,clean,optimum,5.6759912623658966e-05,5.957915205521664e-05,5.364105586722093e-07,0.77566,0.0020198062674842455,50000,1.0496695519996722
71,7,1.8,fit,1258,fit,clean,optimum,9.419811702117191e-05,9.601607664278783e-05,6.722532977127998e-07,0.63846,0.002531310023833825,50000,1.0192993201892488
71,9,2.0,fit,1258,fit,clean,optimum,9.518951976872982e-05,9.727490333772289e-05,6.806544555274242e-07,0.63372,0.00256294383665456,50000,1.0219077013316138
71,19,8.0,fit,1252,fit,clean,optimum,6.354667228420563e-05,6.640974753912574e-05,5.656129938577403e-07,0.74994,0.0021297654408449283,50000,1.0450546842502675
71,17,6.0,fit,1252,fit,clean,optimum,6.74999402073383e-05,7.009593203821822e-05,5.798834198131509e-07,0.73606,0.002183499461024836,50000,1.038459172303055
71,23,20.0,fit,1251,fit,clean,optimum,4.230301514705662e-05,4.637475052100352e-05,4.788991248312288e-07,0.82538,0.0018032520765832376,50000,1.096251658653466
71,27,30.0,fit,1251,fit,clean,optimum,4.067218295455356e-05,4.5323072522703364e-05,4.74331629534809e-07,0.82934,0.0017860535791314918,50000,1.1143506256683255
71,25,26.0,fit,1251,fit,clean,optimum,4.089224492160689e-05,4.550366369412865e-05,4.747075034045895e-07,0.82866,0.001787468898769952,50000,1.1127700076472238
71,13,4.0,fit,1258,fit,clean,optimum,7.098089882774746e-05,7.268794649867522e-05,5.920340850864966e-07,0.7263,0.0022292517108201348,50000,1.024049394965684
71,11,3.0,fit,1259,fit,clean,optimum,8.291800209366489e-05,8.470788240854016e-05,6.322726181256217e-07,0.68104,0.0023807663294510145,50000,1.0215861486007998
71,15,5.0,fit,1254,fit,clean,optimum,7.731315739395325e-05,7.898739147839233e-05,6.162998292564559e-07,0.70258,0.0023206222130730623,50000,1.021655228435542
71,7,1.8,fit,1259,fit,clean,optimum,9.419811702117191e-05,9.689247497470465e-05,6.787614124900062e-07,0.63516,0.002555815751403854,50000,1.0286030977978802
71,21,10.0,fit,1252,fit,clean,optimum,5.6759912623658966e-05,5.987128483252223e-05,5.406656180290461e-07,0.77456,0.0020358283151835498,50000,1.0548163671338417
71,9,2.0,fit,1259,fit,clean,optimum,9.518951976872982e-05,9.761483966040576e-05,6.783858714182423e-07,0.63244,0.002554401684886737,50000,1.025478854159244
71,19,8.0,fit,1253,fit,clean,optimum,6.354667228420563e-05,6.57829899441792e-05,5.617982984012364e-07,0.7523,0.0021154015442604486,50000,1.035191735138732
71,17,6.0,fit,1253,fit,clean,optimum,6.74999402073383e-05,6.985160280628993e-05,5.781502496236002e-07,0.73698,0.0021769733627687977,50000,1.0348394767718028
71,23,20.0,fit,1252,fit,clean,optimum,4.230301514705662e-05,4.675186737897983e-05,4.819976236513455e-07,0.82396,0.0018149191984090192,50000,1.1051663153668316
71,27,30.0,fit,1252,fit,clean,optimum,4.067218295455356e-05,4.5339007037829115e-05,4.7462757682569513e-07,0.82928,0.0017871679423432385,50000,1.1147424048640366
71,25,26.0,fit,1252,fit,clean,optimum,4.089224492160689e-05,4.558864777479937e-05,4.7647913845987535e-07,0.82834,0.0017941398330580817,50000,1.114848252087793
71,13,4.0,fit,1259,fit,clean,optimum,7.098089882774746e-05,7.390959265831679e-05,5.954685019948003e-07,0.7217,0.0022421837023411757,50000,1.0412603091667876
71,11,3.0,fit,1260,fit,clean,optimum,8.291800209366489e-05,8.602513565893632e-05,6.38088757833469e-07,0.67608,0.002402666486419499,50000,1.0374723641044992
71,15,5.0,fit,1255,fit,clean,optimum,7.731315739395325e-05,7.950260746745855e-05,6.12353264797386e-07,0.70064,0.0023057617754836317,50000,1.0283192427693626
71,7,1.8,fit,1260,fit,clean,optimum,9.419811702117191e-05,9.659503069235712e-05,6.732050154041728e-07,0.63628,0.002534893632185363,50000,1.0254454520640417
71,21,10.0,fit,1253,fit,clean,optimum,5.6759912623658966e-05,5.9345445833372155e-05,5.384617721533298e-07,0.77654,0.0020275299294780936,50000,1.0455520998923362
71,9,2.0,fit,1260,fit,clean,optimum,9.518951976872982e-05,9.759890514528001e-05,6.78623156549431e-07,0.6325,0.002555295160951679,50000,1.025311456370449
71,19,8.0,fit,1254,fit,clean,optimum,6.354667228420563e-05,6.555459522737663e-05,5.60531692004268e-07,0.75316,0.0021106322504841203,50000,1.0315976096150365
71,17,6.0,fit,1254,fit,clean,optimum,6.74999402073383e-05,6.963914260461312e-05,5.778719285777689e-07,0.73778,0.0021759253696156905,50000,1.0316919154402786
71,23,20.0,fit,1253,fit,clean,optimum,4.230301514705662e-05,4.641724256133889e-05,4.803410223789501e-07,0.82522,0.0018086814136029387,50000,1.0972561270155357
71,11,3.0,fit,1261,fit,clean,optimum,8.291800209366489e-05,8.48778505698816e-05,6.333839820710426e-07,0.6804,0.002384951071578339,50000,1.0236359828593415
71,25,26.0,fit,1253,fit,clean,optimum,4.089224492160689e-05,4.507343178573311e-05,4.7244123746356965e-07,0.83028,0.0017789354758582395,50000,1.1022488951668423
71,13,4.0,fit,1260,fit,clean,optimum,7.098089882774746e-05,7.336781914404095e-05,5.945526689959898e-07,0.72374,0.002238735214609045,50000,1.0336276428689066
71,27,30.0,fit,1253,fit,clean,optimum,4.067218295455356e-05,4.497251318993665e-05,4.7176086314133236e-07,0.83066,0.0017763735868385829,50000,1.105731483362676
71,7,1.8,fit,1261,fit,clean,optimum,9.419811702117191e-05,9.592578105707519e-05,6.740191289937136e-07,0.6388,0.0025379591045255586,50000,1.018340749162905
71,15,5.0,fit,1256,fit,clean,optimum,7.731315739395325e-05,8.020372613299201e-05,6.130842335764673e-07,0.698,0.0023085141734322818,50000,1.037387798357655
71,21,10.0,fit,1254,fit,clean,optimum,5.6759912623658966e-05,5.929764228799489e-05,5.379818665256451e-07,0.77672,0.002025722887504502,50000,1.0447098937794723
71,9,2.0,fit,1261,fit,clean,optimum,9.518951976872982e-05,9.777949631670526e-05,6.771119307797582e-07,0.63182,0.002549604774676054,50000,1.0272086313101274
71,19,8.0,fit,1255,fit,clean,optimum,6.354667228420563e-05,6.614417228702974e-05,5.647171571764451e-07,0.75094,0.0021263922474685686,50000,1.0408754685250405
71,17,6.0,fit,1255,fit,clean,optimum,6.74999402073383e-05,6.961258507940353e-05,5.796086569439281e-07,0.73788,0.0021824648658693977,50000,1.0312984702738381
71,23,20.0,fit,1254,fit,clean,optimum,4.230301514705662e-05,4.6305700955458544e-05,4.792361921142529e-07,0.82564,0.0018045212734694829,50000,1.094619397565103
71,11,3.0,fit,1262,fit,clean,optimum,8.291800209366489e-05,8.589765953793022e-05,6.349812355424412e-07,0.67656,0.0023909653875162605,50000,1.0359349884105924
71,13,4.0,fit,1261,fit,clean,optimum,7.098089882774746e-05,7.33518846289152e-05,5.966641552253591e-07,0.7238,0.002246685828277694,50000,1.033403152683675
71,25,26.0,fit,1254,fit,clean,optimum,4.089224492160689e-05,4.491408663447553e-05,4.7361119317712354e-07,0.83088,0.001783340840079191,50000,1.0983521868407757
71,7,1.8,fit,1262,fit,clean,optimum,9.419811702117191e-05,9.68818519646208e-05,6.74481670325379e-07,0.6352,0.002539700762786315,50000,1.0284903247359571
71,27,30.0,fit,1254,fit,clean,optimum,4.067218295455356e-05,4.469100342271487e-05,4.7263735621570607e-07,0.83172,0.001779673943582881,50000,1.0988100509051082
71,15,5.0,fit,1257,fit,clean,optimum,7.731315739395325e-05,7.921047469015294e-05,6.14621466721171e-07,0.70174,0.002314302488166322,50000,1.0245406779409074
71,21,10.0,fit,1255,fit,clean,optimum,5.6759912623658966e-05,5.951541399471359e-05,5.39021194227142e-07,0.7759,0.0020296363835599295,50000,1.048546610515853
71,9,2.0,fit,1262,fit,clean,optimum,9.518951976872982e-05,9.826284327552e-05,6.70133939273286e-07,0.63,0.0025233297680577796,50000,1.0322863642369144
71,19,8.0,fit,1256,fit,clean,optimum,6.354667228420563e-05,6.722240781053952e-05,5.662336800559373e-07,0.74688,0.0021321025795402633,50000,1.0578430843694624
71,17,6.0,fit,1256,fit,clean,optimum,6.74999402073383e-05,7.115292154156033e-05,5.826022076608856e-07,0.73208,0.0021937368149434603,50000,1.0541182899273873
71,11,3.0,fit,1263,fit,clean,optimum,8.291800209366489e-05,8.502657271105536e-05,6.343541969636125e-07,0.67984,0.002388604329496434,50000,1.0254295878355657
71,23,20.0,fit,1255,fit,clean,optimum,4.230301514705662e-05,4.6836851459650545e-05,4.813410280744674e-07,0.82364,0.0018124468461408918,50000,1.1071752520909701
71,13,4.0,fit,1262,fit,clean,optimum,7.098089882774746e-05,7.405831479949055e-05,5.938222621431947e-07,0.72114,0.002235984932543866,50000,1.0433555508956176
71,25,26.0,fit,1255,fit,clean,optimum,4.089224492160689e-05,4.5593959279841294e-05,4.7663646649242594e-07,0.82832,0.0017947322377769284,50000,1.1149781423653287
71,7,1.8,fit,1263,fit,clean,optimum,9.419811702117191e-05,9.708900066125568e-05,6.780584101812704e-07,0.63442,0.0025531686587128466,50000,1.0306893994434518
71,27,30.0,fit,1255,fit,clean,optimum,4.067218295455356e-05,4.531244951261952e-05,4.751838107211588e-07,0.82938,0.0017892623916229576,50000,1.1140894395378511
71,21,10.0,fit,1256,fit,clean,optimum,5.6759912623658966e-05,6.0513976942594545e-05,5.411499990371645e-07,0.77214,0.0020376522088042673,50000,1.066139360429015
71,15,5.0,fit,1258,fit,clean,optimum,7.731315739395325e-05,7.86633896708352e-05,6.11118266354342e-07,0.7038,0.0023011114986476048,50000,1.0174644565348918
71,9,2.0,fit,1263,fit,clean,optimum,9.518951976872982e-05,9.781667685199871e-05,6.749038387535103e-07,0.63168,0.0025412904004682877,50000,1.0275992261506495
71,19,8.0,fit,1257,fit,clean,optimum,6.354667228420563e-05,6.630351743828736e-05,5.634110069561461e-07,0.75034,0.002121474054941251,50000,1.043382997960177
71,11,3.0,fit,1264,fit,clean,optimum,8.291800209366489e-05,8.481411250937855e-05,6.328453896007309e-07,0.68064,0.0023829230495165652,50000,1.0228672950123883
71,13,4.0,fit,1263,fit,clean,optimum,7.098089882774746e-05,7.301725981127423e-05,5.924664250556482e-07,0.72506,0.002230879648535488,50000,1.0286888587938072
71,17,6.0,fit,1257,fit,clean,optimum,6.74999402073383e-05,6.997376742225408e-05,5.785682631582873e-07,0.73652,0.0021785473555689097,50000,1.0366493245374289
71,23,20.0,fit,1256,fit,clean,optimum,4.230301514705662e-05,4.738924798401025e-05,4.871803857453152e-07,0.82156,0.0018344344282847918,50000,1.1202333407978726
71,25,26.0,fit,1256,fit,clean,optimum,4.089224492160689e-05,4.5859534531937263e-05,4.798687178154898e-07,0.82732,0.0018069029927608885,50000,1.1214726562421065
71,7,1.8,fit,1264,fit,clean,optimum,9.419811702117191e-05,9.584079697640447e-05,6.750911283787396e-07,0.63912,0.0025419956229005406,50000,1.0174385646675226
71,27,30.0,fit,1256,fit,clean,optimum,4.067218295455356e-05,4.567363185547009e-05,4.774879835373471e-07,0.82802,0.001797938549502892,50000,1.1229697679739754
71,21,10.0,fit,1257,fit,clean,optimum,5.6759912623658966e-05,6.032276276108544e-05,5.38975123382886e-07,0.77286,0.0020294629078919505,50000,1.0627705359775588
71,9,2.0,fit,1264,fit,clean,optimum,9.518951976872982e-05,9.646224306630912e-05,6.735682939341195e-07,0.63678,0.0025362615251915055,50000,1.0133704141030597
71,15,5.0,fit,1259,fit,clean,optimum,7.731315739395325e-05,7.993815088089601e-05,6.148405218281434e-07,0.699,0.002315127320695873,50000,1.0339527394226957
71,11,3.0,fit,1265,fit,clean,optimum,8.291800209366489e-05,8.564270729591807e-05,6.377704675276503e-07,0.67752,0.002401467992571497,50000,1.0328602370227797
71,13,4.0,fit,1264,fit,clean,optimum,7.098089882774746e-05,7.304912884152574e-05,5.903418146126445e-07,0.72494,0.002222879616807247,50000,1.0291378391642707
71,19,8.0,fit,1258,fit,clean,optimum,6.354667228420563e-05,6.55705297425024e-05,5.634151586460776e-07,0.7531,0.0021214896877605697,50000,1.0318483625585504
71,23,20.0,fit,1257,fit,clean,optimum,4.230301514705662e-05,4.7479543569722894e-05,4.843647034241913e-07,0.82122,0.0018238322268413149,50000,1.1223678360672702
71,17,6.0,fit,1258,fit,clean,optimum,6.74999402073383e-05,6.970819217015809e-05,5.795301015942505e-07,0.73752,0.0021821690726843866,50000,1.032714872873024
71,25,26.0,fit,1257,fit,clean,optimum,4.089224492160689e-05,4.617291332941056e-05,4.781749221364382e-07,0.82614,0.0018005251557234247,50000,1.1291361826167055
71,7,1.8,fit,1265,fit,clean,optimum,9.419811702117191e-05,9.686591744949503e-05,6.7402537742317e-07,0.63526,0.002537982632431141,50000,1.0283211651430728
71,27,30.0,fit,1257,fit,clean,optimum,4.067218295455356e-05,4.580641948151807e-05,4.764235095323617e-07,0.82752,0.0017939303672773862,50000,1.126234594604903
71,9,2.0,fit,1265,fit,clean,optimum,9.518951976872982e-05,9.78697919024179e-05,6.801798511088594e-07,0.63148,0.0025611567559125892,50000,1.0281572187799666
71,21,10.0,fit,1258,fit,clean,optimum,5.6759912623658966e-05,5.911173961152768e-05,5.35074737708193e-07,0.77742,0.0020147763524094274,50000,1.0414346477850005
71,15,5.0,fit,1260,fit,clean,optimum,7.731315739395325e-05,8.000188894139903e-05,6.136950461441192e-07,0.69876,0.0023108141338496445,50000,1.0347771535670856
71,11,3.0,fit,1266,fit,clean,optimum,8.291800209366489e-05,8.516998334718719e-05,6.351504869461797e-07,0.6793,0.0023916026886292322,50000,1.0271591354912102
71,13,4.0,fit,1265,fit,clean,optimum,7.098089882774746e-05,7.314473593228032e-05,5.930641061494055e-07,0.72458,0.0022331301635553943,50000,1.0304847802756616
71,23,20.0,fit,1258,fit,clean,optimum,4.230301514705662e-05,4.590202657227264e-05,4.776757752450463e-07,0.82716,0.001798645662482046,50000,1.085076948125444
71,25,26.0,fit,1258,fit,clean,optimum,4.089224492160689e-05,4.456883880675071e-05,4.708233285871022e-07,0.83218,0.0017728433838289617,50000,1.0899093188009632
71,19,8.0,fit,1259,fit,clean,optimum,6.354667228420563e-05,6.636194399374847e-05,5.659093050325694e-07,0.75012,0.0021308811742293096,50000,1.0443024254197268
71,7,1.8,fit,1266,fit,clean,optimum,9.419811702117191e-05,9.682342540915969e-05,6.706528341575173e-07,0.63542,0.0025252836206104403,50000,1.027870072895382
71,17,6.0,fit,1259,fit,clean,optimum,6.74999402073383e-05,7.020747364409857e-05,5.803233289725189e-07,0.73564,0.0021851558998529875,50000,1.0401116420021053
71,27,30.0,fit,1258,fit,clean,optimum,4.067218295455356e-05,4.4494477736163845e-05,4.7005822937092176e-07,0.83246,0.001769962470753884,50000,1.0939781074913353
71,9,2.0,fit,1266,fit,clean,optimum,9.518951976872982e-05,9.778480782174718e-05,6.712362744346052e-07,0.6318,0.0025274805131013,50000,1.027264430573059
71,21,10.0,fit,1259,fit,clean,optimum,5.6759912623658966e-05,5.995626891319295e-05,5.422866864535121e-07,0.77424,0.0020419323042099066,50000,1.0563136224456
71,15,5.0,fit,1261,fit,clean,optimum,7.731315739395325e-05,7.96725756288e-05,6.13594411954654e-07,0.7,0.002310435204756399,50000,1.0305176804877365
71,11,3.0,fit,1267,fit,clean,optimum,8.291800209366489e-05,8.503188421609728e-05,6.320335591860235e-07,0.67982,0.0023798661742682123,50000,1.0254936451561452
71,13,4.0,fit,1266,fit,clean,optimum,7.098089882774746e-05,7.387241212302334e-05,5.930762807070084e-07,0.72184,0.002233176005769632,50000,1.04073649873458
71,23,20.0,fit,1259,fit,clean,optimum,4.230301514705662e-05,4.645973460167423e-05,4.79488612896171e-07,0.82506,0.001805471741481566,50000,1.0982605953776046
71,25,26.0,fit,1259,fit,clean,optimum,4.089224492160689e-05,4.504156275548159e-05,4.738432650669649e-07,0.8304,0.0017842146861473383,50000,1.1014695535016288
71,7,1.8,fit,1267,fit,clean,optimum,9.419811702117191e-05,9.65897191873152e-05,6.681551548415892e-07,0.6363,0.002515878831210014,50000,1.0253890655330802
71,27,30.0,fit,1259,fit,clean,optimum,4.067218295455356e-05,4.4977824694978547e-05,4.7288283282485237e-07,0.83064,0.0017805982639297843,50000,1.1058620764279126
71,17,6.0,fit,1260,fit,clean,optimum,6.74999402073383e-05,6.997376742225408e-05,5.778212328777072e-07,0.73652,0.002175734479464362,50000,1.0366493245374289
71,19,8.0,fit,1260,fit,clean,optimum,6.354667228420563e-05,6.627695991307776e-05,5.613386071963193e-07,0.75044,0.002113670617898564,50000,1.0429650763876543
71,9,2.0,fit,1267,fit,clean,optimum,9.518951976872982e-05,9.739706795368702e-05,6.737666961374077e-07,0.63326,0.002537008591048442,50000,1.023191084379043
71,21,10.0,fit,1260,fit,clean,optimum,5.6759912623658966e-05,5.951010248967166e-05,5.382057019657574e-07,0.77592,0.002026565719953481,50000,1.048453032058868
71,15,5.0,fit,1262,fit,clean,optimum,7.731315739395325e-05,8.051710493046528e-05,6.123196002766411e-07,0.69682,0.0023056350147238123,50000,1.0414411679009064
71,11,3.0,fit,1268,fit,clean,optimum,8.291800209366489e-05,8.516467184214527e-05,6.335013999793017e-07,0.67932,0.0023853931982724956,50000,1.0270950781706307
71,13,4.0,fit,1267,fit,clean,optimum,7.098089882774746e-05,7.359621386084352e-05,5.919955022041691e-07,0.72288,0.0022291064304070583,50000,1.0368453355238958
71,7,1.8,fit,1268,fit,clean,optimum,9.419811702117191e-05,9.658440768227327e-05,6.708857198856896e-07,0.63632,0.002526160531114466,50000,1.0253326790021187
71,23,20.0,fit,1260,fit,clean,optimum,4.230301514705662e-05,4.641724256133889e-05,4.807878597452594e-07,0.82522,0.001810363939978355,50000,1.0972561270155357
71,25,26.0,fit,1260,fit,clean,optimum,4.089224492160689e-05,4.527526897732607e-05,4.749045866873896e-07,0.82952,0.001788210998349053,50000,1.107184725713194
71,27,30.0,fit,1260,fit,clean,optimum,4.067218295455356e-05,4.512654683615231e-05,4.739593794935549e-07,0.83008,0.0017846519046971602,50000,1.1095186822545517
71,17,6.0,fit,1261,fit,clean,optimum,6.74999402073383e-05,7.014904708863746e-05,5.796266061735099e-07,0.73586,0.002182532452097558,50000,1.0392460626359363
71,9,2.0,fit,1268,fit,clean,optimum,9.518951976872982e-05,9.720585377217792e-05,6.721326464576957e-07,0.63398,0.0025308557222595935,50000,1.0211823109135012
71,19,8.0,fit,1261,fit,clean,optimum,6.354667228420563e-05,6.589984305510145e-05,5.628167906167063e-07,0.75186,0.0021192365861456837,50000,1.037030590057832
71,21,10.0,fit,1261,fit,clean,optimum,5.6759912623658966e-05,5.937200335858175e-05,5.379066622003259e-07,0.77644,0.0020254397123037793,50000,1.0460199921772606
71,11,3.0,fit,1269,fit,clean,optimum,8.291800209366489e-05,8.500001518584576e-05,6.335637428703755e-07,0.67994,0.0023856279448860518,50000,1.0251093012326686
71,15,5.0,fit,1263,fit,clean,optimum,7.731315739395325e-05,7.881211181200897e-05,6.115410744916184e-07,0.70324,0.0023027035450974885,50000,1.019388089538469
71,13,4.0,fit,1268,fit,clean,optimum,7.098089882774746e-05,7.399988824402944e-05,5.940825980645845e-07,0.72136,0.00223696520430991,50000,1.0425324202164346
71,7,1.8,fit,1269,fit,clean,optimum,9.419811702117191e-05,9.604263416799743e-05,6.677702105167028e-07,0.63836,0.0025144293575792885,50000,1.0195812528440558
71,23,20.0,fit,1261,fit,clean,optimum,4.230301514705662e-05,4.620478235966209e-05,4.775317471520115e-07,0.82602,0.0017981033375029751,50000,1.0922337852051887
71,25,26.0,fit,1261,fit,clean,optimum,4.089224492160689e-05,4.496720168489473e-05,4.717930644078426e-07,0.83068,0.0017764948378446767,50000,1.0996510896161313
71,27,30.0,fit,1261,fit,clean,optimum,4.067218295455356e-05,4.4818479543720966e-05,4.7048813533725515e-07,0.83124,0.001771581243448028,50000,1.1019442844707994
71,17,6.0,fit,1262,fit,clean,optimum,6.74999402073383e-05,7.078111618862591e-05,5.805864950126053e-07,0.73348,0.0021861468281793636,50000,1.04861005759722
71,9,2.0,fit,1269,fit,clean,optimum,9.518951976872982e-05,9.766795471082495e-05,6.740273164641022e-07,0.63224,0.002537989933717375,50000,1.0260368467885612
71,19,8.0,fit,1262,fit,clean,optimum,6.354667228420563e-05,6.668594580130559e-05,5.649883975547866e-07,0.7489,0.002127413578997771,50000,1.0494010686045037
71,11,3.0,fit,1270,fit,clean,optimum,8.291800209366489e-05,8.553116569003776e-05,6.373069000170572e-07,0.67794,0.002399722470325224,50000,1.0315150332906118
71,21,10.0,fit,1262,fit,clean,optimum,5.6759912623658966e-05,6.05245999526784e-05,5.401286549611379e-07,0.7721,0.0020338064284916597,50000,1.066326517342985
71,13,4.0,fit,1269,fit,clean,optimum,7.098089882774746e-05,7.36174598810112e-05,5.930973147818828e-07,0.7228,0.0022332552077084736,50000,1.0371446557708714
71,15,5.0,fit,1264,fit,clean,optimum,7.731315739395325e-05,7.924765522544639e-05,6.092100636862584e-07,0.7016,0.0022939263311554403,50000,1.0250215861918017
71,7,1.8,fit,1270,fit,clean,optimum,9.419811702117191e-05,9.648880059151871e-05,6.720127550064728e-07,0.63668,0.0025304042816593243,50000,1.0243177214448136
71,23,20.0,fit,1262,fit,clean,optimum,4.230301514705662e-05,4.725646035796224e-05,4.854892395954908e-07,0.82206,0.001828066567814069,50000,1.1170943771664055
71,27,30.0,fit,1262,fit,clean,optimum,4.067218295455356e-05,4.5923272592440306e-05,4.791667479958156e-07,0.82708,0.001804259787815646,50000,1.1291076420401194
71,25,26.0,fit,1262,fit,clean,optimum,4.089224492160689e-05,4.6109175268907516e-05,4.8039012080157e-07,0.82638,0.001808866289348071,50000,1.1275774992862786
71,17,6.0,fit,1263,fit,clean,optimum,6.74999402073383e-05,6.966038862478079e-05,5.772725108729261e-07,0.7377,0.0021736683155411407,50000,1.0320066715734308
71,9,2.0,fit,1270,fit,clean,optimum,9.518951976872982e-05,9.814599016459775e-05,6.782301050936162e-07,0.63044,0.0025538151606402312,50000,1.0310587804524165
71,19,8.0,fit,1263,fit,clean,optimum,6.354667228420563e-05,6.600607315593983e-05,5.633249352631005e-07,0.75146,0.002121149959633551,50000,1.0387022763479226
71,11,3.0,fit,1271,fit,clean,optimum,8.291800209366489e-05,8.466539036820479e-05,6.356843876205659e-07,0.6812,0.002393613044150586,50000,1.021073690036164
71,13,4.0,fit,1270,fit,clean,optimum,7.098089882774746e-05,7.339968817429246e-05,5.966916397537777e-07,0.72362,0.0022467893188258593,50000,1.03407662323937
71,21,10.0,fit,1263,fit,clean,optimum,5.6759912623658966e-05,5.9982826438402545e-05,5.38721553969708e-07,0.77414,0.002028508114810981,50000,1.0567815147305246
71,7,1.8,fit,1271,fit,clean,optimum,9.419811702117191e-05,9.588328901673984e-05,6.669612971250805e-07,0.63896,0.0025113834661220154,50000,1.0178896569152138
71,23,20.0,fit,1263,fit,clean,optimum,4.230301514705662e-05,4.670406383360256e-05,4.818883409096731e-07,0.82414,0.001814507703961363,50000,1.1040362884595036
71,27,30.0,fit,1263,fit,clean,optimum,4.067218295455356e-05,4.521684242186495e-05,4.7483369037464073e-07,0.82974,0.0017879440445866474,50000,1.1117387643635828
71,25,26.0,fit,1263,fit,clean,optimum,4.089224492160689e-05,4.530713800757759e-05,4.7541097054945065e-07,0.8294,0.001790117741760062,50000,1.1079640673784075
71,15,5.0,fit,1265,fit,clean,optimum,7.731315739395325e-05,7.886522686242816e-05,6.096363496966905e-07,0.70304,0.002295531473227481,50000,1.0200751013254608
71,9,2.0,fit,1271,fit,clean,optimum,9.518951976872982e-05,9.773169277132799e-05,6.707282501513687e-07,0.632,0.002525567592830202,50000,1.0267064379437418
71,17,6.0,fit,1264,fit,clean,optimum,6.74999402073383e-05,6.913454962563071e-05,5.782358000741649e-07,0.73968,0.0021772954953842784,50000,1.0242164572779089
71,19,8.0,fit,1264,fit,clean,optimum,6.354667228420563e-05,6.4800361511424e-05,5.598327868939442e-07,0.756,0.0021080005854294593,50000,1.0197286369553922
71,11,3.0,fit,1272,fit,clean,optimum,8.291800209366489e-05,8.533464000348672e-05,6.380853606956484e-07,0.67868,0.0024026536947990684,50000,1.029144912429173
71,13,4.0,fit,1271,fit,clean,optimum,7.098089882774746e-05,7.292165272051968e-05,5.903322697701263e-07,0.72542,0.002222843676551358,50000,1.0273419176824168
71,23,20.0,fit,1264,fit,clean,optimum,4.230301514705662e-05,4.598169914790143e-05,4.776166848430977e-07,0.82686,0.0017984231628271187,50000,1.0869603263043242
71,27,30.0,fit,1264,fit,clean,optimum,4.067218295455356e-05,4.463788837229568e-05,4.6999766404316035e-07,0.83192,0.0017697344173969412,50000,1.0975041202527374
71,7,1.8,fit,1272,fit,clean,optimum,9.419811702117191e-05,9.638257049068032e-05,6.752450526175772e-07,0.63708,0.0025425752109367854,50000,1.0231899908255855
71,25,26.0,fit,1264,fit,clean,optimum,4.089224492160689e-05,4.474411847313407e-05,4.710897668660224e-07,0.83152,0.0017738466334797382,50000,1.094195697959637
71,21,10.0,fit,1264,fit,clean,optimum,5.6759912623658966e-05,5.873462275355136e-05,5.347020833537981e-07,0.77884,0.002013373155569911,50000,1.0347905773390724
71,15,5.0,fit,1266,fit,clean,optimum,7.731315739395325e-05,7.957165703300351e-05,6.122562580516129e-07,0.70038,0.0023053965052070996,50000,1.029212358092452
71,9,2.0,fit,1272,fit,clean,optimum,9.518951976872982e-05,9.713149270159102e-05,6.698478584263701e-07,0.63426,0.002522252556063597,50000,1.0204011212324569
71,17,6.0,fit,1265,fit,clean,optimum,6.74999402073383e-05,6.948510895839743e-05,5.787520431214633e-07,0.73836,0.002179239362680738,50000,1.0294099334749236
71,11,3.0,fit,1273,fit,clean,optimum,8.291800209366489e-05,8.402269825813247e-05,6.329020982973321e-07,0.68362,0.0023831365810717594,50000,1.0133227542460528
71,19,8.0,fit,1265,fit,clean,optimum,6.354667228420563e-05,6.534213502569985e-05,5.63985519771059e-07,0.75396,0.0021236373318670137,50000,1.0282542370348553
71,13,4.0,fit,1272,fit,clean,optimum,7.098089882774746e-05,7.321909700286718e-05,5.903024276990786e-07,0.7243,0.002222731308886027,50000,1.0315324011400766
71,23,20.0,fit,1265,fit,clean,optimum,4.230301514705662e-05,4.6109175268907516e-05,4.800240180193429e-07,0.82638,0.001807487761871065,50000,1.0899737313905324
71,27,30.0,fit,1265,fit,clean,optimum,4.067218295455356e-05,4.4547592786583037e-05,4.7123753301639493e-07,0.83226,0.0017744030337813715,50000,1.0952840381437061
71,7,1.8,fit,1273,fit,clean,optimum,9.419811702117191e-05,9.562302526968577e-05,6.716117151265522e-07,0.63994,0.0025288942016471415,50000,1.0151267168981053
71,25,26.0,fit,1265,fit,clean,optimum,4.089224492160689e-05,4.477067599834367e-05,4.730196482428028e-07,0.83142,0.00178111343022209,50000,1.0948451493473148
71,21,10.0,fit,1265,fit,clean,optimum,5.6759912623658966e-05,5.898957499556351e-05,5.356839277002276e-07,0.77788,0.002017070203162563,50000,1.0392823432743477
71,15,5.0,fit,1267,fit,clean,optimum,7.731315739395325e-05,7.921578619519488e-05,6.09934356672026e-07,0.70172,0.002296653591997899,50000,1.0246093791196067
71,9,2.0,fit,1273,fit,clean,optimum,9.518951976872982e-05,9.627634038984191e-05,6.743196378810363e-07,0.63748,0.0025390906440231247,50000,1.0114174399004492
71,11,3.0,fit,1274,fit,clean,optimum,8.291800209366489e-05,8.434670006568959e-05,6.327939560449712e-07,0.6824,0.0023827293810352074,50000,1.0172302508013982
71,17,6.0,fit,1266,fit,clean,optimum,6.74999402073383e-05,6.999501344242176e-05,5.777276521994046e-07,0.73644,0.0021753821097402854,50000,1.0369640806705813
71,13,4.0,fit,1273,fit,clean,optimum,7.098089882774746e-05,7.25286013474176e-05,5.910923801289165e-07,0.7269,0.002225705804527482,50000,1.0218044931133659
71,19,8.0,fit,1266,fit,clean,optimum,6.354667228420563e-05,6.660096172063488e-05,5.639011001124258e-07,0.74922,0.0021233194571480146,50000,1.0480637195724314
71,23,20.0,fit,1266,fit,clean,optimum,4.230301514705662e-05,4.6911212530237446e-05,4.834599678571712e-07,0.82336,0.0018204255255019409,50000,1.1089330717245922
71,27,30.0,fit,1266,fit,clean,optimum,4.067218295455356e-05,4.5392122088248306e-05,4.737108568028714e-07,0.82908,0.0017837161146010499,50000,1.1160483355164077
71,25,26.0,fit,1266,fit,clean,optimum,4.089224492160689e-05,4.5455860148751356e-05,4.7488458623824473e-07,0.82884,0.0017881356884359983,50000,1.1116009951494035
71,7,1.8,fit,1274,fit,clean,optimum,9.419811702117191e-05,9.589391202682366e-05,6.713854975452909e-07,0.63892,0.002528042399457457,50000,1.0180024299771364
71,21,10.0,fit,1266,fit,clean,optimum,5.6759912623658966e-05,6.041305834679808e-05,5.406788405326115e-07,0.77252,0.0020358781033451385,50000,1.0643613697463021
71,9,2.0,fit,1274,fit,clean,optimum,9.518951976872982e-05,9.690840948983039e-05,6.761942641528113e-07,0.6351,0.0025461493825802,50000,1.0180575521893245
71,15,5.0,fit,1268,fit,clean,optimum,7.731315739395325e-05,8.036838278929152e-05,6.122513708911232e-07,0.69738,0.0023053781030387835,50000,1.0395175348973293
71,11,3.0,fit,1275,fit,clean,optimum,8.291800209366489e-05,8.471850541862398e-05,6.340466872963736e-07,0.681,0.0023874464291845188,50000,1.0217142632419585
71,17,6.0,fit,1267,fit,clean,optimum,6.74999402073383e-05,6.994189839200257e-05,5.756239413394541e-07,0.73664,0.0021674607735338905,50000,1.0361771903377004
71,13,4.0,fit,1274,fit,clean,optimum,7.098089882774746e-05,7.237987920624384e-05,5.923802602505267e-07,0.72746,0.002230555202622545,50000,1.0197092513845358
71,23,20.0,fit,1267,fit,clean,optimum,4.230301514705662e-05,4.675186737897983e-05,4.81596943262727e-07,0.82396,0.0018134104720293725,50000,1.1051663153668316
71,27,30.0,fit,1267,fit,clean,optimum,4.067218295455356e-05,4.5036251250439664e-05,4.7111242563508704e-07,0.83042,0.001773931953060105,50000,1.1072986001455207
71,25,26.0,fit,1267,fit,clean,optimum,4.089224492160689e-05,4.529120349245184e-05,4.7308150994548546e-07,0.82946,0.0017813463649635403,50000,1.107574396545801
71,19,8.0,fit,1267,fit,clean,optimum,6.354667228420563e-05,6.631945195341313e-05,5.640360139910731e-07,0.75028,0.0021238274633631365,50000,1.0436337509036908
71,7,1.8,fit,1275,fit,clean,optimum,9.419811702117191e-05,9.620729082429696e-05,6.748136942049783e-07,0.63774,0.0025409509691853628,50000,1.0213292353038592
71,21,10.0,fit,1267,fit,clean,optimum,5.6759912623658966e-05,6.006781051907329e-05,5.402187098500915e-07,0.77382,0.0020341455221694134,50000,1.0582787700422835
71,9,2.0,fit,1275,fit,clean,optimum,9.518951976872982e-05,9.680217938899201e-05,6.813801498968745e-07,0.6355,0.002565676374282682,50000,1.0169415669306903
71,15,5.0,fit,1269,fit,clean,optimum,7.731315739395325e-05,7.97788057296384e-05,6.117927166280242e-07,0.6996,0.0023036510811891226,50000,1.0318917040617201
71,11,3.0,fit,1276,fit,clean,optimum,8.291800209366489e-05,8.602513565893632e-05,6.347605954060989e-07,0.67608,0.002390134586699539,50000,1.0374723641044992
71,13,4.0,fit,1275,fit,clean,optimum,7.098089882774746e-05,7.378742804235264e-05,5.963077305689592e-07,0.72216,0.0022453437429230277,50000,1.0395392177466773
71,17,6.0,fit,1268,fit,clean,optimum,6.74999402073383e-05,7.100419940038657e-05,5.805897687028428e-07,0.73264,0.002186159154968896,50000,1.0519149969953203
71,27,30.0,fit,1268,fit,clean,optimum,4.067218295455356e-05,4.556209024958977e-05,4.759131592352585e-07,0.82844,0.001792008688607874,50000,1.120227313603996
71,23,20.0,fit,1268,fit,clean,optimum,4.230301514705662e-05,4.729895239829761e-05,4.840392786846222e-07,0.8219,0.0018226068689173342,50000,1.1180988455284753
71,25,26.0,fit,1268,fit,clean,optimum,4.089224492160689e-05,4.579048496639232e-05,4.77188967729783e-07,0.82758,0.00179681263206441,50000,1.1197840826341445
71,7,1.8,fit,1276,fit,clean,optimum,9.419811702117191e-05,9.717929624696832e-05,6.685085500567452e-07,0.63408,0.002517209509473018,50000,1.0316479704697958
71,19,8.0,fit,1268,fit,clean,optimum,6.354667228420563e-05,6.745080252734208e-05,5.69279852722128e-07,0.74602,0.0021435726718856507,50000,1.0614372098931577
71,9,2.0,fit,1276,fit,clean,optimum,9.518951976872982e-05,9.817254768980736e-05,6.714384722994622e-07,0.63034,0.002528241871184409,50000,1.031337776767075
71,21,10.0,fit,1268,fit,clean,optimum,5.6759912623658966e-05,6.111417701233152e-05,5.441795809321317e-07,0.76988,0.002049059830075665,50000,1.0767137260683095
71,15,5.0,fit,1270,fit,clean,optimum,7.731315739395325e-05,7.958228004308736e-05,6.151321960545203e-07,0.70034,0.0023162255940631193,50000,1.0293497604498505
71,11,3.0,fit,1277,fit,clean,optimum,8.291800209366489e-05,8.595077458834945e-05,6.377290145742869e-07,0.67636,0.002401311905161107,50000,1.0365755616163872
71,13,4.0,fit,1276,fit,clean,optimum,7.098089882774746e-05,7.398926523394559e-05,5.947798935075679e-07,0.7214,0.002239590808305313,50000,1.0423827600929465
71,27,30.0,fit,1269,fit,clean,optimum,4.067218295455356e-05,4.529120349245184e-05,4.7503768386821884e-07,0.82946,0.00178871216395006,50000,1.113567067276903
71,23,20.0,fit,1269,fit,clean,optimum,4.230301514705662e-05,4.688996651006977e-05,4.822536449394388e-07,0.82344,0.001815883223806991,50000,1.1084308375435574
71,17,6.0,fit,1269,fit,clean,optimum,6.74999402073383e-05,7.048898341132032e-05,5.825793903586345e-07,0.73458,0.002193650898420475,50000,1.0442821607663746
71,25,26.0,fit,1269,fit,clean,optimum,4.089224492160689e-05,4.564176282521856e-05,4.768748594997044e-07,0.82814,0.0017956298854507875,50000,1.1161471548631485
71,7,1.8,fit,1277,fit,clean,optimum,9.419811702117191e-05,9.739706795368702e-05,6.825900726034861e-07,0.63326,0.0025702322306626066,50000,1.033959818239213
71,19,8.0,fit,1269,fit,clean,optimum,6.354667228420563e-05,6.685060245760514e-05,5.662378169983304e-07,0.74828,0.0021321181568290373,50000,1.051992182354145
71,9,2.0,fit,1277,fit,clean,optimum,9.518951976872982e-05,9.8395630901568e-05,6.780734117604835e-07,0.6295,0.002553225145825613,50000,1.0336813458102077
71,21,10.0,fit,1269,fit,clean,optimum,5.6759912623658966e-05,6.0221844165288946e-05,5.40771741684331e-07,0.77324,0.0020362279143722817,50000,1.0609925452948452
71,11,3.0,fit,1278,fit,clean,optimum,8.291800209366489e-05,8.515936033710334e-05,6.31639028959359e-07,0.67934,0.002378380605776605,50000,1.0270310208500513
71,15,5.0,fit,1271,fit,clean,optimum,7.731315739395325e-05,7.891834191284735e-05,6.098812459305728e-07,0.70284,0.0022964536082229273,50000,1.0207621131124525
71,27,30.0,fit,1270,fit,clean,optimum,4.067218295455356e-05,4.5891403562188785e-05,4.7587203923628256e-07,0.8272,0.0017918538549076275,50000,1.1283240836486967
71,13,4.0,fit,1277,fit,clean,optimum,7.098089882774746e-05,7.43079555364608e-05,5.94260664817763e-07,0.7202,0.0022376356988374427,50000,1.0468725637975826
71,23,20.0,fit,1270,fit,clean,optimum,4.230301514705662e-05,4.733082142854913e-05,4.824305479084357e-07,0.82178,0.0018165493362086577,50000,1.1188521968000273
71,25,26.0,fit,1270,fit,clean,optimum,4.089224492160689e-05,4.6146355804200964e-05,4.767503816375528e-07,0.82624,0.0017951611751279345,50000,1.1284867312290277
71,17,6.0,fit,1270,fit,clean,optimum,6.74999402073383e-05,7.00587515029248e-05,5.801574812441956e-07,0.7362,0.002184531414977178,50000,1.0379083490700385
71,7,1.8,fit,1278,fit,clean,optimum,9.419811702117191e-05,9.670126079319552e-05,6.69310982833308e-07,0.63588,0.0025202309987504626,50000,1.0265731826832696
71,19,8.0,fit,1270,fit,clean,optimum,6.354667228420563e-05,6.680811041726976e-05,5.666386192844699e-07,0.74844,0.002133627342202961,50000,1.0513235078381082
71,9,2.0,fit,1278,fit,clean,optimum,9.518951976872982e-05,9.731739537805823e-05,6.723901224276851e-07,0.63356,0.0025318252251329124,50000,1.0223540954350674
71,21,10.0,fit,1270,fit,clean,optimum,5.6759912623658966e-05,5.9993449448486396e-05,5.403021248545815e-07,0.7741,0.0020344596139525582,50000,1.0569686716444946
71,11,3.0,fit,1279,fit,clean,optimum,8.291800209366489e-05,8.604107017406209e-05,6.442607139961949e-07,0.67602,0.002425906438613896,50000,1.0376645360662375
71,15,5.0,fit,1272,fit,clean,optimum,7.731315739395325e-05,7.923172071032065e-05,6.076847785026758e-07,0.70166,0.002288183005406732,50000,1.0248154826557043
71,27,30.0,fit,1271,fit,clean,optimum,4.067218295455356e-05,4.517435038152961e-05,4.741633474178504e-07,0.8299,0.0017854199277817125,50000,1.1106940198416864
71,13,4.0,fit,1278,fit,clean,optimum,7.098089882774746e-05,7.370244396168192e-05,5.940671438824005e-07,0.72248,0.002236907012960897,50000,1.0383419367587743
71,23,20.0,fit,1271,fit,clean,optimum,4.230301514705662e-05,4.6385373531087365e-05,4.801207631463028e-07,0.82534,0.0018078520470452158,50000,1.0965027757439836
71,25,26.0,fit,1271,fit,clean,optimum,4.089224492160689e-05,4.545054864370943e-05,4.7556021675866274e-07,0.82886,0.0017906797150916663,50000,1.1114711048718677
71,7,1.8,fit,1279,fit,clean,optimum,9.419811702117191e-05,9.76785777209088e-05,6.772084126019655e-07,0.6322,0.0025499680683995682,50000,1.0369483043801675
71,17,6.0,fit,1271,fit,clean,optimum,6.74999402073383e-05,6.9846291301248e-05,5.743955429642249e-07,0.737,0.0021628353486664214,50000,1.0347607877385145
71,19,8.0,fit,1271,fit,clean,optimum,6.354667228420563e-05,6.571394037863424e-05,5.637959923152888e-07,0.75256,0.0021229236830828204,50000,1.034105139050173
71,9,2.0,fit,1279,fit,clean,optimum,9.518951976872982e-05,9.844874595198721e-05,6.773914541611311e-07,0.6293,0.0025506572951167453,50000,1.034239338439525
71,11,3.0,fit,1280,fit,clean,optimum,8.291800209366489e-05,8.495752314551038e-05,6.319726507809051e-07,0.6801,0.0023796368290839843,50000,1.024596842668033
71,21,10.0,fit,1271,fit,clean,optimum,5.6759912623658966e-05,5.954728302496511e-05,5.38080162969682e-07,0.77578,0.0020260930140251813,50000,1.0491080812577624
71,13,4.0,fit,1279,fit,clean,optimum,7.098089882774746e-05,7.35909023558016e-05,5.964541382594355e-07,0.7229,0.0022458950280646994,50000,1.0367705054621519
71,27,30.0,fit,1272,fit,clean,optimum,4.067218295455356e-05,4.530713800757759e-05,4.725121827409742e-07,0.8294,0.001779202613992703,50000,1.113958846472614
71,15,5.0,fit,1273,fit,clean,optimum,7.731315739395325e-05,7.88811613775539e-05,6.143322882009161e-07,0.70298,0.002313213612158589,50000,1.0202812048615582
71,7,1.8,fit,1280,fit,clean,optimum,9.419811702117191e-05,9.62710288848e-05,6.70704379973446e-07,0.6375,0.002525477711797484,50000,1.022005873675396
71,23,20.0,fit,1272,fit,clean,optimum,4.230301514705662e-05,4.686872048990207e-05,4.811155706568385e-07,0.82352,0.0018115979062797805,50000,1.1079286033625224
71,25,26.0,fit,1272,fit,clean,optimum,4.089224492160689e-05,4.549835218908673e-05,4.7414000664488155e-07,0.82868,0.00178533204017628,50000,1.1126401173696883
71,17,6.0,fit,1272,fit,clean,optimum,6.74999402073383e-05,7.048367190627839e-05,5.788823602056339e-07,0.7346,0.0021797300600749493,50000,1.0442034717330864
71,19,8.0,fit,1272,fit,clean,optimum,6.354667228420563e-05,6.659565021559295e-05,5.648500171676155e-07,0.74924,0.002126892519953003,50000,1.0479801352579265
71,9,2.0,fit,1280,fit,clean,optimum,9.518951976872982e-05,9.693496701504e-05,6.76089315183373e-07,0.635,0.002545754206566584,50000,1.0183365485039833
71,11,3.0,fit,1281,fit,clean,optimum,8.291800209366489e-05,8.532401699340289e-05,6.358457933452921e-07,0.67872,0.002394220803056781,50000,1.029016797788014
71,21,10.0,fit,1272,fit,clean,optimum,5.6759912623658966e-05,6.010499105436671e-05,5.371638018409482e-07,0.77368,0.00202264253766678,50000,1.0589338192411775
71,13,4.0,fit,1280,fit,clean,optimum,7.098089882774746e-05,7.333063860874753e-05,5.962859682884e-07,0.72388,0.002245261798990423,50000,1.0331038324366995
71,27,30.0,fit,1273,fit,clean,optimum,4.067218295455356e-05,4.459539633196031e-05,4.7079912008599967e-07,0.83208,0.00177275222887039,50000,1.09645937573084
71,15,5.0,fit,1274,fit,clean,optimum,7.731315739395325e-05,7.85252905397453e-05,6.144873344036904e-07,0.70432,0.0023137974248502863,50000,1.0156782258887134
71,7,1.8,fit,1281,fit,clean,optimum,9.419811702117191e-05,9.68287369142016e-05,6.765041867344324e-07,0.6354,0.0025473163685066935,50000,1.0279264594263433
71,23,20.0,fit,1273,fit,clean,optimum,4.230301514705662e-05,4.609324075378177e-05,4.781451993468536e-07,0.82644,0.001800413237201838,50000,1.0895970557547567
71,25,26.0,fit,1273,fit,clean,optimum,4.089224492160689e-05,4.476536449330177e-05,4.72041534916859e-07,0.83144,0.001777430431455359,50000,1.0947152590697797
71,17,6.0,fit,1273,fit,clean,optimum,6.74999402073383e-05,6.89114664138701e-05,5.741856910596478e-07,0.74052,0.0021620451699772515,50000,1.0209115178798092
71,9,2.0,fit,1281,fit,clean,optimum,9.518951976872982e-05,9.766264320578303e-05,6.736790021761471e-07,0.63226,0.002536678387234011,50000,1.0259810475256295
71,19,8.0,fit,1273,fit,clean,optimum,6.354667228420563e-05,6.541649609628672e-05,5.600997375528197e-07,0.75368,0.0021090057644014026,50000,1.0294244174379188
71,11,3.0,fit,1282,fit,clean,optimum,8.291800209366489e-05,8.444230715644416e-05,6.275182724130635e-07,0.68204,0.0023628642633697983,50000,1.018383282571828
71,13,4.0,fit,1281,fit,clean,optimum,7.098089882774746e-05,7.364932891126273e-05,5.9830952019006e-07,0.72268,0.0022528813037661485,50000,1.0375936361413352
71,27,30.0,fit,1274,fit,clean,optimum,4.067218295455356e-05,4.44572972008704e-05,4.696707734267924e-07,0.8326,0.0017685035398442024,50000,1.0930639560346753
71,21,10.0,fit,1273,fit,clean,optimum,5.6759912623658966e-05,5.9053313056066556e-05,5.363524360018889e-07,0.77764,0.002019587411736725,50000,1.0404052847581664
71,7,1.8,fit,1282,fit,clean,optimum,9.419811702117191e-05,9.689778647974654e-05,6.752754475685023e-07,0.63514,0.002542689660422139,50000,1.0286594843288412
71,23,20.0,fit,1274,fit,clean,optimum,4.230301514705662e-05,4.582766550168577e-05,4.780495522146796e-07,0.82744,0.0018000530864294335,50000,1.083319128491823
71,15,5.0,fit,1275,fit,clean,optimum,7.731315739395325e-05,8.002313496156672e-05,6.140881707163573e-07,0.69868,0.0023122944094744833,50000,1.0350519582818825
71,25,26.0,fit,1274,fit,clean,optimum,4.089224492160689e-05,4.456352730170879e-05,4.7040344525322657e-07,0.8322,0.0017712623504662452,50000,1.0897794285234275
71,9,2.0,fit,1282,fit,clean,optimum,9.518951976872982e-05,9.723772280242945e-05,6.760791706325078e-07,0.63386,0.002545716008162233,50000,1.0215171064910915
71,17,6.0,fit,1274,fit,clean,optimum,6.74999402073383e-05,6.909736909033727e-05,5.774449233123365e-07,0.73982,0.0021743175192528936,50000,1.0236656340448922
71,11,3.0,fit,1283,fit,clean,optimum,8.291800209366489e-05,8.541962408415744e-05,6.36492365206758e-07,0.67836,0.002396655411915712,50000,1.0301698295584438
71,19,8.0,fit,1274,fit,clean,optimum,6.354667228420563e-05,6.535806954082559e-05,5.610555877563509e-07,0.7539,0.002112604933360059,50000,1.0285049899783687
71,13,4.0,fit,1282,fit,clean,optimum,7.098089882774746e-05,7.38830351331072e-05,5.945840599338718e-07,0.7218,0.002238853414394734,50000,1.040886158858068
71,27,30.0,fit,1275,fit,clean,optimum,4.067218295455356e-05,4.557271325967359e-05,4.746333260340418e-07,0.8284,0.001787189590476117,50000,1.1204884997344697
71,21,10.0,fit,1274,fit,clean,optimum,5.6759912623658966e-05,5.895770596531199e-05,5.349823005776726e-07,0.778,0.002014428288612854,50000,1.0387208725324382
71,7,1.8,fit,1283,fit,clean,optimum,9.419811702117191e-05,9.725896882259711e-05,6.769576693427056e-07,0.63378,0.0025490239169499098,50000,1.0324937684342166
71,23,20.0,fit,1275,fit,clean,optimum,4.230301514705662e-05,4.70599346714112e-05,4.816418733197061e-07,0.8228,0.0018135796521642855,50000,1.1124487109918348
71,25,26.0,fit,1275,fit,clean,optimum,4.089224492160689e-05,4.562051680505089e-05,4.7464768394354975e-07,0.82822,0.001787243653907836,50000,1.1156275937530065
71,15,5.0,fit,1276,fit,clean,optimum,7.731315739395325e-05,8.006031549686014e-05,6.110924504318171e-07,0.69854,0.0023010142910865794,50000,1.0355328665327765
71,9,2.0,fit,1283,fit,clean,optimum,9.518951976872982e-05,9.82362857503104e-05,6.770418030997076e-07,0.6301,0.0025493407151317357,50000,1.032007367922256
71,17,6.0,fit,1275,fit,clean,optimum,6.74999402073383e-05,7.015967009872127e-05,5.800486487374237e-07,0.73582,0.00218412161584901,50000,1.0394034407025121
71,29,40.0,fit,1234,fit,clean,optimum,4.010918238260692e-05,4.583297700672767e-05,4.755644026534196e-07,0.82742,0.001790695476706214,50000,1.1427053428693883
71,19,8.0,fit,1275,fit,clean,optimum,6.354667228420563e-05,6.626633690299391e-05,5.62868239440249e-07,0.75048,0.002119430312116521,50000,1.0427979077586451
71,13,4.0,fit,1283,fit,clean,optimum,7.098089882774746e-05,7.403706877932289e-05,5.970077386917251e-07,0.72122,0.0022479795612729723,50000,1.0430562306486422
71,27,30.0,fit,1276,fit,clean,optimum,4.067218295455356e-05,4.580641948151807e-05,4.751341658380061e-07,0.82752,0.0017890754582292737,50000,1.126234594604903
71,21,10.0,fit,1275,fit,clean,optimum,5.6759912623658966e-05,5.9669447640929276e-05,5.380039096384334e-07,0.77532,0.0020258058888858966,50000,1.0512603857684153
83,1,0.6,fit,1234,fit,clean,optimum,0.00015785222820523964,0.00016083768417437952,8.109264516202582e-07,0.39438,0.0030534714557180387,50000,1.0189129795827665
71,23,20.0,fit,1276,fit,clean,optimum,4.230301514705662e-05,4.7245837347878385e-05,4.820501198121238e-07,0.8221,0.0018151168680351007,50000,1.116843260075888
71,25,26.0,fit,1276,fit,clean,optimum,4.089224492160689e-05,4.608792924873985e-05,4.7592970479934323e-07,0.82646,0.001792070989458402,50000,1.1270579381761365
71,15,5.0,fit,1277,fit,clean,optimum,7.731315739395325e-05,7.976287121451265e-05,6.109254574894338e-07,0.69966,0.0023003854940090458,50000,1.0316856005256227
83,3,1.0,fit,1234,fit,clean,optimum,0.000135251585589336,0.0001380778850697523,7.743307877070057e-07,0.48008,0.0029156737369003837,50000,1.020896608850101
71,17,6.0,fit,1276,fit,clean,optimum,6.74999402073383e-05,7.10998064911411e-05,5.814233259203797e-07,0.73228,0.0021892978405616166,50000,1.0533313995945057
71,29,40.0,fit,1235,fit,clean,optimum,4.010918238260692e-05,4.452634676641537e-05,4.71205505196691e-07,0.83234,0.001774282435873806,50000,1.110128507274781
71,19,8.0,fit,1276,fit,clean,optimum,6.354667228420563e-05,6.733394941641983e-05,5.692339781038324e-07,0.74646,0.0021433999350890798,50000,1.0595983549740577
83,5,1.4,fit,1234,fit,clean,optimum,0.00011805202219545057,0.00012053398391629057,7.458665640956783e-07,0.54614,0.0028084942335894415,50000,1.021024305002847
71,27,30.0,fit,1277,fit,clean,optimum,4.067218295455356e-05,4.582766550168577e-05,4.771434007932025e-07,0.82744,0.001796641053815982,50000,1.126756966865852
83,1,0.6,fit,1235,fit,clean,optimum,0.00015785222820523964,0.00016066240450799614,8.113412544586437e-07,0.39504,0.003055033358926684,50000,1.0178025760846576
71,21,10.0,fit,1276,fit,clean,optimum,5.6759912623658966e-05,6.0747683164439054e-05,5.415414197520284e-07,0.77126,0.00203912606870565,50000,1.0702568125363514
71,23,20.0,fit,1277,fit,clean,optimum,4.230301514705662e-05,4.70599346714112e-05,4.830840109248984e-07,0.8228,0.0018190098930990506,50000,1.1124487109918348
71,25,26.0,fit,1277,fit,clean,optimum,4.089224492160689e-05,4.5939207107566084e-05,4.782592236055926e-07,0.82702,0.0018008425854104497,50000,1.1234210104051405
71,15,5.0,fit,1278,fit,clean,optimum,7.731315739395325e-05,7.947073843720702e-05,6.15710861566384e-07,0.70076,0.0023184045076000428,50000,1.0279070356971673
83,3,1.0,fit,1235,fit,clean,optimum,0.000135251585589336,0.00013722804426304514,7.735297280741889e-07,0.48328,0.0029126574180736308,50000,1.014613201502201
71,29,40.0,fit,1236,fit,clean,optimum,4.010918238260692e-05,4.5115923826068484e-05,4.742874564099255e-07,0.83012,0.0017858872491570876,50000,1.1248278111406407
71,17,6.0,fit,1277,fit,clean,optimum,6.74999402073383e-05,7.015967009872127e-05,5.786626990631923e-07,0.73582,0.002178902945572721,50000,1.0394034407025121
83,5,1.4,fit,1235,fit,clean,optimum,0.00011805202219545057,0.00011983817675579903,7.316071939459268e-07,0.54876,0.0027548018430627935,50000,1.0151302326476987
71,19,8.0,fit,1277,fit,clean,optimum,6.354667228420563e-05,6.585735101476607e-05,5.633666442108611e-07,0.75202,0.002121307010968084,50000,1.0363619155417954
71,27,30.0,fit,1278,fit,clean,optimum,4.067218295455356e-05,4.584360001681152e-05,4.768476344964746e-07,0.82738,0.0017955273721216463,50000,1.127148746061563
83,1,0.6,fit,1236,fit,clean,optimum,0.00015785222820523964,0.00016083768417437952,8.014757840981279e-07,0.39438,0.003017885807403511,50000,1.0189129795827665
71,23,20.0,fit,1278,fit,clean,optimum,4.230301514705662e-05,4.745829754955519e-05,4.864634569389745e-07,0.8213,0.0018317348966052302,50000,1.121865601886235
71,25,26.0,fit,1278,fit,clean,optimum,4.089224492160689e-05,4.5917961087398414e-05,4.776988199877822e-07,0.8271,0.0017987324354119562,50000,1.1229014492949985
71,21,10.0,fit,1277,fit,clean,optimum,5.6759912623658966e-05,5.9669447640929276e-05,5.38358713360242e-07,0.77532,0.002027141870755474,50000,1.0512603857684153
83,3,1.0,fit,1236,fit,clean,optimum,0.000135251585589336,0.00013710587964708095,7.725463330301705e-07,0.48374,0.002908954531467077,50000,1.01370996169594
71,15,5.0,fit,1279,fit,clean,optimum,7.731315739395325e-05,7.957696853804544e-05,6.143916735258722e-07,0.70036,0.0023134372223198806,50000,1.0292810592711512
71,29,40.0,fit,1237,fit,clean,optimum,4.010918238260692e-05,4.444136268574465e-05,4.695536963145295e-07,0.83266,0.0017680626963870697,50000,1.108009688699522
71,17,6.0,fit,1278,fit,clean,optimum,6.74999402073383e-05,7.01915391289728e-05,5.820008956193693e-07,0.7357,0.0021914726279125885,50000,1.0398755749022408
83,5,1.4,fit,1236,fit,clean,optimum,0.00011805202219545057,0.00011976381568521216,7.291127662605655e-07,0.54904,0.0027454092973881704,50000,1.0145003317853165
71,19,8.0,fit,1278,fit,clean,optimum,6.354667228420563e-05,6.647348559962878e-05,5.63067700209543e-07,0.7497,0.0021201813639096373,50000,1.046057696024322
71,27,30.0,fit,1279,fit,clean,optimum,4.067218295455356e-05,4.508405479581696e-05,4.718129311531947e-07,0.83024,0.001776569644307987,50000,1.1084739377326551
83,1,0.6,fit,1237,fit,clean,optimum,0.00015785222820523964,0.0001609704718004275,8.263381626098464e-07,0.39388,0.0031115028832247598,50000,1.019754194354061
71,25,26.0,fit,1279,fit,clean,optimum,4.089224492160689e-05,4.544523713866753e-05,4.74035571540323e-07,0.82888,0.0017849387990751823,50000,1.1113412145943327
71,23,20.0,fit,1279,fit,clean,optimum,4.230301514705662e-05,4.645442309663231e-05,4.794383533084819e-07,0.82508,0.0018052824934726025,50000,1.098135036832346
83,3,1.0,fit,1237,fit,clean,optimum,0.000135251585589336,0.00013689341944540416,7.734028167766495e-07,0.48454,0.0029121795448661773,50000,1.012139109858965
71,21,10.0,fit,1278,fit,clean,optimum,5.6759912623658966e-05,6.0306828245959665e-05,5.413451261685086e-07,0.77292,0.0020383869426689786,50000,1.0624898006066037
71,15,5.0,fit,1280,fit,clean,optimum,7.731315739395325e-05,7.958228004308736e-05,6.179246085563734e-07,0.70034,0.0023267401750710053,50000,1.0293497604498505
71,29,40.0,fit,1238,fit,clean,optimum,4.010918238260692e-05,4.505218576556544e-05,4.7431338678244977e-07,0.83036,0.00178598488766941,50000,1.1232386972091961
83,5,1.4,fit,1237,fit,clean,optimum,0.00011805202219545057,0.0001198328652507571,7.31116290664631e-07,0.54878,0.0027529533904023084,50000,1.015085239728957
71,17,6.0,fit,1279,fit,clean,optimum,6.74999402073383e-05,7.041993384577534e-05,5.794751868455583e-07,0.73484,0.002181962296080547,50000,1.043259203333629
71,19,8.0,fit,1279,fit,clean,optimum,6.354667228420563e-05,6.626633690299391e-05,5.676395850046596e-07,0.75048,0.002137396389628464,50000,1.0427979077586451
71,27,30.0,fit,1280,fit,clean,optimum,4.067218295455356e-05,4.4632576867253756e-05,4.696917877172407e-07,0.83194,0.0017685826672865466,50000,1.0973735271875
83,1,0.6,fit,1238,fit,clean,optimum,0.00015785222820523964,0.0001621283798995661,8.105110053216659e-07,0.38952,0.0030519071296171933,50000,1.0270895871597492
71,25,26.0,fit,1280,fit,clean,optimum,4.089224492160689e-05,4.4839725563888636e-05,4.708541600432056e-07,0.83116,0.0017729594769357556,50000,1.0965337229552774
83,3,1.0,fit,1238,fit,clean,optimum,0.000135251585589336,0.00013748299650505726,7.888285133029649e-07,0.48232,0.002970263633668018,50000,1.0164982237065707
71,23,20.0,fit,1280,fit,clean,optimum,4.230301514705662e-05,4.597638764285953e-05,4.782523275291851e-07,0.82688,0.0018008166188478538,50000,1.086834767759066
71,21,10.0,fit,1279,fit,clean,optimum,5.6759912623658966e-05,5.973318570143232e-05,5.395838643121809e-07,0.77508,0.0020317550677392653,50000,1.0523833272522343
71,15,5.0,fit,1281,fit,clean,optimum,7.731315739395325e-05,7.926890124561407e-05,6.117097364616163e-07,0.70152,0.002303338626750115,50000,1.0252963909065984
71,29,40.0,fit,1239,fit,clean,optimum,4.010918238260692e-05,4.442011666557695e-05,4.700953584335605e-07,0.83274,0.001770102276938179,50000,1.1074799840557068
83,5,1.4,fit,1238,fit,clean,optimum,0.00011805202219545057,0.00012016217856335615,7.308332836758726e-07,0.54754,0.002751887752747727,50000,1.0178748006909355
71,27,30.0,fit,1281,fit,clean,optimum,4.067218295455356e-05,4.532838402774529e-05,4.749415882300923e-07,0.82932,0.0017883503243683666,50000,1.1144812187335629
71,19,8.0,fit,1280,fit,clean,optimum,6.354667228420563e-05,6.550148017695744e-05,5.616565802635145e-07,0.75336,0.002114867917212735,50000,1.0307617664699913
71,17,6.0,fit,1280,fit,clean,optimum,6.74999402073383e-05,6.946917444327169e-05,5.78949228445879e-07,0.73842,0.00217998184648847,50000,1.0291738663750594
83,1,0.6,fit,1239,fit,clean,optimum,0.00015785222820523964,0.00016044463280127743,8.159214781885027e-07,0.39586,0.0030722797841628855,50000,1.0164229838597345
83,3,1.0,fit,1239,fit,clean,optimum,0.000135251585589336,0.0001387046426646989,7.790474962591981e-07,0.47772,0.002933434083600487,50000,1.0255306217691778
71,25,26.0,fit,1281,fit,clean,optimum,4.089224492160689e-05,4.5785173461350396e-05,4.771002486436722e-07,0.8276,0.0017964785682334976,50000,1.1196541923566088
71,23,20.0,fit,1281,fit,clean,optimum,4.230301514705662e-05,4.744236303442945e-05,4.845180661036829e-07,0.82136,0.0018244097003757701,50000,1.1214889262504593
71,29,40.0,fit,1240,fit,clean,optimum,4.010918238260692e-05,4.477598750338559e-05,4.7121745566490836e-07,0.8314,0.0017743274342993862,50000,1.1163525368396041
71,15,5.0,fit,1282,fit,clean,optimum,7.731315739395325e-05,7.952385348762625e-05,6.107846486493986e-07,0.70056,0.0022998552908409273,50000,1.0285940474841595
71,21,10.0,fit,1280,fit,clean,optimum,5.6759912623658966e-05,5.881960683422208e-05,5.362837207985383e-07,0.77852,0.0020193286707478404,50000,1.0362878326508307
83,5,1.4,fit,1239,fit,clean,optimum,0.00011805202219545057,0.00011984879976588288,7.282252791414859e-07,0.54872,0.0027420675435459907,50000,1.015220218485182
71,27,30.0,fit,1282,fit,clean,optimum,4.067218295455356e-05,4.587546904706304e-05,4.7612003523046917e-07,0.82726,0.0017927876617749065,50000,1.1279323044529856
71,19,8.0,fit,1281,fit,clean,optimum,6.354667228420563e-05,6.633538646853887e-05,5.614068677652321e-07,0.75022,0.002113927647001894,50000,1.0438845038472042
83,1,0.6,fit,1240,fit,clean,optimum,0.00015785222820523964,0.00016128916210294273,8.02816517831868e-07,0.39268,0.00302293422107594,50000,1.021773109805168
71,17,6.0,fit,1281,fit,clean,optimum,6.74999402073383e-05,7.0111866553344e-05,5.774731496118176e-07,0.736,0.0021744238028740454,50000,1.0386952394029194
71,25,26.0,fit,1282,fit,clean,optimum,4.089224492160689e-05,4.610386376386559e-05,4.778841521641885e-07,0.8264,0.0017994302872446984,50000,1.1274476090087429
83,3,1.0,fit,1240,fit,clean,optimum,0.000135251585589336,0.00013683499288994302,7.855848917238771e-07,0.48476,0.002958050064995907,50000,1.0117071256037968
71,23,20.0,fit,1282,fit,clean,optimum,4.230301514705662e-05,4.734144443863295e-05,4.828741728405853e-07,0.82174,0.0018182197664488567,50000,1.1191033138905442
71,29,40.0,fit,1241,fit,clean,optimum,4.010918238260692e-05,4.4287329039528966e-05,4.682951702370876e-07,0.83324,0.0017633238283355128,50000,1.104169330031865
71,15,5.0,fit,1283,fit,clean,optimum,7.731315739395325e-05,7.980005174980608e-05,6.118304631796753e-07,0.69952,0.002303793212473394,50000,1.0321665087765168
71,21,10.0,fit,1281,fit,clean,optimum,5.6759912623658966e-05,6.017404061991168e-05,5.381682374431189e-07,0.77342,0.002026424650624382,50000,1.0601503391819813
83,5,1.4,fit,1240,fit,clean,optimum,0.00011805202219545057,0.00011939201033227774,7.500477467832692e-07,0.55044,0.002824238105258928,50000,1.0113508274734053
71,27,30.0,fit,1283,fit,clean,optimum,4.067218295455356e-05,4.52274654319488e-05,4.7450533815032914e-07,0.8297,0.0017867076634791453,50000,1.1119999504940574
83,1,0.6,fit,1241,fit,clean,optimum,0.00015785222820523964,0.00016080581514412798,8.127313426946643e-07,0.3945,0.003060267612589439,50000,1.0187110880376555
71,19,8.0,fit,1282,fit,clean,optimum,6.354667228420563e-05,6.648410860971264e-05,5.615159277509491e-07,0.74966,0.0021143383026818053,50000,1.0462248646533312
71,17,6.0,fit,1282,fit,clean,optimum,6.74999402073383e-05,7.005343999788288e-05,5.760939748966697e-07,0.73622,0.0021692306431038374,50000,1.0378296600367505
71,25,26.0,fit,1283,fit,clean,optimum,4.089224492160689e-05,4.548772917900288e-05,4.7549525566576364e-07,0.82872,0.0017904351098719164,50000,1.1123803368146168
71,23,20.0,fit,1283,fit,clean,optimum,4.230301514705662e-05,4.6629702763015665e-05,4.818395209440363e-07,0.82442,0.0018143238767212438,50000,1.102278468825882
83,3,1.0,fit,1241,fit,clean,optimum,0.000135251585589336,0.00013681905837481726,7.819207774793281e-07,0.48482,0.002944253168577168,50000,1.0115893117160237
71,29,40.0,fit,1242,fit,clean,optimum,4.010918238260692e-05,4.452634676641537e-05,4.712141444701561e-07,0.83234,0.0017743149662899384,50000,1.110128507274781
83,5,1.4,fit,1241,fit,clean,optimum,0.00011805202219545057,0.0001198806687961344,7.365910070242396e-07,0.5486,0.0027735679481082714,50000,1.0154901759976316
71,21,10.0,fit,1282,fit,clean,optimum,5.6759912623658966e-05,6.010499105436671e-05,5.37451060710033e-07,0.77368,0.0020237241853987035,50000,1.0589338192411775
83,7,1.8,fit,1234,fit,clean,optimum,0.00010505189552524004,0.00010722335228123904,7.034037136539513e-07,0.59626,0.0026486041455387015,50000,1.0206703243681812
83,9,2.0,fit,1234,fit,clean,optimum,9.900914302402047e-05,0.00010076987365530623,6.866589090807685e-07,0.62056,0.002585553072665654,50000,1.0177835155169315
83,1,0.6,fit,1242,fit,clean,optimum,0.00015785222820523964,0.0001603649602256486,8.092015743801197e-07,0.39616,0.003046976583825702,50000,1.0159182549969579
83,11,3.0,fit,1234,fit,clean,optimum,8.717915811021425e-05,9.027965119751424e-05,6.538692785887886e-07,0.66006,0.002462086634308939,50000,1.0355646137736298
71,17,6.0,fit,1283,fit,clean,optimum,6.74999402073383e-05,7.030308073485311e-05,5.792550223821193e-07,0.73528,0.002181133286367852,50000,1.041528044601291
83,3,1.0,fit,1242,fit,clean,optimum,0.000135251585589336,0.00013767421068656638,7.7808939387371e-07,0.4816,0.0029298264342509095,50000,1.0179119903598484
71,19,8.0,fit,1283,fit,clean,optimum,6.354667228420563e-05,6.661689623576063e-05,5.668742583772455e-07,0.74916,0.002134514620256605,50000,1.0483144725159448
83,13,4.0,fit,1234,fit,clean,optimum,7.961416787120876e-05,8.255672286656256e-05,6.261581922800899e-07,0.68914,0.002357743002551106,50000,1.0369601928153536
71,29,40.0,fit,1243,fit,clean,optimum,4.010918238260692e-05,4.4648511382379534e-05,4.7032287769203084e-07,0.83188,0.0017709589804776643,50000,1.113174308976716
83,5,1.4,fit,1242,fit,clean,optimum,0.00011805202219545057,0.00012084205120872191,7.352656958559068e-07,0.54498,0.0027685776067346945,50000,1.0236338942898588
71,21,10.0,fit,1283,fit,clean,optimum,5.6759912623658966e-05,5.99137768728576e-05,5.408472491887465e-07,0.7744,0.002036512231166936,50000,1.0555649947897212
83,7,1.8,fit,1235,fit,clean,optimum,0.00010505189552524004,0.00010670282478713088,7.00988520143728e-07,0.59822,0.0026395099491060073,50000,1.0157153686150688
83,9,2.0,fit,1235,fit,clean,optimum,9.900914302402047e-05,0.00010070613559480319,6.878455271861853e-07,0.6208,0.0025900211776417456,50000,1.0171397561775786
83,1,0.6,fit,1243,fit,clean,optimum,0.00015785222820523964,0.0001616078524054579,8.168990037416959e-07,0.39148,0.0030759605697235812,50000,1.0237920252562744
83,11,3.0,fit,1235,fit,clean,optimum,8.717915811021425e-05,8.850029700847104e-05,6.424305024313049e-07,0.66676,0.002419014939686773,50000,1.01515429750522
83,3,1.0,fit,1243,fit,clean,optimum,0.000135251585589336,0.0001380194585142912,7.805024029010983e-07,0.4803,0.0029389124052077065,50000,1.020464624594933
83,13,4.0,fit,1235,fit,clean,optimum,7.961416787120876e-05,8.135632272708862e-05,6.264567327577762e-07,0.69366,0.002358867130177194,50000,1.0218824727113665
83,15,5.0,fit,1234,fit,clean,optimum,7.421010478494156e-05,7.711774170363647e-05,6.108875524059778e-07,0.70962,0.0023002427657873577,50000,1.039181145574732
83,17,6.0,fit,1234,fit,clean,optimum,7.08690632791047e-05,7.399457673898751e-05,5.984978149460825e-07,0.72138,0.002253590310929039,50000,1.0441026495238628
71,29,40.0,fit,1244,fit,clean,optimum,4.010918238260692e-05,4.4329821079864305e-05,4.6879152039036775e-07,0.83308,0.001765192790708184,50000,1.105228739319494
83,5,1.4,fit,1243,fit,clean,optimum,0.00011805202219545057,0.00012024185113898496,7.36123298613619e-07,0.54724,0.0027718068336711043,50000,1.0185496944720596
83,9,2.0,fit,1236,fit,clean,optimum,9.900914302402047e-05,0.00010091859579648,6.814152472099608e-07,0.62,0.002565808530094676,50000,1.0192856206420884
83,7,1.8,fit,1236,fit,clean,optimum,0.00010505189552524004,0.00010712774519048447,6.986750095842508e-07,0.59662,0.0026307986307839188,50000,1.019760230454344
83,19,8.0,fit,1234,fit,clean,optimum,6.198146136090266e-05,6.582017047947262e-05,5.639929812831416e-07,0.75216,0.0021236654275273727,50000,1.0619331818625268
83,1,0.6,fit,1244,fit,clean,optimum,0.00015785222820523964,0.0001616822134760448,8.011114200562581e-07,0.3912,0.0030165138269987327,50000,1.0242631055281994
83,3,1.0,fit,1244,fit,clean,optimum,0.000135251585589336,0.00013715899469750014,7.773176652061569e-07,0.48354,0.002926920558566099,50000,1.0141026746551838
83,11,3.0,fit,1236,fit,clean,optimum,8.717915811021425e-05,8.933420330005247e-05,6.517615489121487e-07,0.66362,0.002454150165605605,50000,1.0247197293086239
83,13,4.0,fit,1236,fit,clean,optimum,7.961416787120876e-05,8.154753690859775e-05,6.227421434416819e-07,0.69294,0.002344880174364189,50000,1.0242842334358955
83,17,6.0,fit,1235,fit,clean,optimum,7.08690632791047e-05,7.235863318607616e-05,5.949874145344928e-07,0.72754,0.002240372210281917,50000,1.0210186199457028
71,29,40.0,fit,1245,fit,clean,optimum,4.010918238260692e-05,4.452103526137344e-05,4.691360162412517e-07,0.83236,0.0017664899592062465,50000,1.1099960811138272
83,15,5.0,fit,1235,fit,clean,optimum,7.421010478494156e-05,7.601294865491713e-05,6.067487511805022e-07,0.71378,0.002284658477745415,50000,1.0242937787946824
83,5,1.4,fit,1244,fit,clean,optimum,0.00011805202219545057,0.00012087923174401535,7.369777423695695e-07,0.54484,0.002775024165667241,50000,1.0239488447210499
83,9,2.0,fit,1237,fit,clean,optimum,9.900914302402047e-05,0.00010098764536202497,6.826854257970899e-07,0.61974,0.0025705912746354586,50000,1.019983026593054
83,1,0.6,fit,1245,fit,clean,optimum,0.00015785222820523964,0.0001595044964088576,8.09667815986374e-07,0.3994,0.003048732175141439,50000,1.0104671832789696
83,7,1.8,fit,1237,fit,clean,optimum,0.00010505189552524004,0.000106761251342592,6.981662089761926e-07,0.598,0.0026288827873307257,50000,1.0162715371179691
83,3,1.0,fit,1245,fit,clean,optimum,0.000135251585589336,0.00013728115931346433,7.813269510566286e-07,0.48308,0.002942017167978419,50000,1.0150059144614447
83,19,8.0,fit,1235,fit,clean,optimum,6.198146136090266e-05,6.406206231059711e-05,5.621254376908251e-07,0.75878,0.0021166333581700914,50000,1.0335681170467992
83,11,3.0,fit,1237,fit,clean,optimum,8.717915811021425e-05,8.890397139165694e-05,6.462179292375109e-07,0.66524,0.0024332761585929563,50000,1.0197846976138738
83,13,4.0,fit,1237,fit,clean,optimum,7.961416787120876e-05,8.196714580690944e-05,6.257627737174736e-07,0.69136,0.0023562540891094524,50000,1.029554763914723
71,29,40.0,fit,1246,fit,clean,optimum,4.010918238260692e-05,4.525933446220032e-05,4.7500970055711097e-07,0.82958,0.0017886067952800238,50000,1.1284033174863901
83,17,6.0,fit,1236,fit,clean,optimum,7.08690632791047e-05,7.341031118437631e-05,5.949233878580294e-07,0.72358,0.0022401311235241785,50000,1.0358583532459484
83,15,5.0,fit,1236,fit,clean,optimum,7.421010478494156e-05,7.631570444230655e-05,6.073974781091435e-07,0.71264,0.002287101201318193,50000,1.0283734898834458
83,5,1.4,fit,1245,fit,clean,optimum,0.00011805202219545057,0.00012052336090620672,7.358748770896702e-07,0.54618,0.0027708714245093385,50000,1.0209343191653637
83,1,0.6,fit,1246,fit,clean,optimum,0.00015785222820523964,0.00016105545588109823,8.144151867266455e-07,0.39356,0.0030666079775846402,50000,1.0202925718076894
83,9,2.0,fit,1238,fit,clean,optimum,9.900914302402047e-05,0.00010116292502840833,6.909613765080241e-07,0.61908,0.002601753631239163,50000,1.0217533647762747
83,7,1.8,fit,1238,fit,clean,optimum,0.00010505189552524004,0.00010700026906947841,7.093312412702691e-07,0.5971,0.0026709237237732544,50000,1.0185467719025616
83,3,1.0,fit,1246,fit,clean,optimum,0.000135251585589336,0.00013721210974791936,7.711387314158677e-07,0.48334,0.0029036543327354797,50000,1.0144953876144276
83,19,8.0,fit,1236,fit,clean,optimum,6.198146136090266e-05,6.498095268284928e-05,5.655420337318832e-07,0.75532,0.002129498246799937,50000,1.04839336240366
83,13,4.0,fit,1238,fit,clean,optimum,7.961416787120876e-05,8.221147503883774e-05,6.262777077961443e-07,0.69044,0.002358193027600922,50000,1.032623680396065
83,11,3.0,fit,1238,fit,clean,optimum,8.717915811021425e-05,8.918016965383679e-05,6.49260656009365e-07,0.6642,0.0024447332757295873,50000,1.022952866109269
71,29,40.0,fit,1247,fit,clean,optimum,4.010918238260692e-05,4.446792021095425e-05,4.706401141171247e-07,0.83256,0.0017721535060314958,50000,1.1086718195042906
83,5,1.4,fit,1246,fit,clean,optimum,0.00011805202219545057,0.00012091110077426688,7.40983439838321e-07,0.54472,0.0027901072633472294,50000,1.0242188022334995
83,15,5.0,fit,1237,fit,clean,optimum,7.421010478494156e-05,7.644849206835455e-05,6.056464678912901e-07,0.71214,0.0022805079280217018,50000,1.0301628368522018
83,17,6.0,fit,1237,fit,clean,optimum,7.08690632791047e-05,7.348998376000511e-05,5.947497066288489e-07,0.72328,0.002239477142297352,50000,1.036982575465664
83,1,0.6,fit,1247,fit,clean,optimum,0.00015785222820523964,0.0001619212312029312,8.0943447898895e-07,0.3903,0.003047853565423167,50000,1.0257772921165296
83,9,2.0,fit,1239,fit,clean,optimum,9.900914302402047e-05,0.00010088141526118655,6.865614243738565e-07,0.62014,0.0025851860026689486,50000,1.0189100943607992
83,3,1.0,fit,1247,fit,clean,optimum,0.000135251585589336,0.0001382797222613453,7.830381440750835e-07,0.47932,0.002948460513150643,50000,1.0223889180952275
83,7,1.8,fit,1239,fit,clean,optimum,0.00010505189552524004,0.00010724990980644863,7.038547125206647e-07,0.59616,0.0026503023416738986,50000,1.020923128233136
83,19,8.0,fit,1237,fit,clean,optimum,6.198146136090266e-05,6.554928372233472e-05,5.649389107944528e-07,0.75318,0.0021272272410015037,50000,1.0575627338093485
83,13,4.0,fit,1239,fit,clean,optimum,7.961416787120876e-05,8.170688205985537e-05,6.250444324369235e-07,0.69234,0.0023535492388838354,50000,1.0262857007063364
83,11,3.0,fit,1239,fit,clean,optimum,8.717915811021425e-05,8.952010597651968e-05,6.501243925933975e-07,0.66292,0.00244798559904366,50000,1.0268521504112937
71,29,40.0,fit,1248,fit,clean,optimum,4.010918238260692e-05,4.400050776726529e-05,4.7072302586276556e-07,0.83432,0.001772465702838188,50000,1.097018317340366
83,5,1.4,fit,1247,fit,clean,optimum,0.00011805202219545057,0.00011999221040201471,7.39040006745382e-07,0.54818,0.0027827894388225386,50000,1.0164350272912048
83,17,6.0,fit,1238,fit,clean,optimum,7.08690632791047e-05,7.37821165373107e-05,5.970421588849675e-07,0.72218,0.002248109167450396,50000,1.0411047236046211
83,15,5.0,fit,1238,fit,clean,optimum,7.421010478494156e-05,7.72611523397683e-05,6.108188550720577e-07,0.70908,0.002299984092084225,50000,1.0411136403009884
83,1,0.6,fit,1248,fit,clean,optimum,0.00015785222820523964,0.00015973820263070207,8.219561190152347e-07,0.39852,0.0030950026876680305,50000,1.0119477212764478
83,3,1.0,fit,1248,fit,clean,optimum,0.000135251585589336,0.00013747768500001537,7.787093144496534e-07,0.48234,0.002932160690063719,50000,1.0164589524106467
83,9,2.0,fit,1240,fit,clean,optimum,9.900914302402047e-05,0.00010095046482673152,6.915549205827463e-07,0.61988,0.002603988568681706,50000,1.0196075003117648
83,7,1.8,fit,1240,fit,clean,optimum,0.00010505189552524004,0.00010721272927115519,7.102474149607774e-07,0.5963,0.002674373494349683,50000,1.020569202822199
83,19,8.0,fit,1238,fit,clean,optimum,6.198146136090266e-05,6.541118459124478e-05,5.614285603301157e-07,0.7537,0.0021140093284263205,50000,1.0553346622528257
83,13,4.0,fit,1240,fit,clean,optimum,7.961416787120876e-05,8.173343958506496e-05,6.264726636682981e-07,0.69224,0.0023589271166043783,50000,1.026619278584743
83,11,3.0,fit,1240,fit,clean,optimum,8.717915811021425e-05,8.948823694626817e-05,6.526438118076357e-07,0.66304,0.002457472248098322,50000,1.026486592507979
71,29,40.0,fit,1249,fit,clean,optimum,4.010918238260692e-05,4.405893432272641e-05,4.6762893615159647e-07,0.8341,0.0017608151831201434,50000,1.0984750051108565
83,5,1.4,fit,1248,fit,clean,optimum,0.00011805202219545057,0.00012028434317932032,7.383984497129993e-07,0.54708,0.0027803737128566613,50000,1.0189096378219922
83,15,5.0,fit,1239,fit,clean,optimum,7.421010478494156e-05,7.60076371498752e-05,6.041980292787404e-07,0.7138,0.0022750539612039424,50000,1.024222204915932
83,17,6.0,fit,1239,fit,clean,optimum,7.08690632791047e-05,7.308630937681919e-05,5.907229634355385e-07,0.7248,0.0022243147988126708,50000,1.0312865162191052
83,1,0.6,fit,1249,fit,clean,optimum,0.00015785222820523964,0.0001608323726693376,8.110712382772218e-07,0.3944,0.0030540166370021417,50000,1.0188793309919146
83,3,1.0,fit,1249,fit,clean,optimum,0.000135251585589336,0.00013745112747480577,7.693369248125192e-07,0.48244,0.002896869790165613,50000,1.0162625959310247
83,9,2.0,fit,1241,fit,clean,optimum,9.900914302402047e-05,0.0001012957126544563,6.850106542958911e-07,0.61858,0.002579346715816253,50000,1.0230945300665928
83,7,1.8,fit,1241,fit,clean,optimum,0.00010505189552524004,0.00010688341595855617,7.014808848444112e-07,0.59754,0.0026413639046112634,50000,1.017434434896761
83,19,8.0,fit,1239,fit,clean,optimum,6.198146136090266e-05,6.482160753159167e-05,5.624607206785414e-07,0.75592,0.002117895836450994,50000,1.0458225106076724
83,13,4.0,fit,1241,fit,clean,optimum,7.961416787120876e-05,8.149442185817856e-05,6.238412785326045e-07,0.69314,0.002349018869827143,50000,1.0236170776790818
71,29,40.0,fit,1250,fit,clean,optimum,4.010918238260692e-05,4.474411847313407e-05,4.7074691454575506e-07,0.83152,0.0017725556535500896,50000,1.115557979873882
83,11,3.0,fit,1241,fit,clean,optimum,8.717915811021425e-05,8.884023333115393e-05,6.48835287103193e-07,0.66548,0.0024431315869321,50000,1.0190535818072446
83,5,1.4,fit,1249,fit,clean,optimum,0.00011805202219545057,0.00011958322451378689,7.40010645533836e-07,0.54972,0.002786444292882898,50000,1.0129705725481026
83,1,0.6,fit,1250,fit,clean,optimum,0.00015785222820523964,0.0001617671975567155,8.179954751575977e-07,0.39088,0.003080089235355067,50000,1.024801482981828
83,15,5.0,fit,1240,fit,clean,optimum,7.421010478494156e-05,7.638475400785151e-05,6.069480868521766e-07,0.71238,0.002285409058494567,50000,1.029303950307199
83,17,6.0,fit,1240,fit,clean,optimum,7.08690632791047e-05,7.326158904320255e-05,5.942655428430421e-07,0.72414,0.0022376540666079357,50000,1.0337598051024794
83,3,1.0,fit,1250,fit,clean,optimum,0.000135251585589336,0.00013767952219160832,7.77367269803199e-07,0.48158,0.0029271073402660154,50000,1.0179512616557729
83,9,2.0,fit,1242,fit,clean,optimum,9.900914302402047e-05,0.00010112574449311488,6.921806432161662e-07,0.61922,0.0026063446716260937,50000,1.0213778384949852
83,19,8.0,fit,1240,fit,clean,optimum,6.198146136090266e-05,6.480567301646592e-05,5.613355076956407e-07,0.75598,0.0021136589470043296,50000,1.045565425428074
83,13,4.0,fit,1242,fit,clean,optimum,7.961416787120876e-05,8.21158679480832e-05,6.295966373918177e-07,0.6908,0.0023706901619140004,50000,1.0314228000338008
71,29,40.0,fit,1251,fit,clean,optimum,4.010918238260692e-05,4.4860971584056306e-05,4.7342865696527405e-07,0.83108,0.0017826535162024032,50000,1.118471355414863
83,7,1.8,fit,1242,fit,clean,optimum,0.00010505189552524004,0.00010769607622996991,7.05688939860868e-07,0.59448,0.0026572089616459294,50000,1.025170233164375
83,11,3.0,fit,1242,fit,clean,optimum,8.717915811021425e-05,8.910580858324992e-05,6.492739098614573e-07,0.66448,0.002444783181931267,50000,1.0220998976682012
83,5,1.4,fit,1250,fit,clean,optimum,0.00011805202219545057,0.00011990191481630207,7.371818057150578e-07,0.54852,0.0027757925480518105,50000,1.0156701476725978
83,1,0.6,fit,1251,fit,clean,optimum,0.00015785222820523964,0.0001608961107298406,8.15760296864638e-07,0.39416,0.0030716728702181837,50000,1.019283114082136
83,15,5.0,fit,1241,fit,clean,optimum,7.421010478494156e-05,7.626258939188736e-05,6.065002390655301e-07,0.71284,0.002283722727471206,50000,1.0276577510959435
83,17,6.0,fit,1241,fit,clean,optimum,7.08690632791047e-05,7.30331943264e-05,5.938558574925787e-07,0.725,0.0022361114328450756,50000,1.0305370347392948
83,3,1.0,fit,1251,fit,clean,optimum,0.000135251585589336,0.00013774857175715327,7.798928779493253e-07,0.48132,0.0029366172931934564,50000,1.0184617885027896
83,9,2.0,fit,1243,fit,clean,optimum,9.900914302402047e-05,0.0001011098099779891,6.883948405204693e-07,0.61928,0.0025920895681636356,50000,1.0212168986601469
71,29,40.0,fit,1252,fit,clean,optimum,4.010918238260692e-05,4.487690609918208e-05,4.7242746930840303e-07,0.83102,0.001778883633094059,50000,1.1188686338977245
83,13,4.0,fit,1243,fit,clean,optimum,7.961416787120876e-05,8.163252098926847e-05,6.25818259213055e-07,0.69262,0.002356463014809959,50000,1.0253516826467972
83,19,8.0,fit,1241,fit,clean,optimum,6.198146136090266e-05,6.42426534820224e-05,5.605954394813121e-07,0.7581,0.0021108722859412682,50000,1.0364817490822518
83,11,3.0,fit,1243,fit,clean,optimum,8.717915811021425e-05,8.898895547232769e-05,6.466159649221526e-07,0.66492,0.002434774926574914,50000,1.0207595186893803
83,5,1.4,fit,1251,fit,clean,optimum,0.00011805202219545057,0.00012103857689527297,7.411734307188209e-07,0.54424,0.00279082265711604,50000,1.0252986322832978
83,7,1.8,fit,1243,fit,clean,optimum,0.00010505189552524004,0.00010710118766527487,7.016009120579919e-07,0.59672,0.002641815856412621,50000,1.0195074265893893
83,1,0.6,fit,1252,fit,clean,optimum,0.00015785222820523964,0.00016226647903065598,8.210101493162701e-07,0.389,0.003091440722870864,50000,1.0279644505218952
83,3,1.0,fit,1252,fit,clean,optimum,0.000135251585589336,0.00013833814881680637,7.767405995156214e-07,0.4791,0.0029247476690141506,50000,1.0228209023503954
83,15,5.0,fit,1242,fit,clean,optimum,7.421010478494156e-05,7.621478584651008e-05,6.07721956015139e-07,0.71302,0.0022883229940245334,50000,1.0270135861871914
83,17,6.0,fit,1242,fit,clean,optimum,7.08690632791047e-05,7.314473593228032e-05,5.935211091015415e-07,0.72458,0.002234850967540439,50000,1.0321109458468967
83,9,2.0,fit,1244,fit,clean,optimum,9.900914302402047e-05,0.00010165158349226496,6.853519004351906e-07,0.61724,0.00258063164781427,50000,1.0266888530446467
71,29,40.0,fit,1253,fit,clean,optimum,4.010918238260692e-05,4.4494477736163845e-05,4.702473262086182e-07,0.83246,0.0017706744980840062,50000,1.109333950309059
83,11,3.0,fit,1244,fit,clean,optimum,8.717915811021425e-05,8.967413962273535e-05,6.525512397237694e-07,0.66234,0.002457123676146923,50000,1.0286190136106486
83,19,8.0,fit,1242,fit,clean,optimum,6.198146136090266e-05,6.535275803578367e-05,5.648343313529822e-07,0.75392,0.0021268334564125964,50000,1.0543920165942973
83,13,4.0,fit,1244,fit,clean,optimum,7.961416787120876e-05,8.186622721111295e-05,6.262270097204307e-07,0.69174,0.0023580021285042876,50000,1.0282871679767769
83,5,1.4,fit,1252,fit,clean,optimum,0.00011805202219545057,0.00012061365649191936,7.376163782288093e-07,0.54584,0.002777428892215364,50000,1.0216991987839705
83,7,1.8,fit,1244,fit,clean,optimum,0.00010505189552524004,0.00010762171515938305,7.043881191169857e-07,0.59476,0.0026523108367882257,50000,1.024462382342502
83,1,0.6,fit,1253,fit,clean,optimum,0.00015785222820523964,0.00016129978511302657,8.140435408334859e-07,0.39264,0.003065208578016245,50000,1.0218404069868714
83,3,1.0,fit,1253,fit,clean,optimum,0.000135251585589336,0.00013697309202103294,7.765044447688931e-07,0.48424,0.002923858449311394,50000,1.0127281792978307
83,15,5.0,fit,1243,fit,clean,optimum,7.421010478494156e-05,7.56677008271923e-05,6.059348183743946e-07,0.71508,0.002281593686129164,50000,1.0196414766759165
83,17,6.0,fit,1243,fit,clean,optimum,7.08690632791047e-05,7.240112522641152e-05,5.922446540616946e-07,0.72738,0.0022300445895749744,50000,1.021618205129551
83,9,2.0,fit,1245,fit,clean,optimum,9.900914302402047e-05,0.00010158253392671998,6.898549517910226e-07,0.6175,0.0025975874873373148,50000,1.0259914470936808
71,29,40.0,fit,1254,fit,clean,optimum,4.010918238260692e-05,4.424483699919359e-05,4.6929874376776786e-07,0.8334,0.0017671026952395625,50000,1.1031099207442352
83,5,1.4,fit,1253,fit,clean,optimum,0.00011805202219545057,0.00011979568471546369,7.380426562545924e-07,0.54892,0.002779034004221919,50000,1.0147702892977661
83,11,3.0,fit,1245,fit,clean,optimum,8.717915811021425e-05,8.907925105804033e-05,6.52789631653146e-07,0.66458,0.002458021319762039,50000,1.0217952660821057
83,13,4.0,fit,1245,fit,clean,optimum,7.961416787120876e-05,8.164845550439426e-05,6.221939165716719e-07,0.69256,0.002342815874826927,50000,1.0255518293738415
83,19,8.0,fit,1243,fit,clean,optimum,6.198146136090266e-05,6.439137562319616e-05,5.641187638948715e-07,0.75754,0.0021241390507687596,50000,1.0388812107585068
83,1,0.6,fit,1254,fit,clean,optimum,0.00015785222820523964,0.0001605667974172416,8.040896208632107e-07,0.3954,0.003027727977351402,50000,1.0171969014493256
83,7,1.8,fit,1245,fit,clean,optimum,0.00010505189552524004,0.00010732958238207745,7.036146984973265e-07,0.59586,0.0026493985902081877,50000,1.0216815398280001
83,3,1.0,fit,1254,fit,clean,optimum,0.000135251585589336,0.00013850280547310592,7.75654521602866e-07,0.47848,0.0029206581391946975,50000,1.0240383125240513
83,15,5.0,fit,1244,fit,clean,optimum,7.421010478494156e-05,7.668750979524097e-05,6.048019051435143e-07,0.71124,0.0022773278020833464,50000,1.0333836613959628
83,17,6.0,fit,1244,fit,clean,optimum,7.08690632791047e-05,7.333063860874753e-05,5.92196888249945e-07,0.72388,0.002229864731657594,50000,1.0347341310262332
71,29,40.0,fit,1255,fit,clean,optimum,4.010918238260692e-05,4.4908775129433605e-05,4.7119870988563093e-07,0.8309,0.001774256848734167,50000,1.1196631908634467
83,9,2.0,fit,1246,fit,clean,optimum,9.900914302402047e-05,0.00010173125606789374,6.831312377548197e-07,0.61694,0.0025722699399260357,50000,1.0274935522188378
83,5,1.4,fit,1254,fit,clean,optimum,0.00011805202219545057,0.00012051804940116479,7.379891889882864e-07,0.5462,0.002778832677984312,50000,1.0208893262466219
83,11,3.0,fit,1246,fit,clean,optimum,8.717915811021425e-05,8.971663166307072e-05,6.466893750415053e-07,0.66218,0.002435051345852589,50000,1.0291064241484016
83,19,8.0,fit,1244,fit,clean,optimum,6.198146136090266e-05,6.50393792383104e-05,5.669683560645275e-07,0.7551,0.002134868936732027,50000,1.049336008062189
83,13,4.0,fit,1246,fit,clean,optimum,7.961416787120876e-05,8.253547684639486e-05,6.206555689005356e-07,0.68922,0.0023370233634426953,50000,1.0366933305126278
83,1,0.6,fit,1255,fit,clean,optimum,0.00015785222820523964,0.00016184687013234435,8.18413885294555e-07,0.39058,0.0030816647215257662,50000,1.0253062118446048
83,3,1.0,fit,1255,fit,clean,optimum,0.000135251585589336,0.00013818942667563264,7.766633660001494e-07,0.47966,0.002924456853078319,50000,1.021721306064513
83,7,1.8,fit,1246,fit,clean,optimum,0.00010505189552524004,0.00010769607622996991,7.029971625645532e-07,0.59448,0.002647073313557222,50000,1.025170233164375
83,15,5.0,fit,1245,fit,clean,optimum,7.421010478494156e-05,7.615635929104896e-05,6.034503078554106e-07,0.71324,0.0022722384826628188,50000,1.0262262735209386
83,17,6.0,fit,1245,fit,clean,optimum,7.08690632791047e-05,7.299070228606463e-05,5.923365182717789e-07,0.72516,0.0022303904960905823,50000,1.0299374495554465
71,29,40.0,fit,1256,fit,clean,optimum,4.010918238260692e-05,4.5025628240355846e-05,4.7402778612820683e-07,0.83046,0.0017849094837980443,50000,1.1225765664044278
83,5,1.4,fit,1255,fit,clean,optimum,0.00011805202219545057,0.00012040650779528447,7.350280414727325e-07,0.54662,0.0027676827402842302,50000,1.0199444749530486
83,9,2.0,fit,1247,fit,clean,optimum,9.900914302402047e-05,0.00010091328429143808,6.843290063313836e-07,0.62002,0.002576780031009865,50000,1.0192319740304756
83,11,3.0,fit,1247,fit,clean,optimum,8.717915811021425e-05,8.957853253198081e-05,6.509117058311487e-07,0.6627,0.002450950157041958,50000,1.0275223399007043
83,1,0.6,fit,1256,fit,clean,optimum,0.00015785222820523964,0.00016163972143570945,8.146064593060751e-07,0.39136,0.0030673281974768177,50000,1.0239939168013854
83,3,1.0,fit,1256,fit,clean,optimum,0.000135251585589336,0.00013832221430168062,7.708695834875855e-07,0.47916,0.0029026408801409403,50000,1.0227030884626223
83,19,8.0,fit,1245,fit,clean,optimum,6.198146136090266e-05,6.468350840050176e-05,5.640863797229321e-07,0.75644,0.0021240171110485343,50000,1.0435944390511502
83,13,4.0,fit,1247,fit,clean,optimum,7.961416787120876e-05,8.187153871615487e-05,6.26561707680905e-07,0.69172,0.0023592624039171233,50000,1.0283538835524582
71,29,40.0,fit,1257,fit,clean,optimum,4.010918238260692e-05,4.5147792856320006e-05,4.731722762804441e-07,0.83,0.0017816881375279728,50000,1.1256223681063628
83,15,5.0,fit,1246,fit,clean,optimum,7.421010478494156e-05,7.7149610733888e-05,6.039667487909056e-07,0.7095,0.0022741830950896887,50000,1.0396105888472336
83,7,1.8,fit,1247,fit,clean,optimum,0.00010505189552524004,0.00010685685843334656,7.026318476938792e-07,0.59764,0.0026456977528911173,50000,1.017181631031806
83,17,6.0,fit,1246,fit,clean,optimum,7.08690632791047e-05,7.40689378095744e-05,5.934663000364233e-07,0.7211,0.002234644588878701,50000,1.0451519235955977
83,5,1.4,fit,1256,fit,clean,optimum,0.00011805202219545057,0.00012149005482383615,7.477351992754332e-07,0.54254,0.0028155304132221714,50000,1.0291230303763323
83,9,2.0,fit,1248,fit,clean,optimum,9.900914302402047e-05,0.0001008176772006835,6.888181897097874e-07,0.62038,0.0025936836518968788,50000,1.018266335021446
83,1,0.6,fit,1257,fit,clean,optimum,0.00015785222820523964,0.00016147506477940993,8.259640842579817e-07,0.39198,0.0031100943244493757,50000,1.02295081048498
83,3,1.0,fit,1257,fit,clean,optimum,0.000135251585589336,0.00013892772587645953,7.764672073982021e-07,0.47688,0.002923718235302758,50000,1.0271800161980014
83,11,3.0,fit,1248,fit,clean,optimum,8.717915811021425e-05,8.865964215972864e-05,6.459516825527549e-07,0.66616,0.002432273630372971,50000,1.0169820870217938
83,13,4.0,fit,1248,fit,clean,optimum,7.961416787120876e-05,8.110137048507648e-05,6.255445195479792e-07,0.69462,0.0023554322724387653,50000,1.0186801250786615
83,19,8.0,fit,1246,fit,clean,optimum,6.198146136090266e-05,6.550679168199935e-05,5.637680353570014e-07,0.75334,0.002122818413641987,50000,1.0568771733304183
71,29,40.0,fit,1258,fit,clean,optimum,4.010918238260692e-05,4.400050776726529e-05,4.6775972040036017e-07,0.83432,0.0017613076395810957,50000,1.097018317340366
83,15,5.0,fit,1247,fit,clean,optimum,7.421010478494156e-05,7.618822832130049e-05,6.058084661456366e-07,0.71312,0.002281117918045501,50000,1.0266557167934403
83,5,1.4,fit,1257,fit,clean,optimum,0.00011805202219545057,0.00012100670786502145,7.392157704626436e-07,0.54436,0.0027834512614730842,50000,1.0250286747708481
83,17,6.0,fit,1247,fit,clean,optimum,7.08690632791047e-05,7.252328984237567e-05,5.914322215250445e-07,0.72692,0.0022269854470899795,50000,1.023342012533115
83,7,1.8,fit,1248,fit,clean,optimum,0.00010505189552524004,0.00010743050097787391,7.043246201429736e-07,0.59548,0.0026520717370471505,50000,1.0226421945148279
83,9,2.0,fit,1249,fit,clean,optimum,9.900914302402047e-05,0.00010091859579648,6.852425709933522e-07,0.62,0.002580219977521291,50000,1.0192856206420884
83,1,0.6,fit,1258,fit,clean,optimum,0.00015785222820523964,0.00016199028076847616,8.137235060169459e-07,0.39004,0.0030640035153682225,50000,1.026214723797603
83,3,1.0,fit,1258,fit,clean,optimum,0.000135251585589336,0.00013761047262606335,7.782737172177441e-07,0.48184,0.002930520487415048,50000,1.0174407348087557
83,11,3.0,fit,1249,fit,clean,optimum,8.717915811021425e-05,8.841531292780032e-05,6.493687641523866e-07,0.66708,0.002445140347330455,50000,1.0141794764297136
83,13,4.0,fit,1249,fit,clean,optimum,7.961416787120876e-05,8.137225724221439e-05,6.241954118624762e-07,0.6936,0.002350352327395485,50000,1.0220826194384105
83,19,8.0,fit,1247,fit,clean,optimum,6.198146136090266e-05,6.430639154252544e-05,5.64817416369386e-07,0.75786,0.0021267697645457424,50000,1.0375100898006469
71,29,40.0,fit,1259,fit,clean,optimum,4.010918238260692e-05,4.41651644235648e-05,4.6902289682232274e-07,0.8337,0.0017660640180914922,50000,1.1011235283299299
83,5,1.4,fit,1258,fit,clean,optimum,0.00011805202219545057,0.0001197213236448768,7.419304992997881e-07,0.5492,0.0027936733315482103,50000,1.014140388435384
83,15,5.0,fit,1248,fit,clean,optimum,7.421010478494156e-05,7.62732124019712e-05,6.041043611625201e-07,0.7128,0.002274701262240161,50000,1.027800898853444
83,17,6.0,fit,1248,fit,clean,optimum,7.08690632791047e-05,7.276230756926208e-05,5.915442925642125e-07,0.72602,0.002227407440623953,50000,1.026714679192262
83,9,2.0,fit,1250,fit,clean,optimum,9.900914302402047e-05,0.00010053616743346176,6.887235934249258e-07,0.62144,0.0025933274579965997,50000,1.015423064605971
83,1,0.6,fit,1259,fit,clean,optimum,0.00015785222820523964,0.0001612572930726912,8.192864994156285e-07,0.3928,0.0030849504724162822,50000,1.021571218260057
83,3,1.0,fit,1259,fit,clean,optimum,0.000135251585589336,0.00013727584780842241,7.845588143974574e-07,0.4831,0.0029541864620497675,50000,1.0149666431655202
83,7,1.8,fit,1249,fit,clean,optimum,0.00010505189552524004,0.00010671875930225663,7.030016460145373e-07,0.59816,0.0026470901955895224,50000,1.0158670509340415
83,11,3.0,fit,1250,fit,clean,optimum,8.717915811021425e-05,8.922266169417217e-05,6.508407012685839e-07,0.66404,0.0024506827956744946,50000,1.0234402766470223
83,13,4.0,fit,1250,fit,clean,optimum,7.961416787120876e-05,8.143068379767552e-05,6.23440212009615e-07,0.69338,0.002347508689492853,50000,1.0228164907709056
83,19,8.0,fit,1248,fit,clean,optimum,6.198146136090266e-05,6.467819689545984e-05,5.637467947263071e-07,0.75646,0.002122738433935569,50000,1.043508743991284
71,29,40.0,fit,1260,fit,clean,optimum,4.010918238260692e-05,4.4749429978176e-05,4.7235840078664087e-07,0.8315,0.0017786235617161083,50000,1.1156904060348358
83,5,1.4,fit,1259,fit,clean,optimum,0.00011805202219545057,0.00011954604397849344,7.399088338184018e-07,0.54986,0.0027860609299203073,50000,1.0126556221169114
83,15,5.0,fit,1249,fit,clean,optimum,7.421010478494156e-05,7.57155043725696e-05,6.061783575418741e-07,0.7149,0.002282510711211725,50000,1.0202856415846688
83,17,6.0,fit,1249,fit,clean,optimum,7.08690632791047e-05,7.25817163978368e-05,5.951525870062131e-07,0.7267,0.0022409941525390236,50000,1.0241664421609065
83,9,2.0,fit,1251,fit,clean,optimum,9.900914302402047e-05,0.00010141256576537855,6.898806874469281e-07,0.61814,0.002597684392661521,50000,1.0242747555220733
83,1,0.6,fit,1260,fit,clean,optimum,0.00015785222820523964,0.00016150162230461952,8.19331605802416e-07,0.39188,0.003085120316505412,50000,1.023119053439239
83,3,1.0,fit,1260,fit,clean,optimum,0.000135251585589336,0.00013764765316135678,7.756597186996912e-07,0.4817,0.002920677708400729,50000,1.0177156338802265
83,7,1.8,fit,1250,fit,clean,optimum,0.00010505189552524004,0.00010698964605939456,7.067839873490174e-07,0.59714,0.002661332265604061,50000,1.0184456503565797
83,11,3.0,fit,1251,fit,clean,optimum,8.717915811021425e-05,8.990253433953793e-05,6.51883147580312e-07,0.66148,0.0024546080345794782,50000,1.0312388452510715
83,13,4.0,fit,1251,fit,clean,optimum,7.961416787120876e-05,8.171750506993919e-05,6.296792637251328e-07,0.6923,0.0023710012840259553,50000,1.026419131857699
83,19,8.0,fit,1249,fit,clean,optimum,6.198146136090266e-05,6.39770782299264e-05,5.588369943385186e-07,0.7591,0.00210425101709594,50000,1.0321969960889394
71,29,40.0,fit,1261,fit,clean,optimum,4.010918238260692e-05,4.415454141348095e-05,4.6778012859977716e-07,0.83374,0.001761384484841548,50000,1.1008586760080223
83,5,1.4,fit,1260,fit,clean,optimum,0.00011805202219545057,0.00012056054144150017,7.392424763501813e-07,0.54604,0.0027835518201182402,50000,1.0212492695965547
83,17,6.0,fit,1250,fit,clean,optimum,7.08690632791047e-05,7.329345807345408e-05,5.937127226163319e-07,0.72402,0.0022355724711944054,50000,1.0342094939903657
83,1,0.6,fit,1261,fit,clean,optimum,0.00015785222820523964,0.00016193185421301502,8.202008535071456e-07,0.39026,0.0030883933914544865,50000,1.025844589298233
83,9,2.0,fit,1252,fit,clean,optimum,9.900914302402047e-05,0.0001016887640275584,6.923766884430322e-07,0.6171,0.0026070828624978667,50000,1.027064379325936
83,3,1.0,fit,1261,fit,clean,optimum,0.000135251585589336,0.0001384231328974771,7.836756473064264e-07,0.47878,0.0029508609748891204,50000,1.0234492430851856
83,15,5.0,fit,1250,fit,clean,optimum,7.421010478494156e-05,7.667157528011518e-05,6.064970278522343e-07,0.7113,0.0022837106359330428,50000,1.0331689397597117
83,13,4.0,fit,1252,fit,clean,optimum,7.961416787120876e-05,8.219554052371199e-05,6.28556579255336e-07,0.6905,0.002366773915470579,50000,1.032423533669021
83,11,3.0,fit,1252,fit,clean,optimum,8.717915811021425e-05,8.975381219836417e-05,6.503826081239373e-07,0.66204,0.002448957886666478,50000,1.0295329083689357
83,7,1.8,fit,1251,fit,clean,optimum,0.00010505189552524004,0.0001075314195736704,7.133777720708032e-07,0.5951,0.00268616057573366,50000,1.023602849201656
83,19,8.0,fit,1250,fit,clean,optimum,6.198146136090266e-05,6.494908365259775e-05,5.650869990289184e-07,0.75544,0.0021277848540821533,50000,1.0478791920444626
71,29,40.0,fit,1262,fit,clean,optimum,4.010918238260692e-05,4.5280580482368e-05,4.751290258815788e-07,0.8295,0.0017890561041803302,50000,1.1289330221302047
83,5,1.4,fit,1261,fit,clean,optimum,0.00011805202219545057,0.00012127228311711745,7.36915006376845e-07,0.54336,0.002774787938864369,50000,1.0272783207079275
83,1,0.6,fit,1262,fit,clean,optimum,0.00015785222820523964,0.0001609439142752179,8.082924812893835e-07,0.39398,0.0030435534746181938,50000,1.019585951399802
83,3,1.0,fit,1262,fit,clean,optimum,0.000135251585589336,0.00013731302834371582,7.785874595561506e-07,0.48296,0.00293170185629611,50000,1.0152415422369907
83,9,2.0,fit,1253,fit,clean,optimum,9.900914302402047e-05,0.0001008654807460608,6.888712759228933e-07,0.6202,0.002593883543312539,50000,1.018749154525961
83,15,5.0,fit,1251,fit,clean,optimum,7.421010478494156e-05,7.638475400785151e-05,6.091980502422834e-07,0.71238,0.002293881095600244,50000,1.029303950307199
83,17,6.0,fit,1251,fit,clean,optimum,7.08690632791047e-05,7.262951994321407e-05,5.919872247162299e-07,0.72652,0.0022290752622621582,50000,1.0248409754927357
83,13,4.0,fit,1253,fit,clean,optimum,7.961416787120876e-05,8.170157055481345e-05,6.238414941496595e-07,0.69236,0.0023490196817139938,50000,1.026218985130655
83,11,3.0,fit,1253,fit,clean,optimum,8.717915811021425e-05,8.845780496813568e-05,6.523006298549691e-07,0.66692,0.0024561800269671807,50000,1.0146668869674669
83,7,1.8,fit,1252,fit,clean,optimum,0.00010505189552524004,0.00010706400712998145,7.047359142543249e-07,0.59686,0.0026536204284561024,50000,1.019153501178453
71,29,40.0,fit,1263,fit,clean,optimum,4.010918238260692e-05,4.455821579666689e-05,4.7143781521450787e-07,0.83222,0.0017751571785916739,50000,1.1109230642405032
83,19,8.0,fit,1251,fit,clean,optimum,6.198146136090266e-05,6.462508184504063e-05,5.630229934432018e-07,0.75666,0.002120013024555769,50000,1.0426517933926214
83,5,1.4,fit,1262,fit,clean,optimum,0.00011805202219545057,0.00011996565287680512,7.349517386046259e-07,0.54828,0.002767395428618311,50000,1.0162100626974968
83,1,0.6,fit,1263,fit,clean,optimum,0.00015785222820523964,0.00016075801159875074,8.216003242200018e-07,0.39468,0.0030936629739995885,50000,1.0184082507199899
83,3,1.0,fit,1263,fit,clean,optimum,0.000135251585589336,0.00013816286915042304,7.658105318033806e-07,0.47976,0.0028835914708142904,50000,1.021524949584891
83,9,2.0,fit,1254,fit,clean,optimum,9.900914302402047e-05,0.00010080174268555776,6.940987643271241e-07,0.62044,0.0026135671861330727,50000,1.0181053951866081
83,13,4.0,fit,1254,fit,clean,optimum,7.961416787120876e-05,8.090484479852544e-05,6.221625245999737e-07,0.69536,0.002342697671148495,50000,1.0162116487784512
83,15,5.0,fit,1252,fit,clean,optimum,7.421010478494156e-05,7.681498591624705e-05,6.081343965822377e-07,0.71076,0.0022898760023106735,50000,1.0351014344859686
83,17,6.0,fit,1252,fit,clean,optimum,7.08690632791047e-05,7.330408108353793e-05,5.939727921429346e-07,0.72398,0.0022365517398745638,50000,1.034359390286328
83,11,3.0,fit,1254,fit,clean,optimum,8.717915811021425e-05,8.822941025133311e-05,6.507282148431807e-07,0.66778,0.002450259238040583,50000,1.0120470553270438
83,7,1.8,fit,1253,fit,clean,optimum,0.00010505189552524004,0.0001070055805745203,7.077628425800637e-07,0.59708,0.0026650180579484944,50000,1.0185973326755524
71,29,40.0,fit,1264,fit,clean,optimum,4.010918238260692e-05,4.395801572692992e-05,4.66959562188962e-07,0.83448,0.001758294714976551,50000,1.095958908052736
83,5,1.4,fit,1263,fit,clean,optimum,0.00011805202219545057,0.00012061896799696128,7.329937716002321e-07,0.54582,0.0027600228779422185,50000,1.0217441917027121
83,19,8.0,fit,1252,fit,clean,optimum,6.198146136090266e-05,6.528901997528063e-05,5.663407411070986e-07,0.75416,0.002132505708409826,50000,1.0533636758759022
83,3,1.0,fit,1264,fit,clean,optimum,0.000135251585589336,0.00013778575229244673,7.766436668216278e-07,0.48118,0.002924382677573011,50000,1.0187366875742605
83,1,0.6,fit,1264,fit,clean,optimum,0.00015785222820523964,0.00016135821166848768,8.200338648954013e-07,0.39242,0.0030877646106835886,50000,1.0222105414862408
83,9,2.0,fit,1255,fit,clean,optimum,9.900914302402047e-05,0.00010123197459395326,6.906341910742991e-07,0.61882,0.002600521643577878,50000,1.0224507707272399
83,13,4.0,fit,1255,fit,clean,optimum,7.961416787120876e-05,8.174937410019072e-05,6.261130618629269e-07,0.69218,0.002357573067977734,50000,1.026819425311787
83,11,3.0,fit,1255,fit,clean,optimum,8.717915811021425e-05,8.920672717904639e-05,6.488245758950965e-07,0.6641,0.002443091254830325,50000,1.0232574976953646
83,15,5.0,fit,1253,fit,clean,optimum,7.421010478494156e-05,7.642724604818689e-05,6.06981480566018e-07,0.71222,0.002285534799555068,50000,1.029876541337201
83,17,6.0,fit,1253,fit,clean,optimum,7.08690632791047e-05,7.321378549782529e-05,5.948074200228313e-07,0.72432,0.0022396944569512095,50000,1.0330852717706502
71,29,40.0,fit,1265,fit,clean,optimum,4.010918238260692e-05,4.426077151431936e-05,4.712862156710938e-07,0.83334,0.001774586343989362,50000,1.1035071992270964
83,5,1.4,fit,1264,fit,clean,optimum,0.00011805202219545057,0.00011969476611966719,7.341889133312412e-07,0.5493,0.002764523077872659,50000,1.0139154238416759
83,7,1.8,fit,1254,fit,clean,optimum,0.00010505189552524004,0.00010710118766527487,7.064411176423673e-07,0.59672,0.002660041220207534,50000,1.0195074265893893
83,19,8.0,fit,1253,fit,clean,optimum,6.198146136090266e-05,6.410986585597438e-05,5.614345891174463e-07,0.7586,0.0021140320292890066,50000,1.0343393725855954
83,3,1.0,fit,1265,fit,clean,optimum,0.000135251585589336,0.00013806195055462655,7.767181489670711e-07,0.48014,0.002924663133469618,50000,1.020778794962328
83,1,0.6,fit,1265,fit,clean,optimum,0.00015785222820523964,0.0001601365655088461,8.162229346247038e-07,0.39702,0.0030734148915715085,50000,1.0144713655903315
83,9,2.0,fit,1256,fit,clean,optimum,9.900914302402047e-05,0.00010209774991578624,6.921865258830078e-07,0.61556,0.0026063668222850696,50000,1.031195168420117
83,13,4.0,fit,1256,fit,clean,optimum,7.961416787120876e-05,8.267357597748481e-05,6.268593918719766e-07,0.6887,0.0023603833072720942,50000,1.0384279354803436
83,11,3.0,fit,1256,fit,clean,optimum,8.717915811021425e-05,8.986004229920255e-05,6.496260668256782e-07,0.66164,0.0024461091976704656,50000,1.0307514347133182
83,17,6.0,fit,1254,fit,clean,optimum,7.08690632791047e-05,7.308099787177727e-05,5.946695305188939e-07,0.72482,0.002239175246283615,50000,1.031211568071124
83,15,5.0,fit,1254,fit,clean,optimum,7.421010478494156e-05,7.611917875575551e-05,6.064769333469238e-07,0.71338,0.0022836349718598587,50000,1.025725256369687
71,29,40.0,fit,1266,fit,clean,optimum,4.010918238260692e-05,4.4855660079014413e-05,4.7186748720827057e-07,0.8311,0.001776775070282905,50000,1.11833892925391
83,5,1.4,fit,1265,fit,clean,optimum,0.00011805202219545057,0.00012049680338099712,7.381992834512694e-07,0.54628,0.0027796237700055937,50000,1.0207093545716557
83,7,1.8,fit,1255,fit,clean,optimum,0.00010505189552524004,0.00010771201074509569,7.016390940054263e-07,0.59442,0.002641959627141004,50000,1.0253219154833482
83,3,1.0,fit,1266,fit,clean,optimum,0.000135251585589336,0.00013769545670673408,7.733241980302665e-07,0.48152,0.0029118835129665083,50000,1.018069075543546
83,1,0.6,fit,1266,fit,clean,optimum,0.00015785222820523964,0.00016154942584999682,8.097845257396493e-07,0.3917,0.003049171635340965,50000,1.023421890756905
83,19,8.0,fit,1254,fit,clean,optimum,6.198146136090266e-05,6.465163937025024e-05,5.616315069794531e-07,0.75656,0.0021147735059908173,50000,1.043080268691953
83,9,2.0,fit,1257,fit,clean,optimum,9.900914302402047e-05,0.00010150286135109119,6.880024682001973e-07,0.6178,0.002590612125076694,50000,1.0251867479194898
83,11,3.0,fit,1257,fit,clean,optimum,8.717915811021425e-05,8.948823694626817e-05,6.53580245563018e-07,0.66304,0.0024609983061477515,50000,1.026486592507979
83,13,4.0,fit,1257,fit,clean,optimum,7.961416787120876e-05,8.191934226153214e-05,6.298755902710374e-07,0.69154,0.0023717405341795563,50000,1.0289543237335903
83,17,6.0,fit,1255,fit,clean,optimum,7.08690632791047e-05,7.326690054824448e-05,5.932468574286453e-07,0.72412,0.0022338182972493187,50000,1.0338347532504606
71,29,40.0,fit,1267,fit,clean,optimum,4.010918238260692e-05,4.44041821504512e-05,4.6902416965742026e-07,0.8328,0.0017660688108388867,50000,1.107082705572846
83,5,1.4,fit,1266,fit,clean,optimum,0.00011805202219545057,0.00011995502986672126,7.33339222714693e-07,0.54832,0.0027613236434003495,50000,1.0161200768600136
83,15,5.0,fit,1255,fit,clean,optimum,7.421010478494156e-05,7.623072036163583e-05,6.024164979896558e-07,0.71296,0.002268345763527298,50000,1.0272283078234419
83,7,1.8,fit,1256,fit,clean,optimum,0.00010505189552524004,0.00010812099663332353,7.043752172966686e-07,0.59288,0.0026522622561308967,50000,1.0292150950036507
83,3,1.0,fit,1267,fit,clean,optimum,0.000135251585589336,0.00013797696647395585,7.711402265659339e-07,0.48046,0.0029036599625901233,50000,1.020150454227538
83,1,0.6,fit,1267,fit,clean,optimum,0.00015785222820523964,0.00016012594249876225,8.14218008138458e-07,0.39706,0.003065865519141576,50000,1.014404068408628
83,19,8.0,fit,1255,fit,clean,optimum,6.198146136090266e-05,6.506062525847807e-05,5.651618342895558e-07,0.75502,0.002128066639602629,50000,1.0496787883016536
83,9,2.0,fit,1258,fit,clean,optimum,9.900914302402047e-05,0.00010091859579648,6.904323615253288e-07,0.62,0.002599761672355494,50000,1.0192856206420884
83,13,4.0,fit,1258,fit,clean,optimum,7.961416787120876e-05,8.172281657498111e-05,6.218635217548883e-07,0.69228,0.0023415718025190744,50000,1.0264858474333802
83,11,3.0,fit,1258,fit,clean,optimum,8.717915811021425e-05,8.881898731098622e-05,6.44664345938552e-07,0.66556,0.002427426278806728,50000,1.0188098765383677
71,29,40.0,fit,1268,fit,clean,optimum,4.010918238260692e-05,4.49884477050624e-05,4.7252969374246976e-07,0.8306,0.001779268550111966,50000,1.1216495832777518
83,5,1.4,fit,1267,fit,clean,optimum,0.00011805202219545057,0.00012011968652302081,7.381137166350604e-07,0.5477,0.002779301575766734,50000,1.017514857341003
83,17,6.0,fit,1256,fit,clean,optimum,7.08690632791047e-05,7.442480864738305e-05,5.981795227672352e-07,0.71976,0.0022523918100283142,50000,1.0501734495103274
83,3,1.0,fit,1268,fit,clean,optimum,0.000135251585589336,0.00013838595236218367,7.789458219881324e-07,0.47892,0.0029330512381724465,50000,1.0231743440137149
83,15,5.0,fit,1256,fit,clean,optimum,7.421010478494156e-05,7.770200725824767e-05,6.123240009855649e-07,0.70742,0.002305651585202007,50000,1.0470542722372584
83,1,0.6,fit,1268,fit,clean,optimum,0.00015785222820523964,0.0001609120452449664,8.189752524332016e-07,0.3941,0.003083778499576304,50000,1.0193840598546913
83,7,1.8,fit,1257,fit,clean,optimum,0.00010505189552524004,0.0001073986319476224,7.05804063138291e-07,0.5956,0.002657642448111684,50000,1.0223388298768823
83,9,2.0,fit,1259,fit,clean,optimum,9.900914302402047e-05,0.00010103013740236031,6.866112734897812e-07,0.61958,0.002585373705082977,50000,1.0204121994859559
83,19,8.0,fit,1256,fit,clean,optimum,6.198146136090266e-05,6.621322185257472e-05,5.692151849279789e-07,0.75068,0.0021433291710562675,50000,1.0682746162926293
83,13,4.0,fit,1259,fit,clean,optimum,7.961416787120876e-05,8.183435818086142e-05,6.241927731689162e-07,0.69186,0.002350342391629486,50000,1.0278868745226886
83,11,3.0,fit,1259,fit,clean,optimum,8.717915811021425e-05,8.999282992525057e-05,6.535233877128216e-07,0.66114,0.002460784212967955,50000,1.0322745926437968
71,29,40.0,fit,1269,fit,clean,optimum,4.010918238260692e-05,4.473880696809217e-05,4.7182544831089816e-07,0.83154,0.0017766167765524438,50000,1.1154255537129287
83,5,1.4,fit,1268,fit,clean,optimum,0.00011805202219545057,0.00012072519809779967,7.297609211809555e-07,0.54542,0.0027478498671147334,50000,1.0226440500775438
83,17,6.0,fit,1257,fit,clean,optimum,7.08690632791047e-05,7.321378549782529e-05,5.982067704288269e-07,0.72432,0.002252494408675502,50000,1.0330852717706502
83,3,1.0,fit,1269,fit,clean,optimum,0.000135251585589336,0.00013730771683867393,7.901945042768803e-07,0.48298,0.0029754071512327557,50000,1.0152022709410664
83,1,0.6,fit,1269,fit,clean,optimum,0.00015785222820523964,0.0001608854877197568,8.175062222357992e-07,0.3942,0.003078246996976539,50000,1.0192158169004324
83,15,5.0,fit,1257,fit,clean,optimum,7.421010478494156e-05,7.639537701793536e-05,6.120885987255264e-07,0.71234,0.002304765198920978,50000,1.0294470980646995
83,9,2.0,fit,1260,fit,clean,optimum,9.900914302402047e-05,0.00010163564897713921,6.837893731575688e-07,0.6173,0.0025747480902715775,50000,1.0265279132098086
83,7,1.8,fit,1258,fit,clean,optimum,0.00010505189552524004,0.00010630446190898687,7.090848436716102e-07,0.59972,0.002669995935522225,50000,1.011923310640748
83,19,8.0,fit,1257,fit,clean,optimum,6.198146136090266e-05,6.473662345092095e-05,5.608490262314364e-07,0.75624,0.0021118271443029677,50000,1.0444513896498124
83,13,4.0,fit,1260,fit,clean,optimum,7.961416787120876e-05,8.172281657498111e-05,6.233111577886423e-07,0.69228,0.0023470227472977344,50000,1.0264858474333802
83,11,3.0,fit,1260,fit,clean,optimum,8.717915811021425e-05,8.979099273365759e-05,6.491518333239927e-07,0.6619,0.0024443235135830263,50000,1.0299593925894694
83,5,1.4,fit,1269,fit,clean,optimum,0.00011805202219545057,0.00011994971836167935,7.37975756254328e-07,0.54834,0.0027787820982188693,50000,1.016075083941272
71,29,40.0,fit,1270,fit,clean,optimum,4.010918238260692e-05,4.5408056603374084e-05,4.7405140570277434e-07,0.82902,0.001784998421206109,50000,1.1321112499930934
83,17,6.0,fit,1258,fit,clean,optimum,7.08690632791047e-05,7.304381733648382e-05,5.920434346395538e-07,0.72496,0.0022292869157309217,50000,1.0306869310352567
83,3,1.0,fit,1270,fit,clean,optimum,0.000135251585589336,0.00013804070453445888,7.809898094808942e-07,0.48022,0.002940747691349578,50000,1.0206217097786303
83,1,0.6,fit,1270,fit,clean,optimum,0.00015785222820523964,0.00016137945768865535,8.13606598589698e-07,0.39234,0.0030635633108449275,50000,1.022345135849648
83,15,5.0,fit,1258,fit,clean,optimum,7.421010478494156e-05,7.592796457424641e-05,6.038625169522939e-07,0.7141,0.002273790619368442,50000,1.0231485967346785
83,9,2.0,fit,1261,fit,clean,optimum,9.900914302402047e-05,0.00010141787727042047,6.85465097314909e-07,0.61812,0.00258105788060074,50000,1.024328402133686
83,13,4.0,fit,1261,fit,clean,optimum,7.961416787120876e-05,8.202557236237057e-05,6.247092100842359e-07,0.69114,0.002352286988918743,50000,1.0302886352472178
83,11,3.0,fit,1261,fit,clean,optimum,8.717915811021425e-05,9.031683173280769e-05,6.531952643016395e-07,0.65992,0.0024595486934359486,50000,1.035991097994164
83,19,8.0,fit,1258,fit,clean,optimum,6.198146136090266e-05,6.463570485512448e-05,5.649011835490421e-07,0.75662,0.002127085182413164,50000,1.042823183512354
83,7,1.8,fit,1259,fit,clean,optimum,0.00010505189552524004,0.00010727646733165823,7.042783673031502e-07,0.59606,0.0026518975760910436,50000,1.0211759320980904
83,5,1.4,fit,1270,fit,clean,optimum,0.00011805202219545057,0.00012021529361377534,7.313697756597625e-07,0.54734,0.0027539078656146293,50000,1.0183247298783513
71,29,40.0,fit,1271,fit,clean,optimum,4.010918238260692e-05,4.4616642352128005e-05,4.7014792420735774e-07,0.832,0.0017703002086858941,50000,1.1123797520109937
83,17,6.0,fit,1259,fit,clean,optimum,7.08690632791047e-05,7.347936074992129e-05,5.944393963473203e-07,0.72332,0.002238308696521326,50000,1.0368326791697022
83,3,1.0,fit,1271,fit,clean,optimum,0.000135251585589336,0.00013691997697061375,7.7491681558565e-07,0.48444,0.0029178803727748456,50000,1.0123354663385868
83,1,0.6,fit,1271,fit,clean,optimum,0.00015785222820523964,0.00016124135855756543,8.215440668293467e-07,0.39286,0.003093451141796809,50000,1.0214702724875018
83,15,5.0,fit,1259,fit,clean,optimum,7.421010478494156e-05,7.67300018355763e-05,6.060575765067054e-07,0.71108,0.002282055920962199,50000,1.0339562524259645
83,9,2.0,fit,1262,fit,clean,optimum,9.900914302402047e-05,0.00010121604007882752,6.841158007414336e-07,0.61888,0.0025759772243165936,50000,1.022289830892402
83,13,4.0,fit,1262,fit,clean,optimum,7.961416787120876e-05,8.270544500773632e-05,6.254772536527321e-07,0.68858,0.002355178988690689,50000,1.0388282289344317
83,11,3.0,fit,1262,fit,clean,optimum,8.717915811021425e-05,8.969007413786112e-05,6.534542116543031e-07,0.66228,0.0024605237366699096,50000,1.028801792562306
83,19,8.0,fit,1259,fit,clean,optimum,6.198146136090266e-05,6.526777395511295e-05,5.672373725489656e-07,0.75424,0.002135881894386458,50000,1.0530208956364373
83,7,1.8,fit,1260,fit,clean,optimum,0.00010505189552524004,0.00010779699482576641,6.990499010067116e-07,0.5941,0.002632210251104344,50000,1.0261308878512032
83,5,1.4,fit,1271,fit,clean,optimum,0.00011805202219545057,0.00011940794484740353,7.241237979701252e-07,0.55038,0.0027266237808497656,50000,1.0114858062296304
71,29,40.0,fit,1272,fit,clean,optimum,4.010918238260692e-05,4.4977824694978547e-05,4.704554040907894e-07,0.83064,0.001771457996849531,50000,1.1213847309558442
83,3,1.0,fit,1272,fit,clean,optimum,0.000135251585589336,0.0001375201770403507,7.755467559730018e-07,0.48218,0.0029202523572966718,50000,1.0167731227780412
83,1,0.6,fit,1272,fit,clean,optimum,0.00015785222820523964,0.0001606995850432896,8.152116349961651e-07,0.3949,0.0030696069327328843,50000,1.01803811622062
83,17,6.0,fit,1260,fit,clean,optimum,7.08690632791047e-05,7.352716429529856e-05,5.960142083913228e-07,0.72314,0.0022442385112596106,50000,1.0375072125015314
83,9,2.0,fit,1263,fit,clean,optimum,9.900914302402047e-05,0.00010152941887630079,6.901579653725011e-07,0.6177,0.0025987284580380374,50000,1.0254549809775535
83,13,4.0,fit,1263,fit,clean,optimum,7.961416787120876e-05,8.148379884809471e-05,6.233776439277199e-07,0.69318,0.0023472730949432806,50000,1.023483646527719
83,15,5.0,fit,1260,fit,clean,optimum,7.421010478494156e-05,7.65653451792768e-05,6.068169832306782e-07,0.7117,0.0022849153994639773,50000,1.0317374621847073
83,11,3.0,fit,1263,fit,clean,optimum,8.717915811021425e-05,8.89623979471181e-05,6.515470844972409e-07,0.66502,0.0024533426189188743,50000,1.0204548871032848
83,19,8.0,fit,1260,fit,clean,optimum,6.198146136090266e-05,6.484285355175937e-05,5.655391586307456e-07,0.75584,0.0021294874208622225,50000,1.046165290847138
83,7,1.8,fit,1261,fit,clean,optimum,0.00010505189552524004,0.00010737738592745472,6.988659055708338e-07,0.59568,0.0026315174326492145,50000,1.0221365867849186
83,5,1.4,fit,1272,fit,clean,optimum,0.00011805202219545057,0.00012067208304738048,7.368110251470744e-07,0.54562,0.002774396406788432,50000,1.0221941208901282
71,29,40.0,fit,1273,fit,clean,optimum,4.010918238260692e-05,4.4080180342894086e-05,4.6826088204097676e-07,0.83402,0.0017631947191815527,50000,1.0990047097546711
83,3,1.0,fit,1273,fit,clean,optimum,0.000135251585589336,0.00013745112747480577,7.76492438323755e-07,0.48244,0.002923813240109696,50000,1.0162625959310247
83,1,0.6,fit,1273,fit,clean,optimum,0.00015785222820523964,0.00016082706116429568,8.106850984028423e-07,0.39442,0.0030525626616360936,50000,1.018845682401063
83,17,6.0,fit,1261,fit,clean,optimum,7.08690632791047e-05,7.31978509826995e-05,5.986370486493144e-07,0.72438,0.002254114583059567,50000,1.0328604273267068
83,9,2.0,fit,1264,fit,clean,optimum,9.900914302402047e-05,0.00010117354803849215,6.840584982828763e-07,0.61904,0.0025757614570035437,50000,1.0218606579995
83,13,4.0,fit,1264,fit,clean,optimum,7.961416787120876e-05,8.152629088843009e-05,6.234049153878347e-07,0.69302,0.0023473757832016915,50000,1.0240173711331702
83,11,3.0,fit,1264,fit,clean,optimum,8.717915811021425e-05,8.967945112777727e-05,6.470788442771271e-07,0.66232,0.0024365178576323874,50000,1.0286799399278677
83,15,5.0,fit,1261,fit,clean,optimum,7.421010478494156e-05,7.665564076498944e-05,6.097503675266008e-07,0.71136,0.0022959607972289097,50000,1.0329542181234612
83,19,8.0,fit,1261,fit,clean,optimum,6.198146136090266e-05,6.462508184504063e-05,5.632346696812227e-07,0.75666,0.0021208100726103235,50000,1.0426517933926214
83,7,1.8,fit,1262,fit,clean,optimum,0.00010505189552524004,0.00010757922311904767,7.051020403735337e-07,0.59492,0.002654999043806438,50000,1.0240578961585745
83,5,1.4,fit,1273,fit,clean,optimum,0.00011805202219545057,0.00011998689889697279,7.462002524775131e-07,0.5482,0.0028097507075236705,50000,1.0163900343724632
71,29,40.0,fit,1274,fit,clean,optimum,4.010918238260692e-05,4.3963327231971845e-05,4.6725158029720075e-07,0.83446,0.0017593942832003749,50000,1.09609133421369
83,3,1.0,fit,1274,fit,clean,optimum,0.000135251585589336,0.0001370421415865779,7.819523965942382e-07,0.48398,0.002944372227543169,50000,1.0132387061448473
83,1,0.6,fit,1274,fit,clean,optimum,0.00015785222820523964,0.00016055617440715776,8.186141785729055e-07,0.39544,0.003082418908057718,50000,1.0171296042676221
83,9,2.0,fit,1265,fit,clean,optimum,9.900914302402047e-05,0.00010083361171580927,6.8755659058713e-07,0.62032,0.002588933212566781,50000,1.0184272748562844
83,17,6.0,fit,1262,fit,clean,optimum,7.08690632791047e-05,7.395208469865217e-05,5.93739288912895e-07,0.72154,0.0022356725042221573,50000,1.043503064340015
83,13,4.0,fit,1265,fit,clean,optimum,7.961416787120876e-05,8.10801244649088e-05,6.197449189755785e-07,0.6947,0.002333594392114343,50000,1.018413262775936
83,11,3.0,fit,1265,fit,clean,optimum,8.717915811021425e-05,8.882429881602816e-05,6.449702462877348e-07,0.66554,0.0024285781193745842,50000,1.018870802855587
83,15,5.0,fit,1262,fit,clean,optimum,7.421010478494156e-05,7.748423555152896e-05,6.065912071870974e-07,0.70824,0.0022840652598451723,50000,1.0441197432084988
83,5,1.4,fit,1274,fit,clean,optimum,0.00011805202219545057,0.00011926453421127168,7.406016610058333e-07,0.55092,0.0027886697090966934,50000,1.0102709974236075
71,29,40.0,fit,1275,fit,clean,optimum,4.010918238260692e-05,4.505218576556544e-05,4.723497105966203e-07,0.83036,0.0017785908395782134,50000,1.1232386972091961
83,7,1.8,fit,1263,fit,clean,optimum,0.00010505189552524004,0.000107159614220736,7.02450704456933e-07,0.5965,0.0026450156741374816,50000,1.0200635950922898
83,19,8.0,fit,1262,fit,clean,optimum,6.198146136090266e-05,6.553334920720895e-05,5.63239988814529e-07,0.75324,0.0021208301013338746,50000,1.0573056486297496
83,3,1.0,fit,1275,fit,clean,optimum,0.000135251585589336,0.00013673407429414655,7.751753514179199e-07,0.48514,0.0029188538664653508,50000,1.0109609709812337
83,1,0.6,fit,1275,fit,clean,optimum,0.00015785222820523964,0.00016132634263823616,8.110537926296411e-07,0.39254,0.0030539509469672344,50000,1.0220086499411303
83,9,2.0,fit,1266,fit,clean,optimum,9.900914302402047e-05,0.00010087610375614463,6.887630767387485e-07,0.62016,0.002593476128904416,50000,1.0188564477491864
83,13,4.0,fit,1266,fit,clean,optimum,7.961416787120876e-05,8.215835998841855e-05,6.260992338160689e-07,0.69064,0.002357520999696715,50000,1.0319565246392515
83,17,6.0,fit,1263,fit,clean,optimum,7.08690632791047e-05,7.292165272051968e-05,5.92067523176388e-07,0.72542,0.002229377618974707,50000,1.0289631236316932
83,11,3.0,fit,1266,fit,clean,optimum,8.717915811021425e-05,8.975912370340606e-05,6.482773675389146e-07,0.66202,0.0024410307904163286,50000,1.0295938346861544
83,15,5.0,fit,1263,fit,clean,optimum,7.421010478494156e-05,7.61722938061747e-05,6.064949539559347e-07,0.71318,0.002283702826860913,50000,1.0264409951571893
83,5,1.4,fit,1275,fit,clean,optimum,0.00011805202219545057,0.00011965758558437374,7.292670324344578e-07,0.54944,0.0027459901729504628,50000,1.0136004734104846
71,29,40.0,fit,1276,fit,clean,optimum,4.010918238260692e-05,4.5339007037829115e-05,4.7266370052975116e-07,0.82928,0.0017797731407551971,50000,1.1303897099006952
83,3,1.0,fit,1276,fit,clean,optimum,0.000135251585589336,0.000137897293898327,7.716263743501363e-07,0.48076,0.002905490508849105,50000,1.019561384788672
83,7,1.8,fit,1264,fit,clean,optimum,0.00010505189552524004,0.00010708525315014913,7.02019463413465e-07,0.59678,0.0026433918743290863,50000,1.0193557442704166
83,19,8.0,fit,1263,fit,clean,optimum,6.198146136090266e-05,6.481098452150784e-05,5.627831850731885e-07,0.75596,0.0021191100474593693,50000,1.0456511204879402
83,1,0.6,fit,1276,fit,clean,optimum,0.00015785222820523964,0.00016136352317352957,8.175024101550638e-07,0.3924,0.0030782326429254544,50000,1.0222441900770924
83,13,4.0,fit,1267,fit,clean,optimum,7.961416787120876e-05,8.202026085732863e-05,6.282352457843586e-07,0.69116,0.0023655639628547332,50000,1.0302219196715363
83,9,2.0,fit,1267,fit,clean,optimum,9.900914302402047e-05,0.00010168345252251647,6.908742048127464e-07,0.61712,0.002601425393970857,50000,1.027010732714323
83,17,6.0,fit,1264,fit,clean,optimum,7.08690632791047e-05,7.30597518516096e-05,5.941604260555739e-07,0.7249,0.002237258258690449,50000,1.0309117754791999
83,11,3.0,fit,1267,fit,clean,optimum,8.717915811021425e-05,8.951479447147777e-05,6.479427990991504e-07,0.66294,0.002439771002702211,50000,1.0267912240940746
83,5,1.4,fit,1276,fit,clean,optimum,0.00011805202219545057,0.00012111824947090176,7.410230837744161e-07,0.54394,0.002790256539063932,50000,1.0259735260644214
71,29,40.0,fit,1277,fit,clean,optimum,4.010918238260692e-05,4.5386810583206414e-05,4.754943313758995e-07,0.8291,0.0017904316295406096,50000,1.131581545349279
83,15,5.0,fit,1264,fit,clean,optimum,7.421010478494156e-05,7.587484952382718e-05,6.056812877952537e-07,0.7143,0.0022806390392743083,50000,1.0224328579471758
83,3,1.0,fit,1277,fit,clean,optimum,0.000135251585589336,0.0001391136285529267,7.761907908985935e-07,0.47618,0.0029226774135491227,50000,1.0285545115553545
83,19,8.0,fit,1264,fit,clean,optimum,6.198146136090266e-05,6.465163937025024e-05,5.649336757458225e-07,0.75656,0.002127207528891324,50000,1.043080268691953
83,1,0.6,fit,1277,fit,clean,optimum,0.00015785222820523964,0.00016280294103988992,8.136071581187549e-07,0.38698,0.0030635654177018448,50000,1.0313629581979253
83,7,1.8,fit,1265,fit,clean,optimum,0.00010505189552524004,0.00010672407080729856,7.01526234755641e-07,0.59814,0.002641534665670029,50000,1.0159176117070325
83,13,4.0,fit,1268,fit,clean,optimum,7.961416787120876e-05,8.24345582505984e-05,6.236174075303335e-07,0.6896,0.002348175903472017,50000,1.0354257345746822
83,9,2.0,fit,1268,fit,clean,optimum,9.900914302402047e-05,0.00010190122422923521,6.860169243080951e-07,0.6163,0.002583135736081742,50000,1.0292102437904456
83,11,3.0,fit,1268,fit,clean,optimum,8.717915811021425e-05,9.012561755129856e-05,6.473560487182876e-07,0.66064,0.002437561646309882,50000,1.033797750574275
83,17,6.0,fit,1265,fit,clean,optimum,7.08690632791047e-05,7.290571820539391e-05,5.951994792134409e-07,0.72548,0.0022411707209762472,50000,1.0287382791877497
83,5,1.4,fit,1277,fit,clean,optimum,0.00011805202219545057,0.00012170251502551295,7.342685601607539e-07,0.54174,0.002764822980927948,50000,1.030922747125996
71,29,40.0,fit,1278,fit,clean,optimum,4.010918238260692e-05,4.531244951261952e-05,4.743287944048084e-07,0.82938,0.0017860429037015403,50000,1.129727579095927
83,15,5.0,fit,1265,fit,clean,optimum,7.421010478494156e-05,7.60076371498752e-05,6.031914870425466e-07,0.7138,0.002271263915903223,50000,1.024222204915932
83,3,1.0,fit,1278,fit,clean,optimum,0.000135251585589336,0.00013878962674536958,7.759152847492302e-07,0.4774,0.002921640019638399,50000,1.0261589625039675
83,1,0.6,fit,1278,fit,clean,optimum,0.00015785222820523964,0.00016177782056679934,8.158396541226862e-07,0.39084,0.0030719716829178683,50000,1.0248687801635314
83,19,8.0,fit,1265,fit,clean,optimum,6.198146136090266e-05,6.488534559209471e-05,5.643588208341644e-07,0.75568,0.002125042963830682,50000,1.0468508513260675
83,7,1.8,fit,1266,fit,clean,optimum,0.00010505189552524004,0.00010736145141232895,7.003002044729304e-07,0.59574,0.002636918157644396,50000,1.0219849044659457
83,13,4.0,fit,1269,fit,clean,optimum,7.961416787120876e-05,8.232832814976001e-05,6.242283784918949e-07,0.69,0.0023504764603075635,50000,1.0340914230610554
83,9,2.0,fit,1269,fit,clean,optimum,9.900914302402047e-05,0.00010098233385698304,6.798359799603825e-07,0.61976,0.0025598619396758992,50000,1.0199293799814413
83,11,3.0,fit,1269,fit,clean,optimum,8.717915811021425e-05,8.924390771433984e-05,6.502387042914101e-07,0.66396,0.0024484160295793005,50000,1.0236839819158987
83,5,1.4,fit,1278,fit,clean,optimum,0.00011805202219545057,0.0001203640157549491,7.360081390955068e-07,0.54678,0.0027713732107442564,50000,1.0195845316031158
71,29,40.0,fit,1279,fit,clean,optimum,4.010918238260692e-05,4.483441405884671e-05,4.716886119717553e-07,0.83118,0.0017761015314832482,50000,1.1178092246100946
83,17,6.0,fit,1266,fit,clean,optimum,7.08690632791047e-05,7.32722120532864e-05,5.95309182008801e-07,0.7241,0.0022415837970987183,50000,1.0339097013984417
83,15,5.0,fit,1266,fit,clean,optimum,7.421010478494156e-05,7.670344431036671e-05,6.059134136921503e-07,0.71118,0.0022815130887012206,50000,1.0335983830322133
83,3,1.0,fit,1279,fit,clean,optimum,0.000135251585589336,0.00013904989049242365,7.727017996885863e-07,0.47642,0.00290953992734711,50000,1.0280832560042619
83,1,0.6,fit,1279,fit,clean,optimum,0.00015785222820523964,0.00016126791608277503,8.132986703676253e-07,0.39276,0.0030624038345019983,50000,1.0216385154417607
83,19,8.0,fit,1266,fit,clean,optimum,6.198146136090266e-05,6.489065709713664e-05,5.634112977000451e-07,0.75566,0.0021214751497115533,50000,1.046936546385934
83,7,1.8,fit,1267,fit,clean,optimum,0.00010505189552524004,0.0001075367310787123,7.010553472074595e-07,0.59508,0.002639761580473027,50000,1.0236534099746468
83,13,4.0,fit,1270,fit,clean,optimum,7.961416787120876e-05,8.178124313044223e-05,6.269706380355462e-07,0.69206,0.00236080219481034,50000,1.0272197187658751
83,9,2.0,fit,1270,fit,clean,optimum,9.900914302402047e-05,0.00010169938703764223,6.915137223899016e-07,0.61706,0.002603833440549399,50000,1.0271716725491613
83,11,3.0,fit,1270,fit,clean,optimum,8.717915811021425e-05,8.948292544122624e-05,6.521010210725067e-07,0.66306,0.0024554284178436385,50000,1.0264256661907598
83,5,1.4,fit,1279,fit,clean,optimum,0.00011805202219545057,0.0001208951662591411,7.352633582890454e-07,0.54478,0.0027685688048345062,50000,1.0240838234772744
71,29,40.0,fit,1280,fit,clean,optimum,4.010918238260692e-05,4.4202344958858246e-05,4.672527939790365e-07,0.83356,0.0017593988532114213,50000,1.102050511456606
83,3,1.0,fit,1280,fit,clean,optimum,0.000135251585589336,0.00013779106379748862,7.834830923688771e-07,0.48116,0.002950135926391455,50000,1.0187759588701846
83,17,6.0,fit,1267,fit,clean,optimum,7.08690632791047e-05,7.30066368011904e-05,5.947100967189735e-07,0.7251,0.0022393279947033546,50000,1.0301622939993897
83,15,5.0,fit,1267,fit,clean,optimum,7.421010478494156e-05,7.643255755322878e-05,6.058012346944523e-07,0.7122,0.0022810906886590004,50000,1.029948115215951
83,1,0.6,fit,1280,fit,clean,optimum,0.00015785222820523964,0.00016116168598193664,8.118391998366757e-07,0.39316,0.0030569083279763302,50000,1.0209655436247251
83,19,8.0,fit,1267,fit,clean,optimum,6.198146136090266e-05,6.499157569293313e-05,5.620267429693622e-07,0.75528,0.002116261731971174,50000,1.0485647525233928
83,13,4.0,fit,1271,fit,clean,optimum,7.961416787120876e-05,8.124478112120831e-05,6.218978278894131e-07,0.69408,0.0023417009792185374,50000,1.020481445622058
83,9,2.0,fit,1271,fit,clean,optimum,9.900914302402047e-05,0.00010013780455531775,6.853697234475983e-07,0.62294,0.002580698758782882,50000,1.0113995687350152
83,7,1.8,fit,1268,fit,clean,optimum,0.00010505189552524004,0.00010777043730055682,7.019712874755482e-07,0.5942,0.0026432104721180873,50000,1.0258780839862485
83,5,1.4,fit,1280,fit,clean,optimum,0.00011805202219545057,0.00012066677154233855,7.427195616708464e-07,0.54564,0.0027966444757524644,50000,1.0221491279713864
83,11,3.0,fit,1271,fit,clean,optimum,8.717915811021425e-05,8.819754122108158e-05,6.459956715203839e-07,0.6679,0.0024324392669196064,50000,1.011681497423729
71,29,40.0,fit,1281,fit,clean,optimum,4.010918238260692e-05,4.4945955664727025e-05,4.7302373176821983e-07,0.83076,0.0017811288063739896,50000,1.120590173990122
83,3,1.0,fit,1281,fit,clean,optimum,0.000135251585589336,0.00013790791690841087,7.798106573433555e-07,0.48072,0.002936307698811748,50000,1.019639927380521
83,1,0.6,fit,1281,fit,clean,optimum,0.00015785222820523964,0.00016142194972899073,8.052893462030285e-07,0.39218,0.003032245436453292,50000,1.0226143245764623
83,17,6.0,fit,1268,fit,clean,optimum,7.08690632791047e-05,7.385116610285568e-05,5.933065155820579e-07,0.72192,0.002234042934721906,50000,1.042079049528375
83,15,5.0,fit,1268,fit,clean,optimum,7.421010478494156e-05,7.711774170363647e-05,6.026322574234833e-07,0.70962,0.0022691581864926337,50000,1.039181145574732
83,13,4.0,fit,1272,fit,clean,optimum,7.961416787120876e-05,8.170688205985537e-05,6.277249968910628e-07,0.69234,0.0023636426660122423,50000,1.0262857007063364
83,19,8.0,fit,1268,fit,clean,optimum,6.198146136090266e-05,6.575112091392769e-05,5.637437654494033e-07,0.75242,0.0021227270274627153,50000,1.060819146084266
83,9,2.0,fit,1272,fit,clean,optimum,9.900914302402047e-05,0.00010138069673512703,6.843160576298494e-07,0.61826,0.0025767312738254815,50000,1.0239528758523968
83,5,1.4,fit,1281,fit,clean,optimum,0.00011805202219545057,0.00012098015033981182,7.366225117613934e-07,0.54446,0.0027736865763950003,50000,1.02480371017714
83,11,3.0,fit,1272,fit,clean,optimum,8.717915811021425e-05,8.905800503787263e-05,6.496632214905352e-07,0.66466,0.0024462491002576374,50000,1.0215515608132288
71,29,40.0,fit,1282,fit,clean,optimum,4.010918238260692e-05,4.555146723950592e-05,4.750320542922522e-07,0.82848,0.001788690966282272,50000,1.135686756338843
83,7,1.8,fit,1269,fit,clean,optimum,0.00010505189552524004,0.00010647974157537022,6.933457381688867e-07,0.59906,0.002610731733084288,50000,1.013591816149449
83,3,1.0,fit,1282,fit,clean,optimum,0.000135251585589336,0.00013681905837481726,7.650376252299222e-07,0.48482,0.0028806811598295194,50000,1.0115893117160237
83,1,0.6,fit,1282,fit,clean,optimum,0.00015785222820523964,0.00016154942584999682,8.137205828787701e-07,0.3917,0.003063992508551312,50000,1.023421890756905
83,15,5.0,fit,1269,fit,clean,optimum,7.421010478494156e-05,7.682029742128895e-05,6.092142127410546e-07,0.71074,0.002293941954052391,50000,1.0351730083647186
83,17,6.0,fit,1269,fit,clean,optimum,7.08690632791047e-05,7.384054309277183e-05,5.967930075202225e-07,0.72196,0.0022471710101380007,50000,1.0419291532324126
83,13,4.0,fit,1273,fit,clean,optimum,7.961416787120876e-05,8.059677750609407e-05,6.238279937433196e-07,0.69652,0.0023489688471342147,50000,1.012342145388932
83,19,8.0,fit,1269,fit,clean,optimum,6.198146136090266e-05,6.526777395511295e-05,5.663113717534833e-07,0.75424,0.0021323951207199584,50000,1.0530208956364373
83,5,1.4,fit,1282,fit,clean,optimum,0.00011805202219545057,0.00011938138732219392,7.390394255099076e-07,0.55048,0.002782787250232036,50000,1.0112608416359223
83,9,2.0,fit,1273,fit,clean,optimum,9.900914302402047e-05,0.00010011124703010815,6.933734922579647e-07,0.62304,0.00261083623863915,50000,1.0111313356769516
71,29,40.0,fit,1283,fit,clean,optimum,4.010918238260692e-05,4.455290429162496e-05,4.720815408245519e-07,0.83224,0.001777581070143931,50000,1.1107906380795494
83,11,3.0,fit,1273,fit,clean,optimum,8.717915811021425e-05,8.85215430286387e-05,6.457664683056015e-07,0.66668,0.002431576222592345,50000,1.015398002774096
83,7,1.8,fit,1270,fit,clean,optimum,0.00010505189552524004,0.00010698433455435264,7.099564511318275e-07,0.59716,0.002673277895920787,50000,1.0183950895835887
83,3,1.0,fit,1283,fit,clean,optimum,0.000135251585589336,0.00013859841256386047,7.770884615293872e-07,0.47812,0.0029260575124992663,50000,1.02474519585069
83,1,0.6,fit,1283,fit,clean,optimum,0.00015785222820523964,0.00016243644719199742,8.24742108385764e-07,0.38836,0.0031054930829459843,50000,1.0290412054291522
83,15,5.0,fit,1270,fit,clean,optimum,7.421010478494156e-05,7.669282130028289e-05,6.070002258840348e-07,0.71122,0.0022856053833834513,50000,1.033455235274713
83,17,6.0,fit,1270,fit,clean,optimum,7.08690632791047e-05,7.336781914404095e-05,5.932626586112359e-07,0.72374,0.002233877795197512,50000,1.0352587680621002
83,13,4.0,fit,1274,fit,clean,optimum,7.961416787120876e-05,8.067645008172289e-05,6.22321743693735e-07,0.69622,0.0023432971964902002,50000,1.013342879024153
83,5,1.4,fit,1283,fit,clean,optimum,0.00011805202219545057,0.00012117136452132096,7.430469786104118e-07,0.54374,0.002797877335128409,50000,1.0264234552518372
83,19,8.0,fit,1270,fit,clean,optimum,6.198146136090266e-05,6.541118459124478e-05,5.655945523055838e-07,0.7537,0.0021296960008198845,50000,1.0553346622528257
83,21,10.0,fit,1234,fit,clean,optimum,6.054484153164067e-05,6.461977033999871e-05,5.602755052991404e-07,0.75668,0.0021096676022230127,50000,1.067304310413109
83,9,2.0,fit,1274,fit,clean,optimum,9.900914302402047e-05,0.0001002812151914496,6.846351223200105e-07,0.6224,0.002577932683548876,50000,1.0128480272485594
83,11,3.0,fit,1274,fit,clean,optimum,8.717915811021425e-05,8.823472175637503e-05,6.507284016657353e-07,0.66776,0.0024502599415043022,50000,1.012107981644263
83,23,20.0,fit,1234,fit,clean,optimum,5.812752366674854e-05,6.255359487869183e-05,5.492123636590351e-07,0.76446,0.002068010325979117,50000,1.0761441556897975
83,7,1.8,fit,1271,fit,clean,optimum,0.00010505189552524004,0.00010572019635437567,7.020883541020111e-07,0.60192,0.0026436512760918724,50000,1.006361625611744
83,25,26.0,fit,1234,fit,clean,optimum,5.777010500975034e-05,6.230395414172161e-05,5.488088256723701e-07,0.7654,0.0020664908395680898,50000,1.0784808878433931
83,15,5.0,fit,1271,fit,clean,optimum,7.421010478494156e-05,7.603419467508479e-05,6.05918890573638e-07,0.7137,0.0022815337114115244,50000,1.0245800743096831
83,17,6.0,fit,1271,fit,clean,optimum,7.08690632791047e-05,7.296945626589696e-05,5.948081382146934e-07,0.72524,0.0022396971612388132,50000,1.0296376569635224
83,13,4.0,fit,1275,fit,clean,optimum,7.961416787120876e-05,8.13191421917952e-05,6.216810301023838e-07,0.6938,0.0023408846464265383,50000,1.021415463681597
83,27,30.0,fit,1234,fit,clean,optimum,5.6743620091678704e-05,6.12947681837568e-05,5.437960608735745e-07,0.7692,0.002047615719393174,50000,1.0802054589524772
83,21,10.0,fit,1235,fit,clean,optimum,6.054484153164067e-05,6.290415421145855e-05,5.568718696469722e-07,0.76314,0.00209685151478525,50000,1.0389680213893187
83,19,8.0,fit,1271,fit,clean,optimum,6.198146136090266e-05,6.437012960302849e-05,5.646913919583715e-07,0.75762,0.0021262952308306465,50000,1.038538430519042
83,9,2.0,fit,1275,fit,clean,optimum,9.900914302402047e-05,0.00010059459398892287,6.888180224160687e-07,0.62122,0.0025936830219672547,50000,1.016013177333711
83,23,20.0,fit,1235,fit,clean,optimum,5.812752366674854e-05,6.098138938628353e-05,5.481545607073212e-07,0.77038,0.002064027263011595,50000,1.0490966333934422
83,11,3.0,fit,1275,fit,clean,optimum,8.717915811021425e-05,8.90526935328307e-05,6.469784241317277e-07,0.66468,0.002436139734503041,50000,1.0214906344960097
83,25,26.0,fit,1235,fit,clean,optimum,5.777010500975034e-05,6.064676456864256e-05,5.463807620661467e-07,0.77164,0.0020573481819331618,50000,1.049794951184643
83,7,1.8,fit,1272,fit,clean,optimum,0.00010505189552524004,0.00010735082840224512,7.064777863090643e-07,0.59578,0.0026601792928118437,50000,1.0218837829199638
83,15,5.0,fit,1272,fit,clean,optimum,7.421010478494156e-05,7.59810796246656e-05,6.07689761838682e-07,0.7139,0.002288201769715405,50000,1.0238643355221808
83,27,30.0,fit,1235,fit,clean,optimum,5.6743620091678704e-05,5.946761044933632e-05,5.407114165385732e-07,0.77608,0.0020360007653993195,50000,1.0480052269005142
83,17,6.0,fit,1272,fit,clean,optimum,7.08690632791047e-05,7.310755539698687e-05,5.944559381800875e-07,0.72472,0.0022383709833219095,50000,1.0315863088110293
83,13,4.0,fit,1276,fit,clean,optimum,7.961416787120876e-05,8.292852821949695e-05,6.258135791662277e-07,0.68774,0.0023564453925097244,50000,1.0416302831130486
83,21,10.0,fit,1236,fit,clean,optimum,6.054484153164067e-05,6.34193702005248e-05,5.585733766212629e-07,0.7612,0.0021032583880193404,50000,1.0474776809413548
83,19,8.0,fit,1272,fit,clean,optimum,6.198146136090266e-05,6.497564117780736e-05,5.637507944130888e-07,0.75534,0.0021227534944005416,50000,1.0483076673437939
83,9,2.0,fit,1276,fit,clean,optimum,9.900914302402047e-05,0.00010123197459395326,6.895578774156357e-07,0.61882,0.0025964688801890876,50000,1.0224507707272399
83,23,20.0,fit,1236,fit,clean,optimum,5.812752366674854e-05,6.105043895182846e-05,5.462093727976224e-07,0.77012,0.0020567028308804127,50000,1.050284531332133
83,11,3.0,fit,1276,fit,clean,optimum,8.717915811021425e-05,8.988128831937023e-05,6.466525903777403e-07,0.66156,0.002434912836471633,50000,1.0309951399821946
83,25,26.0,fit,1236,fit,clean,optimum,5.777010500975034e-05,6.082735574006784e-05,5.444857075755496e-07,0.77096,0.0020502125227343446,50000,1.0529209827436092
83,7,1.8,fit,1273,fit,clean,optimum,0.00010505189552524004,0.00010619292030310655,7.112796781501821e-07,0.60014,0.0026782603896129188,50000,1.0108615344079381
83,15,5.0,fit,1273,fit,clean,optimum,7.421010478494156e-05,7.532245299946751e-05,6.026978851095806e-07,0.71638,0.0022694053017098055,50000,1.0149891745571509
83,27,30.0,fit,1236,fit,clean,optimum,5.6743620091678704e-05,5.987128483252223e-05,5.402592467713891e-07,0.77456,0.0020342981603425027,50000,1.0551192316561804
83,13,4.0,fit,1277,fit,clean,optimum,7.961416787120876e-05,8.262577243210751e-05,6.243555805292655e-07,0.68888,0.0023509554282700024,50000,1.037827495299211
83,21,10.0,fit,1237,fit,clean,optimum,6.054484153164067e-05,6.395583220975873e-05,5.579090326996542e-07,0.75918,0.00210075686004802,50000,1.0563382542893514
83,17,6.0,fit,1273,fit,clean,optimum,7.08690632791047e-05,7.210368094406399e-05,5.935178604935845e-07,0.7285,0.002234838735196004,50000,1.0174211088426128
83,23,20.0,fit,1237,fit,clean,optimum,5.812752366674854e-05,6.10557504568704e-05,5.457801564947427e-07,0.7701,0.002055086655052687,50000,1.050375908096648
83,9,2.0,fit,1277,fit,clean,optimum,9.900914302402047e-05,0.00010216148797628929,6.925426265898857e-07,0.61532,0.0026077076878366127,50000,1.03183892775947
83,25,26.0,fit,1237,fit,clean,optimum,5.777010500975034e-05,6.0816732729983996e-05,5.443069643761332e-07,0.771,0.002049539481108644,50000,1.0527370985342583
83,11,3.0,fit,1277,fit,clean,optimum,8.717915811021425e-05,8.944043340089087e-05,6.423167417268121e-07,0.66322,0.002418586583868243,50000,1.0259382556530066
83,19,8.0,fit,1273,fit,clean,optimum,6.198146136090266e-05,6.404081629042945e-05,5.642854320632322e-07,0.75886,0.0021247666249385867,50000,1.0332253368073345
83,7,1.8,fit,1274,fit,clean,optimum,0.00010505189552524004,0.00010617698578798081,6.989730544358587e-07,0.6002,0.002631920892174073,50000,1.0107098520889655
83,15,5.0,fit,1274,fit,clean,optimum,7.421010478494156e-05,7.535432202971904e-05,6.026332520118662e-07,0.71626,0.0022691619315267624,50000,1.0154186178296525
83,27,30.0,fit,1237,fit,clean,optimum,5.6743620091678704e-05,5.974912021655807e-05,5.425747690136615e-07,0.77502,0.002043017053477302,50000,1.052966309164334
83,21,10.0,fit,1238,fit,clean,optimum,6.054484153164067e-05,6.400894726017792e-05,5.574013748167044e-07,0.75898,0.002098845319424625,50000,1.057215538779252
83,13,4.0,fit,1278,fit,clean,optimum,7.961416787120876e-05,8.163252098926847e-05,6.23447294810274e-07,0.69262,0.002347535359149017,50000,1.0253516826467972
83,17,6.0,fit,1274,fit,clean,optimum,7.08690632791047e-05,7.225240308523775e-05,5.886775152538337e-07,0.72794,0.002216612845541191,50000,1.0195196569860818
83,23,20.0,fit,1238,fit,clean,optimum,5.812752366674854e-05,6.1879033738368e-05,5.475528951172367e-07,0.767,0.002061761744725023,50000,1.0645393065964288
83,9,2.0,fit,1278,fit,clean,optimum,9.900914302402047e-05,0.0001011576135233664,6.927607928245092e-07,0.6191,0.0026085291733963616,50000,1.0216997181646617
83,25,26.0,fit,1238,fit,clean,optimum,5.777010500975034e-05,6.146473634509824e-05,5.457322835085841e-07,0.76856,0.0020549063935795986,50000,1.063954035304667
83,11,3.0,fit,1278,fit,clean,optimum,8.717915811021425e-05,8.921735018913024e-05,6.502288153156535e-07,0.66406,0.002448378793520298,50000,1.023379350329803
83,19,8.0,fit,1274,fit,clean,optimum,6.198146136090266e-05,6.404081629042945e-05,5.595720139793985e-07,0.75886,0.0021070186682045386,50000,1.0332253368073345
83,7,1.8,fit,1275,fit,clean,optimum,0.00010505189552524004,0.00010649036458545408,7.040542890870311e-07,0.59902,0.0026510538294905956,50000,1.013692937695431
83,15,5.0,fit,1275,fit,clean,optimum,7.421010478494156e-05,7.607668671542017e-05,6.071468086281496e-07,0.71354,0.0022861573276740355,50000,1.0251526653396854
83,27,30.0,fit,1238,fit,clean,optimum,5.6743620091678704e-05,6.0375877811504634e-05,5.415127925645418e-07,0.77266,0.0020390182755763557,50000,1.0640117376007632
83,21,10.0,fit,1239,fit,clean,optimum,6.054484153164067e-05,6.377524103833345e-05,5.564886418509032e-07,0.75986,0.0020954085045911735,50000,1.0533554870236892
83,13,4.0,fit,1279,fit,clean,optimum,7.961416787120876e-05,8.193527677665792e-05,6.253361577003161e-07,0.69148,0.0023546477044264274,50000,1.0291544704606346
83,23,20.0,fit,1239,fit,clean,optimum,5.812752366674854e-05,6.124165313333761e-05,5.500805895088609e-07,0.7694,0.0020712795532244026,50000,1.0535740948546632
83,25,26.0,fit,1239,fit,clean,optimum,5.777010500975034e-05,6.088047079048704e-05,5.478018632766135e-07,0.77076,0.002062699212193892,50000,1.0538404037903641
83,9,2.0,fit,1279,fit,clean,optimum,9.900914302402047e-05,0.00010186935519898368,6.906326391431944e-07,0.61642,0.002600515799919282,50000,1.0288883641207691
83,17,6.0,fit,1275,fit,clean,optimum,7.08690632791047e-05,7.301194830623234e-05,5.964708802351067e-07,0.72508,0.0022459580684855932,50000,1.030237242147371
83,11,3.0,fit,1279,fit,clean,optimum,8.717915811021425e-05,8.942981039080705e-05,6.510227820473564e-07,0.66326,0.002451368404658522,50000,1.0258164030185686
83,19,8.0,fit,1275,fit,clean,optimum,6.198146136090266e-05,6.49012801072205e-05,5.627943037291972e-07,0.75562,0.0021191519137700324,50000,1.0471079365056666
83,7,1.8,fit,1276,fit,clean,optimum,0.00010505189552524004,0.0001073986319476224,7.061393585476701e-07,0.5956,0.0026589049731652525,50000,1.0223388298768823
83,27,30.0,fit,1239,fit,clean,optimum,5.6743620091678704e-05,5.981816978210304e-05,5.44625645108379e-07,0.77476,0.0020507394450726456,50000,1.054183178398856
83,15,5.0,fit,1276,fit,clean,optimum,7.421010478494156e-05,7.76276461876608e-05,6.123900359823835e-07,0.7077,0.0023059002341114868,50000,1.0460522379347552
83,21,10.0,fit,1240,fit,clean,optimum,6.054484153164067e-05,6.350435428119552e-05,5.557393069497443e-07,0.76088,0.002092586950642735,50000,1.0488813361251959
83,13,4.0,fit,1280,fit,clean,optimum,7.961416787120876e-05,8.144130680775937e-05,6.259559057688485e-07,0.69334,0.0023569813106779176,50000,1.0229499219222684
83,23,20.0,fit,1240,fit,clean,optimum,5.812752366674854e-05,6.152316290055935e-05,5.462725410769084e-07,0.76834,0.0020569406854198976,50000,1.0584170633739427
83,25,26.0,fit,1240,fit,clean,optimum,5.777010500975034e-05,6.12947681837568e-05,5.463969025112233e-07,0.7692,0.002057408957344083,50000,1.0610118879550516
83,9,2.0,fit,1280,fit,clean,optimum,9.900914302402047e-05,0.00010120010556370175,6.90282838466309e-07,0.61894,0.0025991986565705523,50000,1.0221288910575637
83,17,6.0,fit,1276,fit,clean,optimum,7.08690632791047e-05,7.416985640537087e-05,5.983679308894643e-07,0.72072,0.002253101244061576,50000,1.046575938407237
83,11,3.0,fit,1280,fit,clean,optimum,8.717915811021425e-05,8.913236610845952e-05,6.502236483011526e-07,0.66438,0.002448359337586584,50000,1.022404529254297
83,19,8.0,fit,1276,fit,clean,optimum,6.198146136090266e-05,6.579361295426303e-05,5.69855681626676e-07,0.75226,0.0021457409044299235,50000,1.0615047065631955
83,27,30.0,fit,1240,fit,clean,optimum,5.6743620091678704e-05,5.995095740815105e-05,5.401994049355e-07,0.77426,0.0020340728312298805,50000,1.0565233115421675
83,7,1.8,fit,1277,fit,clean,optimum,0.00010505189552524004,0.00010847686747113217,7.052289522645608e-07,0.59154,0.002655476919248617,50000,1.032602666794044
83,21,10.0,fit,1241,fit,clean,optimum,6.054484153164067e-05,6.304225334254849e-05,5.560506357999381e-07,0.76262,0.0020937592317485107,50000,1.0412489610630606
83,15,5.0,fit,1277,fit,clean,optimum,7.421010478494156e-05,7.711774170363647e-05,6.088152220831022e-07,0.70962,0.0022924395902033374,50000,1.039181145574732
83,23,20.0,fit,1241,fit,clean,optimum,5.812752366674854e-05,6.104512744678655e-05,5.474048388815765e-07,0.77014,0.0020612042521330294,50000,1.0501931545676184
83,25,26.0,fit,1241,fit,clean,optimum,5.777010500975034e-05,6.065207607368448e-05,5.444967685758401e-07,0.77162,0.0020502541719475266,50000,1.0498868932893186
83,13,4.0,fit,1281,fit,clean,optimum,7.961416787120876e-05,8.221147503883774e-05,6.264327401696537e-07,0.69044,0.0023587767882197515,50000,1.032623680396065
83,9,2.0,fit,1281,fit,clean,optimum,9.900914302402047e-05,0.0001016887640275584,6.861403192253453e-07,0.6171,0.002583600368671851,50000,1.027064379325936
83,17,6.0,fit,1277,fit,clean,optimum,7.08690632791047e-05,7.380336255747841e-05,5.962166317573434e-07,0.7221,0.002245000718447302,50000,1.0414045161965457
83,11,3.0,fit,1281,fit,clean,optimum,8.717915811021425e-05,8.979099273365759e-05,6.525755601479975e-07,0.6619,0.0024572152525420736,50000,1.0299593925894694
83,19,8.0,fit,1277,fit,clean,optimum,6.198146136090266e-05,6.545898813662208e-05,5.640451851603624e-07,0.75352,0.002123861996585705,50000,1.0561059177916223
83,27,30.0,fit,1241,fit,clean,optimum,5.6743620091678704e-05,5.9865973327480304e-05,5.410405561007495e-07,0.77458,0.0020372401111575507,50000,1.0550256263304478
83,21,10.0,fit,1242,fit,clean,optimum,6.054484153164067e-05,6.375399501816577e-05,5.570104918126744e-07,0.75994,0.0020973734842255807,50000,1.0530045732277291
83,7,1.8,fit,1278,fit,clean,optimum,0.00010505189552524004,0.00010712774519048447,7.002053010926598e-07,0.59662,0.0026365608074036583,50000,1.019760230454344
83,15,5.0,fit,1278,fit,clean,optimum,7.421010478494156e-05,7.68309204313728e-05,6.087353604119994e-07,0.7107,0.002292138878181142,50000,1.0353161561222193
83,23,20.0,fit,1242,fit,clean,optimum,5.812752366674854e-05,6.12204071131699e-05,5.440958230758698e-07,0.76948,0.0020487444473146553,50000,1.053208587796604
83,25,26.0,fit,1242,fit,clean,optimum,5.777010500975034e-05,6.06892566089779e-05,5.419897925096476e-07,0.77148,0.0020408143764605352,50000,1.0505304880220465
83,13,4.0,fit,1282,fit,clean,optimum,7.961416787120876e-05,8.183435818086142e-05,6.233456127951187e-07,0.69186,0.002347152484561295,50000,1.0278868745226886
83,9,2.0,fit,1282,fit,clean,optimum,9.900914302402047e-05,0.00010048836388808449,6.845654191193377e-07,0.62162,0.0025776702223439156,50000,1.0149402451014564
83,11,3.0,fit,1282,fit,clean,optimum,8.717915811021425e-05,8.93926298555136e-05,6.450151262654327e-07,0.6634,0.0024287471109404163,50000,1.0253899187980344
83,17,6.0,fit,1278,fit,clean,optimum,7.08690632791047e-05,7.352185279025663e-05,5.951129360092361e-07,0.72316,0.0022408448502351983,50000,1.0374322643535503
83,19,8.0,fit,1278,fit,clean,optimum,6.198146136090266e-05,6.577236693409535e-05,5.673112220216508e-07,0.75234,0.0021361599680100444,50000,1.0611619263237306
83,27,30.0,fit,1242,fit,clean,optimum,5.6743620091678704e-05,5.9807546772019186e-05,5.405945693975721e-07,0.7748,0.002035560787878527,50000,1.053995967747391
83,21,10.0,fit,1243,fit,clean,optimum,6.054484153164067e-05,6.313254892826113e-05,5.557723066984551e-07,0.76228,0.0020927112082625636,50000,1.0427403446958916
83,7,1.8,fit,1279,fit,clean,optimum,0.00010505189552524004,0.00010761640365434112,6.978368463347605e-07,0.59478,0.0026276426015873905,50000,1.024411821569511
83,25,26.0,fit,1243,fit,clean,optimum,5.777010500975034e-05,6.04714849022592e-05,5.428302532622946e-07,0.7723,0.0020439790567009335,50000,1.046760861730352
83,23,20.0,fit,1243,fit,clean,optimum,5.812752366674854e-05,6.081142122494207e-05,5.443233875427831e-07,0.77102,0.0020496013210825133,50000,1.046172576928971
83,13,4.0,fit,1283,fit,clean,optimum,7.961416787120876e-05,8.241331223043073e-05,6.262463788112648e-07,0.68968,0.0023580750610937558,50000,1.0351588722719571
83,15,5.0,fit,1279,fit,clean,optimum,7.421010478494156e-05,7.649098410868993e-05,6.083923095421422e-07,0.71198,0.0022908471506306654,50000,1.030735427882204
83,9,2.0,fit,1283,fit,clean,optimum,9.900914302402047e-05,0.00010236863667292416,6.909607823085208e-07,0.61454,0.0026017513938337623,50000,1.0339311456123668
83,11,3.0,fit,1283,fit,clean,optimum,8.717915811021425e-05,9.072581762103553e-05,6.519637665106708e-07,0.65838,0.0024549115979940754,50000,1.0406824244200374
83,17,6.0,fit,1279,fit,clean,optimum,7.08690632791047e-05,7.336781914404095e-05,5.977023365050547e-07,0.72374,0.002250595007583755,50000,1.0352587680621002
83,27,30.0,fit,1243,fit,clean,optimum,5.6743620091678704e-05,5.973318570143232e-05,5.398347255320153e-07,0.77508,0.0020326996633589795,50000,1.0526854931871368
83,19,8.0,fit,1279,fit,clean,optimum,6.198146136090266e-05,6.484816505680126e-05,5.629776786785455e-07,0.75582,0.002119842395838301,50000,1.0462509859070037
83,21,10.0,fit,1244,fit,clean,optimum,6.054484153164067e-05,6.340343568539903e-05,5.592794762287776e-07,0.76126,0.0021059171433135252,50000,1.0472144955943845
83,7,1.8,fit,1280,fit,clean,optimum,0.00010505189552524004,0.00010760046913921535,7.049810367579009e-07,0.59484,0.0026545434154499636,50000,1.0242601392505382
83,25,26.0,fit,1244,fit,clean,optimum,5.777010500975034e-05,6.06892566089779e-05,5.444265301951753e-07,0.77148,0.002049989695569888,50000,1.0505304880220465
83,23,20.0,fit,1244,fit,clean,optimum,5.812752366674854e-05,6.101856992157695e-05,5.457413942894175e-07,0.77024,0.0020549406994148055,50000,1.0497362707450448
83,29,40.0,fit,1234,fit,clean,optimum,5.2877679665074705e-05,5.793258549222144e-05,5.318328640369456e-07,0.78186,0.002002569365328886,50000,1.095596211088768
83,15,5.0,fit,1280,fit,clean,optimum,7.421010478494156e-05,7.560927427173118e-05,6.024197011837746e-07,0.7153,0.002268357824869963,50000,1.0188541640096638
91,1,0.6,fit,1234,fit,clean,optimum,0.00011250303195198608,0.00012255766733726208,7.818868369732154e-07,0.53852,0.0029441253686189836,50000,1.0893721281179969
91,3,1.0,fit,1234,fit,clean,optimum,0.00014106617932475762,0.00014605576564271616,7.966318652502616e-07,0.45004,0.0029996464616450615,50000,1.035370535601391
83,27,30.0,fit,1244,fit,clean,optimum,5.6743620091678704e-05,5.93826263686656e-05,5.407354516745581e-07,0.7764,0.0020360912675669546,50000,1.046507541688795
83,17,6.0,fit,1280,fit,clean,optimum,7.08690632791047e-05,7.23639446911181e-05,5.914315217402771e-07,0.72752,0.002226982812112654,50000,1.0210935680936841
83,21,10.0,fit,1245,fit,clean,optimum,6.054484153164067e-05,6.312192591817728e-05,5.554785351541167e-07,0.76232,0.002091605037631001,50000,1.0425648877979112
83,19,8.0,fit,1280,fit,clean,optimum,6.198146136090266e-05,6.425858799714814e-05,5.61415999503723e-07,0.75804,0.002113962031751297,50000,1.0367388342618502
83,25,26.0,fit,1245,fit,clean,optimum,5.777010500975034e-05,6.045023888209153e-05,5.418320961085766e-07,0.77238,0.0020402205846827754,50000,1.0463930933116503
83,23,20.0,fit,1245,fit,clean,optimum,5.812752366674854e-05,6.0800798214858245e-05,5.441209155925944e-07,0.77106,0.0020488389309554563,50000,1.0459898233999418
83,29,40.0,fit,1235,fit,clean,optimum,5.2877679665074705e-05,5.598857464687872e-05,5.26053593615359e-07,0.78918,0.001980808036379841,50000,1.0588319117160268
83,7,1.8,fit,1281,fit,clean,optimum,0.00010505189552524004,0.00010769076472492799,7.04959548839155e-07,0.5945,0.002654462504602374,50000,1.0251196723913842
83,15,5.0,fit,1281,fit,clean,optimum,7.421010478494156e-05,7.73886284607744e-05,6.111260025818159e-07,0.7086,0.0023011406287243453,50000,1.0428314133909944
91,1,0.6,fit,1235,fit,clean,optimum,0.00011250303195198608,0.00012125634860199167,7.830904665728787e-07,0.54342,0.0029486575288642015,50000,1.0778051622087956
83,27,30.0,fit,1245,fit,clean,optimum,5.6743620091678704e-05,5.9478233459420174e-05,5.378645813730276e-07,0.77604,0.0020252812606899105,50000,1.0481924375519793
91,3,1.0,fit,1235,fit,clean,optimum,0.00014106617932475762,0.000145535238148608,8.001785653199047e-07,0.452,0.003013001245427253,50000,1.031680583150706
83,21,10.0,fit,1246,fit,clean,optimum,6.054484153164067e-05,6.433826057277697e-05,5.574299001500822e-07,0.75774,0.002098952729031328,50000,1.062654702616636
83,25,26.0,fit,1246,fit,clean,optimum,5.777010500975034e-05,6.180998417282302e-05,5.479986366424097e-07,0.76726,0.0020634401448080693,50000,1.069930272108573
83,17,6.0,fit,1281,fit,clean,optimum,7.08690632791047e-05,7.41220528599936e-05,6.003699204367948e-07,0.7209,0.00226063955770914,50000,1.0459014050754079
83,19,8.0,fit,1281,fit,clean,optimum,6.198146136090266e-05,6.57351863988019e-05,5.67864857266321e-07,0.75248,0.0021382446323012414,50000,1.0605620609046669
83,23,20.0,fit,1246,fit,clean,optimum,5.812752366674854e-05,6.214992049550591e-05,5.492674000433657e-07,0.76598,0.0020682175605911384,50000,1.0691995215866792
83,29,40.0,fit,1236,fit,clean,optimum,5.2877679665074705e-05,5.628070742418432e-05,5.270826741159472e-07,0.78808,0.0019846829475113053,50000,1.0643566015124768
83,7,1.8,fit,1282,fit,clean,optimum,0.00010505189552524004,0.0001061822972930227,7.000215316488222e-07,0.60018,0.0026358688399014635,50000,1.010760412861956
91,1,0.6,fit,1236,fit,clean,optimum,0.00011250303195198608,0.00012212212392382463,7.780551656324146e-07,0.54016,0.0029296975508514766,50000,1.085500735446346
83,15,5.0,fit,1282,fit,clean,optimum,7.421010478494156e-05,7.660252571457025e-05,6.062654825883335e-07,0.71156,0.002282838772828053,50000,1.032238479335959
83,27,30.0,fit,1246,fit,clean,optimum,5.6743620091678704e-05,6.07636176795648e-05,5.43968768939111e-07,0.7712,0.002048266036258821,50000,1.0708449263792321
91,3,1.0,fit,1236,fit,clean,optimum,0.00014106617932475762,0.00014540245052256,8.037216735164177e-07,0.4525,0.0030263425043305196,50000,1.030739268750021
83,21,10.0,fit,1247,fit,clean,optimum,6.054484153164067e-05,6.279792411062015e-05,5.585151374665616e-07,0.76354,0.0021030390936602403,50000,1.0372134524095173
83,25,26.0,fit,1247,fit,clean,optimum,5.777010500975034e-05,6.063614155855871e-05,5.44189644832042e-07,0.77168,0.002049097724796016,50000,1.0496110669752918
83,23,20.0,fit,1247,fit,clean,optimum,5.812752366674854e-05,6.105043895182846e-05,5.45365966687391e-07,0.77012,0.002053527060157896,50000,1.050284531332133
83,19,8.0,fit,1282,fit,clean,optimum,6.198146136090266e-05,6.521465890469376e-05,5.642385320469757e-07,0.75444,0.0021245900270971596,50000,1.0521639450377749
83,17,6.0,fit,1282,fit,clean,optimum,7.08690632791047e-05,7.343155720454399e-05,5.944289279881394e-07,0.7235,0.0022382692788455514,50000,1.0361581458378726
83,29,40.0,fit,1237,fit,clean,optimum,5.2877679665074705e-05,5.6317887959477766e-05,5.2625511055182e-07,0.78794,0.001981566830487615,50000,1.065059743850207
91,1,0.6,fit,1237,fit,clean,optimum,0.00011250303195198608,0.00012206900887340546,7.74272484472061e-07,0.54036,0.002915454201252824,50000,1.0850286143888277
83,7,1.8,fit,1283,fit,clean,optimum,0.00010505189552524004,0.0001078023063308083,7.003421477298087e-07,0.59408,0.00263707609124908,50000,1.026181448624194
83,27,30.0,fit,1247,fit,clean,optimum,5.6743620091678704e-05,5.981816978210304e-05,5.40506281890266e-07,0.77476,0.0020352283491192323,50000,1.054183178398856
91,3,1.0,fit,1237,fit,clean,optimum,0.00014106617932475762,0.00014592828952171008,7.892274376667912e-07,0.45052,0.0029717657478924345,50000,1.0344668737767333
83,15,5.0,fit,1283,fit,clean,optimum,7.421010478494156e-05,7.702744611792383e-05,6.071089157201427e-07,0.70996,0.0022860146452979182,50000,1.037964389635978
83,21,10.0,fit,1248,fit,clean,optimum,6.054484153164067e-05,6.316972946355455e-05,5.575466553757776e-07,0.76214,0.0020993923604532097,50000,1.0433544438388218
83,25,26.0,fit,1248,fit,clean,optimum,5.777010500975034e-05,6.066269908376831e-05,5.475629617098734e-07,0.77158,0.0020617996495845953,50000,1.0500707774986693
83,23,20.0,fit,1248,fit,clean,optimum,5.812752366674854e-05,6.092296283082241e-05,5.484023933529097e-07,0.7706,0.002064960454804251,50000,1.0480914889837805
83,29,40.0,fit,1238,fit,clean,optimum,5.2877679665074705e-05,5.7321762412400643e-05,5.289407075913251e-07,0.78416,0.00199167920736878,50000,1.0840445869689177
83,19,8.0,fit,1283,fit,clean,optimum,6.198146136090266e-05,6.561833328787967e-05,5.662797497409483e-07,0.75292,0.0021322760508432083,50000,1.0586767695876096
83,17,6.0,fit,1283,fit,clean,optimum,7.08690632791047e-05,7.393083867848447e-05,5.950952009914347e-07,0.72162,0.002240778070602452,50000,1.0432032717480904
91,1,0.6,fit,1238,fit,clean,optimum,0.00011250303195198608,0.00012241956820617216,7.743803415914003e-07,0.53904,0.0029158603276463343,50000,1.0881446133684491
91,5,1.4,fit,1234,fit,clean,optimum,0.00014491268901732637,0.00014919486512249085,8.142541872099458e-07,0.43822,0.003066001748218654,50000,1.029550042402791
83,27,30.0,fit,1248,fit,clean,optimum,5.6743620091678704e-05,5.983410429722878e-05,5.436587438428445e-07,0.7747,0.0020470986643225443,50000,1.054463994376053
83,21,10.0,fit,1249,fit,clean,optimum,6.054484153164067e-05,6.271294002994945e-05,5.529691838244949e-07,0.76386,0.0020821562983007465,50000,1.0358097972256766
91,3,1.0,fit,1238,fit,clean,optimum,0.00014106617932475762,0.00014597609306708738,7.965923380870515e-07,0.45034,0.0029994976256262755,50000,1.0348057469609802
91,7,1.8,fit,1234,fit,clean,optimum,0.00014255421738768964,0.00014605576564271616,8.045348828930459e-07,0.45004,0.003029404571937385,50000,1.0245629229299034
83,25,26.0,fit,1249,fit,clean,optimum,5.777010500975034e-05,6.028027072075007e-05,5.429813752395613e-07,0.77302,0.0020445480930703763,50000,1.0434509459620347
83,23,20.0,fit,1249,fit,clean,optimum,5.812752366674854e-05,6.055115747788799e-05,5.430432060435487e-07,0.772,0.002044780911465537,50000,1.04169511546775
83,29,40.0,fit,1239,fit,clean,optimum,5.2877679665074705e-05,5.648254461577727e-05,5.282012367990353e-07,0.78732,0.00198889479584529,50000,1.0681736599172968
91,1,0.6,fit,1239,fit,clean,optimum,0.00011250303195198608,0.00012083673970367999,7.780953860561764e-07,0.545,0.0029298489972812334,50000,1.0740754058544002
91,9,2.0,fit,1234,fit,clean,optimum,0.00014022468211798484,0.00014354342375788798,8.060291128446227e-07,0.4595,0.0030350309619710343,50000,1.0236673144112445
91,11,3.0,fit,1234,fit,clean,optimum,0.00013423645439345318,0.00013852936299831552,7.972535862251651e-07,0.47838,0.0030019874967000854,50000,1.0319801995982374
83,27,30.0,fit,1249,fit,clean,optimum,5.6743620091678704e-05,5.954197151992318e-05,5.392084732868037e-07,0.7758,0.0020303415662084765,50000,1.0493157014607684
83,21,10.0,fit,1250,fit,clean,optimum,6.054484153164067e-05,6.355215782657279e-05,5.560189907846926e-07,0.7607,0.0020936400752570995,50000,1.0496708921661064
91,3,1.0,fit,1239,fit,clean,optimum,0.00014106617932475762,0.00014496159560408063,8.132241286982348e-07,0.45416,0.0030621231544732605,50000,1.027614104939747
91,5,1.4,fit,1235,fit,clean,optimum,0.00014491268901732637,0.0001484778119418317,7.999489671549832e-07,0.44092,0.0030121367139503575,50000,1.0246018685367093
83,25,26.0,fit,1250,fit,clean,optimum,5.777010500975034e-05,6.094952035603201e-05,5.444374472196546e-07,0.7705,0.002050030802654954,50000,1.0550356511511456
91,7,1.8,fit,1235,fit,clean,optimum,0.00014255421738768964,0.00014525903988642816,7.989409121177902e-07,0.45304,0.0030083409723319758,50000,1.0189739914279947
83,23,20.0,fit,1250,fit,clean,optimum,5.812752366674854e-05,6.10026354064512e-05,5.449505904696703e-07,0.7703,0.0020519629979403424,50000,1.0494621404515008
83,29,40.0,fit,1240,fit,clean,optimum,5.2877679665074705e-05,5.6562217191406066e-05,5.267507118674334e-07,0.78702,0.00198343297317863,50000,1.069680393498147
91,1,0.6,fit,1240,fit,clean,optimum,0.00011250303195198608,0.00012252048680196862,7.79582903086803e-07,0.53866,0.0029354501104078773,50000,1.089041643377734
91,11,3.0,fit,1235,fit,clean,optimum,0.00013423645439345318,0.00013731833984875777,7.880256037448274e-07,0.48294,0.0029672403491119437,50000,1.0229586327293139
91,9,2.0,fit,1235,fit,clean,optimum,0.00014022468211798484,0.0001429060431528576,7.931395452003437e-07,0.4619,0.002986496440992326,50000,1.019121890628475
83,27,30.0,fit,1250,fit,clean,optimum,5.6743620091678704e-05,6.003594148882177e-05,5.407291999149532e-07,0.77394,0.002036067727121994,50000,1.0580209967538867
83,21,10.0,fit,1251,fit,clean,optimum,6.054484153164067e-05,6.305818785767423e-05,5.545124922870319e-07,0.76256,0.0020879674891039436,50000,1.0415121464100305
91,3,1.0,fit,1240,fit,clean,optimum,0.00014106617932475762,0.00014560959921919487,8.022938615161984e-07,0.45172,0.003020966205187619,50000,1.0322077192150896
83,25,26.0,fit,1251,fit,clean,optimum,5.777010500975034e-05,6.046617339721727e-05,5.429727134971769e-07,0.77232,0.0020445154780495264,50000,1.0466689196256764
91,5,1.4,fit,1236,fit,clean,optimum,0.00014491268901732637,0.00014828128625528065,8.051915254986073e-07,0.44166,0.003031877101287838,50000,1.0232457023660055
83,23,20.0,fit,1251,fit,clean,optimum,5.812752366674854e-05,6.0938897345948156e-05,5.43702225998453e-07,0.77054,0.002047262392513576,50000,1.0483656192773243
91,7,1.8,fit,1236,fit,clean,optimum,0.00014255421738768964,0.0001451315637654221,8.02469635916243e-07,0.45352,0.0030216280680632345,50000,1.0180797623876894
83,29,40.0,fit,1241,fit,clean,optimum,5.2877679665074705e-05,5.618510033342975e-05,5.272491716863803e-07,0.78844,0.001985309879309803,50000,1.0625485212154566
91,1,0.6,fit,1241,fit,clean,optimum,0.00011250303195198608,0.00012232927262045953,7.741172017421531e-07,0.53938,0.002914869497939234,50000,1.087342007570668
83,27,30.0,fit,1251,fit,clean,optimum,5.6743620091678704e-05,5.952603700479744e-05,5.391883331491292e-07,0.77586,0.0020302657303106833,50000,1.0490348854835712
91,11,3.0,fit,1236,fit,clean,optimum,0.00013423645439345318,0.00013803539302941696,7.795921300434654e-07,0.48024,0.0029354848536928394,50000,1.0283003499543344
83,21,10.0,fit,1252,fit,clean,optimum,6.054484153164067e-05,6.337687816018943e-05,5.585097307850345e-07,0.76136,0.002103018735281647,50000,1.0467758533494342
91,9,2.0,fit,1236,fit,clean,optimum,0.00014022468211798484,0.00014326191399066621,7.9462214996293e-07,0.46056,0.0029920790574104036,50000,1.021659752240521
83,25,26.0,fit,1252,fit,clean,optimum,5.777010500975034e-05,6.070519112410368e-05,5.445160338567238e-07,0.77142,0.0020503267136498565,50000,1.0508063143360733
91,3,1.0,fit,1241,fit,clean,optimum,0.00014106617932475762,0.00014607701166288384,8.042019050337682e-07,0.44996,0.003028150773412674,50000,1.0355211459055005
83,23,20.0,fit,1252,fit,clean,optimum,5.812752366674854e-05,6.0992012396367354e-05,5.453678412107181e-07,0.77034,0.0020535341185088244,50000,1.0492793869224712
91,5,1.4,fit,1237,fit,clean,optimum,0.00014491268901732637,0.00014876463321409535,7.877342086414141e-07,0.43984,0.0029661431267574,50000,1.026581138083142
83,29,40.0,fit,1242,fit,clean,optimum,5.2877679665074705e-05,5.656752869644799e-05,5.248226451123381e-07,0.787,0.001976173009232899,50000,1.0697808424035369
91,7,1.8,fit,1237,fit,clean,optimum,0.00014255421738768964,0.00014584330544103934,7.992334618229545e-07,0.45084,0.0030094425422367596,50000,1.023072541196061
91,1,0.6,fit,1242,fit,clean,optimum,0.00011250303195198608,0.00012090047776418303,7.869595042323319e-07,0.54476,0.002963226046182429,50000,1.0746419511234222
83,27,30.0,fit,1252,fit,clean,optimum,5.6743620091678704e-05,5.9993449448486396e-05,5.426304676528675e-07,0.7741,0.0020432267817511764,50000,1.0572721541480268
83,21,10.0,fit,1253,fit,clean,optimum,6.054484153164067e-05,6.272887454507519e-05,5.529154157683226e-07,0.7638,0.0020819538394656403,50000,1.0360729825726465
83,25,26.0,fit,1253,fit,clean,optimum,5.777010500975034e-05,6.027495921570817e-05,5.422020645543713e-07,0.77304,0.0020416136679722563,50000,1.0433590038573595
91,11,3.0,fit,1237,fit,clean,optimum,0.00013423645439345318,0.0001379132284134528,7.809160963723628e-07,0.4807,0.002940470131193089,50000,1.0273902796122938
91,9,2.0,fit,1237,fit,clean,optimum,0.00014022468211798484,0.00014419142737300222,7.950562543807181e-07,0.45706,0.002993713639000224,50000,1.0282884952570601
91,3,1.0,fit,1242,fit,clean,optimum,0.00014106617932475762,0.0001460185851074227,8.03912680272892e-07,0.45018,0.0030270617232899927,50000,1.035106967569199
83,23,20.0,fit,1253,fit,clean,optimum,5.812752366674854e-05,6.0492730922426875e-05,5.434974502338041e-07,0.77222,0.0020464913275779965,50000,1.0406899710580881
83,29,40.0,fit,1243,fit,clean,optimum,5.2877679665074705e-05,5.6286018929226245e-05,5.259476627375717e-07,0.78806,0.0019804091630776367,50000,1.064457050417867
91,5,1.4,fit,1238,fit,clean,optimum,0.00014491268901732637,0.0001488761748199757,8.113921630399836e-07,0.43942,0.0030552250506635384,50000,1.0273508540178662
91,7,1.8,fit,1238,fit,clean,optimum,0.00014255421738768964,0.00014550336911835646,7.936555605766065e-07,0.45212,0.0029884394510137427,50000,1.0206879304219132
83,27,30.0,fit,1253,fit,clean,optimum,5.6743620091678704e-05,5.94357414190848e-05,5.392984648212792e-07,0.7762,0.0020306804213305763,50000,1.0474435949461196
91,1,0.6,fit,1243,fit,clean,optimum,0.00011250303195198608,0.00012180343362130944,7.732265736576211e-07,0.54136,0.002911515917070901,50000,1.0826680091012355
83,21,10.0,fit,1254,fit,clean,optimum,6.054484153164067e-05,6.290415421145855e-05,5.541828606598995e-07,0.76314,0.002086726290518869,50000,1.0389680213893187
83,25,26.0,fit,1254,fit,clean,optimum,5.777010500975034e-05,5.99668919232768e-05,5.435320391882585e-07,0.7742,0.0020466215692107595,50000,1.0380263617861814
91,11,3.0,fit,1238,fit,clean,optimum,0.00013423645439345318,0.00013849218246302206,7.794334479602657e-07,0.47852,0.002934887350416659,50000,1.031703221668051
91,3,1.0,fit,1243,fit,clean,optimum,0.00014106617932475762,0.00014623104530909952,8.101002868412898e-07,0.44938,0.0030503606056955005,50000,1.0366130706102952
91,9,2.0,fit,1238,fit,clean,optimum,0.00014022468211798484,0.00014366558837385215,7.98312540444149e-07,0.45904,0.003005974894662156,50000,1.0245385206362754
83,23,20.0,fit,1254,fit,clean,optimum,5.812752366674854e-05,6.0306828245959665e-05,5.458163276424973e-07,0.77292,0.002055222854293652,50000,1.037491784300073
83,29,40.0,fit,1244,fit,clean,optimum,5.2877679665074705e-05,5.5940771101501454e-05,5.247167221603604e-07,0.78936,0.0019757741657746263,50000,1.0579278715675169
91,5,1.4,fit,1239,fit,clean,optimum,0.00014491268901732637,0.00014775544725613055,8.045859811724204e-07,0.44364,0.003029596977965323,50000,1.0196170415308785
91,7,1.8,fit,1239,fit,clean,optimum,0.00014255421738768964,0.00014485005399820033,7.95644962952595e-07,0.45458,0.0029959303687867186,50000,1.0161050065903483
83,27,30.0,fit,1254,fit,clean,optimum,5.6743620091678704e-05,5.902675553085696e-05,5.39583144211759e-07,0.77774,0.0020317523562651493,50000,1.040235984864721
83,25,26.0,fit,1255,fit,clean,optimum,5.777010500975034e-05,6.0837978750151666e-05,5.412156214161732e-07,0.77092,0.0020378993040380696,50000,1.0531048669529601
91,1,0.6,fit,1244,fit,clean,optimum,0.00011250303195198608,0.00012144225127845888,7.728503251570988e-07,0.54272,0.00291009918679369,50000,1.07945758591011
83,21,10.0,fit,1255,fit,clean,optimum,6.054484153164067e-05,6.364776491732735e-05,5.572605170769869e-07,0.76034,0.0020983149321291,50000,1.0512500042479274
91,3,1.0,fit,1244,fit,clean,optimum,0.00014106617932475762,0.00014512625226038015,8.081013279795186e-07,0.45354,0.003042833703824958,50000,1.0287813347965962
91,11,3.0,fit,1239,fit,clean,optimum,0.00013423645439345318,0.00013759984961597953,7.872212334357614e-07,0.48188,0.00296421156422812,50000,1.0250557513435812
83,23,20.0,fit,1255,fit,clean,optimum,5.812752366674854e-05,6.105043895182846e-05,5.435811590625084e-07,0.77012,0.002046806525730097,50000,1.050284531332133
91,9,2.0,fit,1239,fit,clean,optimum,0.00014022468211798484,0.0001433362750612531,7.984487520330799e-07,0.46028,0.0030064877872899736,50000,1.0221900516818443
83,29,40.0,fit,1245,fit,clean,optimum,5.2877679665074705e-05,5.606293571746559e-05,5.244907304944656e-07,0.7889,0.0019749232142491687,50000,1.0602381963914864
83,27,30.0,fit,1255,fit,clean,optimum,5.6743620091678704e-05,5.968538215605505e-05,5.381182617586726e-07,0.77526,0.002026236471627838,50000,1.051843045255545
91,5,1.4,fit,1240,fit,clean,optimum,0.00014491268901732637,0.00014863184558804737,8.087501527295039e-07,0.44034,0.003045276795735309,50000,1.0256648095894234
83,25,26.0,fit,1256,fit,clean,optimum,5.777010500975034e-05,6.197995233416449e-05,5.504256081220995e-07,0.76662,0.0020725786901376335,50000,1.072872419458189
83,21,10.0,fit,1256,fit,clean,optimum,6.054484153164067e-05,6.450291722907648e-05,5.613377628758669e-07,0.75712,0.0021136674386849678,50000,1.0653742845353278
91,1,0.6,fit,1245,fit,clean,optimum,0.00011250303195198608,0.0001226479629229747,7.922769092478974e-07,0.53818,0.0029832482620086366,50000,1.0901747339157781
91,7,1.8,fit,1240,fit,clean,optimum,0.00014255421738768964,0.0001466028506620339,8.012811929981285e-07,0.44798,0.0030171530919171708,50000,1.0284006558945473
91,3,1.0,fit,1245,fit,clean,optimum,0.00014106617932475762,0.00014499346463433215,7.999520170457801e-07,0.45404,0.0030121481980429935,50000,1.0278400203959113
83,23,20.0,fit,1256,fit,clean,optimum,5.812752366674854e-05,6.243674176776959e-05,5.513055840613103e-07,0.7649,0.0020758921612998213,50000,1.0741338668704736
91,11,3.0,fit,1240,fit,clean,optimum,0.00013423645439345318,0.0001392198586537651,7.927953438388689e-07,0.47578,0.002985200381367951,50000,1.0371240754445537
83,29,40.0,fit,1246,fit,clean,optimum,5.2877679665074705e-05,5.724740134181375e-05,5.295879982985879e-07,0.78444,0.001994116522977648,50000,1.0826383022934574
91,9,2.0,fit,1240,fit,clean,optimum,0.00014022468211798484,0.0001443720185444275,8.051702872247735e-07,0.45638,0.0030317971304559695,50000,1.029576365328845
83,25,26.0,fit,1257,fit,clean,optimum,5.777010500975034e-05,6.144349032493056e-05,5.463860862085642e-07,0.76864,0.002057368229518076,50000,1.0635862668859652
83,27,30.0,fit,1256,fit,clean,optimum,5.6743620091678704e-05,6.098670089132543e-05,5.458053441634163e-07,0.77036,0.002055181496979692,50000,1.074776350059995
83,21,10.0,fit,1257,fit,clean,optimum,6.054484153164067e-05,6.354153481648897e-05,5.579404347705369e-07,0.76074,0.0021008751017540326,50000,1.0494954352681265
91,1,0.6,fit,1246,fit,clean,optimum,0.00011250303195198608,0.00012269045496331006,7.794147193902657e-07,0.53802,0.002934816829651444,50000,1.0905524307617929
91,5,1.4,fit,1241,fit,clean,optimum,0.00014491268901732637,0.00014814849862923262,8.095779800338194e-07,0.44216,0.00304839390584923,50000,1.0223293738722863
91,7,1.8,fit,1241,fit,clean,optimum,0.00014255421738768964,0.0001455299266435661,7.961783420358585e-07,0.45202,0.002997938760303074,50000,1.0208742281386438
91,3,1.0,fit,1246,fit,clean,optimum,0.00014106617932475762,0.00014628947186456063,7.941606169428881e-07,0.44916,0.002990341195857419,50000,1.0370272489465964
83,23,20.0,fit,1257,fit,clean,optimum,5.812752366674854e-05,6.169313106190079e-05,5.467732157922944e-07,0.7677,0.0020588259315466907,50000,1.0613411198384135
91,11,3.0,fit,1241,fit,clean,optimum,0.00013423645439345318,0.0001383965753722675,7.836851993195871e-07,0.47888,0.0029508969421454265,50000,1.0309909927047152
83,29,40.0,fit,1247,fit,clean,optimum,5.2877679665074705e-05,5.629133043426817e-05,5.252172072923043e-07,0.78804,0.0019776586980418233,50000,1.0645574993232572
91,9,2.0,fit,1241,fit,clean,optimum,0.00014022468211798484,0.00014377181847469056,7.960143700273997e-07,0.45864,0.0029973213382836475,50000,1.025296091266737
83,25,26.0,fit,1258,fit,clean,optimum,5.777010500975034e-05,6.0099679549324786e-05,5.455263732494927e-07,0.7737,0.0020541310568060614,50000,1.0403249144030682
83,27,30.0,fit,1257,fit,clean,optimum,5.6743620091678704e-05,6.086984778040319e-05,5.44131917324142e-07,0.7708,0.0020488803569974567,50000,1.0727170328938809
83,21,10.0,fit,1258,fit,clean,optimum,6.054484153164067e-05,6.304756484759041e-05,5.573580574382038e-07,0.7626,0.002098682211687143,50000,1.0413366895120506
91,1,0.6,fit,1247,fit,clean,optimum,0.00011250303195198608,0.00012228678058012415,7.772218672390507e-07,0.53954,0.0029265598398381673,50000,1.086964310724653
91,5,1.4,fit,1242,fit,clean,optimum,0.00014491268901732637,0.00014849374645695742,7.986805138710474e-07,0.44086,0.003007360465885356,50000,1.0247118279559555
91,7,1.8,fit,1242,fit,clean,optimum,0.00014255421738768964,0.00014624166831918333,8.06761505812461e-07,0.44934,0.003037788722575827,50000,1.0258670069470153
91,3,1.0,fit,1247,fit,clean,optimum,0.00014106617932475762,0.00014585923995616513,8.055287668194243e-07,0.45078,0.0030331469534979195,50000,1.0339773902883773
83,23,20.0,fit,1258,fit,clean,optimum,5.812752366674854e-05,6.0476796407301125e-05,5.47267189752799e-07,0.77228,0.002060685946576728,50000,1.040415840764544
91,11,3.0,fit,1242,fit,clean,optimum,0.00013423645439345318,0.00013876306922015999,8.013827463397829e-07,0.4775,0.003017535481996265,50000,1.0337212037308368
83,29,40.0,fit,1248,fit,clean,optimum,5.2877679665074705e-05,5.641349505023233e-05,5.283909122112559e-07,0.78758,0.001989609001746343,50000,1.0668678241472271
83,25,26.0,fit,1259,fit,clean,optimum,5.777010500975034e-05,6.088047079048704e-05,5.460219885059397e-07,0.77076,0.0020559972519900464,50000,1.0538404037903641
83,27,30.0,fit,1258,fit,clean,optimum,5.6743620091678704e-05,5.929764228799489e-05,5.415926511147286e-07,0.77672,0.0020393189758470187,50000,1.045009856477076
83,21,10.0,fit,1259,fit,clean,optimum,6.054484153164067e-05,6.38974056542976e-05,5.598185448478618e-07,0.7594,0.002107946958271168,50000,1.0553732413504606
91,9,2.0,fit,1242,fit,clean,optimum,0.00014022468211798484,0.00014413300081754111,8.049673371341213e-07,0.45728,0.0030310329399335077,50000,1.0278718314103064
91,1,0.6,fit,1248,fit,clean,optimum,0.00011250303195198608,0.0001218459256616448,7.876620572545721e-07,0.5412,0.0029658714471250828,50000,1.08304570594725
91,5,1.4,fit,1243,fit,clean,optimum,0.00014491268901732637,0.00014917893060736512,8.017147014118389e-07,0.43828,0.0030187854293066267,50000,1.029440082983545
83,23,20.0,fit,1259,fit,clean,optimum,5.812752366674854e-05,6.13213257089664e-05,5.475668679013018e-07,0.7691,0.0020618143580011274,50000,1.0549447463223838
91,7,1.8,fit,1243,fit,clean,optimum,0.00014255421738768964,0.00014610356918809346,8.000367077403025e-07,0.44986,0.0030124670933235364,50000,1.0248982588200182
91,3,1.0,fit,1248,fit,clean,optimum,0.00014106617932475762,0.00014613012671330306,7.978857751650328e-07,0.44976,0.003004367947946496,50000,1.0358976716657746
83,29,40.0,fit,1249,fit,clean,optimum,5.2877679665074705e-05,5.612667377796863e-05,5.256653965690089e-07,0.78866,0.0019793463149156373,50000,1.0614435832561666
91,11,3.0,fit,1243,fit,clean,optimum,0.00013423645439345318,0.00013858778955377665,7.849044860136859e-07,0.47816,0.0029554880577877004,50000,1.0324154506313874
83,25,26.0,fit,1260,fit,clean,optimum,5.777010500975034e-05,6.0790175204774394e-05,5.454543883106465e-07,0.7711,0.002053860003918874,50000,1.0522773880108809
83,27,30.0,fit,1259,fit,clean,optimum,5.6743620091678704e-05,5.9945645903109124e-05,5.439065785145774e-07,0.77428,0.0020480318637444666,50000,1.056429706216435
83,21,10.0,fit,1260,fit,clean,optimum,6.054484153164067e-05,6.341405869548288e-05,5.569869443510856e-07,0.76122,0.002097284818352526,50000,1.0473899524923649
91,1,0.6,fit,1249,fit,clean,optimum,0.00011250303195198608,0.00012057647595662591,7.789562681762383e-07,0.54598,0.0029330905723650093,50000,1.0717620126725598
91,9,2.0,fit,1243,fit,clean,optimum,0.00014022468211798484,0.00014411175479737344,7.999730647617339e-07,0.45736,0.003012227451346107,50000,1.0277203172842142
83,23,20.0,fit,1260,fit,clean,optimum,5.812752366674854e-05,6.10291929316608e-05,5.470611044317155e-07,0.7702,0.0020599099506228243,50000,1.0499190242740746
91,5,1.4,fit,1244,fit,clean,optimum,0.00014491268901732637,0.00014802633401326848,8.048630542312356e-07,0.44262,0.003030640271934277,50000,1.0214863516580652
91,3,1.0,fit,1249,fit,clean,optimum,0.00014106617932475762,0.0001450837602200448,8.103748507865521e-07,0.4537,0.0030513944518204515,50000,1.028480114188377
91,7,1.8,fit,1244,fit,clean,optimum,0.00014255421738768964,0.00014521654784609278,7.924446068284914e-07,0.4532,0.0029838797123387046,50000,1.0186759150812261
83,25,26.0,fit,1261,fit,clean,optimum,5.777010500975034e-05,6.0593649518223366e-05,5.45373396348525e-07,0.77184,0.00205355503588634,50000,1.0488755301378883
83,29,40.0,fit,1250,fit,clean,optimum,5.2877679665074705e-05,5.64612985956096e-05,5.275902769351838e-07,0.7874,0.0019865942807971836,50000,1.067771864295737
83,27,30.0,fit,1260,fit,clean,optimum,5.6743620091678704e-05,5.981285827706111e-05,5.419646456146952e-07,0.77478,0.0020407196880633523,50000,1.0540895730731235
83,21,10.0,fit,1261,fit,clean,optimum,6.054484153164067e-05,6.316972946355455e-05,5.556640527210786e-07,0.76214,0.002092303587535398,50000,1.0433544438388218
91,11,3.0,fit,1244,fit,clean,optimum,0.00013423645439345318,0.0001378601133630336,7.957804453374999e-07,0.4809,0.002996440515661609,50000,1.026994596854885
91,1,0.6,fit,1250,fit,clean,optimum,0.00011250303195198608,0.0001225895363675136,7.760275302459094e-07,0.5384,0.002922062670076621,50000,1.0896554007525079
83,23,20.0,fit,1261,fit,clean,optimum,5.812752366674854e-05,6.084329025519359e-05,5.463946914989827e-07,0.7709,0.0020574006319740677,50000,1.0467208375160593
91,9,2.0,fit,1244,fit,clean,optimum,0.00014022468211798484,0.00014313443786966016,7.969077021211228e-07,0.46104,0.003000685100858182,50000,1.0207506674839673
91,5,1.4,fit,1245,fit,clean,optimum,0.00014491268901732637,0.00014823879421494527,7.955006524736495e-07,0.44182,0.0029953869805086067,50000,1.0229524772480154
91,7,1.8,fit,1245,fit,clean,optimum,0.00014255421738768964,0.00014543963105785344,7.954619722765405e-07,0.45236,0.0029952413336653727,50000,1.0202408159017606
91,3,1.0,fit,1250,fit,clean,optimum,0.00014106617932475762,0.00014676750731833343,7.989039689900429e-07,0.44736,0.0030082018662689835,50000,1.0404159807890623
83,25,26.0,fit,1262,fit,clean,optimum,5.777010500975034e-05,6.139037527451137e-05,5.481304069477912e-07,0.76884,0.0020639363141775474,50000,1.0626668458392106
83,27,30.0,fit,1261,fit,clean,optimum,5.6743620091678704e-05,5.986066182243841e-05,5.428593032719706e-07,0.7746,0.0020440884419295896,50000,1.0549320210047157
83,21,10.0,fit,1262,fit,clean,optimum,6.054484153164067e-05,6.434357207781889e-05,5.580143082406836e-07,0.75772,0.002101153265737927,50000,1.0627424310656262
83,29,40.0,fit,1251,fit,clean,optimum,5.2877679665074705e-05,5.602044367713024e-05,5.251244003256873e-07,0.78906,0.00197730924166031,50000,1.0594346051483667
91,11,3.0,fit,1245,fit,clean,optimum,0.00013423645439345318,0.00013759984961597953,7.838634766720447e-07,0.48188,0.0029515682296658205,50000,1.0250557513435812
83,23,20.0,fit,1262,fit,clean,optimum,5.812752366674854e-05,6.184716470811647e-05,5.499121696298892e-07,0.76712,0.0020706453831440107,50000,1.0639910460093405
91,1,0.6,fit,1251,fit,clean,optimum,0.00011250303195198608,0.00012192559823727358,7.808856484955971e-07,0.5409,0.002940355482420188,50000,1.0837538875335275
91,9,2.0,fit,1245,fit,clean,optimum,0.00014022468211798484,0.0001437665069696486,7.915470974319608e-07,0.45866,0.002980500220501844,50000,1.0252582127352137
91,5,1.4,fit,1246,fit,clean,optimum,0.00014491268901732637,0.00014935421027374848,7.906285022101983e-07,0.43762,0.0029770413318647715,50000,1.030649636595254
91,3,1.0,fit,1251,fit,clean,optimum,0.00014106617932475762,0.00014554586115869184,8.070572118452282e-07,0.45196,0.0030389021773515766,50000,1.0317558883027609
91,7,1.8,fit,1246,fit,clean,optimum,0.00014255421738768964,0.0001460717001578419,7.937693913963323e-07,0.44998,0.0029888680708449484,50000,1.0246747015599413
83,25,26.0,fit,1263,fit,clean,optimum,5.777010500975034e-05,6.066269908376831e-05,5.412702306975876e-07,0.77158,0.0020381049304320324,50000,1.0500707774986693
83,21,10.0,fit,1263,fit,clean,optimum,6.054484153164067e-05,6.339812418035712e-05,5.548269425979919e-07,0.76128,0.0020891515237927115,50000,1.0471267671453948
83,27,30.0,fit,1262,fit,clean,optimum,5.6743620091678704e-05,6.065738757872641e-05,5.458119904098495e-07,0.7716,0.0020552065228297313,50000,1.0689728198645834
83,29,40.0,fit,1252,fit,clean,optimum,5.2877679665074705e-05,5.6376314514938884e-05,5.275942318480484e-07,0.78772,0.0019866091726699515,50000,1.066164681809497
91,11,3.0,fit,1246,fit,clean,optimum,0.00013423645439345318,0.00013927828520922625,7.823677036209361e-07,0.47556,0.0029459360292280784,50000,1.0375593264777034
83,23,20.0,fit,1263,fit,clean,optimum,5.812752366674854e-05,6.094420885099008e-05,5.420147416304949e-07,0.77052,0.0020409083201569085,50000,1.048456996041839
91,1,0.6,fit,1252,fit,clean,optimum,0.00011250303195198608,0.00012196809027760895,7.881085741342614e-07,0.54074,0.0029675527667366247,50000,1.0841315843795425
91,9,2.0,fit,1246,fit,clean,optimum,0.00014022468211798484,0.00014414362382762495,8.033395924298524e-07,0.45724,0.0030249038119691276,50000,1.0279475884733524
91,3,1.0,fit,1252,fit,clean,optimum,0.00014106617932475762,0.00014703308257042944,8.061268936618668e-07,0.44636,0.003035399146944869,50000,1.0422986095904323
83,25,26.0,fit,1264,fit,clean,optimum,5.777010500975034e-05,6.003594148882177e-05,5.421532908239777e-07,0.77394,0.002041430014826835,50000,1.0392216091469628
91,5,1.4,fit,1247,fit,clean,optimum,0.00014491268901732637,0.00014913112706198782,7.967985114465687e-07,0.43846,0.003000273953081074,50000,1.029110204725806
83,21,10.0,fit,1264,fit,clean,optimum,6.054484153164067e-05,6.295195775683585e-05,5.564392475617889e-07,0.76296,0.0020952225147870614,50000,1.0397575774302295
83,27,30.0,fit,1263,fit,clean,optimum,5.6743620091678704e-05,5.988721934764801e-05,5.392230178327311e-07,0.7745,0.00203039633240304,50000,1.055400047633378
91,7,1.8,fit,1247,fit,clean,optimum,0.00014255421738768964,0.00014577425587549437,8.043980278710636e-07,0.4511,0.0030288892565196184,50000,1.022588167132562
83,29,40.0,fit,1253,fit,clean,optimum,5.2877679665074705e-05,5.5983263141836794e-05,5.257626105263548e-07,0.7892,0.0019797123654289235,50000,1.0587314628106366
91,11,3.0,fit,1247,fit,clean,optimum,0.00013423645439345318,0.0001386090355739443,7.885758449793251e-07,0.47808,0.0029693122335595905,50000,1.0325737237343509
83,23,20.0,fit,1264,fit,clean,optimum,5.812752366674854e-05,6.035994329637889e-05,5.431755346093338e-07,0.77272,0.0020452791829149316,50000,1.0384055519452207
91,1,0.6,fit,1253,fit,clean,optimum,0.00011250303195198608,0.00012198933629777663,7.813064585302245e-07,0.54066,0.002941940005192194,50000,1.0843204328025497
83,25,26.0,fit,1265,fit,clean,optimum,5.777010500975034e-05,6.04714849022592e-05,5.447066674082302e-07,0.7723,0.0020510445273392037,50000,1.046760861730352
91,3,1.0,fit,1253,fit,clean,optimum,0.00014106617932475762,0.00014600796209733886,8.021819538239122e-07,0.45022,0.003020544826721806,50000,1.0350316624171443
91,9,2.0,fit,1247,fit,clean,optimum,0.00014022468211798484,0.00014401614770661887,7.944178064253641e-07,0.45772,0.002991309619987477,50000,1.0270385037167986
83,21,10.0,fit,1265,fit,clean,optimum,6.054484153164067e-05,6.329720558456063e-05,5.583096605302646e-07,0.76166,0.0021022653885251594,50000,1.0454599266145834
83,27,30.0,fit,1264,fit,clean,optimum,5.6743620091678704e-05,5.9138297136737275e-05,5.385948601573625e-07,0.77732,0.002028031060524689,50000,1.0422016967051022
91,5,1.4,fit,1248,fit,clean,optimum,0.00014491268901732637,0.00014851499247712512,8.014521173316497e-07,0.44078,0.0030177966922985025,50000,1.0248584405149506
91,7,1.8,fit,1248,fit,clean,optimum,0.00014255421738768964,0.0001456892717948237,8.000046601475559e-07,0.45142,0.003012346420962337,50000,1.0219920144390255
83,29,40.0,fit,1254,fit,clean,optimum,5.2877679665074705e-05,5.548929317293824e-05,5.250952527405257e-07,0.79106,0.0019771994890198374,50000,1.0493897146093665
83,23,20.0,fit,1265,fit,clean,optimum,5.812752366674854e-05,6.066269908376831e-05,5.444968986463736e-07,0.77158,0.002050254661716556,50000,1.043614027522559
91,11,3.0,fit,1248,fit,clean,optimum,0.00013423645439345318,0.00013760516112102145,7.873496221798763e-07,0.48186,0.002964695000629297,50000,1.0250953196193222
91,1,0.6,fit,1254,fit,clean,optimum,0.00011250303195198608,0.0001233278355683405,7.771572617367134e-07,0.53562,0.002926316573563063,50000,1.096217883452014
83,25,26.0,fit,1266,fit,clean,optimum,5.777010500975034e-05,6.0976077881241604e-05,5.460005070895535e-07,0.7704,0.002055916365626514,50000,1.0554953616745228
91,3,1.0,fit,1254,fit,clean,optimum,0.00014106617932475762,0.00014684186838892033,7.865634799074546e-07,0.44708,0.0029617348517968385,50000,1.040943116853446
83,27,30.0,fit,1265,fit,clean,optimum,5.6743620091678704e-05,5.942511840900095e-05,5.392499978352279e-07,0.77624,0.002030497923203703,50000,1.0472563842946545
83,21,10.0,fit,1266,fit,clean,optimum,6.054484153164067e-05,6.386022511900416e-05,5.569322931695285e-07,0.75954,0.0020970790341873005,50000,1.05475914220753
91,9,2.0,fit,1248,fit,clean,optimum,0.00014022468211798484,0.00014283699358731263,7.908530026539192e-07,0.46216,0.0029778866683257145,50000,1.0186294697186749
91,5,1.4,fit,1249,fit,clean,optimum,0.00014491268901732637,0.00014833440130569985,7.988770095720228e-07,0.44146,0.0030081003529773367,50000,1.023612233763493
83,29,40.0,fit,1255,fit,clean,optimum,5.2877679665074705e-05,5.6493167625861125e-05,5.251566431932245e-07,0.78728,0.001977430649311372,50000,1.0683745577280772
91,7,1.8,fit,1249,fit,clean,optimum,0.00014255421738768964,0.00014545025406793727,7.923677275978732e-07,0.45232,0.002983590230430991,50000,1.0203153349884528
83,23,20.0,fit,1266,fit,clean,optimum,5.812752366674854e-05,6.115666905266689e-05,5.465630389020649e-07,0.76972,0.002058034529152941,50000,1.0521120666224277
91,11,3.0,fit,1249,fit,clean,optimum,0.00013423645439345318,0.00013792916292857857,7.921195398012907e-07,0.48064,0.002982655701348843,50000,1.0275089844395167
91,1,0.6,fit,1255,fit,clean,optimum,0.00011250303195198608,0.00012147943181375232,7.764044918525918e-07,0.54258,0.0029234820854916765,50000,1.079788070650373
83,25,26.0,fit,1267,fit,clean,optimum,5.777010500975034e-05,6.117260356779263e-05,5.437673336922111e-07,0.76966,0.002047507549745826,50000,1.0588972195475155
83,27,30.0,fit,1266,fit,clean,optimum,5.6743620091678704e-05,6.016341760982783e-05,5.421563308256439e-07,0.77346,0.002041441461682829,50000,1.060267524571465
83,21,10.0,fit,1267,fit,clean,optimum,6.054484153164067e-05,6.374868351312384e-05,5.557262310793356e-07,0.75996,0.0020925377146152613,50000,1.0529168447787387
91,3,1.0,fit,1255,fit,clean,optimum,0.00014106617932475762,0.00014579019039062015,8.008445827185996e-07,0.45104,0.0030155090747277565,50000,1.033487906800021
91,5,1.4,fit,1250,fit,clean,optimum,0.00014491268901732637,0.0001479997764880589,7.869505117352912e-07,0.44272,0.002963192185734327,50000,1.0213030859593213
91,9,2.0,fit,1249,fit,clean,optimum,0.00014022468211798484,0.00014397365566628349,7.929158718620064e-07,0.45788,0.0029856542189231686,50000,1.0267354754646139
83,29,40.0,fit,1256,fit,clean,optimum,5.2877679665074705e-05,5.7693567765335036e-05,5.330063381746519e-07,0.78276,0.002006987977863167,50000,1.0910760103462178
83,23,20.0,fit,1267,fit,clean,optimum,5.812752366674854e-05,6.14594248400563e-05,5.449529531882941e-07,0.76858,0.002051971894547256,50000,1.057320542199766
91,7,1.8,fit,1250,fit,clean,optimum,0.00014255421738768964,0.0001455671071788595,7.965734447925334e-07,0.45188,0.0029994264846055327,50000,1.021135044942066
91,1,0.6,fit,1256,fit,clean,optimum,0.00011250303195198608,0.00012263202840784895,7.820386193274893e-07,0.53824,0.0029446968915793344,50000,1.0900330975985226
91,11,3.0,fit,1250,fit,clean,optimum,0.00013423645439345318,0.00013844437891764478,7.913098700305485e-07,0.4787,0.0029796069618132424,50000,1.0313471071863831
83,25,26.0,fit,1268,fit,clean,optimum,5.777010500975034e-05,6.127883366863103e-05,5.484105337243726e-07,0.76926,0.00206499110664925,50000,1.060736061641025
83,27,30.0,fit,1267,fit,clean,optimum,5.6743620091678704e-05,6.046617339721727e-05,5.417211329820601e-07,0.77232,0.0020398027628953886,50000,1.0656030281382147
83,21,10.0,fit,1268,fit,clean,optimum,6.054484153164067e-05,6.401957027026177e-05,5.560221910639896e-07,0.75894,0.002093652125624262,50000,1.0573909956772323
91,3,1.0,fit,1256,fit,clean,optimum,0.00014106617932475762,0.00014703308257042944,8.066084614966382e-07,0.44636,0.003037212447811462,50000,1.0422986095904323
91,5,1.4,fit,1251,fit,clean,optimum,0.00014491268901732637,0.00014916830759728126,8.024632231749708e-07,0.43832,0.0030216039214561183,50000,1.0293667767040473
83,29,40.0,fit,1257,fit,clean,optimum,5.2877679665074705e-05,5.698713759475968e-05,5.286378049143117e-07,0.78542,0.0019905386542689607,50000,1.0777163059293473
91,9,2.0,fit,1250,fit,clean,optimum,0.00014022468211798484,0.00014395772115115776,7.92929525404922e-07,0.45794,0.002985705630125108,50000,1.0266218398700448
83,23,20.0,fit,1268,fit,clean,optimum,5.812752366674854e-05,6.15603434358528e-05,5.47950934582787e-07,0.7682,0.0020632605269436553,50000,1.0590567007255458
91,1,0.6,fit,1257,fit,clean,optimum,0.00011250303195198608,0.00012228146907508223,7.755200810236442e-07,0.53956,0.002920151915146482,50000,1.0869170986189012
91,7,1.8,fit,1251,fit,clean,optimum,0.00014255421738768964,0.00014693216397463295,7.964848554002441e-07,0.44674,0.002999092909125174,50000,1.030710747582003
91,11,3.0,fit,1251,fit,clean,optimum,0.00013423645439345318,0.00013864621610923774,8.018872628098331e-07,0.47794,0.003019435193908683,50000,1.032850701664537
83,25,26.0,fit,1269,fit,clean,optimum,5.777010500975034e-05,6.111948851737344e-05,5.461332240404661e-07,0.76986,0.0020564160995055754,50000,1.0579777985007608
83,27,30.0,fit,1268,fit,clean,optimum,5.6743620091678704e-05,6.062020704343296e-05,5.448620140185074e-07,0.77174,0.0020516294711886442,50000,1.068317582584456
83,21,10.0,fit,1269,fit,clean,optimum,6.054484153164067e-05,6.361589588707584e-05,5.585302573903157e-07,0.76046,0.002103096026388854,50000,1.0507236335539871
91,3,1.0,fit,1257,fit,clean,optimum,0.00014106617932475762,0.0001461460612284288,7.959548445536227e-07,0.4497,0.0029970972004044315,50000,1.0360106293938567
83,29,40.0,fit,1258,fit,clean,optimum,5.2877679665074705e-05,5.545211263764479e-05,5.235887145887766e-07,0.7912,0.001971526753552737,50000,1.0486865722716363
83,23,20.0,fit,1269,fit,clean,optimum,5.812752366674854e-05,6.151785139551743e-05,5.46948824989517e-07,0.76836,0.002059487172365768,50000,1.058325686609428
91,5,1.4,fit,1252,fit,clean,optimum,0.00014491268901732637,0.00014999690238382078,8.092224248317387e-07,0.4352,0.003047055094347501,50000,1.0350846665048532
91,9,2.0,fit,1251,fit,clean,optimum,0.00014022468211798484,0.0001446641513217331,8.017345187259383e-07,0.45528,0.0030188600496409497,50000,1.0316596845626145
91,1,0.6,fit,1258,fit,clean,optimum,0.00011250303195198608,0.00012299852225574142,7.891582479092842e-07,0.53686,0.0029715052200120656,50000,1.0932907328953996
91,7,1.8,fit,1252,fit,clean,optimum,0.00014255421738768964,0.00014713931267126783,7.947405310355512e-07,0.44596,0.002992524810814333,50000,1.032163869772499
91,11,3.0,fit,1252,fit,clean,optimum,0.00013423645439345318,0.00013960759852182526,7.866103521835188e-07,0.47432,0.0029619113451850375,50000,1.0400125595736387
83,25,26.0,fit,1270,fit,clean,optimum,5.777010500975034e-05,6.0800798214858245e-05,5.434101397695199e-07,0.77106,0.002046162567787334,50000,1.052461272220232
83,27,30.0,fit,1269,fit,clean,optimum,5.6743620091678704e-05,6.006781051907329e-05,5.422526646372058e-07,0.77382,0.0020418041980854174,50000,1.0585826287082813
83,21,10.0,fit,1270,fit,clean,optimum,6.054484153164067e-05,6.38974056542976e-05,5.582136057779947e-07,0.7594,0.0021019037028955244,50000,1.0553732413504606
91,3,1.0,fit,1258,fit,clean,optimum,0.00014106617932475762,0.00014641694798556672,8.085223829544994e-07,0.44868,0.0030444191488980875,50000,1.037930910771254
83,23,20.0,fit,1270,fit,clean,optimum,5.812752366674854e-05,6.147004785014016e-05,5.463330561921403e-07,0.76854,0.0020571685497060253,50000,1.0575032957287958
83,29,40.0,fit,1259,fit,clean,optimum,5.2877679665074705e-05,5.655690568636417e-05,5.279725822540708e-07,0.78704,0.001988033817485447,50000,1.0695799445927572
91,5,1.4,fit,1253,fit,clean,optimum,0.00014491268901732637,0.0001493010952233293,8.041450581353982e-07,0.43782,0.0030279367214710064,50000,1.0302831051977666
91,9,2.0,fit,1252,fit,clean,optimum,0.00014022468211798484,0.00014546618858306303,7.972036350001077e-07,0.45226,0.0030017994098031956,50000,1.0373793428225995
91,1,0.6,fit,1259,fit,clean,optimum,0.00011250303195198608,0.0001221858619843277,7.788351904942356e-07,0.53992,0.0029326346651182044,50000,1.0860672807153682
91,7,1.8,fit,1253,fit,clean,optimum,0.00014255421738768964,0.00014655504711665664,7.981391563208831e-07,0.44816,0.0030053220321612354,50000,1.028065320004433
91,11,3.0,fit,1253,fit,clean,optimum,0.00013423645439345318,0.00013826909925126143,7.910959830868345e-07,0.47936,0.00297880158954295,50000,1.0300413540869335
83,27,30.0,fit,1270,fit,clean,optimum,5.6743620091678704e-05,6.010499105436671e-05,5.417688689103045e-07,0.77368,0.0020399825082890862,50000,1.059237865988408
83,25,26.0,fit,1271,fit,clean,optimum,5.777010500975034e-05,6.031745125604352e-05,5.430122722367927e-07,0.77288,0.0020446644329664607,50000,1.044094540694763
83,21,10.0,fit,1271,fit,clean,optimum,6.054484153164067e-05,6.295726926187777e-05,5.572086554421121e-07,0.76294,0.002098119651753894,50000,1.0398453058792196
91,3,1.0,fit,1259,fit,clean,optimum,0.00014106617932475762,0.0001450306451696256,7.989473628072776e-07,0.4539,0.0030083652618297227,50000,1.0281035884281031
83,23,20.0,fit,1271,fit,clean,optimum,5.812752366674854e-05,6.057771500309759e-05,5.439227427922145e-07,0.7719,0.0020480927288947753,50000,1.0421519992903234
83,29,40.0,fit,1260,fit,clean,optimum,5.2877679665074705e-05,5.6121362272926705e-05,5.260316840826359e-07,0.78868,0.001980725537982305,50000,1.0613431343507764
91,5,1.4,fit,1254,fit,clean,optimum,0.00014491268901732637,0.00014966758907122176,8.014562086087143e-07,0.43644,0.003017812097638542,50000,1.0328121718404306
91,1,0.6,fit,1260,fit,clean,optimum,0.00011250303195198608,0.0001227010779733939,7.759454328535722e-07,0.53798,0.002921753539644891,50000,1.0906468549732964
91,9,2.0,fit,1253,fit,clean,optimum,0.00014022468211798484,0.00014379837599990018,7.869702270823593e-07,0.45854,0.00296326642212086,50000,1.0254854839243526
91,7,1.8,fit,1254,fit,clean,optimum,0.00014255421738768964,0.000146199176278848,7.940082687633104e-07,0.4495,0.0029897675423321926,50000,1.0255689306002471
83,27,30.0,fit,1271,fit,clean,optimum,5.6743620091678704e-05,5.942511840900095e-05,5.384778704324724e-07,0.77624,0.002027590546116939,50000,1.0472563842946545
83,25,26.0,fit,1272,fit,clean,optimum,5.777010500975034e-05,6.032807426612736e-05,5.425856630587137e-07,0.77284,0.0020430580740353776,50000,1.0442784249041142
91,11,3.0,fit,1254,fit,clean,optimum,0.00013423645439345318,0.00013763703015127294,7.81163112407543e-07,0.48174,0.0029414002481118555,50000,1.0253327292737673
83,21,10.0,fit,1272,fit,clean,optimum,6.054484153164067e-05,6.325471354422527e-05,5.563338061229424e-07,0.76182,0.0020948254844236733,50000,1.0447580990226628
91,3,1.0,fit,1260,fit,clean,optimum,0.00014106617932475762,0.00014573176383515904,7.968916123686711e-07,0.45126,0.0030006245163258327,50000,1.0330737284637197
83,23,20.0,fit,1272,fit,clean,optimum,5.812752366674854e-05,6.069456811401983e-05,5.432915545465069e-07,0.77146,0.002045716045673255,50000,1.0441622881096473
83,29,40.0,fit,1261,fit,clean,optimum,5.2877679665074705e-05,5.597264013175294e-05,5.279549569479229e-07,0.78924,0.001987967450962178,50000,1.0585305649998564
91,5,1.4,fit,1255,fit,clean,optimum,0.00014491268901732637,0.00014903551997123328,8.038322737256936e-07,0.43882,0.003026758959585303,50000,1.0284504482103287
91,1,0.6,fit,1261,fit,clean,optimum,0.00011250303195198608,0.00012260547088263935,7.750749606212611e-07,0.53834,0.0029184758538460783,50000,1.0897970370697634
91,9,2.0,fit,1254,fit,clean,optimum,0.00014022468211798484,0.0001439683441612416,7.875191334145155e-07,0.4579,0.002965333280112424,50000,1.026697596933091
83,27,30.0,fit,1272,fit,clean,optimum,5.6743620091678704e-05,5.928701927791104e-05,5.377092460928479e-07,0.77676,0.002024696359502944,50000,1.044822645825611
83,25,26.0,fit,1273,fit,clean,optimum,5.777010500975034e-05,5.990846536781568e-05,5.434869201666535e-07,0.77442,0.002046451677546348,50000,1.037014998634751
91,7,1.8,fit,1255,fit,clean,optimum,0.00014255421738768964,0.00014679937634858492,7.972132751261084e-07,0.44724,0.003001835708840567,50000,1.0297792589983512
83,21,10.0,fit,1273,fit,clean,optimum,6.054484153164067e-05,6.221365855600897e-05,5.562721553999475e-07,0.76574,0.0020945933441074796,50000,1.0275633230206107
91,11,3.0,fit,1255,fit,clean,optimum,0.00013423645439345318,0.00013840188687730943,7.879652389389541e-07,0.47886,0.0029670130508023425,50000,1.031030560980456
91,3,1.0,fit,1261,fit,clean,optimum,0.00014106617932475762,0.000146395701965399,8.007202617341952e-07,0.44876,0.003015040955114113,50000,1.0377803004671442
83,23,20.0,fit,1273,fit,clean,optimum,5.812752366674854e-05,6.0168729114869755e-05,5.441389401199786e-07,0.77344,0.002048906800710797,50000,1.0351159884226906
83,29,40.0,fit,1262,fit,clean,optimum,5.2877679665074705e-05,5.717304027122689e-05,5.296945210421877e-07,0.78472,0.001994517624897948,50000,1.0812320176179977
91,5,1.4,fit,1256,fit,clean,optimum,0.00014491268901732637,0.00014922673415274242,7.991274293567379e-07,0.4381,0.0030090432864123564,50000,1.029769961241284
91,1,0.6,fit,1262,fit,clean,optimum,0.00011250303195198608,0.00012196809027760895,7.751991767397047e-07,0.54074,0.00291894357859627,50000,1.0841315843795425
83,27,30.0,fit,1273,fit,clean,optimum,5.6743620091678704e-05,5.901082101573118e-05,5.386248250678762e-07,0.7778,0.002028143890731108,50000,1.0399551688875233
83,25,26.0,fit,1274,fit,clean,optimum,5.777010500975034e-05,6.0290893730833915e-05,5.42288628330719e-07,0.77298,0.0020419396161758807,50000,1.0436348301713856
83,21,10.0,fit,1274,fit,clean,optimum,6.054484153164067e-05,6.260139842406913e-05,5.551888141011638e-07,0.76428,0.0020905141187646296,50000,1.0339674997968853
91,7,1.8,fit,1256,fit,clean,optimum,0.00014255421738768964,0.0001466772117326208,7.954794751058858e-07,0.4477,0.0029953072390131305,50000,1.0289222895013923
91,9,2.0,fit,1255,fit,clean,optimum,0.00014022468211798484,0.00014415955834275074,7.898751546798917e-07,0.45718,0.0029742046687180326,50000,1.0280612240679219
91,11,3.0,fit,1256,fit,clean,optimum,0.00013423645439345318,0.00013887992233108223,7.853965033605615e-07,0.47706,0.0029573407053630767,50000,1.0345917057971363
91,3,1.0,fit,1262,fit,clean,optimum,0.00014106617932475762,0.00014540245052256,7.999679247463345e-07,0.4525,0.003012208097075109,50000,1.030739268750021
83,23,20.0,fit,1274,fit,clean,optimum,5.812752366674854e-05,6.055115747788799e-05,5.431797164003704e-07,0.772,0.002045294929077285,50000,1.04169511546775
83,29,40.0,fit,1263,fit,clean,optimum,5.2877679665074705e-05,5.64347410704e-05,5.261616037954787e-07,0.7875,0.0019812147391101115,50000,1.067269619768787
91,5,1.4,fit,1257,fit,clean,optimum,0.00014491268901732637,0.00014949230940483838,7.921914850914935e-07,0.4371,0.002982926604942589,50000,1.0316026182287215
91,1,0.6,fit,1263,fit,clean,optimum,0.00011250303195198608,0.0001220849433885312,7.816866073134798e-07,0.5403,0.0029433714216372696,50000,1.085170250706083
83,27,30.0,fit,1274,fit,clean,optimum,5.6743620091678704e-05,5.9302953793036815e-05,5.39402365444976e-07,0.7767,0.0020310716498915084,50000,1.0451034618028086
83,25,26.0,fit,1275,fit,clean,optimum,5.777010500975034e-05,6.118853808291842e-05,5.460585018955768e-07,0.7696,0.0020561347399123916,50000,1.0591730458615423
83,21,10.0,fit,1275,fit,clean,optimum,6.054484153164067e-05,6.37646180282496e-05,5.596211417883142e-07,0.7599,0.002107203654601155,50000,1.053180030125709
91,7,1.8,fit,1257,fit,clean,optimum,0.00014255421738768964,0.0001464381940057344,7.993561378110672e-07,0.4486,0.0030099044677631198,50000,1.0272456100508196
91,9,2.0,fit,1256,fit,clean,optimum,0.00014022468211798484,0.00014424985392846336,7.995551269581901e-07,0.45684,0.003010653743704882,50000,1.028705159103814
91,11,3.0,fit,1257,fit,clean,optimum,0.00013423645439345318,0.00013845500192772865,7.854750344044615e-07,0.47866,0.0029576364070268433,50000,1.031426243737865
91,3,1.0,fit,1263,fit,clean,optimum,0.00014106617932475762,0.00014584330544103934,8.008174597532686e-07,0.45084,0.0030154069456132513,50000,1.0338644325602948
83,23,20.0,fit,1275,fit,clean,optimum,5.812752366674854e-05,6.133726022409218e-05,5.469724981903711e-07,0.76904,0.002059576311698847,50000,1.0552188766159283
83,29,40.0,fit,1264,fit,clean,optimum,5.2877679665074705e-05,5.572831089982464e-05,5.24200511054401e-07,0.79016,0.0019738304187504386,50000,1.0539099153519165
91,5,1.4,fit,1258,fit,clean,optimum,0.00014491268901732637,0.00014911519254686207,8.0652226569188e-07,0.43852,0.0030368878851721424,50000,1.0290002453065599
83,27,30.0,fit,1275,fit,clean,optimum,5.6743620091678704e-05,6.013154857957631e-05,5.435153163394748e-07,0.77358,0.0020465586008104595,50000,1.0597058926170704
91,1,0.6,fit,1264,fit,clean,optimum,0.00011250303195198608,0.00012265327442801665,7.944696717507101e-07,0.53816,0.0029915049142588243,50000,1.09022194602153
83,25,26.0,fit,1276,fit,clean,optimum,5.777010500975034e-05,6.135319473921792e-05,5.478288004120916e-07,0.76898,0.002062800641582608,50000,1.062023251106482
83,21,10.0,fit,1276,fit,clean,optimum,6.054484153164067e-05,6.451354023916033e-05,5.620421155343446e-07,0.75708,0.0021163196159978714,50000,1.0655497414333082
91,7,1.8,fit,1258,fit,clean,optimum,0.00014255421738768964,0.00014494566108895485,7.937930880549925e-07,0.45422,0.0029889572985063104,50000,1.016775678370577
91,9,2.0,fit,1257,fit,clean,optimum,0.00014022468211798484,0.0001435487352629299,7.899795156309457e-07,0.45948,0.002974597630600702,50000,1.0237051929427674
91,11,3.0,fit,1258,fit,clean,optimum,0.00013423645439345318,0.00013812037711008766,7.881664737249388e-07,0.47992,0.0029677707824975834,50000,1.0289334423661887
91,3,1.0,fit,1264,fit,clean,optimum,0.00014106617932475762,0.0001459601585519616,8.042344456622182e-07,0.4504,0.0030282733022559795,50000,1.0346927892328976
83,23,20.0,fit,1276,fit,clean,optimum,5.812752366674854e-05,6.167719654677504e-05,5.497702153709037e-07,0.76776,0.002070110867002672,50000,1.0610669895448697
83,29,40.0,fit,1265,fit,clean,optimum,5.2877679665074705e-05,5.621165785863935e-05,5.280262719589878e-07,0.78834,0.001988235981295867,50000,1.0630507657424066
91,1,0.6,fit,1265,fit,clean,optimum,0.00011250303195198608,0.00012249924078180094,7.771793375547566e-07,0.53874,0.0029263996980931875,50000,1.0888527949547266
91,5,1.4,fit,1259,fit,clean,optimum,0.00014491268901732637,0.0001489027323451853,7.980064405536937e-07,0.43932,0.0030048223027393786,50000,1.02753411971661
83,27,30.0,fit,1276,fit,clean,optimum,5.6743620091678704e-05,6.0386500821588486e-05,5.440282529843862e-07,0.77262,0.0020484900181426966,50000,1.0641989482522283
83,21,10.0,fit,1277,fit,clean,optimum,6.054484153164067e-05,6.393458618959102e-05,5.577228058239515e-07,0.75926,0.0021000556393046222,50000,1.0559873404933908
83,25,26.0,fit,1277,fit,clean,optimum,5.777010500975034e-05,6.115666905266689e-05,5.458656808184733e-07,0.76972,0.0020554086892898967,50000,1.0586213932334894
83,23,20.0,fit,1277,fit,clean,optimum,5.812752366674854e-05,6.162939300139777e-05,5.473929195021643e-07,0.76794,0.0020611593707695816,50000,1.0602445986642375
91,7,1.8,fit,1259,fit,clean,optimum,0.00014255421738768964,0.00014563615674440447,7.986916629213357e-07,0.45162,0.0030074024466429767,50000,1.0216194190055647
91,3,1.0,fit,1265,fit,clean,optimum,0.00014106617932475762,0.00014571582932003328,7.91504476562757e-07,0.45132,0.0029803397354081942,50000,1.0329607707356374
91,9,2.0,fit,1258,fit,clean,optimum,0.00014022468211798484,0.00014366558837385215,7.976239673775304e-07,0.45904,0.0030033821339994654,50000,1.0245385206362754
91,11,3.0,fit,1259,fit,clean,optimum,0.00013423645439345318,0.00013856123202856703,8.0091793905577e-07,0.47826,0.003015785291493406,50000,1.0322176092526827
83,29,40.0,fit,1266,fit,clean,optimum,5.2877679665074705e-05,5.654097117123839e-05,5.266463263730107e-07,0.7871,0.001983039918880088,50000,1.0692785978765869
83,27,30.0,fit,1277,fit,clean,optimum,5.6743620091678704e-05,6.040243533671423e-05,5.431836906811691e-07,0.77256,0.0020453098938782873,50000,1.0644797642294253
91,1,0.6,fit,1266,fit,clean,optimum,0.00011250303195198608,0.00012345531168934658,7.81454619273697e-07,0.53514,0.002942497891299063,50000,1.0973509739900584
83,21,10.0,fit,1278,fit,clean,optimum,6.054484153164067e-05,6.442324465344768e-05,5.604024648922766e-07,0.75742,0.002110145657283242,50000,1.0640583578004768
83,25,26.0,fit,1278,fit,clean,optimum,5.777010500975034e-05,6.148067086022401e-05,5.481775210894515e-07,0.7685,0.002064113718289145,50000,1.0642298616186936
91,5,1.4,fit,1260,fit,clean,optimum,0.00014491268901732637,0.00014817505615444224,8.020176678873729e-07,0.44206,0.003019926222634103,50000,1.0225126395710302
83,23,20.0,fit,1278,fit,clean,optimum,5.812752366674854e-05,6.190027975853566e-05,5.490792483295057e-07,0.76692,0.0020675090920407933,50000,1.0649048136544874
91,3,1.0,fit,1266,fit,clean,optimum,0.00014106617932475762,0.0001471605586914355,8.109728862934949e-07,0.44588,0.0030536463013516968,50000,1.0432022714150897
91,9,2.0,fit,1259,fit,clean,optimum,0.00014022468211798484,0.00014342125914192384,8.03470411784806e-07,0.45996,0.003025396400619317,50000,1.0227961081862138
91,7,1.8,fit,1260,fit,clean,optimum,0.00014255421738768964,0.00014590173199650048,8.076829143984891e-07,0.45062,0.003041258204685911,50000,1.0234823961728678
83,29,40.0,fit,1267,fit,clean,optimum,5.2877679665074705e-05,5.6907465019130884e-05,5.290819833813661e-07,0.78572,0.0019922111687956296,50000,1.0762095723484975
91,11,3.0,fit,1260,fit,clean,optimum,0.00013423645439345318,0.00013774857175715327,7.77718586584928e-07,0.48132,0.0029284301923727394,50000,1.026163663064326
83,27,30.0,fit,1278,fit,clean,optimum,5.6743620091678704e-05,6.045555038713343e-05,5.421919925947895e-07,0.77236,0.0020415757429039297,50000,1.0654158174867498
91,1,0.6,fit,1267,fit,clean,optimum,0.00011250303195198608,0.00012141569375324928,7.783332331691009e-07,0.54282,0.002930744589438437,50000,1.0792215253813509
83,21,10.0,fit,1279,fit,clean,optimum,6.054484153164067e-05,6.336625515010561e-05,5.587055172007715e-07,0.7614,0.002103755951623124,50000,1.0466003964514543
83,25,26.0,fit,1279,fit,clean,optimum,5.777010500975034e-05,6.062020704343296e-05,5.443315056647702e-07,0.77174,0.0020496318891490895,50000,1.0493352406612655
91,5,1.4,fit,1261,fit,clean,optimum,0.00014491268901732637,0.00014852030398216701,7.966175107605442e-07,0.44076,0.00299959241109026,50000,1.0248950936546992
83,23,20.0,fit,1279,fit,clean,optimum,5.812752366674854e-05,6.093358584090623e-05,5.457257784186067e-07,0.77056,0.0020548818992416435,50000,1.0482742425128093
91,3,1.0,fit,1267,fit,clean,optimum,0.00014106617932475762,0.0001456892717948237,7.953248670832921e-07,0.45142,0.0029947250762499453,50000,1.0327725078555006
91,9,2.0,fit,1260,fit,clean,optimum,0.00014022468211798484,0.00014341063613184,7.91894129882956e-07,0.46,0.0029818069403421015,50000,1.0227203511231675
91,7,1.8,fit,1261,fit,clean,optimum,0.00014255421738768964,0.00014598140457212927,7.884469275876861e-07,0.45032,0.002968826806583163,50000,1.0240412893230586
83,29,40.0,fit,1268,fit,clean,optimum,5.2877679665074705e-05,5.707212167543039e-05,5.29116512141608e-07,0.7851,0.0019923411837724373,50000,1.0793234884155873
83,27,30.0,fit,1279,fit,clean,optimum,5.6743620091678704e-05,5.960039807538431e-05,5.404488353052222e-07,0.77558,0.0020350120391107117,50000,1.0503453600438253
91,1,0.6,fit,1268,fit,clean,optimum,0.00011250303195198608,0.00012291353817507072,7.773559163944548e-07,0.53718,0.002927064590014798,50000,1.0925353392033703
83,21,10.0,fit,1280,fit,clean,optimum,6.054484153164067e-05,6.270762852490752e-05,5.558206493876993e-07,0.76388,0.0020928932383608607,50000,1.0357220687766864
83,25,26.0,fit,1280,fit,clean,optimum,5.777010500975034e-05,6.033869727621119e-05,5.446735113798402e-07,0.7728,0.002050919681262138,50000,1.0444623091134648
91,11,3.0,fit,1261,fit,clean,optimum,0.00013423645439345318,0.00013833814881680637,7.919733113000377e-07,0.4791,0.0029821050909282602,50000,1.0305557416715652
83,23,20.0,fit,1280,fit,clean,optimum,5.812752366674854e-05,6.07370601543552e-05,5.45382258775065e-07,0.7713,0.0020535884065655354,50000,1.0448933022257652
91,5,1.4,fit,1262,fit,clean,optimum,0.00014491268901732637,0.00014887086331493373,8.012603990937032e-07,0.43944,0.0030170747943188024,50000,1.027314200878117
91,3,1.0,fit,1268,fit,clean,optimum,0.00014106617932475762,0.00014709682063093245,8.061660969243669e-07,0.44612,0.003035546763344329,50000,1.0427504405027608
91,9,2.0,fit,1261,fit,clean,optimum,0.00014022468211798484,0.00014414362382762495,7.926323276250694e-07,0.45724,0.0029845865583083366,50000,1.0279475884733524
83,29,40.0,fit,1269,fit,clean,optimum,5.2877679665074705e-05,5.683310394854399e-05,5.272340790064589e-07,0.786,0.0019852530491654193,50000,1.0748032876730371
91,7,1.8,fit,1262,fit,clean,optimum,0.00014255421738768964,0.00014709150912589055,7.925058459597461e-07,0.44614,0.0029841103028427946,50000,1.0318285338823847
83,27,30.0,fit,1280,fit,clean,optimum,5.6743620091678704e-05,5.9345445833372155e-05,5.381317363698016e-07,0.77654,0.0020262872090780434,50000,1.0458523044086678
83,21,10.0,fit,1281,fit,clean,optimum,6.054484153164067e-05,6.444980217865727e-05,5.615573565999931e-07,0.75732,0.0021144942993295236,50000,1.064497000045427
83,25,26.0,fit,1281,fit,clean,optimum,5.777010500975034e-05,6.191090276861951e-05,5.512905855534456e-07,0.76688,0.002075835685751944,50000,1.0716771720974074
91,1,0.6,fit,1269,fit,clean,optimum,0.00011250303195198608,0.00012198402479273471,7.795252961527472e-07,0.54068,0.002935233196619408,50000,1.084273220696798
91,11,3.0,fit,1262,fit,clean,optimum,0.00013423645439345318,0.00013848687095798016,7.825501409832505e-07,0.47854,0.00294662298089573,50000,1.0316636533923105
83,23,20.0,fit,1281,fit,clean,optimum,5.812752366674854e-05,6.206493641483521e-05,5.513512448883358e-07,0.7663,0.0020760640930843725,50000,1.067737493354444
91,5,1.4,fit,1263,fit,clean,optimum,0.00014491268901732637,0.00014901958545610752,8.167459007113488e-07,0.43888,0.0030753840738748954,50000,1.0283404887910823
91,3,1.0,fit,1269,fit,clean,optimum,0.00014106617932475762,0.0001459920275822131,7.91531769395276e-07,0.45028,0.0029804425041424928,50000,1.034918704689062
83,29,40.0,fit,1270,fit,clean,optimum,5.2877679665074705e-05,5.670562782753793e-05,5.264191113654898e-07,0.78648,0.0019821843609705023,50000,1.0723925139436774
91,7,1.8,fit,1263,fit,clean,optimum,0.00014255421738768964,0.0001455671071788595,7.949700578230753e-07,0.45188,0.0029933890735259847,50000,1.021135044942066
83,27,30.0,fit,1281,fit,clean,optimum,5.6743620091678704e-05,6.098670089132543e-05,5.451460769661044e-07,0.77036,0.0020526990849623495,50000,1.074776350059995
91,9,2.0,fit,1262,fit,clean,optimum,0.00014022468211798484,0.0001445791672410624,7.994183037914797e-07,0.4556,0.0030101385482353095,50000,1.0310536280582452
83,25,26.0,fit,1282,fit,clean,optimum,5.777010500975034e-05,6.13213257089664e-05,5.44701509913305e-07,0.7691,0.0020510251072506057,50000,1.0614715984784289
83,21,10.0,fit,1282,fit,clean,optimum,6.054484153164067e-05,6.377524103833345e-05,5.576099254500789e-07,0.75986,0.0020996305982927746,50000,1.0533554870236892
91,1,0.6,fit,1270,fit,clean,optimum,0.00011250303195198608,0.00012306226031624448,7.770591137687085e-07,0.53662,0.0029259470061156812,50000,1.0938572781644218
91,11,3.0,fit,1263,fit,clean,optimum,0.00013423645439345318,0.00013844437891764478,7.80470131066916e-07,0.4787,0.0029387908884853176,50000,1.0313471071863831
83,23,20.0,fit,1282,fit,clean,optimum,5.812752366674854e-05,6.159752397114624e-05,5.455319114536196e-07,0.76806,0.002054151910421311,50000,1.059696338077149
91,5,1.4,fit,1264,fit,clean,optimum,0.00014491268901732637,0.00014905145448635904,8.00041578269587e-07,0.43876,0.003012485432868528,50000,1.028560407629575
91,3,1.0,fit,1270,fit,clean,optimum,0.00014106617932475762,0.0001471764932065613,8.073940719718813e-07,0.44582,0.003040170594208925,50000,1.043315229143172
83,29,40.0,fit,1271,fit,clean,optimum,5.2877679665074705e-05,5.621696936368127e-05,5.257664453270488e-07,0.78832,0.001979726805029992,50000,1.0631512146477966
83,27,30.0,fit,1282,fit,clean,optimum,5.6743620091678704e-05,6.050335393251073e-05,5.423293763454117e-07,0.77218,0.0020420930492023814,50000,1.0662582654183421
91,7,1.8,fit,1264,fit,clean,optimum,0.00014255421738768964,0.00014640101347044096,7.936447384078421e-07,0.44874,0.002988398701099438,50000,1.0269847932473972
83,25,26.0,fit,1283,fit,clean,optimum,5.777010500975034e-05,6.101325841653505e-05,5.442640816390277e-07,0.77026,0.002049378009974692,50000,1.0561389564072514
83,21,10.0,fit,1283,fit,clean,optimum,6.054484153164067e-05,6.399301274505215e-05,5.560586633224057e-07,0.75904,0.002093789458670652,50000,1.0569523534322816
91,9,2.0,fit,1263,fit,clean,optimum,0.00014022468211798484,0.00014358060429318144,7.950178724721372e-07,0.45936,0.002993569115335922,50000,1.023932464131906
91,1,0.6,fit,1271,fit,clean,optimum,0.00011250303195198608,0.00012052336090620672,7.829969603806883e-07,0.54618,0.0029483054396109583,50000,1.0712898916150415
83,23,20.0,fit,1283,fit,clean,optimum,5.812752366674854e-05,6.128945667871488e-05,5.450131672327443e-07,0.76922,0.002052198625178122,50000,1.0543964857352954
91,11,3.0,fit,1264,fit,clean,optimum,0.00013423645439345318,0.0001381788036655488,7.86957576387686e-07,0.4797,0.002963218787054816,50000,1.0293686933993385
91,3,1.0,fit,1271,fit,clean,optimum,0.00014106617932475762,0.00014616199574355454,8.089885083900656e-07,0.44964,0.003046174302783427,50000,1.0361235871219387
91,5,1.4,fit,1265,fit,clean,optimum,0.00014491268901732637,0.00014872745267880191,8.00439186977078e-07,0.43998,0.003013982593105986,50000,1.0263245661049007
83,27,30.0,fit,1283,fit,clean,optimum,5.6743620091678704e-05,6.0200598145121276e-05,5.396414204726201e-07,0.77332,0.0020319717903441955,50000,1.0609227618515924
83,29,40.0,fit,1272,fit,clean,optimum,5.2877679665074705e-05,5.628070742418432e-05,5.2681058894757e-07,0.78808,0.001983658435000332,50000,1.0643566015124768
91,7,1.8,fit,1265,fit,clean,optimum,0.00014255421738768964,0.00014572645233011712,7.900810095279605e-07,0.45128,0.0029749797968462908,50000,1.022252831242448
91,9,2.0,fit,1264,fit,clean,optimum,0.00014022468211798484,0.00014411706630241533,7.929619882551517e-07,0.45734,0.00298582786610144,50000,1.027758195815737
91,13,4.0,fit,1234,fit,clean,optimum,0.0001340450121959605,0.0001385559205235251,7.983224581158845e-07,0.47828,0.003006012238773315,50000,1.0336521908101295
91,15,5.0,fit,1234,fit,clean,optimum,0.00013501468101453237,0.00014003251892517887,7.972835280241178e-07,0.47272,0.003002100239881976,50000,1.037165128065639
91,1,0.6,fit,1272,fit,clean,optimum,0.00011250303195198608,0.00012320035944733438,7.861238746686527e-07,0.5361,0.0029600795573545575,50000,1.0950847929139695
91,17,6.0,fit,1234,fit,clean,optimum,0.00013793665184595044,0.00014269889445622273,7.926830170070735e-07,0.46268,0.002984777424669581,50000,1.0345248528693507
91,11,3.0,fit,1265,fit,clean,optimum,0.00013423645439345318,0.0001375201770403507,7.714941364650571e-07,0.48218,0.0029049925788498464,50000,1.0244622272074675
91,3,1.0,fit,1272,fit,clean,optimum,0.00014106617932475762,0.00014547681159314687,8.151688420716339e-07,0.45222,0.003069445799780196,50000,1.0312664048144045
91,5,1.4,fit,1266,fit,clean,optimum,0.00014491268901732637,0.00014904614298131712,8.081019051872941e-07,0.43878,0.003042835877249518,50000,1.0285237544898262
91,19,8.0,fit,1234,fit,clean,optimum,0.00014018360451731562,0.0001472667887922739,8.052799456544073e-07,0.44548,0.0030322100395232428,50000,1.0505279080199665
83,29,40.0,fit,1273,fit,clean,optimum,5.2877679665074705e-05,5.558490026369281e-05,5.236947146976191e-07,0.7907,0.0019719258875383248,50000,1.0511977949063867
91,13,4.0,fit,1235,fit,clean,optimum,0.0001340450121959605,0.00013785480185799168,7.904881622523259e-07,0.48092,0.0029765128942307495,50000,1.028421718940662
91,7,1.8,fit,1266,fit,clean,optimum,0.00014255421738768964,0.00014606107714775808,8.120022232492504e-07,0.45002,0.0030575221781422926,50000,1.0246001824732496
91,15,5.0,fit,1235,fit,clean,optimum,0.00013501468101453237,0.00013907644801763327,7.956949544497972e-07,0.47632,0.002996118607324789,50000,1.0300838914152137
91,9,2.0,fit,1265,fit,clean,optimum,0.00014022468211798484,0.00014397365566628349,7.960592319135339e-07,0.45788,0.0029974902617273045,50000,1.0267354754646139
91,1,0.6,fit,1273,fit,clean,optimum,0.00011250303195198608,0.0001219309097423155,7.924791366956443e-07,0.54088,0.0029840097314834868,50000,1.0838010996392795
91,17,6.0,fit,1235,fit,clean,optimum,0.00013793665184595044,0.00014360716181839104,8.036111495279881e-07,0.45926,0.003025926336078556,50000,1.0411095230785614
91,11,3.0,fit,1266,fit,clean,optimum,0.00013423645439345318,0.00013859841256386047,7.826706876934539e-07,0.47812,0.002947076888815433,50000,1.032494587182869
91,19,8.0,fit,1235,fit,clean,optimum,0.00014018360451731562,0.00014853092699225088,8.268589694834766e-07,0.44072,0.003113463935203511,50000,1.059545640188644
91,3,1.0,fit,1273,fit,clean,optimum,0.00014106617932475762,0.00014522717085617664,8.121308445329615e-07,0.45316,0.0030580064901506443,50000,1.029496733741117
91,13,4.0,fit,1236,fit,clean,optimum,0.0001340450121959605,0.0001386568391193216,7.880051128966082e-07,0.4779,0.002967163192644775,50000,1.0344050617610379
91,15,5.0,fit,1236,fit,clean,optimum,0.00013501468101453237,0.00013974038614787327,7.866684688660049e-07,0.47382,0.0029621301783859,50000,1.035001416866898
83,29,40.0,fit,1274,fit,clean,optimum,5.2877679665074705e-05,5.5877033040998405e-05,5.247222244671831e-07,0.7896,0.0019757948842217678,50000,1.0567224847028367
91,7,1.8,fit,1267,fit,clean,optimum,0.00014255421738768964,0.00014667190022757886,7.835079447163794e-07,0.44772,0.002950229505696402,50000,1.028885029958046
91,5,1.4,fit,1267,fit,clean,optimum,0.00014491268901732637,0.00014915768458719742,7.881230116180407e-07,0.43836,0.002967607129798188,50000,1.02929347042455
91,9,2.0,fit,1266,fit,clean,optimum,0.00014022468211798484,0.00014472257787719422,8.061749877310565e-07,0.45506,0.0030355802408864544,50000,1.0320763484093682
91,17,6.0,fit,1236,fit,clean,optimum,0.00013793665184595044,0.00014373994944443902,7.987157394802554e-07,0.45876,0.0030074931047849897,50000,1.0420721941617792
91,1,0.6,fit,1274,fit,clean,optimum,0.00011250303195198608,0.00012182999114651904,7.887739977302873e-07,0.54126,0.002970058360125972,50000,1.0829040696299945
91,11,3.0,fit,1267,fit,clean,optimum,0.00013423645439345318,0.00013897021791679486,7.911298472486431e-07,0.47672,0.0029789291020334454,50000,1.0352643664847314
91,19,8.0,fit,1236,fit,clean,optimum,0.00014018360451731562,0.00014891866686031103,8.147805804837714e-07,0.43926,0.0030679838352906654,50000,1.0623115832487846
91,3,1.0,fit,1274,fit,clean,optimum,0.00014106617932475762,0.0001447491354024038,8.103549564683496e-07,0.45496,0.003051319541534024,50000,1.0261080018986508
91,13,4.0,fit,1237,fit,clean,optimum,0.0001340450121959605,0.0001387418231999923,7.886338397034969e-07,0.47758,0.0029695306075372637,50000,1.0350390583512763
91,15,5.0,fit,1237,fit,clean,optimum,0.00013501468101453237,0.00014047868534870016,8.002999561490307e-07,0.47104,0.00301345833180171,50000,1.040469705169171
83,29,40.0,fit,1275,fit,clean,optimum,5.2877679665074705e-05,5.675874287795712e-05,5.296472983324147e-07,0.78628,0.001994339811982775,50000,1.0733970029975772
91,7,1.8,fit,1268,fit,clean,optimum,0.00014255421738768964,0.00014741551093344767,7.967726625337763e-07,0.44492,0.00300017662129813,50000,1.0341013660264942
91,9,2.0,fit,1267,fit,clean,optimum,0.00014022468211798484,0.0001446004132612301,7.883263711372355e-07,0.45552,0.0029683728619874254,50000,1.0312051421843378
91,17,6.0,fit,1237,fit,clean,optimum,0.00013793665184595044,0.00014415955834275074,7.985283123338519e-07,0.45718,0.003006787364528982,50000,1.0451142347847484
91,5,1.4,fit,1268,fit,clean,optimum,0.00014491268901732637,0.00015007126345440767,8.02517291073566e-07,0.43492,0.003021807509321209,50000,1.035597810461336
91,1,0.6,fit,1275,fit,clean,optimum,0.00011250303195198608,0.0001217184495406387,7.775908745727567e-07,0.54168,0.0029279493041455295,50000,1.0819126154092058
91,11,3.0,fit,1268,fit,clean,optimum,0.00013423645439345318,0.00013994753484450814,7.781015858213004e-07,0.47304,0.0029298723419455995,50000,1.0425449292210558
91,13,4.0,fit,1238,fit,clean,optimum,0.0001340450121959605,0.00013890647985629183,7.858685030027714e-07,0.47696,0.0029591179780512687,50000,1.0362674267448635
91,3,1.0,fit,1275,fit,clean,optimum,0.00014106617932475762,0.00014537058149230846,8.017077518408925e-07,0.45262,0.0030187592613151004,50000,1.0305133532938564
91,19,8.0,fit,1237,fit,clean,optimum,0.00014018360451731562,0.00014906207749644287,8.11889917293048e-07,0.43872,0.0030570993000491116,50000,1.063334603284727
91,15,5.0,fit,1238,fit,clean,optimum,0.00013501468101453237,0.00014021311009660415,7.943898123875039e-07,0.47204,0.0029912042109268085,50000,1.0385026949884972
83,29,40.0,fit,1276,fit,clean,optimum,5.2877679665074705e-05,5.679061190820864e-05,5.2845477298878e-07,0.78616,0.0019898494638263754,50000,1.0739996964299172
91,9,2.0,fit,1268,fit,clean,optimum,0.00014022468211798484,0.00014538120450239232,7.95863138260154e-07,0.45258,0.0029967518885097993,50000,1.0367732863182304
91,7,1.8,fit,1269,fit,clean,optimum,0.00014255421738768964,0.00014547150008810495,7.961390771385025e-07,0.45224,0.0029977909118230435,50000,1.020464373161837
91,17,6.0,fit,1238,fit,clean,optimum,0.00013793665184595044,0.00014413300081754111,8.13611161185017e-07,0.45728,0.0030635804908919497,50000,1.0449217005681046
91,1,0.6,fit,1276,fit,clean,optimum,0.00011250303195198608,0.00012210618940869888,7.660372793724264e-07,0.54022,0.002884445268625857,50000,1.0853590991290905
91,5,1.4,fit,1269,fit,clean,optimum,0.00014491268901732637,0.0001484087623762867,7.891000266196613e-07,0.44118,0.0029712859929223296,50000,1.0241253777199755
91,11,3.0,fit,1269,fit,clean,optimum,0.00013423645439345318,0.00013787604787815938,7.894276926469856e-07,0.48084,0.0029725197902160843,50000,1.027113301682108
91,13,4.0,fit,1239,fit,clean,optimum,0.0001340450121959605,0.0001387099541697408,7.962009480537953e-07,0.4777,0.0029980238812537586,50000,1.0348013096299369
91,3,1.0,fit,1276,fit,clean,optimum,0.00014106617932475762,0.00014577956738053634,7.969604349463875e-07,0.45108,0.0030008836616233453,50000,1.0334126016479663
91,19,8.0,fit,1238,fit,clean,optimum,0.00014018360451731562,0.000149386079304,8.207377514898124e-07,0.4375,0.0030904150330736866,50000,1.0656458707733376
91,15,5.0,fit,1239,fit,clean,optimum,0.00013501468101453237,0.00014034589772265213,7.992769987656912e-07,0.47154,0.0030096064767238515,50000,1.0394862000788339
83,29,40.0,fit,1277,fit,clean,optimum,5.2877679665074705e-05,5.674280836283135e-05,5.28994858953826e-07,0.78634,0.001991883109509787,50000,1.073095656281407
91,9,2.0,fit,1269,fit,clean,optimum,0.00014022468211798484,0.0001434159476368819,7.814894140235054e-07,0.45998,0.002942628907835934,50000,1.0227582296546904
91,17,6.0,fit,1239,fit,clean,optimum,0.00013793665184595044,0.00014388336008057086,8.044966247236549e-07,0.45822,0.0030292605142020006,50000,1.0431118789316547
91,7,1.8,fit,1270,fit,clean,optimum,0.00014255421738768964,0.00014631071788472833,7.962265712035067e-07,0.44908,0.0029981203629458938,50000,1.0263513810105143
91,1,0.6,fit,1277,fit,clean,optimum,0.00011250303195198608,0.0001226160938927232,7.815958037781831e-07,0.5383,0.0029430295089982717,50000,1.0898914612812671
91,5,1.4,fit,1270,fit,clean,optimum,0.00014491268901732637,0.00014934358726366464,8.134478038894965e-07,0.43766,0.0030629653835194397,50000,1.0305763303157565
91,11,3.0,fit,1270,fit,clean,optimum,0.00013423645439345318,0.00013846562493781246,7.91051019955039e-07,0.47862,0.0029786322848677567,50000,1.0315053802893466
91,13,4.0,fit,1240,fit,clean,optimum,0.0001340450121959605,0.00013950136842098688,7.928388900931545e-07,0.47472,0.0029853643509168523,50000,1.0407054028765332
91,19,8.0,fit,1239,fit,clean,optimum,0.00014018360451731562,0.00014879650224434686,8.125325721632925e-07,0.43972,0.0030595191598258515,50000,1.0614401217366856
91,3,1.0,fit,1277,fit,clean,optimum,0.00014106617932475762,0.0001464381940057344,7.963061075604883e-07,0.4486,0.0029984198500266884,50000,1.0380815210753636
91,15,5.0,fit,1240,fit,clean,optimum,0.00013501468101453237,0.00014139226421591039,8.059538686960786e-07,0.4676,0.0030347476368194986,50000,1.0472362201906884
83,29,40.0,fit,1278,fit,clean,optimum,5.2877679665074705e-05,5.72102208065203e-05,5.310296951205039e-07,0.78458,0.0019995451041821756,50000,1.0819351599557272
91,9,2.0,fit,1270,fit,clean,optimum,0.00014022468211798484,0.0001445260521906432,8.01077728649991e-07,0.4558,0.0030163869650038696,50000,1.0306748427430144
91,17,6.0,fit,1240,fit,clean,optimum,0.00013793665184595044,0.00014425516543350528,8.001088243266793e-07,0.45682,0.003012738641917796,50000,1.0458073579646652
91,1,0.6,fit,1278,fit,clean,optimum,0.00011250303195198608,0.00012301445677086718,7.879606536161074e-07,0.5368,0.002966995785176835,50000,1.093432369212655
91,7,1.8,fit,1271,fit,clean,optimum,0.00014255421738768964,0.00014461634777635584,8.013456472264176e-07,0.45546,0.0030173957885832963,50000,1.0144655866831216
91,5,1.4,fit,1271,fit,clean,optimum,0.00014491268901732637,0.0001475536100645376,8.137054012459047e-07,0.4444,0.003063935343462526,50000,1.0182242222204259
91,13,4.0,fit,1241,fit,clean,optimum,0.0001340450121959605,0.00013881087276553728,7.837542171785385e-07,0.47732,0.0029511568227570673,50000,1.0355541805808453
91,11,3.0,fit,1271,fit,clean,optimum,0.00013423645439345318,0.00013699433804120065,7.831940586688075e-07,0.48416,0.0029490475956912543,50000,1.0205449679091194
91,19,8.0,fit,1240,fit,clean,optimum,0.00014018360451731562,0.0001485627960225024,8.179765745151041e-07,0.4406,0.0030800180666661755,50000,1.059772977974409
91,15,5.0,fit,1241,fit,clean,optimum,0.00013501468101453237,0.00013991035430921473,7.919563716687648e-07,0.47318,0.0029820413062527714,50000,1.0362603033825293
91,3,1.0,fit,1278,fit,clean,optimum,0.00014106617932475762,0.00014640632497548288,8.29624644092573e-07,0.44872,0.003123877837053434,50000,1.0378556056191992
83,29,40.0,fit,1279,fit,clean,optimum,5.2877679665074705e-05,5.6238215383848946e-05,5.260036708627149e-07,0.78824,0.001980620056693292,50000,1.0635530102693567
91,17,6.0,fit,1241,fit,clean,optimum,0.00013793665184595044,0.00014340001312175617,7.930575147854464e-07,0.46004,0.002986187562758191,50000,1.0396077561887416
91,9,2.0,fit,1271,fit,clean,optimum,0.00014022468211798484,0.00014256079532513278,8.065123087354054e-07,0.4632,0.0030368503931377908,50000,1.0166597860794746
91,1,0.6,fit,1279,fit,clean,optimum,0.00011250303195198608,0.0001225311098120525,7.822566752123235e-07,0.53862,0.0029455179616267625,50000,1.0891360675892379
91,5,1.4,fit,1272,fit,clean,optimum,0.00014491268901732637,0.00014831315528553214,7.959150868544167e-07,0.44154,0.0029969474963228494,50000,1.0234656212044977
91,7,1.8,fit,1272,fit,clean,optimum,0.00014255421738768964,0.00014526435139147008,7.939137351919756e-07,0.45302,0.002989411584574123,50000,1.0190112509713407
91,13,4.0,fit,1242,fit,clean,optimum,0.0001340450121959605,0.00013976163216804094,8.032071666148459e-07,0.47374,0.0030244051743364363,50000,1.0426470174341385
91,15,5.0,fit,1242,fit,clean,optimum,0.00013501468101453237,0.00014102577036801794,8.075339525726268e-07,0.46898,0.003040697302174526,50000,1.044521746141359
91,19,8.0,fit,1241,fit,clean,optimum,0.00014018360451731562,0.00014754298705445376,8.201625344413407e-07,0.44444,0.00308824910441907,50000,1.0524981688299297
91,11,3.0,fit,1272,fit,clean,optimum,0.00013423645439345318,0.00013792916292857857,7.926733454702017e-07,0.48064,0.002984741007357367,50000,1.0275089844395167
91,3,1.0,fit,1279,fit,clean,optimum,0.00014106617932475762,0.00014608232316792576,8.136394718056471e-07,0.44994,0.0030636870920168913,50000,1.035558798481528
91,17,6.0,fit,1242,fit,clean,optimum,0.00013793665184595044,0.00014471195486711038,8.048577560010702e-07,0.4551,0.0030306203219196445,50000,1.0491189464909347
83,29,40.0,fit,1280,fit,clean,optimum,5.2877679665074705e-05,5.574424541495039e-05,5.234474245510884e-07,0.7901,0.0019709947384776386,50000,1.0542112620680864
91,9,2.0,fit,1272,fit,clean,optimum,0.00014022468211798484,0.00014353280074780414,7.964919520656486e-07,0.45954,0.0029991196309878043,50000,1.0235915573481982
91,1,0.6,fit,1280,fit,clean,optimum,0.00011250303195198608,0.0001222442885397888,7.718313510367678e-07,0.5397,0.002906262330338546,50000,1.0865866138786382
91,5,1.4,fit,1273,fit,clean,optimum,0.00014491268901732637,0.00014932234124349694,8.172234267224398e-07,0.43774,0.003077182155613771,50000,1.0304297177567614
91,13,4.0,fit,1243,fit,clean,optimum,0.0001340450121959605,0.00013943763036048382,7.945554163235394e-07,0.47496,0.0029918277778244336,50000,1.0402299054338542
91,7,1.8,fit,1273,fit,clean,optimum,0.00014255421738768964,0.0001455883531990272,7.990603502123143e-07,0.4518,0.003008790705857903,50000,1.0212840831154504
91,15,5.0,fit,1243,fit,clean,optimum,0.00013501468101453237,0.00014034589772265213,7.928159292594663e-07,0.47154,0.002985277893939002,50000,1.0394862000788339
91,19,8.0,fit,1242,fit,clean,optimum,0.00014018360451731562,0.0001490727005065267,8.068307654469728e-07,0.43868,0.0030380495135718445,50000,1.0634103825466488
91,11,3.0,fit,1273,fit,clean,optimum,0.00013423645439345318,0.0001373555203840512,7.938442960534307e-07,0.4828,0.0029891501176716284,50000,1.0232356106595002
91,3,1.0,fit,1280,fit,clean,optimum,0.00014106617932475762,0.00014610356918809346,8.02757466684814e-07,0.44986,0.0030227118692318275,50000,1.0357094087856378
91,17,6.0,fit,1243,fit,clean,optimum,0.00013793665184595044,0.00014421267339316993,8.047138009296901e-07,0.45698,0.003030078271897122,50000,1.0454993032180355
83,29,40.0,fit,1281,fit,clean,optimum,5.2877679665074705e-05,5.707212167543039e-05,5.299010682348534e-07,0.7851,0.0019952953599882304,50000,1.0793234884155873
91,1,0.6,fit,1281,fit,clean,optimum,0.00011250303195198608,0.00012153785836921345,7.749393827929564e-07,0.54236,0.002917965347587552,50000,1.0803074038136433
91,9,2.0,fit,1273,fit,clean,optimum,0.00014022468211798484,0.00014424454242342142,8.113394048394536e-07,0.45686,0.0030550263943500693,50000,1.028667280572291
91,13,4.0,fit,1244,fit,clean,optimum,0.0001340450121959605,0.00013857185503865087,8.039475629567265e-07,0.47822,0.0030271930709346215,50000,1.0337710651707992
91,5,1.4,fit,1274,fit,clean,optimum,0.00014491268901732637,0.0001472667887922739,8.029670710090241e-07,0.44548,0.0030235011156791373,50000,1.016244952673993
91,15,5.0,fit,1244,fit,clean,optimum,0.00013501468101453237,0.00013952792594619647,8.11277863183448e-07,0.47462,0.003054794664715927,50000,1.033427808722359
91,19,8.0,fit,1243,fit,clean,optimum,0.00014018360451731562,0.0001481166295989811,8.199520787947241e-07,0.44228,0.003087456652392928,50000,1.0565902489736994
91,7,1.8,fit,1274,fit,clean,optimum,0.00014255421738768964,0.00014547150008810495,7.855737272987501e-07,0.45224,0.002958008026345698,50000,1.020464373161837
91,11,3.0,fit,1274,fit,clean,optimum,0.00013423645439345318,0.00013797696647395585,7.826957222584759e-07,0.48046,0.00294717115424425,50000,1.0278650989211846
91,17,6.0,fit,1244,fit,clean,optimum,0.00013793665184595044,0.00014333096355621122,8.144891792544268e-07,0.4603,0.0030668865898694723,50000,1.0391071672254681
91,3,1.0,fit,1281,fit,clean,optimum,0.00014106617932475762,0.00014535464697718273,8.09431067526763e-07,0.45268,0.003047840719865608,50000,1.0304003955657746
83,29,40.0,fit,1282,fit,clean,optimum,5.2877679665074705e-05,5.698713759475968e-05,5.280183409850743e-07,0.78542,0.001988206117918723,50000,1.0777163059293473
91,9,2.0,fit,1274,fit,clean,optimum,0.00014022468211798484,0.00014278919004193536,7.893360456935325e-07,0.46234,0.002972174701761005,50000,1.0182885629349672
91,1,0.6,fit,1282,fit,clean,optimum,0.00011250303195198608,0.0001221699274692019,7.689455312617022e-07,0.53998,0.0028953960325480334,50000,1.0859256443981125
91,13,4.0,fit,1245,fit,clean,optimum,0.0001340450121959605,0.00013856654353360895,7.920565094687403e-07,0.47824,0.0029824183662355264,50000,1.0337314403839093
91,15,5.0,fit,1245,fit,clean,optimum,0.00013501468101453237,0.00014013874902601726,7.997399380040524e-07,0.47232,0.0030113496332668938,50000,1.0379519321379085
91,19,8.0,fit,1244,fit,clean,optimum,0.00014018360451731562,0.00014820161367965184,8.212635297242496e-07,0.44196,0.0030923948042695625,50000,1.0571964830690725
91,7,1.8,fit,1275,fit,clean,optimum,0.00014255421738768964,0.00014528559741163775,7.918161223587778e-07,0.45294,0.0029815132099453023,50000,1.019160289144725
91,5,1.4,fit,1275,fit,clean,optimum,0.00014491268901732637,0.00014725616578219007,7.977564202939943e-07,0.44552,0.003003880873680285,50000,1.0161716463944956
91,11,3.0,fit,1275,fit,clean,optimum,0.00013423645439345318,0.0001387843152403277,7.928019952575201e-07,0.47742,0.002985225426693518,50000,1.0338794768338004
91,17,6.0,fit,1245,fit,clean,optimum,0.00013793665184595044,0.0001434690626873011,8.036658314889198e-07,0.45978,0.0030261322361407796,50000,1.0401083451520146
91,3,1.0,fit,1282,fit,clean,optimum,0.00014106617932475762,0.00014495097259399682,7.994279084884926e-07,0.4542,0.003010174713867977,50000,1.0275387997876924
83,29,40.0,fit,1283,fit,clean,optimum,5.2877679665074705e-05,5.669500481745408e-05,5.286035521587938e-07,0.78652,0.001990409678563402,50000,1.072191616132897
91,9,2.0,fit,1275,fit,clean,optimum,0.00014022468211798484,0.0001434159476368819,7.964789178260586e-07,0.45998,0.0029990705517174763,50000,1.0227582296546904
91,1,0.6,fit,1283,fit,clean,optimum,0.00011250303195198608,0.00012241956820617216,7.806364602287767e-07,0.53904,0.0029394171861563093,50000,1.0881446133684491
91,13,4.0,fit,1246,fit,clean,optimum,0.0001340450121959605,0.0001392411046739328,7.843776977832169e-07,0.4757,0.002953504483541563,50000,1.0387637883189276
91,15,5.0,fit,1246,fit,clean,optimum,0.00013501468101453237,0.0001407601951159219,7.946626549717194e-07,0.46998,0.0029922315754197805,50000,1.042554735960685
91,19,8.0,fit,1245,fit,clean,optimum,0.00014018360451731562,0.00014831315528553214,8.097340925156643e-07,0.44154,0.003048981733519967,50000,1.0579921653192499
91,7,1.8,fit,1276,fit,clean,optimum,0.00014255421738768964,0.0001460929461780096,7.887871973988088e-07,0.4499,0.0029701080623042333,50000,1.0248237397333257
91,5,1.4,fit,1276,fit,clean,optimum,0.00014491268901732637,0.0001482706632451968,7.94159000820911e-07,0.4417,0.0029903351104938,50000,1.0231723960865078
91,11,3.0,fit,1276,fit,clean,optimum,0.00013423645439345318,0.0001381734921605069,7.745330468203718e-07,0.47972,0.002916435325609308,50000,1.0293291251235979
91,17,6.0,fit,1246,fit,clean,optimum,0.00013793665184595044,0.0001437930644948582,7.917900779821955e-07,0.45856,0.002981415142160835,50000,1.0424572625950663
91,3,1.0,fit,1283,fit,clean,optimum,0.00014106617932475762,0.00014679406484354303,8.070563968573717e-07,0.44726,0.003038899108587262,50000,1.0406042436691991
91,9,2.0,fit,1276,fit,clean,optimum,0.00014022468211798484,0.00014280512455706112,7.85218625919272e-07,0.46228,0.0029566709236726304,50000,1.0184021985295364
91,21,10.0,fit,1234,fit,clean,optimum,0.00014381084371875919,0.00015176563356278017,8.122594162772409e-07,0.42854,0.00305849061562267,50000,1.0553142561320175
91,13,4.0,fit,1247,fit,clean,optimum,0.0001340450121959605,0.0001391083170478848,7.942333600569887e-07,0.4762,0.002990615103586119,50000,1.03777316864668
91,23,20.0,fit,1234,fit,clean,optimum,0.00014600680951083514,0.00015699746602907135,8.230073670256523e-07,0.40884,0.0030989610685868882,50000,1.0752749584424046
91,15,5.0,fit,1247,fit,clean,optimum,0.00013501468101453237,0.00014051055437895168,7.984814802880806e-07,0.47092,0.0030066110226243743,50000,1.0407057463908518
91,19,8.0,fit,1246,fit,clean,optimum,0.00014018360451731562,0.00014828659776032255,8.064761498154239e-07,0.44164,0.003036714239939418,50000,1.0578027171644457
91,7,1.8,fit,1277,fit,clean,optimum,0.00014255421738768964,0.00014677281882337532,7.997491521550948e-07,0.44734,0.0030113843283334323,50000,1.029592961281621
91,17,6.0,fit,1247,fit,clean,optimum,0.00013793665184595044,0.00014368152288897793,7.983348973341433e-07,0.45898,0.0030060590775437225,50000,1.0416486188851637
91,5,1.4,fit,1277,fit,clean,optimum,0.00014491268901732637,0.00014974195014180863,7.945135492740533e-07,0.43616,0.00299167013117191,50000,1.0333253157969131
91,11,3.0,fit,1277,fit,clean,optimum,0.00013423645439345318,0.00013872057717982463,7.918046323057178e-07,0.47766,0.0029814699451720626,50000,1.0334046575249096
91,25,26.0,fit,1234,fit,clean,optimum,0.00015079273781200316,0.0001652196758339635,8.462648161869909e-07,0.37788,0.003186534925630358,50000,1.095673957720343
91,9,2.0,fit,1277,fit,clean,optimum,0.00014022468211798484,0.00014504657968475134,7.991951349754502e-07,0.45384,0.0030092982259000457,50000,1.0343869388322762
91,13,4.0,fit,1248,fit,clean,optimum,0.0001340450121959605,0.00013840719838235138,7.956323123042408e-07,0.47884,0.002995882733895085,50000,1.0325426967772124
91,21,10.0,fit,1235,fit,clean,optimum,0.00014381084371875919,0.0001526792124299904,8.398761525294698e-07,0.4251,0.0031624789806313424,50000,1.0616668985585986
91,23,20.0,fit,1235,fit,clean,optimum,0.00014600680951083514,0.00015817130864333566,8.42607669818831e-07,0.40442,0.0031727642661306624,50000,1.0833146013754775
91,15,5.0,fit,1248,fit,clean,optimum,0.00013501468101453237,0.00013937389229998077,8.026017006035316e-07,0.4752,0.0030221253459016112,50000,1.032286942817568
91,19,8.0,fit,1247,fit,clean,optimum,0.00014018360451731562,0.00014793072692251394,8.105054615857531e-07,0.44298,0.003051886255172496,50000,1.0552641118900705
91,7,1.8,fit,1278,fit,clean,optimum,0.00014255421738768964,0.0001451581212906317,7.942205937652489e-07,0.45342,0.0029905670332495984,50000,1.0182660601044198
91,17,6.0,fit,1248,fit,clean,optimum,0.00013793665184595044,0.00014350624322259455,7.964479412905137e-07,0.45964,0.0029989539123269444,50000,1.0403778930553158
91,11,3.0,fit,1278,fit,clean,optimum,0.00013423645439345318,0.00013781230981765633,7.93835258194838e-07,0.48108,0.0029891160864186357,50000,1.0266384823732169
91,5,1.4,fit,1278,fit,clean,optimum,0.00014491268901732637,0.00014857873053762818,8.104310348593604e-07,0.44054,0.003051606007951397,50000,1.0252982781919358
91,25,26.0,fit,1235,fit,clean,optimum,0.00015079273781200316,0.0001656923997826944,8.571132986874911e-07,0.3761,0.0032273839219689876,50000,1.098808882887099
91,9,2.0,fit,1278,fit,clean,optimum,0.00014022468211798484,0.00014413831232258303,8.008682904593978e-07,0.45726,0.0030155983441179242,50000,1.0279097099418295
91,13,4.0,fit,1249,fit,clean,optimum,0.0001340450121959605,0.00013798227797899777,7.906449869043901e-07,0.48044,0.0029771034035151298,50000,1.0293727138260196
91,15,5.0,fit,1249,fit,clean,optimum,0.00013501468101453237,0.00013881087276553728,7.923730629861155e-07,0.47732,0.0029836103203610587,50000,1.02811688123454
91,21,10.0,fit,1236,fit,clean,optimum,0.00014381084371875919,0.00015304039477284095,8.299914682494507e-07,0.42374,0.0031252590808025513,50000,1.064178408355154
91,19,8.0,fit,1248,fit,clean,optimum,0.00014018360451731562,0.00014826535174015487,8.165971557186051e-07,0.44172,0.0030748239878293404,50000,1.0576511586406026
91,23,20.0,fit,1236,fit,clean,optimum,0.00014600680951083514,0.00015847937593576705,8.353179998337842e-07,0.40326,0.003145315661912029,50000,1.0854245529144744
91,17,6.0,fit,1249,fit,clean,optimum,0.00013793665184595044,0.0001424067616789171,7.976162745557144e-07,0.46378,0.003003353167362871,50000,1.0324069764862709
91,7,1.8,fit,1279,fit,clean,optimum,0.00014255421738768964,0.00014507844871500288,8.015195827470899e-07,0.45372,0.0030180507273221266,50000,1.0177071669542288
91,11,3.0,fit,1279,fit,clean,optimum,0.00013423645439345318,0.00013738738941430272,7.90135136791352e-07,0.48268,0.002975183608244244,50000,1.0234730203139455
91,13,4.0,fit,1250,fit,clean,optimum,0.0001340450121959605,0.00013822129570588413,7.909938888466585e-07,0.47954,0.0029784171627585637,50000,1.0311558292360652
91,9,2.0,fit,1279,fit,clean,optimum,0.00014022468211798484,0.00014339470161671422,8.010365580688093e-07,0.46006,0.003016231940840825,50000,1.022606715528598
91,25,26.0,fit,1236,fit,clean,optimum,0.00015079273781200316,0.00016567646526756863,8.322963000651435e-07,0.37616,0.0031339377200865293,50000,1.0987032112522643
91,5,1.4,fit,1279,fit,clean,optimum,0.00014491268901732637,0.00014892397836535292,8.135728628532771e-07,0.43924,0.003063436281928812,50000,1.0276807322756045
91,15,5.0,fit,1250,fit,clean,optimum,0.00013501468101453237,0.00013983068173358592,7.96546245538124e-07,0.47348,0.002999324068231286,50000,1.0356702003283271
91,19,8.0,fit,1249,fit,clean,optimum,0.00014018360451731562,0.00014686842591412992,8.107474671925737e-07,0.44698,0.0030527975057687423,50000,1.0476861856979043
91,21,10.0,fit,1237,fit,clean,optimum,0.00014381084371875919,0.00015382118601400317,8.188985011086289e-07,0.4208,0.0030834894992874335,50000,1.069607701591825
91,23,20.0,fit,1237,fit,clean,optimum,0.00014600680951083514,0.0001590530184802944,8.285220211776961e-07,0.4011,0.003119726008499476,50000,1.089353428193985
91,17,6.0,fit,1250,fit,clean,optimum,0.00013793665184595044,0.00014347437419234306,8.00054983662324e-07,0.45976,0.0030125359096830327,50000,1.0401468519953436
91,7,1.8,fit,1280,fit,clean,optimum,0.00014255421738768964,0.0001461513727334707,8.04265534017075e-07,0.44968,0.0030283903626921894,50000,1.0252335947101323
91,11,3.0,fit,1280,fit,clean,optimum,0.00013423645439345318,0.00013744581596976383,7.989740001415909e-07,0.48246,0.003008465562343807,50000,1.023908271347095
91,13,4.0,fit,1251,fit,clean,optimum,0.0001340450121959605,0.00013992097731929854,7.995790485276192e-07,0.47314,0.003010743818247748,50000,1.0438357610408358
91,9,2.0,fit,1280,fit,clean,optimum,0.00014022468211798484,0.00014403208222174465,8.056221513639007e-07,0.45766,0.003033498584697511,50000,1.027152139311368
91,25,26.0,fit,1237,fit,clean,optimum,0.00015079273781200316,0.00016594735202470653,8.331475713949686e-07,0.37514,0.0031371431065941448,50000,1.1004996290444504
91,5,1.4,fit,1280,fit,clean,optimum,0.00014491268901732637,0.00014903020846619136,8.050798874034178e-07,0.43884,0.003031456737965923,50000,1.0284137950705798
91,15,5.0,fit,1251,fit,clean,optimum,0.00013501468101453237,0.0001413975757209523,8.075695534344534e-07,0.46758,0.003040831354054532,50000,1.047275560394302
91,19,8.0,fit,1250,fit,clean,optimum,0.00014018360451731562,0.00014760141360991487,8.033661079135684e-07,0.44422,0.0030250036536656213,50000,1.0529149547704988
91,21,10.0,fit,1238,fit,clean,optimum,0.00014381084371875919,0.00015410269578122496,8.229268389567126e-07,0.41974,0.003098657847302886,50000,1.0715652018744346
91,23,20.0,fit,1238,fit,clean,optimum,0.00014600680951083514,0.0001591061335307136,8.243066304012016e-07,0.4009,0.003103853329312596,50000,1.0897172129420878
91,17,6.0,fit,1251,fit,clean,optimum,0.00013793665184595044,0.00014459510175618813,8.113108808401888e-07,0.45554,0.00305491898976685,50000,1.0482717959377028
91,11,3.0,fit,1281,fit,clean,optimum,0.00013423645439345318,0.00013843375590756097,7.820684422035644e-07,0.47874,0.0029448091869677027,50000,1.0312679706349015
91,7,1.8,fit,1281,fit,clean,optimum,0.00014255421738768964,0.00014567864878473985,7.936826902138232e-07,0.45146,0.00298854160525064,50000,1.0219174953523333
91,13,4.0,fit,1252,fit,clean,optimum,0.0001340450121959605,0.00013950136842098688,7.974752267826914e-07,0.47472,0.0030028220645138292,50000,1.0407054028765332
91,25,26.0,fit,1238,fit,clean,optimum,0.00015079273781200316,0.00016711588313392893,8.342980693248744e-07,0.37074,0.0031414752042607224,50000,1.1082488822656447
91,9,2.0,fit,1281,fit,clean,optimum,0.00014022468211798484,0.00014424985392846336,7.967090959211225e-07,0.45684,0.002999937266869763,50000,1.028705159103814
91,15,5.0,fit,1252,fit,clean,optimum,0.00013501468101453237,0.00014188623418480895,8.014387931577368e-07,0.46574,0.003017746521306259,50000,1.0508948591267415
91,19,8.0,fit,1251,fit,clean,optimum,0.00014018360451731562,0.00014869027214350845,8.203958835035628e-07,0.44012,0.0030891277595662663,50000,1.0606823291174687
91,5,1.4,fit,1281,fit,clean,optimum,0.00014491268901732637,0.0001489824049208141,7.922000280061814e-07,0.43902,0.002982958772528313,50000,1.028083916812841
91,21,10.0,fit,1239,fit,clean,optimum,0.00014381084371875919,0.00015347062668123645,8.217202967211434e-07,0.42212,0.0030941147197861207,50000,1.0671700597304625
91,23,20.0,fit,1239,fit,clean,optimum,0.00014600680951083514,0.0001590530184802944,8.323270855948527e-07,0.4011,0.003134053640261569,50000,1.089353428193985
91,17,6.0,fit,1252,fit,clean,optimum,0.00013793665184595044,0.00014482349647299074,8.128487898831913e-07,0.45468,0.0030607098495358414,50000,1.049927590200838
91,11,3.0,fit,1282,fit,clean,optimum,0.00013423645439345318,0.00013733958586892542,7.81854080775713e-07,0.48286,0.0029440020280695764,50000,1.0231169058322773
91,7,1.8,fit,1282,fit,clean,optimum,0.00014255421738768964,0.00014480225045282303,7.862883370087763e-07,0.45476,0.002960698825674273,50000,1.0157696707002337
91,13,4.0,fit,1253,fit,clean,optimum,0.0001340450121959605,0.00013887992233108223,7.97672439846734e-07,0.47706,0.003003564652772661,50000,1.036069302810414
91,25,26.0,fit,1239,fit,clean,optimum,0.00015079273781200316,0.00016577738386336512,8.196602800055704e-07,0.37578,0.0030863579099956197,50000,1.0993724649395495
91,15,5.0,fit,1253,fit,clean,optimum,0.00013501468101453237,0.00014001658441005312,7.970699565911454e-07,0.47278,0.0030012960556393296,50000,1.0370471074547987
91,19,8.0,fit,1252,fit,clean,optimum,0.00014018360451731562,0.00014903020846619136,8.241761763126937e-07,0.43884,0.003103362116040733,50000,1.0631072654989622
91,5,1.4,fit,1282,fit,clean,optimum,0.00014491268901732637,0.00014817505615444224,8.035266799556799e-07,0.44206,0.003025608273414051,50000,1.0225126395710302
91,9,2.0,fit,1282,fit,clean,optimum,0.00014022468211798484,0.00014273076348647422,7.96556476942674e-07,0.46256,0.002999362593675465,50000,1.0178718990882132
91,21,10.0,fit,1240,fit,clean,optimum,0.00014381084371875919,0.00015326878948964352,8.246896053667209e-07,0.42288,0.0031052953874957166,50000,1.0657665689617994
91,23,20.0,fit,1240,fit,clean,optimum,0.00014600680951083514,0.0001587183936626534,8.367226872361546e-07,0.40236,0.0031506048874376915,50000,1.0870615842809368
91,17,6.0,fit,1253,fit,clean,optimum,0.00013793665184595044,0.000143808999009984,7.889160335416322e-07,0.4585,0.0029705931833454696,50000,1.0425727831250526
91,7,1.8,fit,1283,fit,clean,optimum,0.00014255421738768964,0.00014727210029731583,7.951628718465444e-07,0.44546,0.0029941150975886467,50000,1.0330953583561506
91,11,3.0,fit,1283,fit,clean,optimum,0.00013423645439345318,0.00013984130474366973,7.856758160687474e-07,0.47344,0.0029583924325326133,50000,1.0417535637062378
91,13,4.0,fit,1254,fit,clean,optimum,0.0001340450121959605,0.00013846031343277057,7.900908781133244e-07,0.47864,0.0029750169561270825,50000,1.0329389446461112
91,25,26.0,fit,1240,fit,clean,optimum,0.00015079273781200316,0.00016617043523646716,8.303738127560156e-07,0.3743,0.0031266987650485313,50000,1.1019790319321328
91,15,5.0,fit,1254,fit,clean,optimum,0.00013501468101453237,0.00014057429243945473,7.94437835307019e-07,0.47068,0.0029913850369606204,50000,1.0411778288342135
91,19,8.0,fit,1253,fit,clean,optimum,0.00014018360451731562,0.00014830253227544833,8.11085883205607e-07,0.44158,0.003054071781177924,50000,1.0579163860573284
91,9,2.0,fit,1283,fit,clean,optimum,0.00014022468211798484,0.00014514749828054783,7.944929885301402e-07,0.45346,0.0029915927115187198,50000,1.0351066309312147
91,23,20.0,fit,1241,fit,clean,optimum,0.00014600680951083514,0.00015802789800720385,8.414334350156199e-07,0.40496,0.003168342789378052,50000,1.0823323825556002
91,21,10.0,fit,1241,fit,clean,optimum,0.00014381084371875919,0.0001522277345014272,8.296366398916098e-07,0.4268,0.003123923006168185,50000,1.0585275113129045
91,5,1.4,fit,1283,fit,clean,optimum,0.00014491268901732637,0.00014990660679810815,8.095730518661455e-07,0.43554,0.003048375349272008,50000,1.0344615631291245
91,17,6.0,fit,1254,fit,clean,optimum,0.00013793665184595044,0.00014340532462679809,7.957349125320453e-07,0.46002,0.0029962690659309003,50000,1.0396462630320702
91,13,4.0,fit,1255,fit,clean,optimum,0.0001340450121959605,0.00013856123202856703,7.826978896645708e-07,0.47826,0.0029471793154192006,50000,1.0336918155970194
91,27,30.0,fit,1234,fit,clean,optimum,0.0001506297729184041,0.0001682206761826483,8.49535289324893e-07,0.36658,0.003198849601459866,50000,1.1167823792297233
91,29,40.0,fit,1234,fit,clean,optimum,0.0001475165656732347,0.0001651665607835443,8.452400521385781e-07,0.37808,0.003182676267715793,50000,1.1196475462247832
91,25,26.0,fit,1241,fit,clean,optimum,0.00015079273781200316,0.00016594735202470653,8.298451721922538e-07,0.37514,0.0031247082160060675,50000,1.1004996290444504
91,15,5.0,fit,1255,fit,clean,optimum,0.00013501468101453237,0.00014061678447979006,7.89748417066153e-07,0.47052,0.0029737274495014888,50000,1.0414925504631212
91,19,8.0,fit,1254,fit,clean,optimum,0.00014018360451731562,0.00014797321896284926,8.205799356417989e-07,0.44282,0.0030898207915290845,50000,1.055567228937757
91,23,20.0,fit,1242,fit,clean,optimum,0.00014600680951083514,0.00015939295480297725,8.254331401639667e-07,0.39982,0.0031080951016685455,50000,1.0916816505818432
91,21,10.0,fit,1242,fit,clean,optimum,0.00014381084371875919,0.000153635283337536,8.198099755968613e-07,0.4215,0.0030869215754354886,50000,1.0683150127259513
91,17,6.0,fit,1255,fit,clean,optimum,0.00013793665184595044,0.00014374526094948096,8.068783451485327e-07,0.45874,0.0030382286707078517,50000,1.0421107010051083
91,27,30.0,fit,1235,fit,clean,optimum,0.0001506297729184041,0.00016872526916163072,8.553091515092539e-07,0.36468,0.0032205905661724732,50000,1.1201322679615864
91,13,4.0,fit,1256,fit,clean,optimum,0.0001340450121959605,0.00013931015423947776,7.921386021921132e-07,0.47544,0.002982727479086686,50000,1.0392789105484965
91,29,40.0,fit,1235,fit,clean,optimum,0.0001475165656732347,0.00016523029884404737,8.529798563054436e-07,0.37784,0.0032118198121755294,50000,1.1200796201428016
91,25,26.0,fit,1242,fit,clean,optimum,0.00015079273781200316,0.00016599515557008383,8.294914679894998e-07,0.37496,0.0031233763742777344,50000,1.100816643948954
91,15,5.0,fit,1256,fit,clean,optimum,0.00013501468101453237,0.0001402290446117299,7.96320646939962e-07,0.47198,0.0029984745967674294,50000,1.0386207155993377
91,19,8.0,fit,1255,fit,clean,optimum,0.00014018360451731562,0.0001488018137493888,8.188232514240709e-07,0.4397,0.0030832061532905302,50000,1.0614780113676465
91,23,20.0,fit,1243,fit,clean,optimum,0.00014600680951083514,0.00015895741138953985,8.400938611364895e-07,0.40146,0.0031632987430350356,50000,1.0886986156474001
91,21,10.0,fit,1243,fit,clean,optimum,0.00014381084371875919,0.00015376275945854208,8.324226329644943e-07,0.42102,0.003134413415387028,50000,1.069201427948265
91,17,6.0,fit,1256,fit,clean,optimum,0.00013793665184595044,0.00014482349647299074,8.096157095119583e-07,0.45468,0.0030485359728447095,50000,1.049927590200838
91,27,30.0,fit,1236,fit,clean,optimum,0.0001506297729184041,0.000169038647959104,8.480081495069537e-07,0.3635,0.0031930992922503793,50000,1.1222127251740064
91,29,40.0,fit,1236,fit,clean,optimum,0.0001475165656732347,0.00016592610600453888,8.544540533917961e-07,0.37522,0.0032173707702362587,50000,1.1247964270811681
91,13,4.0,fit,1257,fit,clean,optimum,0.0001340450121959605,0.0001387843152403277,7.987699754909823e-07,0.47742,0.0030076973256613665,50000,1.0353560566463957
91,25,26.0,fit,1243,fit,clean,optimum,0.00015079273781200316,0.0001660960741658803,8.422474505760412e-07,0.37458,0.0031714078925983136,50000,1.1014858976362387
91,15,5.0,fit,1257,fit,clean,optimum,0.00013501468101453237,0.00013957572949157377,8.037797434885102e-07,0.47444,0.0030265611616475483,50000,1.0337818705548805
91,19,8.0,fit,1256,fit,clean,optimum,0.00014018360451731562,0.00015000221388886272,8.143736728651199e-07,0.43518,0.0030664516608299806,50000,1.070041067964794
91,23,20.0,fit,1244,fit,clean,optimum,0.00014600680951083514,0.00015918580610634238,8.332933011616617e-07,0.4006,0.0031376918390740843,50000,1.090262890064242
91,21,10.0,fit,1244,fit,clean,optimum,0.00014381084371875919,0.00015298196821737984,8.206784072680441e-07,0.42396,0.0030901915776827943,50000,1.0637721347115936
91,17,6.0,fit,1257,fit,clean,optimum,0.00013793665184595044,0.00014371870342427134,8.082728407126167e-07,0.45884,0.0030434795197725826,50000,1.0419181667884645
91,27,30.0,fit,1237,fit,clean,optimum,0.0001506297729184041,0.00016899615591876863,8.355178341540394e-07,0.36366,0.003146068120278078,50000,1.1219306292807967
91,13,4.0,fit,1258,fit,clean,optimum,0.0001340450121959605,0.00013908175952267521,7.916661179965704e-07,0.4763,0.0029809483818559997,50000,1.0375750447122305
91,29,40.0,fit,1237,fit,clean,optimum,0.0001475165656732347,0.00016634040339780863,8.367874017278615e-07,0.37366,0.003150848564102577,50000,1.127604907548287
91,25,26.0,fit,1244,fit,clean,optimum,0.00015079273781200316,0.00016663784768015615,8.513479884588248e-07,0.37254,0.0032056751588852113,50000,1.105078733220611
91,15,5.0,fit,1258,fit,clean,optimum,0.00013501468101453237,0.00014027153665206526,7.962607583403976e-07,0.47182,0.002998249091570346,50000,1.0389354372282453
91,19,8.0,fit,1257,fit,clean,optimum,0.00014018360451731562,0.0001481697446494003,8.056939530450935e-07,0.44208,0.0030337689475442983,50000,1.0569691452833074
91,23,20.0,fit,1245,fit,clean,optimum,0.00014600680951083514,0.0001582297351987968,8.275870049139721e-07,0.4042,0.0031162052878888594,50000,1.083714764598391
91,21,10.0,fit,1245,fit,clean,optimum,0.00014381084371875919,0.00015300852574258943,8.118390304377558e-07,0.42386,0.003056907690119758,50000,1.0639568045495755
91,17,6.0,fit,1258,fit,clean,optimum,0.00013793665184595044,0.0001438408680402355,8.127563256362322e-07,0.45838,0.0030603616836347293,50000,1.042803824185025
91,27,30.0,fit,1238,fit,clean,optimum,0.0001506297729184041,0.0001705524268960512,8.508084802571401e-07,0.3578,0.0032036436887183687,50000,1.1322623913695944
91,13,4.0,fit,1259,fit,clean,optimum,0.0001340450121959605,0.00013912956306805249,8.036600581467454e-07,0.47612,0.0030261104971341184,50000,1.0379316677942396
91,29,40.0,fit,1238,fit,clean,optimum,0.0001475165656732347,0.00016662722467007232,8.43626673314541e-07,0.37258,0.003176601233196184,50000,1.1295492401793696
91,25,26.0,fit,1245,fit,clean,optimum,0.00015079273781200316,0.00016551712011631103,8.120192711489804e-07,0.37676,0.0030575863704930314,50000,1.0976464949039197
91,15,5.0,fit,1259,fit,clean,optimum,0.00013501468101453237,0.0001411266889638144,8.113344861223819e-07,0.4686,0.003055007873358249,50000,1.045269210010015
91,19,8.0,fit,1258,fit,clean,optimum,0.00014018360451731562,0.00014852030398216701,8.167920789289148e-07,0.44076,0.0030755579538475266,50000,1.0594698609267224
91,23,20.0,fit,1246,fit,clean,optimum,0.00014600680951083514,0.000157884487371072,8.273047558033246e-07,0.4055,0.0031151425039569235,50000,1.0813501637357223
91,21,10.0,fit,1246,fit,clean,optimum,0.00014381084371875919,0.00015309882132830209,8.16750207895897e-07,0.42352,0.0030754002921953684,50000,1.0645846819987146
91,17,6.0,fit,1259,fit,clean,optimum,0.00013793665184595044,0.00014342657064696576,8.165597089120134e-07,0.45994,0.0030746829852084405,50000,1.0398002904053851
91,27,30.0,fit,1239,fit,clean,optimum,0.0001506297729184041,0.0001694954373927091,8.53142847225182e-07,0.36178,0.003212433539992606,50000,1.1252452560260082
91,13,4.0,fit,1260,fit,clean,optimum,0.0001340450121959605,0.00013793447443362047,7.882716033719506e-07,0.48062,0.0029681666388365383,50000,1.0290160907440102
91,29,40.0,fit,1239,fit,clean,optimum,0.0001475165656732347,0.00016586767944907775,8.504793245421045e-07,0.37544,0.003202404282137982,50000,1.1244003593229845
91,25,26.0,fit,1246,fit,clean,optimum,0.00015079273781200316,0.00016568708827765247,8.433198511305203e-07,0.37612,0.0031754459215412043,50000,1.0987736590088208
91,15,5.0,fit,1260,fit,clean,optimum,0.00013501468101453237,0.00014000064989492739,7.978509586279479e-07,0.47284,0.0030042368493715717,50000,1.0369290868439585
91,19,8.0,fit,1259,fit,clean,optimum,0.00014018360451731562,0.0001482441057199872,8.284499717612722e-07,0.4418,0.003119454712827702,50000,1.0574996001167591
91,23,20.0,fit,1247,fit,clean,optimum,0.00014600680951083514,0.0001584209493803059,8.422320783807765e-07,0.40348,0.003171350009963756,50000,1.085024389691561
91,21,10.0,fit,1247,fit,clean,optimum,0.00014381084371875919,0.00015231271858209792,8.175492985917355e-07,0.42648,0.003078409197164984,50000,1.059118454794447
91,17,6.0,fit,1260,fit,clean,optimum,0.00013793665184595044,0.0001429591582032768,7.984055318360498e-07,0.4617,0.0030063250454806785,50000,1.0364116881924579
91,27,30.0,fit,1240,fit,clean,optimum,0.0001506297729184041,0.00017024967110866176,8.492793724499392e-07,0.35894,0.003197885969220288,50000,1.1302524581304767
91,13,4.0,fit,1261,fit,clean,optimum,0.0001340450121959605,0.00013812037711008766,7.952908793110323e-07,0.47992,0.0029945970983152864,50000,1.030402958285157
91,29,40.0,fit,1240,fit,clean,optimum,0.0001475165656732347,0.0001665634866095693,8.325726187100862e-07,0.37282,0.00313497817337712,50000,1.1291171662613513
91,25,26.0,fit,1247,fit,clean,optimum,0.00015079273781200316,0.00016492754305665793,8.402256257123804e-07,0.37898,0.003163794890830627,50000,1.0937366444150445
91,15,5.0,fit,1261,fit,clean,optimum,0.00013501468101453237,0.00013975100915795713,7.87976852068582e-07,0.47378,0.002967056779009456,50000,1.035080097274125
91,19,8.0,fit,1260,fit,clean,optimum,0.00014018360451731562,0.00014727210029731583,8.229231724087638e-07,0.44546,0.0030986440412425703,50000,1.0505657976509273
91,23,20.0,fit,1248,fit,clean,optimum,0.00014600680951083514,0.00015889898483407872,8.476441319738833e-07,0.40168,0.0031917286165936776,50000,1.0882984524244868
91,21,10.0,fit,1248,fit,clean,optimum,0.00014381084371875919,0.00015292885316696065,8.321335152171547e-07,0.42416,0.0031333247682143045,50000,1.0634027950356297
91,17,6.0,fit,1261,fit,clean,optimum,0.00013793665184595044,0.00014312381485957634,8.119017199301234e-07,0.46108,0.00305714374182967,50000,1.0376054003356483
91,27,30.0,fit,1241,fit,clean,optimum,0.0001506297729184041,0.000169437010837248,8.371213606287905e-07,0.362,0.0031521060566524037,50000,1.1248573741728451
91,13,4.0,fit,1262,fit,clean,optimum,0.0001340450121959605,0.00013943231885544193,7.925257382017172e-07,0.47498,0.002984185205311357,50000,1.0401902806469645
91,29,40.0,fit,1241,fit,clean,optimum,0.0001475165656732347,0.00016628197684234752,8.411659862988117e-07,0.37388,0.003167335735013244,50000,1.1272088397901037
91,25,26.0,fit,1248,fit,clean,optimum,0.00015079273781200316,0.0001668927999221683,8.498416695322843e-07,0.37158,0.003200003248891143,50000,1.1067694793779623
91,15,5.0,fit,1262,fit,clean,optimum,0.00013501468101453237,0.00014053180039911938,7.886318254072019e-07,0.47084,0.002969523022883652,50000,1.0408631072053058
91,19,8.0,fit,1261,fit,clean,optimum,0.00014018360451731562,0.0001471871162166451,8.178971965243698e-07,0.44578,0.0030797191758994047,50000,1.049959563555554
91,23,20.0,fit,1249,fit,clean,optimum,0.00014600680951083514,0.0001569762200089037,8.381085831010599e-07,0.40892,0.0031558233550997472,50000,1.0751294445431636
91,21,10.0,fit,1249,fit,clean,optimum,0.00014381084371875919,0.00015183999463336704,8.279370434708463e-07,0.42826,0.0031175233269535372,50000,1.055831331678367
91,17,6.0,fit,1262,fit,clean,optimum,0.00013793665184595044,0.000143941786636032,7.997265434222628e-07,0.458,0.0030112991971600507,50000,1.0435354542082707
91,27,30.0,fit,1242,fit,clean,optimum,0.0001506297729184041,0.00017053649238092541,8.418763545048241e-07,0.35786,0.0031700105633355596,50000,1.1321566054096406
91,13,4.0,fit,1263,fit,clean,optimum,0.0001340450121959605,0.00013859310105881855,7.818724805693568e-07,0.47814,0.0029440713108566533,50000,1.0339295643183588
91,29,40.0,fit,1242,fit,clean,optimum,0.0001475165656732347,0.00016682906186166527,8.43371894189778e-07,0.37182,0.003175641885053794,50000,1.130917474253094
91,25,26.0,fit,1249,fit,clean,optimum,0.00015079273781200316,0.00016427953944154368,8.35730120577245e-07,0.38142,0.003146867465930695,50000,1.0894393312651094
91,15,5.0,fit,1263,fit,clean,optimum,0.00013501468101453237,0.00014042025879323902,7.893379468183215e-07,0.47126,0.0029721818602773727,50000,1.0400369629294226
91,19,8.0,fit,1262,fit,clean,optimum,0.00014018360451731562,0.00014860528806283778,8.156398732680388e-07,0.44044,0.003071219425871812,50000,1.0600760950220958
91,23,20.0,fit,1250,fit,clean,optimum,0.00014600680951083514,0.0001578579298458624,8.218372080446474e-07,0.4056,0.003094554938980422,50000,1.081168271361671
91,21,10.0,fit,1250,fit,clean,optimum,0.00014381084371875919,0.00015230209557201408,8.060794171023633e-07,0.42652,0.0030352203781811044,50000,1.0590445868592542
91,17,6.0,fit,1263,fit,clean,optimum,0.00013793665184595044,0.00014323535646545662,7.995108616003195e-07,0.46066,0.003010487066435365,50000,1.038414044045551
91,27,30.0,fit,1243,fit,clean,optimum,0.0001506297729184041,0.00016910769752464895,8.483757879407936e-07,0.36324,0.003194483602087002,50000,1.1226711310004716
91,13,4.0,fit,1264,fit,clean,optimum,0.0001340450121959605,0.00013890647985629183,8.011283286678534e-07,0.47696,0.0030165774948723834,50000,1.0362674267448635
91,29,40.0,fit,1243,fit,clean,optimum,0.0001475165656732347,0.00016621292727680257,8.656168463459244e-07,0.37414,0.003259403274643308,50000,1.1267407597122505
91,25,26.0,fit,1250,fit,clean,optimum,0.00015079273781200316,0.00016402458719953154,8.291535378239102e-07,0.38238,0.0031221039282839057,50000,1.087748585107758
91,15,5.0,fit,1264,fit,clean,optimum,0.00013501468101453237,0.0001401440605310592,8.052774930699835e-07,0.4723,0.0030322008045346495,50000,1.037991272341522
91,19,8.0,fit,1263,fit,clean,optimum,0.00014018360451731562,0.00014707026310572285,8.082044791786585e-07,0.44622,0.0030432221104943515,50000,1.0491259916744158
91,23,20.0,fit,1251,fit,clean,optimum,0.00014600680951083514,0.00015832534228955137,8.276030804512013e-07,0.40384,0.003116265818895052,50000,1.0843695771449762
91,21,10.0,fit,1251,fit,clean,optimum,0.00014381084371875919,0.00015291823015687678,8.250678925422261e-07,0.4242,0.0031067197942223207,50000,1.0633289271004367
91,17,6.0,fit,1264,fit,clean,optimum,0.00013793665184595044,0.00014358060429318144,8.036499668730642e-07,0.45936,0.003026072499340267,50000,1.0409169888619179
91,13,4.0,fit,1265,fit,clean,optimum,0.0001340450121959605,0.00013803539302941696,7.81348974395313e-07,0.48024,0.0029421000949021838,50000,1.0297689616949186
91,27,30.0,fit,1244,fit,clean,optimum,0.0001506297729184041,0.0001694688798674995,8.3772773762498e-07,0.36188,0.0031543893153197825,50000,1.1250689460927523
91,29,40.0,fit,1244,fit,clean,optimum,0.0001475165656732347,0.00016600046707512575,8.440210409959229e-07,0.37494,0.003178086189637981,50000,1.125300513318856
91,25,26.0,fit,1251,fit,clean,optimum,0.00015079273781200316,0.00016561272720706557,8.37356725267545e-07,0.3764,0.0031529923012738317,50000,1.0982805247129264
91,15,5.0,fit,1265,fit,clean,optimum,0.00013501468101453237,0.00013939513832014847,7.91388273363145e-07,0.47512,0.00297990218259145,50000,1.032444303632022
91,19,8.0,fit,1264,fit,clean,optimum,0.00014018360451731562,0.00014894522438552063,8.297074227105222e-07,0.43916,0.0031241895325796395,50000,1.0625010314035888
91,23,20.0,fit,1252,fit,clean,optimum,0.00014600680951083514,0.00015956292296431872,8.398543796459356e-07,0.39918,0.003162396996774178,50000,1.0928457617757723
91,21,10.0,fit,1252,fit,clean,optimum,0.00014381084371875919,0.00015410269578122496,8.251355329125899e-07,0.41974,0.003106974488023155,50000,1.0715652018744346
91,17,6.0,fit,1265,fit,clean,optimum,0.00013793665184595044,0.00014305476529403137,8.035671317803635e-07,0.46134,0.003025760591163406,50000,1.0371048113723749
91,13,4.0,fit,1266,fit,clean,optimum,0.0001340450121959605,0.00013940044982519036,8.055497886674074e-07,0.4751,0.003033226109397489,50000,1.0399525319256246
91,27,30.0,fit,1245,fit,clean,optimum,0.0001506297729184041,0.00016939451879691261,8.354749440569713e-07,0.36216,0.003145906621430841,50000,1.1245752782796357
91,29,40.0,fit,1245,fit,clean,optimum,0.0001475165656732347,0.00016645194500368896,8.371336248776702e-07,0.37324,0.0031521522365911703,50000,1.1283610369048191
91,15,5.0,fit,1266,fit,clean,optimum,0.00013501468101453237,0.00014026091364198145,8.057117114210541e-07,0.47186,0.0030338358151301157,50000,1.0388567568210185
91,25,26.0,fit,1252,fit,clean,optimum,0.00015079273781200316,0.0001665209945692339,8.533372994545286e-07,0.37298,0.0032131657325738497,50000,1.1043038078984913
91,19,8.0,fit,1265,fit,clean,optimum,0.00014018360451731562,0.00014807944906368767,8.230417978670655e-07,0.44242,0.003099090714859052,50000,1.0563250215569735
91,23,20.0,fit,1253,fit,clean,optimum,0.00014600680951083514,0.00015919111761138432,8.469376696157217e-07,0.40058,0.0031890684953941838,50000,1.0902992685390525
91,21,10.0,fit,1253,fit,clean,optimum,0.00014381084371875919,0.0001531784939039309,8.227218761355099e-07,0.42322,0.003097886078022484,50000,1.0651386915126606
91,17,6.0,fit,1266,fit,clean,optimum,0.00013793665184595044,0.00014364434235368447,8.144442839202964e-07,0.45912,0.0030667175404803593,50000,1.0413790709818624
91,13,4.0,fit,1267,fit,clean,optimum,0.0001340450121959605,0.00013922517015880706,7.952236306704905e-07,0.47576,0.0029943438795382695,50000,1.038644913958258
91,27,30.0,fit,1246,fit,clean,optimum,0.0001506297729184041,0.00016979819318009855,8.412046423706745e-07,0.36064,0.003167481291015009,50000,1.127255189265126
91,29,40.0,fit,1246,fit,clean,optimum,0.0001475165656732347,0.0001665634866095693,8.322922582976746e-07,0.37282,0.003133922501170471,50000,1.1291171662613513
91,15,5.0,fit,1267,fit,clean,optimum,0.00013501468101453237,0.00014106826240835326,7.960976951687101e-07,0.46882,0.002997635091694979,50000,1.0448364677702666
91,19,8.0,fit,1266,fit,clean,optimum,0.00014018360451731562,0.0001476651516704179,8.104517962864323e-07,0.44398,0.003051684183259179,50000,1.0533696303420288
91,25,26.0,fit,1253,fit,clean,optimum,0.00015079273781200316,0.00016648381403394047,8.492095681152776e-07,0.37312,0.003197623127204284,50000,1.1040572407505442
91,23,20.0,fit,1254,fit,clean,optimum,0.00014600680951083514,0.00015754455104838912,8.27059645579595e-07,0.40678,0.0031142195632017323,50000,1.079021941347864
91,21,10.0,fit,1254,fit,clean,optimum,0.00014381084371875919,0.0001523180300871398,8.193419174598285e-07,0.42646,0.0030851591441346097,50000,1.059155388762043
91,17,6.0,fit,1267,fit,clean,optimum,0.00013793665184595044,0.00014405332824191233,8.143570313997381e-07,0.45758,0.003066388998871645,50000,1.044344097918174
91,13,4.0,fit,1268,fit,clean,optimum,0.0001340450121959605,0.00013992097731929854,7.871692856458383e-07,0.47314,0.0029640159594437393,50000,1.0438357610408358
91,27,30.0,fit,1247,fit,clean,optimum,0.0001506297729184041,0.0001685128089599539,8.452458626360405e-07,0.36548,0.003182698146627388,50000,1.1187217884955387
91,29,40.0,fit,1247,fit,clean,optimum,0.0001475165656732347,0.00016507095369278974,8.39061213054444e-07,0.37844,0.003159410398492781,50000,1.1189994353477557
91,15,5.0,fit,1268,fit,clean,optimum,0.00013501468101453237,0.0001416578394680064,7.892880148757214e-07,0.4666,0.0029719938459868618,50000,1.0492032303713623
91,19,8.0,fit,1267,fit,clean,optimum,0.00014018360451731562,0.00014942325983929346,8.178783190658393e-07,0.43736,0.0030796480945076655,50000,1.0659110981900637
91,25,26.0,fit,1254,fit,clean,optimum,0.00015079273781200316,0.00016483724747094527,8.332076553928637e-07,0.37932,0.00313736934754627,50000,1.0931378384843158
91,23,20.0,fit,1255,fit,clean,optimum,0.00014600680951083514,0.00016059866644749308,8.50237565771479e-07,0.39528,0.0032014939609814833,50000,1.0999395643637777
91,21,10.0,fit,1255,fit,clean,optimum,0.00014381084371875919,0.00015378931698375168,8.346454639432306e-07,0.42092,0.003142783287809978,50000,1.0693860977862468
91,17,6.0,fit,1268,fit,clean,optimum,0.00013793665184595044,0.00014502002215954174,8.005817411376423e-07,0.45394,0.003014519368123384,50000,1.0513523434040004
91,13,4.0,fit,1269,fit,clean,optimum,0.0001340450121959605,0.00013880556126049537,7.946029968365736e-07,0.47734,0.002992006938015975,50000,1.0355145557939553
91,27,30.0,fit,1248,fit,clean,optimum,0.0001506297729184041,0.00017024435960361984,8.520098484768193e-07,0.35896,0.0032081673339383115,50000,1.1302171961438254
91,29,40.0,fit,1248,fit,clean,optimum,0.0001475165656732347,0.0001668396848717491,8.464089039402656e-07,0.37178,0.0031870774752547583,50000,1.1309894865727639
91,15,5.0,fit,1269,fit,clean,optimum,0.00013501468101453237,0.00013994753484450814,7.912486977231587e-07,0.47304,0.0029793766229284746,50000,1.0365356848078233
91,19,8.0,fit,1268,fit,clean,optimum,0.00014018360451731562,0.00014908863502165247,8.160035661251903e-07,0.43862,0.0030725888789902072,50000,1.0635240514395312
91,25,26.0,fit,1255,fit,clean,optimum,0.00015079273781200316,0.00016704683356838398,8.579733393192135e-07,0.371,0.0032306223285032366,50000,1.1077909718480288
91,23,20.0,fit,1256,fit,clean,optimum,0.00014600680951083514,0.00016000908938784,8.311771726681103e-07,0.3975,0.0031297237453723923,50000,1.0959015536598364
91,21,10.0,fit,1256,fit,clean,optimum,0.00014381084371875919,0.00015481443745684223,8.210913541056407e-07,0.41706,0.0030917464922854826,50000,1.0765143535323527
91,17,6.0,fit,1269,fit,clean,optimum,0.00013793665184595044,0.00014388336008057086,8.12080971063505e-07,0.45822,0.003057818696035557,50000,1.0431118789316547
91,13,4.0,fit,1270,fit,clean,optimum,0.0001340450121959605,0.0001395385489562803,7.999952582836921e-07,0.47458,0.0030123110190798585,50000,1.0409827763847626
91,27,30.0,fit,1249,fit,clean,optimum,0.0001506297729184041,0.00016700434152804866,8.348148225479741e-07,0.37116,0.003143420992578803,50000,1.108707384286602
91,29,40.0,fit,1249,fit,clean,optimum,0.0001475165656732347,0.0001642636049264179,8.394048238310445e-07,0.38148,0.0031607042343223192,50000,1.113526499052857
91,15,5.0,fit,1270,fit,clean,optimum,0.00013501468101453237,0.00014064865351004163,7.972221669654261e-07,0.4704,0.003001869190270962,50000,1.0417285916848023
91,19,8.0,fit,1269,fit,clean,optimum,0.00014018360451731562,0.00014782449682167553,8.254184309731571e-07,0.44338,0.003108039715518317,50000,1.0545063192708537
91,25,26.0,fit,1256,fit,clean,optimum,0.00015079273781200316,0.00016722742473980929,8.415155425661695e-07,0.37032,0.003168651958059627,50000,1.1089885837094864
91,23,20.0,fit,1257,fit,clean,optimum,0.00014600680951083514,0.0001595044964088576,8.400748995549381e-07,0.3994,0.0031632273448855405,50000,1.0924455985528594
91,21,10.0,fit,1257,fit,clean,optimum,0.00014381084371875919,0.00015335908507535615,8.302805662943099e-07,0.42254,0.003126347653787336,50000,1.0663944464109383
91,17,6.0,fit,1270,fit,clean,optimum,0.00013793665184595044,0.00014528559741163775,8.123555050100441e-07,0.45294,0.003058852429202983,50000,1.0532776855704364
91,13,4.0,fit,1271,fit,clean,optimum,0.0001340450121959605,0.00013697309202103294,7.781464272310782e-07,0.48424,0.002930041188287357,50000,1.021844004316937
91,27,30.0,fit,1250,fit,clean,optimum,0.0001506297729184041,0.00016777450975912704,8.456410669549585e-07,0.36826,0.0031841862533534436,50000,1.1138203723510238
91,29,40.0,fit,1250,fit,clean,optimum,0.0001475165656732347,0.00016551712011631103,8.478853529664242e-07,0.37676,0.003192636912794612,50000,1.122023952773884
91,15,5.0,fit,1271,fit,clean,optimum,0.00013501468101453237,0.00013864090460419585,7.915100335797777e-07,0.47796,0.0029803606598617217,50000,1.026857994718909
91,19,8.0,fit,1270,fit,clean,optimum,0.00014018360451731562,0.00014951886693004797,8.279826088530391e-07,0.437,0.003117694899349057,50000,1.0665931115473581
91,25,26.0,fit,1257,fit,clean,optimum,0.00015079273781200316,0.00016698309550788095,8.272501981953627e-07,0.37124,0.0031149370721347516,50000,1.107368285308691
91,23,20.0,fit,1258,fit,clean,optimum,0.00014600680951083514,0.0001594566928634803,8.456160845021336e-07,0.39958,0.003184092184148472,50000,1.0921181922795666
91,21,10.0,fit,1258,fit,clean,optimum,0.00014381084371875919,0.00015259422834931966,8.186574236749611e-07,0.42542,0.0030825817436446724,50000,1.061075955077056
91,17,6.0,fit,1271,fit,clean,optimum,0.00013793665184595044,0.0001424280076990848,8.029399013623972e-07,0.4637,0.003023398810790363,50000,1.032561003859586
91,13,4.0,fit,1272,fit,clean,optimum,0.0001340450121959605,0.00013808850807983615,7.929089737038349e-07,0.48004,0.002985628244521875,50000,1.0301652095638176
91,27,30.0,fit,1251,fit,clean,optimum,0.0001506297729184041,0.000168773072707008,8.438393371141834e-07,0.3645,0.0031774019998262217,50000,1.120449625841447
91,29,40.0,fit,1251,fit,clean,optimum,0.0001475165656732347,0.00016620230426671873,8.3887084551167e-07,0.37418,0.0031586935864356645,50000,1.126668747392581
91,15,5.0,fit,1272,fit,clean,optimum,0.00013501468101453237,0.0001399050428041728,8.010419207568405e-07,0.4732,0.00301625213356582,50000,1.0362209631789157
91,19,8.0,fit,1271,fit,clean,optimum,0.00014018360451731562,0.00014727741180235775,8.171614989379e-07,0.44544,0.003076948972046962,50000,1.0506036872818882
91,25,26.0,fit,1258,fit,clean,optimum,0.00015079273781200316,0.0001667228317608269,8.506046494388282e-07,0.37222,0.003202876181894208,50000,1.1056423152730614
91,23,20.0,fit,1259,fit,clean,optimum,0.00014600680951083514,0.0001587608857029888,8.533117771283475e-07,0.4022,0.003213069630523754,50000,1.0873526120794192
91,21,10.0,fit,1259,fit,clean,optimum,0.00014381084371875919,0.00015309350982326014,8.268907712494698e-07,0.42354,0.0031135836819259264,50000,1.064547748031118
91,17,6.0,fit,1272,fit,clean,optimum,0.00013793665184595044,0.00014360185031334912,7.971790166245516e-07,0.45928,0.0030017067114988098,50000,1.0410710162352328
91,13,4.0,fit,1273,fit,clean,optimum,0.0001340450121959605,0.00013760516112102145,8.014548973603884e-07,0.48186,0.0030178071602495514,50000,1.0265593539568363
91,27,30.0,fit,1252,fit,clean,optimum,0.0001506297729184041,0.00017047806582546433,8.57452100368523e-07,0.35808,0.0032286596495767297,50000,1.1317687235564777
91,29,40.0,fit,1252,fit,clean,optimum,0.0001475165656732347,0.0001667918813263718,8.407510463169037e-07,0.37196,0.0031657733154028577,50000,1.1306654311342499
91,15,5.0,fit,1273,fit,clean,optimum,0.00013501468101453237,0.00013895428340166913,8.053032658117646e-07,0.47678,0.003032297849502423,50000,1.029179066732104
91,19,8.0,fit,1272,fit,clean,optimum,0.00014018360451731562,0.00014830784378049025,8.115714695165789e-07,0.44156,0.0030559002132593757,50000,1.0579542756882894
91,25,26.0,fit,1259,fit,clean,optimum,0.00015079273781200316,0.00016576676085328126,8.598090401595441e-07,0.37582,0.0032375344968089905,50000,1.099302017182993
91,21,10.0,fit,1260,fit,clean,optimum,0.00014381084371875919,0.0001517496990476544,8.239551561047333e-07,0.4286,0.0031025298840981256,50000,1.0552034542292283
91,23,20.0,fit,1260,fit,clean,optimum,0.00014600680951083514,0.00015723117225091584,8.256878734164134e-07,0.40796,0.0031090542770828068,50000,1.0768756113340574
91,17,6.0,fit,1273,fit,clean,optimum,0.00013793665184595044,0.00014312381485957634,8.105295047357869e-07,0.46108,0.00305197678751632,50000,1.0376054003356483
91,13,4.0,fit,1274,fit,clean,optimum,0.0001340450121959605,0.00013846562493781246,7.890717415923057e-07,0.47862,0.0029711794881665875,50000,1.0329785694330011
91,27,30.0,fit,1253,fit,clean,optimum,0.0001506297729184041,0.00017002127639185918,8.46063892854303e-07,0.3598,0.0031857783666848155,50000,1.1287361927044757
91,29,40.0,fit,1253,fit,clean,optimum,0.0001475165656732347,0.0001671265061440128,8.529122244750054e-07,0.3707,0.003211565150531026,50000,1.1329338192038463
91,15,5.0,fit,1274,fit,clean,optimum,0.00013501468101453237,0.00013955448347140607,7.883129725393109e-07,0.47452,0.0029683224107581833,50000,1.0336245097404264
91,19,8.0,fit,1273,fit,clean,optimum,0.00014018360451731562,0.00014751111802420222,8.242124195779553e-07,0.44456,0.003103498586833759,50000,1.0522708310441646
91,25,26.0,fit,1260,fit,clean,optimum,0.00015079273781200316,0.000164258293421376,8.267307033300001e-07,0.3815,0.0031129809604064835,50000,1.0892984357519968
91,21,10.0,fit,1261,fit,clean,optimum,0.00014381084371875919,0.00015234989911739138,8.280751295896121e-07,0.42634,0.003118043277956788,50000,1.059376992567622
91,23,20.0,fit,1261,fit,clean,optimum,0.00014600680951083514,0.00015834658830971902,8.38750576708075e-07,0.40376,0.003158240724948588,50000,1.084515091044217
91,17,6.0,fit,1274,fit,clean,optimum,0.00013793665184595044,0.00014353280074780414,8.007597784535911e-07,0.45954,0.003015189751807646,50000,1.0405704272719594
91,13,4.0,fit,1275,fit,clean,optimum,0.0001340450121959605,0.0001394270073504,7.949835748709435e-07,0.475,0.0029934399707679587,50000,1.0401506558600746
91,27,30.0,fit,1254,fit,clean,optimum,0.0001506297729184041,0.0001692989117061581,8.358438147533668e-07,0.36252,0.0031472955712425585,50000,1.1239405625199146
91,15,5.0,fit,1275,fit,clean,optimum,0.00013501468101453237,0.0001408823597318861,7.958799989275208e-07,0.46952,0.0029968153758537204,50000,1.043459560643795
91,29,40.0,fit,1254,fit,clean,optimum,0.0001475165656732347,0.0001654746280759757,8.364174045239211e-07,0.37692,0.003149455372526855,50000,1.1217359034952052
91,19,8.0,fit,1274,fit,clean,optimum,0.00014018360451731562,0.00014777669327629826,8.157312585267296e-07,0.44356,0.003071563528938531,50000,1.0541653125922064
91,25,26.0,fit,1261,fit,clean,optimum,0.00015079273781200316,0.00016529934840959232,8.330038265655417e-07,0.37758,0.0031366018482190047,50000,1.0962023158945153
91,21,10.0,fit,1262,fit,clean,optimum,0.00014381084371875919,0.0001534493806610688,8.120586930975029e-07,0.4222,0.003057734810335266,50000,1.0670223238600771
91,23,20.0,fit,1262,fit,clean,optimum,0.00014600680951083514,0.00015919111761138432,8.222191432329984e-07,0.40058,0.0030959930819750596,50000,1.0902992685390525
91,17,6.0,fit,1275,fit,clean,optimum,0.00013793665184595044,0.00014520061333096705,8.068672757021925e-07,0.45326,0.0030381869896918203,50000,1.0526615760771771
91,13,4.0,fit,1276,fit,clean,optimum,0.0001340450121959605,0.00013925703918905855,7.896268038345009e-07,0.47564,0.0029732695256900936,50000,1.0388826626795973
91,27,30.0,fit,1255,fit,clean,optimum,0.0001506297729184041,0.00017019655605824254,8.367374380245729e-07,0.35914,0.003150660430220017,50000,1.1298998382639647
91,15,5.0,fit,1276,fit,clean,optimum,0.00013501468101453237,0.0001403777667529037,7.992720794199598e-07,0.47142,0.0030095879533648695,50000,1.0397222413005152
91,25,26.0,fit,1262,fit,clean,optimum,0.00015079273781200316,0.0001664678795188147,8.228694923262244e-07,0.37318,0.0030984419136643577,50000,1.1039515691157096
91,19,8.0,fit,1275,fit,clean,optimum,0.00014018360451731562,0.00014945512886954494,8.176881951472035e-07,0.43724,0.003078932199795582,50000,1.0661384359758284
91,29,40.0,fit,1255,fit,clean,optimum,0.0001475165656732347,0.0001671743096893901,8.39942072315104e-07,0.37052,0.003162727195723351,50000,1.13325787464236
91,21,10.0,fit,1263,fit,clean,optimum,0.00014381084371875919,0.00015160628841152254,8.154139636194606e-07,0.42914,0.003070368783175268,50000,1.0542062371041252
91,23,20.0,fit,1263,fit,clean,optimum,0.00014600680951083514,0.00015768265017947902,8.301249205028168e-07,0.40626,0.003125761583397627,50000,1.0799677816929314
91,17,6.0,fit,1276,fit,clean,optimum,0.00013793665184595044,0.00014379837599990018,7.95667161685017e-07,0.45854,0.0029960139561400084,50000,1.0424957694383954
91,13,4.0,fit,1277,fit,clean,optimum,0.0001340450121959605,0.00013922517015880706,8.025339496919082e-07,0.47576,0.0030218702358674925,50000,1.038644913958258
91,27,30.0,fit,1256,fit,clean,optimum,0.0001506297729184041,0.0001709720357943629,8.352692927580976e-07,0.35622,0.0031451322597489807,50000,1.1350480883150382
91,15,5.0,fit,1277,fit,clean,optimum,0.00013501468101453237,0.0001409195402671795,8.02723261657031e-07,0.46938,0.003022583073240812,50000,1.0437349420690891
91,25,26.0,fit,1263,fit,clean,optimum,0.00015079273781200316,0.00016489567402640638,8.327259839269139e-07,0.3791,0.003135555656465688,50000,1.0935253011453754
91,19,8.0,fit,1276,fit,clean,optimum,0.00014018360451731562,0.00014874338719392767,8.139015739942799e-07,0.43992,0.003064674014505204,50000,1.0610612254270773
91,21,10.0,fit,1264,fit,clean,optimum,0.00014381084371875919,0.0001539539736400512,8.335026997724798e-07,0.4203,0.0031384803109259056,50000,1.0705310507817354
91,29,40.0,fit,1256,fit,clean,optimum,0.0001475165656732347,0.00016757267256753408,8.281038397700678e-07,0.36902,0.003118151383588729,50000,1.1359583366299746
91,23,20.0,fit,1264,fit,clean,optimum,0.00014600680951083514,0.00016010469647859455,8.466515206168825e-07,0.39714,0.003187991026779993,50000,1.0965563662064215
91,17,6.0,fit,1277,fit,clean,optimum,0.00013793665184595044,0.0001446641513217331,8.057808571352788e-07,0.45528,0.0030340961771694206,50000,1.0487723849009765
91,13,4.0,fit,1278,fit,clean,optimum,0.0001340450121959605,0.00013852936299831552,8.046886973222801e-07,0.47838,0.0030299837464953312,50000,1.03345406687568
91,27,30.0,fit,1257,fit,clean,optimum,0.0001506297729184041,0.00017019655605824254,8.368255239300324e-07,0.35914,0.003150992109865482,50000,1.1298998382639647
91,15,5.0,fit,1278,fit,clean,optimum,0.00013501468101453237,0.00013979350119829248,8.051545404339424e-07,0.47362,0.003031737837315111,50000,1.0353948189030329
91,25,26.0,fit,1264,fit,clean,optimum,0.00015079273781200316,0.00016660597864990464,8.473511688269936e-07,0.37266,0.0031906254899108353,50000,1.104867389950942
91,21,10.0,fit,1265,fit,clean,optimum,0.00014381084371875919,0.0001526739009249485,8.276438831951376e-07,0.42512,0.0031164194579996534,50000,1.0616299645910026
91,23,20.0,fit,1265,fit,clean,optimum,0.00014600680951083514,0.00015764015813914367,8.309304111959777e-07,0.40642,0.0031287945869881485,50000,1.0796767538944492
91,29,40.0,fit,1257,fit,clean,optimum,0.0001475165656732347,0.0001672964743053542,8.549917449368353e-07,0.37006,0.003219395399944018,50000,1.1340860163185615
91,19,8.0,fit,1277,fit,clean,optimum,0.00014018360451731562,0.00014925329167795202,8.226830943806842e-07,0.438,0.0030977400487726967,50000,1.064698629999317
91,17,6.0,fit,1278,fit,clean,optimum,0.00013793665184595044,0.00014342125914192384,8.104604776974817e-07,0.45996,0.0030517168723406384,50000,1.0397617835620563
91,13,4.0,fit,1279,fit,clean,optimum,0.0001340450121959605,0.00013798227797899777,7.950808818018327e-07,0.48044,0.0029938063713648567,50000,1.0293727138260196
91,27,30.0,fit,1258,fit,clean,optimum,0.0001506297729184041,0.00016954855244312832,8.529013380094111e-07,0.36158,0.0032115241585127245,50000,1.1255978758925202
91,15,5.0,fit,1279,fit,clean,optimum,0.00013501468101453237,0.0001394801224008192,8.019039568948146e-07,0.4748,0.003019498054001443,50000,1.0330737468898379
91,25,26.0,fit,1265,fit,clean,optimum,0.00015079273781200316,0.0001650072156322867,8.340312052221276e-07,0.37868,0.003140470351208186,50000,1.0942650025892167
91,21,10.0,fit,1266,fit,clean,optimum,0.00014381084371875919,0.0001526526549047808,8.137400630371737e-07,0.4252,0.0030640658593558386,50000,1.0614822287206167
91,23,20.0,fit,1266,fit,clean,optimum,0.00014600680951083514,0.00015784730683577854,8.349802144979316e-07,0.40564,0.0031440437612616982,50000,1.0810955144120502
91,19,8.0,fit,1278,fit,clean,optimum,0.00014018360451731562,0.00014778200478134015,8.24730117885271e-07,0.44354,0.0031054479337824293,50000,1.054203202223167
91,29,40.0,fit,1258,fit,clean,optimum,0.0001475165656732347,0.00016673345477091073,8.475591694936803e-07,0.37218,0.0031914086979283186,50000,1.1302693633760668
91,17,6.0,fit,1279,fit,clean,optimum,0.00013793665184595044,0.00014228459706295296,8.131114541555864e-07,0.46424,0.003061698888500587,50000,1.0315213190897106
91,13,4.0,fit,1280,fit,clean,optimum,0.0001340450121959605,0.00013907113651259135,8.012383552555623e-07,0.47634,0.0030169917902061563,50000,1.0374957951384505
91,27,30.0,fit,1259,fit,clean,optimum,0.0001506297729184041,0.00016956448695825405,8.556867373313627e-07,0.36152,0.0032220123320152194,50000,1.1257036618524736
91,25,26.0,fit,1266,fit,clean,optimum,0.00015079273781200316,0.00016559148118689792,8.342249504117235e-07,0.37648,0.00314119988149411,50000,1.098139629199814
91,15,5.0,fit,1280,fit,clean,optimum,0.00013501468101453237,0.00013997940387475968,8.067580548089958e-07,0.47292,0.0030377757281291004,50000,1.0367717260295044
91,23,20.0,fit,1267,fit,clean,optimum,0.00014600680951083514,0.00015999315487271422,8.23473629559332e-07,0.39756,0.0031007167387029845,50000,1.0957924182354053
91,21,10.0,fit,1267,fit,clean,optimum,0.00014381084371875919,0.00015455948521483006,8.326274426591068e-07,0.41802,0.003135184608082869,50000,1.074741523087725
91,19,8.0,fit,1279,fit,clean,optimum,0.00014018360451731562,0.00014732521534773505,8.199004424408014e-07,0.44526,0.003087262220293118,50000,1.0509446939605358
91,29,40.0,fit,1259,fit,clean,optimum,0.0001475165656732347,0.00016697778400283906,8.604311269927385e-07,0.37126,0.0032398769094708806,50000,1.1319256467284704
91,17,6.0,fit,1280,fit,clean,optimum,0.00013793665184595044,0.00014360716181839104,8.135809912299017e-07,0.45926,0.003063466888608314,50000,1.0411095230785614
91,13,4.0,fit,1281,fit,clean,optimum,0.0001340450121959605,0.00013934733477477117,7.846566444362135e-07,0.4753,0.00295455483236283,50000,1.0395562840567256
91,27,30.0,fit,1260,fit,clean,optimum,0.0001506297729184041,0.00016811444608180992,8.416101049166881e-07,0.36698,0.0031690080241831547,50000,1.1160771394966997
91,25,26.0,fit,1267,fit,clean,optimum,0.00015079273781200316,0.00016626604232722176,8.162843560676143e-07,0.37394,0.0030736461685539297,50000,1.1026130617411398
91,15,5.0,fit,1281,fit,clean,optimum,0.00013501468101453237,0.00014044681631844862,7.932645214349844e-07,0.47116,0.002986967027892477,50000,1.04023366394749
91,23,20.0,fit,1268,fit,clean,optimum,0.00014600680951083514,0.0001592229866416358,8.370025114523964e-07,0.40046,0.0031516585406453352,50000,1.090517539387914
91,21,10.0,fit,1268,fit,clean,optimum,0.00014381084371875919,0.0001540867612660992,8.136448796012423e-07,0.4198,0.003063707454590409,50000,1.0714543999716455
91,19,8.0,fit,1280,fit,clean,optimum,0.00014018360451731562,0.00014799446498301694,8.138963812188773e-07,0.44274,0.0030646544615711047,50000,1.0557187874616
91,29,40.0,fit,1260,fit,clean,optimum,0.0001475165656732347,0.00016464603328943619,8.294904332698645e-07,0.38004,0.0031233724781329427,50000,1.1161189425609672
91,17,6.0,fit,1281,fit,clean,optimum,0.00013793665184595044,0.000144271099948631,7.982131194482621e-07,0.45676,0.0030056005337414666,50000,1.045922878494651
91,13,4.0,fit,1282,fit,clean,optimum,0.0001340450121959605,0.00013795040894874625,7.905668251080119e-07,0.48056,0.002976809092220077,50000,1.0291349651046802
91,25,26.0,fit,1268,fit,clean,optimum,0.00015079273781200316,0.00016584112192386815,8.268101463196927e-07,0.37554,0.003113280095921053,50000,1.0997951514788873
91,27,30.0,fit,1261,fit,clean,optimum,0.0001506297729184041,0.00016874651518179837,8.446048161927787e-07,0.3646,0.00318028434323945,50000,1.1202733159081908
91,15,5.0,fit,1282,fit,clean,optimum,0.00013501468101453237,0.00013936858079493887,7.959818845085687e-07,0.47522,0.002997199016950712,50000,1.0322476026139549
91,23,20.0,fit,1269,fit,clean,optimum,0.00014600680951083514,0.0001583678343298867,8.461945955221505e-07,0.40368,0.0031862705159600812,50000,1.0846606049434582
91,21,10.0,fit,1269,fit,clean,optimum,0.00014381084371875919,0.00015313600186359552,8.407731309020409e-07,0.42338,0.0031658564729446954,50000,1.0648432197718893
91,19,8.0,fit,1281,fit,clean,optimum,0.00014018360451731562,0.00014889742084014333,8.1857280947629e-07,0.43934,0.0030822631364024566,50000,1.0621600247249412
91,17,6.0,fit,1282,fit,clean,optimum,0.00013793665184595044,0.00014314506087974397,8.130936009734062e-07,0.461,0.0030616316639303785,50000,1.0377594277089628
91,29,40.0,fit,1261,fit,clean,optimum,0.0001475165656732347,0.00016628197684234752,8.387830916171265e-07,0.37388,0.0031583631569477855,50000,1.1272088397901037
91,13,4.0,fit,1283,fit,clean,optimum,0.0001340450121959605,0.00014069114555037695,8.028630489303723e-07,0.47024,0.00302310942979037,50000,1.0495813551398725
91,25,26.0,fit,1269,fit,clean,optimum,0.00015079273781200316,0.0001650284616524544,8.377372890635222e-07,0.3786,0.0031544252804124135,50000,1.0944058981023292
91,27,30.0,fit,1262,fit,clean,optimum,0.0001506297729184041,0.00016969727458430208,8.227521333352018e-07,0.36102,0.0030980000088178168,50000,1.1265852115187533
91,15,5.0,fit,1283,fit,clean,optimum,0.00013501468101453237,0.0001422952200730368,8.011154208360127e-07,0.4642,0.0030165288915791973,50000,1.0539240548049793
91,21,10.0,fit,1270,fit,clean,optimum,0.00014381084371875919,0.00015458604274003966,8.403860794288309e-07,0.41792,0.0031643990650343,50000,1.0749261929257072
91,23,20.0,fit,1270,fit,clean,optimum,0.00014600680951083514,0.00016003033540800768,8.415633586971222e-07,0.39742,0.0031688320054494923,50000,1.0960470675590774
91,19,8.0,fit,1282,fit,clean,optimum,0.00014018360451731562,0.00014793603842755583,8.122178135112978e-07,0.44296,0.003058333964106331,50000,1.055302001521031
91,17,6.0,fit,1283,fit,clean,optimum,0.00013793665184595044,0.00014506782570491904,8.054225802711216e-07,0.45376,0.0030327471174911203,50000,1.0516989049939591
91,29,40.0,fit,1262,fit,clean,optimum,0.0001475165656732347,0.00016665378219528194,8.27362422302447e-07,0.37248,0.003115359642032355,50000,1.129729270978544
91,27,30.0,fit,1263,fit,clean,optimum,0.0001506297729184041,0.00016828441424315135,8.374431364745223e-07,0.36634,0.003153317674991056,50000,1.1172055230695377
91,25,26.0,fit,1270,fit,clean,optimum,0.00015079273781200316,0.00016716368667930623,8.327194928306498e-07,0.37056,0.0031355312148198164,50000,1.1085658971701484
91,19,8.0,fit,1283,fit,clean,optimum,0.00014018360451731562,0.00014895053589056257,8.232886477547049e-07,0.43914,0.0031000202061640253,50000,1.0625389210345497
91,21,10.0,fit,1271,fit,clean,optimum,0.00014381084371875919,0.00015187186366361855,8.192701931904361e-07,0.42814,0.0030848890727750745,50000,1.0560529354839454
91,23,20.0,fit,1271,fit,clean,optimum,0.00014600680951083514,0.00015768265017947902,8.24661494876506e-07,0.40626,0.00310518953994406,50000,1.0799677816929314
91,29,40.0,fit,1263,fit,clean,optimum,0.0001475165656732347,0.00016528341389446656,8.341206410917344e-07,0.37764,0.003140807114023625,50000,1.1204396817411502
91,27,30.0,fit,1264,fit,clean,optimum,0.0001506297729184041,0.00017009563746244605,8.552026272211751e-07,0.35952,0.003220189458436575,50000,1.129229860517592
91,25,26.0,fit,1271,fit,clean,optimum,0.00015079273781200316,0.00016435921201717247,8.307535386671265e-07,0.38112,0.003128128589206144,50000,1.0899676894392816
91,21,10.0,fit,1272,fit,clean,optimum,0.00014381084371875919,0.00015288104962158337,8.180482533790002e-07,0.42434,0.0030802879670553513,50000,1.0630703893272622
91,23,20.0,fit,1272,fit,clean,optimum,0.00014600680951083514,0.0001573798943920896,8.112984426025443e-07,0.4074,0.0030548721546888587,50000,1.0778942086287453
91,29,40.0,fit,1264,fit,clean,optimum,0.0001475165656732347,0.0001669671609927552,8.428724541161712e-07,0.3713,0.0031737612878608517,50000,1.1318536344088006
91,27,30.0,fit,1265,fit,clean,optimum,0.0001506297729184041,0.0001681410036070195,8.369634918387336e-07,0.36688,0.0031515116157592444,50000,1.1162534494299556
91,25,26.0,fit,1272,fit,clean,optimum,0.00015079273781200316,0.0001642370474012083,8.105629286374628e-07,0.38158,0.003052102642246428,50000,1.089157540238884
91,23,20.0,fit,1273,fit,clean,optimum,0.00014600680951083514,0.00015797478295678465,8.391378426348985e-07,0.40516,0.0031596989403649984,50000,1.0819685978074973
91,21,10.0,fit,1273,fit,clean,optimum,0.00014381084371875919,0.00015262078587452928,8.282243612620371e-07,0.42532,0.0031186051965514127,50000,1.0612606249150383
91,29,40.0,fit,1265,fit,clean,optimum,0.0001475165656732347,0.0001650072156322867,8.348330220093474e-07,0.37868,0.0031434895210325263,50000,1.1185673614297373
91,27,30.0,fit,1266,fit,clean,optimum,0.0001506297729184041,0.0001690970745145651,8.293743179327302e-07,0.36328,0.003122935256154547,50000,1.122600607027169
91,25,26.0,fit,1273,fit,clean,optimum,0.00015079273781200316,0.0001659101714894131,8.390811052352877e-07,0.37528,0.003159485300731173,50000,1.1002530618965032
91,23,20.0,fit,1274,fit,clean,optimum,0.00014600680951083514,0.00015843688389543167,8.271729447318016e-07,0.40342,0.003114646181086164,50000,1.085133525115992
91,21,10.0,fit,1274,fit,clean,optimum,0.00014381084371875919,0.00015314662487367933,8.221347404095691e-07,0.42334,0.0030956752706475235,50000,1.064917087707082
91,29,40.0,fit,1266,fit,clean,optimum,0.0001475165656732347,0.00016608013965075457,8.4163676331035e-07,0.37464,0.0031691084039943435,50000,1.125840605716379
91,27,30.0,fit,1267,fit,clean,optimum,0.0001506297729184041,0.0001702815401389133,8.269271290939436e-07,0.35882,0.003113720584156789,50000,1.1304640300503839
91,25,26.0,fit,1274,fit,clean,optimum,0.00015079273781200316,0.00016560210419698176,8.32073968162557e-07,0.37644,0.003133100549074427,50000,1.0982100769563703
91,23,20.0,fit,1275,fit,clean,optimum,0.00014600680951083514,0.00015903177246012672,8.272193781551196e-07,0.40118,0.0031148210220133645,50000,1.089207914294744
91,21,10.0,fit,1275,fit,clean,optimum,0.00014381084371875919,0.00015381056300391936,8.210285575349683e-07,0.42084,0.003091510037381734,50000,1.0695338336566325
91,29,40.0,fit,1267,fit,clean,optimum,0.0001475165656732347,0.00016704152206334206,8.396060647261099e-07,0.37102,0.00316146198902076,50000,1.1323577206464885
91,27,30.0,fit,1268,fit,clean,optimum,0.0001506297729184041,0.0001692511081607808,8.339105118114284e-07,0.3627,0.003140015890900809,50000,1.1236232046400536
91,25,26.0,fit,1275,fit,clean,optimum,0.00015079273781200316,0.0001669459149725875,8.299943153461765e-07,0.37138,0.003125269801292142,50000,1.1071217181607438
91,23,20.0,fit,1276,fit,clean,optimum,0.00014600680951083514,0.00015893085386433026,8.300589158362651e-07,0.40156,0.00312551304869407,50000,1.0885167232733486
91,21,10.0,fit,1276,fit,clean,optimum,0.00014381084371875919,0.000152838557581248,8.198859641236994e-07,0.4245,0.0030872077034773088,50000,1.0627749175864907
91,29,40.0,fit,1268,fit,clean,optimum,0.0001475165656732347,0.00016554367764152063,8.317250113063008e-07,0.37666,0.0031317865830572545,50000,1.1222039835730582
91,27,30.0,fit,1269,fit,clean,optimum,0.0001506297729184041,0.00016897490989860098,8.447390606676022e-07,0.36374,0.003180789828873989,50000,1.121789581334192
91,25,26.0,fit,1276,fit,clean,optimum,0.00015079273781200316,0.00016508688820791553,8.304123457084902e-07,0.37838,0.0031268438574551865,50000,1.094793360763389
91,21,10.0,fit,1277,fit,clean,optimum,0.00014381084371875919,0.0001537096444081229,8.251958911572247e-07,0.42122,0.0031072017616269963,50000,1.068832088272301
91,23,20.0,fit,1277,fit,clean,optimum,0.00014600680951083514,0.00015924954416684543,8.370727156873697e-07,0.40036,0.0031519228884504084,50000,1.0906994317619656
91,29,40.0,fit,1269,fit,clean,optimum,0.0001475165656732347,0.0001658783024591616,8.381721444792742e-07,0.3754,0.0031560626898182974,50000,1.1244723716426546
91,27,30.0,fit,1270,fit,clean,optimum,0.0001506297729184041,0.00017079675612797953,8.499308435970387e-07,0.35688,0.0032003390259036867,50000,1.133884442755549
91,25,26.0,fit,1277,fit,clean,optimum,0.00015079273781200316,0.00016631384587259903,8.305469900600295e-07,0.37376,0.003127350848789946,50000,1.1029300766456434
91,21,10.0,fit,1278,fit,clean,optimum,0.00014381084371875919,0.00015240301416781057,8.21346436664402e-07,0.42614,0.003092706982981615,50000,1.0597463322435858
91,23,20.0,fit,1278,fit,clean,optimum,0.00014600680951083514,0.00015749674750301182,8.330111837716014e-07,0.40696,0.0031366295511243082,50000,1.0786945350745714
91,29,40.0,fit,1270,fit,clean,optimum,0.0001475165656732347,0.0001673230318305638,8.535953318017689e-07,0.36996,0.00321413733043624,50000,1.134266047117736
91,27,30.0,fit,1271,fit,clean,optimum,0.0001506297729184041,0.00016791260889021696,8.332148340797304e-07,0.36774,0.003137396378253424,50000,1.1147371840039548
91,25,26.0,fit,1278,fit,clean,optimum,0.00015079273781200316,0.00016527279088438272,8.342316117062024e-07,0.37768,0.0031412249640062275,50000,1.0960261965031246
91,21,10.0,fit,1279,fit,clean,optimum,0.00014381084371875919,0.00015233927610730752,8.272053962792882e-07,0.42638,0.0031147683745030223,50000,1.059303124632429
91,23,20.0,fit,1279,fit,clean,optimum,0.00014600680951083514,0.00015790573339123968,8.295824263421914e-07,0.40542,0.003123718869867869,50000,1.0814956776349636
91,29,40.0,fit,1271,fit,clean,optimum,0.0001475165656732347,0.00016503908466253823,8.388611263344618e-07,0.37856,0.003158656989738,50000,1.1187833983887465
91,27,30.0,fit,1272,fit,clean,optimum,0.0001506297729184041,0.00016834284079861246,8.200664868218759e-07,0.36612,0.003087887445647378,50000,1.1175934049227008
91,25,26.0,fit,1279,fit,clean,optimum,0.00015079273781200316,0.00016577738386336512,8.377225554685541e-07,0.37578,0.0031543698023704957,50000,1.0993724649395495
91,21,10.0,fit,1280,fit,clean,optimum,0.00014381084371875919,0.00015327410099468544,8.233991841013383e-07,0.42286,0.0031004364209497068,50000,1.0658035029293957
91,23,20.0,fit,1280,fit,clean,optimum,0.00014600680951083514,0.00015837845733997056,8.310321538645309e-07,0.40364,0.003129177689960847,50000,1.0847333618930788
91,29,40.0,fit,1272,fit,clean,optimum,0.0001475165656732347,0.0001646407217843942,8.230834659251225e-07,0.38006,0.003099247612227041,50000,1.116082936401132
91,27,30.0,fit,1273,fit,clean,optimum,0.0001506297729184041,0.00016892179484818178,8.505271993691623e-07,0.36394,0.003202584550542813,50000,1.1214369614676802
91,25,26.0,fit,1280,fit,clean,optimum,0.00015079273781200316,0.0001655649236616883,8.392651123241344e-07,0.37658,0.0031601781630645216,50000,1.097963509808423
91,21,10.0,fit,1281,fit,clean,optimum,0.00014381084371875919,0.00015382649751904514,8.255712795327534e-07,0.42078,0.0031086152531800155,50000,1.0696446355594218
91,23,20.0,fit,1281,fit,clean,optimum,0.00014600680951083514,0.00015988692477187584,8.361836602739578e-07,0.39796,0.0031485752293353548,50000,1.0950648487391998
91,29,40.0,fit,1273,fit,clean,optimum,0.0001475165656732347,0.00016626604232722176,8.387646035422669e-07,0.37394,0.0031582935417456396,50000,1.127100821310599
91,25,26.0,fit,1281,fit,clean,optimum,0.00015079273781200316,0.00016711057162888704,8.306671907276119e-07,0.37076,0.0031278034537169253,50000,1.1082136583873667
91,27,30.0,fit,1274,fit,clean,optimum,0.0001506297729184041,0.00016941576481708032,8.348492839443818e-07,0.36208,0.003143550753903082,50000,1.1247163262262405
91,21,10.0,fit,1282,fit,clean,optimum,0.00014381084371875919,0.00015205776634008575,8.097965310980549e-07,0.42744,0.0030492168404506687,50000,1.0573456243498196
91,23,20.0,fit,1282,fit,clean,optimum,0.00014600680951083514,0.00015775701125006592,8.159061684850349e-07,0.40598,0.0030722221368356326,50000,1.0804770803402755
91,29,40.0,fit,1274,fit,clean,optimum,0.0001475165656732347,0.00016643069898352128,8.441370442380871e-07,0.37332,0.003178522989532733,50000,1.1282170122654798
91,27,30.0,fit,1275,fit,clean,optimum,0.0001506297729184041,0.00017042495077504514,8.323757174294487e-07,0.35828,0.003134236759110981,50000,1.131416103689966
91,25,26.0,fit,1282,fit,clean,optimum,0.00015079273781200316,0.00016493285456169984,8.266592181762207e-07,0.37896,0.00311271178941553,50000,1.0937718682933226
91,21,10.0,fit,1283,fit,clean,optimum,0.00014381084371875919,0.00015452761618457857,8.382859650348599e-07,0.41814,0.003156491271000796,50000,1.074519919282147
91,23,20.0,fit,1283,fit,clean,optimum,0.00014600680951083514,0.0001594726273786061,8.402349316310944e-07,0.39952,0.003163829931440173,50000,1.0922273277039976
91,29,40.0,fit,1275,fit,clean,optimum,0.0001475165656732347,0.00016671220875074302,8.236529663541892e-07,0.37226,0.0031013920154595413,50000,1.1301253387367272
91,27,30.0,fit,1276,fit,clean,optimum,0.0001506297729184041,0.00016873058066667264,8.50883371043232e-07,0.36466,0.0032039256833150073,50000,1.1201675299482374
91,25,26.0,fit,1283,fit,clean,optimum,0.00015079273781200316,0.00016728053979022848,8.237120959485077e-07,0.37012,0.003101614662689853,50000,1.1093408224922678
91,29,40.0,fit,1276,fit,clean,optimum,0.0001475165656732347,0.00016586767944907775,8.397708611416983e-07,0.37544,0.0031620825152719368,50000,1.1244003593229845
91,27,30.0,fit,1277,fit,clean,optimum,0.0001506297729184041,0.00016996816134144,8.433304025628147e-07,0.36,0.003175485652021402,50000,1.1283835728379639
91,29,40.0,fit,1277,fit,clean,optimum,0.0001475165656732347,0.00016644663349864707,8.371625372682176e-07,0.37326,0.003152261103627233,50000,1.1283250307449846
91,27,30.0,fit,1278,fit,clean,optimum,0.0001506297729184041,0.00016852343197003777,8.400773804668287e-07,0.36544,0.0031632366865386916,50000,1.1187923124688413
91,29,40.0,fit,1278,fit,clean,optimum,0.0001475165656732347,0.00016591548299445505,8.411024947698761e-07,0.37526,0.0031670966633059426,50000,1.1247244147614985
91,27,30.0,fit,1279,fit,clean,optimum,0.0001506297729184041,0.00016918737010027774,8.482830129380408e-07,0.36294,0.003194134266062577,50000,1.1232000608002393
91,29,40.0,fit,1279,fit,clean,optimum,0.0001475165656732347,0.00016570302279277823,8.363441804690228e-07,0.37606,0.0031491796538583405,50000,1.1232841683681039
91,27,30.0,fit,1280,fit,clean,optimum,0.0001506297729184041,0.0001696760285641344,8.425867925182655e-07,0.3611,0.003172685654511542,50000,1.1264441635721487
91,29,40.0,fit,1280,fit,clean,optimum,0.0001475165656732347,0.00016673345477091073,8.50307662953657e-07,0.37218,0.0032017579056887735,50000,1.1302693633760668
91,27,30.0,fit,1281,fit,clean,optimum,0.0001506297729184041,0.00017054180388596736,8.445143966611115e-07,0.35784,0.003179943876531978,50000,1.132191867396292
91,29,40.0,fit,1281,fit,clean,optimum,0.0001475165656732347,0.00016797634695072002,8.32163646577639e-07,0.3675,0.003133438225173289,50000,1.138694804777424
91,27,30.0,fit,1282,fit,clean,optimum,0.0001506297729184041,0.00016880494173725954,8.343062966930343e-07,0.36438,0.0031415061836840494,50000,1.120661197761354
91,29,40.0,fit,1282,fit,clean,optimum,0.0001475165656732347,0.0001655649236616883,8.380372428786972e-07,0.37658,0.003155554729835158,50000,1.1223480082123976
91,27,30.0,fit,1283,fit,clean,optimum,0.0001506297729184041,0.0001703452781994163,8.418817325029506e-07,0.35858,0.0031700308137093576,50000,1.130887173890198
91,29,40.0,fit,1283,fit,clean,optimum,0.0001475165656732347,0.00016786480534483966,8.42664568672028e-07,0.36792,0.0031729785137036117,50000,1.1379386754208916
