channel,wp,vbias,gen,seed,train,nps,filter,BI_analytic,BI_mc,sigma_BI,rp,sigma_rp,nsim,ratio
31,15,5.0,fit,1234,APsimfit10000led_npsclean,clean,likelihood,,7.381929707260415e-05,5.874281692526118e-07,0.72204,0.0022119085442504583,50000,
31,13,4.0,fit,1234,APsimfit10000led_npsclean,clean,likelihood,,7.790915595488254e-05,6.082442064563474e-07,0.70664,0.002290289481628656,50000,
31,9,2.0,fit,1234,APsimfit10000led_npsclean,clean,likelihood,,6.704181663911424e-05,5.744774864977065e-07,0.74756,0.00216314389975631,50000,
31,11,3.0,fit,1234,APsimfit10000led_npsclean,clean,likelihood,,6.868838320210944e-05,5.7467814198029e-07,0.74136,0.002163899450136098,50000,
31,21,10.0,fit,1234,APsimfit10000led_npsclean,clean,likelihood,,6.369556846270465e-05,5.404715409076632e-07,0.76016,0.002035097535037993,50000,
31,17,6.0,fit,1234,APsimfit10000led_npsclean,clean,likelihood,,6.942137089789439e-05,5.685617315319085e-07,0.7386,0.002140868650390606,50000,
31,1,0.6,fit,1234,APsimfit10000led_npsclean,clean,likelihood,,9.231926913361152e-05,6.792493756419544e-07,0.65238,0.0025576531332686817,50000,
31,19,8.0,fit,1234,APsimfit10000led_npsclean,clean,likelihood,,6.369025695766273e-05,5.395066603333391e-07,0.76018,0.002031464363020989,50000,
31,23,20.0,fit,1234,APsimfit10000led_npsclean,clean,likelihood,,5.4421680659512314e-05,5.004054731152545e-07,0.79508,0.0018842323189600819,50000,
31,7,1.8,fit,1234,APsimfit10000led_npsclean,clean,likelihood,,6.627695991307776e-05,5.693117350277476e-07,0.75044,0.002143692721872869,50000,
31,3,1.0,fit,1234,APsimfit10000led_npsclean,clean,likelihood,,5.0857660776384e-05,4.82711701620748e-07,0.8085,0.0018176079955155523,50000,
31,5,1.4,fit,1234,APsimfit10000led_npsclean,clean,likelihood,,4.852591006298112e-05,4.727136363197234e-07,0.81728,0.0017799611695326458,50000,
31,15,5.0,fit,1235,APsimfit10000led_npsclean,clean,likelihood,,7.169469505583615e-05,5.862438013580688e-07,0.73004,0.0022074489122433506,50000,
31,13,4.0,fit,1235,APsimfit10000led_npsclean,clean,likelihood,,7.583766898853377e-05,6.006806555788887e-07,0.71444,0.0022618096032598514,50000,
31,21,10.0,fit,1235,APsimfit10000led_npsclean,clean,likelihood,,6.244205327281152e-05,5.36516072487676e-07,0.76488,0.002020203570375362,50000,
31,17,6.0,fit,1235,APsimfit10000led_npsclean,clean,likelihood,,6.744549102230015e-05,5.606083441246541e-07,0.74604,0.002110920877228446,50000,
31,9,2.0,fit,1235,APsimfit10000led_npsclean,clean,likelihood,,6.56767598433408e-05,5.642623013059282e-07,0.7527,0.002124679528128468,50000,
31,19,8.0,fit,1235,APsimfit10000led_npsclean,clean,likelihood,,6.224021608121857e-05,5.386638339511169e-07,0.76564,0.0020282907752127485,50000,
31,11,3.0,fit,1235,APsimfit10000led_npsclean,clean,likelihood,,6.735519543658751e-05,5.669942806957739e-07,0.74638,0.0021349665536260776,50000,
31,23,20.0,fit,1235,APsimfit10000led_npsclean,clean,likelihood,,5.291852473264896e-05,4.954672073933726e-07,0.80074,0.0018656377184357198,50000,
31,1,0.6,fit,1235,APsimfit10000led_npsclean,clean,likelihood,,9.115604952943103e-05,6.731963077177503e-07,0.65676,0.0025348608441663222,50000,
31,7,1.8,fit,1235,APsimfit10000led_npsclean,clean,likelihood,,6.500219870301696e-05,5.582906639385816e-07,0.75524,0.0021021938585481263,50000,
31,3,1.0,fit,1235,APsimfit10000led_npsclean,clean,likelihood,,5.037431381756927e-05,4.806096353153526e-07,0.81032,0.0018096928517331203,50000,
31,5,1.4,fit,1235,APsimfit10000led_npsclean,clean,likelihood,,4.785134892265728e-05,4.6956822589804514e-07,0.81982,0.0017681174062420014,50000,
31,21,10.0,fit,1236,APsimfit10000led_npsclean,clean,likelihood,,6.251641434339841e-05,5.373851194154033e-07,0.7646,0.0020234758893164853,50000,
31,17,6.0,fit,1236,APsimfit10000led_npsclean,clean,likelihood,,6.810411764749824e-05,5.662962617726219e-07,0.74356,0.002132338225430423,50000,
31,19,8.0,fit,1236,APsimfit10000led_npsclean,clean,likelihood,,6.269169400978177e-05,5.367828499733489e-07,0.76394,0.0020212080972790074,50000,
31,23,20.0,fit,1236,APsimfit10000led_npsclean,clean,likelihood,,5.3454986741882884e-05,4.96591924746038e-07,0.79872,0.0018698727416307985,50000,
31,13,4.0,fit,1236,APsimfit10000led_npsclean,clean,likelihood,,7.677249387591167e-05,6.02197554555932e-07,0.71092,0.0022675213514934366,50000,
31,15,5.0,fit,1236,APsimfit10000led_npsclean,clean,likelihood,,7.256047037766912e-05,5.872263868416647e-07,0.72678,0.0022111487505221098,50000,
31,11,3.0,fit,1236,APsimfit10000led_npsclean,clean,likelihood,,6.886897437353472e-05,5.766136677028754e-07,0.74068,0.0021711875001607507,50000,
31,9,2.0,fit,1236,APsimfit10000led_npsclean,clean,likelihood,,6.674437235676671e-05,5.661182711342903e-07,0.74868,0.0021316680175065793,50000,
31,1,0.6,fit,1236,APsimfit10000led_npsclean,clean,likelihood,,9.223428505294082e-05,6.757027029461035e-07,0.6527,0.002544298452560071,50000,
31,7,1.8,fit,1236,APsimfit10000led_npsclean,clean,likelihood,,6.577236693409535e-05,5.635204942487214e-07,0.75234,0.0021218863196071458,50000,
31,3,1.0,fit,1236,APsimfit10000led_npsclean,clean,likelihood,,5.141005730074367e-05,4.835301580521873e-07,0.80642,0.0018206898204408033,50000,
31,5,1.4,fit,1236,APsimfit10000led_npsclean,clean,likelihood,,4.936512785960449e-05,4.7566049074946416e-07,0.81412,0.001791057287888868,50000,
31,17,6.0,fit,1237,APsimfit10000led_npsclean,clean,likelihood,,6.843874246513921e-05,5.642598509990809e-07,0.7423,0.002124670301715886,50000,
31,21,10.0,fit,1237,APsimfit10000led_npsclean,clean,likelihood,,6.248454531314689e-05,5.373354103690592e-07,0.76472,0.002023288714322009,50000,
31,19,8.0,fit,1237,APsimfit10000led_npsclean,clean,likelihood,,6.284041615095553e-05,5.397711517498709e-07,0.76338,0.0020324602819345333,50000,
31,23,20.0,fit,1237,APsimfit10000led_npsclean,clean,likelihood,,5.277511409651712e-05,4.938056683971072e-07,0.80128,0.0018593813410694104,50000,
31,13,4.0,fit,1237,APsimfit10000led_npsclean,clean,likelihood,,7.61722938061747e-05,6.066954606449154e-07,0.71318,0.0022844578169716185,50000,
31,15,5.0,fit,1237,APsimfit10000led_npsclean,clean,likelihood,,7.29853907810227e-05,5.852740616982593e-07,0.72518,0.0022037974437719623,50000,
31,11,3.0,fit,1237,APsimfit10000led_npsclean,clean,likelihood,,6.74826715575936e-05,5.685003487981402e-07,0.7459,0.0021406375191640186,50000,
31,9,2.0,fit,1237,APsimfit10000led_npsclean,clean,likelihood,,6.48747225820109e-05,5.628447940507322e-07,0.75572,0.0021193420305867785,50000,
31,1,0.6,fit,1237,APsimfit10000led_npsclean,clean,likelihood,,9.108699996388607e-05,6.764424911153386e-07,0.65702,0.002547084059138231,50000,
31,7,1.8,fit,1237,APsimfit10000led_npsclean,clean,likelihood,,6.441262164336383e-05,5.588118906070662e-07,0.75746,0.0021041564912270784,50000,
31,3,1.0,fit,1237,APsimfit10000led_npsclean,clean,likelihood,,5.0448674888156166e-05,4.812761496437945e-07,0.81004,0.0018122025521784052,50000,
31,5,1.4,fit,1237,APsimfit10000led_npsclean,clean,likelihood,,4.761233119577088e-05,4.684803564311194e-07,0.82072,0.001764021130484603,50000,
31,19,8.0,fit,1238,APsimfit10000led_npsclean,clean,likelihood,,6.288290819129087e-05,5.378412368726677e-07,0.76322,0.0020251933590493183,50000,
31,17,6.0,fit,1238,APsimfit10000led_npsclean,clean,likelihood,,6.869900621219328e-05,5.667673032446497e-07,0.74132,0.0021341118902139834,50000,
31,21,10.0,fit,1238,APsimfit10000led_npsclean,clean,likelihood,,6.306349936271616e-05,5.404713991045009e-07,0.76254,0.002035097001090793,50000,
31,23,20.0,fit,1238,APsimfit10000led_npsclean,clean,likelihood,,5.417203992254209e-05,5.004540761748516e-07,0.79602,0.0018844153294597936,50000,
31,13,4.0,fit,1238,APsimfit10000led_npsclean,clean,likelihood,,7.700620009775616e-05,6.052284074301032e-07,0.71004,0.002278933758524027,50000,
31,15,5.0,fit,1238,APsimfit10000led_npsclean,clean,likelihood,,7.297476777093889e-05,5.891395810199082e-07,0.72522,0.0022183527131019965,50000,
31,11,3.0,fit,1238,APsimfit10000led_npsclean,clean,likelihood,,6.763670520380928e-05,5.690681260723837e-07,0.74532,0.002142775434010234,50000,
31,9,2.0,fit,1238,APsimfit10000led_npsclean,clean,likelihood,,6.635132098366463e-05,5.728660444400787e-07,0.75016,0.002157076157958421,50000,
31,1,0.6,fit,1238,APsimfit10000led_npsclean,clean,likelihood,,9.185716819496446e-05,6.751727592221544e-07,0.65412,0.002542302996583783,50000,
31,19,8.0,fit,1239,APsimfit10000led_npsclean,clean,likelihood,,6.215523200054785e-05,5.337656302852384e-07,0.76596,0.0020098470247984293,50000,
31,7,1.8,fit,1238,APsimfit10000led_npsclean,clean,likelihood,,6.529964298536447e-05,5.598771285297639e-07,0.75412,0.0021081675499168115,50000,
31,17,6.0,fit,1239,APsimfit10000led_npsclean,clean,likelihood,,6.775886981977344e-05,5.613764973505289e-07,0.74486,0.0021138132899055024,50000,
31,21,10.0,fit,1239,APsimfit10000led_npsclean,clean,likelihood,,6.188434524340992e-05,5.326484424976161e-07,0.76698,0.002005640353511082,50000,
31,5,1.4,fit,1238,APsimfit10000led_npsclean,clean,likelihood,,4.900394551675392e-05,4.742684624948828e-07,0.81548,0.0017858157292587056,50000,
31,3,1.0,fit,1238,APsimfit10000led_npsclean,clean,likelihood,,5.174999362342657e-05,4.862422596307107e-07,0.80514,0.0018309019978071757,50000,
31,23,20.0,fit,1239,APsimfit10000led_npsclean,clean,likelihood,,5.302475483348735e-05,4.946347665513115e-07,0.80034,0.0018625032364555988,50000,
31,13,4.0,fit,1239,APsimfit10000led_npsclean,clean,likelihood,,7.631039293726464e-05,6.01028477155358e-07,0.71266,0.002263119294481922,50000,
31,15,5.0,fit,1239,APsimfit10000led_npsclean,clean,likelihood,,7.241174823649537e-05,5.831330721416141e-07,0.72734,0.0021957357379475385,50000,
31,11,3.0,fit,1239,APsimfit10000led_npsclean,clean,likelihood,,6.805100259707905e-05,5.726132656723774e-07,0.74376,0.002156124341982699,50000,
31,9,2.0,fit,1239,APsimfit10000led_npsclean,clean,likelihood,,6.603263068114943e-05,5.628175501649469e-07,0.75136,0.0021192394461570538,50000,
31,19,8.0,fit,1240,APsimfit10000led_npsclean,clean,likelihood,,6.203837888962561e-05,5.346830449930532e-07,0.7664,0.002013301468315189,50000,
31,17,6.0,fit,1240,APsimfit10000led_npsclean,clean,likelihood,,6.705775115423998e-05,5.627544575236776e-07,0.7475,0.0021190018764257953,50000,
31,21,10.0,fit,1240,APsimfit10000led_npsclean,clean,likelihood,,6.237831521230848e-05,5.353100697726084e-07,0.76512,0.0020156624743750775,50000,
31,1,0.6,fit,1239,APsimfit10000led_npsclean,clean,likelihood,,9.031683173280769e-05,6.712606695984258e-07,0.65992,0.0025275723709217413,50000,
31,23,20.0,fit,1240,APsimfit10000led_npsclean,clean,likelihood,,5.297163978306815e-05,4.943158798228666e-07,0.80054,0.0018613024968312244,50000,
31,7,1.8,fit,1239,APsimfit10000led_npsclean,clean,likelihood,,6.410455435093249e-05,5.563721693026943e-07,0.75862,0.0020949699375662355,50000,
31,5,1.4,fit,1239,APsimfit10000led_npsclean,clean,likelihood,,4.8286892336094716e-05,4.716172342066425e-07,0.81818,0.001775832764854771,50000,
31,13,4.0,fit,1240,APsimfit10000led_npsclean,clean,likelihood,,7.679373989607935e-05,6.039459004706201e-07,0.71084,0.0022741045925932365,50000,
31,3,1.0,fit,1239,APsimfit10000led_npsclean,clean,likelihood,,5.0655823584791045e-05,4.810683155718508e-07,0.80926,0.001811419971458615,50000,
31,15,5.0,fit,1240,APsimfit10000led_npsclean,clean,likelihood,,7.210368094406399e-05,5.88154654798377e-07,0.7285,0.002214644060982652,50000,
31,11,3.0,fit,1240,APsimfit10000led_npsclean,clean,likelihood,,6.800851055674367e-05,5.74055254986385e-07,0.74392,0.002161554024540193,50000,
31,9,2.0,fit,1240,APsimfit10000led_npsclean,clean,likelihood,,6.566613683325697e-05,5.655440347904932e-07,0.75274,0.0021295057816082224,50000,
31,19,8.0,fit,1241,APsimfit10000led_npsclean,clean,likelihood,,6.164532751652351e-05,5.338427922281573e-07,0.76788,0.0020101375712341754,50000,
31,21,10.0,fit,1241,APsimfit10000led_npsclean,clean,likelihood,,6.155503193081088e-05,5.322900527298003e-07,0.76822,0.0020042908687040928,50000,
31,17,6.0,fit,1241,APsimfit10000led_npsclean,clean,likelihood,,6.71108662046592e-05,5.595333880816408e-07,0.7473,0.0021068732258206838,50000,
31,1,0.6,fit,1240,APsimfit10000led_npsclean,clean,likelihood,,8.987597681432833e-05,6.735330111923945e-07,0.66158,0.0025361286711644586,50000,
31,23,20.0,fit,1241,APsimfit10000led_npsclean,clean,likelihood,,5.281760613685246e-05,4.939712399562204e-07,0.80112,0.001860004786054613,50000,
31,13,4.0,fit,1241,APsimfit10000led_npsclean,clean,likelihood,,7.674593635070208e-05,6.056760328473544e-07,0.71102,0.0022806192522352004,50000,
31,15,5.0,fit,1241,APsimfit10000led_npsclean,clean,likelihood,,7.230551813565694e-05,5.8251179612452e-07,0.72774,0.0021933963783415857,50000,
31,7,1.8,fit,1240,APsimfit10000led_npsclean,clean,likelihood,,6.444449067361535e-05,5.549437380669816e-07,0.75734,0.0020895913067471394,50000,
31,11,3.0,fit,1241,APsimfit10000led_npsclean,clean,likelihood,,6.81466096878336e-05,5.691398435341587e-07,0.7434,0.0021430454797362907,50000,
31,5,1.4,fit,1240,APsimfit10000led_npsclean,clean,likelihood,,4.806912062937601e-05,4.711675864794667e-07,0.819,0.0017741396563153756,50000,
31,9,2.0,fit,1241,APsimfit10000led_npsclean,clean,likelihood,,6.623446787274238e-05,5.672153369633456e-07,0.7506,0.002135798921347946,50000,
31,3,1.0,fit,1240,APsimfit10000led_npsclean,clean,likelihood,,5.083641475621633e-05,4.818594893891332e-07,0.80858,0.0018143990661259014,50000,
31,19,8.0,fit,1242,APsimfit10000led_npsclean,clean,likelihood,,6.23305116669312e-05,5.348869790990612e-07,0.7653,0.002014069364059986,50000,
31,21,10.0,fit,1242,APsimfit10000led_npsclean,clean,likelihood,,6.220834705096704e-05,5.34779718943818e-07,0.76576,0.0020136654854817047,50000,
31,17,6.0,fit,1242,APsimfit10000led_npsclean,clean,likelihood,,6.800851055674367e-05,5.626141272018935e-07,0.74392,0.002118473475075607,50000,
31,23,20.0,fit,1242,APsimfit10000led_npsclean,clean,likelihood,,5.309911590407424e-05,4.950437386067223e-07,0.80006,0.0018640431843693556,50000,
31,13,4.0,fit,1242,APsimfit10000led_npsclean,clean,likelihood,,7.64113115330611e-05,6.025975838834888e-07,0.71228,0.0022690276263605397,50000,
31,15,5.0,fit,1242,APsimfit10000led_npsclean,clean,likelihood,,7.266670047850751e-05,5.838075843626423e-07,0.72638,0.00219827555374628,50000,
31,1,0.6,fit,1241,APsimfit10000led_npsclean,clean,likelihood,,9.148536284203009e-05,6.643947441925586e-07,0.65552,0.002501719339241721,50000,
31,11,3.0,fit,1242,APsimfit10000led_npsclean,clean,likelihood,,6.751454058784512e-05,5.722138386515929e-07,0.74578,0.002154620335048197,50000,
31,9,2.0,fit,1242,APsimfit10000led_npsclean,clean,likelihood,,6.593702359039486e-05,5.682397294732759e-07,0.75172,0.0021396561802673876,50000,
31,7,1.8,fit,1241,APsimfit10000led_npsclean,clean,likelihood,,6.513498632906496e-05,5.617422342322183e-07,0.75474,0.002115190439616565,50000,
31,5,1.4,fit,1241,APsimfit10000led_npsclean,clean,likelihood,,4.845154899239425e-05,4.7271662890885996e-07,0.81756,0.0017799724378609744,50000,
31,3,1.0,fit,1241,APsimfit10000led_npsclean,clean,likelihood,,5.1123236028479996e-05,4.834236552511386e-07,0.8075,0.0018202887936124067,50000,
31,19,8.0,fit,1243,APsimfit10000led_npsclean,clean,likelihood,,6.208087092996095e-05,5.346474791723467e-07,0.76624,0.002013167548379405,50000,
31,21,10.0,fit,1243,APsimfit10000led_npsclean,clean,likelihood,,6.186841072828415e-05,5.320199042757184e-07,0.76704,0.002003273648718609,50000,
31,17,6.0,fit,1243,APsimfit10000led_npsclean,clean,likelihood,,6.722240781053952e-05,5.597534808644655e-07,0.74688,0.0021077019656263983,50000,
31,13,4.0,fit,1243,APsimfit10000led_npsclean,clean,likelihood,,7.641662303810304e-05,6.026032305395631e-07,0.71226,0.0022690488883419543,50000,
31,23,20.0,fit,1243,APsimfit10000led_npsclean,clean,likelihood,,5.293445924777473e-05,4.931772017373119e-07,0.80068,0.0018570149057376719,50000,
31,15,5.0,fit,1243,APsimfit10000led_npsclean,clean,likelihood,,7.190715525751296e-05,5.815758303759212e-07,0.72924,0.0021898720825300902,50000,
31,11,3.0,fit,1243,APsimfit10000led_npsclean,clean,likelihood,,6.82793973138816e-05,5.731200475573092e-07,0.7429,0.00215803258411344,50000,
31,1,0.6,fit,1242,APsimfit10000led_npsclean,clean,likelihood,,9.155972391261694e-05,6.739974281851284e-07,0.65524,0.002537877392060207,50000,
31,9,2.0,fit,1243,APsimfit10000led_npsclean,clean,likelihood,,6.628758292316162e-05,5.662569793741159e-07,0.7504,0.0021321903110513686,50000,
31,7,1.8,fit,1242,APsimfit10000led_npsclean,clean,likelihood,,6.438606411815423e-05,5.582357110385674e-07,0.75756,0.002101986938288876,50000,
31,5,1.4,fit,1242,APsimfit10000led_npsclean,clean,likelihood,,4.8701189729364476e-05,4.7458307555009574e-07,0.81662,0.0017870003767464888,50000,
31,3,1.0,fit,1242,APsimfit10000led_npsclean,clean,likelihood,,5.0698315625126385e-05,4.82469426841778e-07,0.8091,0.0018166957313755097,50000,
31,19,8.0,fit,1244,APsimfit10000led_npsclean,clean,likelihood,,6.25960869190272e-05,5.378107793531901e-07,0.7643,0.0020250786739676426,50000,
31,21,10.0,fit,1244,APsimfit10000led_npsclean,clean,likelihood,,6.229333113163776e-05,5.357638256311389e-07,0.76544,0.0020173710517178436,50000,
31,17,6.0,fit,1244,APsimfit10000led_npsclean,clean,likelihood,,6.78491654054861e-05,5.661340188140384e-07,0.74452,0.002131727313994576,50000,
31,13,4.0,fit,1244,APsimfit10000led_npsclean,clean,likelihood,,7.637944250280959e-05,6.063079328286519e-07,0.7124,0.002282998615433806,50000,
31,15,5.0,fit,1244,APsimfit10000led_npsclean,clean,likelihood,,7.227896061044735e-05,5.83540928559479e-07,0.72784,0.0021972714850273054,50000,
31,23,20.0,fit,1244,APsimfit10000led_npsclean,clean,likelihood,,5.261576894525951e-05,4.939011108724905e-07,0.80188,0.0018597407212248653,50000,
31,11,3.0,fit,1244,APsimfit10000led_npsclean,clean,likelihood,,6.807224861724671e-05,5.751235356129291e-07,0.74368,0.0021655765402607383,50000,
31,9,2.0,fit,1244,APsimfit10000led_npsclean,clean,likelihood,,6.592108907526911e-05,5.634408996249955e-07,0.75178,0.002121586613128106,50000,
31,1,0.6,fit,1243,APsimfit10000led_npsclean,clean,likelihood,,9.126759113531135e-05,6.750269260309552e-07,0.65634,0.0025417538746680614,50000,
31,7,1.8,fit,1243,APsimfit10000led_npsclean,clean,likelihood,,6.47472464610048e-05,5.588540620146378e-07,0.7562,0.0021043152839129134,50000,
31,19,8.0,fit,1245,APsimfit10000led_npsclean,clean,likelihood,,6.197464082912255e-05,5.342135098098984e-07,0.76664,0.0020115334753284587,50000,
31,5,1.4,fit,1243,APsimfit10000led_npsclean,clean,likelihood,,4.833469588147201e-05,4.7146994607334796e-07,0.818,0.0017752781644839455,50000,
31,21,10.0,fit,1245,APsimfit10000led_npsclean,clean,likelihood,,6.184185320307455e-05,5.33116885478526e-07,0.76714,0.0020074042339073644,50000,
31,3,1.0,fit,1243,APsimfit10000led_npsclean,clean,likelihood,,5.0815168736048626e-05,4.820719289087265e-07,0.80866,0.0018151989882493548,50000,
31,17,6.0,fit,1245,APsimfit10000led_npsclean,clean,likelihood,,6.753047510297087e-05,5.614882128483327e-07,0.74572,0.00211423394468008,50000,
31,13,4.0,fit,1245,APsimfit10000led_npsclean,clean,likelihood,,7.680967441120512e-05,6.042967345508833e-07,0.71078,0.002275425627130507,50000,
31,23,20.0,fit,1245,APsimfit10000led_npsclean,clean,likelihood,,5.249360432929535e-05,4.905460489888412e-07,0.80234,0.0018471075339938636,50000,
31,15,5.0,fit,1245,APsimfit10000led_npsclean,clean,likelihood,,7.217804201465089e-05,5.837242823980231e-07,0.72822,0.0021979618876047185,50000,
31,11,3.0,fit,1245,APsimfit10000led_npsclean,clean,likelihood,,6.827408580883967e-05,5.743614786651148e-07,0.74292,0.0021627070825767114,50000,
31,9,2.0,fit,1245,APsimfit10000led_npsclean,clean,likelihood,,6.631945195341313e-05,5.686907103344204e-07,0.75028,0.002141354308604216,50000,
31,1,0.6,fit,1244,APsimfit10000led_npsclean,clean,likelihood,,9.158628143782658e-05,6.747276339457942e-07,0.65514,0.002540626916930852,50000,
31,19,8.0,fit,1246,APsimfit10000led_npsclean,clean,likelihood,,6.290946571650047e-05,5.391255812986079e-07,0.76312,0.0020300294437966874,50000,
31,21,10.0,fit,1246,APsimfit10000led_npsclean,clean,likelihood,,6.2808547120704e-05,5.355132599423174e-07,0.7635,0.0020164275688938833,50000,
31,17,6.0,fit,1246,APsimfit10000led_npsclean,clean,likelihood,,6.8518415040768e-05,5.64562039159527e-07,0.742,0.002125808164367098,50000,
31,7,1.8,fit,1244,APsimfit10000led_npsclean,clean,likelihood,,6.458790130974718e-05,5.564915877899031e-07,0.7568,0.0020954195972625596,50000,
31,5,1.4,fit,1244,APsimfit10000led_npsclean,clean,likelihood,,4.8541844578106895e-05,4.728273449114454e-07,0.81722,0.0017803893291251703,50000,
31,3,1.0,fit,1244,APsimfit10000led_npsclean,clean,likelihood,,5.0831103251174404e-05,4.815453844504405e-07,0.8086,0.0018132163319056994,50000,
31,23,20.0,fit,1246,APsimfit10000led_npsclean,clean,likelihood,,5.376836553935615e-05,4.970949612732339e-07,0.79754,0.0018717668809499774,50000,
31,13,4.0,fit,1246,APsimfit10000led_npsclean,clean,likelihood,,7.695839655237888e-05,6.004288476657757e-07,0.71022,0.002260861442950765,50000,
31,15,5.0,fit,1246,APsimfit10000led_npsclean,clean,likelihood,,7.294821024572928e-05,5.873359420165432e-07,0.72532,0.002211561270792782,50000,
31,11,3.0,fit,1246,APsimfit10000led_npsclean,clean,likelihood,,6.853434955589374e-05,5.759640480922582e-07,0.74194,0.002168741415273359,50000,
31,9,2.0,fit,1246,APsimfit10000led_npsclean,clean,likelihood,,6.636194399374847e-05,5.639935122411962e-07,0.75012,0.002123667426802721,50000,
31,19,8.0,fit,1247,APsimfit10000led_npsclean,clean,likelihood,,6.174624611232e-05,5.353687403719003e-07,0.7675,0.002015883393300425,50000,
31,1,0.6,fit,1245,APsimfit10000led_npsclean,clean,likelihood,,9.128883715547905e-05,6.775182040645425e-07,0.65626,0.002551134560608959,50000,
31,21,10.0,fit,1247,APsimfit10000led_npsclean,clean,likelihood,,6.211273996021247e-05,5.387341928079404e-07,0.76612,0.0020285557052326514,50000,
31,17,6.0,fit,1247,APsimfit10000led_npsclean,clean,likelihood,,6.731270339625217e-05,5.645363835999714e-07,0.74654,0.002125711560638576,50000,
31,7,1.8,fit,1245,APsimfit10000led_npsclean,clean,likelihood,,6.542180760132864e-05,5.657293612023439e-07,0.75366,0.002130203611735044,50000,
31,23,20.0,fit,1247,APsimfit10000led_npsclean,clean,likelihood,,5.2477669814169596e-05,4.924347613629792e-07,0.8024,0.001854219312517019,50000,
31,5,1.4,fit,1245,APsimfit10000led_npsclean,clean,likelihood,,4.8701189729364476e-05,4.7271828632596686e-07,0.81662,0.0017799786787177328,50000,
31,3,1.0,fit,1245,APsimfit10000led_npsclean,clean,likelihood,,5.114448204864767e-05,4.836686027638413e-07,0.80742,0.0018212111216936928,50000,
31,13,4.0,fit,1247,APsimfit10000led_npsclean,clean,likelihood,,7.612980176583936e-05,5.995039887350466e-07,0.71334,0.002257378968874473,50000,
31,15,5.0,fit,1247,APsimfit10000led_npsclean,clean,likelihood,,7.153003839953664e-05,5.812239391787886e-07,0.73066,0.002188547067513234,50000,
31,11,3.0,fit,1247,APsimfit10000led_npsclean,clean,likelihood,,6.819441323321088e-05,5.728522423533004e-07,0.74322,0.0021570241874277734,50000,
31,9,2.0,fit,1247,APsimfit10000led_npsclean,clean,likelihood,,6.628227141811968e-05,5.699488352787412e-07,0.75042,0.0021460916662246693,50000,
31,19,8.0,fit,1248,APsimfit10000led_npsclean,clean,likelihood,,6.235175768709888e-05,5.386968586621915e-07,0.76522,0.002028415126826138,50000,
31,21,10.0,fit,1248,APsimfit10000led_npsclean,clean,likelihood,,6.240487273751807e-05,5.37293963882298e-07,0.76502,0.0020231326512610342,50000,
31,17,6.0,fit,1248,APsimfit10000led_npsclean,clean,likelihood,,6.739237597188096e-05,5.633151090922851e-07,0.74624,0.002121112960060971,50000,
31,1,0.6,fit,1246,APsimfit10000led_npsclean,clean,likelihood,,9.214930097227007e-05,6.801137088198984e-07,0.65302,0.002560907703004086,50000,
31,23,20.0,fit,1248,APsimfit10000led_npsclean,clean,likelihood,,5.303006633852927e-05,4.976876842401503e-07,0.80032,0.001873998726584081,50000,
31,7,1.8,fit,1246,APsimfit10000led_npsclean,clean,likelihood,,6.5331512015616e-05,5.66127721957158e-07,0.754,0.0021317036037398337,50000,
31,13,4.0,fit,1248,APsimfit10000led_npsclean,clean,likelihood,,7.595983360449793e-05,5.963639146205675e-07,0.71398,0.002245555298974146,50000,
31,5,1.4,fit,1246,APsimfit10000led_npsclean,clean,likelihood,,4.8398433941975025e-05,4.715295873126885e-07,0.81776,0.0017755027382680983,50000,
31,15,5.0,fit,1248,APsimfit10000led_npsclean,clean,likelihood,,7.217804201465089e-05,5.855663660275102e-07,0.72822,0.00220489808973556,50000,
31,3,1.0,fit,1246,APsimfit10000led_npsclean,clean,likelihood,,5.088952980663552e-05,4.834460717110584e-07,0.80838,0.0018203732007992318,50000,
31,11,3.0,fit,1248,APsimfit10000led_npsclean,clean,likelihood,,6.734457242650368e-05,5.704189636086234e-07,0.74642,0.002147861892652666,50000,
31,19,8.0,fit,1249,APsimfit10000led_npsclean,clean,likelihood,,6.15337859106432e-05,5.314037720757635e-07,0.7683,0.0020009536576987676,50000,
31,9,2.0,fit,1248,APsimfit10000led_npsclean,clean,likelihood,,6.548554566183168e-05,5.625514046485274e-07,0.75342,0.0021182372988774447,50000,
31,21,10.0,fit,1249,APsimfit10000led_npsclean,clean,likelihood,,6.154440892072702e-05,5.322525536645378e-07,0.76826,0.0020041496693078142,50000,
31,17,6.0,fit,1249,APsimfit10000led_npsclean,clean,likelihood,,6.70630626592819e-05,5.583875872678257e-07,0.74748,0.0021025588147271343,50000,
31,1,0.6,fit,1247,APsimfit10000led_npsclean,clean,likelihood,,9.143755929665281e-05,6.70846109209806e-07,0.6557,0.002526011380636133,50000,
31,23,20.0,fit,1249,APsimfit10000led_npsclean,clean,likelihood,,5.262639195534336e-05,4.939598854127419e-07,0.80184,0.0018599620315306545,50000,
31,7,1.8,fit,1247,APsimfit10000led_npsclean,clean,likelihood,,6.518278987444223e-05,5.569018826379444e-07,0.75456,0.0020969645260343604,50000,
31,13,4.0,fit,1249,APsimfit10000led_npsclean,clean,likelihood,,7.563052029189889e-05,5.992776869867746e-07,0.71522,0.0022565268497613928,50000,
31,15,5.0,fit,1249,APsimfit10000led_npsclean,clean,likelihood,,7.13122666928179e-05,5.80192093295925e-07,0.73148,0.0021846617435806763,50000,
31,5,1.4,fit,1247,APsimfit10000led_npsclean,clean,likelihood,,4.8148793205004806e-05,4.7095774367683046e-07,0.8187,0.0017733495118987552,50000,
31,3,1.0,fit,1247,APsimfit10000led_npsclean,clean,likelihood,,5.0857660776384e-05,4.822723476013746e-07,0.8085,0.0018159536470176937,50000,
31,19,8.0,fit,1250,APsimfit10000led_npsclean,clean,likelihood,,6.239956123247614e-05,5.371316972400363e-07,0.76504,0.0020225216506464024,50000,
31,21,10.0,fit,1250,APsimfit10000led_npsclean,clean,likelihood,,6.232520016188927e-05,5.33949583017445e-07,0.76532,0.002010539682456682,50000,
31,11,3.0,fit,1249,APsimfit10000led_npsclean,clean,likelihood,,6.731270339625217e-05,5.703719331414349e-07,0.74654,0.002147684803609853,50000,
31,17,6.0,fit,1250,APsimfit10000led_npsclean,clean,likelihood,,6.780667336515071e-05,5.645894113750348e-07,0.74468,0.002125911232010983,50000,
31,9,2.0,fit,1249,APsimfit10000led_npsclean,clean,likelihood,,6.620259884249087e-05,5.703800278333572e-07,0.75072,0.0021477152834526035,50000,
31,23,20.0,fit,1250,APsimfit10000led_npsclean,clean,likelihood,,5.325846105533185e-05,4.969910920727868e-07,0.79946,0.0018713757707104978,50000,
31,1,0.6,fit,1248,APsimfit10000led_npsclean,clean,likelihood,,9.061427601515519e-05,6.652598730797261e-07,0.6588,0.0025049769051494614,50000,
31,13,4.0,fit,1250,APsimfit10000led_npsclean,clean,likelihood,,7.674062484566016e-05,6.019623089903956e-07,0.71104,0.0022666355552316245,50000,
31,15,5.0,fit,1250,APsimfit10000led_npsclean,clean,likelihood,,7.227896061044735e-05,5.823011160398598e-07,0.72784,0.0021926030812139453,50000,
31,7,1.8,fit,1248,APsimfit10000led_npsclean,clean,likelihood,,6.475255796604673e-05,5.57896335850355e-07,0.75618,0.0021007090511908355,50000,
31,19,8.0,fit,1251,APsimfit10000led_npsclean,clean,likelihood,,6.221365855600897e-05,5.345583361791612e-07,0.76574,0.002012831888364091,50000,
31,21,10.0,fit,1251,APsimfit10000led_npsclean,clean,likelihood,,6.208087092996095e-05,5.357502562930519e-07,0.76624,0.0020173199575816998,50000,
31,5,1.4,fit,1248,APsimfit10000led_npsclean,clean,likelihood,,4.762826571089665e-05,4.692056849981236e-07,0.82066,0.001766752290716137,50000,
31,3,1.0,fit,1248,APsimfit10000led_npsclean,clean,likelihood,,5.015123060580864e-05,4.797451237396326e-07,0.81116,0.0018064376102567515,50000,
31,17,6.0,fit,1251,APsimfit10000led_npsclean,clean,likelihood,,6.76207706886835e-05,5.616082117738377e-07,0.74538,0.0021146857899652033,50000,
31,11,3.0,fit,1250,APsimfit10000led_npsclean,clean,likelihood,,6.820503624329473e-05,5.736686934555507e-07,0.74318,0.0021600984614642527,50000,
31,9,2.0,fit,1250,APsimfit10000led_npsclean,clean,likelihood,,6.616541830719745e-05,5.674219595454211e-07,0.75086,0.0021365769403103485,50000,
31,23,20.0,fit,1251,APsimfit10000led_npsclean,clean,likelihood,,5.2945082257858554e-05,4.938520954025267e-07,0.80064,0.0018595561578305846,50000,
31,1,0.6,fit,1249,APsimfit10000led_npsclean,clean,likelihood,,9.052929193448447e-05,6.744146388959918e-07,0.65912,0.002539448361898588,50000,
31,13,4.0,fit,1251,APsimfit10000led_npsclean,clean,likelihood,,7.646973808852223e-05,5.992629552230937e-07,0.71206,0.0022564713786150242,50000,
31,15,5.0,fit,1251,APsimfit10000led_npsclean,clean,likelihood,,7.21621074995251e-05,5.861880458915922e-07,0.72828,0.0022072389699914407,50000,
31,19,8.0,fit,1252,APsimfit10000led_npsclean,clean,likelihood,,6.214992049550591e-05,5.367845622715169e-07,0.76598,0.002021214544785522,50000,
31,21,10.0,fit,1252,APsimfit10000led_npsclean,clean,likelihood,,6.226146210138623e-05,5.393680394621497e-07,0.76556,0.002030942398455031,50000,
31,7,1.8,fit,1249,APsimfit10000led_npsclean,clean,likelihood,,6.455603227949567e-05,5.562020556472447e-07,0.75692,0.0020943293897211063,50000,
31,17,6.0,fit,1252,APsimfit10000led_npsclean,clean,likelihood,,6.846529999034881e-05,5.658234206818088e-07,0.7422,0.0021305577843423276,50000,
31,5,1.4,fit,1249,APsimfit10000led_npsclean,clean,likelihood,,4.8031940094082565e-05,4.6994064777273545e-07,0.81914,0.0017695197276998596,50000,
31,11,3.0,fit,1251,APsimfit10000led_npsclean,clean,likelihood,,6.809880614245631e-05,5.741324340777482e-07,0.74358,0.002161844635546881,50000,
31,3,1.0,fit,1249,APsimfit10000led_npsclean,clean,likelihood,,5.0448674888156166e-05,4.806237530377412e-07,0.81004,0.0018097460107615964,50000,
31,9,2.0,fit,1251,APsimfit10000led_npsclean,clean,likelihood,,6.611761476182015e-05,5.640858530496883e-07,0.75104,0.0021240151279072602,50000,
31,23,20.0,fit,1252,APsimfit10000led_npsclean,clean,likelihood,,5.3269084065415674e-05,4.964853687295362e-07,0.79942,0.0018694715144243449,50000,
31,1,0.6,fit,1250,APsimfit10000led_npsclean,clean,likelihood,,9.145880531682048e-05,6.74604283561381e-07,0.65562,0.002540162452025181,50000,
31,13,4.0,fit,1252,APsimfit10000led_npsclean,clean,likelihood,,7.65387876540672e-05,6.00271445324455e-07,0.7118,0.0022602687584288507,50000,
31,15,5.0,fit,1252,APsimfit10000led_npsclean,clean,likelihood,,7.313411292219646e-05,5.858923384698154e-07,0.72462,0.002206125509985499,50000,
31,19,8.0,fit,1253,APsimfit10000led_npsclean,clean,likelihood,,6.159752397114624e-05,5.354279978522752e-07,0.76806,0.0020161065220743123,50000,
31,21,10.0,fit,1253,APsimfit10000led_npsclean,clean,likelihood,,6.20914939400448e-05,5.364096062945346e-07,0.7662,0.0020198026813907856,50000,
31,17,6.0,fit,1253,APsimfit10000led_npsclean,clean,likelihood,,6.705775115423998e-05,5.629268773774721e-07,0.7475,0.002119651108055752,50000,
31,7,1.8,fit,1250,APsimfit10000led_npsclean,clean,likelihood,,6.481629602654977e-05,5.624059290159346e-07,0.75594,0.0021176895233168654,50000,
31,11,3.0,fit,1252,APsimfit10000led_npsclean,clean,likelihood,,6.778011583994112e-05,5.744591696843359e-07,0.74478,0.0021630749294240742,50000,
31,9,2.0,fit,1252,APsimfit10000led_npsclean,clean,likelihood,,6.645223957946112e-05,5.679703387488147e-07,0.74978,0.0021386418134454227,50000,
31,5,1.4,fit,1250,APsimfit10000led_npsclean,clean,likelihood,,4.87065012344064e-05,4.748650031221252e-07,0.8166,0.001788061949953346,50000,
31,3,1.0,fit,1250,APsimfit10000led_npsclean,clean,likelihood,,5.104356345285121e-05,4.835131998780943e-07,0.8078,0.0018206259659439739,50000,
31,23,20.0,fit,1253,APsimfit10000led_npsclean,clean,likelihood,,5.305662386373887e-05,4.965251434369636e-07,0.80022,0.0018696212825488722,50000,
31,13,4.0,fit,1253,APsimfit10000led_npsclean,clean,likelihood,,7.585360350365952e-05,6.042379752414953e-07,0.71438,0.00227520437417518,50000,
31,19,8.0,fit,1254,APsimfit10000led_npsclean,clean,likelihood,,6.169313106190079e-05,5.360318558364185e-07,0.7677,0.0020183802956257914,50000,
31,1,0.6,fit,1251,APsimfit10000led_npsclean,clean,likelihood,,9.134195220589824e-05,6.702781892480091e-07,0.65606,0.002523872928512621,50000,
31,21,10.0,fit,1254,APsimfit10000led_npsclean,clean,likelihood,,6.166657353669119e-05,5.353428164767034e-07,0.7678,0.002015785779177903,50000,
31,15,5.0,fit,1253,APsimfit10000led_npsclean,clean,likelihood,,7.179030214659072e-05,5.806295542855038e-07,0.72968,0.002186308964043149,50000,
31,17,6.0,fit,1254,APsimfit10000led_npsclean,clean,likelihood,,6.696745556852737e-05,5.614004997264643e-07,0.74784,0.002113903668718084,50000,
31,11,3.0,fit,1253,APsimfit10000led_npsclean,clean,likelihood,,6.74295565071744e-05,5.72914839848724e-07,0.7461,0.0021572598927313722,50000,
31,9,2.0,fit,1253,APsimfit10000led_npsclean,clean,likelihood,,6.587859703493375e-05,5.672740101751593e-07,0.75194,0.002136019850110512,50000,
31,23,20.0,fit,1254,APsimfit10000led_npsclean,clean,likelihood,,5.280167162172672e-05,4.932345118430165e-07,0.80118,0.0018572307018453749,50000,
31,7,1.8,fit,1251,APsimfit10000led_npsclean,clean,likelihood,,6.526246245007102e-05,5.606988858414583e-07,0.75426,0.0021112618040131886,50000,
31,5,1.4,fit,1251,APsimfit10000led_npsclean,clean,likelihood,,4.846748350752e-05,4.7326105009796263e-07,0.8175,0.0017820224074451354,50000,
31,3,1.0,fit,1251,APsimfit10000led_npsclean,clean,likelihood,,5.1186974088983046e-05,4.82797054681679e-07,0.80726,0.0018179293848779167,50000,
31,19,8.0,fit,1255,APsimfit10000led_npsclean,clean,likelihood,,6.243143026272767e-05,5.374211642189374e-07,0.76492,0.002023611612819521,50000,
31,21,10.0,fit,1255,APsimfit10000led_npsclean,clean,likelihood,,6.212336297029632e-05,5.349114861712452e-07,0.76608,0.00201416164326142,50000,
31,13,4.0,fit,1254,APsimfit10000led_npsclean,clean,likelihood,,7.578455393811454e-05,6.006830263003351e-07,0.71464,0.0022618185300006814,50000,
31,15,5.0,fit,1254,APsimfit10000led_npsclean,clean,likelihood,,7.133351271298558e-05,5.809379678761568e-07,0.7314,0.0021874702679983136,50000,
31,17,6.0,fit,1255,APsimfit10000led_npsclean,clean,likelihood,,6.767388573910272e-05,5.656077747201442e-07,0.74518,0.002129745788646333,50000,
31,1,0.6,fit,1252,APsimfit10000led_npsclean,clean,likelihood,,9.2021824851264e-05,6.809916706445912e-07,0.6535,0.002564213590197127,50000,
31,23,20.0,fit,1255,APsimfit10000led_npsclean,clean,likelihood,,5.321065750995455e-05,4.955999976568057e-07,0.79964,0.001866137728366559,50000,
31,11,3.0,fit,1254,APsimfit10000led_npsclean,clean,likelihood,,6.789696895086335e-05,5.731413783056747e-07,0.74434,0.002158112903149936,50000,
31,9,2.0,fit,1254,APsimfit10000led_npsclean,clean,likelihood,,6.542180760132864e-05,5.620548768286454e-07,0.75366,0.00211636766751698,50000,
31,7,1.8,fit,1252,APsimfit10000led_npsclean,clean,likelihood,,6.506593676352e-05,5.615227889171509e-07,0.755,0.002114364137793125,50000,
31,5,1.4,fit,1252,APsimfit10000led_npsclean,clean,likelihood,,4.877555079995137e-05,4.7413512639860363e-07,0.81634,0.0017853136640428135,50000,
31,3,1.0,fit,1252,APsimfit10000led_npsclean,clean,likelihood,,5.1091366998228474e-05,4.837003240764342e-07,0.80762,0.0018213305654759821,50000,
31,19,8.0,fit,1256,APsimfit10000led_npsclean,clean,likelihood,,6.384429060387838e-05,5.430729935110022e-07,0.7596,0.002044893073525889,50000,
31,21,10.0,fit,1256,APsimfit10000led_npsclean,clean,likelihood,,6.391334016942336e-05,5.41159774243919e-07,0.75934,0.002037689016476207,50000,
31,17,6.0,fit,1256,APsimfit10000led_npsclean,clean,likelihood,,6.906550006008575e-05,5.671543922839362e-07,0.73994,0.0021355694395761003,50000,
31,13,4.0,fit,1255,APsimfit10000led_npsclean,clean,likelihood,,7.6220097351552e-05,6.031581610150324e-07,0.713,0.002271138429709569,50000,
31,15,5.0,fit,1255,APsimfit10000led_npsclean,clean,likelihood,,7.244892877178882e-05,5.877706842904366e-07,0.7272,0.0022131982541730567,50000,
31,1,0.6,fit,1253,APsimfit10000led_npsclean,clean,likelihood,,9.142162478152703e-05,6.679172507636569e-07,0.65576,0.002514983024556138,50000,
31,23,20.0,fit,1256,APsimfit10000led_npsclean,clean,likelihood,,5.449073022505728e-05,5.016170472286334e-07,0.79482,0.0018887943935653653,50000,
31,11,3.0,fit,1255,APsimfit10000led_npsclean,clean,likelihood,,6.771106627439614e-05,5.707171135149974e-07,0.74504,0.002148984549617202,50000,
31,9,2.0,fit,1255,APsimfit10000led_npsclean,clean,likelihood,,6.603263068114943e-05,5.67690951965603e-07,0.75136,0.0021375898073529623,50000,
31,7,1.8,fit,1253,APsimfit10000led_npsclean,clean,likelihood,,6.495439515763968e-05,5.61611817217222e-07,0.75542,0.002114699365941714,50000,
31,19,8.0,fit,1257,APsimfit10000led_npsclean,clean,likelihood,,6.255890638373375e-05,5.362853794082998e-07,0.76444,0.0020193349160954337,50000,
31,5,1.4,fit,1253,APsimfit10000led_npsclean,clean,likelihood,,4.8010694073914895e-05,4.7084301183098217e-07,0.81922,0.0017729174993337937,50000,
31,21,10.0,fit,1257,APsimfit10000led_npsclean,clean,likelihood,,6.284041615095553e-05,5.373901213955112e-07,0.76338,0.0020234947238278655,50000,
31,3,1.0,fit,1253,APsimfit10000led_npsclean,clean,likelihood,,5.096389087722239e-05,4.841707015124936e-07,0.8081,0.0018231017298911414,50000,
31,17,6.0,fit,1257,APsimfit10000led_npsclean,clean,likelihood,,6.736581844667136e-05,5.605742287910897e-07,0.74634,0.002110792418973036,50000,
31,13,4.0,fit,1256,APsimfit10000led_npsclean,clean,likelihood,,7.721866029943296e-05,6.053395089328778e-07,0.70924,0.002279352101354911,50000,
31,15,5.0,fit,1256,APsimfit10000led_npsclean,clean,likelihood,,7.345280322471169e-05,5.887965116545318e-07,0.72342,0.0022170609159082866,50000,
31,1,0.6,fit,1254,APsimfit10000led_npsclean,clean,likelihood,,9.18624797000064e-05,6.767160094945349e-07,0.6541,0.0025481139682771194,50000,
31,23,20.0,fit,1257,APsimfit10000led_npsclean,clean,likelihood,,5.381616908473345e-05,4.984851343680337e-07,0.79736,0.0018770014541409212,50000,
31,11,3.0,fit,1256,APsimfit10000led_npsclean,clean,likelihood,,6.862995664664831e-05,5.764333042546365e-07,0.74158,0.002170508357632163,50000,
31,9,2.0,fit,1256,APsimfit10000led_npsclean,clean,likelihood,,6.706837416432383e-05,5.683135876215245e-07,0.74746,0.002139934286558037,50000,
31,19,8.0,fit,1258,APsimfit10000led_npsclean,clean,likelihood,,6.193746029382911e-05,5.363806242562886e-07,0.76678,0.0020196935521025056,50000,
31,7,1.8,fit,1254,APsimfit10000led_npsclean,clean,likelihood,,6.452416324924414e-05,5.587634850945561e-07,0.75704,0.0021039742245733597,50000,
31,21,10.0,fit,1258,APsimfit10000led_npsclean,clean,likelihood,,6.166657353669119e-05,5.36336087144538e-07,0.7678,0.0020195258515679146,50000,
31,17,6.0,fit,1258,APsimfit10000led_npsclean,clean,likelihood,,6.724365383070719e-05,5.623587239505309e-07,0.7468,0.0021175117768399963,50000,
31,5,1.4,fit,1254,APsimfit10000led_npsclean,clean,likelihood,,4.799475955878912e-05,4.7102006293726525e-07,0.81928,0.0017735841695332409,50000,
31,3,1.0,fit,1254,APsimfit10000led_npsclean,clean,likelihood,,5.0491166928491505e-05,4.802347895542744e-07,0.80988,0.0018082814033465715,50000,
31,13,4.0,fit,1257,APsimfit10000led_npsclean,clean,likelihood,,7.652285313894142e-05,6.049242717139985e-07,0.71186,0.002277788562525136,50000,
31,15,5.0,fit,1257,APsimfit10000led_npsclean,clean,likelihood,,7.16575145205427e-05,5.844945350072897e-07,0.73018,0.0022008622053232845,50000,
31,23,20.0,fit,1258,APsimfit10000led_npsclean,clean,likelihood,,5.222802907719934e-05,4.926155113852493e-07,0.80334,0.0018548999106557525,50000,
31,1,0.6,fit,1255,APsimfit10000led_npsclean,clean,likelihood,,9.206962839664127e-05,6.84653554339087e-07,0.65332,0.0025780020876779546,50000,
31,19,8.0,fit,1259,APsimfit10000led_npsclean,clean,likelihood,,6.248985681818879e-05,5.352153825329908e-07,0.7647,0.002015305937992752,50000,
31,11,3.0,fit,1257,APsimfit10000led_npsclean,clean,likelihood,,6.789165744582143e-05,5.714137634336688e-07,0.74436,0.0021516077229482003,50000,
31,9,2.0,fit,1257,APsimfit10000led_npsclean,clean,likelihood,,6.583079348955648e-05,5.644910068848773e-07,0.75212,0.0021255406986522424,50000,
31,21,10.0,fit,1259,APsimfit10000led_npsclean,clean,likelihood,,6.219772404088319e-05,5.372895862937948e-07,0.7658,0.002023116167840728,50000,
31,17,6.0,fit,1259,APsimfit10000led_npsclean,clean,likelihood,,6.80138220617856e-05,5.659228024195745e-07,0.7439,0.0021309319974400515,50000,
31,7,1.8,fit,1255,APsimfit10000led_npsclean,clean,likelihood,,6.537931556099327e-05,5.591110930207616e-07,0.75382,0.002105283111314357,50000,
31,13,4.0,fit,1258,APsimfit10000led_npsclean,clean,likelihood,,7.660252571457025e-05,6.052186946713299e-07,0.71156,0.002278897185994408,50000,
31,5,1.4,fit,1255,APsimfit10000led_npsclean,clean,likelihood,,4.862151715373568e-05,4.7361315929809063e-07,0.81692,0.0017833482433328887,50000,
31,15,5.0,fit,1258,APsimfit10000led_npsclean,clean,likelihood,,7.20505658936448e-05,5.820821383585422e-07,0.7287,0.0021917785402238137,50000,
31,3,1.0,fit,1255,APsimfit10000led_npsclean,clean,likelihood,,5.085234927134207e-05,4.837325477558454e-07,0.80852,0.0018214519008758622,50000,
31,23,20.0,fit,1259,APsimfit10000led_npsclean,clean,likelihood,,5.30088203183616e-05,4.952872179517335e-07,0.8004,0.0018649599841957312,50000,
31,1,0.6,fit,1256,APsimfit10000led_npsclean,clean,likelihood,,9.303632231427071e-05,6.804612397762638e-07,0.64968,0.0025622162999219935,50000,
31,19,8.0,fit,1260,APsimfit10000led_npsclean,clean,likelihood,,6.243143026272767e-05,5.382278999259628e-07,0.76492,0.0020266493043990578,50000,
31,11,3.0,fit,1258,APsimfit10000led_npsclean,clean,likelihood,,6.790228045590529e-05,5.733247764595454e-07,0.74432,0.0021588034725927713,50000,
31,9,2.0,fit,1258,APsimfit10000led_npsclean,clean,likelihood,,6.531026599544832e-05,5.654711646883636e-07,0.75408,0.0021292313957173895,50000,
31,21,10.0,fit,1260,APsimfit10000led_npsclean,clean,likelihood,,6.190027975853566e-05,5.367619372460623e-07,0.76692,0.002021129352263719,50000,
31,17,6.0,fit,1260,APsimfit10000led_npsclean,clean,likelihood,,6.768450874918655e-05,5.634243315479287e-07,0.74514,0.0021215242275069456,50000,
31,13,4.0,fit,1259,APsimfit10000led_npsclean,clean,likelihood,,7.711243019859454e-05,6.122344909708345e-07,0.70964,0.0023053145431996967,50000,
31,7,1.8,fit,1256,APsimfit10000led_npsclean,clean,likelihood,,6.575643241896961e-05,5.622260566521798e-07,0.7524,0.0021170122299232408,50000,
31,15,5.0,fit,1259,APsimfit10000led_npsclean,clean,likelihood,,7.286853767010047e-05,5.88840733460465e-07,0.72562,0.0022172274291868553,50000,
31,23,20.0,fit,1260,APsimfit10000led_npsclean,clean,likelihood,,5.289727871248128e-05,4.963002816865238e-07,0.80082,0.0018687745856196024,50000,
31,5,1.4,fit,1256,APsimfit10000led_npsclean,clean,likelihood,,4.9338570334394865e-05,4.762512844000882e-07,0.81422,0.0017932818688540045,50000,
31,3,1.0,fit,1256,APsimfit10000led_npsclean,clean,likelihood,,5.121884311923457e-05,4.833265130789831e-07,0.80714,0.0018199230133998726,50000,
31,19,8.0,fit,1261,APsimfit10000led_npsclean,clean,likelihood,,6.203306738458368e-05,5.344693700456308e-07,0.76642,0.0020124968942980843,50000,
31,11,3.0,fit,1259,APsimfit10000led_npsclean,clean,likelihood,,6.80881831323725e-05,5.728713249440504e-07,0.74362,0.0021570960412266474,50000,
31,1,0.6,fit,1257,APsimfit10000led_npsclean,clean,likelihood,,9.1756249599168e-05,6.720872505922328e-07,0.6545,0.002530684788164249,50000,
31,9,2.0,fit,1259,APsimfit10000led_npsclean,clean,likelihood,,6.646817409458687e-05,5.68620901387822e-07,0.74972,0.0021410914492223745,50000,
31,21,10.0,fit,1261,APsimfit10000led_npsclean,clean,likelihood,,6.207555942491902e-05,5.352760804349246e-07,0.76626,0.0020155344905459535,50000,
31,17,6.0,fit,1261,APsimfit10000led_npsclean,clean,likelihood,,6.740299898196481e-05,5.595904360547628e-07,0.7462,0.002107088034891453,50000,
31,13,4.0,fit,1260,APsimfit10000led_npsclean,clean,likelihood,,7.673531334061823e-05,6.057300722987707e-07,0.71106,0.0022808227329849684,50000,
31,15,5.0,fit,1260,APsimfit10000led_npsclean,clean,likelihood,,7.222053405498623e-05,5.885857524361981e-07,0.72806,0.0022162673208098336,50000,
31,7,1.8,fit,1257,APsimfit10000led_npsclean,clean,likelihood,,6.506593676352e-05,5.650566792755852e-07,0.755,0.002127670687746646,50000,
31,23,20.0,fit,1261,APsimfit10000led_npsclean,clean,likelihood,,5.244048927887615e-05,4.924436442134487e-07,0.80254,0.0018542527601007057,50000,
31,5,1.4,fit,1257,APsimfit10000led_npsclean,clean,likelihood,,4.860027113356801e-05,4.739550307341769e-07,0.817,0.001784635529830362,50000,
31,3,1.0,fit,1257,APsimfit10000led_npsclean,clean,likelihood,,5.1229466129318385e-05,4.849649970592697e-07,0.8071,0.0018260925791532899,50000,
31,11,3.0,fit,1260,APsimfit10000led_npsclean,clean,likelihood,,6.754640961809664e-05,5.747486244024766e-07,0.74566,0.0021641648454303894,50000,
31,19,8.0,fit,1262,APsimfit10000led_npsclean,clean,likelihood,,6.312192591817728e-05,5.37933021848123e-07,0.76232,0.0020255389672139755,50000,
31,9,2.0,fit,1260,APsimfit10000led_npsclean,clean,likelihood,,6.6261025397952e-05,5.652283386028998e-07,0.7505,0.0021283170556817598,50000,
31,21,10.0,fit,1262,APsimfit10000led_npsclean,clean,likelihood,,6.316441795851266e-05,5.383113797151533e-07,0.76216,0.0020269636401232327,50000,
31,1,0.6,fit,1258,APsimfit10000led_npsclean,clean,likelihood,,9.163939648824577e-05,6.822268773692776e-07,0.65494,0.00256886465129916,50000,
31,17,6.0,fit,1262,APsimfit10000led_npsclean,clean,likelihood,,6.898582748445695e-05,5.666609730673765e-07,0.74024,0.0021337115133850657,50000,
31,13,4.0,fit,1261,APsimfit10000led_npsclean,clean,likelihood,,7.642724604818689e-05,6.042238194134211e-07,0.71222,0.002275151071663133,50000,
31,15,5.0,fit,1261,APsimfit10000led_npsclean,clean,likelihood,,7.231082964069886e-05,5.824716698178253e-07,0.72772,0.002193245286301277,50000,
31,7,1.8,fit,1258,APsimfit10000led_npsclean,clean,likelihood,,6.420016144168702e-05,5.578949971369873e-07,0.75826,0.0021007040103846715,50000,
31,23,20.0,fit,1262,APsimfit10000led_npsclean,clean,likelihood,,5.385866112506879e-05,4.972606880664281e-07,0.7972,0.0018723909104553108,50000,
31,11,3.0,fit,1261,APsimfit10000led_npsclean,clean,likelihood,,6.847592300043263e-05,5.730966478755576e-07,0.74216,0.0021579444746922236,50000,
31,9,2.0,fit,1261,APsimfit10000led_npsclean,clean,likelihood,,6.643630506433536e-05,5.678707996702894e-07,0.74984,0.002138267007895057,50000,
31,5,1.4,fit,1258,APsimfit10000led_npsclean,clean,likelihood,,4.8010694073914895e-05,4.707499769285952e-07,0.81922,0.0017725671846804038,50000,
31,3,1.0,fit,1258,APsimfit10000led_npsclean,clean,likelihood,,5.009280405034752e-05,4.79699970328078e-07,0.81138,0.0018062675891000431,50000,
31,19,8.0,fit,1263,APsimfit10000led_npsclean,clean,likelihood,,6.239424972743425e-05,5.359729678064964e-07,0.76506,0.0020181585579847373,50000,
31,13,4.0,fit,1262,APsimfit10000led_npsclean,clean,likelihood,,7.70433806330496e-05,6.035000713315677e-07,0.7099,0.0022724258626079167,50000,
31,21,10.0,fit,1263,APsimfit10000led_npsclean,clean,likelihood,,6.208618243500287e-05,5.380336068981618e-07,0.76622,0.0020259177112770797,50000,
31,15,5.0,fit,1262,APsimfit10000led_npsclean,clean,likelihood,,7.342093419446016e-05,5.901954341811182e-07,0.72354,0.002222328434306728,50000,
31,1,0.6,fit,1259,APsimfit10000led_npsclean,clean,likelihood,,9.177749561933568e-05,6.714742154268527e-07,0.65442,0.0025283764587527477,50000,
31,17,6.0,fit,1263,APsimfit10000led_npsclean,clean,likelihood,,6.782260788027649e-05,5.640546313024264e-07,0.74462,0.0021238975651938093,50000,
31,11,3.0,fit,1262,APsimfit10000led_npsclean,clean,likelihood,,6.860339912143872e-05,5.733212159000827e-07,0.74168,0.0021587900656226764,50000,
31,9,2.0,fit,1262,APsimfit10000led_npsclean,clean,likelihood,,6.624509088282624e-05,5.655307206009603e-07,0.75056,0.0021294556482112747,50000,
31,23,20.0,fit,1263,APsimfit10000led_npsclean,clean,likelihood,,5.320534600491263e-05,4.946525877380212e-07,0.79966,0.001862570340549708,50000,
31,7,1.8,fit,1259,APsimfit10000led_npsclean,clean,likelihood,,6.506062525847807e-05,5.59815106198643e-07,0.75502,0.002107934010343258,50000,
31,13,4.0,fit,1263,APsimfit10000led_npsclean,clean,likelihood,,7.643786905827071e-05,6.03975483567414e-07,0.71218,0.0022742159851140394,50000,
31,5,1.4,fit,1259,APsimfit10000led_npsclean,clean,likelihood,,4.8446237487352324e-05,4.7340133660066083e-07,0.81758,0.0017825506437984515,50000,
31,19,8.0,fit,1264,APsimfit10000led_npsclean,clean,likelihood,,6.161876999131392e-05,5.34418530662901e-07,0.76798,0.002012305463122444,50000,
31,15,5.0,fit,1263,APsimfit10000led_npsclean,clean,likelihood,,7.285260315497472e-05,5.860740620861872e-07,0.72568,0.0022068097741062614,50000,
31,3,1.0,fit,1259,APsimfit10000led_npsclean,clean,likelihood,,5.093733335201279e-05,4.832925131628888e-07,0.8082,0.0018197949897386843,50000,
31,21,10.0,fit,1264,APsimfit10000led_npsclean,clean,likelihood,,6.183654169803264e-05,5.349351762729621e-07,0.76716,0.002014250846233195,50000,
31,17,6.0,fit,1264,APsimfit10000led_npsclean,clean,likelihood,,6.691965202315007e-05,5.629922021870531e-07,0.74802,0.0021198970828183302,50000,
31,1,0.6,fit,1260,APsimfit10000led_npsclean,clean,likelihood,,9.197933281092863e-05,6.823815651793745e-07,0.65366,0.0025694471144950947,50000,
31,9,2.0,fit,1263,APsimfit10000led_npsclean,clean,likelihood,,6.60485651962752e-05,5.632725562035231e-07,0.7513,0.0021209527309416303,50000,
31,11,3.0,fit,1263,APsimfit10000led_npsclean,clean,likelihood,,6.798726453657599e-05,5.728432722980812e-07,0.744,0.002156990411482355,50000,
31,23,20.0,fit,1264,APsimfit10000led_npsclean,clean,likelihood,,5.280698312676864e-05,4.933771146965968e-07,0.80116,0.001857767660211996,50000,
31,13,4.0,fit,1264,APsimfit10000led_npsclean,clean,likelihood,,7.587484952382718e-05,6.043490451145121e-07,0.7143,0.002275622597907023,50000,
31,7,1.8,fit,1260,APsimfit10000led_npsclean,clean,likelihood,,6.542711910637057e-05,5.636165692826886e-07,0.75364,0.0021222480816057094,50000,
31,15,5.0,fit,1264,APsimfit10000led_npsclean,clean,likelihood,,7.11476100365184e-05,5.813841819241181e-07,0.7321,0.0021891504473239083,50000,
31,19,8.0,fit,1265,APsimfit10000led_npsclean,clean,likelihood,,6.176218062744575e-05,5.326088867379643e-07,0.76744,0.0020054914098149366,50000,
31,5,1.4,fit,1260,APsimfit10000led_npsclean,clean,likelihood,,4.860027113356801e-05,4.7417755176687466e-07,0.817,0.0017854734129950829,50000,
31,21,10.0,fit,1265,APsimfit10000led_npsclean,clean,likelihood,,6.194277179887104e-05,5.331932590075428e-07,0.76676,0.002007691811640658,50000,
31,3,1.0,fit,1260,APsimfit10000led_npsclean,clean,likelihood,,5.0953267867138564e-05,4.828316071286704e-07,0.80814,0.0018180594890450739,50000,
31,17,6.0,fit,1265,APsimfit10000led_npsclean,clean,likelihood,,6.729145737608449e-05,5.618004554276375e-07,0.74662,0.0021154096663515854,50000,
31,1,0.6,fit,1261,APsimfit10000led_npsclean,clean,likelihood,,9.192621776050944e-05,6.793192829064793e-07,0.65386,0.002557916362857934,50000,
31,9,2.0,fit,1264,APsimfit10000led_npsclean,clean,likelihood,,6.606981121644288e-05,5.665660704526594e-07,0.75122,0.0021333541660269514,50000,
31,11,3.0,fit,1264,APsimfit10000led_npsclean,clean,likelihood,,6.773231229456385e-05,5.704389390980379e-07,0.74496,0.002147937108582075,50000,
31,13,4.0,fit,1265,APsimfit10000led_npsclean,clean,likelihood,,7.57155043725696e-05,5.992335819848577e-07,0.7149,0.0022563607762979628,50000,
31,15,5.0,fit,1265,APsimfit10000led_npsclean,clean,likelihood,,7.151941538945279e-05,5.82468874276705e-07,0.7307,0.0021932347599397345,50000,
31,23,20.0,fit,1265,APsimfit10000led_npsclean,clean,likelihood,,5.281760613685246e-05,4.941739018667184e-07,0.80112,0.0018607678914603258,50000,
31,7,1.8,fit,1261,APsimfit10000led_npsclean,clean,likelihood,,6.475786947108862e-05,5.59746165876367e-07,0.75616,0.002107674421689075,50000,
31,19,8.0,fit,1266,APsimfit10000led_npsclean,clean,likelihood,,6.303694183750656e-05,5.392899442458753e-07,0.76264,0.0020306483378614397,50000,
31,21,10.0,fit,1266,APsimfit10000led_npsclean,clean,likelihood,,6.258546390894335e-05,5.381127692615093e-07,0.76434,0.0020262157901180964,50000,
31,5,1.4,fit,1261,APsimfit10000led_npsclean,clean,likelihood,,4.811692417475328e-05,4.705194785790144e-07,0.81882,0.001771699263638207,50000,
31,17,6.0,fit,1266,APsimfit10000led_npsclean,clean,likelihood,,6.847061149539073e-05,5.625556136287557e-07,0.74218,0.002118253147418282,50000,
31,3,1.0,fit,1261,APsimfit10000led_npsclean,clean,likelihood,,5.030526425202433e-05,4.814463861347966e-07,0.81058,0.0018128435625498858,50000,
31,1,0.6,fit,1262,APsimfit10000led_npsclean,clean,likelihood,,9.206962839664127e-05,6.736144744698262e-07,0.65332,0.0025364354138928892,50000,
31,9,2.0,fit,1265,APsimfit10000led_npsclean,clean,likelihood,,6.609105723661055e-05,5.644244301423591e-07,0.75114,0.0021252900098474962,50000,
31,11,3.0,fit,1265,APsimfit10000led_npsclean,clean,likelihood,,6.753047510297087e-05,5.666769095139268e-07,0.74572,0.002133771520657673,50000,
31,13,4.0,fit,1266,APsimfit10000led_npsclean,clean,likelihood,,7.59810796246656e-05,6.037894347053741e-07,0.7139,0.002273515434665263,50000,
31,15,5.0,fit,1266,APsimfit10000led_npsclean,clean,likelihood,,7.249673231716607e-05,5.862240417038807e-07,0.72702,0.002207374509022297,50000,
31,23,20.0,fit,1266,APsimfit10000led_npsclean,clean,likelihood,,5.310442740911617e-05,4.940043769399681e-07,0.80004,0.0018601295604207715,50000,
31,19,8.0,fit,1267,APsimfit10000led_npsclean,clean,likelihood,,6.228801962659582e-05,5.382139919149922e-07,0.76546,0.0020265969350202816,50000,
31,7,1.8,fit,1262,APsimfit10000led_npsclean,clean,likelihood,,6.556521823746048e-05,5.620309669986024e-07,0.75312,0.0021162776371777283,50000,
31,21,10.0,fit,1267,APsimfit10000led_npsclean,clean,likelihood,,6.234644618205695e-05,5.369458583833339e-07,0.76524,0.0020218218909540523,50000,
31,17,6.0,fit,1267,APsimfit10000led_npsclean,clean,likelihood,,6.824221677858815e-05,5.670109882517877e-07,0.74304,0.0021350294644428124,50000,
31,5,1.4,fit,1262,APsimfit10000led_npsclean,clean,likelihood,,4.8685255214238725e-05,4.7325678797924334e-07,0.81668,0.0017820063588160344,50000,
31,9,2.0,fit,1266,APsimfit10000led_npsclean,clean,likelihood,,6.654784667021568e-05,5.655733611966982e-07,0.74942,0.002129616207583435,50000,
31,11,3.0,fit,1266,APsimfit10000led_npsclean,clean,likelihood,,6.78013618601088e-05,5.735139545028876e-07,0.7447,0.0021595158056955327,50000,
31,3,1.0,fit,1262,APsimfit10000led_npsclean,clean,likelihood,,5.143661482595327e-05,4.835360887380334e-07,0.80632,0.0018207121519110713,50000,
31,13,4.0,fit,1267,APsimfit10000led_npsclean,clean,likelihood,,7.625196638180353e-05,6.039060503448485e-07,0.71288,0.002273954540487639,50000,
31,1,0.6,fit,1263,APsimfit10000led_npsclean,clean,likelihood,,9.20749399016832e-05,6.813182749328897e-07,0.6533,0.0025654433896069775,50000,
31,15,5.0,fit,1267,APsimfit10000led_npsclean,clean,likelihood,,7.230020663061505e-05,5.870153126076601e-07,0.72776,0.0022103539692601556,50000,
31,23,20.0,fit,1267,APsimfit10000led_npsclean,clean,likelihood,,5.258921142004991e-05,4.938254106059632e-07,0.80198,0.0018594556786016173,50000,
31,19,8.0,fit,1268,APsimfit10000led_npsclean,clean,likelihood,,6.305818785767423e-05,5.372737220788875e-07,0.76256,0.0020230564325499504,50000,
31,21,10.0,fit,1268,APsimfit10000led_npsclean,clean,likelihood,,6.326533655430912e-05,5.386045717123958e-07,0.76178,0.0020280676285217318,50000,
31,7,1.8,fit,1263,APsimfit10000led_npsclean,clean,likelihood,,6.477911549125633e-05,5.62444363674607e-07,0.75608,0.0021178342456069474,50000,
31,17,6.0,fit,1268,APsimfit10000led_npsclean,clean,likelihood,,6.877336728278014e-05,5.656341684231707e-07,0.74104,0.0021298451717884676,50000,
31,9,2.0,fit,1267,APsimfit10000led_npsclean,clean,likelihood,,6.592108907526911e-05,5.676493752399522e-07,0.75178,0.002137433253889028,50000,
31,11,3.0,fit,1267,APsimfit10000led_npsclean,clean,likelihood,,6.815192119287551e-05,5.759955357870395e-07,0.74338,0.00216885997938855,50000,
31,5,1.4,fit,1263,APsimfit10000led_npsclean,clean,likelihood,,4.8292203841136635e-05,4.72504092430702e-07,0.81816,0.0017791721506486662,50000,
31,13,4.0,fit,1268,APsimfit10000led_npsclean,clean,likelihood,,7.795695950025984e-05,6.109599725350598e-07,0.70646,0.0023005154573446864,50000,
31,15,5.0,fit,1268,APsimfit10000led_npsclean,clean,likelihood,,7.336250763899905e-05,5.893794488931948e-07,0.72376,0.002219255914252681,50000,
31,3,1.0,fit,1263,APsimfit10000led_npsclean,clean,likelihood,,5.105418646293503e-05,4.832276236790992e-07,0.80776,0.0018195506541566694,50000,
31,1,0.6,fit,1264,APsimfit10000led_npsclean,clean,likelihood,,9.075768665128704e-05,6.666769608823473e-07,0.65826,0.0025103128232797736,50000,
31,23,20.0,fit,1268,APsimfit10000led_npsclean,clean,likelihood,,5.384272660994305e-05,4.984382407896229e-07,0.79726,0.00187682488054063,50000,
31,19,8.0,fit,1269,APsimfit10000led_npsclean,clean,likelihood,,6.272356304003326e-05,5.379489041667444e-07,0.76382,0.002025598770672679,50000,
31,21,10.0,fit,1269,APsimfit10000led_npsclean,clean,likelihood,,6.284041615095553e-05,5.407618984668426e-07,0.76338,0.00203619085061197,50000,
31,9,2.0,fit,1268,APsimfit10000led_npsclean,clean,likelihood,,6.671250332651519e-05,5.68057050032793e-07,0.7488,0.002138968317075915,50000,
31,17,6.0,fit,1269,APsimfit10000led_npsclean,clean,likelihood,,6.812005216262398e-05,5.644955748446978e-07,0.7435,0.0021255578988988184,50000,
31,11,3.0,fit,1268,APsimfit10000led_npsclean,clean,likelihood,,6.938419036260097e-05,5.796282071677681e-07,0.73874,0.0021825384804990957,50000,
31,7,1.8,fit,1264,APsimfit10000led_npsclean,clean,likelihood,,6.507655977360385e-05,5.640354221412745e-07,0.75496,0.00212382523480534,50000,
31,13,4.0,fit,1269,APsimfit10000led_npsclean,clean,likelihood,,7.666095227003136e-05,6.002115383497215e-07,0.71134,0.002260043184041702,50000,
31,15,5.0,fit,1269,APsimfit10000led_npsclean,clean,likelihood,,7.2502043822208e-05,5.84711400172144e-07,0.727,0.0022016787918204927,50000,
31,5,1.4,fit,1264,APsimfit10000led_npsclean,clean,likelihood,,4.850997554785537e-05,4.728094864443099e-07,0.81734,0.0017803220846549324,50000,
31,3,1.0,fit,1264,APsimfit10000led_npsclean,clean,likelihood,,5.0560216494036474e-05,4.831182276835496e-07,0.80962,0.0018191387332616078,50000,
31,1,0.6,fit,1265,APsimfit10000led_npsclean,clean,likelihood,,9.172438056891649e-05,6.801051120432584e-07,0.65462,0.0025608753326059703,50000,
31,23,20.0,fit,1269,APsimfit10000led_npsclean,clean,likelihood,,5.384272660994305e-05,4.966999664291984e-07,0.79726,0.001870279562982968,50000,
31,19,8.0,fit,1270,APsimfit10000led_npsclean,clean,likelihood,,6.28616621711232e-05,5.375796291126167e-07,0.7633,0.002024208298287872,50000,
31,21,10.0,fit,1270,APsimfit10000led_npsclean,clean,likelihood,,6.271825153499137e-05,5.373197973867822e-07,0.76384,0.002023229925025364,50000,
31,9,2.0,fit,1269,APsimfit10000led_npsclean,clean,likelihood,,6.621853335761664e-05,5.672936260947426e-07,0.75066,0.0021360937121116903,50000,
31,13,4.0,fit,1270,APsimfit10000led_npsclean,clean,likelihood,,7.692652752212737e-05,6.086055312545958e-07,0.71034,0.002291650018031791,50000,
31,11,3.0,fit,1269,APsimfit10000led_npsclean,clean,likelihood,,6.802975657691137e-05,5.728146304091761e-07,0.74384,0.0021568825629961763,50000,
31,17,6.0,fit,1270,APsimfit10000led_npsclean,clean,likelihood,,6.856621858614527e-05,5.671123039495937e-07,0.74182,0.0021354109596951236,50000,
31,15,5.0,fit,1270,APsimfit10000led_npsclean,clean,likelihood,,7.328814656841216e-05,5.89251995664096e-07,0.72404,0.002218776000450123,50000,
31,7,1.8,fit,1265,APsimfit10000led_npsclean,clean,likelihood,,6.550679168199935e-05,5.651002003178419e-07,0.75334,0.0021278345623618944,50000,
31,5,1.4,fit,1265,APsimfit10000led_npsclean,clean,likelihood,,4.7978825043663366e-05,4.7166648218714053e-07,0.81934,0.0017760182037467964,50000,
31,1,0.6,fit,1266,APsimfit10000led_npsclean,clean,likelihood,,9.13047716706048e-05,6.799690676035771e-07,0.6562,0.002560363069363791,50000,
31,3,1.0,fit,1265,APsimfit10000led_npsclean,clean,likelihood,,5.0698315625126385e-05,4.820887998263442e-07,0.8091,0.0018152625141896845,50000,
31,23,20.0,fit,1270,APsimfit10000led_npsclean,clean,likelihood,,5.342842921667328e-05,4.963836438742312e-07,0.79882,0.001869088478525848,50000,
31,19,8.0,fit,1271,APsimfit10000led_npsclean,clean,likelihood,,6.180467266778113e-05,5.337215605388954e-07,0.76728,0.002009681084086728,50000,
31,21,10.0,fit,1271,APsimfit10000led_npsclean,clean,likelihood,,6.2144608990464e-05,5.369090423418622e-07,0.766,0.0020216832634231316,50000,
31,9,2.0,fit,1270,APsimfit10000led_npsclean,clean,likelihood,,6.698339008365312e-05,5.700145840001293e-07,0.74778,0.002146339237189468,50000,
31,17,6.0,fit,1271,APsimfit10000led_npsclean,clean,likelihood,,6.717460426516226e-05,5.567094433723646e-07,0.74706,0.002096239913089212,50000,
31,13,4.0,fit,1271,APsimfit10000led_npsclean,clean,likelihood,,7.583766898853377e-05,5.971804632708815e-07,0.71444,0.002248629940319187,50000,
31,11,3.0,fit,1270,APsimfit10000led_npsclean,clean,likelihood,,6.823690527354622e-05,5.72673993791363e-07,0.74306,0.002156353008315523,50000,
31,15,5.0,fit,1271,APsimfit10000led_npsclean,clean,likelihood,,7.1439742813824e-05,5.854183478224436e-07,0.731,0.002204340740344386,50000,
31,7,1.8,fit,1266,APsimfit10000led_npsclean,clean,likelihood,,6.542180760132864e-05,5.637764581969554e-07,0.75366,0.0021228501290969756,50000,
31,5,1.4,fit,1266,APsimfit10000led_npsclean,clean,likelihood,,4.900394551675392e-05,4.764034031109433e-07,0.81548,0.0017938546583351571,50000,
31,23,20.0,fit,1271,APsimfit10000led_npsclean,clean,likelihood,,5.338062567129599e-05,4.976093874610725e-07,0.799,0.0018737039070236747,50000,
31,19,8.0,fit,1272,APsimfit10000led_npsclean,clean,likelihood,,6.220303554592512e-05,5.338343426051897e-07,0.76578,0.0020101057549301304,50000,
31,1,0.6,fit,1267,APsimfit10000led_npsclean,clean,likelihood,,9.197933281092863e-05,6.791465274336474e-07,0.65366,0.0025572658674843313,50000,
31,21,10.0,fit,1272,APsimfit10000led_npsclean,clean,likelihood,,6.20914939400448e-05,5.366793852046878e-07,0.7662,0.002020818509891461,50000,
31,3,1.0,fit,1266,APsimfit10000led_npsclean,clean,likelihood,,5.164907502763008e-05,4.877708091287519e-07,0.80552,0.0018366576150417536,50000,
31,17,6.0,fit,1272,APsimfit10000led_npsclean,clean,likelihood,,6.755172112313857e-05,5.626746588178251e-07,0.74564,0.002118701401493652,50000,
31,9,2.0,fit,1271,APsimfit10000led_npsclean,clean,likelihood,,6.517747836940031e-05,5.622774548203992e-07,0.75458,0.002117205765155962,50000,
31,13,4.0,fit,1272,APsimfit10000led_npsclean,clean,likelihood,,7.655472216919295e-05,6.031200981949967e-07,0.71174,0.0022709951075448142,50000,
31,11,3.0,fit,1271,APsimfit10000led_npsclean,clean,likelihood,,6.733926092146176e-05,5.707537139607843e-07,0.74644,0.0021491223653417398,50000,
31,15,5.0,fit,1272,APsimfit10000led_npsclean,clean,likelihood,,7.236925619615999e-05,5.850510229291268e-07,0.7275,0.0022029576111167273,50000,
31,7,1.8,fit,1267,APsimfit10000led_npsclean,clean,likelihood,,6.500751020805888e-05,5.570760351682125e-07,0.75522,0.0020976202819035297,50000,
31,23,20.0,fit,1272,APsimfit10000led_npsclean,clean,likelihood,,5.301413182340352e-05,4.943902978123983e-07,0.80038,0.0018615827111544505,50000,
31,19,8.0,fit,1273,APsimfit10000led_npsclean,clean,likelihood,,6.158158945602047e-05,5.329778950551925e-07,0.76812,0.002006880877825664,50000,
31,21,10.0,fit,1273,APsimfit10000led_npsclean,clean,likelihood,,6.138506376946944e-05,5.320893049296778e-07,0.76886,0.002003534970710819,50000,
31,5,1.4,fit,1267,APsimfit10000led_npsclean,clean,likelihood,,4.89455189612928e-05,4.747563974863508e-07,0.8157,0.0017876530050877487,50000,
31,1,0.6,fit,1268,APsimfit10000led_npsclean,clean,likelihood,,9.121978758993407e-05,6.744804448854343e-07,0.65652,0.0025396961485011542,50000,
31,17,6.0,fit,1273,APsimfit10000led_npsclean,clean,likelihood,,6.688778299289854e-05,5.625215419316123e-07,0.74814,0.0021181248534719354,50000,
31,9,2.0,fit,1272,APsimfit10000led_npsclean,clean,likelihood,,6.61016802466944e-05,5.647364458307118e-07,0.7511,0.002126464877181294,50000,
31,3,1.0,fit,1267,APsimfit10000led_npsclean,clean,likelihood,,5.146848385620479e-05,4.85497119158791e-07,0.8062,0.0018280962376091196,50000,
31,13,4.0,fit,1273,APsimfit10000led_npsclean,clean,likelihood,,7.572612738265343e-05,5.97302761049912e-07,0.71486,0.002249090441732874,50000,
31,11,3.0,fit,1272,APsimfit10000led_npsclean,clean,likelihood,,6.825815129371392e-05,5.75698833093924e-07,0.74298,0.00216774277177687,50000,
31,15,5.0,fit,1273,APsimfit10000led_npsclean,clean,likelihood,,7.162033398524928e-05,5.811492185914137e-07,0.73032,0.0021882657137847327,50000,
31,23,20.0,fit,1273,APsimfit10000led_npsclean,clean,likelihood,,5.212711048140288e-05,4.891320568947454e-07,0.80372,0.001841783272478771,50000,
31,7,1.8,fit,1268,APsimfit10000led_npsclean,clean,likelihood,,6.510311729881345e-05,5.598921518595676e-07,0.75486,0.002108224118929493,50000,
31,19,8.0,fit,1274,APsimfit10000led_npsclean,clean,likelihood,,6.184716470811647e-05,5.378074382305808e-07,0.76712,0.0020250660932675103,50000,
31,21,10.0,fit,1274,APsimfit10000led_npsclean,clean,likelihood,,6.156565494089473e-05,5.33593340306682e-07,0.76818,0.0020091982822021343,50000,
31,17,6.0,fit,1274,APsimfit10000led_npsclean,clean,likelihood,,6.723303082062337e-05,5.627279793235876e-07,0.74684,0.0021189021751174806,50000,
31,5,1.4,fit,1268,APsimfit10000led_npsclean,clean,likelihood,,4.869587822432255e-05,4.730645871134808e-07,0.81664,0.0017812826435442022,50000,
31,1,0.6,fit,1269,APsimfit10000led_npsclean,clean,likelihood,,9.111355748909569e-05,6.676242966023575e-07,0.65692,0.002513879931707737,50000,
31,13,4.0,fit,1274,APsimfit10000led_npsclean,clean,likelihood,,7.518966537341953e-05,5.948199594371741e-07,0.71688,0.0022397416730010633,50000,
31,9,2.0,fit,1273,APsimfit10000led_npsclean,clean,likelihood,,6.567144833829889e-05,5.684802483423481e-07,0.75272,0.0021405618326848248,50000,
31,3,1.0,fit,1268,APsimfit10000led_npsclean,clean,likelihood,,5.128258117973761e-05,4.840037785280492e-07,0.8069,0.001822473196234007,50000,
31,11,3.0,fit,1273,APsimfit10000led_npsclean,clean,likelihood,,6.700463610382079e-05,5.67573822544728e-07,0.7477,0.0021371487669324014,50000,
31,15,5.0,fit,1274,APsimfit10000led_npsclean,clean,likelihood,,7.156190742978817e-05,5.834492837341146e-07,0.73054,0.0021969264045853553,50000,
31,23,20.0,fit,1274,APsimfit10000led_npsclean,clean,likelihood,,5.246173529904385e-05,4.917510458811808e-07,0.80246,0.0018516448426580915,50000,
31,19,8.0,fit,1275,APsimfit10000led_npsclean,clean,likelihood,,6.268638250473984e-05,5.373694353954719e-07,0.76396,0.0020234168325338683,50000,
31,21,10.0,fit,1275,APsimfit10000led_npsclean,clean,likelihood,,6.30741223728e-05,5.392612690137287e-07,0.7625,0.0020305403638242498,50000,
31,17,6.0,fit,1275,APsimfit10000led_npsclean,clean,likelihood,,6.79075919609472e-05,5.662891385082312e-07,0.7443,0.002132311403411675,50000,
31,7,1.8,fit,1269,APsimfit10000led_npsclean,clean,likelihood,,6.491721462234624e-05,5.64997153210569e-07,0.75556,0.002127446547641172,50000,
31,13,4.0,fit,1275,APsimfit10000led_npsclean,clean,likelihood,,7.657596818936065e-05,6.069016001878303e-07,0.71166,0.002285234017093008,50000,
31,9,2.0,fit,1274,APsimfit10000led_npsclean,clean,likelihood,,6.491721462234624e-05,5.603029057578665e-07,0.75556,0.0021097707762142257,50000,
31,5,1.4,fit,1269,APsimfit10000led_npsclean,clean,likelihood,,4.8355941901639685e-05,4.7223798200958427e-07,0.81792,0.0017781701355172957,50000,
31,1,0.6,fit,1270,APsimfit10000led_npsclean,clean,likelihood,,9.17296920739584e-05,6.752217005366859e-07,0.6546,0.002542487280752376,50000,
31,11,3.0,fit,1274,APsimfit10000led_npsclean,clean,likelihood,,6.657971570046721e-05,5.665058920568046e-07,0.7493,0.002133127569627701,50000,
31,15,5.0,fit,1275,APsimfit10000led_npsclean,clean,likelihood,,7.253922435750145e-05,5.849154234938825e-07,0.72686,0.002202447023499191,50000,
31,3,1.0,fit,1269,APsimfit10000led_npsclean,clean,likelihood,,5.1070120978060805e-05,4.835417263581398e-07,0.8077,0.0018207333798683524,50000,
31,23,20.0,fit,1275,APsimfit10000led_npsclean,clean,likelihood,,5.346560975196673e-05,4.962533898565149e-07,0.79868,0.001868598018602763,50000,
31,19,8.0,fit,1276,APsimfit10000led_npsclean,clean,likelihood,,6.311130290809342e-05,5.38920053999561e-07,0.76236,0.0020292555490251498,50000,
31,21,10.0,fit,1276,APsimfit10000led_npsclean,clean,likelihood,,6.261202143415294e-05,5.363620692172251e-07,0.76424,0.0020196236847526035,50000,
31,17,6.0,fit,1276,APsimfit10000led_npsclean,clean,likelihood,,6.853966106093568e-05,5.636319265396152e-07,0.74192,0.0021223059079912834,50000,
31,7,1.8,fit,1270,APsimfit10000led_npsclean,clean,likelihood,,6.578830144922114e-05,5.651753903489887e-07,0.75228,0.0021281176837391813,50000,
31,13,4.0,fit,1276,APsimfit10000led_npsclean,clean,likelihood,,7.71761682590976e-05,6.050818727952009e-07,0.7094,0.0022783819953844054,50000,
31,9,2.0,fit,1275,APsimfit10000led_npsclean,clean,likelihood,,6.665407677105408e-05,5.714086536981061e-07,0.74902,0.0021515884826932355,50000,
31,5,1.4,fit,1270,APsimfit10000led_npsclean,clean,likelihood,,4.869587822432255e-05,4.747050025634482e-07,0.81664,0.0017874594820749793,50000,
31,11,3.0,fit,1275,APsimfit10000led_npsclean,clean,likelihood,,6.852903805085185e-05,5.764480929717382e-07,0.74196,0.0021705640432315735,50000,
31,1,0.6,fit,1271,APsimfit10000led_npsclean,clean,likelihood,,9.095421233783808e-05,6.719729858538119e-07,0.65752,0.0025302545344507757,50000,
31,15,5.0,fit,1276,APsimfit10000led_npsclean,clean,likelihood,,7.297476777093889e-05,5.863025164470219e-07,0.72522,0.0022076699986905614,50000,
31,3,1.0,fit,1270,APsimfit10000led_npsclean,clean,likelihood,,5.1139170543605747e-05,4.840970706027641e-07,0.80744,0.001822824479246933,50000,
31,19,8.0,fit,1277,APsimfit10000led_npsclean,clean,likelihood,,6.273949755515904e-05,5.363920137940521e-07,0.76376,0.002019736438394333,50000,
31,21,10.0,fit,1277,APsimfit10000led_npsclean,clean,likelihood,,6.245798778793726e-05,5.359258429219286e-07,0.76482,0.002017981113421677,50000,
31,23,20.0,fit,1276,APsimfit10000led_npsclean,clean,likelihood,,5.3609020388098566e-05,4.961467030547116e-07,0.79814,0.0018681962989358842,50000,
31,17,6.0,fit,1277,APsimfit10000led_npsclean,clean,likelihood,,6.785447691052799e-05,5.638455507729755e-07,0.7445,0.002123110291049096,50000,
31,13,4.0,fit,1277,APsimfit10000led_npsclean,clean,likelihood,,7.641662303810304e-05,6.038731158494749e-07,0.71226,0.00227383052857345,50000,
31,9,2.0,fit,1276,APsimfit10000led_npsclean,clean,likelihood,,6.664345376097025e-05,5.681823340789164e-07,0.74906,0.0021394400630128374,50000,
31,7,1.8,fit,1271,APsimfit10000led_npsclean,clean,likelihood,,6.463570485512448e-05,5.595136488604452e-07,0.75662,0.002106798899538247,50000,
31,11,3.0,fit,1276,APsimfit10000led_npsclean,clean,likelihood,,6.80881831323725e-05,5.742628568450352e-07,0.74362,0.0021623357308814717,50000,
31,15,5.0,fit,1277,APsimfit10000led_npsclean,clean,likelihood,,7.203994288356095e-05,5.836608058812481e-07,0.72874,0.0021977228724243732,50000,
31,5,1.4,fit,1271,APsimfit10000led_npsclean,clean,likelihood,,4.796820203357952e-05,4.7014635012141265e-07,0.81938,0.0017702942816052167,50000,
31,1,0.6,fit,1272,APsimfit10000led_npsclean,clean,likelihood,,9.141631327648511e-05,6.743199085654033e-07,0.65578,0.0025390916632610427,50000,
31,3,1.0,fit,1271,APsimfit10000led_npsclean,clean,likelihood,,5.0491166928491505e-05,4.808703059948935e-07,0.80988,0.0018106743840012201,50000,
31,19,8.0,fit,1278,APsimfit10000led_npsclean,clean,likelihood,,6.311130290809342e-05,5.40048289867543e-07,0.76236,0.0020335038208768286,50000,
31,21,10.0,fit,1278,APsimfit10000led_npsclean,clean,likelihood,,6.285635066608128e-05,5.388366674440598e-07,0.76332,0.002028941564364143,50000,
31,23,20.0,fit,1277,APsimfit10000led_npsclean,clean,likelihood,,5.3215969014996476e-05,4.955057232902592e-07,0.79962,0.001865782746621075,50000,
31,17,6.0,fit,1278,APsimfit10000led_npsclean,clean,likelihood,,6.829002032396545e-05,5.677373862508219e-07,0.74286,0.002137764651525574,50000,
31,13,4.0,fit,1278,APsimfit10000led_npsclean,clean,likelihood,,7.687872397675007e-05,6.046873389232851e-07,0.71052,0.0022768964131669282,50000,
31,9,2.0,fit,1277,APsimfit10000led_npsclean,clean,likelihood,,6.717460426516226e-05,5.686881786612849e-07,0.74706,0.0021413447758141103,50000,
31,7,1.8,fit,1272,APsimfit10000led_npsclean,clean,likelihood,,6.48534765618432e-05,5.592884368008923e-07,0.7558,0.0021059508835511564,50000,
31,15,5.0,fit,1278,APsimfit10000led_npsclean,clean,likelihood,,7.274637305413633e-05,5.846195235894491e-07,0.72608,0.002201332838716919,50000,
31,11,3.0,fit,1277,APsimfit10000led_npsclean,clean,likelihood,,6.804569109203712e-05,5.706972310802579e-07,0.74378,0.002148909684076898,50000,
31,5,1.4,fit,1272,APsimfit10000led_npsclean,clean,likelihood,,4.874899327474174e-05,4.730345149678029e-07,0.81644,0.0017811694095533068,50000,
31,1,0.6,fit,1273,APsimfit10000led_npsclean,clean,likelihood,,9.065676805549055e-05,6.752228817196423e-07,0.65864,0.0025424917283917822,50000,
31,21,10.0,fit,1279,APsimfit10000led_npsclean,clean,likelihood,,6.222428156609278e-05,5.374400549908328e-07,0.7657,0.002023682744341552,50000,
31,19,8.0,fit,1279,APsimfit10000led_npsclean,clean,likelihood,,6.218178952575744e-05,5.371337334362589e-07,0.76586,0.0020225293177622444,50000,
31,23,20.0,fit,1278,APsimfit10000led_npsclean,clean,likelihood,,5.38055460746496e-05,4.974319445801659e-07,0.7974,0.0018730357616317144,50000,
31,17,6.0,fit,1279,APsimfit10000led_npsclean,clean,likelihood,,6.776418132481538e-05,5.641946257054571e-07,0.74484,0.0021244247016717972,50000,
31,3,1.0,fit,1272,APsimfit10000led_npsclean,clean,likelihood,,5.0990448402431984e-05,4.832059827970261e-07,0.808,0.001819469167339271,50000,
31,13,4.0,fit,1279,APsimfit10000led_npsclean,clean,likelihood,,7.628383541205505e-05,6.020291776170348e-07,0.71276,0.002266887343100078,50000,
31,9,2.0,fit,1278,APsimfit10000led_npsclean,clean,likelihood,,6.667001128617985e-05,5.696429840452673e-07,0.74896,0.0021449400105976483,50000,
31,15,5.0,fit,1279,APsimfit10000led_npsclean,clean,likelihood,,7.233738716590846e-05,5.849322797825005e-07,0.72762,0.002202510494355323,50000,
31,7,1.8,fit,1273,APsimfit10000led_npsclean,clean,likelihood,,6.38974056542976e-05,5.587683177044838e-07,0.7594,0.0021039924213363845,50000,
31,11,3.0,fit,1278,APsimfit10000led_npsclean,clean,likelihood,,6.826346279875585e-05,5.715504123760392e-07,0.74296,0.0021521222623915102,50000,
31,21,10.0,fit,1280,APsimfit10000led_npsclean,clean,likelihood,,6.152847440560128e-05,5.363866699537127e-07,0.76832,0.002019716316638645,50000,
31,19,8.0,fit,1280,APsimfit10000led_npsclean,clean,likelihood,,6.146473634509824e-05,5.324439449318697e-07,0.76856,0.0020048703361087356,50000,
31,23,20.0,fit,1279,APsimfit10000led_npsclean,clean,likelihood,,5.320534600491263e-05,4.950809994154793e-07,0.79966,0.0018641834866319463,50000,
31,1,0.6,fit,1274,APsimfit10000led_npsclean,clean,likelihood,,9.04549308638976e-05,6.649170815519203e-07,0.6594,0.002503686154128422,50000,
31,17,6.0,fit,1280,APsimfit10000led_npsclean,clean,likelihood,,6.710024319457536e-05,5.597492497246318e-07,0.74734,0.002107686033645537,50000,
31,5,1.4,fit,1273,APsimfit10000led_npsclean,clean,likelihood,,4.846748350752e-05,4.72561186463679e-07,0.8175,0.0017793871331537243,50000,
31,3,1.0,fit,1273,APsimfit10000led_npsclean,clean,likelihood,,5.0331821777233925e-05,4.80398547105397e-07,0.81048,0.0018088980178459653,50000,
31,13,4.0,fit,1280,APsimfit10000led_npsclean,clean,likelihood,,7.599170263474943e-05,6.062382505580028e-07,0.71386,0.0022827362330389888,50000,
31,9,2.0,fit,1279,APsimfit10000led_npsclean,clean,likelihood,,6.611230325677826e-05,5.65936635087753e-07,0.75106,0.002130984083122243,50000,
31,21,10.0,fit,1281,APsimfit10000led_npsclean,clean,likelihood,,6.311130290809342e-05,5.385511635160122e-07,0.76236,0.002027866524706666,50000,
31,19,8.0,fit,1281,APsimfit10000led_npsclean,clean,likelihood,,6.28882196963328e-05,5.363435391356582e-07,0.7632,0.002019553911377936,50000,
31,15,5.0,fit,1280,APsimfit10000led_npsclean,clean,likelihood,,7.16575145205427e-05,5.836727417148203e-07,0.73018,0.002197767815744498,50000,
31,23,20.0,fit,1280,APsimfit10000led_npsclean,clean,likelihood,,5.312567342928384e-05,4.951713699420578e-07,0.79996,0.0018645237688151137,50000,
31,11,3.0,fit,1279,APsimfit10000led_npsclean,clean,likelihood,,6.803506808195326e-05,5.745760130151846e-07,0.74382,0.002163514892598077,50000,
31,7,1.8,fit,1274,APsimfit10000led_npsclean,clean,likelihood,,6.40779968257229e-05,5.60561415396025e-07,0.75872,0.0021107441712731336,50000,
31,17,6.0,fit,1281,APsimfit10000led_npsclean,clean,likelihood,,6.829533182900737e-05,5.640925999525513e-07,0.74284,0.0021240405327701373,50000,
31,1,0.6,fit,1275,APsimfit10000led_npsclean,clean,likelihood,,9.158628143782658e-05,6.831257780991654e-07,0.65514,0.0025722493820780766,50000,
31,5,1.4,fit,1274,APsimfit10000led_npsclean,clean,likelihood,,4.746892055963904e-05,4.682916960796872e-07,0.82126,0.001763310746704702,50000,
31,3,1.0,fit,1274,APsimfit10000led_npsclean,clean,likelihood,,4.9784736757916146e-05,4.788338725190933e-07,0.81254,0.0018030063748033446,50000,
31,13,4.0,fit,1281,APsimfit10000led_npsclean,clean,likelihood,,7.627852390701313e-05,6.044834775372311e-07,0.71278,0.0022761287912426522,50000,
31,21,10.0,fit,1282,APsimfit10000led_npsclean,clean,likelihood,,6.269700551482366e-05,5.359758707375661e-07,0.76392,0.0020181694887135863,50000,
31,19,8.0,fit,1282,APsimfit10000led_npsclean,clean,likelihood,,6.307943387784191e-05,5.394723207067451e-07,0.76248,0.002031335060210117,50000,
31,9,2.0,fit,1280,APsimfit10000led_npsclean,clean,likelihood,,6.643099355929345e-05,5.701029786412055e-07,0.74986,0.0021466720793514487,50000,
31,17,6.0,fit,1282,APsimfit10000led_npsclean,clean,likelihood,,6.862464514160638e-05,5.682409375372139e-07,0.7416,0.0021396607291247396,50000,
31,23,20.0,fit,1281,APsimfit10000led_npsclean,clean,likelihood,,5.363557791330817e-05,4.960269172091026e-07,0.79804,0.0018677452559841647,50000,
31,15,5.0,fit,1281,APsimfit10000led_npsclean,clean,likelihood,,7.292696422556159e-05,5.844951667009581e-07,0.7254,0.00220086458390963,50000,
31,11,3.0,fit,1280,APsimfit10000led_npsclean,clean,likelihood,,6.775355831473152e-05,5.758194942379923e-07,0.74488,0.0021681971105871165,50000,
31,7,1.8,fit,1275,APsimfit10000led_npsclean,clean,likelihood,,6.542180760132864e-05,5.643533635927921e-07,0.75366,0.002125022415073487,50000,
31,1,0.6,fit,1276,APsimfit10000led_npsclean,clean,likelihood,,9.166064250841344e-05,6.679355243639688e-07,0.65486,0.002515051832173443,50000,
31,5,1.4,fit,1275,APsimfit10000led_npsclean,clean,likelihood,,4.852059855793919e-05,4.732763103286625e-07,0.8173,0.001782079868487079,50000,
31,13,4.0,fit,1282,APsimfit10000led_npsclean,clean,likelihood,,7.607668671542017e-05,6.027931750107369e-07,0.71354,0.002269764107360574,50000,
31,3,1.0,fit,1275,APsimfit10000led_npsclean,clean,likelihood,,5.099575990747391e-05,4.832409041748588e-07,0.80798,0.0018196006606827097,50000,
31,21,10.0,fit,1283,APsimfit10000led_npsclean,clean,likelihood,,6.195339480895489e-05,5.345002612870474e-07,0.76672,0.00201261321252116,50000,
31,19,8.0,fit,1283,APsimfit10000led_npsclean,clean,likelihood,,6.233582317197312e-05,5.360309903815814e-07,0.76528,0.002018377036832548,50000,
31,17,6.0,fit,1283,APsimfit10000led_npsclean,clean,likelihood,,6.848654601051647e-05,5.661505193673814e-07,0.74212,0.0021317894453611575,50000,
31,23,20.0,fit,1282,APsimfit10000led_npsclean,clean,likelihood,,5.359839737801472e-05,4.968081234686377e-07,0.79818,0.0018706868186989494,50000,
31,9,2.0,fit,1281,APsimfit10000led_npsclean,clean,likelihood,,6.553866071225088e-05,5.63470562112854e-07,0.75322,0.0021216983045889044,50000,
31,15,5.0,fit,1282,APsimfit10000led_npsclean,clean,likelihood,,7.239581372136958e-05,5.834607742051952e-07,0.7274,0.0021969696709326146,50000,
31,11,3.0,fit,1281,APsimfit10000led_npsclean,clean,likelihood,,6.821565925337856e-05,5.743012466273568e-07,0.74314,0.0021624802841936444,50000,
31,7,1.8,fit,1276,APsimfit10000led_npsclean,clean,likelihood,,6.523590492486143e-05,5.587599135452295e-07,0.75436,0.00210396077622191,50000,
31,1,0.6,fit,1277,APsimfit10000led_npsclean,clean,likelihood,,9.33284550915763e-05,6.80163871045901e-07,0.64858,0.0025610965844062752,50000,
31,5,1.4,fit,1276,APsimfit10000led_npsclean,clean,likelihood,,4.914204464784383e-05,4.758282115197767e-07,0.81496,0.0017916888255377597,50000,
31,13,4.0,fit,1283,APsimfit10000led_npsclean,clean,likelihood,,7.699026558263041e-05,6.051610347319568e-07,0.7101,0.002278680072619129,50000,
31,3,1.0,fit,1276,APsimfit10000led_npsclean,clean,likelihood,,5.15800254620851e-05,4.860178244570189e-07,0.80578,0.0018300569071147243,50000,
31,23,20.0,fit,1283,APsimfit10000led_npsclean,clean,likelihood,,5.302475483348735e-05,4.94725518645031e-07,0.80034,0.0018628449553959113,50000,
31,9,2.0,fit,1282,APsimfit10000led_npsclean,clean,likelihood,,6.626633690299391e-05,5.663912218360519e-07,0.75048,0.0021326957891065587,50000,
31,15,5.0,fit,1283,APsimfit10000led_npsclean,clean,likelihood,,7.278886509447168e-05,5.855227959522257e-07,0.72592,0.002204734030490805,50000,
31,11,3.0,fit,1282,APsimfit10000led_npsclean,clean,likelihood,,6.806693711220479e-05,5.67426663810163e-07,0.7437,0.002136594653800987,50000,
31,7,1.8,fit,1277,APsimfit10000led_npsclean,clean,likelihood,,6.568738285342463e-05,5.65739955218484e-07,0.75266,0.0021302435025609264,50000,
31,1,0.6,fit,1278,APsimfit10000led_npsclean,clean,likelihood,,9.187310271009025e-05,6.717398869672404e-07,0.65406,0.0025293768213177493,50000,
31,5,1.4,fit,1277,APsimfit10000led_npsclean,clean,likelihood,,4.8855223375580164e-05,4.743475394665472e-07,0.81604,0.0017861134865649316,50000,
31,3,1.0,fit,1277,APsimfit10000led_npsclean,clean,likelihood,,5.159595997721088e-05,4.856809217895872e-07,0.80572,0.001828788330073856,50000,
31,9,2.0,fit,1283,APsimfit10000led_npsclean,clean,likelihood,,6.629820593324543e-05,5.684338063120625e-07,0.75036,0.0021403869593488527,50000,
31,11,3.0,fit,1283,APsimfit10000led_npsclean,clean,likelihood,,6.839093891976191e-05,5.738771957540808e-07,0.74248,0.0021608835583318436,50000,
31,7,1.8,fit,1278,APsimfit10000led_npsclean,clean,likelihood,,6.513498632906496e-05,5.645970269074122e-07,0.75474,0.0021259399076210684,50000,
31,1,0.6,fit,1279,APsimfit10000led_npsclean,clean,likelihood,,9.244674525461758e-05,6.733588925510746e-07,0.6519,0.0025354730429011105,50000,
31,5,1.4,fit,1278,APsimfit10000led_npsclean,clean,likelihood,,4.903581454700545e-05,4.7589501757035286e-07,0.81536,0.0017919403777816112,50000,
31,3,1.0,fit,1278,APsimfit10000led_npsclean,clean,likelihood,,5.145254934107904e-05,4.86692075332907e-07,0.80626,0.0018325957388415765,50000,
34,1,0.6,fit,1234,APsimfit10000led_npsclean,clean,likelihood,,0.00020092892423079168,7.564529837373178e-07,0.24342,0.0028483564555325195,50000,
31,25,26.0,fit,1234,APsimfit10000led_npsclean,clean,likelihood,,5.600982066704639e-05,5.07436150201703e-07,0.7891,0.0019107057084455869,50000,
31,29,40.0,fit,1234,APsimfit10000led_npsclean,clean,likelihood,,5.400207176120063e-05,5.005344503524744e-07,0.79666,0.001884717971279724,50000,
34,3,1.0,fit,1234,APsimfit10000led_npsclean,clean,likelihood,,0.0001756833407665459,8.223577952459002e-07,0.33848,0.0030965151638023664,50000,
34,5,1.4,fit,1234,APsimfit10000led_npsclean,clean,likelihood,,0.00015403364621568001,8.136856209446794e-07,0.42,0.0030638608624968897,50000,
34,7,1.8,fit,1234,APsimfit10000led_npsclean,clean,likelihood,,0.0001397669436730829,7.857971164319373e-07,0.47372,0.002958849178265631,50000,
31,27,30.0,fit,1234,APsimfit10000led_npsclean,clean,likelihood,,5.704025264517887e-05,5.120545301188056e-07,0.78522,0.0019280958074124636,50000,
34,9,2.0,fit,1234,APsimfit10000led_npsclean,clean,likelihood,,0.00013122073206063358,7.744934341814202e-07,0.5059,0.0029162861677392168,50000,
31,7,1.8,fit,1279,APsimfit10000led_npsclean,clean,likelihood,,6.49012801072205e-05,5.602920056636942e-07,0.75562,0.0021097297328787254,50000,
31,1,0.6,fit,1280,APsimfit10000led_npsclean,clean,likelihood,,9.128352565043712e-05,6.647931790397272e-07,0.65628,0.0025032196102346845,50000,
31,5,1.4,fit,1279,APsimfit10000led_npsclean,clean,likelihood,,4.8191285245340145e-05,4.72118115493473e-07,0.81854,0.0017777187888079722,50000,
31,3,1.0,fit,1279,APsimfit10000led_npsclean,clean,likelihood,,5.078861121083903e-05,4.811749029923789e-07,0.80876,0.0018118213169141379,50000,
34,3,1.0,fit,1235,APsimfit10000led_npsclean,clean,likelihood,,0.00017455730169765887,8.164355532365107e-07,0.34272,0.0030742154880507694,50000,
34,1,0.6,fit,1235,APsimfit10000led_npsclean,clean,likelihood,,0.0002000100338585395,7.780431383509404e-07,0.24688,0.0029296522631924067,50000,
31,29,40.0,fit,1235,APsimfit10000led_npsclean,clean,likelihood,,5.2663572490636806e-05,4.971254755824604e-07,0.8017,0.001871881779868403,50000,
31,25,26.0,fit,1235,APsimfit10000led_npsclean,clean,likelihood,,5.4517287750266885e-05,5.035581432408514e-07,0.79472,0.0018961034180203864,50000,
34,9,2.0,fit,1235,APsimfit10000led_npsclean,clean,likelihood,,0.0001309020417581184,7.653295497459864e-07,0.5071,0.002881780375640331,50000,
34,5,1.4,fit,1235,APsimfit10000led_npsclean,clean,likelihood,,0.00015312537885351168,8.035136029447734e-07,0.42342,0.0030255590330921338,50000,
34,7,1.8,fit,1235,APsimfit10000led_npsclean,clean,likelihood,,0.0001391348745730944,7.838726948769253e-07,0.4761,0.0029516029399967265,50000,
31,27,30.0,fit,1235,APsimfit10000led_npsclean,clean,likelihood,,5.5579588758650886e-05,5.101860293772989e-07,0.79072,0.0019210601339950048,50000,
31,1,0.6,fit,1281,APsimfit10000led_npsclean,clean,likelihood,,9.254235234537215e-05,6.731322926673045e-07,0.65154,0.002534619801185319,50000,
31,7,1.8,fit,1280,APsimfit10000led_npsclean,clean,likelihood,,6.520934739965183e-05,5.614387290691725e-07,0.75446,0.0021140476179091565,50000,
31,5,1.4,fit,1280,APsimfit10000led_npsclean,clean,likelihood,,4.861089414365183e-05,4.7392852868890705e-07,0.81696,0.0017845357387351426,50000,
34,3,1.0,fit,1236,APsimfit10000led_npsclean,clean,likelihood,,0.0001745626132027008,8.094576962656071e-07,0.3427,0.0030479409880142176,50000,
31,25,26.0,fit,1236,APsimfit10000led_npsclean,clean,likelihood,,5.482535504269823e-05,5.031604350296223e-07,0.79356,0.0018946058831104493,50000,
31,3,1.0,fit,1280,APsimfit10000led_npsclean,clean,likelihood,,5.090015281671937e-05,4.831935209558111e-07,0.80834,0.0018194222433841334,50000,
34,1,0.6,fit,1236,APsimfit10000led_npsclean,clean,likelihood,,0.00019843782836613118,7.619183499833038e-07,0.2528,0.0028689358062169365,50000,
31,29,40.0,fit,1236,APsimfit10000led_npsclean,clean,likelihood,,5.313629643936769e-05,4.976315622116567e-07,0.79992,0.0018737874040754866,50000,
34,5,1.4,fit,1236,APsimfit10000led_npsclean,clean,likelihood,,0.0001536618408627456,7.904232011896947e-07,0.4214,0.0029762682891249707,50000,
34,9,2.0,fit,1236,APsimfit10000led_npsclean,clean,likelihood,,0.00013147568430264573,7.61162490202141e-07,0.50494,0.002866089683412958,50000,
34,7,1.8,fit,1236,APsimfit10000led_npsclean,clean,likelihood,,0.00014016530655122688,7.927021964742278e-07,0.47222,0.002984849643247942,50000,
31,27,30.0,fit,1236,APsimfit10000led_npsclean,clean,likelihood,,5.5946082606543346e-05,5.091070928564131e-07,0.78934,0.0019169974944517098,50000,
31,1,0.6,fit,1282,APsimfit10000led_npsclean,clean,likelihood,,9.186779120504832e-05,6.855505786570282e-07,0.65408,0.002581379752994514,50000,
31,7,1.8,fit,1281,APsimfit10000led_npsclean,clean,likelihood,,6.4800361511424e-05,5.582249069319366e-07,0.756,0.0021019462563859293,50000,
34,3,1.0,fit,1237,APsimfit10000led_npsclean,clean,likelihood,,0.00017519468230268927,8.231089021807114e-07,0.34032,0.0030993433901859743,50000,
31,25,26.0,fit,1237,APsimfit10000led_npsclean,clean,likelihood,,5.435794259900927e-05,5.015217347149161e-07,0.79532,0.001888435502769009,50000,
31,5,1.4,fit,1281,APsimfit10000led_npsclean,clean,likelihood,,4.8260334810885114e-05,4.7213692347928046e-07,0.81828,0.0017777896086063497,50000,
31,29,40.0,fit,1237,APsimfit10000led_npsclean,clean,likelihood,,5.270606453097215e-05,4.963370212133375e-07,0.80154,0.0018689129250413809,50000,
34,1,0.6,fit,1237,APsimfit10000led_npsclean,clean,likelihood,,0.0002000365913837491,7.668967311394044e-07,0.24678,0.0028876814578422654,50000,
31,3,1.0,fit,1281,APsimfit10000led_npsclean,clean,likelihood,,5.0560216494036474e-05,4.813774536034519e-07,0.80962,0.0018125840032317615,50000,
34,5,1.4,fit,1237,APsimfit10000led_npsclean,clean,likelihood,,0.00015293416467200257,7.972228553696458e-07,0.42414,0.0030018717823958466,50000,
34,9,2.0,fit,1237,APsimfit10000led_npsclean,clean,likelihood,,0.0001302965301833395,7.822204184575098e-07,0.50938,0.0029453814400400274,50000,
34,7,1.8,fit,1237,APsimfit10000led_npsclean,clean,likelihood,,0.00013875244621007615,7.997258791879862e-07,0.47754,0.0030112966960449375,50000,
31,27,30.0,fit,1237,APsimfit10000led_npsclean,clean,likelihood,,5.568050735444735e-05,5.081102283441956e-07,0.79034,0.0019132438897601959,50000,
31,1,0.6,fit,1283,APsimfit10000led_npsclean,clean,likelihood,,9.225021956806656e-05,6.754270306442094e-07,0.65264,0.0025432604330167647,50000,
34,3,1.0,fit,1238,APsimfit10000led_npsclean,clean,likelihood,,0.0001748547459800064,8.295540715676439e-07,0.3416,0.0031236121024852768,50000,
31,7,1.8,fit,1282,APsimfit10000led_npsclean,clean,likelihood,,6.514560933914879e-05,5.624312296089534e-07,0.7547,0.002117784790450452,50000,
34,1,0.6,fit,1238,APsimfit10000led_npsclean,clean,likelihood,,0.00020029154362576125,7.551408425749122e-07,0.24582,0.0028434157046453423,50000,
31,25,26.0,fit,1238,APsimfit10000led_npsclean,clean,likelihood,,5.585578702083071e-05,5.10349745795921e-07,0.78968,0.0019216765936136253,50000,
31,29,40.0,fit,1238,APsimfit10000led_npsclean,clean,likelihood,,5.3704627478853103e-05,5.014814242763018e-07,0.79778,0.001888283717396328,50000,
31,5,1.4,fit,1282,APsimfit10000led_npsclean,clean,likelihood,,4.8908338425999355e-05,4.741304577143457e-07,0.81584,0.0017852960845273237,50000,
31,3,1.0,fit,1282,APsimfit10000led_npsclean,clean,likelihood,,5.133569623015681e-05,4.841513633620104e-07,0.8067,0.0018230289138048133,50000,
34,5,1.4,fit,1238,APsimfit10000led_npsclean,clean,likelihood,,0.0001536671523677875,8.053512359677347e-07,0.42138,0.0030324784768597972,50000,
34,9,2.0,fit,1238,APsimfit10000led_npsclean,clean,likelihood,,0.00013089141874803454,7.718571499915072e-07,0.50714,0.0029063594740088836,50000,
34,7,1.8,fit,1238,APsimfit10000led_npsclean,clean,likelihood,,0.0001394535648756096,7.904424034170598e-07,0.4749,0.002976340593404882,50000,
31,27,30.0,fit,1238,APsimfit10000led_npsclean,clean,likelihood,,5.691808802921471e-05,5.159279169674601e-07,0.78568,0.0019426807012159506,50000,
34,11,3.0,fit,1234,APsimfit10000led_npsclean,clean,likelihood,,0.0001150737567331968,7.445663261169338e-07,0.5667,0.002803598303082052,50000,
34,3,1.0,fit,1239,APsimfit10000led_npsclean,clean,likelihood,,0.00017468477781866496,8.193121567955412e-07,0.34224,0.003085047082999197,50000,
34,1,0.6,fit,1239,APsimfit10000led_npsclean,clean,likelihood,,0.00019980288516190464,7.553523929081453e-07,0.24766,0.002844212278616612,50000,
31,29,40.0,fit,1239,APsimfit10000led_npsclean,clean,likelihood,,5.299288580323585e-05,4.965999536995379e-07,0.80046,0.001869902973941364,50000,
31,25,26.0,fit,1239,APsimfit10000led_npsclean,clean,likelihood,,5.466600989144064e-05,5.027997844806739e-07,0.79416,0.0018932478855331074,50000,
31,7,1.8,fit,1283,APsimfit10000led_npsclean,clean,likelihood,,6.436481809798657e-05,5.606583698346544e-07,0.75764,0.002111109244591766,50000,
31,5,1.4,fit,1283,APsimfit10000led_npsclean,clean,likelihood,,4.8876469395747834e-05,4.7418495851667386e-07,0.81596,0.0017855013024529324,50000,
34,9,2.0,fit,1239,APsimfit10000led_npsclean,clean,likelihood,,0.0001310401408892083,7.655623393711191e-07,0.50658,0.0028826569242769054,50000,
34,5,1.4,fit,1239,APsimfit10000led_npsclean,clean,likelihood,,0.00015354498775182335,8.162055922773156e-07,0.42184,0.0030733495905042917,50000,
31,3,1.0,fit,1283,APsimfit10000led_npsclean,clean,likelihood,,5.098513689739009e-05,4.833227892406878e-07,0.80802,0.0018199089916178506,50000,
34,11,3.0,fit,1235,APsimfit10000led_npsclean,clean,likelihood,,0.0001144416876332083,7.40575576275971e-07,0.56908,0.0027885714893655386,50000,
34,7,1.8,fit,1239,APsimfit10000led_npsclean,clean,likelihood,,0.0001395066799260288,7.809424457158955e-07,0.4747,0.0029405693473034938,50000,
31,27,30.0,fit,1239,APsimfit10000led_npsclean,clean,likelihood,,5.59301480914176e-05,5.101991031866418e-07,0.7894,0.0019211093622617192,50000,
34,3,1.0,fit,1240,APsimfit10000led_npsclean,clean,likelihood,,0.000174482940627072,7.970476296857554e-07,0.343,0.003001211985662124,50000,
34,1,0.6,fit,1240,APsimfit10000led_npsclean,clean,likelihood,,0.0001983315982652928,7.64092674667189e-07,0.2532,0.0028771230324992226,50000,
34,13,4.0,fit,1234,APsimfit10000led_npsclean,clean,likelihood,,0.00010297414824770303,7.051503711174404e-07,0.61226,0.0026551810289256283,50000,
31,29,40.0,fit,1240,APsimfit10000led_npsclean,clean,likelihood,,5.286540968222976e-05,4.957368413952283e-07,0.80094,0.0018666530012970849,50000,
31,25,26.0,fit,1240,APsimfit10000led_npsclean,clean,likelihood,,5.479348601244671e-05,5.035830745560548e-07,0.79368,0.0018961972946711914,50000,
34,15,5.0,fit,1234,APsimfit10000led_npsclean,clean,likelihood,,9.443324814029567e-05,6.666624117246073e-07,0.64442,0.00251025803971984,50000,
34,17,6.0,fit,1234,APsimfit10000led_npsclean,clean,likelihood,,9.012030604625663e-05,6.460099752066695e-07,0.66066,0.0024324931261786027,50000,
34,11,3.0,fit,1236,APsimfit10000led_npsclean,clean,likelihood,,0.00011548805412646656,7.387419803055752e-07,0.56514,0.002781667246760384,50000,
34,5,1.4,fit,1240,APsimfit10000led_npsclean,clean,likelihood,,0.00015308819831821825,8.045988852991031e-07,0.42356,0.0030296455673070664,50000,
34,9,2.0,fit,1240,APsimfit10000led_npsclean,clean,likelihood,,0.0001302699726581299,7.726499527863192e-07,0.50948,0.0029093447024462283,50000,
34,3,1.0,fit,1241,APsimfit10000led_npsclean,clean,likelihood,,0.00017463697427328768,8.085352438180333e-07,0.34242,0.003044467575336291,50000,
34,13,4.0,fit,1235,APsimfit10000led_npsclean,clean,likelihood,,0.00010284667212669697,7.062444453072054e-07,0.61274,0.002659300668015228,50000,
34,7,1.8,fit,1240,APsimfit10000led_npsclean,clean,likelihood,,0.00013914549758317824,7.855441480425412e-07,0.47606,0.002957896648286276,50000,
34,1,0.6,fit,1241,APsimfit10000led_npsclean,clean,likelihood,,0.00019978163914173696,7.594028968685107e-07,0.24774,0.0028594640911571165,50000,
31,27,30.0,fit,1240,APsimfit10000led_npsclean,clean,likelihood,,5.608949324267521e-05,5.099790899804776e-07,0.7888,0.0019202809220948446,50000,
31,29,40.0,fit,1241,APsimfit10000led_npsclean,clean,likelihood,,5.256796539988224e-05,4.958045612754507e-07,0.80206,0.0018669079944852222,50000,
31,25,26.0,fit,1241,APsimfit10000led_npsclean,clean,likelihood,,5.4591648820853746e-05,5.023551518362666e-07,0.79444,0.0018915736608419956,50000,
34,15,5.0,fit,1235,APsimfit10000led_npsclean,clean,likelihood,,9.38330480705587e-05,6.655304185490441e-07,0.64668,0.002505995620060519,50000,
34,11,3.0,fit,1237,APsimfit10000led_npsclean,clean,likelihood,,0.00011408050529035776,7.320577034570978e-07,0.57044,0.002756498196573203,50000,
34,17,6.0,fit,1235,APsimfit10000led_npsclean,clean,likelihood,,8.857465807905793e-05,6.394087517120467e-07,0.66648,0.002407636806011253,50000,
34,5,1.4,fit,1241,APsimfit10000led_npsclean,clean,likelihood,,0.00015339626561064958,8.209107795705948e-07,0.4224,0.00309106655492829,50000,
34,9,2.0,fit,1241,APsimfit10000led_npsclean,clean,likelihood,,0.00013067895854635778,7.787514591652104e-07,0.50794,0.002932319382243146,50000,
34,13,4.0,fit,1236,APsimfit10000led_npsclean,clean,likelihood,,0.0001036009058426496,7.018815724200392e-07,0.6099,0.002642872658052955,50000,
34,3,1.0,fit,1242,APsimfit10000led_npsclean,clean,likelihood,,0.00017398897065817344,8.056573292524705e-07,0.34486,0.0030336310439093247,50000,
34,1,0.6,fit,1242,APsimfit10000led_npsclean,clean,likelihood,,0.000199181439072,7.79818476324553e-07,0.25,0.0029363371404902768,50000,
34,7,1.8,fit,1241,APsimfit10000led_npsclean,clean,likelihood,,0.00013926766219914238,7.962686711647234e-07,0.4756,0.0029982788866068314,50000,
31,27,30.0,fit,1241,APsimfit10000led_npsclean,clean,likelihood,,5.5579588758650886e-05,5.081392406869545e-07,0.79072,0.0019133531331574248,50000,
31,29,40.0,fit,1242,APsimfit10000led_npsclean,clean,likelihood,,5.3046000853655044e-05,4.969926027854798e-07,0.80026,0.001871381459164829,50000,
34,15,5.0,fit,1236,APsimfit10000led_npsclean,clean,likelihood,,9.467757737222401e-05,6.650998969211635e-07,0.6435,0.0025043745291475563,50000,
31,25,26.0,fit,1242,APsimfit10000led_npsclean,clean,likelihood,,5.494220815362046e-05,5.037856602928568e-07,0.79312,0.0018969601132516243,50000,
34,11,3.0,fit,1238,APsimfit10000led_npsclean,clean,likelihood,,0.00011491972308698111,7.393087955115568e-07,0.56728,0.0027838015390240947,50000,
34,17,6.0,fit,1236,APsimfit10000led_npsclean,clean,likelihood,,8.905800503787263e-05,6.396607843281097e-07,0.66466,0.0024085858124193193,50000,
34,13,4.0,fit,1237,APsimfit10000led_npsclean,clean,likelihood,,0.00010207650389561857,6.940698826700446e-07,0.61564,0.002613458434821151,50000,
34,5,1.4,fit,1242,APsimfit10000led_npsclean,clean,likelihood,,0.00015276419651066113,7.985864048296771e-07,0.42478,0.003007006106657124,50000,
34,9,2.0,fit,1242,APsimfit10000led_npsclean,clean,likelihood,,0.00013059397446568702,7.793852028568454e-07,0.50826,0.002934705687769106,50000,
34,3,1.0,fit,1243,APsimfit10000led_npsclean,clean,likelihood,,0.0001760817036446899,8.119768206635992e-07,0.33698,0.0030574265269645165,50000,
34,1,0.6,fit,1243,APsimfit10000led_npsclean,clean,likelihood,,0.00020057836489802497,7.59288535134599e-07,0.24474,0.0028590334722157465,50000,
34,7,1.8,fit,1242,APsimfit10000led_npsclean,clean,likelihood,,0.00013883743029074688,7.829849576309224e-07,0.47722,0.0029482602443238553,50000,
34,15,5.0,fit,1237,APsimfit10000led_npsclean,clean,likelihood,,9.392865516131328e-05,6.676347624620402e-07,0.64632,0.0025139193399718734,50000,
31,29,40.0,fit,1243,APsimfit10000led_npsclean,clean,likelihood,,5.275386807634945e-05,4.948989830091414e-07,0.80136,0.0018634981200365975,50000,
31,27,30.0,fit,1242,APsimfit10000led_npsclean,clean,likelihood,,5.6238215383848946e-05,5.101408596340027e-07,0.78824,0.001920890051342575,50000,
31,25,26.0,fit,1243,APsimfit10000led_npsclean,clean,likelihood,,5.468194440656639e-05,5.021083217452763e-07,0.7941,0.001890644244079544,50000,
34,11,3.0,fit,1239,APsimfit10000led_npsclean,clean,likelihood,,0.00011495159211723264,7.365677127666049e-07,0.56716,0.002773480235652194,50000,
34,17,6.0,fit,1237,APsimfit10000led_npsclean,clean,likelihood,,8.869151118998017e-05,6.398280335685131e-07,0.66604,0.002409215574564261,50000,
34,13,4.0,fit,1238,APsimfit10000led_npsclean,clean,likelihood,,0.00010329815005526015,7.038386145483263e-07,0.61104,0.002650241726190297,50000,
34,5,1.4,fit,1243,APsimfit10000led_npsclean,clean,likelihood,,0.000153900858589632,7.987054842102062e-07,0.4205,0.0030074544894773954,50000,
34,9,2.0,fit,1243,APsimfit10000led_npsclean,clean,likelihood,,0.00013096046831357952,7.788922017836856e-07,0.50688,0.002932849336059868,50000,
34,1,0.6,fit,1244,APsimfit10000led_npsclean,clean,likelihood,,0.0002000312798787072,7.743732705016096e-07,0.2468,0.002915833702086404,50000,
34,3,1.0,fit,1244,APsimfit10000led_npsclean,clean,likelihood,,0.00017526373186823422,8.106271507023122e-07,0.34006,0.0030523444647217626,50000,
34,15,5.0,fit,1238,APsimfit10000led_npsclean,clean,likelihood,,9.418360740332542e-05,6.664216179405008e-07,0.64536,0.0025093513521342835,50000,
34,7,1.8,fit,1243,APsimfit10000led_npsclean,clean,likelihood,,0.00014005376494534658,7.904720713722479e-07,0.47264,0.0029764523054524243,50000,
31,29,40.0,fit,1244,APsimfit10000led_npsclean,clean,likelihood,,5.2456423794001926e-05,4.952564414393251e-07,0.80248,0.0018648440979745359,50000,
31,25,26.0,fit,1244,APsimfit10000led_npsclean,clean,likelihood,,5.4384500124218867e-05,5.030892106972394e-07,0.79522,0.0018943376942192754,50000,
31,27,30.0,fit,1243,APsimfit10000led_npsclean,clean,likelihood,,5.5754868425034244e-05,5.078456335914742e-07,0.79006,0.0019122475817434164,50000,
34,11,3.0,fit,1240,APsimfit10000led_npsclean,clean,likelihood,,0.00011443637612816639,7.404156219191468e-07,0.5691,0.002787969195456141,50000,
34,17,6.0,fit,1238,APsimfit10000led_npsclean,clean,likelihood,,8.88880368765312e-05,6.398266052393311e-07,0.6653,0.002409210196317716,50000,
34,13,4.0,fit,1239,APsimfit10000led_npsclean,clean,likelihood,,0.00010240050570317569,7.037647830309636e-07,0.61442,0.002649963720175881,50000,
34,1,0.6,fit,1245,APsimfit10000led_npsclean,clean,likelihood,,0.00019932484970813184,7.768810277523713e-07,0.24946,0.0029252764390544374,50000,
34,15,5.0,fit,1239,APsimfit10000led_npsclean,clean,likelihood,,9.363121087896575e-05,6.678180191634368e-07,0.64744,0.0025146093767879937,50000,
34,5,1.4,fit,1244,APsimfit10000led_npsclean,clean,likelihood,,0.00015383712052912895,8.010218022253079e-07,0.42074,0.003016176379024033,50000,
34,9,2.0,fit,1244,APsimfit10000led_npsclean,clean,likelihood,,0.00013130571614130432,7.935529612007405e-07,0.50558,0.0029880531221858258,50000,
34,3,1.0,fit,1245,APsimfit10000led_npsclean,clean,likelihood,,0.00017351624670944253,8.265417705866243e-07,0.34664,0.0031122695509589364,50000,
31,29,40.0,fit,1245,APsimfit10000led_npsclean,clean,likelihood,,5.2153668006612475e-05,4.927140427923731e-07,0.80362,0.0018552709219090459,50000,
34,7,1.8,fit,1244,APsimfit10000led_npsclean,clean,likelihood,,0.000140021895915095,7.851277813380568e-07,0.47276,0.0029563288564788755,50000,
34,11,3.0,fit,1241,APsimfit10000led_npsclean,clean,likelihood,,0.00011468601686513664,7.41732720766802e-07,0.56816,0.0027929286140663473,50000,
31,25,26.0,fit,1245,APsimfit10000led_npsclean,clean,likelihood,,5.43632541040512e-05,4.99597143524204e-07,0.7953,0.0018811886257519578,50000,
34,17,6.0,fit,1239,APsimfit10000led_npsclean,clean,likelihood,,8.85959040992256e-05,6.366078538897523e-07,0.6664,0.002397090274283658,50000,
31,27,30.0,fit,1244,APsimfit10000led_npsclean,clean,likelihood,,5.538837457714175e-05,5.084662353866009e-07,0.79144,0.0019145844026264949,50000,
34,13,4.0,fit,1240,APsimfit10000led_npsclean,clean,likelihood,,0.00010231021011746305,7.121261447882334e-07,0.61476,0.0026814476844808357,50000,
34,15,5.0,fit,1240,APsimfit10000led_npsclean,clean,likelihood,,9.409862332265471e-05,6.723401909726867e-07,0.64568,0.002531637212678422,50000,
34,1,0.6,fit,1246,APsimfit10000led_npsclean,clean,likelihood,,0.00020005252589887486,7.708294163774119e-07,0.24672,0.0029024896344587597,50000,
34,5,1.4,fit,1245,APsimfit10000led_npsclean,clean,likelihood,,0.00015269514694511615,7.990263976281772e-07,0.42504,0.0030086628604209915,50000,
34,9,2.0,fit,1245,APsimfit10000led_npsclean,clean,likelihood,,0.00013038682576905214,7.716577526537208e-07,0.50904,0.0029056086610614695,50000,
34,3,1.0,fit,1246,APsimfit10000led_npsclean,clean,likelihood,,0.00017532215842369539,8.209669101177184e-07,0.33984,0.0030912779095130286,50000,
34,11,3.0,fit,1242,APsimfit10000led_npsclean,clean,likelihood,,0.00011539775854075392,7.400723214882323e-07,0.56548,0.0027866765282056906,50000,
34,17,6.0,fit,1240,APsimfit10000led_npsclean,clean,likelihood,,8.843124744292609e-05,6.406825330965442e-07,0.66702,0.0024124331165652087,50000,
31,29,40.0,fit,1246,APsimfit10000led_npsclean,clean,likelihood,,5.353465931751167e-05,4.982932346191979e-07,0.79842,0.0018762788726981049,50000,
34,7,1.8,fit,1245,APsimfit10000led_npsclean,clean,likelihood,,0.00013895428340166913,7.837204216968863e-07,0.47678,0.002951029568875595,50000,
31,25,26.0,fit,1246,APsimfit10000led_npsclean,clean,likelihood,,5.542024360739327e-05,5.040017628901522e-07,0.79132,0.001897773828368488,50000,
34,13,4.0,fit,1241,APsimfit10000led_npsclean,clean,likelihood,,0.000102777622561152,7.049062033560622e-07,0.613,0.002654261636928629,50000,
31,27,30.0,fit,1245,APsimfit10000led_npsclean,clean,likelihood,,5.534057103176448e-05,5.052840542549039e-07,0.79162,0.0019026021824964856,50000,
34,15,5.0,fit,1241,APsimfit10000led_npsclean,clean,likelihood,,9.425796847391232e-05,6.727388694549054e-07,0.64508,0.0025331384010575057,50000,
34,1,0.6,fit,1247,APsimfit10000led_npsclean,clean,likelihood,,0.00020061554543331837,7.564786280042841e-07,0.2446,0.0028484530167398004,50000,
34,5,1.4,fit,1246,APsimfit10000led_npsclean,clean,likelihood,,0.000153900858589632,8.034609136237282e-07,0.4205,0.0030253606361382405,50000,
34,11,3.0,fit,1243,APsimfit10000led_npsclean,clean,likelihood,,0.00011482411599622655,7.402333026794519e-07,0.56764,0.0027872826885687106,50000,
34,3,1.0,fit,1247,APsimfit10000led_npsclean,clean,likelihood,,0.0001756036681909171,8.030807196123852e-07,0.33878,0.003023929049390822,50000,
34,9,2.0,fit,1246,APsimfit10000led_npsclean,clean,likelihood,,0.00013124728958584318,7.741453885084254e-07,0.5058,0.0029149756327016036,50000,
34,17,6.0,fit,1241,APsimfit10000led_npsclean,clean,likelihood,,8.868088817989631e-05,6.395354028182825e-07,0.66608,0.002408113699491486,50000,
31,29,40.0,fit,1247,APsimfit10000led_npsclean,clean,likelihood,,5.2376751218373106e-05,4.951017648380004e-07,0.80278,0.0018642616769842366,50000,
34,7,1.8,fit,1246,APsimfit10000led_npsclean,clean,likelihood,,0.00013937389229998077,7.883626048216774e-07,0.4752,0.0029685092967047266,50000,
34,13,4.0,fit,1242,APsimfit10000led_npsclean,clean,likelihood,,0.0001027510650359424,7.051769086342348e-07,0.6131,0.00265528095358572,50000,
31,25,26.0,fit,1247,APsimfit10000led_npsclean,clean,likelihood,,5.413485938724864e-05,5.011923058206113e-07,0.79616,0.0018871950675563725,50000,
34,15,5.0,fit,1242,APsimfit10000led_npsclean,clean,likelihood,,9.373744097980417e-05,6.698081276803226e-07,0.64704,0.002522102953471737,50000,
31,27,30.0,fit,1246,APsimfit10000led_npsclean,clean,likelihood,,5.658877471661569e-05,5.101808841649074e-07,0.78692,0.001921040760155195,50000,
34,1,0.6,fit,1248,APsimfit10000led_npsclean,clean,likelihood,,0.0001987352726484787,7.692588624983056e-07,0.25168,0.0028965758534618066,50000,
34,11,3.0,fit,1244,APsimfit10000led_npsclean,clean,likelihood,,0.00011489316556177151,7.387584920748343e-07,0.56738,0.002781729420359501,50000,
34,5,1.4,fit,1247,APsimfit10000led_npsclean,clean,likelihood,,0.00015433640200306943,8.111673463544613e-07,0.41886,0.0030543785234222087,50000,
34,17,6.0,fit,1242,APsimfit10000led_npsclean,clean,likelihood,,8.83303288471296e-05,6.389406284527186e-07,0.6674,0.002405874129498161,50000,
34,3,1.0,fit,1248,APsimfit10000led_npsclean,clean,likelihood,,0.00017361716530523902,8.277106084324053e-07,0.34626,0.003116670705948177,50000,
34,9,2.0,fit,1247,APsimfit10000led_npsclean,clean,likelihood,,0.00013145443828247808,7.62733935897853e-07,0.50502,0.0028720068224660496,50000,
31,29,40.0,fit,1248,APsimfit10000led_npsclean,clean,likelihood,,5.26423264704691e-05,4.964151450116227e-07,0.80178,0.0018692070932579922,50000,
34,13,4.0,fit,1243,APsimfit10000led_npsclean,clean,likelihood,,0.00010302195179308033,6.96300238999815e-07,0.61208,0.002621856643284355,50000,
31,25,26.0,fit,1248,APsimfit10000led_npsclean,clean,likelihood,,5.479879751748863e-05,5.066555134198777e-07,0.79366,0.0019077662900484872,50000,
34,7,1.8,fit,1247,APsimfit10000led_npsclean,clean,likelihood,,0.00014052648889407743,7.830758297450485e-07,0.47086,0.0029486024151903385,50000,
34,15,5.0,fit,1243,APsimfit10000led_npsclean,clean,likelihood,,9.436951007979263e-05,6.717124975954911e-07,0.64466,0.002529273689073562,50000,
31,27,30.0,fit,1247,APsimfit10000led_npsclean,clean,likelihood,,5.542024360739327e-05,5.08264148967927e-07,0.79132,0.0019138234641840799,50000,
34,1,0.6,fit,1249,APsimfit10000led_npsclean,clean,likelihood,,0.00019972321258627585,7.590736433472773e-07,0.24796,0.002858224316296188,50000,
34,11,3.0,fit,1245,APsimfit10000led_npsclean,clean,likelihood,,0.00011486660803656192,7.464557022779111e-07,0.56748,0.002810712581035535,50000,
34,17,6.0,fit,1243,APsimfit10000led_npsclean,clean,likelihood,,8.897833246224384e-05,6.342906235261072e-07,0.66496,0.0023883649493696957,50000,
34,5,1.4,fit,1248,APsimfit10000led_npsclean,clean,likelihood,,0.00015263140888461312,8.043360322325051e-07,0.42528,0.003028655817454535,50000,
34,3,1.0,fit,1249,APsimfit10000led_npsclean,clean,likelihood,,0.0001744510715968205,8.264001992494781e-07,0.34312,0.0031117364766757387,50000,
34,9,2.0,fit,1248,APsimfit10000led_npsclean,clean,likelihood,,0.0001308276806875315,7.63369776603524e-07,0.50738,0.002874401024111921,50000,
34,13,4.0,fit,1244,APsimfit10000led_npsclean,clean,likelihood,,0.00010343624918635009,7.048994362840877e-07,0.61052,0.002654236156120756,50000,
31,29,40.0,fit,1249,APsimfit10000led_npsclean,clean,likelihood,,5.228114412761857e-05,4.946796151476771e-07,0.80314,0.0018626721098578137,50000,
34,7,1.8,fit,1248,APsimfit10000led_npsclean,clean,likelihood,,0.0001391030055428429,7.972407414946583e-07,0.47622,0.0030019391310093613,50000,
31,25,26.0,fit,1249,APsimfit10000led_npsclean,clean,likelihood,,5.4315450558673925e-05,5.008813883602899e-07,0.79548,0.001886024335502585,50000,
34,15,5.0,fit,1244,APsimfit10000led_npsclean,clean,likelihood,,9.466164285709824e-05,6.665816454355643e-07,0.64356,0.002509953921439219,50000,
31,27,30.0,fit,1248,APsimfit10000led_npsclean,clean,likelihood,,5.591952508133375e-05,5.11974565089376e-07,0.78944,0.0019277947062036783,50000,
34,11,3.0,fit,1246,APsimfit10000led_npsclean,clean,likelihood,,0.00011498346114748416,7.433624497867823e-07,0.56704,0.002799065213795117,50000,
34,1,0.6,fit,1250,APsimfit10000led_npsclean,clean,likelihood,,0.00020021718255517438,7.738203892077274e-07,0.2461,0.0029137518767298667,50000,
34,17,6.0,fit,1244,APsimfit10000led_npsclean,clean,likelihood,,8.89730209572019e-05,6.377514821527217e-07,0.66498,0.0024013965048301548,50000,
34,5,1.4,fit,1249,APsimfit10000led_npsclean,clean,likelihood,,0.00015290760714679297,8.026089049754884e-07,0.42424,0.003022152473323688,50000,
34,13,4.0,fit,1245,APsimfit10000led_npsclean,clean,likelihood,,0.00010261827740989438,7.019846699609578e-07,0.6136,0.002643260862677087,50000,
34,3,1.0,fit,1250,APsimfit10000led_npsclean,clean,likelihood,,0.0001748547459800064,8.207633868550044e-07,0.3416,0.0030905115607621275,50000,
34,9,2.0,fit,1249,APsimfit10000led_npsclean,clean,likelihood,,0.00013067364704131583,7.760791666353271e-07,0.50796,0.0029222571023100846,50000,
34,15,5.0,fit,1245,APsimfit10000led_npsclean,clean,likelihood,,9.435888706970878e-05,6.696231911188995e-07,0.6447,0.0025214065912920395,50000,
31,29,40.0,fit,1250,APsimfit10000led_npsclean,clean,likelihood,,5.312036192424191e-05,4.982516170475257e-07,0.79998,0.0018761221654321088,50000,
34,7,1.8,fit,1249,APsimfit10000led_npsclean,clean,likelihood,,0.00013858778955377665,7.83592117807913e-07,0.47816,0.00295054645198891,50000,
31,25,26.0,fit,1250,APsimfit10000led_npsclean,clean,likelihood,,5.4963454173788166e-05,5.03857425853868e-07,0.79304,0.0018972303400910783,50000,
31,27,30.0,fit,1249,APsimfit10000led_npsclean,clean,likelihood,,5.534057103176448e-05,5.066576674113454e-07,0.79162,0.0019077744007118518,50000,
34,11,3.0,fit,1247,APsimfit10000led_npsclean,clean,likelihood,,0.00011485067352143615,7.296720274722273e-07,0.56754,0.0027475151457578804,50000,
34,17,6.0,fit,1245,APsimfit10000led_npsclean,clean,likelihood,,8.821347573620736e-05,6.410984994144975e-07,0.66784,0.002413999400752724,50000,
34,1,0.6,fit,1251,APsimfit10000led_npsclean,clean,likelihood,,0.00020033934717113855,7.679948034171811e-07,0.24564,0.002891816151376811,50000,
34,13,4.0,fit,1246,APsimfit10000led_npsclean,clean,likelihood,,0.00010291572169224191,7.05998808945023e-07,0.61248,0.002658375746132471,50000,
34,5,1.4,fit,1250,APsimfit10000led_npsclean,clean,likelihood,,0.00015389554708459006,8.125853308706779e-07,0.42052,0.003059717818047839,50000,
34,3,1.0,fit,1251,APsimfit10000led_npsclean,clean,likelihood,,0.00017576301334217473,8.428065298252189e-07,0.33818,0.003173513055804468,50000,
34,15,5.0,fit,1246,APsimfit10000led_npsclean,clean,likelihood,,9.455010125121792e-05,6.819358204037462e-07,0.64398,0.0025677687021727477,50000,
34,9,2.0,fit,1250,APsimfit10000led_npsclean,clean,likelihood,,0.0001318899816959155,7.861897879249513e-07,0.50338,0.0029603277478609333,50000,
31,29,40.0,fit,1251,APsimfit10000led_npsclean,clean,likelihood,,5.284947516710399e-05,4.973194217753764e-07,0.801,0.0018726120670144585,50000,
34,7,1.8,fit,1250,APsimfit10000led_npsclean,clean,likelihood,,0.00014015999504618496,7.941841603123635e-07,0.47224,0.0029904298463219845,50000,
31,25,26.0,fit,1251,APsimfit10000led_npsclean,clean,likelihood,,5.502188072924928e-05,5.057153052146727e-07,0.79282,0.0019042260196438297,50000,
34,11,3.0,fit,1248,APsimfit10000led_npsclean,clean,likelihood,,0.00011490910007689727,7.448974605861675e-07,0.56732,0.0028048451604854446,50000,
31,27,30.0,fit,1250,APsimfit10000led_npsclean,clean,likelihood,,5.618510033342975e-05,5.094517249911007e-07,0.78844,0.0019182951761143182,50000,
34,17,6.0,fit,1246,APsimfit10000led_npsclean,clean,likelihood,,8.964758209752574e-05,6.431916684641379e-07,0.66244,0.0024218810427096473,50000,
34,13,4.0,fit,1247,APsimfit10000led_npsclean,clean,likelihood,,0.00010292103319728383,7.055827042935124e-07,0.61246,0.0026568089410622447,50000,
34,1,0.6,fit,1252,APsimfit10000led_npsclean,clean,likelihood,,0.00020062085693836032,7.684492553042962e-07,0.24458,0.0028935273495533298,50000,
34,5,1.4,fit,1251,APsimfit10000led_npsclean,clean,likelihood,,0.00015465509230558466,8.034625963076005e-07,0.41766,0.003025366972134758,50000,
34,15,5.0,fit,1247,APsimfit10000led_npsclean,clean,likelihood,,9.428983750416384e-05,6.723656898770038e-07,0.64496,0.002531733226535571,50000,
34,3,1.0,fit,1252,APsimfit10000led_npsclean,clean,likelihood,,0.0001762038682606541,8.251672536622211e-07,0.33652,0.0031070939296856627,50000,
34,9,2.0,fit,1251,APsimfit10000led_npsclean,clean,likelihood,,0.00013162971794886144,7.703079956556098e-07,0.50436,0.002900526271089293,50000,
31,29,40.0,fit,1252,APsimfit10000led_npsclean,clean,likelihood,,5.320534600491263e-05,5.002470134181249e-07,0.79966,0.001883635653058877,50000,
34,7,1.8,fit,1251,APsimfit10000led_npsclean,clean,likelihood,,0.0001398784852789632,7.88678768115281e-07,0.4733,0.0029696997814773413,50000,
31,25,26.0,fit,1252,APsimfit10000led_npsclean,clean,likelihood,,5.5037815244375034e-05,5.049985542877787e-07,0.79276,0.0019015271577535098,50000,
34,11,3.0,fit,1249,APsimfit10000led_npsclean,clean,likelihood,,0.00011405925927019007,7.341364018313981e-07,0.57052,0.0027643253504886925,50000,
34,17,6.0,fit,1247,APsimfit10000led_npsclean,clean,likelihood,,8.88614793513216e-05,6.420492053433381e-07,0.6654,0.0024175791994023995,50000,
31,27,30.0,fit,1251,APsimfit10000led_npsclean,clean,likelihood,,5.621165785863935e-05,5.124161895991839e-07,0.78834,0.001929457604031403,50000,
34,13,4.0,fit,1248,APsimfit10000led_npsclean,clean,likelihood,,0.00010274575353090047,7.100078861117383e-07,0.61312,0.0026734715697646592,50000,
34,15,5.0,fit,1248,APsimfit10000led_npsclean,clean,likelihood,,9.325940552603136e-05,6.633460121406085e-07,0.64884,0.002497770431940784,50000,
34,1,0.6,fit,1253,APsimfit10000led_npsclean,clean,likelihood,,0.00019983475419215615,7.554034596936375e-07,0.24754,0.0028444045660571365,50000,
34,5,1.4,fit,1252,APsimfit10000led_npsclean,clean,likelihood,,0.00015361934882241024,8.055629477823982e-07,0.42156,0.0030332756588750363,50000,
34,3,1.0,fit,1253,APsimfit10000led_npsclean,clean,likelihood,,0.0001754708805648691,8.020983262339941e-07,0.33928,0.003020229934467132,50000,
34,9,2.0,fit,1252,APsimfit10000led_npsclean,clean,likelihood,,0.00013168283299928063,7.686815134158132e-07,0.50416,0.0028944018968226405,50000,
31,29,40.0,fit,1253,APsimfit10000led_npsclean,clean,likelihood,,5.245111228896e-05,4.954503093395049e-07,0.8025,0.0018655740903162537,50000,
34,11,3.0,fit,1250,APsimfit10000led_npsclean,clean,likelihood,,0.00011486660803656192,7.458725922912313e-07,0.56748,0.002808516932223842,50000,
31,25,26.0,fit,1253,APsimfit10000led_npsclean,clean,likelihood,,5.470850193177599e-05,5.037788069229146e-07,0.794,0.0018969343074964264,50000,
34,7,1.8,fit,1252,APsimfit10000led_npsclean,clean,likelihood,,0.00013939513832014847,7.773461043302909e-07,0.47512,0.00292702764355956,50000,
34,17,6.0,fit,1248,APsimfit10000led_npsclean,clean,likelihood,,8.85427890488064e-05,6.413410212752479e-07,0.6666,0.0024149125952572428,50000,
34,13,4.0,fit,1249,APsimfit10000led_npsclean,clean,likelihood,,0.00010203401185528319,7.024285058590244e-07,0.6158,0.00264493208729069,50000,
34,15,5.0,fit,1249,APsimfit10000led_npsclean,clean,likelihood,,9.373212947476224e-05,6.663262760000503e-07,0.64706,0.0025089923505341796,50000,
31,27,30.0,fit,1252,APsimfit10000led_npsclean,clean,likelihood,,5.626477290905857e-05,5.109194676723551e-07,0.78814,0.0019238218306864988,50000,
34,1,0.6,fit,1254,APsimfit10000led_npsclean,clean,likelihood,,0.0002003977737265997,7.661455714205869e-07,0.24542,0.0028848530327051747,50000,
34,5,1.4,fit,1253,APsimfit10000led_npsclean,clean,likelihood,,0.00015402302320559618,8.157917731382778e-07,0.42004,0.0030717913913280814,50000,
34,3,1.0,fit,1254,APsimfit10000led_npsclean,clean,likelihood,,0.00017561429120100094,8.128899992946812e-07,0.33874,0.00306086501991096,50000,
34,9,2.0,fit,1253,APsimfit10000led_npsclean,clean,likelihood,,0.0001302965301833395,7.676672118000948e-07,0.50938,0.002890582634268192,50000,
31,29,40.0,fit,1254,APsimfit10000led_npsclean,clean,likelihood,,5.280698312676864e-05,4.965661804639676e-07,0.80116,0.0018697758038255352,50000,
34,11,3.0,fit,1251,APsimfit10000led_npsclean,clean,likelihood,,0.0001158173674390656,7.435239991683043e-07,0.5639,0.0027996735136282037,50000,
34,17,6.0,fit,1249,APsimfit10000led_npsclean,clean,likelihood,,8.85215430286387e-05,6.388455872672574e-07,0.66668,0.0024055162603642296,50000,
31,25,26.0,fit,1254,APsimfit10000led_npsclean,clean,likelihood,,5.480942052757248e-05,5.036963030550994e-07,0.79362,0.001896623646517423,50000,
34,7,1.8,fit,1253,APsimfit10000led_npsclean,clean,likelihood,,0.0001391933011285555,7.878539656718831e-07,0.47588,0.0029665940612082714,50000,
34,13,4.0,fit,1250,APsimfit10000led_npsclean,clean,likelihood,,0.00010311224737879297,7.088316022971912e-07,0.61174,0.002669042377642037,50000,
34,15,5.0,fit,1250,APsimfit10000led_npsclean,clean,likelihood,,9.410393482769663e-05,6.710657823967765e-07,0.64566,0.002526838540490964,50000,
34,1,0.6,fit,1255,APsimfit10000led_npsclean,clean,likelihood,,0.00020005252589887486,7.527450589174293e-07,0.24672,0.0028343945942874505,50000,
31,27,30.0,fit,1253,APsimfit10000led_npsclean,clean,likelihood,,5.584516401074688e-05,5.09640554473075e-07,0.78972,0.0019190061967402385,50000,
34,5,1.4,fit,1254,APsimfit10000led_npsclean,clean,likelihood,,0.00015373089042829054,8.07529227586577e-07,0.42114,0.0030406795106596445,50000,
34,3,1.0,fit,1255,APsimfit10000led_npsclean,clean,likelihood,,0.00017581612839259392,8.232467228824479e-07,0.33798,0.003099862341784999,50000,
34,9,2.0,fit,1254,APsimfit10000led_npsclean,clean,likelihood,,0.00013205463835221505,7.702711107953811e-07,0.50276,0.002900387384427461,50000,
34,11,3.0,fit,1252,APsimfit10000led_npsclean,clean,likelihood,,0.00011575894088360449,7.365535442322203e-07,0.56412,0.002773426885295665,50000,
31,29,40.0,fit,1255,APsimfit10000led_npsclean,clean,likelihood,,5.31734769746611e-05,4.998261545513703e-07,0.79978,0.0018820509464138376,50000,
34,17,6.0,fit,1250,APsimfit10000led_npsclean,clean,likelihood,,8.8038196069824e-05,6.398092574023849e-07,0.6685,0.002409144874580057,50000,
34,7,1.8,fit,1254,APsimfit10000led_npsclean,clean,likelihood,,0.0001396129100268672,7.801506993254551e-07,0.4743,0.0029375880966628874,50000,
31,25,26.0,fit,1255,APsimfit10000led_npsclean,clean,likelihood,,5.495814266874624e-05,5.058666817440445e-07,0.79306,0.001904796014506593,50000,
34,13,4.0,fit,1251,APsimfit10000led_npsclean,clean,likelihood,,0.00010352123326702081,7.01186103929063e-07,0.6102,0.002640253933282905,50000,
34,15,5.0,fit,1251,APsimfit10000led_npsclean,clean,likelihood,,9.472006941255935e-05,6.71882683724781e-07,0.64334,0.002529914509812493,50000,
34,1,0.6,fit,1256,APsimfit10000led_npsclean,clean,likelihood,,0.00019943639131401214,7.658168123167113e-07,0.24904,0.002883615119528849,50000,
31,27,30.0,fit,1254,APsimfit10000led_npsclean,clean,likelihood,,5.584516401074688e-05,5.101852717217857e-07,0.78972,0.0019210572811105314,50000,
34,5,1.4,fit,1255,APsimfit10000led_npsclean,clean,likelihood,,0.00015453823919466238,8.018188913593283e-07,0.4181,0.003019177747290577,50000,
34,3,1.0,fit,1256,APsimfit10000led_npsclean,clean,likelihood,,0.00017560897969595905,8.174191737727226e-07,0.33876,0.0030779192237281295,50000,
34,11,3.0,fit,1253,APsimfit10000led_npsclean,clean,likelihood,,0.00011399020970464513,7.328532836263568e-07,0.57078,0.0027594938829670975,50000,
34,9,2.0,fit,1255,APsimfit10000led_npsclean,clean,likelihood,,0.0001316244064438195,7.641570198525859e-07,0.50438,0.002877365318574032,50000,
34,17,6.0,fit,1251,APsimfit10000led_npsclean,clean,likelihood,,8.863308463451904e-05,6.405342212786773e-07,0.66626,0.00241187466160114,50000,
31,29,40.0,fit,1256,APsimfit10000led_npsclean,clean,likelihood,,5.419859744775169e-05,5.03623780052099e-07,0.79592,0.0018963505675975009,50000,
34,15,5.0,fit,1252,APsimfit10000led_npsclean,clean,likelihood,,9.399239322181632e-05,6.715961404750041e-07,0.64608,0.0025288355566814484,50000,
34,13,4.0,fit,1252,APsimfit10000led_npsclean,clean,likelihood,,0.0001027032614905651,7.077521759511847e-07,0.61328,0.0026649778937057993,50000,
31,25,26.0,fit,1256,APsimfit10000led_npsclean,clean,likelihood,,5.5914213576291825e-05,5.078776886200801e-07,0.78946,0.0019123682821036833,50000,
34,7,1.8,fit,1255,APsimfit10000led_npsclean,clean,likelihood,,0.00014069645705541884,7.803792613152985e-07,0.47022,0.0029384487265146507,50000,
34,1,0.6,fit,1257,APsimfit10000led_npsclean,clean,likelihood,,0.00020050931533248,7.672082786985993e-07,0.245,0.00288885456247734,50000,
34,3,1.0,fit,1257,APsimfit10000led_npsclean,clean,likelihood,,0.00017556648765562367,8.073355762244836e-07,0.33892,0.0030399503336728394,50000,
31,27,30.0,fit,1255,APsimfit10000led_npsclean,clean,likelihood,,5.613729678805248e-05,5.119745358774973e-07,0.78862,0.0019277945962089457,50000,
34,5,1.4,fit,1256,APsimfit10000led_npsclean,clean,likelihood,,0.00015408144976105726,8.077116174179484e-07,0.41982,0.0030413662833537565,50000,
34,11,3.0,fit,1254,APsimfit10000led_npsclean,clean,likelihood,,0.00011514811780378367,7.409601061069186e-07,0.56642,0.002790019402256189,50000,
34,17,6.0,fit,1252,APsimfit10000led_npsclean,clean,likelihood,,8.925984222946558e-05,6.447666201912122e-07,0.6639,0.0024278113834121195,50000,
34,9,2.0,fit,1256,APsimfit10000led_npsclean,clean,likelihood,,0.000131858112665664,7.631362537186499e-07,0.5035,0.002873521714450983,50000,
31,29,40.0,fit,1257,APsimfit10000led_npsclean,clean,likelihood,,5.365682393347584e-05,4.998823636869166e-07,0.79796,0.0018822625969162948,50000,
34,15,5.0,fit,1253,APsimfit10000led_npsclean,clean,likelihood,,9.410924633273855e-05,6.693099063642437e-07,0.64564,0.0025202269454019078,50000,
34,13,4.0,fit,1253,APsimfit10000led_npsclean,clean,likelihood,,0.00010305382082333185,6.988284475585861e-07,0.61196,0.002631376387834413,50000,
31,25,26.0,fit,1257,APsimfit10000led_npsclean,clean,likelihood,,5.574424541495039e-05,5.08878315127835e-07,0.7901,0.0019161360522549212,50000,
34,7,1.8,fit,1256,APsimfit10000led_npsclean,clean,likelihood,,0.0001398784852789632,7.771261502747612e-07,0.4733,0.0029261994261191404,50000,
34,1,0.6,fit,1258,APsimfit10000led_npsclean,clean,likelihood,,0.00020048806931231231,7.719809489455325e-07,0.24508,0.002906825627963547,50000,
34,3,1.0,fit,1258,APsimfit10000led_npsclean,clean,likelihood,,0.00017561960270604286,7.928825526546065e-07,0.33872,0.0029855287584100486,50000,
34,11,3.0,fit,1255,APsimfit10000led_npsclean,clean,likelihood,,0.00011487723104664574,7.345554057979444e-07,0.56744,0.0027659030726719133,50000,
34,5,1.4,fit,1257,APsimfit10000led_npsclean,clean,likelihood,,0.00015453292768962047,8.260279246822371e-07,0.41812,0.003110334709890984,50000,
31,27,30.0,fit,1256,APsimfit10000led_npsclean,clean,likelihood,,5.728989338214912e-05,5.143565551668134e-07,0.78428,0.0019367638780622678,50000,
34,17,6.0,fit,1253,APsimfit10000led_npsclean,clean,likelihood,,8.836219787738113e-05,6.378296221765392e-07,0.66728,0.002401690734142566,50000,
34,9,2.0,fit,1257,APsimfit10000led_npsclean,clean,likelihood,,0.0001319962117967539,7.746865258331032e-07,0.50298,0.002917013237186234,50000,
34,15,5.0,fit,1254,APsimfit10000led_npsclean,clean,likelihood,,9.381711355543296e-05,6.704555235250922e-07,0.64674,0.0025245406649665398,50000,
34,13,4.0,fit,1254,APsimfit10000led_npsclean,clean,likelihood,,0.000103043197813248,7.039231341809666e-07,0.612,0.0026505599773525316,50000,
31,29,40.0,fit,1258,APsimfit10000led_npsclean,clean,likelihood,,5.171281308813312e-05,4.919109269255304e-07,0.80528,0.0018522468605158837,50000,
31,25,26.0,fit,1258,APsimfit10000led_npsclean,clean,likelihood,,5.363557791330817e-05,4.99653022094931e-07,0.79804,0.001881399031541978,50000,
34,7,1.8,fit,1257,APsimfit10000led_npsclean,clean,likelihood,,0.0001405424234092032,7.92464118382442e-07,0.4708,0.002983953181360372,50000,
34,1,0.6,fit,1259,APsimfit10000led_npsclean,clean,likelihood,,0.00020041901974676737,7.592095538815474e-07,0.24534,0.002858736075329447,50000,
34,11,3.0,fit,1256,APsimfit10000led_npsclean,clean,likelihood,,0.00011543493907604737,7.337322425410652e-07,0.56534,0.002762803524613943,50000,
34,3,1.0,fit,1259,APsimfit10000led_npsclean,clean,likelihood,,0.00017604983461443841,8.261591748134561e-07,0.3371,0.003110828920590901,50000,
34,5,1.4,fit,1258,APsimfit10000led_npsclean,clean,likelihood,,0.0001541398763165184,8.00663718481257e-07,0.4196,0.0030148280465223227,50000,
34,17,6.0,fit,1254,APsimfit10000led_npsclean,clean,likelihood,,8.793727747402751e-05,6.335758751433469e-07,0.66888,0.002385673627881269,50000,
31,27,30.0,fit,1257,APsimfit10000led_npsclean,clean,likelihood,,5.6806546423334394e-05,5.138193905704138e-07,0.7861,0.0019347412325327613,50000,
34,15,5.0,fit,1255,APsimfit10000led_npsclean,clean,likelihood,,9.387554011089408e-05,6.69196454664641e-07,0.64652,0.002519799753113819,50000,
34,13,4.0,fit,1255,APsimfit10000led_npsclean,clean,likelihood,,0.00010283073761157119,6.98749749557962e-07,0.6128,0.0026310800575099456,50000,
34,9,2.0,fit,1258,APsimfit10000led_npsclean,clean,likelihood,,0.00013087017272786687,7.785808553379898e-07,0.50722,0.0029316769886997937,50000,
31,29,40.0,fit,1259,APsimfit10000led_npsclean,clean,likelihood,,5.297163978306815e-05,4.969313020848062e-07,0.80054,0.0018711506368265661,50000,
31,25,26.0,fit,1259,APsimfit10000led_npsclean,clean,likelihood,,5.459696032589567e-05,5.028089910243012e-07,0.79442,0.0018932825519546008,50000,
34,7,1.8,fit,1258,APsimfit10000led_npsclean,clean,likelihood,,0.00013966071357224448,7.827114002443976e-07,0.47412,0.002947230188306339,50000,
34,1,0.6,fit,1260,APsimfit10000led_npsclean,clean,likelihood,,0.00020106171185683966,7.720447707555863e-07,0.24292,0.0029070659433150345,50000,
34,11,3.0,fit,1257,APsimfit10000led_npsclean,clean,likelihood,,0.0001153393319852928,7.305353374386338e-07,0.5657,0.002750765862681212,50000,
34,17,6.0,fit,1255,APsimfit10000led_npsclean,clean,likelihood,,8.842062443284224e-05,6.36176289736172e-07,0.66706,0.002395465257832862,50000,
34,3,1.0,fit,1260,APsimfit10000led_npsclean,clean,likelihood,,0.00017595422752368384,8.375277003576515e-07,0.33746,0.0031536360927745728,50000,
34,15,5.0,fit,1256,APsimfit10000led_npsclean,clean,likelihood,,9.491128359406849e-05,6.630659534144748e-07,0.64262,0.002496715895706992,50000,
34,5,1.4,fit,1259,APsimfit10000led_npsclean,clean,likelihood,,0.00015423017190223105,8.107136282513333e-07,0.41926,0.0030526700882440544,50000,
34,13,4.0,fit,1256,APsimfit10000led_npsclean,clean,likelihood,,0.00010364339788298497,6.979934255166423e-07,0.60974,0.002628232186575623,50000,
31,27,30.0,fit,1258,APsimfit10000led_npsclean,clean,likelihood,,5.505374975950081e-05,5.068111810513993e-07,0.7927,0.0019083524426748827,50000,
34,9,2.0,fit,1259,APsimfit10000led_npsclean,clean,likelihood,,0.00013130571614130432,7.823941332322108e-07,0.50558,0.002946035547579529,50000,
31,29,40.0,fit,1260,APsimfit10000led_npsclean,clean,likelihood,,5.2748556571307526e-05,4.969772389841957e-07,0.80138,0.0018713236081370588,50000,
31,25,26.0,fit,1260,APsimfit10000led_npsclean,clean,likelihood,,5.448010721497344e-05,5.028251971260576e-07,0.79486,0.0018933435745899117,50000,
34,7,1.8,fit,1259,APsimfit10000led_npsclean,clean,likelihood,,0.0001399953383898854,7.929624503568645e-07,0.47286,0.0029858296061043552,50000,
34,11,3.0,fit,1258,APsimfit10000led_npsclean,clean,likelihood,,0.00011420798141136382,7.351109748817922e-07,0.56996,0.0027679950186625998,50000,
34,1,0.6,fit,1261,APsimfit10000led_npsclean,clean,likelihood,,0.00019967009753585666,7.690851726859511e-07,0.24816,0.0028959218399158015,50000,
34,17,6.0,fit,1256,APsimfit10000led_npsclean,clean,likelihood,,9.007250250087935e-05,6.417964286202398e-07,0.66084,0.0024166273911254486,50000,
34,15,5.0,fit,1257,APsimfit10000led_npsclean,clean,likelihood,,9.4013639241984e-05,6.685278410955086e-07,0.646,0.0025172821481643536,50000,
34,3,1.0,fit,1261,APsimfit10000led_npsclean,clean,likelihood,,0.00017510438671697665,8.166397765133109e-07,0.34066,0.003074984472642475,50000,
34,13,4.0,fit,1257,APsimfit10000led_npsclean,clean,likelihood,,0.00010316536242921216,7.053524053887904e-07,0.61154,0.0026559417710119316,50000,
34,5,1.4,fit,1260,APsimfit10000led_npsclean,clean,likelihood,,0.00015385305504425474,8.046187549026946e-07,0.42068,0.003029720384532823,50000,
31,27,30.0,fit,1259,APsimfit10000led_npsclean,clean,likelihood,,5.572831089982464e-05,5.088617772806056e-07,0.79016,0.001916073780461526,50000,
31,29,40.0,fit,1261,APsimfit10000led_npsclean,clean,likelihood,,5.247235830912767e-05,4.946682594945148e-07,0.80242,0.00186262935115544,50000,
34,9,2.0,fit,1260,APsimfit10000led_npsclean,clean,likelihood,,0.0001319484082513766,7.784158188926901e-07,0.50316,0.0029310555586380795,50000,
31,25,26.0,fit,1261,APsimfit10000led_npsclean,clean,likelihood,,5.429420453850623e-05,5.004088499999406e-07,0.79556,0.0018842450343191357,50000,
34,11,3.0,fit,1259,APsimfit10000led_npsclean,clean,likelihood,,0.00011450011418866943,7.449179167952761e-07,0.56886,0.002804922186522122,50000,
34,15,5.0,fit,1258,APsimfit10000led_npsclean,clean,likelihood,,9.304694532435455e-05,6.631570654856578e-07,0.64964,0.0024970589701104385,50000,
34,17,6.0,fit,1257,APsimfit10000led_npsclean,clean,likelihood,,8.87605607555251e-05,6.393455951174524e-07,0.66578,0.0024073989954694354,50000,
34,1,0.6,fit,1262,APsimfit10000led_npsclean,clean,likelihood,,0.00020100328530137855,7.720156048872593e-07,0.24314,0.0029069561218309286,50000,
34,7,1.8,fit,1260,APsimfit10000led_npsclean,clean,likelihood,,0.0001401440605310592,7.796686800836074e-07,0.4723,0.002935773096063082,50000,
34,13,4.0,fit,1258,APsimfit10000led_npsclean,clean,likelihood,,0.0001020605693804928,7.01309417783176e-07,0.6157,0.002640718260636978,50000,
34,3,1.0,fit,1262,APsimfit10000led_npsclean,clean,likelihood,,0.00017525310885815038,8.306331162253057e-07,0.3401,0.0031276751492079874,50000,
34,5,1.4,fit,1261,APsimfit10000led_npsclean,clean,likelihood,,0.00015381587450896128,8.115127513910327e-07,0.42082,0.0030556791153781436,50000,
31,29,40.0,fit,1262,APsimfit10000led_npsclean,clean,likelihood,,5.373649650910463e-05,4.996789323716745e-07,0.79766,0.0018814965943854244,50000,
31,27,30.0,fit,1260,APsimfit10000led_npsclean,clean,likelihood,,5.555834273848321e-05,5.081833085837085e-07,0.7908,0.0019135190669046626,50000,
34,9,2.0,fit,1261,APsimfit10000led_npsclean,clean,likelihood,,0.00013084361520265727,7.693546012034161e-07,0.50732,0.0028969363490439623,50000,
34,11,3.0,fit,1260,APsimfit10000led_npsclean,clean,likelihood,,0.00011525434790462208,7.334364818878699e-07,0.56602,0.0027616898641698276,50000,
31,25,26.0,fit,1262,APsimfit10000led_npsclean,clean,likelihood,,5.5579588758650886e-05,5.065338549209507e-07,0.79072,0.001907308195787193,50000,
34,15,5.0,fit,1259,APsimfit10000led_npsclean,clean,likelihood,,9.3880851615936e-05,6.662422376079741e-07,0.6465,0.0025086759114405026,50000,
34,17,6.0,fit,1258,APsimfit10000led_npsclean,clean,likelihood,,8.873931473535744e-05,6.447993812182409e-07,0.66586,0.002427934742146679,50000,
34,1,0.6,fit,1263,APsimfit10000led_npsclean,clean,likelihood,,0.0002004933808173542,7.570680528056351e-07,0.24506,0.0028506724434247004,50000,
34,13,4.0,fit,1259,APsimfit10000led_npsclean,clean,likelihood,,0.00010233676764267264,6.937223257730881e-07,0.61466,0.0026121497402262534,50000,
34,3,1.0,fit,1263,APsimfit10000led_npsclean,clean,likelihood,,0.0001755983566858752,8.196961926862655e-07,0.3388,0.003086493136001852,50000,
34,7,1.8,fit,1261,APsimfit10000led_npsclean,clean,likelihood,,0.00014039370126802943,7.95259537954613e-07,0.47136,0.0029944790852241875,50000,
34,5,1.4,fit,1262,APsimfit10000led_npsclean,clean,likelihood,,0.0001530775753081344,8.122019983142102e-07,0.4236,0.0030582744133877955,50000,
31,29,40.0,fit,1263,APsimfit10000led_npsclean,clean,likelihood,,5.316816546961921e-05,4.959606704419455e-07,0.7998,0.001867495809672303,50000,
34,11,3.0,fit,1261,APsimfit10000led_npsclean,clean,likelihood,,0.00011488254255168766,7.397651317803166e-07,0.56742,0.00278551983267216,50000,
31,27,30.0,fit,1261,APsimfit10000led_npsclean,clean,likelihood,,5.568581885948927e-05,5.072400945890729e-07,0.79032,0.0019099674784671431,50000,
34,15,5.0,fit,1260,APsimfit10000led_npsclean,clean,likelihood,,9.432701803945729e-05,6.656829569454327e-07,0.64482,0.002506569989830235,50000,
34,9,2.0,fit,1262,APsimfit10000led_npsclean,clean,likelihood,,0.0001306099089808128,7.662789444103385e-07,0.5082,0.002885355236840157,50000,
34,17,6.0,fit,1259,APsimfit10000led_npsclean,clean,likelihood,,8.894646343199231e-05,6.439814327221137e-07,0.66508,0.0024248548298066858,50000,
34,13,4.0,fit,1260,APsimfit10000led_npsclean,clean,likelihood,,0.00010310693587375104,7.048355749338901e-07,0.61176,0.0026539956918843724,50000,
31,25,26.0,fit,1263,APsimfit10000led_npsclean,clean,likelihood,,5.5059061264542704e-05,5.034994132983467e-07,0.79268,0.0018958822756434475,50000,
34,1,0.6,fit,1264,APsimfit10000led_npsclean,clean,likelihood,,0.00019943107980897022,7.640314981371926e-07,0.24906,0.0028768926777146047,50000,
34,3,1.0,fit,1264,APsimfit10000led_npsclean,clean,likelihood,,0.00017399428216321533,8.349470608754528e-07,0.34484,0.003143918924243877,50000,
34,7,1.8,fit,1262,APsimfit10000led_npsclean,clean,likelihood,,0.00013915080908822016,7.802125481455292e-07,0.47604,0.002937820982896021,50000,
34,5,1.4,fit,1263,APsimfit10000led_npsclean,clean,likelihood,,0.00015332721604510463,8.220124155980601e-07,0.42266,0.003095214667445442,50000,
34,11,3.0,fit,1262,APsimfit10000led_npsclean,clean,likelihood,,0.00011478693546093313,7.47499198763757e-07,0.56778,0.002814641774277791,50000,
31,29,40.0,fit,1264,APsimfit10000led_npsclean,clean,likelihood,,5.248829282425345e-05,4.939368773576502e-07,0.80236,0.0018598753967448073,50000,
31,27,30.0,fit,1262,APsimfit10000led_npsclean,clean,likelihood,,5.6870284483837437e-05,5.124200939603469e-07,0.78586,0.0019294723055562329,50000,
34,17,6.0,fit,1260,APsimfit10000led_npsclean,clean,likelihood,,8.887210236140546e-05,6.428696128382486e-07,0.66536,0.002420668370883686,50000,
34,15,5.0,fit,1261,APsimfit10000led_npsclean,clean,likelihood,,9.460852780667903e-05,6.66759623320719e-07,0.64376,0.002510624081342109,50000,
34,9,2.0,fit,1263,APsimfit10000led_npsclean,clean,likelihood,,0.00013071613908165118,7.638744082710109e-07,0.5078,0.002876301169790045,50000,
34,13,4.0,fit,1261,APsimfit10000led_npsclean,clean,likelihood,,0.0001032556580149248,7.118410098730248e-07,0.6112,0.002680374034308396,50000,
31,25,26.0,fit,1264,APsimfit10000led_npsclean,clean,likelihood,,5.43632541040512e-05,5.02002473401659e-07,0.7953,0.0018902456815524191,50000,
34,1,0.6,fit,1265,APsimfit10000led_npsclean,clean,likelihood,,0.00019969665506106626,7.71358405482908e-07,0.24806,0.002904481495904136,50000,
34,3,1.0,fit,1265,APsimfit10000led_npsclean,clean,likelihood,,0.00017466884330353917,8.293489145558146e-07,0.3423,0.0031228396019973353,50000,
34,7,1.8,fit,1263,APsimfit10000led_npsclean,clean,likelihood,,0.00013920923564368127,7.903676589947794e-07,0.47582,0.0029760591499281633,50000,
34,11,3.0,fit,1263,APsimfit10000led_npsclean,clean,likelihood,,0.00011511093726849025,7.43917446194201e-07,0.56656,0.002801155003423625,50000,
34,5,1.4,fit,1264,APsimfit10000led_npsclean,clean,likelihood,,0.00015316787089384703,8.072255619392445e-07,0.42326,0.0030395360846629227,50000,
34,15,5.0,fit,1262,APsimfit10000led_npsclean,clean,likelihood,,9.439075609996031e-05,6.699859445746766e-07,0.64458,0.0025227725071780803,50000,
34,17,6.0,fit,1261,APsimfit10000led_npsclean,clean,likelihood,,8.938200684542975e-05,6.390327086307992e-07,0.66344,0.002406220849222058,50000,
31,29,40.0,fit,1265,APsimfit10000led_npsclean,clean,likelihood,,5.2652949480552954e-05,4.950217953302952e-07,0.80174,0.001863960558912903,50000,
34,13,4.0,fit,1262,APsimfit10000led_npsclean,clean,likelihood,,0.00010305913232837374,7.022135069446231e-07,0.61194,0.0026441225279936376,50000,
31,27,30.0,fit,1263,APsimfit10000led_npsclean,clean,likelihood,,5.6317887959477766e-05,5.110067890373849e-07,0.78794,0.0019241506315229495,50000,
34,9,2.0,fit,1264,APsimfit10000led_npsclean,clean,likelihood,,0.00013075331961694465,7.679730118296652e-07,0.50766,0.0028917340970914668,50000,
31,25,26.0,fit,1265,APsimfit10000led_npsclean,clean,likelihood,,5.439512313430272e-05,5.020561961256161e-07,0.79518,0.0018904479696930988,50000,
34,1,0.6,fit,1266,APsimfit10000led_npsclean,clean,likelihood,,0.000199712589576192,7.474655435582166e-07,0.248,0.002814515048593546,50000,
34,3,1.0,fit,1266,APsimfit10000led_npsclean,clean,likelihood,,0.0001752053053127731,8.193300777208599e-07,0.34028,0.0030851145626501707,50000,
34,7,1.8,fit,1264,APsimfit10000led_npsclean,clean,likelihood,,0.00013894897189662718,7.883460457894117e-07,0.4768,0.0029684469451409607,50000,
34,11,3.0,fit,1264,APsimfit10000led_npsclean,clean,likelihood,,0.000113931783149184,7.32795649192765e-07,0.571,0.0027592768656315705,50000,
34,15,5.0,fit,1263,APsimfit10000led_npsclean,clean,likelihood,,9.38330480705587e-05,6.607434079661905e-07,0.64668,0.002487970557314374,50000,
34,17,6.0,fit,1262,APsimfit10000led_npsclean,clean,likelihood,,8.850029700847104e-05,6.368567959259696e-07,0.66676,0.0023980276433880933,50000,
31,29,40.0,fit,1266,APsimfit10000led_npsclean,clean,likelihood,,5.2860098177187834e-05,4.962569808670976e-07,0.80096,0.0018686115402338425,50000,
34,13,4.0,fit,1263,APsimfit10000led_npsclean,clean,likelihood,,0.00010259703138972672,7.020758648470517e-07,0.61368,0.0026436042489127176,50000,
34,5,1.4,fit,1265,APsimfit10000led_npsclean,clean,likelihood,,0.00015276950801570302,8.092390973972936e-07,0.42476,0.0030471178734107736,50000,
31,27,30.0,fit,1264,APsimfit10000led_npsclean,clean,likelihood,,5.546804715277057e-05,5.097208994781545e-07,0.79114,0.0019193087287135507,50000,
34,9,2.0,fit,1265,APsimfit10000led_npsclean,clean,likelihood,,0.0001310666984144179,7.765319895985792e-07,0.50648,0.0029239621669186213,50000,
34,1,0.6,fit,1267,APsimfit10000led_npsclean,clean,likelihood,,0.00019861841953755646,7.506674333710124e-07,0.25212,0.002826571480009973,50000,
31,25,26.0,fit,1266,APsimfit10000led_npsclean,clean,likelihood,,5.4724436446901765e-05,5.021306525617034e-07,0.79394,0.0018907283287834121,50000,
34,3,1.0,fit,1267,APsimfit10000led_npsclean,clean,likelihood,,0.00017399428216321533,8.409082817174021e-07,0.34484,0.003166365371323948,50000,
34,11,3.0,fit,1265,APsimfit10000led_npsclean,clean,likelihood,,0.00011511624877353214,7.409636415383069e-07,0.56654,0.0027900327146087537,50000,
34,15,5.0,fit,1264,APsimfit10000led_npsclean,clean,likelihood,,9.379055603022336e-05,6.617852676849893e-07,0.64684,0.0024918935874558355,50000,
34,7,1.8,fit,1265,APsimfit10000led_npsclean,clean,likelihood,,0.0001392889082193101,8.000532553513163e-07,0.47552,0.0030125294018815934,50000,
34,17,6.0,fit,1263,APsimfit10000led_npsclean,clean,likelihood,,8.888272537148927e-05,6.434443040050715e-07,0.66532,0.0024228323193777094,50000,
34,13,4.0,fit,1264,APsimfit10000led_npsclean,clean,likelihood,,0.00010259703138972672,6.992593072932978e-07,0.61368,0.0026329987518585877,50000,
31,29,40.0,fit,1267,APsimfit10000led_npsclean,clean,likelihood,,5.259452292509184e-05,4.961421236294389e-07,0.80196,0.0018681790555171672,50000,
34,5,1.4,fit,1266,APsimfit10000led_npsclean,clean,likelihood,,0.00015387961256946433,8.09732701772261e-07,0.42058,0.00304897649679933,50000,
34,9,2.0,fit,1266,APsimfit10000led_npsclean,clean,likelihood,,0.0001310879444345856,7.780326516625328e-07,0.5064,0.002929612776499559,50000,
31,27,30.0,fit,1265,APsimfit10000led_npsclean,clean,likelihood,,5.5691130364531195e-05,5.09596025452877e-07,0.7903,0.0019188385266736697,50000,
34,1,0.6,fit,1268,APsimfit10000led_npsclean,clean,likelihood,,0.0001991601930518323,7.715560861245856e-07,0.25008,0.0029052258447849802,50000,
34,3,1.0,fit,1268,APsimfit10000led_npsclean,clean,likelihood,,0.00017555586464553985,8.211106068064125e-07,0.33896,0.0030918189866185196,50000,
31,25,26.0,fit,1267,APsimfit10000led_npsclean,clean,likelihood,,5.432607356875775e-05,5.007298286554935e-07,0.79544,0.001885453650909046,50000,
34,11,3.0,fit,1266,APsimfit10000led_npsclean,clean,likelihood,,0.00011515874081386752,7.491400921076722e-07,0.56638,0.0028208204122757395,50000,
34,15,5.0,fit,1265,APsimfit10000led_npsclean,clean,likelihood,,9.375337549492992e-05,6.642356219631186e-07,0.64698,0.0025011201786340055,50000,
34,17,6.0,fit,1264,APsimfit10000led_npsclean,clean,likelihood,,8.890928289669886e-05,6.378940382502558e-07,0.66522,0.0024019332871410407,50000,
34,13,4.0,fit,1265,APsimfit10000led_npsclean,clean,likelihood,,0.00010271919600569088,7.049077358103515e-07,0.61322,0.0026542674072490076,50000,
34,7,1.8,fit,1266,APsimfit10000led_npsclean,clean,likelihood,,0.00013945887638065153,7.967126731755416e-07,0.47488,0.0029999507367032313,50000,
31,29,40.0,fit,1268,APsimfit10000led_npsclean,clean,likelihood,,5.394364520573951e-05,4.999174751779793e-07,0.79688,0.0018823948061141987,50000,
34,5,1.4,fit,1267,APsimfit10000led_npsclean,clean,likelihood,,0.00015277481952074496,8.035326699163977e-07,0.42474,0.0030256308280785784,50000,
34,9,2.0,fit,1267,APsimfit10000led_npsclean,clean,likelihood,,0.0001311994860404659,7.549101935192998e-07,0.50598,0.0028425472161329826,50000,
31,27,30.0,fit,1266,APsimfit10000led_npsclean,clean,likelihood,,5.5807983475453436e-05,5.077001357696605e-07,0.78986,0.001911699722631299,50000,
34,3,1.0,fit,1269,APsimfit10000led_npsclean,clean,likelihood,,0.00017574176732200702,8.227500197017038e-07,0.33826,0.003097992050118799,50000,
34,1,0.6,fit,1269,APsimfit10000led_npsclean,clean,likelihood,,0.00020100328530137855,7.577780759767057e-07,0.24314,0.0028533459725486186,50000,
31,25,26.0,fit,1268,APsimfit10000led_npsclean,clean,likelihood,,5.553709671831551e-05,5.043681335568361e-07,0.79088,0.0018991533645405989,50000,
34,11,3.0,fit,1267,APsimfit10000led_npsclean,clean,likelihood,,0.00011488254255168766,7.39415340861346e-07,0.56742,0.002784202726065991,50000,
34,15,5.0,fit,1266,APsimfit10000led_npsclean,clean,likelihood,,9.391803215122942e-05,6.648532473936e-07,0.64636,0.0025034457922806347,50000,
34,17,6.0,fit,1265,APsimfit10000led_npsclean,clean,likelihood,,8.839406690763264e-05,6.346538643317526e-07,0.66716,0.002389732700328336,50000,
34,13,4.0,fit,1266,APsimfit10000led_npsclean,clean,likelihood,,0.00010272981901577473,7.071594105671113e-07,0.61318,0.0026627458883536625,50000,
34,7,1.8,fit,1267,APsimfit10000led_npsclean,clean,likelihood,,0.0001387949382504115,7.793431753815533e-07,0.47738,0.002934547437047473,50000,
31,29,40.0,fit,1269,APsimfit10000led_npsclean,clean,likelihood,,5.3497478782218224e-05,4.986859804155494e-07,0.79856,0.001877757722076019,50000,
34,5,1.4,fit,1268,APsimfit10000led_npsclean,clean,likelihood,,0.00015405489223584766,8.073853533655703e-07,0.41992,0.003040137765072015,50000,
34,3,1.0,fit,1270,APsimfit10000led_npsclean,clean,likelihood,,0.0001756036681909171,8.095441337950525e-07,0.33878,0.0030482664608463554,50000,
34,9,2.0,fit,1268,APsimfit10000led_npsclean,clean,likelihood,,0.00013209713039255037,7.723666946417031e-07,0.5026,0.0029082781190865946,50000,
34,1,0.6,fit,1270,APsimfit10000led_npsclean,clean,likelihood,,0.0001996860320509824,7.66207217725585e-07,0.2481,0.002885085156385795,50000,
34,11,3.0,fit,1268,APsimfit10000led_npsclean,clean,likelihood,,0.00011567395680293375,7.519434028448842e-07,0.56444,0.002831376029619929,50000,
31,25,26.0,fit,1269,APsimfit10000led_npsclean,clean,likelihood,,5.555834273848321e-05,5.067035927269964e-07,0.7908,0.0019079473284048074,50000,
34,15,5.0,fit,1267,APsimfit10000led_npsclean,clean,likelihood,,9.395521268652287e-05,6.657099397217058e-07,0.64622,0.002506671591075306,50000,
31,27,30.0,fit,1267,APsimfit10000led_npsclean,clean,likelihood,,5.547867016285439e-05,5.070654546824954e-07,0.7911,0.0019093098874258122,50000,
34,17,6.0,fit,1266,APsimfit10000led_npsclean,clean,likelihood,,8.870213420006399e-05,6.401943692224431e-07,0.666,0.00241059497889896,50000,
34,13,4.0,fit,1267,APsimfit10000led_npsclean,clean,likelihood,,0.00010269263848048128,6.994402925487436e-07,0.61332,0.00263368023574693,50000,
31,29,40.0,fit,1270,APsimfit10000led_npsclean,clean,likelihood,,5.2955705267942405e-05,4.968889076687524e-07,0.8006,0.0018709910044221187,50000,
34,7,1.8,fit,1268,APsimfit10000led_npsclean,clean,likelihood,,0.0001401175030058496,7.945416833362229e-07,0.4724,0.002991776067481666,50000,
34,5,1.4,fit,1269,APsimfit10000led_npsclean,clean,likelihood,,0.00015330065851989504,8.05298634576364e-07,0.42276,0.0030322804109972758,50000,
34,11,3.0,fit,1269,APsimfit10000led_npsclean,clean,likelihood,,0.00011409112830044159,7.361589887014392e-07,0.5704,0.0027719412215236566,50000,
34,9,2.0,fit,1269,APsimfit10000led_npsclean,clean,likelihood,,0.00013013718503208192,7.685661183119808e-07,0.50998,0.0028939673868187085,50000,
34,15,5.0,fit,1268,APsimfit10000led_npsclean,clean,likelihood,,9.443324814029567e-05,6.641464991178605e-07,0.64442,0.0025007845944839215,50000,
34,3,1.0,fit,1271,APsimfit10000led_npsclean,clean,likelihood,,0.00017439795654640127,8.187176912085432e-07,0.34332,0.003082808675684109,50000,
34,1,0.6,fit,1271,APsimfit10000led_npsclean,clean,likelihood,,0.00019977101613165312,7.680606842695187e-07,0.24778,0.0028920642198689527,50000,
31,25,26.0,fit,1270,APsimfit10000led_npsclean,clean,likelihood,,5.514404534521345e-05,5.057086173137876e-07,0.79236,0.0019042008369476548,50000,
34,17,6.0,fit,1267,APsimfit10000led_npsclean,clean,likelihood,,8.933420330005247e-05,6.440176871171441e-07,0.66362,0.0024249913425078667,50000,
31,27,30.0,fit,1268,APsimfit10000led_npsclean,clean,likelihood,,5.679061190820864e-05,5.106415405432139e-07,0.78616,0.001922775320791666,50000,
34,13,4.0,fit,1268,APsimfit10000led_npsclean,clean,likelihood,,0.00010334595360063745,7.028359753001409e-07,0.61086,0.0026464663772439163,50000,
31,29,40.0,fit,1271,APsimfit10000led_npsclean,clean,likelihood,,5.32743955704576e-05,4.973032037251007e-07,0.7994,0.0018725509993880599,50000,
34,7,1.8,fit,1269,APsimfit10000led_npsclean,clean,likelihood,,0.00013895428340166913,7.969170259011954e-07,0.47678,0.0030007202087230862,50000,
34,5,1.4,fit,1270,APsimfit10000led_npsclean,clean,likelihood,,0.00015426204093248254,8.170092297186701e-07,0.41914,0.0030763756158399052,50000,
34,15,5.0,fit,1269,APsimfit10000led_npsclean,clean,likelihood,,9.350904626300158e-05,6.601011296444105e-07,0.6479,0.0024855521153973998,50000,
34,11,3.0,fit,1270,APsimfit10000led_npsclean,clean,likelihood,,0.00011522247887437057,7.36240231769882e-07,0.56614,0.002772247135074718,50000,
34,3,1.0,fit,1272,APsimfit10000led_npsclean,clean,likelihood,,0.0001758214398976358,8.096272867213167e-07,0.33796,0.0030485795657972416,50000,
34,1,0.6,fit,1272,APsimfit10000led_npsclean,clean,likelihood,,0.00020099797379633663,7.726369853963223e-07,0.24316,0.0029092958748921,50000,
34,17,6.0,fit,1268,APsimfit10000led_npsclean,clean,likelihood,,8.923328470425598e-05,6.352553498356897e-07,0.664,0.002391997540516531,50000,
34,9,2.0,fit,1270,APsimfit10000led_npsclean,clean,likelihood,,0.0001311729285152563,7.819368233212198e-07,0.50608,0.002944313587768207,50000,
31,25,26.0,fit,1271,APsimfit10000led_npsclean,clean,likelihood,,5.4952831163704314e-05,5.045434106164144e-07,0.79308,0.001899813354724906,50000,
34,13,4.0,fit,1269,APsimfit10000led_npsclean,clean,likelihood,,0.00010220929152166654,7.039494860665991e-07,0.61514,0.002650659203034987,50000,
31,27,30.0,fit,1269,APsimfit10000led_npsclean,clean,likelihood,,5.664188976703489e-05,5.115969781457585e-07,0.78672,0.0019263729361379907,50000,
31,29,40.0,fit,1272,APsimfit10000led_npsclean,clean,likelihood,,5.281760613685246e-05,4.962029638328329e-07,0.80112,0.001868408143893866,50000,
34,7,1.8,fit,1270,APsimfit10000led_npsclean,clean,likelihood,,0.00013940044982519036,7.90210653114707e-07,0.4751,0.002975467958245831,50000,
34,15,5.0,fit,1270,APsimfit10000led_npsclean,clean,likelihood,,9.408268880752896e-05,6.690654638494134e-07,0.64574,0.0025193065188452123,50000,
34,11,3.0,fit,1271,APsimfit10000led_npsclean,clean,likelihood,,0.00011316692642314753,7.312651269252435e-07,0.57388,0.002753513820108909,50000,
34,5,1.4,fit,1271,APsimfit10000led_npsclean,clean,likelihood,,0.0001533431505602304,8.111624962526886e-07,0.4226,0.0030543602607951965,50000,
34,3,1.0,fit,1273,APsimfit10000led_npsclean,clean,likelihood,,0.00017571520979679743,8.177555598935878e-07,0.33836,0.003079185855758826,50000,
34,1,0.6,fit,1273,APsimfit10000led_npsclean,clean,likelihood,,0.00019977101613165312,7.55885994980268e-07,0.24778,0.002846221509777691,50000,
34,17,6.0,fit,1269,APsimfit10000led_npsclean,clean,likelihood,,8.851623152359681e-05,6.334920855181963e-07,0.6667,0.002385358125497333,50000,
34,13,4.0,fit,1270,APsimfit10000led_npsclean,clean,likelihood,,0.00010295821373257728,6.983801087399161e-07,0.61232,0.002629688207873624,50000,
31,25,26.0,fit,1272,APsimfit10000led_npsclean,clean,likelihood,,5.465007537631487e-05,5.020943319720505e-07,0.79422,0.0018905915668322654,50000,
34,9,2.0,fit,1271,APsimfit10000led_npsclean,clean,likelihood,,0.00012991410182032126,7.82199439519579e-07,0.51082,0.002945302445714445,50000,
31,27,30.0,fit,1270,APsimfit10000led_npsclean,clean,likelihood,,5.625946140401664e-05,5.117912181944885e-07,0.78816,0.0019271043297719869,50000,
31,29,40.0,fit,1273,APsimfit10000led_npsclean,clean,likelihood,,5.2132421986444806e-05,4.917861100179874e-07,0.8037,0.0018517768735477535,50000,
34,15,5.0,fit,1271,APsimfit10000led_npsclean,clean,likelihood,,9.28982231831808e-05,6.609119914842012e-07,0.6502,0.002488605343563018,50000,
34,11,3.0,fit,1272,APsimfit10000led_npsclean,clean,likelihood,,0.00011530215144999935,7.427628188714559e-07,0.56584,0.0027968073568954473,50000,
34,7,1.8,fit,1271,APsimfit10000led_npsclean,clean,likelihood,,0.0001386037240689024,8.00380451140101e-07,0.4781,0.0030137614285339356,50000,
34,5,1.4,fit,1272,APsimfit10000led_npsclean,clean,likelihood,,0.0001537202674182067,8.072608091729029e-07,0.42118,0.003039668804987502,50000,
34,17,6.0,fit,1270,APsimfit10000led_npsclean,clean,likelihood,,8.885616784627967e-05,6.356594597350205e-07,0.66542,0.0023935191804138538,50000,
34,13,4.0,fit,1271,APsimfit10000led_npsclean,clean,likelihood,,0.00010135413920991743,6.97697259618616e-07,0.61836,0.002627117000218126,50000,
34,3,1.0,fit,1274,APsimfit10000led_npsclean,clean,likelihood,,0.00017436608751614975,8.246753082186072e-07,0.34344,0.0031052415528556253,50000,
34,1,0.6,fit,1274,APsimfit10000led_npsclean,clean,likelihood,,0.00020016937900979709,7.688370904206162e-07,0.24628,0.0028949877082021834,50000,
34,9,2.0,fit,1272,APsimfit10000led_npsclean,clean,likelihood,,0.00013132165065643007,7.644067942778959e-07,0.50552,0.002878305821965589,50000,
31,25,26.0,fit,1273,APsimfit10000led_npsclean,clean,likelihood,,5.373118500406273e-05,4.981644294201679e-07,0.79768,0.0018757938681729716,50000,
31,27,30.0,fit,1271,APsimfit10000led_npsclean,clean,likelihood,,5.602044367713024e-05,5.098401828588444e-07,0.78906,0.0019197578796782907,50000,
34,15,5.0,fit,1272,APsimfit10000led_npsclean,clean,likelihood,,9.419423041340927e-05,6.70850408553673e-07,0.64532,0.002526027569433218,50000,
34,11,3.0,fit,1273,APsimfit10000led_npsclean,clean,likelihood,,0.00011376712649288447,7.445034847041128e-07,0.57162,0.00280336167932918,50000,
31,29,40.0,fit,1274,APsimfit10000led_npsclean,clean,likelihood,,5.204743790577409e-05,4.935150285485493e-07,0.80402,0.0018582869625598766,50000,
34,17,6.0,fit,1271,APsimfit10000led_npsclean,clean,likelihood,,8.82772137967104e-05,6.361522344086782e-07,0.6676,0.0023953746796358958,50000,
34,7,1.8,fit,1272,APsimfit10000led_npsclean,clean,likelihood,,0.00013985723925879551,7.843695808932341e-07,0.47338,0.0029534739201139896,50000,
34,13,4.0,fit,1272,APsimfit10000led_npsclean,clean,likelihood,,0.00010297414824770303,7.014086077699455e-07,0.61226,0.0026410917517133738,50000,
34,5,1.4,fit,1273,APsimfit10000led_npsclean,clean,likelihood,,0.00015365121785266176,8.142001106776405e-07,0.42144,0.0030657981278440958,50000,
34,3,1.0,fit,1275,APsimfit10000led_npsclean,clean,likelihood,,0.00017484412296992256,8.139814699683457e-07,0.34164,0.0030649748556921567,50000,
34,1,0.6,fit,1275,APsimfit10000led_npsclean,clean,likelihood,,0.00019993567278795262,7.598591289492773e-07,0.24716,0.002861181992494556,50000,
31,25,26.0,fit,1274,APsimfit10000led_npsclean,clean,likelihood,,5.3901153165404165e-05,4.991386427428456e-07,0.79704,0.0018794621818241453,50000,
34,9,2.0,fit,1273,APsimfit10000led_npsclean,clean,likelihood,,0.00013098702583878911,7.747154458290703e-07,0.50678,0.0029171221328598293,50000,
31,27,30.0,fit,1272,APsimfit10000led_npsclean,clean,likelihood,,5.5877033040998405e-05,5.078617491111975e-07,0.7896,0.0019123082633001358,50000,
34,15,5.0,fit,1273,APsimfit10000led_npsclean,clean,likelihood,,9.312661789998335e-05,6.67475022581266e-07,0.64934,0.002513317853652973,50000,
34,11,3.0,fit,1274,APsimfit10000led_npsclean,clean,likelihood,,0.00011409643980548352,7.38641462441221e-07,0.57038,0.002781288755679002,50000,
31,29,40.0,fit,1275,APsimfit10000led_npsclean,clean,likelihood,,5.3077869883906566e-05,4.980149738928954e-07,0.80014,0.0018752311066728205,50000,
34,17,6.0,fit,1272,APsimfit10000led_npsclean,clean,likelihood,,8.879242978577663e-05,6.393405539539446e-07,0.66566,0.0024073800134164465,50000,
34,13,4.0,fit,1273,APsimfit10000led_npsclean,clean,likelihood,,0.00010204994637040897,6.996802208390967e-07,0.61574,0.0026345836643927073,50000,
34,3,1.0,fit,1276,APsimfit10000led_npsclean,clean,likelihood,,0.0001748388114648806,8.045932184595321e-07,0.34166,0.003029624229326489,50000,
34,7,1.8,fit,1273,APsimfit10000led_npsclean,clean,likelihood,,0.00013852405149327362,7.814444342352545e-07,0.4784,0.002942459540442339,50000,
34,1,0.6,fit,1276,APsimfit10000led_npsclean,clean,likelihood,,0.00020002065686862338,7.647500629721788e-07,0.24684,0.0028795983697145746,50000,
34,5,1.4,fit,1274,APsimfit10000led_npsclean,clean,likelihood,,0.00015248268674343936,8.08910877478059e-07,0.42584,0.003045881990486276,50000,
31,25,26.0,fit,1275,APsimfit10000led_npsclean,clean,likelihood,,5.502719223429121e-05,5.04661744498642e-07,0.7928,0.001900258930437604,50000,
34,9,2.0,fit,1274,APsimfit10000led_npsclean,clean,likelihood,,0.00012955291947747073,7.591946290514498e-07,0.51218,0.002858679877208651,50000,
34,15,5.0,fit,1274,APsimfit10000led_npsclean,clean,likelihood,,9.312130639494142e-05,6.615074616390849e-07,0.64936,0.002490847533489165,50000,
34,11,3.0,fit,1275,APsimfit10000led_npsclean,clean,likelihood,,0.00011477631245084928,7.3443996391449e-07,0.56782,0.0027654683865234743,50000,
31,27,30.0,fit,1273,APsimfit10000led_npsclean,clean,likelihood,,5.502719223429121e-05,5.051957459175624e-07,0.7928,0.0019022696653035447,50000,
31,29,40.0,fit,1276,APsimfit10000led_npsclean,clean,likelihood,,5.308849289399039e-05,4.962824640643663e-07,0.8001,0.0018687074949474975,50000,
34,17,6.0,fit,1273,APsimfit10000led_npsclean,clean,likelihood,,8.799570402948862e-05,6.396460786825852e-07,0.66866,0.0024085304396185463,50000,
34,13,4.0,fit,1274,APsimfit10000led_npsclean,clean,likelihood,,0.00010169938703764223,6.981930923420646e-07,0.61706,0.00262898401425477,50000,
34,3,1.0,fit,1277,APsimfit10000led_npsclean,clean,likelihood,,0.0001755186841102464,8.034009752900215e-07,0.3391,0.003025134943671666,50000,
34,1,0.6,fit,1277,APsimfit10000led_npsclean,clean,likelihood,,0.0002003446586761805,7.645364862505326e-07,0.24562,0.0028787941655578977,50000,
34,7,1.8,fit,1274,APsimfit10000led_npsclean,clean,likelihood,,0.0001385824780487347,7.938001404009308e-07,0.47818,0.002988983853487931,50000,
34,5,1.4,fit,1275,APsimfit10000led_npsclean,clean,likelihood,,0.00015352905323669762,8.066447497324366e-07,0.4219,0.003037349087937046,50000,
31,25,26.0,fit,1276,APsimfit10000led_npsclean,clean,likelihood,,5.4952831163704314e-05,5.025411585448545e-07,0.79308,0.001892274052565697,50000,
34,15,5.0,fit,1275,APsimfit10000led_npsclean,clean,likelihood,,9.367901442434305e-05,6.61336723049725e-07,0.64726,0.002490204632510959,50000,
34,9,2.0,fit,1275,APsimfit10000led_npsclean,clean,likelihood,,0.00013145974978752,7.729904243943828e-07,0.505,0.0029106267180157384,50000,
34,11,3.0,fit,1276,APsimfit10000led_npsclean,clean,likelihood,,0.00011575894088360449,7.399029204328296e-07,0.56412,0.0027860386635926828,50000,
34,17,6.0,fit,1274,APsimfit10000led_npsclean,clean,likelihood,,8.815504918074624e-05,6.399611571561933e-07,0.66806,0.0024097168395979178,50000,
31,27,30.0,fit,1274,APsimfit10000led_npsclean,clean,likelihood,,5.495814266874624e-05,5.060099803912099e-07,0.79306,0.0019053355928220967,50000,
34,13,4.0,fit,1275,APsimfit10000led_npsclean,clean,likelihood,,0.00010215617647124735,6.98367370547355e-07,0.61534,0.0026296402433420626,50000,
31,29,40.0,fit,1277,APsimfit10000led_npsclean,clean,likelihood,,5.293445924777473e-05,4.965743393406434e-07,0.80068,0.0018698065253502688,50000,
34,3,1.0,fit,1278,APsimfit10000led_npsclean,clean,likelihood,,0.00017581612839259392,7.963928272042721e-07,0.33798,0.0029987463851352853,50000,
34,1,0.6,fit,1278,APsimfit10000led_npsclean,clean,likelihood,,0.00020020124804004865,7.628224559581527e-07,0.24616,0.0028723401368829656,50000,
34,7,1.8,fit,1275,APsimfit10000led_npsclean,clean,likelihood,,0.00013949074541090301,7.844804296598932e-07,0.47476,0.002953891311289501,50000,
34,5,1.4,fit,1276,APsimfit10000led_npsclean,clean,likelihood,,0.00015350249571148802,8.028455323118797e-07,0.422,0.0030230434725208037,50000,
31,25,26.0,fit,1277,APsimfit10000led_npsclean,clean,likelihood,,5.485722407294975e-05,5.036262648553704e-07,0.79344,0.0018963599239033007,50000,
34,15,5.0,fit,1276,APsimfit10000led_npsclean,clean,likelihood,,9.461383931172096e-05,6.650531367592131e-07,0.64374,0.002504198457915085,50000,
34,11,3.0,fit,1277,APsimfit10000led_npsclean,clean,likelihood,,0.00011614668075166463,7.396567172032226e-07,0.56266,0.0027851116072210367,50000,
34,9,2.0,fit,1276,APsimfit10000led_npsclean,clean,likelihood,,0.0001320227693219635,7.828012169223492e-07,0.50288,0.002947568385021744,50000,
34,17,6.0,fit,1275,APsimfit10000led_npsclean,clean,likelihood,,8.909518557316607e-05,6.385363722597526e-07,0.66452,0.002404351938745162,50000,
34,13,4.0,fit,1276,APsimfit10000led_npsclean,clean,likelihood,,0.00010370713594348798,7.064441037107326e-07,0.6095,0.0026600524639824783,50000,
31,29,40.0,fit,1278,APsimfit10000led_npsclean,clean,likelihood,,5.341780620658944e-05,4.974775871377307e-07,0.79886,0.001873207624624236,50000,
31,27,30.0,fit,1275,APsimfit10000led_npsclean,clean,likelihood,,5.6169165818304004e-05,5.111032217306978e-07,0.7885,0.0019245137402559803,50000,
34,3,1.0,fit,1279,APsimfit10000led_npsclean,clean,likelihood,,0.00017514156725227008,8.241137241325297e-07,0.34052,0.003103126957908825,50000,
34,1,0.6,fit,1279,APsimfit10000led_npsclean,clean,likelihood,,0.00019895835586023936,7.63267416750218e-07,0.25084,0.002874015597184908,50000,
34,7,1.8,fit,1276,APsimfit10000led_npsclean,clean,likelihood,,0.000139692582602496,7.762859198936674e-07,0.474,0.002923035613322344,50000,
34,5,1.4,fit,1277,APsimfit10000led_npsclean,clean,likelihood,,0.0001549950286282675,8.110365983463703e-07,0.41638,0.0030538862034222877,50000,
34,15,5.0,fit,1277,APsimfit10000led_npsclean,clean,likelihood,,9.51237437957453e-05,6.692167930672733e-07,0.64182,0.0025198763355606837,50000,
31,25,26.0,fit,1278,APsimfit10000led_npsclean,clean,likelihood,,5.522902942588417e-05,5.048255383481754e-07,0.79204,0.0019008756816154368,50000,
34,11,3.0,fit,1278,APsimfit10000led_npsclean,clean,likelihood,,0.00011530746295504127,7.419241112395512e-07,0.56582,0.0027936492778753382,50000,
34,9,2.0,fit,1277,APsimfit10000led_npsclean,clean,likelihood,,0.00013258047735136512,7.667060131017389e-07,0.50078,0.0028869633260277974,50000,
34,17,6.0,fit,1276,APsimfit10000led_npsclean,clean,likelihood,,8.899957848241152e-05,6.344782508681602e-07,0.66488,0.0023890714434446226,50000,
34,13,4.0,fit,1277,APsimfit10000led_npsclean,clean,likelihood,,0.00010402582624600321,7.007585922531348e-07,0.6083,0.0026386441760764103,50000,
31,29,40.0,fit,1279,APsimfit10000led_npsclean,clean,likelihood,,5.3269084065415674e-05,4.98983137421667e-07,0.79942,0.0018788766403629161,50000,
31,27,30.0,fit,1276,APsimfit10000led_npsclean,clean,likelihood,,5.599919765696257e-05,5.072636710246225e-07,0.78914,0.001910056253439071,50000,
34,3,1.0,fit,1280,APsimfit10000led_npsclean,clean,likelihood,,0.00017524248584806654,8.17259857554835e-07,0.34014,0.003077319332674162,50000,
34,1,0.6,fit,1280,APsimfit10000led_npsclean,clean,likelihood,,0.00020047744630222848,7.641582888035478e-07,0.24512,0.0028773700966960593,50000,
34,15,5.0,fit,1278,APsimfit10000led_npsclean,clean,likelihood,,9.399770472685825e-05,6.666421429496967e-07,0.64606,0.0025101817194499707,50000,
34,5,1.4,fit,1278,APsimfit10000led_npsclean,clean,likelihood,,0.00015511188173918976,8.007530535024234e-07,0.41594,0.0030151644296019255,50000,
34,7,1.8,fit,1277,APsimfit10000led_npsclean,clean,likelihood,,0.00014072301458062847,7.818228007101006e-07,0.47012,0.0029438842457635613,50000,
34,11,3.0,fit,1279,APsimfit10000led_npsclean,clean,likelihood,,0.00011585985947940096,7.400553212753349e-07,0.56374,0.0027866125154154806,50000,
31,25,26.0,fit,1279,APsimfit10000led_npsclean,clean,likelihood,,5.4878470093117453e-05,5.043427976593449e-07,0.79336,0.0018990579644711598,50000,
34,17,6.0,fit,1277,APsimfit10000led_npsclean,clean,likelihood,,8.906331654291456e-05,6.376703757510725e-07,0.66464,0.002401091105885754,50000,
34,13,4.0,fit,1278,APsimfit10000led_npsclean,clean,likelihood,,0.00010287322965190657,7.042610917252731e-07,0.61264,0.0026518325264384846,50000,
34,9,2.0,fit,1278,APsimfit10000led_npsclean,clean,likelihood,,0.00013209713039255037,7.745523618436739e-07,0.5026,0.0029165080546122916,50000,
31,29,40.0,fit,1280,APsimfit10000led_npsclean,clean,likelihood,,5.2769802591475195e-05,4.959951061250768e-07,0.8013,0.0018676254741755258,50000,
31,27,30.0,fit,1277,APsimfit10000led_npsclean,clean,likelihood,,5.597264013175294e-05,5.092840473003008e-07,0.78924,0.001917663800677501,50000,
34,3,1.0,fit,1281,APsimfit10000led_npsclean,clean,likelihood,,0.00017510969822201854,8.016658056339675e-07,0.34064,0.003018601316602278,50000,
34,1,0.6,fit,1281,APsimfit10000led_npsclean,clean,likelihood,,0.00019977101613165312,7.556444903956757e-07,0.24778,0.002845312145736101,50000,
34,15,5.0,fit,1279,APsimfit10000led_npsclean,clean,likelihood,,9.493784111927809e-05,6.621772710150324e-07,0.64252,0.0024933696411428763,50000,
34,11,3.0,fit,1280,APsimfit10000led_npsclean,clean,likelihood,,0.00011533402048025088,7.448749463353381e-07,0.56572,0.002804760385075644,50000,
34,5,1.4,fit,1279,APsimfit10000led_npsclean,clean,likelihood,,0.00015466040381062655,7.936790202800789e-07,0.41764,0.0029885277864414124,50000,
34,7,1.8,fit,1278,APsimfit10000led_npsclean,clean,likelihood,,0.00014066989953020925,7.839492878980126e-07,0.47032,0.0029518913442078973,50000,
34,17,6.0,fit,1278,APsimfit10000led_npsclean,clean,likelihood,,8.894646343199231e-05,6.36358820050881e-07,0.66508,0.0023961525595044917,50000,
34,13,4.0,fit,1279,APsimfit10000led_npsclean,clean,likelihood,,0.00010355841380231422,6.971895482033115e-07,0.61006,0.002625205258023409,50000,
31,25,26.0,fit,1280,APsimfit10000led_npsclean,clean,likelihood,,5.4570402800686077e-05,5.030622931778502e-07,0.79452,0.0018942363386931988,50000,
34,9,2.0,fit,1279,APsimfit10000led_npsclean,clean,likelihood,,0.00013200683480683775,7.702032804771236e-07,0.50294,0.0029001319753947214,50000,
31,29,40.0,fit,1281,APsimfit10000led_npsclean,clean,likelihood,,5.3215969014996476e-05,4.97429658985701e-07,0.79962,0.0018730271554289646,50000,
34,3,1.0,fit,1282,APsimfit10000led_npsclean,clean,likelihood,,0.00017568865227158783,8.19019492802091e-07,0.33846,0.003083945082752034,50000,
34,15,5.0,fit,1280,APsimfit10000led_npsclean,clean,likelihood,,9.405081977727744e-05,6.648165083490898e-07,0.64586,0.0025033074546749272,50000,
31,27,30.0,fit,1278,APsimfit10000led_npsclean,clean,likelihood,,5.629133043426817e-05,5.100204426638177e-07,0.78804,0.0019204366319473768,50000,
34,1,0.6,fit,1282,APsimfit10000led_npsclean,clean,likelihood,,0.00019977101613165312,7.517654811554409e-07,0.24778,0.002830706081316994,50000,
34,11,3.0,fit,1281,APsimfit10000led_npsclean,clean,likelihood,,0.00011491972308698111,7.346173951069072e-07,0.56728,0.002766136487903467,50000,
34,17,6.0,fit,1279,APsimfit10000led_npsclean,clean,likelihood,,8.965289360256768e-05,6.431249499562717e-07,0.66242,0.002421629820100087,50000,
34,13,4.0,fit,1280,APsimfit10000led_npsclean,clean,likelihood,,0.00010254391633930752,6.98981010640696e-07,0.61388,0.0026319508505560176,50000,
34,5,1.4,fit,1280,APsimfit10000led_npsclean,clean,likelihood,,0.00015349718420644605,8.040240974068109e-07,0.42202,0.0030274812546018885,50000,
34,7,1.8,fit,1279,APsimfit10000led_npsclean,clean,likelihood,,0.00014049461986382592,7.753593408283289e-07,0.47098,0.0029195466622321136,50000,
31,25,26.0,fit,1281,APsimfit10000led_npsclean,clean,likelihood,,5.562739230402815e-05,5.055839970052461e-07,0.79054,0.0019037315902555856,50000,
34,9,2.0,fit,1280,APsimfit10000led_npsclean,clean,likelihood,,0.00013173063654465793,7.718590331148867e-07,0.50398,0.0029063665647425445,50000,
31,29,40.0,fit,1282,APsimfit10000led_npsclean,clean,likelihood,,5.3391248681379835e-05,4.983254806652734e-07,0.79896,0.0018764002923176706,50000,
34,15,5.0,fit,1281,APsimfit10000led_npsclean,clean,likelihood,,9.428452599912191e-05,6.621354688838398e-07,0.64498,0.002493212238934415,50000,
34,3,1.0,fit,1283,APsimfit10000led_npsclean,clean,likelihood,,0.00017507251768672508,8.125861415575097e-07,0.34078,0.0030597208706170274,50000,
34,1,0.6,fit,1283,APsimfit10000led_npsclean,clean,likelihood,,0.00020041901974676737,7.715659299855628e-07,0.24534,0.0029052629109682913,50000,
34,11,3.0,fit,1282,APsimfit10000led_npsclean,clean,likelihood,,0.00011434076903741184,7.35736649597912e-07,0.56946,0.0027703509411786545,50000,
31,27,30.0,fit,1279,APsimfit10000led_npsclean,clean,likelihood,,5.607355872754944e-05,5.114364449626475e-07,0.78886,0.0019257684627096718,50000,
34,13,4.0,fit,1281,APsimfit10000led_npsclean,clean,likelihood,,0.00010259171988468479,6.980839414730509e-07,0.6137,0.0026285730163618857,50000,
34,17,6.0,fit,1280,APsimfit10000led_npsclean,clean,likelihood,,8.875524925048321e-05,6.422639715848108e-07,0.6658,0.0024183878825902254,50000,
34,5,1.4,fit,1281,APsimfit10000led_npsclean,clean,likelihood,,0.00015427266394256637,8.13978064007942e-07,0.4191,0.0030649620308510735,50000,
34,7,1.8,fit,1280,APsimfit10000led_npsclean,clean,likelihood,,0.0001396978941075379,7.890609231044843e-07,0.47398,0.002971138752112546,50000,
31,25,26.0,fit,1282,APsimfit10000led_npsclean,clean,likelihood,,5.522902942588417e-05,5.051828930947234e-07,0.79204,0.0019022212691418635,50000,
34,9,2.0,fit,1281,APsimfit10000led_npsclean,clean,likelihood,,0.00013083299219257343,7.662213860762739e-07,0.50736,0.002885138506050634,50000,
34,19,8.0,fit,1234,APsimfit10000led_npsclean,clean,likelihood,,8.288603617916161e-05,6.084151333209553e-07,0.6879,0.002290933091540569,50000,
34,15,5.0,fit,1282,APsimfit10000led_npsclean,clean,likelihood,,9.350904626300158e-05,6.676809238656308e-07,0.6479,0.0025140931566329755,50000,
31,29,40.0,fit,1283,APsimfit10000led_npsclean,clean,likelihood,,5.264763797551103e-05,4.952672243905342e-07,0.80176,0.0018648847002186233,50000,
34,21,10.0,fit,1234,APsimfit10000led_npsclean,clean,likelihood,,7.882804632713471e-05,5.856170302135559e-07,0.70318,0.002205088861223663,50000,
34,11,3.0,fit,1283,APsimfit10000led_npsclean,clean,likelihood,,0.00011550398864159231,7.35183831041834e-07,0.56508,0.002768269352055741,50000,
31,27,30.0,fit,1280,APsimfit10000led_npsclean,clean,likelihood,,5.544148962756094e-05,5.095221650384566e-07,0.79124,0.001918560411849952,50000,
34,13,4.0,fit,1282,APsimfit10000led_npsclean,clean,likelihood,,0.00010201276583511552,6.995323938483835e-07,0.61588,0.0026340270350021806,50000,
34,17,6.0,fit,1281,APsimfit10000led_npsclean,clean,likelihood,,8.899426697736958e-05,6.350845813238832e-07,0.6649,0.0023913545268680124,50000,
34,5,1.4,fit,1282,APsimfit10000led_npsclean,clean,likelihood,,0.00015347062668123645,8.038851773608638e-07,0.42212,0.00302695816351998,50000,
31,25,26.0,fit,1283,APsimfit10000led_npsclean,clean,likelihood,,5.425702400321281e-05,5.016848347472649e-07,0.7957,0.0018890496414399193,50000,
34,7,1.8,fit,1281,APsimfit10000led_npsclean,clean,likelihood,,0.00013978818969325054,7.881730724486404e-07,0.47364,0.002967795629405002,50000,
34,19,8.0,fit,1235,APsimfit10000led_npsclean,clean,likelihood,,8.175999711027456e-05,6.054797861089127e-07,0.69214,0.0022798803025895057,50000,
34,15,5.0,fit,1283,APsimfit10000led_npsclean,clean,likelihood,,9.478380747306239e-05,6.660845548940064e-07,0.6431,0.002508082171200314,50000,
34,9,2.0,fit,1282,APsimfit10000led_npsclean,clean,likelihood,,0.0001305355479102259,7.72215017755976e-07,0.50848,0.0029077069932586797,50000,
34,23,20.0,fit,1234,APsimfit10000led_npsclean,clean,likelihood,,6.88636628684928e-05,5.391889332474769e-07,0.7407,0.0020302679899276577,50000,
34,21,10.0,fit,1235,APsimfit10000led_npsclean,clean,likelihood,,7.689465849187584e-05,5.796213333552542e-07,0.71046,0.0021825125977692115,50000,
34,25,26.0,fit,1234,APsimfit10000led_npsclean,clean,likelihood,,6.685060245760514e-05,5.313342477483331e-07,0.74828,0.002000691870025098,50000,
34,13,4.0,fit,1283,APsimfit10000led_npsclean,clean,likelihood,,0.00010326096951996673,6.984047941251713e-07,0.61118,0.002629781158497074,50000,
34,17,6.0,fit,1282,APsimfit10000led_npsclean,clean,likelihood,,8.878711828073471e-05,6.39372280854277e-07,0.66568,0.0024074994782388726,50000,
31,27,30.0,fit,1281,APsimfit10000led_npsclean,clean,likelihood,,5.660470923174144e-05,5.110823884305224e-07,0.78686,0.0019244352943164173,50000,
34,27,30.0,fit,1234,APsimfit10000led_npsclean,clean,likelihood,,6.444449067361535e-05,5.23309579621541e-07,0.75734,0.0019704756956509463,50000,
34,5,1.4,fit,1283,APsimfit10000led_npsclean,clean,likelihood,,0.00015472945337617153,7.933335688567155e-07,0.41738,0.0029872270198201363,50000,
34,19,8.0,fit,1236,APsimfit10000led_npsclean,clean,likelihood,,8.18768502211968e-05,6.033383318391783e-07,0.6917,0.002271816846929261,50000,
34,21,10.0,fit,1236,APsimfit10000led_npsclean,clean,likelihood,,7.822784625739777e-05,5.836960057677357e-07,0.70544,0.00219785541446739,50000,
34,23,20.0,fit,1235,APsimfit10000led_npsclean,clean,likelihood,,6.776418132481538e-05,5.34988422189207e-07,0.74484,0.0020144513389968267,50000,
34,7,1.8,fit,1282,APsimfit10000led_npsclean,clean,likelihood,,0.00013951199143107072,7.751169816502963e-07,0.47468,0.0029186340802949042,50000,
34,29,40.0,fit,1234,APsimfit10000led_npsclean,clean,likelihood,,6.441262164336383e-05,5.235350641616277e-07,0.75746,0.001971324737639261,50000,
34,9,2.0,fit,1283,APsimfit10000led_npsclean,clean,likelihood,,0.0001315712913934003,7.668846790455412e-07,0.50458,0.002887636076754351,50000,
34,25,26.0,fit,1235,APsimfit10000led_npsclean,clean,likelihood,,6.49862641878912e-05,5.252283594798058e-07,0.7553,0.001977700690612341,50000,
71,1,0.6,fit,1234,APsimfit10000led_npsclean,clean,likelihood,,0.0001412647880949043,8.075675606824546e-07,0.46808,0.0030408238505240525,50000,
34,17,6.0,fit,1283,APsimfit10000led_npsclean,clean,likelihood,,8.982817326895103e-05,6.424339591481681e-07,0.66176,0.0024190279556467915,50000,
34,27,30.0,fit,1235,APsimfit10000led_npsclean,clean,likelihood,,6.271825153499137e-05,5.179647169550456e-07,0.76384,0.0019503500904813676,50000,
34,19,8.0,fit,1237,APsimfit10000led_npsclean,clean,likelihood,,8.15581599186816e-05,6.022107332784643e-07,0.6929,0.002267570974801438,50000,
31,27,30.0,fit,1282,APsimfit10000led_npsclean,clean,likelihood,,5.638693752502271e-05,5.118080083743815e-07,0.78768,0.0019271675517015926,50000,
71,3,1.0,fit,1234,APsimfit10000led_npsclean,clean,likelihood,,6.913454962563071e-05,5.671085747900921e-07,0.73968,0.0021353969178765724,50000,
34,21,10.0,fit,1237,APsimfit10000led_npsclean,clean,likelihood,,7.818535421706239e-05,5.845181275741993e-07,0.7056,0.002200951041036414,50000,
34,23,20.0,fit,1236,APsimfit10000led_npsclean,clean,likelihood,,6.833782386934272e-05,5.368283707803288e-07,0.74268,0.0020213795018305257,50000,
34,29,40.0,fit,1235,APsimfit10000led_npsclean,clean,likelihood,,6.25695293938176e-05,5.178933424491512e-07,0.7644,0.0019500813361251878,50000,
34,7,1.8,fit,1283,APsimfit10000led_npsclean,clean,likelihood,,0.00013977225517812478,7.807221231752971e-07,0.4737,0.0029397397423653092,50000,
71,5,1.4,fit,1234,APsimfit10000led_npsclean,clean,likelihood,,0.00010002626294943743,6.999776537321588e-07,0.62336,0.0026357036215073656,50000,
34,25,26.0,fit,1236,APsimfit10000led_npsclean,clean,likelihood,,6.585735101476607e-05,5.289493085594887e-07,0.75202,0.001991711593549705,50000,
71,1,0.6,fit,1235,APsimfit10000led_npsclean,clean,likelihood,,0.00014120105003440127,8.022459191226141e-07,0.46832,0.0030207856823670403,50000,
71,7,1.8,fit,1234,APsimfit10000led_npsclean,clean,likelihood,,9.692434400495615e-05,6.831204088034086e-07,0.63504,0.002572229164472278,50000,
34,27,30.0,fit,1236,APsimfit10000led_npsclean,clean,likelihood,,6.322815601901567e-05,5.189259841657441e-07,0.76192,0.001953969656698897,50000,
34,19,8.0,fit,1238,APsimfit10000led_npsclean,clean,likelihood,,8.202557236237057e-05,6.033228968227909e-07,0.69114,0.0022717587277473507,50000,
34,21,10.0,fit,1238,APsimfit10000led_npsclean,clean,likelihood,,7.799945154059518e-05,5.821599716252513e-07,0.7063,0.002192071614469606,50000,
34,23,20.0,fit,1237,APsimfit10000led_npsclean,clean,likelihood,,6.847061149539073e-05,5.37268876118283e-07,0.74218,0.002023038185516139,50000,
71,3,1.0,fit,1235,APsimfit10000led_npsclean,clean,likelihood,,6.772168928448e-05,5.688627743857575e-07,0.745,0.002142002200491653,50000,
34,29,40.0,fit,1236,APsimfit10000led_npsclean,clean,likelihood,,6.322815601901567e-05,5.195692815798497e-07,0.76192,0.001956391935917418,50000,
31,27,30.0,fit,1283,APsimfit10000led_npsclean,clean,likelihood,,5.546804715277057e-05,5.081656260063191e-07,0.79114,0.0019134524847316257,50000,
71,5,1.4,fit,1235,APsimfit10000led_npsclean,clean,likelihood,,9.867182916374783e-05,6.959322638547001e-07,0.62846,0.0026204710655913636,50000,
71,9,2.0,fit,1234,APsimfit10000led_npsclean,clean,likelihood,,9.806100608392704e-05,6.925042187193838e-07,0.63076,0.0026075630664150052,50000,
34,25,26.0,fit,1237,APsimfit10000led_npsclean,clean,likelihood,,6.633538646853887e-05,5.295064804133126e-07,0.75022,0.001993809574628237,50000,
71,1,0.6,fit,1236,APsimfit10000led_npsclean,clean,likelihood,,0.0001416419049528806,7.903867073921158e-07,0.46666,0.0029761308749747784,50000,
71,7,1.8,fit,1235,APsimfit10000led_npsclean,clean,likelihood,,9.606388018816513e-05,6.888766936797041e-07,0.63828,0.0025939039433941283,50000,
34,27,30.0,fit,1237,APsimfit10000led_npsclean,clean,likelihood,,6.364245341228543e-05,5.203976081137964e-07,0.76036,0.0019595109258361294,50000,
34,19,8.0,fit,1239,APsimfit10000led_npsclean,clean,likelihood,,8.178124313044223e-05,6.025649208009094e-07,0.69206,0.0022689046364270968,50000,
34,21,10.0,fit,1239,APsimfit10000led_npsclean,clean,likelihood,,7.812161615655935e-05,5.808409546947564e-07,0.70584,0.002187104973488999,50000,
34,23,20.0,fit,1238,APsimfit10000led_npsclean,clean,likelihood,,6.879461330294785e-05,5.382933178786403e-07,0.74096,0.002026895629883685,50000,
71,3,1.0,fit,1236,APsimfit10000led_npsclean,clean,likelihood,,6.902831952479233e-05,5.709959969121283e-07,0.74008,0.00215003466025413,50000,
34,29,40.0,fit,1237,APsimfit10000led_npsclean,clean,likelihood,,6.367432244253695e-05,5.202260928176394e-07,0.76024,0.001958865100237534,50000,
71,11,3.0,fit,1234,APsimfit10000led_npsclean,clean,likelihood,,8.632257994128383e-05,6.41095513164147e-07,0.67496,0.0024139881562925303,50000,
71,9,2.0,fit,1235,APsimfit10000led_npsclean,clean,likelihood,,9.695621303520766e-05,6.906265130847296e-07,0.63492,0.0026004927327907884,50000,
71,5,1.4,fit,1236,APsimfit10000led_npsclean,clean,likelihood,,0.00010039806830237185,6.947249480469751e-07,0.62196,0.0026159250252574227,50000,
34,25,26.0,fit,1238,APsimfit10000led_npsclean,clean,likelihood,,6.651066613492223e-05,5.300913021481946e-07,0.74956,0.001996011668875598,50000,
71,1,0.6,fit,1237,APsimfit10000led_npsclean,clean,likelihood,,0.00014051055437895168,7.996367406159112e-07,0.47092,0.0030109610526769227,50000,
71,7,1.8,fit,1236,APsimfit10000led_npsclean,clean,likelihood,,9.692434400495615e-05,6.815448755590772e-07,0.63504,0.0025662966341182753,50000,
34,27,30.0,fit,1238,APsimfit10000led_npsclean,clean,likelihood,,6.394520919967487e-05,5.204164220739843e-07,0.75922,0.001959581768130505,50000,
34,19,8.0,fit,1240,APsimfit10000led_npsclean,clean,likelihood,,8.140412627246592e-05,6.028641785916887e-07,0.69348,0.002270031465031861,50000,
34,21,10.0,fit,1240,APsimfit10000led_npsclean,clean,likelihood,,7.816410819689473e-05,5.821148657155617e-07,0.70568,0.0021919017721769465,50000,
34,23,20.0,fit,1239,APsimfit10000led_npsclean,clean,likelihood,,6.819441323321088e-05,5.370121123257886e-07,0.74322,0.0020220713642838594,50000,
71,3,1.0,fit,1237,APsimfit10000led_npsclean,clean,likelihood,,6.776949282985727e-05,5.676120831880629e-07,0.74482,0.002137292833983201,50000,
34,29,40.0,fit,1238,APsimfit10000led_npsclean,clean,likelihood,,6.391865167446528e-05,5.204860764809397e-07,0.75932,0.001959844045607061,50000,
71,11,3.0,fit,1235,APsimfit10000led_npsclean,clean,likelihood,,8.507968776147455e-05,6.285115858015312e-07,0.67964,0.0023666044966205555,50000,
71,9,2.0,fit,1236,APsimfit10000led_npsclean,clean,likelihood,,9.831064682089727e-05,6.931140039320863e-07,0.62982,0.0026098591584186462,50000,
71,5,1.4,fit,1237,APsimfit10000led_npsclean,clean,likelihood,,9.97766222124672e-05,7.027398073852477e-07,0.6243,0.002646104265510484,50000,
34,25,26.0,fit,1239,APsimfit10000led_npsclean,clean,likelihood,,6.594764660047871e-05,5.282757789984221e-07,0.75168,0.0019891754778696823,50000,
71,7,1.8,fit,1237,APsimfit10000led_npsclean,clean,likelihood,,9.610106072345855e-05,6.802253423954674e-07,0.63814,0.0025613280493077717,50000,
71,1,0.6,fit,1238,APsimfit10000led_npsclean,clean,likelihood,,0.00014187561117472508,7.98070583538713e-07,0.46578,0.003005063827446644,50000,
34,27,30.0,fit,1239,APsimfit10000led_npsclean,clean,likelihood,,6.328658257447678e-05,5.194214477626608e-07,0.7617,0.0019558352808224035,50000,
34,19,8.0,fit,1241,APsimfit10000led_npsclean,clean,likelihood,,8.183966968590336e-05,5.995460644888383e-07,0.69184,0.0022575374013845038,50000,
34,21,10.0,fit,1241,APsimfit10000led_npsclean,clean,likelihood,,7.755859662211583e-05,5.802714424136002e-07,0.70796,0.00218496052562851,50000,
34,23,20.0,fit,1240,APsimfit10000led_npsclean,clean,likelihood,,6.826877430379775e-05,5.3692159346811e-07,0.74294,0.002021730523573122,50000,
71,3,1.0,fit,1238,APsimfit10000led_npsclean,clean,likelihood,,6.925671424159488e-05,5.697737976293379e-07,0.73922,0.0021454325775180903,50000,
34,29,40.0,fit,1239,APsimfit10000led_npsclean,clean,likelihood,,6.341405869548288e-05,5.203949041088581e-07,0.76122,0.001959500744145942,50000,
71,11,3.0,fit,1236,APsimfit10000led_npsclean,clean,likelihood,,8.6444744557248e-05,6.360226252845452e-07,0.6745,0.0023948866480022622,50000,
71,9,2.0,fit,1237,APsimfit10000led_npsclean,clean,likelihood,,9.68074908940339e-05,6.831241242133718e-07,0.63548,0.0025722431545181644,50000,
71,5,1.4,fit,1238,APsimfit10000led_npsclean,clean,likelihood,,0.0001004140028174976,7.04271465240481e-07,0.6219,0.0026518715869877116,50000,
34,25,26.0,fit,1240,APsimfit10000led_npsclean,clean,likelihood,,6.587859703493375e-05,5.280354557492953e-07,0.75194,0.0019882705620417576,50000,
71,7,1.8,fit,1238,APsimfit10000led_npsclean,clean,likelihood,,9.716336173184255e-05,6.899670436846121e-07,0.63414,0.002598009559396759,50000,
34,27,30.0,fit,1240,APsimfit10000led_npsclean,clean,likelihood,,6.320159849380608e-05,5.191724108802124e-07,0.76202,0.0019548975545829184,50000,
71,1,0.6,fit,1239,APsimfit10000led_npsclean,clean,likelihood,,0.00014166846247809023,8.024884599376067e-07,0.46656,0.0030216989482420736,50000,
34,19,8.0,fit,1242,APsimfit10000led_npsclean,clean,likelihood,,8.14519298178432e-05,6.017589457524498e-07,0.6933,0.0022658698090397607,50000,
34,21,10.0,fit,1242,APsimfit10000led_npsclean,clean,likelihood,,7.771794177337344e-05,5.809379548957055e-07,0.70736,0.0021874702191215785,50000,
34,23,20.0,fit,1241,APsimfit10000led_npsclean,clean,likelihood,,6.800319905170175e-05,5.354236401956693e-07,0.74394,0.002016090113705793,50000,
71,3,1.0,fit,1239,APsimfit10000led_npsclean,clean,likelihood,,6.824752828363007e-05,5.680358032551065e-07,0.74302,0.0021388883142235454,50000,
71,11,3.0,fit,1237,APsimfit10000led_npsclean,clean,likelihood,,8.483004702450433e-05,6.315305516170805e-07,0.68058,0.00237797214398876,50000,
34,29,40.0,fit,1240,APsimfit10000led_npsclean,clean,likelihood,,6.323877902909952e-05,5.201624740494888e-07,0.76188,0.001958625549422281,50000,
71,9,2.0,fit,1238,APsimfit10000led_npsclean,clean,likelihood,,9.793884146796288e-05,6.893760066512236e-07,0.63122,0.0025957840619954616,50000,
71,5,1.4,fit,1239,APsimfit10000led_npsclean,clean,likelihood,,9.979786823263488e-05,6.971934609833076e-07,0.62422,0.0026252199912486065,50000,
34,25,26.0,fit,1241,APsimfit10000led_npsclean,clean,likelihood,,6.568738285342463e-05,5.275234393909831e-07,0.75266,0.001986342609966889,50000,
34,27,30.0,fit,1241,APsimfit10000led_npsclean,clean,likelihood,,6.3206909998848e-05,5.187411531742379e-07,0.762,0.001953273692033336,50000,
34,19,8.0,fit,1243,APsimfit10000led_npsclean,clean,likelihood,,8.203619537245438e-05,6.048329956889214e-07,0.6911,0.0022774448707678784,50000,
71,7,1.8,fit,1239,APsimfit10000led_npsclean,clean,likelihood,,9.556459871422465e-05,6.805265762392436e-07,0.64016,0.0025624623185644094,50000,
34,21,10.0,fit,1243,APsimfit10000led_npsclean,clean,likelihood,,7.851997903470336e-05,5.860868147380753e-07,0.70434,0.0022068577930831335,50000,
71,1,0.6,fit,1240,APsimfit10000led_npsclean,clean,likelihood,,0.00014117980401423362,8.039382421092411e-07,0.4684,0.003027157974112113,50000,
34,23,20.0,fit,1242,APsimfit10000led_npsclean,clean,likelihood,,6.810411764749824e-05,5.375648227058936e-07,0.74356,0.002024152546079764,50000,
71,3,1.0,fit,1240,APsimfit10000led_npsclean,clean,likelihood,,6.689309449794048e-05,5.621696794369687e-07,0.74812,0.0021167999465317496,50000,
71,11,3.0,fit,1238,APsimfit10000led_npsclean,clean,likelihood,,8.521247538752257e-05,6.285055794485855e-07,0.67914,0.0023665818802325513,50000,
71,9,2.0,fit,1239,APsimfit10000led_npsclean,clean,likelihood,,9.690840948983039e-05,6.905884554450006e-07,0.6351,0.0026003494301320177,50000,
71,5,1.4,fit,1240,APsimfit10000led_npsclean,clean,likelihood,,9.81831706998912e-05,6.905773383940393e-07,0.6303,0.002600307569865018,50000,
34,29,40.0,fit,1241,APsimfit10000led_npsclean,clean,likelihood,,6.316972946355455e-05,5.190641193813659e-07,0.76214,0.0019544897925719935,50000,
34,27,30.0,fit,1242,APsimfit10000led_npsclean,clean,likelihood,,6.322284451397377e-05,5.194552109314942e-07,0.76194,0.0019559624130328296,50000,
34,19,8.0,fit,1244,APsimfit10000led_npsclean,clean,likelihood,,8.282229811865856e-05,6.100423423851039e-07,0.68814,0.0022970602025996992,50000,
34,25,26.0,fit,1242,APsimfit10000led_npsclean,clean,likelihood,,6.584672800468225e-05,5.289761527528554e-07,0.75206,0.0019918126729731632,50000,
34,21,10.0,fit,1244,APsimfit10000led_npsclean,clean,likelihood,,7.890240739772161e-05,5.895809328975885e-07,0.7029,0.002220014584357684,50000,
34,23,20.0,fit,1243,APsimfit10000led_npsclean,clean,likelihood,,6.764201670885121e-05,5.350619928489649e-07,0.7453,0.002014728362775124,50000,
71,7,1.8,fit,1240,APsimfit10000led_npsclean,clean,likelihood,,9.538400754279936e-05,6.826435022624194e-07,0.64084,0.002570433415292995,50000,
71,3,1.0,fit,1241,APsimfit10000led_npsclean,clean,likelihood,,6.826346279875585e-05,5.683703065441258e-07,0.74296,0.0021401478566183255,50000,
71,1,0.6,fit,1241,APsimfit10000led_npsclean,clean,likelihood,,0.00014044681631844862,7.882070835822284e-07,0.47116,0.0029679236953046658,50000,
71,11,3.0,fit,1239,APsimfit10000led_npsclean,clean,likelihood,,8.493096562030079e-05,6.355851844995431e-07,0.6802,0.0023932395036183273,50000,
71,9,2.0,fit,1240,APsimfit10000led_npsclean,clean,likelihood,,9.654722714697982e-05,6.946143952429149e-07,0.63646,0.0026155087485027636,50000,
71,5,1.4,fit,1241,APsimfit10000led_npsclean,clean,likelihood,,0.00010006344348473088,6.944077473514675e-07,0.62322,0.0026147306342401717,50000,
34,29,40.0,fit,1242,APsimfit10000led_npsclean,clean,likelihood,,6.345655073581825e-05,5.20720220739744e-07,0.76106,0.001960725694996288,50000,
34,27,30.0,fit,1243,APsimfit10000led_npsclean,clean,likelihood,,6.297851528204545e-05,5.180332832947096e-07,0.76286,0.0019506082709372758,50000,
34,21,10.0,fit,1245,APsimfit10000led_npsclean,clean,likelihood,,7.778699133891842e-05,5.838703549516693e-07,0.7071,0.002198511910818453,50000,
34,19,8.0,fit,1245,APsimfit10000led_npsclean,clean,likelihood,,8.13191421917952e-05,5.985754167126623e-07,0.6938,0.0022538825134816765,50000,
34,23,20.0,fit,1244,APsimfit10000led_npsclean,clean,likelihood,,6.813598667774975e-05,5.371090383562737e-07,0.74344,0.0020224363306341506,50000,
71,3,1.0,fit,1242,APsimfit10000led_npsclean,clean,likelihood,,6.815192119287551e-05,5.680916770945094e-07,0.74338,0.002139098702198185,50000,
34,25,26.0,fit,1243,APsimfit10000led_npsclean,clean,likelihood,,6.517747836940031e-05,5.260999995092518e-07,0.75458,0.0019809827736474387,50000,
71,7,1.8,fit,1241,APsimfit10000led_npsclean,clean,likelihood,,9.614886426883585e-05,6.905359786019599e-07,0.63796,0.00260015183324516,50000,
71,1,0.6,fit,1242,APsimfit10000led_npsclean,clean,likelihood,,0.0001403618322377779,7.934157863426459e-07,0.47148,0.002987536602453614,50000,
71,11,3.0,fit,1240,APsimfit10000led_npsclean,clean,likelihood,,8.502126120601343e-05,6.302896839169718e-07,0.67986,0.00237329976698708,50000,
71,9,2.0,fit,1241,APsimfit10000led_npsclean,clean,likelihood,,9.711024668142336e-05,6.906840643202828e-07,0.63434,0.002600709436851498,50000,
71,5,1.4,fit,1242,APsimfit10000led_npsclean,clean,likelihood,,9.991472134355712e-05,7.053338788757032e-07,0.62378,0.002655872011074057,50000,
34,29,40.0,fit,1243,APsimfit10000led_npsclean,clean,likelihood,,6.274480906020096e-05,5.180065497238961e-07,0.76374,0.0019505076080532059,50000,
34,27,30.0,fit,1244,APsimfit10000led_npsclean,clean,likelihood,,6.296258076691966e-05,5.187141814829289e-07,0.76292,0.001953172132527712,50000,
34,21,10.0,fit,1246,APsimfit10000led_npsclean,clean,likelihood,,7.908299856914688e-05,5.872797087421283e-07,0.70222,0.0022113495293975614,50000,
34,19,8.0,fit,1246,APsimfit10000led_npsclean,clean,likelihood,,8.266295296740096e-05,6.07561564355622e-07,0.68874,0.002287719053490726,50000,
34,23,20.0,fit,1245,APsimfit10000led_npsclean,clean,likelihood,,6.750922908280319e-05,5.344294522226984e-07,0.7458,0.002012346587284847,50000,
71,3,1.0,fit,1243,APsimfit10000led_npsclean,clean,likelihood,,6.756765563826431e-05,5.627582840293438e-07,0.74558,0.0021190162847926743,50000,
34,25,26.0,fit,1244,APsimfit10000led_npsclean,clean,likelihood,,6.541649609628672e-05,5.275858647805e-07,0.75368,0.0019865776672209974,50000,
71,7,1.8,fit,1242,APsimfit10000led_npsclean,clean,likelihood,,9.669594928815359e-05,6.931198924847907e-07,0.6359,0.002609881331240315,50000,
71,11,3.0,fit,1241,APsimfit10000led_npsclean,clean,likelihood,,8.547273913457663e-05,6.317032835614291e-07,0.67816,0.0023786225507679507,50000,
71,1,0.6,fit,1243,APsimfit10000led_npsclean,clean,likelihood,,0.00014204026783102463,7.984295291953865e-07,0.46516,0.0030064154054037034,50000,
71,9,2.0,fit,1242,APsimfit10000led_npsclean,clean,likelihood,,9.801320253854977e-05,6.939719191343553e-07,0.63094,0.002613089561837256,50000,
71,5,1.4,fit,1243,APsimfit10000led_npsclean,clean,likelihood,,9.999970542422784e-05,7.085764201450568e-07,0.62346,0.0026680815119359126,50000,
34,29,40.0,fit,1244,APsimfit10000led_npsclean,clean,likelihood,,6.297320377700351e-05,5.192017376049489e-07,0.76288,0.001955007981757533,50000,
34,27,30.0,fit,1245,APsimfit10000led_npsclean,clean,likelihood,,6.269700551482366e-05,5.16959759236887e-07,0.76392,0.0019465660115424333,50000,
34,21,10.0,fit,1247,APsimfit10000led_npsclean,clean,likelihood,,7.797289401538558e-05,5.828074914288309e-07,0.7064,0.002194509792720287,50000,
34,19,8.0,fit,1247,APsimfit10000led_npsclean,clean,likelihood,,8.16909475447296e-05,6.02838856950544e-07,0.6924,0.0022699361186434273,50000,
34,23,20.0,fit,1246,APsimfit10000led_npsclean,clean,likelihood,,6.889022039370239e-05,5.378878229278187e-07,0.7406,0.0020253687746981156,50000,
71,3,1.0,fit,1244,APsimfit10000led_npsclean,clean,likelihood,,6.741362199204863e-05,5.65485534282305e-07,0.74616,0.002129285503145804,50000,
71,7,1.8,fit,1243,APsimfit10000led_npsclean,clean,likelihood,,9.631352092513535e-05,6.791847855232274e-07,0.63734,0.002557409924919194,50000,
34,25,26.0,fit,1245,APsimfit10000led_npsclean,clean,likelihood,,6.547492265174783e-05,5.256834315301048e-07,0.75346,0.001979414223958191,50000,
71,11,3.0,fit,1242,APsimfit10000led_npsclean,clean,likelihood,,8.507437625643263e-05,6.311499458797083e-07,0.67966,0.002376539006923584,50000,
71,9,2.0,fit,1243,APsimfit10000led_npsclean,clean,likelihood,,9.737051042847742e-05,6.910980919038454e-07,0.63336,0.002602268420907034,50000,
71,1,0.6,fit,1244,APsimfit10000led_npsclean,clean,likelihood,,0.00014119573852935935,7.97314052324605e-07,0.46834,0.0030022151764216055,50000,
71,5,1.4,fit,1244,APsimfit10000led_npsclean,clean,likelihood,,9.976068769734144e-05,7.040822052328255e-07,0.62436,0.0026511589452556153,50000,
34,29,40.0,fit,1245,APsimfit10000led_npsclean,clean,likelihood,,6.268638250473984e-05,5.169617870820922e-07,0.76396,0.001946573647213262,50000,
34,27,30.0,fit,1246,APsimfit10000led_npsclean,clean,likelihood,,6.428514552235777e-05,5.224940685753938e-07,0.75794,0.001967404961312144,50000,
34,21,10.0,fit,1248,APsimfit10000led_npsclean,clean,likelihood,,7.738331695573247e-05,5.810755816459039e-07,0.70862,0.0021879884404133296,50000,
34,19,8.0,fit,1248,APsimfit10000led_npsclean,clean,likelihood,,8.12925846665856e-05,6.012987669662479e-07,0.6939,0.0022641370467338983,50000,
34,23,20.0,fit,1247,APsimfit10000led_npsclean,clean,likelihood,,6.758890165843199e-05,5.358660061612873e-07,0.7455,0.0020177558034194494,50000,
71,3,1.0,fit,1245,APsimfit10000led_npsclean,clean,likelihood,,6.823690527354622e-05,5.684677399539198e-07,0.74306,0.0021405147334602943,50000,
71,11,3.0,fit,1243,APsimfit10000led_npsclean,clean,likelihood,,8.500532669088768e-05,6.302051244122243e-07,0.67992,0.0023729813656899706,50000,
71,7,1.8,fit,1244,APsimfit10000led_npsclean,clean,likelihood,,9.654722714697982e-05,6.872441049195074e-07,0.63646,0.0025877565755678274,50000,
34,25,26.0,fit,1246,APsimfit10000led_npsclean,clean,likelihood,,6.672312633659904e-05,5.306205951171366e-07,0.74876,0.001998004674491764,50000,
71,9,2.0,fit,1244,APsimfit10000led_npsclean,clean,likelihood,,9.697214755033345e-05,6.909961979147466e-07,0.63486,0.0026018847481502744,50000,
71,5,1.4,fit,1245,APsimfit10000led_npsclean,clean,likelihood,,9.930389826373632e-05,6.935211578328949e-07,0.62608,0.0026113922602328974,50000,
71,1,0.6,fit,1245,APsimfit10000led_npsclean,clean,likelihood,,0.00014041494728819713,7.90318118628815e-07,0.47128,0.0029758726100846595,50000,
34,27,30.0,fit,1247,APsimfit10000led_npsclean,clean,likelihood,,6.279261260557824e-05,5.182171182134407e-07,0.76356,0.0019513004849793605,50000,
34,21,10.0,fit,1249,APsimfit10000led_npsclean,clean,likelihood,,7.756921963219968e-05,5.797423780786485e-07,0.70792,0.0021829683809133074,50000,
34,29,40.0,fit,1246,APsimfit10000led_npsclean,clean,likelihood,,6.433826057277697e-05,5.232926156642536e-07,0.75774,0.0019704118193780125,50000,
34,19,8.0,fit,1249,APsimfit10000led_npsclean,clean,likelihood,,8.118104306070526e-05,5.983850163259967e-07,0.69432,0.002253165577753807,50000,
34,23,20.0,fit,1248,APsimfit10000led_npsclean,clean,likelihood,,6.784385390044416e-05,5.366210816926526e-07,0.74454,0.0020205989732005416,50000,
71,3,1.0,fit,1246,APsimfit10000led_npsclean,clean,likelihood,,6.86830716970675e-05,5.665909895226387e-07,0.74138,0.0021334479965694534,50000,
71,11,3.0,fit,1244,APsimfit10000led_npsclean,clean,likelihood,,8.572237987154686e-05,6.335927367903236e-07,0.67722,0.0023857371189138243,50000,
71,7,1.8,fit,1245,APsimfit10000led_npsclean,clean,likelihood,,9.633476694530302e-05,6.821647826842373e-07,0.63726,0.002568630839283356,50000,
34,25,26.0,fit,1247,APsimfit10000led_npsclean,clean,likelihood,,6.516154385427456e-05,5.25323679942937e-07,0.75464,0.001978059611341509,50000,
71,9,2.0,fit,1245,APsimfit10000led_npsclean,clean,likelihood,,9.747142902427391e-05,6.916480176078555e-07,0.63298,0.0026043391172526835,50000,
71,5,1.4,fit,1246,APsimfit10000led_npsclean,clean,likelihood,,0.0001003130842217011,6.961575684884984e-07,0.62228,0.002621319430158544,50000,
71,1,0.6,fit,1246,APsimfit10000led_npsclean,clean,likelihood,,0.0001405424234092032,7.949568009266082e-07,0.4708,0.0029933391558609823,50000,
34,27,30.0,fit,1248,APsimfit10000led_npsclean,clean,likelihood,,6.299976130221311e-05,5.187143418116442e-07,0.76278,0.0019531727362312344,50000,
34,21,10.0,fit,1250,APsimfit10000led_npsclean,clean,likelihood,,7.78188603691699e-05,5.80786918430376e-07,0.70698,0.0021869015047397316,50000,
34,19,8.0,fit,1250,APsimfit10000led_npsclean,clean,likelihood,,8.162720948422655e-05,6.009095638445728e-07,0.69264,0.002262671536982506,50000,
34,29,40.0,fit,1247,APsimfit10000led_npsclean,clean,likelihood,,6.265451347448832e-05,5.181405279938164e-07,0.76408,0.0019510120913168493,50000,
34,23,20.0,fit,1249,APsimfit10000led_npsclean,clean,likelihood,,6.731270339625217e-05,5.337077817227605e-07,0.74654,0.0020096292011796196,50000,
71,3,1.0,fit,1247,APsimfit10000led_npsclean,clean,likelihood,,6.813067517270784e-05,5.662684465044422e-07,0.74346,0.0021322334895110926,50000,
71,11,3.0,fit,1245,APsimfit10000led_npsclean,clean,likelihood,,8.501063819592962e-05,6.34429771567505e-07,0.6799,0.0023888888989482037,50000,
71,7,1.8,fit,1246,APsimfit10000led_npsclean,clean,likelihood,,9.698277056041726e-05,6.875385614461067e-07,0.63482,0.002588865325439193,50000,
71,9,2.0,fit,1246,APsimfit10000led_npsclean,clean,likelihood,,9.7997268023424e-05,6.916881864277021e-07,0.631,0.002604490369372486,50000,
71,5,1.4,fit,1247,APsimfit10000led_npsclean,clean,likelihood,,0.00010016436208052737,6.977800271687127e-07,0.62284,0.0026274286540693167,50000,
34,25,26.0,fit,1248,APsimfit10000led_npsclean,clean,likelihood,,6.542711910637057e-05,5.267824045934094e-07,0.75364,0.0019835523093205553,50000,
34,27,30.0,fit,1249,APsimfit10000led_npsclean,clean,likelihood,,6.2808547120704e-05,5.183145970293478e-07,0.7635,0.0019516675327940108,50000,
71,1,0.6,fit,1247,APsimfit10000led_npsclean,clean,likelihood,,0.00014147193679153917,8.082044656422459e-07,0.4673,0.0030432220595241932,50000,
34,21,10.0,fit,1251,APsimfit10000led_npsclean,clean,likelihood,,7.760640016749312e-05,5.811766534402374e-07,0.70778,0.0021883690172688004,50000,
34,19,8.0,fit,1251,APsimfit10000led_npsclean,clean,likelihood,,8.122353510104063e-05,6.008767704253118e-07,0.69416,0.0022625480562778765,50000,
34,29,40.0,fit,1248,APsimfit10000led_npsclean,clean,likelihood,,6.298382678708736e-05,5.191974369220768e-07,0.76284,0.001954991787918543,50000,
34,23,20.0,fit,1250,APsimfit10000led_npsclean,clean,likelihood,,6.800851055674367e-05,5.363144748718633e-07,0.74392,0.0020194444724766624,50000,
71,3,1.0,fit,1248,APsimfit10000led_npsclean,clean,likelihood,,6.7456114032384e-05,5.644765103738951e-07,0.746,0.0021254861133289953,50000,
71,11,3.0,fit,1246,APsimfit10000led_npsclean,clean,likelihood,,8.547805063961857e-05,6.342918894068682e-07,0.67814,0.002388369715931154,50000,
71,7,1.8,fit,1247,APsimfit10000led_npsclean,clean,likelihood,,9.672250681336318e-05,6.835864786181335e-07,0.6358,0.002573984108922284,50000,
71,9,2.0,fit,1247,APsimfit10000led_npsclean,clean,likelihood,,9.76785777209088e-05,6.878342296841377e-07,0.6322,0.0025899786379022234,50000,
71,5,1.4,fit,1248,APsimfit10000led_npsclean,clean,likelihood,,9.98297372628864e-05,6.990469862181784e-07,0.6241,0.0026321992757272704,50000,
34,25,26.0,fit,1249,APsimfit10000led_npsclean,clean,likelihood,,6.536338104586752e-05,5.268669824819487e-07,0.75388,0.001983870779840198,50000,
34,27,30.0,fit,1250,APsimfit10000led_npsclean,clean,likelihood,,6.306349936271616e-05,5.190500541916336e-07,0.76254,0.0019544368313505647,50000,
34,21,10.0,fit,1252,APsimfit10000led_npsclean,clean,likelihood,,7.855715956999678e-05,5.851170658121036e-07,0.7042,0.002203206289720835,50000,
34,19,8.0,fit,1252,APsimfit10000led_npsclean,clean,likelihood,,8.242393524051454e-05,6.088021836418878e-07,0.68964,0.002292390495112166,50000,
71,1,0.6,fit,1248,APsimfit10000led_npsclean,clean,likelihood,,0.00014077081812600574,7.987920219360325e-07,0.46994,0.003007780339590097,50000,
34,23,20.0,fit,1251,APsimfit10000led_npsclean,clean,likelihood,,6.754640961809664e-05,5.341131960872825e-07,0.74566,0.002011155752924642,50000,
34,29,40.0,fit,1249,APsimfit10000led_npsclean,clean,likelihood,,6.282448163582975e-05,5.191884956680203e-07,0.76344,0.0019549581204213423,50000,
71,3,1.0,fit,1249,APsimfit10000led_npsclean,clean,likelihood,,6.721178480045566e-05,5.636505557492896e-07,0.74692,0.0021223760546240263,50000,
71,11,3.0,fit,1247,APsimfit10000led_npsclean,clean,likelihood,,8.536119752869633e-05,6.34810486750122e-07,0.67858,0.002390322448119718,50000,
71,7,1.8,fit,1248,APsimfit10000led_npsclean,clean,likelihood,,9.554866419909888e-05,6.807421895671454e-07,0.64022,0.002563274191380871,50000,
71,9,2.0,fit,1248,APsimfit10000led_npsclean,clean,likelihood,,9.700401658058496e-05,6.92196457738169e-07,0.63474,0.0026064042198026575,50000,
71,5,1.4,fit,1249,APsimfit10000led_npsclean,clean,likelihood,,9.927734073852673e-05,7.031195310279808e-07,0.62618,0.0026475340811267217,50000,
34,27,30.0,fit,1251,APsimfit10000led_npsclean,clean,likelihood,,6.25482833736499e-05,5.160022956703677e-07,0.76448,0.0019429607676088867,50000,
34,25,26.0,fit,1250,APsimfit10000led_npsclean,clean,likelihood,,6.555990673241855e-05,5.273828124183513e-07,0.75314,0.0019858130916043082,50000,
34,21,10.0,fit,1253,APsimfit10000led_npsclean,clean,likelihood,,7.780292585404416e-05,5.79454645509896e-07,0.70704,0.0021818849495074,50000,
34,19,8.0,fit,1253,APsimfit10000led_npsclean,clean,likelihood,,8.127665015145984e-05,5.996097797799284e-07,0.69396,0.002257777315648304,50000,
34,23,20.0,fit,1252,APsimfit10000led_npsclean,clean,likelihood,,6.802975657691137e-05,5.373422998932808e-07,0.74384,0.0020233146562129312,50000,
71,1,0.6,fit,1249,APsimfit10000led_npsclean,clean,likelihood,,0.00014055835792432897,7.899299832019323e-07,0.47074,0.002974411120643082,50000,
34,29,40.0,fit,1250,APsimfit10000led_npsclean,clean,likelihood,,6.322815601901567e-05,5.198057594881014e-07,0.76192,0.001957282372456159,50000,
71,3,1.0,fit,1250,APsimfit10000led_npsclean,clean,likelihood,,6.778542734498304e-05,5.64701240519914e-07,0.74476,0.002126332314713519,50000,
71,11,3.0,fit,1248,APsimfit10000led_npsclean,clean,likelihood,,8.503188421609728e-05,6.310452609556436e-07,0.67982,0.0023761448251493466,50000,
71,7,1.8,fit,1249,APsimfit10000led_npsclean,clean,likelihood,,9.568145182514688e-05,6.808344081931033e-07,0.63972,0.002563621432417941,50000,
34,27,30.0,fit,1252,APsimfit10000led_npsclean,clean,likelihood,,6.323877902909952e-05,5.197836713332116e-07,0.76188,0.0019571992014727354,50000,
34,21,10.0,fit,1254,APsimfit10000led_npsclean,clean,likelihood,,7.76542037128704e-05,5.78482097316714e-07,0.7076,0.002178222905753299,50000,
71,5,1.4,fit,1250,APsimfit10000led_npsclean,clean,likelihood,,0.00010008468950489854,6.913822369591128e-07,0.62314,0.0026033383438498715,50000,
34,19,8.0,fit,1254,APsimfit10000led_npsclean,clean,likelihood,,8.142006078759167e-05,5.996002173498038e-07,0.69342,0.0022577413091678464,50000,
71,9,2.0,fit,1249,APsimfit10000led_npsclean,clean,likelihood,,9.66162767125248e-05,6.949369496864985e-07,0.6362,0.0026167232985824036,50000,
34,23,20.0,fit,1253,APsimfit10000led_npsclean,clean,likelihood,,6.809349463741439e-05,5.367589745388607e-07,0.7436,0.0020211181964531594,50000,
34,25,26.0,fit,1251,APsimfit10000led_npsclean,clean,likelihood,,6.523590492486143e-05,5.261066082429184e-07,0.75436,0.001981007658246491,50000,
71,1,0.6,fit,1250,APsimfit10000led_npsclean,clean,likelihood,,0.0001413869527108685,8.036398650307492e-07,0.46762,0.0030260344617511646,50000,
34,29,40.0,fit,1251,APsimfit10000led_npsclean,clean,likelihood,,6.268638250473984e-05,5.176349088964907e-07,0.76396,0.0019491082275594578,50000,
71,3,1.0,fit,1251,APsimfit10000led_npsclean,clean,likelihood,,6.793946099119873e-05,5.643282805519198e-07,0.74418,0.002124927967113166,50000,
71,11,3.0,fit,1249,APsimfit10000led_npsclean,clean,likelihood,,8.439450361106686e-05,6.251880541896541e-07,0.68222,0.002354090033824618,50000,
34,27,30.0,fit,1253,APsimfit10000led_npsclean,clean,likelihood,,6.281385862574591e-05,5.182727720761193e-07,0.76348,0.0019515100446512025,50000,
34,21,10.0,fit,1255,APsimfit10000led_npsclean,clean,likelihood,,7.761702317757695e-05,5.792474216517488e-07,0.70774,0.002181104666493408,50000,
34,19,8.0,fit,1255,APsimfit10000led_npsclean,clean,likelihood,,8.149973336322049e-05,5.976058398033965e-07,0.69312,0.0022502316578329904,50000,
71,5,1.4,fit,1251,APsimfit10000led_npsclean,clean,likelihood,,0.00010027590368640769,6.960791173416696e-07,0.62242,0.002621024029340096,50000,
71,9,2.0,fit,1250,APsimfit10000led_npsclean,clean,likelihood,,9.775825029653759e-05,6.94611691818321e-07,0.6319,0.0026154985689978115,50000,
71,7,1.8,fit,1250,APsimfit10000led_npsclean,clean,likelihood,,9.678624487386624e-05,6.907687017763624e-07,0.63556,0.0026010281316674183,50000,
34,23,20.0,fit,1254,APsimfit10000led_npsclean,clean,likelihood,,6.78863459407795e-05,5.3575352709582e-07,0.74438,0.002017332273498722,50000,
34,25,26.0,fit,1252,APsimfit10000led_npsclean,clean,likelihood,,6.577767843913728e-05,5.291412866115309e-07,0.75232,0.0019924344698362827,50000,
71,1,0.6,fit,1251,APsimfit10000led_npsclean,clean,likelihood,,0.0001420243333158989,8.066295633818447e-07,0.46522,0.0030372919050840803,50000,
34,29,40.0,fit,1252,APsimfit10000led_npsclean,clean,likelihood,,6.344061622069248e-05,5.211070500658619e-07,0.76112,0.001962182266431559,50000,
71,3,1.0,fit,1252,APsimfit10000led_npsclean,clean,likelihood,,6.812005216262398e-05,5.710751057333284e-07,0.7435,0.0021503325374869512,50000,
71,11,3.0,fit,1250,APsimfit10000led_npsclean,clean,likelihood,,8.471319391358209e-05,6.261656503316714e-07,0.68102,0.0023577710851812555,50000,
34,21,10.0,fit,1256,APsimfit10000led_npsclean,clean,likelihood,,7.884929234730242e-05,5.842714400630732e-07,0.7031,0.0022000221611457645,50000,
34,27,30.0,fit,1254,APsimfit10000led_npsclean,clean,likelihood,,6.312723742321921e-05,5.190229466697108e-07,0.7623,0.00195433476038684,50000,
34,19,8.0,fit,1256,APsimfit10000led_npsclean,clean,likelihood,,8.288603617916161e-05,6.046516729350179e-07,0.6879,0.0022767621160591,50000,
71,5,1.4,fit,1252,APsimfit10000led_npsclean,clean,likelihood,,0.00010056272495867136,7.008948868646805e-07,0.62134,0.0026391573813185024,50000,
34,23,20.0,fit,1255,APsimfit10000led_npsclean,clean,likelihood,,6.772700078952193e-05,5.358220285265776e-07,0.74498,0.002017590209545914,50000,
71,9,2.0,fit,1251,APsimfit10000led_npsclean,clean,likelihood,,9.679686788395009e-05,6.87636884547819e-07,0.63552,0.002589235552336979,50000,
71,7,1.8,fit,1251,APsimfit10000led_npsclean,clean,likelihood,,9.583548547136254e-05,6.761542390352238e-07,0.63914,0.0025459986715584775,50000,
34,25,26.0,fit,1253,APsimfit10000led_npsclean,clean,likelihood,,6.547492265174783e-05,5.280991172903231e-07,0.75346,0.001988510273914477,50000,
71,3,1.0,fit,1253,APsimfit10000led_npsclean,clean,likelihood,,6.76685742340608e-05,5.658526726048855e-07,0.7452,0.0021306679298579425,50000,
71,1,0.6,fit,1252,APsimfit10000led_npsclean,clean,likelihood,,0.00014223148201253377,8.021614823374643e-07,0.46444,0.0030204677431596655,50000,
34,29,40.0,fit,1253,APsimfit10000led_npsclean,clean,likelihood,,6.28882196963328e-05,5.185833845989588e-07,0.7632,0.001952679628490013,50000,
71,11,3.0,fit,1251,APsimfit10000led_npsclean,clean,likelihood,,8.548867364970239e-05,6.341195533080984e-07,0.6781,0.002387720799673296,50000,
34,21,10.0,fit,1257,APsimfit10000led_npsclean,clean,likelihood,,7.822253475235584e-05,5.84851806943003e-07,0.70546,0.0022022074810328757,50000,
34,27,30.0,fit,1255,APsimfit10000led_npsclean,clean,likelihood,,6.319628698876414e-05,5.203996279767507e-07,0.76204,0.0019595185314505016,50000,
34,19,8.0,fit,1257,APsimfit10000led_npsclean,clean,likelihood,,8.195652279682559e-05,6.026254474074307e-07,0.6914,0.0022691325439826524,50000,
71,5,1.4,fit,1253,APsimfit10000led_npsclean,clean,likelihood,,9.961727706120959e-05,7.029945263842835e-07,0.6249,0.002647063387254794,50000,
34,23,20.0,fit,1256,APsimfit10000led_npsclean,clean,likelihood,,6.915048414075646e-05,5.39706730455201e-07,0.73962,0.0020322177092770228,50000,
71,9,2.0,fit,1252,APsimfit10000led_npsclean,clean,likelihood,,9.741831397385472e-05,6.884131083649417e-07,0.63318,0.0025921583541078388,50000,
71,7,1.8,fit,1252,APsimfit10000led_npsclean,clean,likelihood,,9.665876875286014e-05,6.865967684674288e-07,0.63604,0.002585319087710922,50000,
71,3,1.0,fit,1254,APsimfit10000led_npsclean,clean,likelihood,,6.855559557606145e-05,5.670759181313232e-07,0.74186,0.0021352739521314167,50000,
34,25,26.0,fit,1254,APsimfit10000led_npsclean,clean,likelihood,,6.542180760132864e-05,5.268875423159053e-07,0.75366,0.0019839481960670278,50000,
71,11,3.0,fit,1252,APsimfit10000led_npsclean,clean,likelihood,,8.52815249530675e-05,6.309821887777142e-07,0.67888,0.0023759073324709752,50000,
34,29,40.0,fit,1254,APsimfit10000led_npsclean,clean,likelihood,,6.299976130221311e-05,5.186572970966579e-07,0.76278,0.0019529579394286856,50000,
71,1,0.6,fit,1253,APsimfit10000led_npsclean,clean,likelihood,,0.00014105763939826943,8.06918510320989e-07,0.46886,0.0030383799090937308,50000,
34,21,10.0,fit,1258,APsimfit10000led_npsclean,clean,likelihood,,7.798882853051137e-05,5.834467307901348e-07,0.70634,0.0021969167917017763,50000,
71,5,1.4,fit,1254,APsimfit10000led_npsclean,clean,likelihood,,0.00010027590368640769,6.969722640530543e-07,0.62242,0.002624387093873917,50000,
34,19,8.0,fit,1258,APsimfit10000led_npsclean,clean,likelihood,,8.15369138985139e-05,6.014711858978501e-07,0.69298,0.002264786274891422,50000,
34,27,30.0,fit,1256,APsimfit10000led_npsclean,clean,likelihood,,6.44816712089088e-05,5.241400709726792e-07,0.7572,0.001973602836996323,50000,
71,9,2.0,fit,1253,APsimfit10000led_npsclean,clean,likelihood,,9.669063778311167e-05,6.857127017914255e-07,0.63592,0.0025819902132430414,50000,
34,23,20.0,fit,1257,APsimfit10000led_npsclean,clean,likelihood,,6.841218493992962e-05,5.389903831217986e-07,0.7424,0.002029520367082113,50000,
71,7,1.8,fit,1253,APsimfit10000led_npsclean,clean,likelihood,,9.57929934310272e-05,6.848418478193964e-07,0.6393,0.0025787110900372607,50000,
71,3,1.0,fit,1255,APsimfit10000led_npsclean,clean,likelihood,,6.757296714330623e-05,5.662216417418905e-07,0.74556,0.0021320572503390227,50000,
34,25,26.0,fit,1255,APsimfit10000led_npsclean,clean,likelihood,,6.57351863988019e-05,5.287855649870214e-07,0.75248,0.0019910950316856945,50000,
71,11,3.0,fit,1253,APsimfit10000led_npsclean,clean,likelihood,,8.477693197408511e-05,6.337862563028029e-07,0.68078,0.0023864657994326303,50000,
34,29,40.0,fit,1255,APsimfit10000led_npsclean,clean,likelihood,,6.332376310977023e-05,5.211164332584631e-07,0.76156,0.0019622175980090577,50000,
71,1,0.6,fit,1254,APsimfit10000led_npsclean,clean,likelihood,,0.0001400112729050112,7.982522367799688e-07,0.4728,0.003005747826576164,50000,
34,21,10.0,fit,1259,APsimfit10000led_npsclean,clean,likelihood,,7.862089763049983e-05,5.808627407490215e-07,0.70396,0.00218718700693938,50000,
34,19,8.0,fit,1259,APsimfit10000led_npsclean,clean,likelihood,,8.248236179597567e-05,6.056373052828117e-07,0.68942,0.002280473427034106,50000,
71,5,1.4,fit,1255,APsimfit10000led_npsclean,clean,likelihood,,0.00010038213378724607,6.976558328603498e-07,0.62202,0.002626961011443045,50000,
34,27,30.0,fit,1257,APsimfit10000led_npsclean,clean,likelihood,,6.347779675598592e-05,5.202321706351414e-07,0.76098,0.001958887985718971,50000,
71,9,2.0,fit,1254,APsimfit10000led_npsclean,clean,likelihood,,9.748205203435777e-05,6.985218784624934e-07,0.63294,0.0026302220291595244,50000,
34,23,20.0,fit,1258,APsimfit10000led_npsclean,clean,likelihood,,6.779605035506686e-05,5.364497348640824e-07,0.74472,0.0020199537819516663,50000,
71,7,1.8,fit,1254,APsimfit10000led_npsclean,clean,likelihood,,9.641975102597376e-05,6.819767195619108e-07,0.63694,0.0025679227043165537,50000,
71,3,1.0,fit,1256,APsimfit10000led_npsclean,clean,likelihood,,6.971350367519999e-05,5.694418075971305e-07,0.7375,0.002144182498568387,50000,
34,25,26.0,fit,1256,APsimfit10000led_npsclean,clean,likelihood,,6.688247148785662e-05,5.311845378470505e-07,0.74816,0.0020001281507022284,50000,
71,11,3.0,fit,1254,APsimfit10000led_npsclean,clean,likelihood,,8.514873732701953e-05,6.309266527189728e-07,0.67938,0.002375698216379385,50000,
34,21,10.0,fit,1260,APsimfit10000led_npsclean,clean,likelihood,,7.818004271202047e-05,5.809642551837764e-07,0.70562,0.002187569250518003,50000,
34,29,40.0,fit,1256,APsimfit10000led_npsclean,clean,likelihood,,6.433826057277697e-05,5.243558662575908e-07,0.75774,0.0019744153949557276,50000,
34,19,8.0,fit,1260,APsimfit10000led_npsclean,clean,likelihood,,8.19034077464064e-05,6.033707863468887e-07,0.6916,0.0022719390514925786,50000,
71,1,0.6,fit,1255,APsimfit10000led_npsclean,clean,likelihood,,0.00014228990856799485,8.112085380277997e-07,0.46422,0.003054533627005895,50000,
34,27,30.0,fit,1258,APsimfit10000led_npsclean,clean,likelihood,,6.303163033246464e-05,5.201383934338228e-07,0.76266,0.0019585348760049505,50000,
71,5,1.4,fit,1256,APsimfit10000led_npsclean,clean,likelihood,,0.0001012850896443725,6.944264276761107e-07,0.61862,0.0026148009733417852,50000,
34,23,20.0,fit,1259,APsimfit10000led_npsclean,clean,likelihood,,6.842280795001343e-05,5.386222408271675e-07,0.74236,0.0020281341600024787,50000,
71,9,2.0,fit,1255,APsimfit10000led_npsclean,clean,likelihood,,9.776887330662144e-05,6.942658365313985e-07,0.63186,0.0026141962816642107,50000,
71,7,1.8,fit,1255,APsimfit10000led_npsclean,clean,likelihood,,9.683404841924354e-05,6.878571945939861e-07,0.63538,0.0025900651102284933,50000,
71,3,1.0,fit,1257,APsimfit10000led_npsclean,clean,likelihood,,6.847592300043263e-05,5.680031248344143e-07,0.74216,0.002138765266535802,50000,
34,21,10.0,fit,1261,APsimfit10000led_npsclean,clean,likelihood,,7.80844356212659e-05,5.81498306749287e-07,0.70598,0.0021895801742064704,50000,
34,25,26.0,fit,1257,APsimfit10000led_npsclean,clean,likelihood,,6.58361049945984e-05,5.291924626182884e-07,0.7521,0.0019926271685397714,50000,
71,11,3.0,fit,1255,APsimfit10000led_npsclean,clean,likelihood,,8.459634080265984e-05,6.267429260949081e-07,0.68146,0.002359944765743283,50000,
34,19,8.0,fit,1261,APsimfit10000led_npsclean,clean,likelihood,,8.21424254732928e-05,6.009477382529933e-07,0.6907,0.0022628152793234026,50000,
34,27,30.0,fit,1259,APsimfit10000led_npsclean,clean,likelihood,,6.379648705850111e-05,5.213272697381552e-07,0.75978,0.0019630114840282864,50000,
34,29,40.0,fit,1257,APsimfit10000led_npsclean,clean,likelihood,,6.36583879274112e-05,5.215137878460871e-07,0.7603,0.0019637138013807497,50000,
34,23,20.0,fit,1260,APsimfit10000led_npsclean,clean,likelihood,,6.823690527354622e-05,5.369007478026526e-07,0.74306,0.0020216520310731892,50000,
71,1,0.6,fit,1256,APsimfit10000led_npsclean,clean,likelihood,,0.00014076550662096385,7.954546453790962e-07,0.46996,0.0029952137448844658,50000,
71,5,1.4,fit,1257,APsimfit10000led_npsclean,clean,likelihood,,0.0001002334116460723,6.994044945788068e-07,0.62258,0.002633545441673859,50000,
71,9,2.0,fit,1256,APsimfit10000led_npsclean,clean,likelihood,,9.861871411332863e-05,6.928555517993169e-07,0.62866,0.0026088859798911682,50000,
71,7,1.8,fit,1256,APsimfit10000led_npsclean,clean,likelihood,,9.794946447804673e-05,6.866936415743052e-07,0.63118,0.00258568385478207,50000,
71,3,1.0,fit,1258,APsimfit10000led_npsclean,clean,likelihood,,6.78597884155699e-05,5.702090175350276e-07,0.74448,0.0021470713593784285,50000,
34,21,10.0,fit,1262,APsimfit10000led_npsclean,clean,likelihood,,7.86633896708352e-05,5.838664379619504e-07,0.7038,0.0021984971617419182,50000,
34,19,8.0,fit,1262,APsimfit10000led_npsclean,clean,likelihood,,8.216367149346048e-05,5.980526640798538e-07,0.69062,0.0022519141349197328,50000,
34,27,30.0,fit,1260,APsimfit10000led_npsclean,clean,likelihood,,6.33928126753152e-05,5.20148818647635e-07,0.7613,0.001958574131220675,50000,
71,11,3.0,fit,1256,APsimfit10000led_npsclean,clean,likelihood,,8.629602241607423e-05,6.299824312778703e-07,0.67506,0.0023721428344917646,50000,
34,25,26.0,fit,1258,APsimfit10000led_npsclean,clean,likelihood,,6.548023415678976e-05,5.273147213473237e-07,0.75344,0.0019855567007301955,50000,
34,23,20.0,fit,1261,APsimfit10000led_npsclean,clean,likelihood,,6.787572293069569e-05,5.35987501199124e-07,0.74442,0.0020182132821825413,50000,
34,29,40.0,fit,1258,APsimfit10000led_npsclean,clean,likelihood,,6.312723742321921e-05,5.201853375702374e-07,0.7623,0.0019587116399769097,50000,
71,1,0.6,fit,1257,APsimfit10000led_npsclean,clean,likelihood,,0.00014098858983272448,8.028944573637404e-07,0.46912,0.003023227695453756,50000,
71,5,1.4,fit,1258,APsimfit10000led_npsclean,clean,likelihood,,0.0001001749850906112,7.058451856954612e-07,0.6228,0.0026577972914445832,50000,
71,9,2.0,fit,1257,APsimfit10000led_npsclean,clean,likelihood,,9.785385738729216e-05,6.905565646166847e-07,0.63154,0.0026002293480533443,50000,
71,7,1.8,fit,1257,APsimfit10000led_npsclean,clean,likelihood,,9.645693156126718e-05,6.864185246351534e-07,0.6368,0.0025846479264077936,50000,
34,21,10.0,fit,1263,APsimfit10000led_npsclean,clean,likelihood,,7.816410819689473e-05,5.821398141443816e-07,0.70568,0.0021919957132675526,50000,
34,19,8.0,fit,1263,APsimfit10000led_npsclean,clean,likelihood,,8.148911035313664e-05,6.001248197852874e-07,0.69316,0.0022597166529973005,50000,
71,3,1.0,fit,1259,APsimfit10000led_npsclean,clean,likelihood,,6.865120266681599e-05,5.690474234940281e-07,0.7415,0.002142697480292061,50000,
34,27,30.0,fit,1261,APsimfit10000led_npsclean,clean,likelihood,,6.290946571650047e-05,5.1796858876352e-07,0.76312,0.0019503646694319433,50000,
34,23,20.0,fit,1262,APsimfit10000led_npsclean,clean,likelihood,,6.91026805953792e-05,5.388175387311124e-07,0.7398,0.002028869536896235,50000,
71,11,3.0,fit,1257,APsimfit10000led_npsclean,clean,likelihood,,8.497876916567809e-05,6.269467214278633e-07,0.68002,0.0023607121389504883,50000,
34,25,26.0,fit,1259,APsimfit10000led_npsclean,clean,likelihood,,6.638850151895808e-05,5.29763619320025e-07,0.75002,0.0019947778083197537,50000,
34,29,40.0,fit,1259,APsimfit10000led_npsclean,clean,likelihood,,6.376992953329152e-05,5.2190212560366e-07,0.75988,0.001965176052680553,50000,
71,1,0.6,fit,1258,APsimfit10000led_npsclean,clean,likelihood,,0.00014083986769155072,7.960855603688873e-07,0.46968,0.0029975893991851274,50000,
71,5,1.4,fit,1259,APsimfit10000led_npsclean,clean,likelihood,,9.984567177801214e-05,6.95733841628297e-07,0.62404,0.002619723924339168,50000,
71,9,2.0,fit,1258,APsimfit10000led_npsclean,clean,likelihood,,9.694559002512384e-05,6.929969676812587e-07,0.63496,0.0026094184688216153,50000,
71,7,1.8,fit,1258,APsimfit10000led_npsclean,clean,likelihood,,9.5872666006656e-05,6.801908673678389e-07,0.639,0.0025611982366563427,50000,
34,21,10.0,fit,1264,APsimfit10000led_npsclean,clean,likelihood,,7.83712568935296e-05,5.814879011803899e-07,0.7049,0.002189540992961927,50000,
34,19,8.0,fit,1264,APsimfit10000led_npsclean,clean,likelihood,,8.20946219279155e-05,6.002646487647601e-07,0.69088,0.0022602431665875882,50000,
34,27,30.0,fit,1262,APsimfit10000led_npsclean,clean,likelihood,,6.388147113917183e-05,5.209442987882774e-07,0.75946,0.001961569440965707,50000,
71,3,1.0,fit,1260,APsimfit10000led_npsclean,clean,likelihood,,6.803506808195326e-05,5.661888584333411e-07,0.74382,0.0021319338077053786,50000,
34,23,20.0,fit,1263,APsimfit10000led_npsclean,clean,likelihood,,6.812005216262398e-05,5.359769479379165e-07,0.7435,0.002018173544815734,50000,
34,25,26.0,fit,1260,APsimfit10000led_npsclean,clean,likelihood,,6.587859703493375e-05,5.279095707686095e-07,0.75194,0.0019877965533391683,50000,
71,11,3.0,fit,1258,APsimfit10000led_npsclean,clean,likelihood,,8.414486287409664e-05,6.270554191316179e-07,0.68316,0.0023611214304898793,50000,
34,29,40.0,fit,1260,APsimfit10000led_npsclean,clean,likelihood,,6.335032063497982e-05,5.205989013538376e-07,0.76146,0.001960268877634923,50000,
71,1,0.6,fit,1259,APsimfit10000led_npsclean,clean,likelihood,,0.00014256079532513278,7.983813862928599e-07,0.4632,0.0030062341275845293,50000,
71,5,1.4,fit,1260,APsimfit10000led_npsclean,clean,likelihood,,0.00010008468950489854,6.930375725373644e-07,0.62314,0.002609571362797184,50000,
71,9,2.0,fit,1259,APsimfit10000led_npsclean,clean,likelihood,,9.754047858981889e-05,6.951583462675528e-07,0.63272,0.002617556947724434,50000,
34,21,10.0,fit,1265,APsimfit10000led_npsclean,clean,likelihood,,7.778167983387648e-05,5.806959108171957e-07,0.70712,0.0021865588236636073,50000,
71,7,1.8,fit,1259,APsimfit10000led_npsclean,clean,likelihood,,9.673312982344703e-05,6.883136769799606e-07,0.63576,0.002591783954067939,50000,
34,19,8.0,fit,1265,APsimfit10000led_npsclean,clean,likelihood,,8.15581599186816e-05,6.001691675577045e-07,0.6929,0.002259883640591465,50000,
34,23,20.0,fit,1264,APsimfit10000led_npsclean,clean,likelihood,,6.807224861724671e-05,5.376811143903084e-07,0.74368,0.0020245904320781655,50000,
34,27,30.0,fit,1263,APsimfit10000led_npsclean,clean,likelihood,,6.319628698876414e-05,5.185238884791419e-07,0.76204,0.0019524556011405242,50000,
71,3,1.0,fit,1261,APsimfit10000led_npsclean,clean,likelihood,,6.827408580883967e-05,5.671927434394567e-07,0.74292,0.0021357138474424873,50000,
34,25,26.0,fit,1261,APsimfit10000led_npsclean,clean,likelihood,,6.555459522737663e-05,5.262268708522577e-07,0.75316,0.001981460496409648,50000,
71,11,3.0,fit,1259,APsimfit10000led_npsclean,clean,likelihood,,8.493627712534272e-05,6.273477173323389e-07,0.68018,0.0023622220533770426,50000,
34,29,40.0,fit,1261,APsimfit10000led_npsclean,clean,likelihood,,6.281917013078783e-05,5.181588503062834e-07,0.76346,0.0019510810823554436,50000,
71,1,0.6,fit,1260,APsimfit10000led_npsclean,clean,likelihood,,0.00014281574756714495,7.914505102487087e-07,0.46224,0.0029801365300506826,50000,
71,5,1.4,fit,1261,APsimfit10000led_npsclean,clean,likelihood,,0.00010045649485783296,7.028382000458763e-07,0.62174,0.0026464747543261855,50000,
34,21,10.0,fit,1266,APsimfit10000led_npsclean,clean,likelihood,,7.838187990361343e-05,5.853295720613672e-07,0.70486,0.0022040064631089294,50000,
71,9,2.0,fit,1260,APsimfit10000led_npsclean,clean,likelihood,,9.768388922595072e-05,6.919499045587672e-07,0.63218,0.002605475845726173,50000,
34,19,8.0,fit,1266,APsimfit10000led_npsclean,clean,likelihood,,8.213180246320895e-05,6.037759619072407e-07,0.69074,0.002273464704041731,50000,
71,7,1.8,fit,1260,APsimfit10000led_npsclean,clean,likelihood,,9.691903249991424e-05,6.889014167562175e-07,0.63506,0.00259399703594066,50000,
34,23,20.0,fit,1265,APsimfit10000led_npsclean,clean,likelihood,,6.805100259707905e-05,5.383280330907969e-07,0.74376,0.0020270263469286,50000,
34,27,30.0,fit,1264,APsimfit10000led_npsclean,clean,likelihood,,6.277136658541056e-05,5.184896767427887e-07,0.76364,0.0019523267798889838,50000,
71,3,1.0,fit,1262,APsimfit10000led_npsclean,clean,likelihood,,6.890615490882816e-05,5.703047877935815e-07,0.74054,0.0021474319737722703,50000,
34,25,26.0,fit,1262,APsimfit10000led_npsclean,clean,likelihood,,6.640974753912574e-05,5.293787050576893e-07,0.74994,0.0019933284478868903,50000,
71,11,3.0,fit,1260,APsimfit10000led_npsclean,clean,likelihood,,8.621634984044545e-05,6.355242285267082e-07,0.67536,0.0023930099793220915,50000,
34,29,40.0,fit,1262,APsimfit10000led_npsclean,clean,likelihood,,6.391334016942336e-05,5.214755467517179e-07,0.75934,0.0019635698079398423,50000,
71,1,0.6,fit,1261,APsimfit10000led_npsclean,clean,likelihood,,0.00014119573852935935,7.877351450020724e-07,0.46834,0.0029661466525402087,50000,
34,21,10.0,fit,1267,APsimfit10000led_npsclean,clean,likelihood,,7.859965161033216e-05,5.851911991212138e-07,0.70404,0.0022034854321052446,50000,
34,19,8.0,fit,1267,APsimfit10000led_npsclean,clean,likelihood,,8.263108393714943e-05,6.058629461951899e-07,0.68886,0.002281323057828381,50000,
71,5,1.4,fit,1262,APsimfit10000led_npsclean,clean,likelihood,,0.00010076987365530623,6.970178692766231e-07,0.62056,0.0026245588162885957,50000,
71,7,1.8,fit,1261,APsimfit10000led_npsclean,clean,likelihood,,9.652598112681216e-05,6.977396626569433e-07,0.63654,0.0026272766650889774,50000,
71,9,2.0,fit,1261,APsimfit10000led_npsclean,clean,likelihood,,9.766264320578303e-05,6.915377892867854e-07,0.63226,0.002603924062309875,50000,
34,23,20.0,fit,1266,APsimfit10000led_npsclean,clean,likelihood,,6.826877430379775e-05,5.361069184475664e-07,0.74294,0.002018662937214401,50000,
34,27,30.0,fit,1265,APsimfit10000led_npsclean,clean,likelihood,,6.293071173666815e-05,5.194135170649023e-07,0.76304,0.0019558054184850965,50000,
34,25,26.0,fit,1263,APsimfit10000led_npsclean,clean,likelihood,,6.555459522737663e-05,5.26534493543427e-07,0.75316,0.001982618822303125,50000,
71,3,1.0,fit,1263,APsimfit10000led_npsclean,clean,likelihood,,6.809349463741439e-05,5.634089370324048e-07,0.7436,0.0021214662608274363,50000,
34,29,40.0,fit,1263,APsimfit10000led_npsclean,clean,likelihood,,6.341405869548288e-05,5.196763126234635e-07,0.76122,0.001956794951796228,50000,
71,11,3.0,fit,1261,APsimfit10000led_npsclean,clean,likelihood,,8.510093378164223e-05,6.35497279765842e-07,0.67956,0.0023929085061590106,50000,
71,1,0.6,fit,1262,APsimfit10000led_npsclean,clean,likelihood,,0.00014150911732683263,7.874538958067072e-07,0.46716,0.0029650876337003677,50000,
34,21,10.0,fit,1268,APsimfit10000led_npsclean,clean,likelihood,,7.878024278175744e-05,5.812268762258494e-07,0.70336,0.002188558126702814,50000,
34,19,8.0,fit,1268,APsimfit10000led_npsclean,clean,likelihood,,8.250891932118526e-05,6.011078311051097e-07,0.68932,0.0022634180947245096,50000,
71,7,1.8,fit,1262,APsimfit10000led_npsclean,clean,likelihood,,9.692965550999807e-05,6.888902153623898e-07,0.63502,0.0025939548580880952,50000,
34,23,20.0,fit,1267,APsimfit10000led_npsclean,clean,likelihood,,6.834313537438464e-05,5.381135036863157e-07,0.74266,0.0020262185555294087,50000,
71,5,1.4,fit,1263,APsimfit10000led_npsclean,clean,likelihood,,9.986691779817985e-05,7.043328153972103e-07,0.62396,0.002652102595548355,50000,
34,27,30.0,fit,1266,APsimfit10000led_npsclean,clean,likelihood,,6.353622331144703e-05,5.196975516247088e-07,0.76076,0.0019568749253671,50000,
71,9,2.0,fit,1262,APsimfit10000led_npsclean,clean,likelihood,,9.785385738729216e-05,6.840632115550279e-07,0.63154,0.0025757792044107824,50000,
34,25,26.0,fit,1264,APsimfit10000led_npsclean,clean,likelihood,,6.566082532821504e-05,5.283847584402056e-07,0.75276,0.0019895858302685725,50000,
34,29,40.0,fit,1264,APsimfit10000led_npsclean,clean,likelihood,,6.295726926187777e-05,5.198596584350298e-07,0.76294,0.00195748532414877,50000,
71,3,1.0,fit,1264,APsimfit10000led_npsclean,clean,likelihood,,6.781729637523457e-05,5.687288747105775e-07,0.74464,0.0021414980131695166,50000,
71,11,3.0,fit,1262,APsimfit10000led_npsclean,clean,likelihood,,8.570644535642112e-05,6.316781666610963e-07,0.67728,0.0023785279753128414,50000,
34,21,10.0,fit,1269,APsimfit10000led_npsclean,clean,likelihood,,7.8477486994368e-05,5.813134156082943e-07,0.7045,0.002188883983053366,50000,
71,1,0.6,fit,1263,APsimfit10000led_npsclean,clean,likelihood,,0.0001400643879554304,7.981663288982824e-07,0.4726,0.003005424348085573,50000,
34,19,8.0,fit,1269,APsimfit10000led_npsclean,clean,likelihood,,8.185560420102913e-05,6.002822186295806e-07,0.69178,0.0022603093243514683,50000,
71,7,1.8,fit,1263,APsimfit10000led_npsclean,clean,likelihood,,9.692434400495615e-05,6.885726627206211e-07,0.63504,0.002592759141848489,50000,
34,23,20.0,fit,1268,APsimfit10000led_npsclean,clean,likelihood,,6.839093891976191e-05,5.37649311180501e-07,0.74248,0.002024470679919196,50000,
34,27,30.0,fit,1267,APsimfit10000led_npsclean,clean,likelihood,,6.34459277257344e-05,5.208222063950093e-07,0.7611,0.0019611097129138477,50000,
71,5,1.4,fit,1264,APsimfit10000led_npsclean,clean,likelihood,,9.967039211162878e-05,6.937060891071592e-07,0.6247,0.0026120886025042677,50000,
71,9,2.0,fit,1263,APsimfit10000led_npsclean,clean,likelihood,,9.786448039737601e-05,6.881346995155881e-07,0.6315,0.002591110030338375,50000,
34,25,26.0,fit,1265,APsimfit10000led_npsclean,clean,likelihood,,6.57351863988019e-05,5.279202274874153e-07,0.75248,0.001987836680266364,50000,
34,29,40.0,fit,1265,APsimfit10000led_npsclean,clean,likelihood,,6.303694183750656e-05,5.202784882602815e-07,0.76264,0.0019590623906184284,50000,
71,3,1.0,fit,1265,APsimfit10000led_npsclean,clean,likelihood,,6.801913356682752e-05,5.655797760385188e-07,0.74388,0.0021296403620999797,50000,
71,11,3.0,fit,1263,APsimfit10000led_npsclean,clean,likelihood,,8.518060635727104e-05,6.319470890565974e-07,0.67926,0.0023795405786837458,50000,
34,21,10.0,fit,1270,APsimfit10000led_npsclean,clean,likelihood,,7.806850110614016e-05,5.852572934116489e-07,0.70604,0.002203734304279566,50000,
71,1,0.6,fit,1264,APsimfit10000led_npsclean,clean,likelihood,,0.00014111075444868862,8.07723461098684e-07,0.46866,0.003041410879680568,50000,
34,19,8.0,fit,1270,APsimfit10000led_npsclean,clean,likelihood,,8.168032453464574e-05,6.050875624571022e-07,0.69244,0.002278403419300438,50000,
71,7,1.8,fit,1264,APsimfit10000led_npsclean,clean,likelihood,,9.583548547136254e-05,6.833029529291292e-07,0.63914,0.0025729165181480433,50000,
34,23,20.0,fit,1269,APsimfit10000led_npsclean,clean,likelihood,,6.840156192984577e-05,5.374269450557994e-07,0.74244,0.0020236333800467622,50000,
34,27,30.0,fit,1268,APsimfit10000led_npsclean,clean,likelihood,,6.359996137195009e-05,5.185772871307771e-07,0.76052,0.0019526566690156886,50000,
71,5,1.4,fit,1265,APsimfit10000led_npsclean,clean,likelihood,,0.00010021747713094656,6.989286875071898e-07,0.62264,0.0026317538324487455,50000,
71,9,2.0,fit,1264,APsimfit10000led_npsclean,clean,likelihood,,9.646755457135104e-05,6.877768100141491e-07,0.63676,0.0025897624292399502,50000,
34,29,40.0,fit,1266,APsimfit10000led_npsclean,clean,likelihood,,6.349904277615359e-05,5.200802051495119e-07,0.7609,0.0019583157731937824,50000,
34,25,26.0,fit,1266,APsimfit10000led_npsclean,clean,likelihood,,6.586797402484992e-05,5.27978161176322e-07,0.75198,0.001988054824421173,50000,
71,3,1.0,fit,1266,APsimfit10000led_npsclean,clean,likelihood,,6.822097075842047e-05,5.657583333305704e-07,0.74312,0.002130312703708026,50000,
34,21,10.0,fit,1271,APsimfit10000led_npsclean,clean,likelihood,,7.773918779354112e-05,5.792707845565445e-07,0.70728,0.0021811926374342666,50000,
71,11,3.0,fit,1264,APsimfit10000led_npsclean,clean,likelihood,,8.503188421609728e-05,6.273005129948448e-07,0.67982,0.0023620443096410526,50000,
71,1,0.6,fit,1265,APsimfit10000led_npsclean,clean,likelihood,,0.00013996346935963392,7.888762901485333e-07,0.47298,0.0029704435331322616,50000,
34,19,8.0,fit,1271,APsimfit10000led_npsclean,clean,likelihood,,8.110137048507648e-05,6.010224130621122e-07,0.69462,0.002263096460677951,50000,
71,7,1.8,fit,1265,APsimfit10000led_npsclean,clean,likelihood,,9.667470326798592e-05,6.882177369402758e-07,0.63598,0.002591422700378344,50000,
34,23,20.0,fit,1270,APsimfit10000led_npsclean,clean,likelihood,,6.839625042480383e-05,5.380040283256426e-07,0.74246,0.002025806335792031,50000,
34,27,30.0,fit,1269,APsimfit10000led_npsclean,clean,likelihood,,6.357871535178239e-05,5.205858954387672e-07,0.7606,0.0019602199050180553,50000,
71,5,1.4,fit,1266,APsimfit10000led_npsclean,clean,likelihood,,9.978193371750913e-05,6.943649172567251e-07,0.62428,0.0026145693613263575,50000,
71,9,2.0,fit,1265,APsimfit10000led_npsclean,clean,likelihood,,9.769982374107648e-05,6.926277450911863e-07,0.63212,0.0026080281939855434,50000,
34,29,40.0,fit,1267,APsimfit10000led_npsclean,clean,likelihood,,6.333438611985408e-05,5.202331098551656e-07,0.76152,0.001958891522268468,50000,
34,25,26.0,fit,1267,APsimfit10000led_npsclean,clean,likelihood,,6.595826961056256e-05,5.286649531226693e-07,0.75164,0.0019906408784338375,50000,
34,21,10.0,fit,1272,APsimfit10000led_npsclean,clean,likelihood,,7.802600906580479e-05,5.840705755581547e-07,0.7062,0.002199265823710958,50000,
71,3,1.0,fit,1267,APsimfit10000led_npsclean,clean,likelihood,,6.823159376850433e-05,5.680900115966428e-07,0.74308,0.0021390924309140445,50000,
34,19,8.0,fit,1272,APsimfit10000led_npsclean,clean,likelihood,,8.166439001952e-05,6.026096195269875e-07,0.6925,0.002269072945506069,50000,
71,11,3.0,fit,1265,APsimfit10000led_npsclean,clean,likelihood,,8.539306655894785e-05,6.324557838659165e-07,0.67846,0.0023814560237611928,50000,
71,1,0.6,fit,1266,APsimfit10000led_npsclean,clean,likelihood,,0.0001417906270940544,8.055603308251251e-07,0.4661,0.003033265804955093,50000,
34,23,20.0,fit,1271,APsimfit10000led_npsclean,clean,likelihood,,6.756234413322238e-05,5.34190775199965e-07,0.7456,0.0020114478701760436,50000,
71,7,1.8,fit,1266,APsimfit10000led_npsclean,clean,likelihood,,9.671719530832126e-05,6.877829741742163e-07,0.63582,0.00258978563983664,50000,
34,27,30.0,fit,1270,APsimfit10000led_npsclean,clean,likelihood,,6.37646180282496e-05,5.202033203200304e-07,0.7599,0.001958779352422445,50000,
71,5,1.4,fit,1267,APsimfit10000led_npsclean,clean,likelihood,,9.975006468725761e-05,6.990966266821855e-07,0.6244,0.002632386192481054,50000,
71,9,2.0,fit,1266,APsimfit10000led_npsclean,clean,likelihood,,9.746080601419008e-05,6.836376565240588e-07,0.63302,0.00257417681477692,50000,
34,29,40.0,fit,1268,APsimfit10000led_npsclean,clean,likelihood,,6.353091180640512e-05,5.197219477375257e-07,0.76078,0.0019569667867609026,50000,
34,25,26.0,fit,1268,APsimfit10000led_npsclean,clean,likelihood,,6.60485651962752e-05,5.275523840471164e-07,0.7513,0.001986451598496147,50000,
34,21,10.0,fit,1273,APsimfit10000led_npsclean,clean,likelihood,,7.694246203725311e-05,5.791821708274735e-07,0.71028,0.0021808589703159204,50000,
71,3,1.0,fit,1268,APsimfit10000led_npsclean,clean,likelihood,,6.852372654580992e-05,5.682216176910808e-07,0.74198,0.002139587981961815,50000,
34,19,8.0,fit,1273,APsimfit10000led_npsclean,clean,likelihood,,8.079330319264513e-05,5.986366870270758e-07,0.69578,0.0022541132214031786,50000,
71,11,3.0,fit,1266,APsimfit10000led_npsclean,clean,likelihood,,8.536119752869633e-05,6.314329650099229e-07,0.67858,0.002377604690295739,50000,
71,7,1.8,fit,1267,APsimfit10000led_npsclean,clean,likelihood,,9.642506253101567e-05,6.779762690372106e-07,0.63692,0.0025528593635378953,50000,
71,1,0.6,fit,1267,APsimfit10000led_npsclean,clean,likelihood,,0.00014132321465036546,7.985530728437885e-07,0.46786,0.003006880598027741,50000,
34,23,20.0,fit,1272,APsimfit10000led_npsclean,clean,likelihood,,6.78597884155699e-05,5.354849278275115e-07,0.74448,0.0020163208868345336,50000,
34,27,30.0,fit,1271,APsimfit10000led_npsclean,clean,likelihood,,6.290946571650047e-05,5.17562860992015e-07,0.76312,0.0019488369375807906,50000,
71,5,1.4,fit,1268,APsimfit10000led_npsclean,clean,likelihood,,9.995190187885056e-05,6.971939844556756e-07,0.62364,0.0026252219623372677,50000,
71,9,2.0,fit,1267,APsimfit10000led_npsclean,clean,likelihood,,9.71208696915072e-05,6.870639287374552e-07,0.6343,0.002587078138173416,50000,
34,29,40.0,fit,1269,APsimfit10000led_npsclean,clean,likelihood,,6.369556846270465e-05,5.212555563205569e-07,0.76016,0.0019627414535302173,50000,
34,21,10.0,fit,1274,APsimfit10000led_npsclean,clean,likelihood,,7.730364438010368e-05,5.798877179424049e-07,0.70892,0.0021835156452484038,50000,
34,25,26.0,fit,1269,APsimfit10000led_npsclean,clean,likelihood,,6.595826961056256e-05,5.285958999228554e-07,0.75164,0.001990380864749321,50000,
34,19,8.0,fit,1274,APsimfit10000led_npsclean,clean,likelihood,,8.084641824306432e-05,5.991752984523481e-07,0.69558,0.002256141314838171,50000,
71,3,1.0,fit,1269,APsimfit10000led_npsclean,clean,likelihood,,6.794477249624063e-05,5.658963913869673e-07,0.74416,0.0021308325490449215,50000,
34,23,20.0,fit,1273,APsimfit10000led_npsclean,clean,likelihood,,6.710555469961728e-05,5.325238771975433e-07,0.74732,0.002005171313948511,50000,
71,7,1.8,fit,1268,APsimfit10000led_npsclean,clean,likelihood,,9.618073329908736e-05,6.811003457472846e-07,0.63784,0.0025646227966342316,50000,
71,11,3.0,fit,1267,APsimfit10000led_npsclean,clean,likelihood,,8.513811431693568e-05,6.315017369511427e-07,0.67942,0.002377863644926026,50000,
71,1,0.6,fit,1268,APsimfit10000led_npsclean,clean,likelihood,,0.00014147724829658115,7.934232064198347e-07,0.46728,0.0029875645420945644,50000,
34,27,30.0,fit,1272,APsimfit10000led_npsclean,clean,likelihood,,6.342999321060865e-05,5.204058647588902e-07,0.76116,0.0019595420154991483,50000,
71,5,1.4,fit,1269,APsimfit10000led_npsclean,clean,likelihood,,0.00010018029659565311,7.05402174360982e-07,0.62278,0.0026561291716518587,50000,
71,9,2.0,fit,1268,APsimfit10000led_npsclean,clean,likelihood,,9.687122895453694e-05,6.864387932212675e-07,0.63524,0.0025847242459667665,50000,
34,21,10.0,fit,1275,APsimfit10000led_npsclean,clean,likelihood,,7.812161615655935e-05,5.825393860555203e-07,0.70584,0.0021935002657738015,50000,
34,29,40.0,fit,1270,APsimfit10000led_npsclean,clean,likelihood,,6.369025695766273e-05,5.205984202148732e-07,0.76018,0.00196026706594893,50000,
34,25,26.0,fit,1270,APsimfit10000led_npsclean,clean,likelihood,,6.617604131728127e-05,5.292691231318346e-07,0.75082,0.0019929158268877957,50000,
34,19,8.0,fit,1275,APsimfit10000led_npsclean,clean,likelihood,,8.202026085732863e-05,6.048369940823741e-07,0.69116,0.0022774599263629355,50000,
71,3,1.0,fit,1270,APsimfit10000led_npsclean,clean,likelihood,,6.814129818279169e-05,5.710872208210724e-07,0.74342,0.002150378155772723,50000,
34,23,20.0,fit,1274,APsimfit10000led_npsclean,clean,likelihood,,6.728614587104256e-05,5.351660287811967e-07,0.74664,0.002015120100828315,50000,
71,7,1.8,fit,1269,APsimfit10000led_npsclean,clean,likelihood,,9.613292975371006e-05,6.796340096127827e-07,0.63802,0.0025591014382887944,50000,
71,11,3.0,fit,1268,APsimfit10000led_npsclean,clean,likelihood,,8.489378508500737e-05,6.318836127480645e-07,0.68034,0.0023793015642875172,50000,
71,1,0.6,fit,1269,APsimfit10000led_npsclean,clean,likelihood,,0.00014167377398313218,7.922703730188799e-07,0.46654,0.002983223650419394,50000,
34,27,30.0,fit,1273,APsimfit10000led_npsclean,clean,likelihood,,6.237831521230848e-05,5.165266439677562e-07,0.76512,0.0019449351545039388,50000,
71,5,1.4,fit,1270,APsimfit10000led_npsclean,clean,likelihood,,0.00010004750896960514,7.023245373267947e-07,0.62328,0.0026445406030262144,50000,
71,9,2.0,fit,1269,APsimfit10000led_npsclean,clean,likelihood,,9.757234762007038e-05,6.944212512347191e-07,0.6326,0.002614781481911952,50000,
34,21,10.0,fit,1276,APsimfit10000led_npsclean,clean,likelihood,,7.835532237840383e-05,5.820596742082365e-07,0.70496,0.002191693953463081,50000,
34,29,40.0,fit,1271,APsimfit10000led_npsclean,clean,likelihood,,6.284041615095553e-05,5.175625694488893e-07,0.76338,0.001948835839801071,50000,
34,19,8.0,fit,1276,APsimfit10000led_npsclean,clean,likelihood,,8.208399891783168e-05,6.006821735595351e-07,0.69092,0.0022618153190810146,50000,
34,25,26.0,fit,1271,APsimfit10000led_npsclean,clean,likelihood,,6.531026599544832e-05,5.24964285928071e-07,0.75408,0.0019767063451315383,50000,
34,23,20.0,fit,1275,APsimfit10000led_npsclean,clean,likelihood,,6.821034774833662e-05,5.375548788317963e-07,0.74316,0.0020241151033059406,50000,
71,3,1.0,fit,1271,APsimfit10000led_npsclean,clean,likelihood,,6.822628226346241e-05,5.677680007462284e-07,0.7431,0.0021378799276861532,50000,
71,7,1.8,fit,1270,APsimfit10000led_npsclean,clean,likelihood,,9.615417577387777e-05,6.833985117217598e-07,0.63794,0.002573276336285752,50000,
71,1,0.6,fit,1270,APsimfit10000led_npsclean,clean,likelihood,,0.00014109481993356286,7.968951517667187e-07,0.46872,0.0030006378436145003,50000,
71,11,3.0,fit,1269,APsimfit10000led_npsclean,clean,likelihood,,8.516467184214527e-05,6.316489017553362e-07,0.67932,0.002378417780912086,50000,
34,27,30.0,fit,1274,APsimfit10000led_npsclean,clean,likelihood,,6.244736477785344e-05,5.165657844403062e-07,0.76486,0.0019450825344734242,50000,
71,5,1.4,fit,1271,APsimfit10000led_npsclean,clean,likelihood,,9.989878682843137e-05,7.01915976242721e-07,0.62384,0.0026430022025884883,50000,
71,9,2.0,fit,1270,APsimfit10000led_npsclean,clean,likelihood,,9.824690876039425e-05,6.940523389705539e-07,0.63006,0.0026133923755804938,50000,
34,21,10.0,fit,1277,APsimfit10000led_npsclean,clean,likelihood,,7.878024278175744e-05,5.852998347959744e-07,0.70336,0.0022038944900799736,50000,
34,29,40.0,fit,1272,APsimfit10000led_npsclean,clean,likelihood,,6.324940203918336e-05,5.192300992791031e-07,0.76184,0.0019551147751199803,50000,
34,19,8.0,fit,1277,APsimfit10000led_npsclean,clean,likelihood,,8.221678654387967e-05,5.999327658061971e-07,0.69042,0.002258993490814173,50000,
34,25,26.0,fit,1272,APsimfit10000led_npsclean,clean,likelihood,,6.561302178283774e-05,5.272769186410264e-07,0.75294,0.0019854143580005966,50000,
71,7,1.8,fit,1271,APsimfit10000led_npsclean,clean,likelihood,,9.604794567303936e-05,6.766124005289109e-07,0.63834,0.002547723837928729,50000,
34,23,20.0,fit,1276,APsimfit10000led_npsclean,clean,likelihood,,6.936294434243328e-05,5.412009324731997e-07,0.73882,0.0020378439941292673,50000,
71,3,1.0,fit,1272,APsimfit10000led_npsclean,clean,likelihood,,6.797133002145022e-05,5.67813380917811e-07,0.74406,0.002138050802687587,50000,
71,1,0.6,fit,1271,APsimfit10000led_npsclean,clean,likelihood,,0.00014016530655122688,7.984762309413238e-07,0.47222,0.003006591256675871,50000,
34,27,30.0,fit,1275,APsimfit10000led_npsclean,clean,likelihood,,6.337687816018943e-05,5.187953023028571e-07,0.76136,0.0019534775857628604,50000,
71,11,3.0,fit,1270,APsimfit10000led_npsclean,clean,likelihood,,8.570644535642112e-05,6.362320399221526e-07,0.67728,0.002395675180201534,50000,
71,5,1.4,fit,1272,APsimfit10000led_npsclean,clean,likelihood,,0.00010003157445447935,7.102157056101425e-07,0.62334,0.0026742540956090823,50000,
71,9,2.0,fit,1271,APsimfit10000led_npsclean,clean,likelihood,,9.755110159990271e-05,6.894870713968585e-07,0.63268,0.002596202266420604,50000,
34,29,40.0,fit,1273,APsimfit10000led_npsclean,clean,likelihood,,6.25695293938176e-05,5.171114656148394e-07,0.7644,0.001947137248420701,50000,
34,21,10.0,fit,1278,APsimfit10000led_npsclean,clean,likelihood,,7.844561796411647e-05,5.832422022230435e-07,0.70462,0.0021961466575666226,50000,
34,19,8.0,fit,1278,APsimfit10000led_npsclean,clean,likelihood,,8.213180246320895e-05,6.028231473354847e-07,0.69074,0.0022698769654846324,50000,
34,25,26.0,fit,1273,APsimfit10000led_npsclean,clean,likelihood,,6.4800361511424e-05,5.247061219782206e-07,0.756,0.0019757342517312195,50000,
71,7,1.8,fit,1272,APsimfit10000led_npsclean,clean,likelihood,,9.601076513774591e-05,6.858759614241013e-07,0.63848,0.0025826049528747926,50000,
34,23,20.0,fit,1277,APsimfit10000led_npsclean,clean,likelihood,,6.883179383824127e-05,5.386124478678941e-07,0.74082,0.002028097285485007,50000,
71,3,1.0,fit,1273,APsimfit10000led_npsclean,clean,likelihood,,6.702057061894656e-05,5.643995934508375e-07,0.74764,0.002125196489493752,50000,
71,1,0.6,fit,1272,APsimfit10000led_npsclean,clean,likelihood,,0.0001408929827419699,8.102341532399776e-07,0.46948,0.003050864667717964,50000,
34,27,30.0,fit,1276,APsimfit10000led_npsclean,clean,likelihood,,6.437012960302849e-05,5.236606870242422e-07,0.75762,0.0019717977593595565,50000,
71,11,3.0,fit,1271,APsimfit10000led_npsclean,clean,likelihood,,8.470788240854016e-05,6.306252746987029e-07,0.68104,0.0023745634042389796,50000,
71,5,1.4,fit,1273,APsimfit10000led_npsclean,clean,likelihood,,9.841156541669376e-05,6.956782790748159e-07,0.62944,0.0026195147084839914,50000,
71,9,2.0,fit,1272,APsimfit10000led_npsclean,clean,likelihood,,9.714211571167487e-05,6.789667473979457e-07,0.63422,0.002556588921743782,50000,
34,29,40.0,fit,1274,APsimfit10000led_npsclean,clean,likelihood,,6.244205327281152e-05,5.169501588303538e-07,0.76488,0.0019465298620651857,50000,
34,21,10.0,fit,1279,APsimfit10000led_npsclean,clean,likelihood,,7.855184806495489e-05,5.843472928351526e-07,0.70422,0.0022003077780151105,50000,
34,19,8.0,fit,1279,APsimfit10000led_npsclean,clean,likelihood,,8.216367149346048e-05,6.051983678537195e-07,0.69062,0.002278820647169913,50000,
34,25,26.0,fit,1274,APsimfit10000led_npsclean,clean,likelihood,,6.520403589460991e-05,5.266143312214432e-07,0.75448,0.0019829194439814858,50000,
71,7,1.8,fit,1273,APsimfit10000led_npsclean,clean,likelihood,,9.569207483523071e-05,6.850640974692194e-07,0.63968,0.0025795479513338947,50000,
34,23,20.0,fit,1278,APsimfit10000led_npsclean,clean,likelihood,,6.859277611135487e-05,5.379472661728919e-07,0.74172,0.0020255926029524585,50000,
71,1,0.6,fit,1273,APsimfit10000led_npsclean,clean,likelihood,,0.00014099390133776637,8.1423607682765e-07,0.4691,0.0030659335551842777,50000,
71,3,1.0,fit,1274,APsimfit10000led_npsclean,clean,likelihood,,6.76207706886835e-05,5.637120256678823e-07,0.74538,0.002122607514137319,50000,
34,27,30.0,fit,1277,APsimfit10000led_npsclean,clean,likelihood,,6.34193702005248e-05,5.200702490229891e-07,0.7612,0.0019582782842845403,50000,
71,11,3.0,fit,1272,APsimfit10000led_npsclean,clean,likelihood,,8.511155679172608e-05,6.316505448204169e-07,0.67952,0.0023784239677275662,50000,
34,29,40.0,fit,1275,APsimfit10000led_npsclean,clean,likelihood,,6.342468170556672e-05,5.20337289684995e-07,0.76118,0.0019592838021552693,50000,
71,5,1.4,fit,1274,APsimfit10000led_npsclean,clean,likelihood,,9.912330709231105e-05,6.988747263534599e-07,0.62676,0.0026315506465219548,50000,
34,21,10.0,fit,1280,APsimfit10000led_npsclean,clean,likelihood,,7.763826919774465e-05,5.819438402460012e-07,0.70766,0.0021912577909768507,50000,
71,9,2.0,fit,1273,APsimfit10000led_npsclean,clean,likelihood,,9.63241439352192e-05,6.896207200886724e-07,0.6373,0.00259670550868719,50000,
34,19,8.0,fit,1280,APsimfit10000led_npsclean,clean,likelihood,,8.138288025229825e-05,6.026881784972295e-07,0.69356,0.0022693687523239934,50000,
71,7,1.8,fit,1274,APsimfit10000led_npsclean,clean,likelihood,,9.604263416799743e-05,6.833289831192525e-07,0.63836,0.00257301453251466,50000,
34,25,26.0,fit,1275,APsimfit10000led_npsclean,clean,likelihood,,6.601669616602369e-05,5.289701249584358e-07,0.75142,0.001991789975849195,50000,
34,23,20.0,fit,1279,APsimfit10000led_npsclean,clean,likelihood,,6.826346279875585e-05,5.366171352733302e-07,0.74296,0.0020205841133094514,50000,
71,1,0.6,fit,1274,APsimfit10000led_npsclean,clean,likelihood,,0.0001400962569856819,8.094568295346191e-07,0.47248,0.0030479377244157415,50000,
71,3,1.0,fit,1275,APsimfit10000led_npsclean,clean,likelihood,,6.838562741471998e-05,5.638953073001989e-07,0.7425,0.0021232976448286017,50000,
34,27,30.0,fit,1278,APsimfit10000led_npsclean,clean,likelihood,,6.38496021089203e-05,5.206590531857156e-07,0.75958,0.00196049537400988,50000,
71,11,3.0,fit,1273,APsimfit10000led_npsclean,clean,likelihood,,8.396427170267136e-05,6.306069962892503e-07,0.68384,0.002374494578513283,50000,
34,29,40.0,fit,1276,APsimfit10000led_npsclean,clean,likelihood,,6.444980217865727e-05,5.244547175960076e-07,0.75732,0.0019747876108818603,50000,
34,21,10.0,fit,1281,APsimfit10000led_npsclean,clean,likelihood,,7.833938786327809e-05,5.831215833252328e-07,0.70502,0.0021956924778309024,50000,
71,5,1.4,fit,1275,APsimfit10000led_npsclean,clean,likelihood,,9.946855492003583e-05,6.97913984639064e-07,0.62546,0.002627933059014032,50000,
71,7,1.8,fit,1275,APsimfit10000led_npsclean,clean,likelihood,,9.631352092513535e-05,6.893842711834622e-07,0.63734,0.002595815181356823,50000,
71,9,2.0,fit,1274,APsimfit10000led_npsclean,clean,likelihood,,9.694027852008192e-05,6.944354024595871e-07,0.63498,0.002614834767091035,50000,
34,19,8.0,fit,1281,APsimfit10000led_npsclean,clean,likelihood,,8.212649095816703e-05,6.010105346040846e-07,0.69076,0.002263051733400338,50000,
34,25,26.0,fit,1276,APsimfit10000led_npsclean,clean,likelihood,,6.688778299289854e-05,5.316198316832508e-07,0.74814,0.002001767210941331,50000,
34,23,20.0,fit,1280,APsimfit10000led_npsclean,clean,likelihood,,6.773762379960574e-05,5.347300870058389e-07,0.74494,0.0020134786008319215,50000,
71,1,0.6,fit,1275,APsimfit10000led_npsclean,clean,likelihood,,0.0001411266889638144,7.970084296240718e-07,0.4686,0.003001064381315054,50000,
34,27,30.0,fit,1279,APsimfit10000led_npsclean,clean,likelihood,,6.314317193834495e-05,5.184847035615222e-07,0.76224,0.0019523080538170802,50000,
71,3,1.0,fit,1276,APsimfit10000led_npsclean,clean,likelihood,,6.823159376850433e-05,5.661305284213443e-07,0.74308,0.00213171417123121,50000,
71,11,3.0,fit,1274,APsimfit10000led_npsclean,clean,likelihood,,8.444230715644416e-05,6.3007399890809e-07,0.68204,0.0023724876242622608,50000,
34,29,40.0,fit,1277,APsimfit10000led_npsclean,clean,likelihood,,6.335032063497982e-05,5.210061023445373e-07,0.76146,0.0019618021567619722,50000,
34,21,10.0,fit,1282,APsimfit10000led_npsclean,clean,likelihood,,7.833938786327809e-05,5.820213799119547e-07,0.70502,0.002191549759695101,50000,
71,7,1.8,fit,1276,APsimfit10000led_npsclean,clean,likelihood,,9.695090153016577e-05,6.832435385232632e-07,0.63494,0.0025726927984851718,50000,
34,25,26.0,fit,1277,APsimfit10000led_npsclean,clean,likelihood,,6.599013864081409e-05,5.276694957040905e-07,0.75152,0.0019868925720283185,50000,
34,19,8.0,fit,1282,APsimfit10000led_npsclean,clean,likelihood,,8.220085202875393e-05,6.006762598153049e-07,0.69048,0.0022617930514028948,50000,
71,5,1.4,fit,1276,APsimfit10000led_npsclean,clean,likelihood,,0.00010018560810069505,7.051282375996238e-07,0.62276,0.002655097687132137,50000,
71,9,2.0,fit,1275,APsimfit10000led_npsclean,clean,likelihood,,9.673844132848897e-05,6.948276663513667e-07,0.63574,0.002616311801900129,50000,
34,23,20.0,fit,1281,APsimfit10000led_npsclean,clean,likelihood,,6.839093891976191e-05,5.365697001172319e-07,0.74248,0.0020204055004465287,50000,
71,1,0.6,fit,1276,APsimfit10000led_npsclean,clean,likelihood,,0.00014064334200499965,7.985816726225715e-07,0.47042,0.003006988287951999,50000,
34,27,30.0,fit,1280,APsimfit10000led_npsclean,clean,likelihood,,6.250579133331456e-05,5.162520769407865e-07,0.76464,0.0019439012967750926,50000,
71,3,1.0,fit,1277,APsimfit10000led_npsclean,clean,likelihood,,6.82793973138816e-05,5.67895317742704e-07,0.7429,0.002138359328516881,50000,
71,11,3.0,fit,1275,APsimfit10000led_npsclean,clean,likelihood,,8.484598153963007e-05,6.312221065217738e-07,0.68052,0.0023768107214056223,50000,
34,29,40.0,fit,1278,APsimfit10000led_npsclean,clean,likelihood,,6.401957027026177e-05,5.216279995223367e-07,0.75894,0.0019641438552933346,50000,
34,21,10.0,fit,1283,APsimfit10000led_npsclean,clean,likelihood,,7.919985168006913e-05,5.872280346346802e-07,0.70178,0.0022111549551402077,50000,
71,7,1.8,fit,1277,APsimfit10000led_npsclean,clean,likelihood,,9.726959183268096e-05,6.898251656850783e-07,0.63374,0.002597475330403605,50000,
34,19,8.0,fit,1283,APsimfit10000led_npsclean,clean,likelihood,,8.272137952286207e-05,6.060710022719531e-07,0.68852,0.002282106474487581,50000,
34,25,26.0,fit,1278,APsimfit10000led_npsclean,clean,likelihood,,6.621322185257472e-05,5.287110375883148e-07,0.75068,0.0019908144053919475,50000,
34,23,20.0,fit,1282,APsimfit10000led_npsclean,clean,likelihood,,6.833251236430079e-05,5.369645581329588e-07,0.7427,0.002021892303198708,50000,
71,5,1.4,fit,1277,APsimfit10000led_npsclean,clean,likelihood,,0.00010149223834100737,7.080761827945472e-07,0.61784,0.0026661979126676766,50000,
71,9,2.0,fit,1276,APsimfit10000led_npsclean,clean,likelihood,,9.76520201956992e-05,6.808007744545977e-07,0.6323,0.002563494787565907,50000,
71,1,0.6,fit,1277,APsimfit10000led_npsclean,clean,likelihood,,0.0001420030872957312,8.032626272512006e-07,0.4653,0.003024614006431735,50000,
34,27,30.0,fit,1281,APsimfit10000led_npsclean,clean,likelihood,,6.406737381563904e-05,5.211401477977893e-07,0.75876,0.001962306892998478,50000,
71,3,1.0,fit,1278,APsimfit10000led_npsclean,clean,likelihood,,6.885303985840897e-05,5.675280579262287e-07,0.74074,0.0021369764443302836,50000,
71,11,3.0,fit,1276,APsimfit10000led_npsclean,clean,likelihood,,8.579674094213376e-05,6.307985708194248e-07,0.67694,0.0023752159353741444,50000,
34,29,40.0,fit,1279,APsimfit10000led_npsclean,clean,likelihood,,6.308474538288383e-05,5.187338839599371e-07,0.76246,0.001953246320453178,50000,
71,7,1.8,fit,1278,APsimfit10000led_npsclean,clean,likelihood,,9.675437584361471e-05,6.864716245020282e-07,0.63568,0.002584847869235507,50000,
71,13,4.0,fit,1234,APsimfit10000led_npsclean,clean,likelihood,,7.42495289809997e-05,5.735688041702749e-07,0.72042,0.002159722337241505,50000,
34,25,26.0,fit,1279,APsimfit10000led_npsclean,clean,likelihood,,6.58892200450176e-05,5.282270315859432e-07,0.7519,0.0019889919238220283,50000,
71,15,5.0,fit,1234,APsimfit10000led_npsclean,clean,likelihood,,8.069769610189056e-05,5.965294945124729e-07,0.69614,0.002246178775335737,50000,
34,23,20.0,fit,1283,APsimfit10000led_npsclean,clean,likelihood,,6.877336728278014e-05,5.39805507632971e-07,0.74104,0.0020325896459578332,50000,
71,5,1.4,fit,1278,APsimfit10000led_npsclean,clean,likelihood,,0.00010009000100994048,6.932600348147761e-07,0.62312,0.0026104090247240992,50000,
71,9,2.0,fit,1277,APsimfit10000led_npsclean,clean,likelihood,,9.849654949736447e-05,6.89988859933344e-07,0.62912,0.0025980917065417195,50000,
71,1,0.6,fit,1278,APsimfit10000led_npsclean,clean,likelihood,,0.00014124354207473662,8.045587177190084e-07,0.46816,0.0030294943198554396,50000,
34,27,30.0,fit,1282,APsimfit10000led_npsclean,clean,likelihood,,6.352560030136318e-05,5.197475717473164e-07,0.7608,0.0019570632716915896,50000,
71,3,1.0,fit,1279,APsimfit10000led_npsclean,clean,likelihood,,6.830064333404927e-05,5.676464577938073e-07,0.74282,0.002137422268504954,50000,
71,11,3.0,fit,1277,APsimfit10000led_npsclean,clean,likelihood,,8.608356221439743e-05,6.396112680124058e-07,0.67586,0.002408399363134934,50000,
34,29,40.0,fit,1280,APsimfit10000led_npsclean,clean,likelihood,,6.269700551482366e-05,5.169101171649771e-07,0.76392,0.0019463790887342344,50000,
71,7,1.8,fit,1279,APsimfit10000led_npsclean,clean,likelihood,,9.769982374107648e-05,6.996337794688511e-07,0.63212,0.0026344087935420576,50000,
71,13,4.0,fit,1235,APsimfit10000led_npsclean,clean,likelihood,,7.274637305413633e-05,5.681890786837144e-07,0.72608,0.002139465459222555,50000,
34,25,26.0,fit,1280,APsimfit10000led_npsclean,clean,likelihood,,6.525715094502913e-05,5.252772151394568e-07,0.75428,0.0019778846522550977,50000,
71,15,5.0,fit,1235,APsimfit10000led_npsclean,clean,likelihood,,7.912549060948224e-05,5.989508410132888e-07,0.70206,0.0022552961403074574,50000,
71,17,6.0,fit,1234,APsimfit10000led_npsclean,clean,likelihood,,7.153003839953664e-05,5.540592611885339e-07,0.73066,0.0020862608876984247,50000,
71,5,1.4,fit,1279,APsimfit10000led_npsclean,clean,likelihood,,0.00010038213378724607,7.007448107498296e-07,0.62202,0.0026385922830510005,50000,
71,9,2.0,fit,1278,APsimfit10000led_npsclean,clean,likelihood,,9.769451223603454e-05,6.83779755553955e-07,0.63214,0.002574711876040252,50000,
71,1,0.6,fit,1279,APsimfit10000led_npsclean,clean,likelihood,,0.00014040963578315518,8.04052468184491e-07,0.4713,0.0030275880822428535,50000,
34,27,30.0,fit,1283,APsimfit10000led_npsclean,clean,likelihood,,6.397176672488447e-05,5.223498291937664e-07,0.75912,0.0019668618407446626,50000,
71,3,1.0,fit,1280,APsimfit10000led_npsclean,clean,likelihood,,6.804569109203712e-05,5.69686370494863e-07,0.74378,0.002145103378416198,50000,
34,29,40.0,fit,1281,APsimfit10000led_npsclean,clean,likelihood,,6.4136423381184e-05,5.22100711550305e-07,0.7585,0.001965923810406763,50000,
71,11,3.0,fit,1278,APsimfit10000led_npsclean,clean,likelihood,,8.574893739675646e-05,6.29784191693935e-07,0.67712,0.0023713963809635433,50000,
71,7,1.8,fit,1280,APsimfit10000led_npsclean,clean,likelihood,,9.621260232933889e-05,6.877588317840105e-07,0.63772,0.002589694733812772,50000,
71,13,4.0,fit,1236,APsimfit10000led_npsclean,clean,likelihood,,7.412736436503553e-05,5.705292188526708e-07,0.72088,0.0021482770489715517,50000,
71,15,5.0,fit,1236,APsimfit10000led_npsclean,clean,likelihood,,8.012405355736318e-05,5.958034708573613e-07,0.6983,0.0022434449978117337,50000,
34,25,26.0,fit,1281,APsimfit10000led_npsclean,clean,likelihood,,6.635663248870655e-05,5.292365590671179e-07,0.75014,0.001992793209797311,50000,
71,17,6.0,fit,1235,APsimfit10000led_npsclean,clean,likelihood,,6.957540454411008e-05,5.497337529710318e-07,0.73802,0.002069973571077754,50000,
71,5,1.4,fit,1280,APsimfit10000led_npsclean,clean,likelihood,,9.843281143686142e-05,6.921538204636092e-07,0.62936,0.002606243672936098,50000,
71,9,2.0,fit,1279,APsimfit10000led_npsclean,clean,likelihood,,9.846999197215487e-05,6.925627217771367e-07,0.62922,0.0026077833544775834,50000,
71,1,0.6,fit,1280,APsimfit10000led_npsclean,clean,likelihood,,0.000140489308358784,7.926613206468067e-07,0.471,0.002984695728953976,50000,
71,19,8.0,fit,1234,APsimfit10000led_npsclean,clean,likelihood,,6.739768747692287e-05,5.372648283124127e-07,0.74622,0.0020230229438630166,50000,
34,29,40.0,fit,1282,APsimfit10000led_npsclean,clean,likelihood,,6.369025695766273e-05,5.204071919024289e-07,0.76018,0.0019595470127401495,50000,
71,3,1.0,fit,1281,APsimfit10000led_npsclean,clean,likelihood,,6.862464514160638e-05,5.696657592747182e-07,0.7416,0.0021450257686992454,50000,
71,11,3.0,fit,1279,APsimfit10000led_npsclean,clean,likelihood,,8.600388963876864e-05,6.424588756703315e-07,0.67616,0.0024191217765957194,50000,
71,7,1.8,fit,1281,APsimfit10000led_npsclean,clean,likelihood,,9.692965550999807e-05,6.847114715277728e-07,0.63502,0.0025782201697026486,50000,
71,13,4.0,fit,1237,APsimfit10000led_npsclean,clean,likelihood,,7.32456545280768e-05,5.698344337697418e-07,0.7242,0.0021456608975137428,50000,
71,15,5.0,fit,1237,APsimfit10000led_npsclean,clean,likelihood,,7.966195261871616e-05,5.944561578802811e-07,0.70004,0.0022383718105834552,50000,
71,17,6.0,fit,1236,APsimfit10000led_npsclean,clean,likelihood,,7.082891973400321e-05,5.525607965404785e-07,0.7333,0.002080618552291684,50000,
34,25,26.0,fit,1282,APsimfit10000led_npsclean,clean,likelihood,,6.629820593324543e-05,5.302335694820821e-07,0.75036,0.0019965473638726455,50000,
71,5,1.4,fit,1281,APsimfit10000led_npsclean,clean,likelihood,,9.98297372628864e-05,6.967987068994383e-07,0.6241,0.002623733579842597,50000,
71,1,0.6,fit,1281,APsimfit10000led_npsclean,clean,likelihood,,0.00014138164120582655,8.012354356507254e-07,0.46764,0.003016980796693719,50000,
71,9,2.0,fit,1280,APsimfit10000led_npsclean,clean,likelihood,,9.696683604529152e-05,6.949580883481167e-07,0.63488,0.0026168028943333306,50000,
71,19,8.0,fit,1235,APsimfit10000led_npsclean,clean,likelihood,,6.591046606518526e-05,5.324618149815193e-07,0.75182,0.0020049376241919005,50000,
34,29,40.0,fit,1283,APsimfit10000led_npsclean,clean,likelihood,,6.399832425009407e-05,5.229713138633033e-07,0.75902,0.001969201986012838,50000,
71,3,1.0,fit,1282,APsimfit10000led_npsclean,clean,likelihood,,6.834844687942656e-05,5.66616904780606e-07,0.74264,0.0021335455781692552,50000,
71,7,1.8,fit,1282,APsimfit10000led_npsclean,clean,likelihood,,9.647286607639297e-05,6.853739226107101e-07,0.63674,0.0025807145703582407,50000,
71,11,3.0,fit,1280,APsimfit10000led_npsclean,clean,likelihood,,8.527090194298368e-05,6.311598086553078e-07,0.67892,0.002376576144328224,50000,
71,13,4.0,fit,1238,APsimfit10000led_npsclean,clean,likelihood,,7.372368998184958e-05,5.699939133380441e-07,0.7224,0.0021462614036491735,50000,
71,15,5.0,fit,1238,APsimfit10000led_npsclean,clean,likelihood,,8.023559516324354e-05,5.932073846289641e-07,0.69788,0.0022336696659315675,50000,
71,17,6.0,fit,1237,APsimfit10000led_npsclean,clean,likelihood,,7.032432675502081e-05,5.506628554844526e-07,0.7352,0.002073472023987383,50000,
34,25,26.0,fit,1283,APsimfit10000led_npsclean,clean,likelihood,,6.656909269038336e-05,5.30660796914173e-07,0.74934,0.0019981560507842423,50000,
71,5,1.4,fit,1282,APsimfit10000led_npsclean,clean,likelihood,,0.00010040869131245566,6.941026472155756e-07,0.62192,0.002613581806804317,50000,
71,1,0.6,fit,1282,APsimfit10000led_npsclean,clean,likelihood,,0.00014183843063943167,8.027738135797653e-07,0.46592,0.003022773422011397,50000,
71,9,2.0,fit,1281,APsimfit10000led_npsclean,clean,likelihood,,9.793352996292095e-05,6.878119982839761e-07,0.63124,0.0025898949275414643,50000,
71,19,8.0,fit,1236,APsimfit10000led_npsclean,clean,likelihood,,6.691434051810815e-05,5.337949467174197e-07,0.74804,0.0020099574132173424,50000,
71,7,1.8,fit,1283,APsimfit10000led_npsclean,clean,likelihood,,9.70093280856269e-05,6.849655920746828e-07,0.63472,0.002579177038028686,50000,
71,21,10.0,fit,1234,APsimfit10000led_npsclean,clean,likelihood,,6.134257172913407e-05,5.135399647263644e-07,0.76902,0.0019336890793601891,50000,
71,3,1.0,fit,1283,APsimfit10000led_npsclean,clean,likelihood,,6.829533182900737e-05,5.662768833682046e-07,0.74284,0.002132265257771485,50000,
71,13,4.0,fit,1239,APsimfit10000led_npsclean,clean,likelihood,,7.35909023558016e-05,5.699049397567547e-07,0.7229,0.0021459263815392926,50000,
71,11,3.0,fit,1281,APsimfit10000led_npsclean,clean,likelihood,,8.532401699340289e-05,6.279378719982098e-07,0.67872,0.002364444228301902,50000,
71,17,6.0,fit,1238,APsimfit10000led_npsclean,clean,likelihood,,7.044649137098497e-05,5.514660923547261e-07,0.73474,0.0020764965410082054,50000,
71,15,5.0,fit,1239,APsimfit10000led_npsclean,clean,likelihood,,8.005500399181825e-05,5.943782181868649e-07,0.69856,0.00223807833559736,50000,
71,23,20.0,fit,1234,APsimfit10000led_npsclean,clean,likelihood,,4.79097754781184e-05,4.6076008654364046e-07,0.8196,0.001734951140617143,50000,
71,1,0.6,fit,1283,APsimfit10000led_npsclean,clean,likelihood,,0.00014096734381255677,7.966730355437058e-07,0.4692,0.002999801484724657,50000,
71,5,1.4,fit,1283,APsimfit10000led_npsclean,clean,likelihood,,0.00010124790910907905,7.074385221385017e-07,0.61876,0.002663796858160478,50000,
71,9,2.0,fit,1282,APsimfit10000led_npsclean,clean,likelihood,,9.723772280242945e-05,6.901007425252377e-07,0.63386,0.002598512990494237,50000,
71,19,8.0,fit,1237,APsimfit10000led_npsclean,clean,likelihood,,6.649473161979649e-05,5.330115674283825e-07,0.74962,0.0020070076681531672,50000,
71,25,26.0,fit,1234,APsimfit10000led_npsclean,clean,likelihood,,4.661376824788992e-05,4.552666812495077e-07,0.82448,0.0017142662113898254,50000,
71,21,10.0,fit,1235,APsimfit10000led_npsclean,clean,likelihood,,5.9775677741767665e-05,5.089150812032196e-07,0.77492,0.0019162744916429834,50000,
71,13,4.0,fit,1240,APsimfit10000led_npsclean,clean,likelihood,,7.371306697176577e-05,5.74223448678936e-07,0.72244,0.0021621873429357266,50000,
71,27,30.0,fit,1234,APsimfit10000led_npsclean,clean,likelihood,,4.6422554066380785e-05,4.542693236156508e-07,0.8252,0.001710510749892621,50000,
71,11,3.0,fit,1282,APsimfit10000led_npsclean,clean,likelihood,,8.460165230770175e-05,6.233667312384265e-07,0.68144,0.002347232004181972,50000,
71,17,6.0,fit,1239,APsimfit10000led_npsclean,clean,likelihood,,7.041462234073345e-05,5.508882400954267e-07,0.73486,0.0020743206897015087,50000,
71,15,5.0,fit,1240,APsimfit10000led_npsclean,clean,likelihood,,7.965664111367423e-05,5.946138967854169e-07,0.70006,0.002238965762406492,50000,
71,23,20.0,fit,1235,APsimfit10000led_npsclean,clean,likelihood,,4.635881600587777e-05,4.549309981448935e-07,0.82544,0.0017130022265043178,50000,
71,29,40.0,fit,1234,APsimfit10000led_npsclean,clean,likelihood,,4.5859534531937263e-05,4.520142914832416e-07,0.82732,0.0017020196268884562,50000,
71,19,8.0,fit,1238,APsimfit10000led_npsclean,clean,likelihood,,6.698339008365312e-05,5.362879289285096e-07,0.74778,0.0020193445160871107,50000,
71,9,2.0,fit,1283,APsimfit10000led_npsclean,clean,likelihood,,9.842218842677761e-05,6.917857166324565e-07,0.6294,0.002604857610687272,50000,
83,1,0.6,fit,1234,APsimfit10000led_npsclean,clean,likelihood,,0.0001592920362071808,8.2245051954474e-07,0.4002,0.0030968643089057148,50000,
71,25,26.0,fit,1235,APsimfit10000led_npsclean,clean,likelihood,,4.515841586640383e-05,4.49805619048026e-07,0.82996,0.0016937030672023255,50000,
71,21,10.0,fit,1236,APsimfit10000led_npsclean,clean,likelihood,,6.021122115520513e-05,5.091398368284074e-07,0.77328,0.0019171207889670527,50000,
71,13,4.0,fit,1241,APsimfit10000led_npsclean,clean,likelihood,,7.376618202218496e-05,5.696908665261338e-07,0.72224,0.0021451203078222147,50000,
71,11,3.0,fit,1283,APsimfit10000led_npsclean,clean,likelihood,,8.536650903373822e-05,6.313123557074532e-07,0.67856,0.0023771505466904227,50000,
71,27,30.0,fit,1235,APsimfit10000led_npsclean,clean,likelihood,,4.5025628240355846e-05,4.490382322629582e-07,0.83046,0.0016908135404899854,50000,
71,17,6.0,fit,1240,APsimfit10000led_npsclean,clean,likelihood,,7.037744180544e-05,5.514061297021756e-07,0.735,0.0020762707569711865,50000,
71,15,5.0,fit,1241,APsimfit10000led_npsclean,clean,likelihood,,8.004969248677633e-05,5.990497746317945e-07,0.69858,0.0022556686660519494,50000,
71,23,20.0,fit,1236,APsimfit10000led_npsclean,clean,likelihood,,4.734144443863295e-05,4.5858820759820896e-07,0.82174,0.0017267731235455581,50000,
71,29,40.0,fit,1235,APsimfit10000led_npsclean,clean,likelihood,,4.444136268574465e-05,4.4656697257265376e-07,0.83266,0.0016815082318409284,50000,
71,19,8.0,fit,1239,APsimfit10000led_npsclean,clean,likelihood,,6.620259884249087e-05,5.328092234267243e-07,0.75072,0.0020062457598049263,50000,
83,1,0.6,fit,1235,APsimfit10000led_npsclean,clean,likelihood,,0.0001591380025609651,8.150964254653744e-07,0.40078,0.0030691731214877423,50000,
71,25,26.0,fit,1236,APsimfit10000led_npsclean,clean,likelihood,,4.611979827899137e-05,4.53709863811413e-07,0.82634,0.0017084041537402221,50000,
71,21,10.0,fit,1237,APsimfit10000led_npsclean,clean,likelihood,,6.032807426612736e-05,5.103814421268458e-07,0.77284,0.0019217959433296646,50000,
71,13,4.0,fit,1242,APsimfit10000led_npsclean,clean,likelihood,,7.354309881042433e-05,5.700949472766621e-07,0.72308,0.002146641837962313,50000,
71,27,30.0,fit,1236,APsimfit10000led_npsclean,clean,likelihood,,4.590202657227264e-05,4.524871667040323e-07,0.82716,0.0017038001964899481,50000,
71,17,6.0,fit,1241,APsimfit10000led_npsclean,clean,likelihood,,7.018622762393086e-05,5.514066853530286e-07,0.73572,0.002076272849225072,50000,
71,15,5.0,fit,1242,APsimfit10000led_npsclean,clean,likelihood,,7.997001991114753e-05,5.929033148547457e-07,0.69888,0.002232524718230987,50000,
71,23,20.0,fit,1237,APsimfit10000led_npsclean,clean,likelihood,,4.665626028822527e-05,4.562281489884514e-07,0.82432,0.0017178865326786335,50000,
71,19,8.0,fit,1240,APsimfit10000led_npsclean,clean,likelihood,,6.619728733744896e-05,5.334363931645132e-07,0.75074,0.0020086073116921564,50000,
71,29,40.0,fit,1236,APsimfit10000led_npsclean,clean,likelihood,,4.521684242186495e-05,4.496603812077398e-07,0.82974,0.0016931561870275353,50000,
83,1,0.6,fit,1236,APsimfit10000led_npsclean,clean,likelihood,,0.00015869714764248574,8.00951813996242e-07,0.40244,0.0030159128445699994,50000,
71,25,26.0,fit,1237,APsimfit10000led_npsclean,clean,likelihood,,4.5386810583206414e-05,4.505821225113902e-07,0.8291,0.0016966269219562448,50000,
71,13,4.0,fit,1243,APsimfit10000led_npsclean,clean,likelihood,,7.341031118437631e-05,5.708490647127746e-07,0.72358,0.0021494814001209134,50000,
71,21,10.0,fit,1238,APsimfit10000led_npsclean,clean,likelihood,,6.081142122494207e-05,5.112950779832664e-07,0.77102,0.0019252361579174691,50000,
83,3,1.0,fit,1234,APsimfit10000led_npsclean,clean,likelihood,,0.00013729709382859006,7.854986519796781e-07,0.48302,0.0029577253369065296,50000,
83,5,1.4,fit,1234,APsimfit10000led_npsclean,clean,likelihood,,0.00011982224224067329,7.511516115762403e-07,0.54882,0.0028283946099944375,50000,
71,17,6.0,fit,1242,APsimfit10000led_npsclean,clean,likelihood,,7.024465417939199e-05,5.500790014747259e-07,0.7355,0.002071273573623056,50000,
71,27,30.0,fit,1237,APsimfit10000led_npsclean,clean,likelihood,,4.508936630085889e-05,4.4912549648972186e-07,0.83022,0.0016911421261773753,50000,
71,15,5.0,fit,1243,APsimfit10000led_npsclean,clean,likelihood,,7.955572251787777e-05,5.975690406213776e-07,0.70044,0.0022500930937848405,50000,
71,23,20.0,fit,1238,APsimfit10000led_npsclean,clean,likelihood,,4.804256310416638e-05,4.615466509486841e-07,0.8191,0.001737912878952458,50000,
71,19,8.0,fit,1241,APsimfit10000led_npsclean,clean,likelihood,,6.610699175173632e-05,5.32364822834052e-07,0.75108,0.0020045724088839914,50000,
71,29,40.0,fit,1237,APsimfit10000led_npsclean,clean,likelihood,,4.4669757402547204e-05,4.4731895659043653e-07,0.8318,0.0016843397608024859,50000,
83,1,0.6,fit,1237,APsimfit10000led_npsclean,clean,likelihood,,0.00015859091754164735,8.176989443855182e-07,0.40284,0.0030789726750967625,50000,
71,13,4.0,fit,1244,APsimfit10000led_npsclean,clean,likelihood,,7.33253271037056e-05,5.696439814161283e-07,0.7239,0.0021449437661089513,50000,
71,25,26.0,fit,1238,APsimfit10000led_npsclean,clean,likelihood,,4.611448677394944e-05,4.5363310959967674e-07,0.82636,0.0017081151425799935,50000,
71,21,10.0,fit,1239,APsimfit10000led_npsclean,clean,likelihood,,6.003594148882177e-05,5.101820562855483e-07,0.77394,0.0019210451736712576,50000,
71,17,6.0,fit,1243,APsimfit10000led_npsclean,clean,likelihood,,7.0111866553344e-05,5.535261115924382e-07,0.736,0.0020842533602955966,50000,
83,3,1.0,fit,1235,APsimfit10000led_npsclean,clean,likelihood,,0.00013638351496137984,7.791787284103375e-07,0.48646,0.002933928226598013,50000,
71,15,5.0,fit,1244,APsimfit10000led_npsclean,clean,likelihood,,7.989565884056063e-05,5.946984007982014e-07,0.69916,0.0022392839547535483,50000,
83,5,1.4,fit,1235,APsimfit10000led_npsclean,clean,likelihood,,0.00011936545280706815,7.480459069979381e-07,0.55054,0.0028167003555268576,50000,
71,27,30.0,fit,1238,APsimfit10000led_npsclean,clean,likelihood,,4.601356817815295e-05,4.5302043326671876e-07,0.82674,0.0017058081643200745,50000,
71,23,20.0,fit,1239,APsimfit10000led_npsclean,clean,likelihood,,4.632163547058432e-05,4.549407228571518e-07,0.82558,0.0017130388440437217,50000,
71,19,8.0,fit,1242,APsimfit10000led_npsclean,clean,likelihood,,6.637787850887425e-05,5.336111614060897e-07,0.75006,0.002009265385967516,50000,
71,29,40.0,fit,1238,APsimfit10000led_npsclean,clean,likelihood,,4.531244951261952e-05,4.4990880659087456e-07,0.82938,0.0016940916107207225,50000,
71,13,4.0,fit,1245,APsimfit10000led_npsclean,clean,likelihood,,7.359621386084352e-05,5.744169654542953e-07,0.72288,0.0021629160131481505,50000,
83,1,0.6,fit,1238,APsimfit10000led_npsclean,clean,likelihood,,0.00016020561507439104,8.094952807829737e-07,0.39676,0.003048082509172797,50000,
71,25,26.0,fit,1239,APsimfit10000led_npsclean,clean,likelihood,,4.5323072522703364e-05,4.5031732129819355e-07,0.82934,0.001695629836530902,50000,
71,21,10.0,fit,1240,APsimfit10000led_npsclean,clean,likelihood,,6.005718750898944e-05,5.094016403308454e-07,0.77386,0.001918106586779054,50000,
71,17,6.0,fit,1244,APsimfit10000led_npsclean,clean,likelihood,,7.032432675502081e-05,5.521917037997439e-07,0.7352,0.0020792287663917493,50000,
71,15,5.0,fit,1245,APsimfit10000led_npsclean,clean,likelihood,,7.930608178090752e-05,5.947200967478017e-07,0.70138,0.0022393656489228244,50000,
83,3,1.0,fit,1236,APsimfit10000led_npsclean,clean,likelihood,,0.00013627728486054143,7.864063254853166e-07,0.48686,0.002961143100792565,50000,
71,27,30.0,fit,1239,APsimfit10000led_npsclean,clean,likelihood,,4.513716984623616e-05,4.4941060336490604e-07,0.83004,0.0016922156707675961,50000,
83,5,1.4,fit,1236,APsimfit10000led_npsclean,clean,likelihood,,0.00011928046872639743,7.45669315012664e-07,0.55086,0.002807751509704375,50000,
71,23,20.0,fit,1240,APsimfit10000led_npsclean,clean,likelihood,,4.6815605439482875e-05,4.5679455786267925e-07,0.82372,0.0017200192949362518,50000,
71,19,8.0,fit,1243,APsimfit10000led_npsclean,clean,likelihood,,6.605387670131713e-05,5.332446539097715e-07,0.75128,0.002007885334575582,50000,
71,29,40.0,fit,1239,APsimfit10000led_npsclean,clean,likelihood,,4.459008482691841e-05,4.469383012496658e-07,0.8321,0.001682906436960123,50000,
71,13,4.0,fit,1246,APsimfit10000led_npsclean,clean,likelihood,,7.41751679104128e-05,5.714112632950064e-07,0.7207,0.0021515983088983494,50000,
71,21,10.0,fit,1241,APsimfit10000led_npsclean,clean,likelihood,,5.952603700479744e-05,5.06721751026723e-07,0.77586,0.0019080157018680098,50000,
71,25,26.0,fit,1240,APsimfit10000led_npsclean,clean,likelihood,,4.563645132017663e-05,4.518288425181092e-07,0.82816,0.0017013213352981488,50000,
83,1,0.6,fit,1239,APsimfit10000led_npsclean,clean,likelihood,,0.00015880337774332417,8.236111195159321e-07,0.40204,0.0031012344449106036,50000,
71,17,6.0,fit,1245,APsimfit10000led_npsclean,clean,likelihood,,7.019685063401471e-05,5.509275453255983e-07,0.73568,0.0020744686900511697,50000,
71,15,5.0,fit,1246,APsimfit10000led_npsclean,clean,likelihood,,8.009218452711167e-05,5.971051265113708e-07,0.69842,0.0022483462664492906,50000,
83,3,1.0,fit,1237,APsimfit10000led_npsclean,clean,likelihood,,0.00013601702111348734,7.931102857376934e-07,0.48784,0.002986386267087117,50000,
71,27,30.0,fit,1240,APsimfit10000led_npsclean,clean,likelihood,,4.5556778744547846e-05,4.5101674266265236e-07,0.82846,0.001698263445494609,50000,
83,5,1.4,fit,1237,APsimfit10000led_npsclean,clean,likelihood,,0.00011921141916085247,7.439307202609751e-07,0.55112,0.0028012049857418925,50000,
71,19,8.0,fit,1244,APsimfit10000led_npsclean,clean,likelihood,,6.57351863988019e-05,5.311795574078146e-07,0.75248,0.002000109397301086,50000,
71,23,20.0,fit,1241,APsimfit10000led_npsclean,clean,likelihood,,4.651816115713536e-05,4.5547758337168967e-07,0.82484,0.0017150603445800134,50000,
71,13,4.0,fit,1247,APsimfit10000led_npsclean,clean,likelihood,,7.342093419446016e-05,5.697447438736921e-07,0.72354,0.0021453231781843178,50000,
71,29,40.0,fit,1240,APsimfit10000led_npsclean,clean,likelihood,,4.497251318993665e-05,4.483923699398231e-07,0.83066,0.001688381603334555,50000,
71,17,6.0,fit,1246,APsimfit10000led_npsclean,clean,likelihood,,7.092452682475774e-05,5.513608419080968e-07,0.73294,0.0020761002298090303,50000,
71,25,26.0,fit,1241,APsimfit10000led_npsclean,clean,likelihood,,4.5036251250439664e-05,4.4891016510472443e-07,0.83042,0.0016903313149918527,50000,
71,21,10.0,fit,1242,APsimfit10000led_npsclean,clean,likelihood,,6.011030255940863e-05,5.096318552647393e-07,0.77366,0.0019189734406446798,50000,
83,1,0.6,fit,1240,APsimfit10000led_npsclean,clean,likelihood,,0.00015954167694415104,8.154566309687772e-07,0.39926,0.0030705294432856506,50000,
71,15,5.0,fit,1247,APsimfit10000led_npsclean,clean,likelihood,,7.960883756829696e-05,5.948145498961257e-07,0.70024,0.0022397213038551967,50000,
83,3,1.0,fit,1238,APsimfit10000led_npsclean,clean,likelihood,,0.00013635164593112832,7.885668410964613e-07,0.48658,0.0029692783302391846,50000,
71,19,8.0,fit,1245,APsimfit10000led_npsclean,clean,likelihood,,6.593702359039486e-05,5.313617244854295e-07,0.75172,0.0020007953312357325,50000,
71,27,30.0,fit,1241,APsimfit10000led_npsclean,clean,likelihood,,4.489284061430783e-05,4.480550529554816e-07,0.83096,0.0016871114662201992,50000,
71,23,20.0,fit,1242,APsimfit10000led_npsclean,clean,likelihood,,4.6948393065530894e-05,4.5722642060489186e-07,0.82322,0.001721645435695996,50000,
83,5,1.4,fit,1238,APsimfit10000led_npsclean,clean,likelihood,,0.00011975319267512831,7.416093883420152e-07,0.54908,0.002792464216786053,50000,
71,13,4.0,fit,1248,APsimfit10000led_npsclean,clean,likelihood,,7.277824208438783e-05,5.673047354748146e-07,0.72596,0.0021361355434946386,50000,
71,29,40.0,fit,1241,APsimfit10000led_npsclean,clean,likelihood,,4.438293613028353e-05,4.4602278633091916e-07,0.83288,0.0016794591469301932,50000,
71,17,6.0,fit,1247,APsimfit10000led_npsclean,clean,likelihood,,6.975068421049344e-05,5.488503187329061e-07,0.73736,0.0020666470779984727,50000,
71,25,26.0,fit,1242,APsimfit10000led_npsclean,clean,likelihood,,4.542399111849983e-05,4.5081782787505954e-07,0.82896,0.0016975144495470465,50000,
71,21,10.0,fit,1243,APsimfit10000led_npsclean,clean,likelihood,,5.958977506530048e-05,5.082231093405364e-07,0.77562,0.001913668933115892,50000,
71,15,5.0,fit,1248,APsimfit10000led_npsclean,clean,likelihood,,7.855184806495489e-05,5.897693253626029e-07,0.70422,0.002220723959435096,50000,
83,1,0.6,fit,1241,APsimfit10000led_npsclean,clean,likelihood,,0.00015832534228955137,8.086818290189812e-07,0.40384,0.0030450195288778616,50000,
71,19,8.0,fit,1246,APsimfit10000led_npsclean,clean,likelihood,,6.741893349709055e-05,5.371913266348388e-07,0.74614,0.002022746179831,50000,
71,23,20.0,fit,1243,APsimfit10000led_npsclean,clean,likelihood,,4.656065319747072e-05,4.5553475506922625e-07,0.82468,0.0017152756195240656,50000,
71,27,30.0,fit,1242,APsimfit10000led_npsclean,clean,likelihood,,4.529651499749377e-05,4.499850831940571e-07,0.82944,0.0016943788234884051,50000,
83,3,1.0,fit,1239,APsimfit10000led_npsclean,clean,likelihood,,0.00013752548854539267,7.826665956766458e-07,0.48216,0.002947061480689955,50000,
83,5,1.4,fit,1239,APsimfit10000led_npsclean,clean,likelihood,,0.00011927515722135551,7.418173273976208e-07,0.55088,0.0027932471928124878,50000,
71,13,4.0,fit,1249,APsimfit10000led_npsclean,clean,likelihood,,7.248079780204033e-05,5.66462616306856e-07,0.72708,0.002132964618638831,50000,
71,29,40.0,fit,1242,APsimfit10000led_npsclean,clean,likelihood,,4.467506890758913e-05,4.4734442643920087e-07,0.83178,0.0016844356652535345,50000,
71,17,6.0,fit,1248,APsimfit10000led_npsclean,clean,likelihood,,6.975599571553536e-05,5.48182780566815e-07,0.73734,0.002064133522383547,50000,
71,25,26.0,fit,1243,APsimfit10000led_npsclean,clean,likelihood,,4.553022121933825e-05,4.5097129061124115e-07,0.82856,0.0016980922998360718,50000,
71,21,10.0,fit,1244,APsimfit10000led_npsclean,clean,likelihood,,5.993502289302527e-05,5.083771630173275e-07,0.77432,0.001914249008539243,50000,
71,15,5.0,fit,1249,APsimfit10000led_npsclean,clean,likelihood,,7.87165047212544e-05,5.931603741173886e-07,0.7036,0.0022334926520298413,50000,
83,1,0.6,fit,1242,APsimfit10000led_npsclean,clean,likelihood,,0.00015851124496601854,8.164466051626861e-07,0.40314,0.0030742571030961782,50000,
71,19,8.0,fit,1247,APsimfit10000led_npsclean,clean,likelihood,,6.60007616508979e-05,5.321934070921973e-07,0.75148,0.0020039269581482704,50000,
71,23,20.0,fit,1244,APsimfit10000led_npsclean,clean,likelihood,,4.666688329830911e-05,4.562714318212515e-07,0.82428,0.0017180495103373515,50000,
71,27,30.0,fit,1243,APsimfit10000led_npsclean,clean,likelihood,,4.5243399947074543e-05,4.495168406774401e-07,0.82964,0.001692615697922595,50000,
83,3,1.0,fit,1240,APsimfit10000led_npsclean,clean,likelihood,,0.00013601702111348734,7.912827197763885e-07,0.48784,0.0029795047299450783,50000,
83,5,1.4,fit,1240,APsimfit10000led_npsclean,clean,likelihood,,0.00011907332002976255,7.654367772784791e-07,0.55164,0.0028821841313805456,50000,
71,13,4.0,fit,1250,APsimfit10000led_npsclean,clean,likelihood,,7.354309881042433e-05,5.693573098060615e-07,0.72308,0.002143864329648647,50000,
71,29,40.0,fit,1243,APsimfit10000led_npsclean,clean,likelihood,,4.4908775129433605e-05,4.480438547158623e-07,0.8309,0.001687069300244526,50000,
71,25,26.0,fit,1244,APsimfit10000led_npsclean,clean,likelihood,,4.5254022957158395e-05,4.500194814671948e-07,0.8296,0.0016945083471276233,50000,
71,17,6.0,fit,1249,APsimfit10000led_npsclean,clean,likelihood,,6.902831952479233e-05,5.467062116927789e-07,0.74008,0.0020585736335671664,50000,
71,21,10.0,fit,1245,APsimfit10000led_npsclean,clean,likelihood,,5.966413613588735e-05,5.082247148744646e-07,0.77534,0.001913674978611154,50000,
71,15,5.0,fit,1250,APsimfit10000led_npsclean,clean,likelihood,,7.966726412375808e-05,5.926843852204328e-07,0.70002,0.00223170035815758,50000,
83,1,0.6,fit,1243,APsimfit10000led_npsclean,clean,likelihood,,0.00015971164510549248,8.157010266596088e-07,0.39862,0.0030714496935307424,50000,
71,19,8.0,fit,1248,APsimfit10000led_npsclean,clean,likelihood,,6.599545014585601e-05,5.330655078304701e-07,0.7515,0.0020072107759414944,50000,
71,23,20.0,fit,1245,APsimfit10000led_npsclean,clean,likelihood,,4.643317707646464e-05,4.5500901362069014e-07,0.82516,0.0017132959868422293,50000,
71,27,30.0,fit,1244,APsimfit10000led_npsclean,clean,likelihood,,4.486628308909823e-05,4.481834028566642e-07,0.83106,0.0016875947563617679,50000,
83,3,1.0,fit,1241,APsimfit10000led_npsclean,clean,likelihood,,0.00013565583877063678,7.823277764639664e-07,0.4892,0.002945785687068353,50000,
83,5,1.4,fit,1241,APsimfit10000led_npsclean,clean,likelihood,,0.00011898833594909183,7.476986008428437e-07,0.55196,0.0028153926050781494,50000,
71,13,4.0,fit,1251,APsimfit10000led_npsclean,clean,likelihood,,7.346342623479552e-05,5.70127503364659e-07,0.72338,0.0021467644250171684,50000,
71,29,40.0,fit,1244,APsimfit10000led_npsclean,clean,likelihood,,4.434044408994816e-05,4.4596202864515016e-07,0.83304,0.0016792303692662752,50000,
71,17,6.0,fit,1250,APsimfit10000led_npsclean,clean,likelihood,,7.045180287602687e-05,5.513274638430568e-07,0.73472,0.0020759745476726997,50000,
71,25,26.0,fit,1245,APsimfit10000led_npsclean,clean,likelihood,,4.529120349245184e-05,4.5021483419413843e-07,0.82946,0.001695243930452507,50000,
71,21,10.0,fit,1246,APsimfit10000led_npsclean,clean,likelihood,,6.107168497199617e-05,5.128903584121989e-07,0.77004,0.0019312430445394045,50000,
71,15,5.0,fit,1251,APsimfit10000led_npsclean,clean,likelihood,,7.959821455821311e-05,5.953899823461082e-07,0.70028,0.002241888043585051,50000,
83,1,0.6,fit,1244,APsimfit10000led_npsclean,clean,likelihood,,0.0001605189938718643,8.194527723077673e-07,0.39558,0.003085576558208639,50000,
71,19,8.0,fit,1249,APsimfit10000led_npsclean,clean,likelihood,,6.580423596434688e-05,5.310765681338014e-07,0.75222,0.001999721600346361,50000,
71,23,20.0,fit,1246,APsimfit10000led_npsclean,clean,likelihood,,4.749547808484864e-05,4.5926739655932723e-07,0.82116,0.0017293305491933094,50000,
71,27,30.0,fit,1245,APsimfit10000led_npsclean,clean,likelihood,,4.5163727371445757e-05,4.493164538819464e-07,0.82994,0.0016918611592601548,50000,
71,13,4.0,fit,1252,APsimfit10000led_npsclean,clean,likelihood,,7.429202102133504e-05,5.742590180443408e-07,0.72026,0.002162321276218757,50000,
83,3,1.0,fit,1242,APsimfit10000led_npsclean,clean,likelihood,,0.0001367446973042304,7.810312209963415e-07,0.4851,0.0029409036227291798,50000,
83,5,1.4,fit,1242,APsimfit10000led_npsclean,clean,likelihood,,0.00012023653963394305,7.474045005246692e-07,0.54726,0.002814285196477938,50000,
71,29,40.0,fit,1245,APsimfit10000led_npsclean,clean,likelihood,,4.4669757402547204e-05,4.4720098246866417e-07,0.8318,0.0016838955397357968,50000,
71,17,6.0,fit,1251,APsimfit10000led_npsclean,clean,likelihood,,7.000032494746369e-05,5.503808641295565e-07,0.73642,0.0020724102106118125,50000,
71,25,26.0,fit,1246,APsimfit10000led_npsclean,clean,likelihood,,4.595514162269183e-05,4.5268686880209243e-07,0.82696,0.0017045521569850773,50000,
71,21,10.0,fit,1247,APsimfit10000led_npsclean,clean,likelihood,,5.9621644095552003e-05,5.077072391817762e-07,0.7755,0.0019117264698980702,50000,
71,15,5.0,fit,1252,APsimfit10000led_npsclean,clean,likelihood,,8.029402171870465e-05,5.94530463377496e-07,0.69766,0.002238651601326864,50000,
83,1,0.6,fit,1245,APsimfit10000led_npsclean,clean,likelihood,,0.00015752861653326337,8.010728787479803e-07,0.40684,0.0030163687031290434,50000,
71,19,8.0,fit,1250,APsimfit10000led_npsclean,clean,likelihood,,6.644692807441919e-05,5.345585308134389e-07,0.7498,0.0020128326212421593,50000,
71,23,20.0,fit,1247,APsimfit10000led_npsclean,clean,likelihood,,4.668281781343489e-05,4.5631740381936605e-07,0.82422,0.001718222613808973,50000,
71,13,4.0,fit,1253,APsimfit10000led_npsclean,clean,likelihood,,7.32722120532864e-05,5.702837952752506e-07,0.7241,0.002147352928310898,50000,
71,27,30.0,fit,1246,APsimfit10000led_npsclean,clean,likelihood,,4.588609205714689e-05,4.521585840908418e-07,0.82722,0.001702562947873606,50000,
83,3,1.0,fit,1243,APsimfit10000led_npsclean,clean,likelihood,,0.00013726522479833855,7.825551324123953e-07,0.48314,0.002946641775678397,50000,
71,29,40.0,fit,1246,APsimfit10000led_npsclean,clean,likelihood,,4.547179466387713e-05,4.507082111553985e-07,0.82878,0.0016971016975349674,50000,
83,5,1.4,fit,1243,APsimfit10000led_npsclean,clean,likelihood,,0.00011972663514991872,7.518239569999941e-07,0.54918,0.002830926266910688,50000,
71,17,6.0,fit,1252,APsimfit10000led_npsclean,clean,likelihood,,7.040931083569152e-05,5.504378701902568e-07,0.73488,0.002072624861865084,50000,
71,25,26.0,fit,1247,APsimfit10000led_npsclean,clean,likelihood,,4.551428670421247e-05,4.5102583444853344e-07,0.82862,0.0016982976798060117,50000,
71,21,10.0,fit,1248,APsimfit10000led_npsclean,clean,likelihood,,5.970662817622272e-05,5.08076374823812e-07,0.77518,0.0019131164173390404,50000,
71,15,5.0,fit,1253,APsimfit10000led_npsclean,clean,likelihood,,7.969913315400961e-05,5.966899604358389e-07,0.6999,0.002246782995503466,50000,
71,19,8.0,fit,1251,APsimfit10000led_npsclean,clean,likelihood,,6.625040238786817e-05,5.319444371939864e-07,0.75054,0.0020029894841319756,50000,
83,1,0.6,fit,1246,APsimfit10000led_npsclean,clean,likelihood,,0.00015906364149037824,8.243078179569797e-07,0.40106,0.0031038578009482953,50000,
71,23,20.0,fit,1248,APsimfit10000led_npsclean,clean,likelihood,,4.636412751091967e-05,4.5512852767199e-07,0.82542,0.0017137460063766424,50000,
71,13,4.0,fit,1254,APsimfit10000led_npsclean,clean,likelihood,,7.302788282135808e-05,5.684036647946694e-07,0.72502,0.0021402734641449315,50000,
71,27,30.0,fit,1247,APsimfit10000led_npsclean,clean,likelihood,,4.5254022957158395e-05,4.4992893875176394e-07,0.8296,0.001694167416582641,50000,
83,3,1.0,fit,1244,APsimfit10000led_npsclean,clean,likelihood,,0.00013669158225381117,7.924089353205118e-07,0.4853,0.0029837453944468904,50000,
71,29,40.0,fit,1247,APsimfit10000led_npsclean,clean,likelihood,,4.4515723756331515e-05,4.4671549300336894e-07,0.83238,0.0016820674723181303,50000,
83,5,1.4,fit,1244,APsimfit10000led_npsclean,clean,likelihood,,0.00012038526177511681,7.504683214411188e-07,0.5467,0.0028258217417406043,50000,
71,17,6.0,fit,1253,APsimfit10000led_npsclean,clean,likelihood,,6.99259638768768e-05,5.494181701183378e-07,0.7367,0.0020687852719037786,50000,
71,25,26.0,fit,1248,APsimfit10000led_npsclean,clean,likelihood,,4.4993759210104324e-05,4.492617660676516e-07,0.83058,0.0016916552371576126,50000,
71,15,5.0,fit,1254,APsimfit10000led_npsclean,clean,likelihood,,7.924765522544639e-05,5.948937104150338e-07,0.7016,0.002240019375751141,50000,
71,21,10.0,fit,1249,APsimfit10000led_npsclean,clean,likelihood,,5.951010248967166e-05,5.073386256822011e-07,0.77592,0.0019103384885381137,50000,
71,19,8.0,fit,1252,APsimfit10000led_npsclean,clean,likelihood,,6.644692807441919e-05,5.341598955077525e-07,0.7498,0.0020113315954404694,50000,
83,1,0.6,fit,1247,APsimfit10000led_npsclean,clean,likelihood,,0.00015988161326683392,8.174557332358288e-07,0.39798,0.003078056885136027,50000,
71,13,4.0,fit,1255,APsimfit10000led_npsclean,clean,likelihood,,7.316067044740606e-05,5.686521216295149e-07,0.72452,0.002141209006266739,50000,
71,23,20.0,fit,1249,APsimfit10000led_npsclean,clean,likelihood,,4.594451861260801e-05,4.5282982775782854e-07,0.827,0.001705090456222705,50000,
71,27,30.0,fit,1248,APsimfit10000led_npsclean,clean,likelihood,,4.4807856533637114e-05,4.482091912413857e-07,0.83128,0.0016876918602316427,50000,
71,17,6.0,fit,1254,APsimfit10000led_npsclean,clean,likelihood,,7.010124354326016e-05,5.49466958221678e-07,0.73604,0.0020689689791692526,50000,
83,3,1.0,fit,1245,APsimfit10000led_npsclean,clean,likelihood,,0.0001361126282042419,7.850472321214933e-07,0.48748,0.002956025555565377,50000,
71,29,40.0,fit,1248,APsimfit10000led_npsclean,clean,likelihood,,4.410673786810368e-05,4.454098785709518e-07,0.83392,0.0016771512972524462,50000,
83,5,1.4,fit,1245,APsimfit10000led_npsclean,clean,likelihood,,0.00012037463876503296,7.474553684912951e-07,0.54674,0.002814476735283698,50000,
71,15,5.0,fit,1255,APsimfit10000led_npsclean,clean,likelihood,,7.965664111367423e-05,5.938745451240707e-07,0.70006,0.0022361817994599785,50000,
71,25,26.0,fit,1249,APsimfit10000led_npsclean,clean,likelihood,,4.480254502859519e-05,4.481520462257942e-07,0.8313,0.0016874766857560826,50000,
71,21,10.0,fit,1250,APsimfit10000led_npsclean,clean,likelihood,,6.0216532660247054e-05,5.097224811465671e-07,0.77326,0.0019193146843453353,50000,
71,19,8.0,fit,1253,APsimfit10000led_npsclean,clean,likelihood,,6.60485651962752e-05,5.319361386891393e-07,0.7513,0.002002958236849777,50000,
71,13,4.0,fit,1256,APsimfit10000led_npsclean,clean,likelihood,,7.441949714234112e-05,5.732874544205994e-07,0.71978,0.002158662939773348,50000,
83,1,0.6,fit,1248,APsimfit10000led_npsclean,clean,likelihood,,0.00015754986255343104,8.203880191269346e-07,0.40676,0.003089098146955279,50000,
71,23,20.0,fit,1250,APsimfit10000led_npsclean,clean,likelihood,,4.681029393444095e-05,4.5656096462469216e-07,0.82374,0.0017191397203669217,50000,
71,27,30.0,fit,1249,APsimfit10000led_npsclean,clean,likelihood,,4.46963149277568e-05,4.4743800757749463e-07,0.8317,0.0016847880367096668,50000,
71,17,6.0,fit,1255,APsimfit10000led_npsclean,clean,likelihood,,7.001625946258944e-05,5.519675236404416e-07,0.73636,0.0020783846359333086,50000,
83,3,1.0,fit,1246,APsimfit10000led_npsclean,clean,likelihood,,0.0001366119096781824,7.861757877698188e-07,0.4856,0.002960275031521508,50000,
71,29,40.0,fit,1249,APsimfit10000led_npsclean,clean,likelihood,,4.418641044373247e-05,4.4529339669408153e-07,0.83362,0.0016767126951012631,50000,
83,5,1.4,fit,1246,APsimfit10000led_npsclean,clean,likelihood,,0.00012020998210873345,7.589470359640583e-07,0.54736,0.0028577475874510872,50000,
71,15,5.0,fit,1256,APsimfit10000led_npsclean,clean,likelihood,,8.048523590021375e-05,5.978019431999078e-07,0.69694,0.002250970067737391,50000,
71,25,26.0,fit,1250,APsimfit10000led_npsclean,clean,likelihood,,4.562051680505089e-05,4.514654623556542e-07,0.82822,0.0016999530596038322,50000,
71,21,10.0,fit,1251,APsimfit10000led_npsclean,clean,likelihood,,5.981285827706111e-05,5.085099834337461e-07,0.77478,0.001914749132008468,50000,
71,19,8.0,fit,1254,APsimfit10000led_npsclean,clean,likelihood,,6.61016802466944e-05,5.319498836097825e-07,0.7511,0.0020030099921264258,50000,
71,13,4.0,fit,1257,APsimfit10000led_npsclean,clean,likelihood,,7.300132529614849e-05,5.690839257389704e-07,0.72512,0.0021428349262500495,50000,
83,1,0.6,fit,1249,APsimfit10000led_npsclean,clean,likelihood,,0.00015826691573409023,8.132601126324967e-07,0.40406,0.0030622586487784632,50000,
71,23,20.0,fit,1251,APsimfit10000led_npsclean,clean,likelihood,,4.6502226642009606e-05,4.553210662780156e-07,0.8249,0.0017144709933794072,50000,
71,27,30.0,fit,1250,APsimfit10000led_npsclean,clean,likelihood,,4.568956637059583e-05,4.513439477642823e-07,0.82796,0.0016994955072136418,50000,
71,17,6.0,fit,1256,APsimfit10000led_npsclean,clean,likelihood,,7.124852863231486e-05,5.541218785631332e-07,0.73172,0.002086496667855292,50000,
83,3,1.0,fit,1247,APsimfit10000led_npsclean,clean,likelihood,,0.00013718024071766784,7.8460835211783e-07,0.48346,0.0029543729919315307,50000,
71,29,40.0,fit,1250,APsimfit10000led_npsclean,clean,likelihood,,4.483441405884671e-05,4.479900923617189e-07,0.83118,0.0016868668628799031,50000,
83,5,1.4,fit,1247,APsimfit10000led_npsclean,clean,likelihood,,0.00011949292892807423,7.585132896571501e-07,0.55006,0.002856114354295946,50000,
71,15,5.0,fit,1257,APsimfit10000led_npsclean,clean,likelihood,,7.957696853804544e-05,5.948941928610146e-07,0.70036,0.0022400211923585883,50000,
71,25,26.0,fit,1251,APsimfit10000led_npsclean,clean,likelihood,,4.5631139815134714e-05,4.5151731166936095e-07,0.82818,0.0017001482935847755,50000,
71,21,10.0,fit,1252,APsimfit10000led_npsclean,clean,likelihood,,6.034400878125311e-05,5.107519304043619e-07,0.77278,0.0019231909839992757,50000,
71,19,8.0,fit,1255,APsimfit10000led_npsclean,clean,likelihood,,6.635663248870655e-05,5.350538218636915e-07,0.75014,0.002014697595656543,50000,
71,13,4.0,fit,1258,APsimfit10000led_npsclean,clean,likelihood,,7.286853767010047e-05,5.703639601116524e-07,0.72562,0.002147654781875073,50000,
83,1,0.6,fit,1250,APsimfit10000led_npsclean,clean,likelihood,,0.00015956292296431872,8.178270232808021e-07,0.39918,0.0030794549447897145,50000,
71,23,20.0,fit,1252,APsimfit10000led_npsclean,clean,likelihood,,4.666157179326719e-05,4.5624147137020264e-07,0.8243,0.0017179366969226513,50000,
71,17,6.0,fit,1257,APsimfit10000led_npsclean,clean,likelihood,,7.035088428023041e-05,5.51511757739263e-07,0.7351,0.0020766684899536604,50000,
71,27,30.0,fit,1251,APsimfit10000led_npsclean,clean,likelihood,,4.5631139815134714e-05,4.513393917710613e-07,0.82818,0.0016994783520262325,50000,
83,3,1.0,fit,1248,APsimfit10000led_npsclean,clean,likelihood,,0.0001362719733554995,7.826308213638213e-07,0.48688,0.0029469267756956374,50000,
71,15,5.0,fit,1258,APsimfit10000led_npsclean,clean,likelihood,,7.925827823553024e-05,5.935927172118009e-07,0.70156,0.0022351206015130856,50000,
71,29,40.0,fit,1251,APsimfit10000led_npsclean,clean,likelihood,,4.4786610513469445e-05,4.4786082680408e-07,0.83136,0.0016863801249153573,50000,
83,5,1.4,fit,1248,APsimfit10000led_npsclean,clean,likelihood,,0.0001197213236448768,7.516021088358304e-07,0.5492,0.0028300909173726084,50000,
71,25,26.0,fit,1252,APsimfit10000led_npsclean,clean,likelihood,,4.588078055210497e-05,4.5267152425911914e-07,0.82724,0.0017044943784727642,50000,
71,19,8.0,fit,1256,APsimfit10000led_npsclean,clean,likelihood,,6.750391757776127e-05,5.371822318322107e-07,0.74582,0.0020227119341603046,50000,
71,21,10.0,fit,1253,APsimfit10000led_npsclean,clean,likelihood,,5.962695560059393e-05,5.082561022100343e-07,0.77548,0.001913793164832656,50000,
71,13,4.0,fit,1259,APsimfit10000led_npsclean,clean,likelihood,,7.392552717344258e-05,5.713229492738235e-07,0.72164,0.002151265770303409,50000,
71,17,6.0,fit,1258,APsimfit10000led_npsclean,clean,likelihood,,6.983566829116415e-05,5.5068430279148e-07,0.73704,0.0020735527819151574,50000,
83,1,0.6,fit,1251,APsimfit10000led_npsclean,clean,likelihood,,0.00015872370516769539,8.174734779815344e-07,0.40234,0.0030781237013983312,50000,
71,23,20.0,fit,1253,APsimfit10000led_npsclean,clean,likelihood,,4.6401308046213116e-05,4.5509711557111097e-07,0.82528,0.0017136277269035698,50000,
71,27,30.0,fit,1252,APsimfit10000led_npsclean,clean,likelihood,,4.572674690588928e-05,4.5181934459043647e-07,0.82782,0.001701285571695939,50000,
71,15,5.0,fit,1259,APsimfit10000led_npsclean,clean,likelihood,,8.030464472878847e-05,5.970552808386348e-07,0.69762,0.002248158577000283,50000,
83,3,1.0,fit,1249,APsimfit10000led_npsclean,clean,likelihood,,0.00013619761228491261,7.807589725141832e-07,0.48716,0.0029398784952746836,50000,
71,29,40.0,fit,1252,APsimfit10000led_npsclean,clean,likelihood,,4.516903887648768e-05,4.494425199008484e-07,0.82992,0.0016923358496460513,50000,
71,19,8.0,fit,1257,APsimfit10000led_npsclean,clean,likelihood,,6.664876526601214e-05,5.349459170875199e-07,0.74904,0.0020142912898154677,50000,
83,5,1.4,fit,1249,APsimfit10000led_npsclean,clean,likelihood,,0.00011891397487850497,7.558096050166234e-07,0.55224,0.002845933870161267,50000,
71,25,26.0,fit,1253,APsimfit10000led_npsclean,clean,likelihood,,4.5317761017661445e-05,4.5007443961295017e-07,0.82936,0.0016947152871392456,50000,
71,21,10.0,fit,1254,APsimfit10000led_npsclean,clean,likelihood,,5.9531348509839365e-05,5.081929622414513e-07,0.77584,0.001913555416894606,50000,
71,13,4.0,fit,1260,APsimfit10000led_npsclean,clean,likelihood,,7.336250763899905e-05,5.694953914408356e-07,0.72376,0.0021443842637678253,50000,
71,17,6.0,fit,1259,APsimfit10000led_npsclean,clean,likelihood,,7.045711438106879e-05,5.512359638613401e-07,0.7347,0.002075630012626627,50000,
71,23,20.0,fit,1254,APsimfit10000led_npsclean,clean,likelihood,,4.6305700955458544e-05,4.545393279640286e-07,0.82564,0.001711527427260888,50000,
83,1,0.6,fit,1252,APsimfit10000led_npsclean,clean,likelihood,,0.00016030653367018753,8.297717328809139e-07,0.39638,0.00312443168680856,50000,
71,27,30.0,fit,1253,APsimfit10000led_npsclean,clean,likelihood,,4.512123533111041e-05,4.492088225679479e-07,0.8301,0.0016914558831165796,50000,
71,15,5.0,fit,1260,APsimfit10000led_npsclean,clean,likelihood,,8.006031549686014e-05,5.952083875917217e-07,0.69854,0.0022412042646826375,50000,
71,29,40.0,fit,1253,APsimfit10000led_npsclean,clean,likelihood,,4.4425428170618876e-05,4.4639127647638667e-07,0.83272,0.0016808466638112251,50000,
83,3,1.0,fit,1250,APsimfit10000led_npsclean,clean,likelihood,,0.00013691466546557183,7.87883713697193e-07,0.48446,0.0029667060747527382,50000,
71,19,8.0,fit,1258,APsimfit10000led_npsclean,clean,likelihood,,6.593702359039486e-05,5.323475891798165e-07,0.75172,0.0020045075170911776,50000,
71,25,26.0,fit,1254,APsimfit10000led_npsclean,clean,likelihood,,4.5046874260523516e-05,4.4919077838592153e-07,0.83038,0.0016913879393534316,50000,
83,5,1.4,fit,1250,APsimfit10000led_npsclean,clean,likelihood,,0.00011924328819110398,7.485282375695933e-07,0.551,0.0028185165284113738,50000,
71,21,10.0,fit,1255,APsimfit10000led_npsclean,clean,likelihood,,5.9844727307312634e-05,5.091924697593048e-07,0.77466,0.0019173189735888576,50000,
71,13,4.0,fit,1261,APsimfit10000led_npsclean,clean,likelihood,,7.340499967933439e-05,5.701954715432077e-07,0.7236,0.002147020353150578,50000,
71,17,6.0,fit,1260,APsimfit10000led_npsclean,clean,likelihood,,7.026590019955969e-05,5.496258700902885e-07,0.73542,0.002069567347681967,50000,
71,23,20.0,fit,1255,APsimfit10000led_npsclean,clean,likelihood,,4.6916524035279366e-05,4.5699998389841563e-07,0.82334,0.0017207928084097969,50000,
83,1,0.6,fit,1253,APsimfit10000led_npsclean,clean,likelihood,,0.00015944606985339647,8.086634538228245e-07,0.39962,0.003044950338710436,50000,
71,15,5.0,fit,1261,APsimfit10000led_npsclean,clean,likelihood,,7.99434623859379e-05,5.946093124812083e-07,0.69898,0.0022389485006165757,50000,
71,27,30.0,fit,1254,APsimfit10000led_npsclean,clean,likelihood,,4.488221760422401e-05,4.4826083392007103e-07,0.831,0.0016878863161467845,50000,
71,19,8.0,fit,1259,APsimfit10000led_npsclean,clean,likelihood,,6.660096172063488e-05,5.346503611807024e-07,0.74922,0.0020131784003256346,50000,
71,29,40.0,fit,1254,APsimfit10000led_npsclean,clean,likelihood,,4.434575559499008e-05,4.4588428813875973e-07,0.83302,0.0016789376443012158,50000,
71,25,26.0,fit,1255,APsimfit10000led_npsclean,clean,likelihood,,4.5870157542021115e-05,4.525737677716396e-07,0.82728,0.0017041262851104947,50000,
83,3,1.0,fit,1251,APsimfit10000led_npsclean,clean,likelihood,,0.00013710587964708095,7.821944512357223e-07,0.48374,0.002945283662775081,50000,
71,13,4.0,fit,1262,APsimfit10000led_npsclean,clean,likelihood,,7.405831479949055e-05,5.728112467781266e-07,0.72114,0.002156869822234291,50000,
71,21,10.0,fit,1256,APsimfit10000led_npsclean,clean,likelihood,,6.0938897345948156e-05,5.119068990486488e-07,0.77054,0.0019275399157433727,50000,
83,5,1.4,fit,1251,APsimfit10000led_npsclean,clean,likelihood,,0.00012071457508771585,7.671814507982651e-07,0.54546,0.0028887535444038466,50000,
71,17,6.0,fit,1261,APsimfit10000led_npsclean,clean,likelihood,,7.031901524997888e-05,5.50966858858013e-07,0.73522,0.0020746167216621893,50000,
71,23,20.0,fit,1256,APsimfit10000led_npsclean,clean,likelihood,,4.733082142854913e-05,4.5894950269292807e-07,0.82178,0.0017281335481026947,50000,
71,15,5.0,fit,1262,APsimfit10000led_npsclean,clean,likelihood,,8.065520406155519e-05,5.972622527863404e-07,0.6963,0.0022489379114679045,50000,
83,1,0.6,fit,1254,APsimfit10000led_npsclean,clean,likelihood,,0.00015880868924836607,8.009481137626496e-07,0.40202,0.0030158989116693875,50000,
71,19,8.0,fit,1260,APsimfit10000led_npsclean,clean,likelihood,,6.652128914500608e-05,5.323211513903977e-07,0.74952,0.0020044079679456526,50000,
71,27,30.0,fit,1255,APsimfit10000led_npsclean,clean,likelihood,,4.5392122088248306e-05,4.5030095919857675e-07,0.82908,0.0016955682264995166,50000,
71,29,40.0,fit,1255,APsimfit10000led_npsclean,clean,likelihood,,4.505218576556544e-05,4.487508122467303e-07,0.83036,0.0016897312859728215,50000,
71,25,26.0,fit,1256,APsimfit10000led_npsclean,clean,likelihood,,4.593389560252416e-05,4.5310165196262087e-07,0.82704,0.0017061139860985012,50000,
71,13,4.0,fit,1263,APsimfit10000led_npsclean,clean,likelihood,,7.32244085079091e-05,5.699276337095969e-07,0.72428,0.0021460118336010456,50000,
83,3,1.0,fit,1252,APsimfit10000led_npsclean,clean,likelihood,,0.00013733427436388352,7.815517195969894e-07,0.48288,0.0029428635139334236,50000,
71,21,10.0,fit,1257,APsimfit10000led_npsclean,clean,likelihood,,6.0683945103936004e-05,5.110603133507928e-07,0.7715,0.0019243521725663465,50000,
83,5,1.4,fit,1252,APsimfit10000led_npsclean,clean,likelihood,,0.00011974788117008639,7.484908820624388e-07,0.5491,0.002818375869570387,50000,
71,17,6.0,fit,1262,APsimfit10000led_npsclean,clean,likelihood,,7.10626259558477e-05,5.526808549403912e-07,0.73242,0.0020810706215224017,50000,
71,23,20.0,fit,1257,APsimfit10000led_npsclean,clean,likelihood,,4.7638888720980475e-05,4.600139561415052e-07,0.82062,0.0017321416529248728,50000,
71,15,5.0,fit,1263,APsimfit10000led_npsclean,clean,likelihood,,7.923172071032065e-05,5.934685682087963e-07,0.70166,0.002234653129480113,50000,
71,19,8.0,fit,1261,APsimfit10000led_npsclean,clean,likelihood,,6.617072981223937e-05,5.32019326161254e-07,0.75084,0.0020032714718799926,50000,
83,1,0.6,fit,1255,APsimfit10000led_npsclean,clean,likelihood,,0.00015996659734750462,8.224808491610223e-07,0.39766,0.00309697851237928,50000,
71,29,40.0,fit,1256,APsimfit10000led_npsclean,clean,likelihood,,4.5015005230271994e-05,4.489189057994281e-07,0.8305,0.0016903642273006414,50000,
71,25,26.0,fit,1257,APsimfit10000led_npsclean,clean,likelihood,,4.6401308046213116e-05,4.544828083905255e-07,0.82528,0.0017113146078319048,50000,
71,27,30.0,fit,1256,APsimfit10000led_npsclean,clean,likelihood,,4.5732058410931204e-05,4.5171997372644466e-07,0.8278,0.0017009113995424437,50000,
71,13,4.0,fit,1264,APsimfit10000led_npsclean,clean,likelihood,,7.315535894236417e-05,5.68491015047403e-07,0.72454,0.0021406023737554625,50000,
71,21,10.0,fit,1258,APsimfit10000led_npsclean,clean,likelihood,,5.93348228232883e-05,5.065329089922682e-07,0.77658,0.0019073046339768396,50000,
83,3,1.0,fit,1253,APsimfit10000led_npsclean,clean,likelihood,,0.00013580987241685246,7.842846786695665e-07,0.48862,0.0029531542283392567,50000,
71,17,6.0,fit,1263,APsimfit10000led_npsclean,clean,likelihood,,6.987816033149953e-05,5.497641224933754e-07,0.73688,0.0020700879248140448,50000,
83,5,1.4,fit,1253,APsimfit10000led_npsclean,clean,likelihood,,0.0001188980403633792,7.488724485256285e-07,0.5523,0.0028198126241632125,50000,
71,23,20.0,fit,1258,APsimfit10000led_npsclean,clean,likelihood,,4.582766550168577e-05,4.529304802568251e-07,0.82744,0.0017054694542588632,50000,
71,15,5.0,fit,1264,APsimfit10000led_npsclean,clean,likelihood,,7.968319863888383e-05,5.915560094316472e-07,0.69996,0.002227451559446555,50000,
71,19,8.0,fit,1262,APsimfit10000led_npsclean,clean,likelihood,,6.694620954835967e-05,5.353182885983913e-07,0.74792,0.002015693421632844,50000,
71,13,4.0,fit,1265,APsimfit10000led_npsclean,clean,likelihood,,7.347936074992129e-05,5.701341612386194e-07,0.72332,0.002146789494649628,50000,
71,25,26.0,fit,1258,APsimfit10000led_npsclean,clean,likelihood,,4.4611330847086086e-05,4.475735409374881e-07,0.83202,0.0016852983755267206,50000,
71,29,40.0,fit,1257,APsimfit10000led_npsclean,clean,likelihood,,4.539743359329023e-05,4.5019205640690793e-07,0.82906,0.0016951581627198183,50000,
83,1,0.6,fit,1256,APsimfit10000led_npsclean,clean,likelihood,,0.0001596691530651571,8.270726712323628e-07,0.39878,0.0031142686101391444,50000,
71,27,30.0,fit,1257,APsimfit10000led_npsclean,clean,likelihood,,4.619947085462016e-05,4.534153160642278e-07,0.82604,0.0017072950603858506,50000,
71,21,10.0,fit,1259,APsimfit10000led_npsclean,clean,likelihood,,6.006781051907329e-05,5.106429699448553e-07,0.77382,0.0019227807030764614,50000,
83,3,1.0,fit,1254,APsimfit10000led_npsclean,clean,likelihood,,0.0001378016868075725,7.783762759161596e-07,0.48112,0.0029309066630756413,50000,
71,17,6.0,fit,1264,APsimfit10000led_npsclean,clean,likelihood,,6.93416983222656e-05,5.500027501611432e-07,0.7389,0.002070986456081113,50000,
83,5,1.4,fit,1254,APsimfit10000led_npsclean,clean,likelihood,,0.00012019404759360767,7.537140098599459e-07,0.54742,0.0028380430929139957,50000,
71,23,20.0,fit,1259,APsimfit10000led_npsclean,clean,likelihood,,4.664563727814144e-05,4.5613531063450956e-07,0.82436,0.0017175369581109389,50000,
71,15,5.0,fit,1265,APsimfit10000led_npsclean,clean,likelihood,,7.915735963973375e-05,5.910718672694767e-07,0.70194,0.002225628565179019,50000,
71,19,8.0,fit,1263,APsimfit10000led_npsclean,clean,likelihood,,6.632476345845502e-05,5.333051976167292e-07,0.75026,0.0020081133065213107,50000,
71,13,4.0,fit,1266,APsimfit10000led_npsclean,clean,likelihood,,7.376087051714303e-05,5.709631015919919e-07,0.72226,0.0021499107958508137,50000,
71,25,26.0,fit,1259,APsimfit10000led_npsclean,clean,likelihood,,4.515841586640383e-05,4.497600159116686e-07,0.82996,0.0016935313526468558,50000,
71,29,40.0,fit,1258,APsimfit10000led_npsclean,clean,likelihood,,4.4218279473984e-05,4.455313644827581e-07,0.8335,0.0016776087416522818,50000,
83,1,0.6,fit,1257,APsimfit10000led_npsclean,clean,likelihood,,0.00015906364149037824,8.285081771672853e-07,0.40106,0.0031196738801091174,50000,
71,27,30.0,fit,1258,APsimfit10000led_npsclean,clean,likelihood,,4.4621953857169904e-05,4.4731783672668724e-07,0.83198,0.001684335544055103,50000,
71,21,10.0,fit,1260,APsimfit10000led_npsclean,clean,likelihood,,5.9807546772019186e-05,5.090696880746836e-07,0.7748,0.0019168566500716918,50000,
71,17,6.0,fit,1265,APsimfit10000led_npsclean,clean,likelihood,,6.974006120040959e-05,5.510429746971557e-07,0.7374,0.002074903329087173,50000,
83,3,1.0,fit,1255,APsimfit10000led_npsclean,clean,likelihood,,0.00013781762132269822,7.781377001399105e-07,0.48106,0.0029300083272014734,50000,
83,5,1.4,fit,1255,APsimfit10000led_npsclean,clean,likelihood,,0.00011959915902891263,7.388868439699251e-07,0.54966,0.002782212718008953,50000,
71,23,20.0,fit,1260,APsimfit10000led_npsclean,clean,likelihood,,4.664032577309952e-05,4.562553822927955e-07,0.82438,0.001717989077264882,50000,
71,15,5.0,fit,1266,APsimfit10000led_npsclean,clean,likelihood,,7.978411723468032e-05,5.986688968494947e-07,0.69958,0.0022542345046257855,50000,
71,19,8.0,fit,1264,APsimfit10000led_npsclean,clean,likelihood,,6.531026599544832e-05,5.313933839317425e-07,0.75408,0.002000914542066046,50000,
71,13,4.0,fit,1267,APsimfit10000led_npsclean,clean,likelihood,,7.356434483059201e-05,5.668844227363055e-07,0.723,0.002134552893246952,50000,
71,25,26.0,fit,1260,APsimfit10000led_npsclean,clean,likelihood,,4.535494155295489e-05,4.505609150357255e-07,0.82922,0.0016965470670921438,50000,
71,29,40.0,fit,1259,APsimfit10000led_npsclean,clean,likelihood,,4.445198569582847e-05,4.4644773042206725e-07,0.83262,0.0016810592361244773,50000,
83,1,0.6,fit,1258,APsimfit10000led_npsclean,clean,likelihood,,0.00015980194069120513,8.135518488908627e-07,0.39828,0.00306335715572165,50000,
71,21,10.0,fit,1261,APsimfit10000led_npsclean,clean,likelihood,,5.960570958042623e-05,5.077596368987148e-07,0.77556,0.0019119237688426261,50000,
71,27,30.0,fit,1259,APsimfit10000led_npsclean,clean,likelihood,,4.5184973391613426e-05,4.4959311311354435e-07,0.82986,0.0016929028949995149,50000,
71,17,6.0,fit,1266,APsimfit10000led_npsclean,clean,likelihood,,7.040931083569152e-05,5.521969094259202e-07,0.73488,0.0020792483677142945,50000,
83,3,1.0,fit,1256,APsimfit10000led_npsclean,clean,likelihood,,0.00013765827617144064,7.780812963279335e-07,0.48166,0.0029297959436622245,50000,
83,5,1.4,fit,1256,APsimfit10000led_npsclean,clean,likelihood,,0.00012109169194569216,7.569334845761158e-07,0.54404,0.0028501657387206393,50000,
71,23,20.0,fit,1261,APsimfit10000led_npsclean,clean,likelihood,,4.6502226642009606e-05,4.554955905416488e-07,0.8249,0.0017151281489775128,50000,
71,15,5.0,fit,1267,APsimfit10000led_npsclean,clean,likelihood,,7.966726412375808e-05,5.936593084308555e-07,0.70002,0.002235371344827943,50000,
71,19,8.0,fit,1265,APsimfit10000led_npsclean,clean,likelihood,,6.546961114670591e-05,5.318211124810882e-07,0.75348,0.0020025251158901124,50000,
71,13,4.0,fit,1268,APsimfit10000led_npsclean,clean,likelihood,,7.414861038520319e-05,5.7287103239521e-07,0.7208,0.0021570949396599987,50000,
71,25,26.0,fit,1261,APsimfit10000led_npsclean,clean,likelihood,,4.508936630085889e-05,4.490870067827078e-07,0.83022,0.001690997196607657,50000,
71,29,40.0,fit,1260,APsimfit10000led_npsclean,clean,likelihood,,4.4786610513469445e-05,4.4785510507332147e-07,0.83136,0.001686358580246894,50000,
71,17,6.0,fit,1267,APsimfit10000led_npsclean,clean,likelihood,,7.022340815922431e-05,5.513803797711484e-07,0.73558,0.002076173797895279,50000,
71,21,10.0,fit,1262,APsimfit10000led_npsclean,clean,likelihood,,6.069456811401983e-05,5.11178571849317e-07,0.77146,0.001924797464428412,50000,
71,27,30.0,fit,1260,APsimfit10000led_npsclean,clean,likelihood,,4.515841586640383e-05,4.496286303023422e-07,0.82996,0.0016930366318161705,50000,
83,1,0.6,fit,1259,APsimfit10000led_npsclean,clean,likelihood,,0.00015917518309625857,8.142304935191602e-07,0.40064,0.00306591253173256,50000,
83,3,1.0,fit,1257,APsimfit10000led_npsclean,clean,likelihood,,0.00013782824433278208,7.809071418588131e-07,0.48102,0.002940436413768446,50000,
71,23,20.0,fit,1262,APsimfit10000led_npsclean,clean,likelihood,,4.744236303442945e-05,4.5950921042347397e-07,0.82136,0.001730241077799564,50000,
71,15,5.0,fit,1268,APsimfit10000led_npsclean,clean,likelihood,,8.090484479852544e-05,5.982274116317737e-07,0.69536,0.00225257213129003,50000,
83,5,1.4,fit,1257,APsimfit10000led_npsclean,clean,likelihood,,0.00012033745822973951,7.52568186188178e-07,0.54688,0.0028337285957508573,50000,
71,19,8.0,fit,1266,APsimfit10000led_npsclean,clean,likelihood,,6.657971570046721e-05,5.342119770615368e-07,0.7493,0.0020115277039007766,50000,
71,13,4.0,fit,1269,APsimfit10000led_npsclean,clean,likelihood,,7.389365814319105e-05,5.709337988378051e-07,0.72176,0.002149800458935173,50000,
71,25,26.0,fit,1262,APsimfit10000led_npsclean,clean,likelihood,,4.5960453127733754e-05,4.5301903831481215e-07,0.82694,0.0017058029117526926,50000,
71,29,40.0,fit,1261,APsimfit10000led_npsclean,clean,likelihood,,4.438293613028353e-05,4.459405153473153e-07,0.83288,0.0016791493628559825,50000,
71,17,6.0,fit,1268,APsimfit10000led_npsclean,clean,likelihood,,7.134413572306943e-05,5.535161770470175e-07,0.73136,0.002084215952648076,50000,
71,21,10.0,fit,1263,APsimfit10000led_npsclean,clean,likelihood,,6.031213975100159e-05,5.099341993013537e-07,0.7729,0.0019201118902337443,50000,
71,27,30.0,fit,1261,APsimfit10000led_npsclean,clean,likelihood,,4.477067599834367e-05,4.4757313692382704e-07,0.83142,0.0016852968542492,50000,
83,1,0.6,fit,1260,APsimfit10000led_npsclean,clean,likelihood,,0.00015967446457019904,8.273576728491873e-07,0.39876,0.00311534175838837,50000,
71,15,5.0,fit,1269,APsimfit10000led_npsclean,clean,likelihood,,8.027277569853694e-05,5.945494327441651e-07,0.69774,0.002238723028790528,50000,
83,3,1.0,fit,1258,APsimfit10000led_npsclean,clean,likelihood,,0.00013685623891011072,7.883986742043714e-07,0.48468,0.0029686451127584035,50000,
71,19,8.0,fit,1267,APsimfit10000led_npsclean,clean,likelihood,,6.669125730634752e-05,5.348290452844707e-07,0.74888,0.002013851219431926,50000,
71,23,20.0,fit,1263,APsimfit10000led_npsclean,clean,likelihood,,4.677842490418943e-05,4.566620364325822e-07,0.82386,0.0017195202972734383,50000,
83,5,1.4,fit,1258,APsimfit10000led_npsclean,clean,likelihood,,0.00011928578023143936,7.563936753040684e-07,0.55084,0.0028481331349001137,50000,
71,13,4.0,fit,1270,APsimfit10000led_npsclean,clean,likelihood,,7.381398556756223e-05,5.717002032190701e-07,0.72206,0.0021526862864933373,50000,
71,25,26.0,fit,1263,APsimfit10000led_npsclean,clean,likelihood,,4.541867961345791e-05,4.5085592762014035e-07,0.82898,0.0016976579107497757,50000,
71,17,6.0,fit,1269,APsimfit10000led_npsclean,clean,likelihood,,7.069613210795519e-05,5.532623524336203e-07,0.7338,0.00208326019863337,50000,
71,29,40.0,fit,1262,APsimfit10000led_npsclean,clean,likelihood,,4.5339007037829115e-05,4.5018477318040587e-07,0.82928,0.001695130738377962,50000,
71,21,10.0,fit,1264,APsimfit10000led_npsclean,clean,likelihood,,5.894177145018625e-05,5.061726817649948e-07,0.77806,0.0019059482303796281,50000,
71,27,30.0,fit,1262,APsimfit10000led_npsclean,clean,likelihood,,4.5848911521853445e-05,4.522429311574996e-07,0.82736,0.001702880549253976,50000,
83,1,0.6,fit,1261,APsimfit10000led_npsclean,clean,likelihood,,0.00016025873012481023,8.252959185514997e-07,0.39656,0.003107578405886902,50000,
71,15,5.0,fit,1270,APsimfit10000led_npsclean,clean,likelihood,,8.02090376380339e-05,5.989049167092119e-07,0.69798,0.0022551232164234945,50000,
71,19,8.0,fit,1268,APsimfit10000led_npsclean,clean,likelihood,,6.79075919609472e-05,5.396716181228235e-07,0.7443,0.0020320854969112234,50000,
71,13,4.0,fit,1271,APsimfit10000led_npsclean,clean,likelihood,,7.268263499363328e-05,5.64195509512947e-07,0.72632,0.002124428029570323,50000,
83,3,1.0,fit,1259,APsimfit10000led_npsclean,clean,likelihood,,0.0001362507273353318,7.935833551136482e-07,0.48696,0.002988167567762617,50000,
71,23,20.0,fit,1264,APsimfit10000led_npsclean,clean,likelihood,,4.620478235966209e-05,4.543170509834131e-07,0.82602,0.0017106904630525845,50000,
83,5,1.4,fit,1259,APsimfit10000led_npsclean,clean,likelihood,,0.00011897240143396609,7.456435385684437e-07,0.55202,0.002807654450795396,50000,
71,17,6.0,fit,1270,APsimfit10000led_npsclean,clean,likelihood,,7.045180287602687e-05,5.522869063697024e-07,0.73472,0.002079587243204657,50000,
71,25,26.0,fit,1264,APsimfit10000led_npsclean,clean,likelihood,,4.4940644159685126e-05,4.486978314708288e-07,0.83078,0.0016895317915715797,50000,
71,29,40.0,fit,1263,APsimfit10000led_npsclean,clean,likelihood,,4.477067599834367e-05,4.4774452908053857e-07,0.83142,0.0016859422161771614,50000,
71,21,10.0,fit,1265,APsimfit10000led_npsclean,clean,likelihood,,5.926577325774336e-05,5.064215661101931e-07,0.77684,0.00190688538225366,50000,
71,27,30.0,fit,1263,APsimfit10000led_npsclean,clean,likelihood,,4.5222153926906874e-05,4.498374395761469e-07,0.82972,0.001693822884571865,50000,
71,15,5.0,fit,1271,APsimfit10000led_npsclean,clean,likelihood,,7.9407000376704e-05,5.918620189326958e-07,0.701,0.0022286038110160577,50000,
83,1,0.6,fit,1262,APsimfit10000led_npsclean,clean,likelihood,,0.00015864403259206655,8.093097792740783e-07,0.40264,0.003047384019733621,50000,
71,19,8.0,fit,1269,APsimfit10000led_npsclean,clean,likelihood,,6.707368566936575e-05,5.352124976524419e-07,0.74744,0.002015295075231534,50000,
71,13,4.0,fit,1272,APsimfit10000led_npsclean,clean,likelihood,,7.319253947765759e-05,5.67077708963568e-07,0.7244,0.0021352806953510153,50000,
71,23,20.0,fit,1265,APsimfit10000led_npsclean,clean,likelihood,,4.626852042016513e-05,4.5447361613746737e-07,0.82578,0.0017112799952202795,50000,
83,3,1.0,fit,1260,APsimfit10000led_npsclean,clean,likelihood,,0.0001370155840613683,7.862937041322491e-07,0.48408,0.00296071903510053,50000,
83,5,1.4,fit,1260,APsimfit10000led_npsclean,clean,likelihood,,0.00012000814491714046,7.46830092448681e-07,0.54812,0.002812122313937284,50000,
71,17,6.0,fit,1271,APsimfit10000led_npsclean,clean,likelihood,,6.991534086679297e-05,5.473494816861298e-07,0.73674,0.0020609958095352734,50000,
71,25,26.0,fit,1265,APsimfit10000led_npsclean,clean,likelihood,,4.505749727060737e-05,4.4918721360263214e-07,0.83034,0.0016913745164788931,50000,
71,29,40.0,fit,1264,APsimfit10000led_npsclean,clean,likelihood,,4.4255460009277444e-05,4.455812584280401e-07,0.83336,0.00167779661286727,50000,
71,21,10.0,fit,1266,APsimfit10000led_npsclean,clean,likelihood,,6.066269908376831e-05,5.113084330302838e-07,0.77158,0.0019252864451596429,50000,
71,15,5.0,fit,1272,APsimfit10000led_npsclean,clean,likelihood,,7.959290305317119e-05,5.933455889548027e-07,0.7003,0.002234190062033041,50000,
71,19,8.0,fit,1270,APsimfit10000led_npsclean,clean,likelihood,,6.69515210534016e-05,5.362018794291439e-07,0.7479,0.002019020504347739,50000,
71,27,30.0,fit,1264,APsimfit10000led_npsclean,clean,likelihood,,4.482379104876289e-05,4.4790639552056955e-07,0.83122,0.001686551709865875,50000,
71,13,4.0,fit,1273,APsimfit10000led_npsclean,clean,likelihood,,7.272512703396864e-05,5.676478172932908e-07,0.72616,0.0021374273875793886,50000,
83,1,0.6,fit,1263,APsimfit10000led_npsclean,clean,likelihood,,0.0001585749830265216,8.301220267134216e-07,0.4029,0.00312575068709094,50000,
71,23,20.0,fit,1266,APsimfit10000led_npsclean,clean,likelihood,,4.7054623166369276e-05,4.578495268555115e-07,0.82282,0.0017239916868835668,50000,
83,3,1.0,fit,1261,APsimfit10000led_npsclean,clean,likelihood,,0.00013738738941430272,7.896484757928112e-07,0.48268,0.0029733511295223004,50000,
71,17,6.0,fit,1272,APsimfit10000led_npsclean,clean,likelihood,,7.082360822896128e-05,5.518174837429665e-07,0.73332,0.002077819674039115,50000,
83,5,1.4,fit,1261,APsimfit10000led_npsclean,clean,likelihood,,0.00012058178746166783,7.492223592171954e-07,0.54596,0.0028211301817624443,50000,
71,25,26.0,fit,1266,APsimfit10000led_npsclean,clean,likelihood,,4.579579647143425e-05,4.5202110901673117e-07,0.82756,0.0017020452977046779,50000,
71,29,40.0,fit,1265,APsimfit10000led_npsclean,clean,likelihood,,4.4409493655493126e-05,4.4642561880745924e-07,0.83278,0.0016809759768055706,50000,
71,21,10.0,fit,1267,APsimfit10000led_npsclean,clean,likelihood,,6.0354631791336965e-05,5.110834230214378e-07,0.77274,0.0019244391899765258,50000,
71,15,5.0,fit,1273,APsimfit10000led_npsclean,clean,likelihood,,7.876430826663167e-05,5.925926497352761e-07,0.70342,0.0022313549363442422,50000,
71,19,8.0,fit,1271,APsimfit10000led_npsclean,clean,likelihood,,6.584141649964033e-05,5.318222112709606e-07,0.75208,0.0020025292532856857,50000,
71,13,4.0,fit,1274,APsimfit10000led_npsclean,clean,likelihood,,7.239050221632769e-05,5.663532973615968e-07,0.72742,0.002132552987869787,50000,
71,27,30.0,fit,1265,APsimfit10000led_npsclean,clean,likelihood,,4.488752910926591e-05,4.48172412090717e-07,0.83098,0.0016875533716097608,50000,
71,23,20.0,fit,1267,APsimfit10000led_npsclean,clean,likelihood,,4.686340898486015e-05,4.570421324069165e-07,0.82354,0.001720951514871217,50000,
83,1,0.6,fit,1264,APsimfit10000led_npsclean,clean,likelihood,,0.00015920174062146816,8.189019301271658e-07,0.40054,0.003083502410951867,50000,
71,17,6.0,fit,1273,APsimfit10000led_npsclean,clean,likelihood,,6.945323992814591e-05,5.475082604971553e-07,0.73848,0.0020615936770314817,50000,
83,3,1.0,fit,1262,APsimfit10000led_npsclean,clean,likelihood,,0.00013640476098154751,7.793160726035444e-07,0.48638,0.0029344453839465347,50000,
71,25,26.0,fit,1267,APsimfit10000led_npsclean,clean,likelihood,,4.556209024958977e-05,4.5109082672469146e-07,0.82844,0.0016985424024435506,50000,
83,5,1.4,fit,1262,APsimfit10000led_npsclean,clean,likelihood,,0.00011958322451378689,7.43577796210199e-07,0.54972,0.0027998760816064705,50000,
71,29,40.0,fit,1266,APsimfit10000led_npsclean,clean,likelihood,,4.499907071514625e-05,4.4868228659605857e-07,0.83056,0.0016894732587276963,50000,
71,21,10.0,fit,1268,APsimfit10000led_npsclean,clean,likelihood,,6.128414517367295e-05,5.135224018055836e-07,0.76924,0.0019336229477434736,50000,
71,19,8.0,fit,1272,APsimfit10000led_npsclean,clean,likelihood,,6.675499536685057e-05,5.341160236977603e-07,0.74864,0.002011166400040499,50000,
71,15,5.0,fit,1274,APsimfit10000led_npsclean,clean,likelihood,,7.898739147839233e-05,5.961241261765997e-07,0.70258,0.002244652396907499,50000,
71,13,4.0,fit,1275,APsimfit10000led_npsclean,clean,likelihood,,7.377149352722688e-05,5.697987058068781e-07,0.72222,0.0021455263670460815,50000,
71,23,20.0,fit,1268,APsimfit10000led_npsclean,clean,likelihood,,4.736269045880065e-05,4.587297050616512e-07,0.82166,0.0017273059196638919,50000,
71,27,30.0,fit,1266,APsimfit10000led_npsclean,clean,likelihood,,4.554084422942207e-05,4.506349308998596e-07,0.82852,0.0016968257672479374,50000,
83,1,0.6,fit,1265,APsimfit10000led_npsclean,clean,likelihood,,0.00015854311399627008,8.175962607212355e-07,0.40302,0.0030785860288883066,50000,
71,17,6.0,fit,1274,APsimfit10000led_npsclean,clean,likelihood,,6.912392661554686e-05,5.486315503225993e-07,0.73972,0.0020658233249997264,50000,
83,3,1.0,fit,1263,APsimfit10000led_npsclean,clean,likelihood,,0.00013691997697061375,7.7745998629283e-07,0.48444,0.002927456455964482,50000,
71,25,26.0,fit,1268,APsimfit10000led_npsclean,clean,likelihood,,4.590733807731456e-05,4.527698951901599e-07,0.82714,0.0017048647854676342,50000,
71,29,40.0,fit,1267,APsimfit10000led_npsclean,clean,likelihood,,4.456352730170879e-05,4.468458056048089e-07,0.8322,0.0016825581528330182,50000,
83,5,1.4,fit,1263,APsimfit10000led_npsclean,clean,likelihood,,0.00012011968652302081,7.473821701969289e-07,0.5477,0.0028142011136141768,50000,
71,21,10.0,fit,1269,APsimfit10000led_npsclean,clean,likelihood,,6.02324671753728e-05,5.104300226759064e-07,0.7732,0.0019219788690679523,50000,
71,19,8.0,fit,1273,APsimfit10000led_npsclean,clean,likelihood,,6.565020231813118e-05,5.307162290719516e-07,0.7528,0.0019983647756459952,50000,
71,15,5.0,fit,1275,APsimfit10000led_npsclean,clean,likelihood,,8.027277569853694e-05,5.953954321730902e-07,0.69774,0.0022419085644240187,50000,
71,13,4.0,fit,1276,APsimfit10000led_npsclean,clean,likelihood,,7.397333071881983e-05,5.702760467654585e-07,0.72146,0.002147323751986181,50000,
71,23,20.0,fit,1269,APsimfit10000led_npsclean,clean,likelihood,,4.690590102519552e-05,4.571229073116809e-07,0.82338,0.001721255665593571,50000,
71,27,30.0,fit,1267,APsimfit10000led_npsclean,clean,likelihood,,4.5147792856320006e-05,4.4907082031284616e-07,0.83,0.0016909362478945,50000,
83,1,0.6,fit,1266,APsimfit10000led_npsclean,clean,likelihood,,0.00015974351413574397,8.151418798522803e-07,0.3985,0.0030693442759403776,50000,
71,17,6.0,fit,1275,APsimfit10000led_npsclean,clean,likelihood,,7.039868782560767e-05,5.511234584547031e-07,0.73492,0.0020752063835205673,50000,
71,25,26.0,fit,1269,APsimfit10000led_npsclean,clean,likelihood,,4.579048496639232e-05,4.522282106375738e-07,0.82758,0.0017028251204449676,50000,
83,3,1.0,fit,1264,APsimfit10000led_npsclean,clean,likelihood,,0.00013656941763784703,7.797554586669313e-07,0.48576,0.002936099853103277,50000,
71,29,40.0,fit,1268,APsimfit10000led_npsclean,clean,likelihood,,4.495657867481088e-05,4.4843817155447517e-07,0.83072,0.0016885540652423969,50000,
83,5,1.4,fit,1264,APsimfit10000led_npsclean,clean,likelihood,,0.00011935482979698432,7.481143788619284e-07,0.55058,0.0028169581802430163,50000,
71,21,10.0,fit,1270,APsimfit10000led_npsclean,clean,likelihood,,6.032807426612736e-05,5.112705150948059e-07,0.77284,0.001925143668544809,50000,
71,19,8.0,fit,1274,APsimfit10000led_npsclean,clean,likelihood,,6.566613683325697e-05,5.321875192609321e-07,0.75274,0.0020039047880431164,50000,
71,15,5.0,fit,1276,APsimfit10000led_npsclean,clean,likelihood,,8.051179342542336e-05,5.937025431655071e-07,0.69684,0.0022355341413773594,50000,
71,13,4.0,fit,1277,APsimfit10000led_npsclean,clean,likelihood,,7.431326704150271e-05,5.739043056225683e-07,0.72018,0.002160985638131349,50000,
71,23,20.0,fit,1270,APsimfit10000led_npsclean,clean,likelihood,,4.7399870994094074e-05,4.587777557567189e-07,0.82152,0.0017274868502840776,50000,
71,27,30.0,fit,1268,APsimfit10000led_npsclean,clean,likelihood,,4.553553272438014e-05,4.509190040883481e-07,0.82854,0.0016978954195828086,50000,
71,17,6.0,fit,1276,APsimfit10000led_npsclean,clean,likelihood,,7.141849679365633e-05,5.543876251571371e-07,0.73108,0.002087497313028013,50000,
83,1,0.6,fit,1267,APsimfit10000led_npsclean,clean,likelihood,,0.00015835721131980286,8.125118798906502e-07,0.40372,0.0030594412449129254,50000,
71,25,26.0,fit,1270,APsimfit10000led_npsclean,clean,likelihood,,4.618884784453631e-05,4.5357552016932725e-07,0.82608,0.0017078982947001742,50000,
71,29,40.0,fit,1269,APsimfit10000led_npsclean,clean,likelihood,,4.4839725563888636e-05,4.479880179631553e-07,0.83116,0.0016868590519165427,50000,
83,3,1.0,fit,1265,APsimfit10000led_npsclean,clean,likelihood,,0.0001371111911521229,7.909288432450644e-07,0.48372,0.0029781722393288357,50000,
71,19,8.0,fit,1275,APsimfit10000led_npsclean,clean,likelihood,,6.64203705492096e-05,5.338800589493125e-07,0.7499,0.002010277895759375,50000,
83,5,1.4,fit,1265,APsimfit10000led_npsclean,clean,likelihood,,0.00012013030953310462,7.476481869432447e-07,0.54766,0.002815202776021409,50000,
71,15,5.0,fit,1277,APsimfit10000led_npsclean,clean,likelihood,,8.002313496156672e-05,5.944766668048697e-07,0.69868,0.002238449035115586,50000,
71,21,10.0,fit,1271,APsimfit10000led_npsclean,clean,likelihood,,5.9775677741767665e-05,5.081648249456469e-07,0.77492,0.0019134494684088853,50000,
71,13,4.0,fit,1278,APsimfit10000led_npsclean,clean,likelihood,,7.367057493143039e-05,5.700734312919854e-07,0.7226,0.0021465608214349566,50000,
71,23,20.0,fit,1271,APsimfit10000led_npsclean,clean,likelihood,,4.648629212688383e-05,4.556075708354986e-07,0.82496,0.001715549800818059,50000,
71,17,6.0,fit,1277,APsimfit10000led_npsclean,clean,likelihood,,7.064832856257792e-05,5.516257411908288e-07,0.73398,0.0020770976845064897,50000,
71,27,30.0,fit,1269,APsimfit10000led_npsclean,clean,likelihood,,4.5339007037829115e-05,4.5023738509332215e-07,0.82928,0.0016953288438584276,50000,
83,1,0.6,fit,1268,APsimfit10000led_npsclean,clean,likelihood,,0.00015896272289458175,8.143394163881656e-07,0.40144,0.0030663226711116843,50000,
71,25,26.0,fit,1271,APsimfit10000led_npsclean,clean,likelihood,,4.550897519917055e-05,4.512619644423861e-07,0.82864,0.0016991868063040158,50000,
71,29,40.0,fit,1270,APsimfit10000led_npsclean,clean,likelihood,,4.550897519917055e-05,4.5074185097409674e-07,0.82864,0.0016972283652814263,50000,
83,3,1.0,fit,1266,APsimfit10000led_npsclean,clean,likelihood,,0.00013679250084960767,7.836367049519135e-07,0.48492,0.002950714340915489,50000,
71,19,8.0,fit,1276,APsimfit10000led_npsclean,clean,likelihood,,6.746142553742592e-05,5.371453789930485e-07,0.74598,0.0020225731680709523,50000,
71,15,5.0,fit,1278,APsimfit10000led_npsclean,clean,likelihood,,7.969913315400961e-05,5.96715729960693e-07,0.6999,0.0022468800283581866,50000,
71,13,4.0,fit,1279,APsimfit10000led_npsclean,clean,likelihood,,7.364932891126273e-05,5.703820882967015e-07,0.72268,0.0021477230419441346,50000,
83,5,1.4,fit,1266,APsimfit10000led_npsclean,clean,likelihood,,0.00011955135548353536,7.48730210718323e-07,0.54984,0.0028192770403458844,50000,
71,21,10.0,fit,1272,APsimfit10000led_npsclean,clean,likelihood,,6.033338577116929e-05,5.099659460124038e-07,0.77282,0.0019202314296516661,50000,
71,17,6.0,fit,1278,APsimfit10000led_npsclean,clean,likelihood,,7.045180287602687e-05,5.537756476196995e-07,0.73472,0.0020851929660204976,50000,
71,23,20.0,fit,1272,APsimfit10000led_npsclean,clean,likelihood,,4.686340898486015e-05,4.5699270851534024e-07,0.82354,0.0017207654136016663,50000,
71,27,30.0,fit,1270,APsimfit10000led_npsclean,clean,likelihood,,4.600294516806913e-05,4.5257165245065334e-07,0.82678,0.00170411832005739,50000,
83,1,0.6,fit,1269,APsimfit10000led_npsclean,clean,likelihood,,0.00015894147687441407,8.153659680438819e-07,0.40152,0.003070188060102618,50000,
71,25,26.0,fit,1272,APsimfit10000led_npsclean,clean,likelihood,,4.5663008845386236e-05,4.5157384788459726e-07,0.82806,0.0017003611756767254,50000,
71,19,8.0,fit,1277,APsimfit10000led_npsclean,clean,likelihood,,6.652660065004799e-05,5.332996810674413e-07,0.7495,0.0020080925344454327,50000,
71,29,40.0,fit,1271,APsimfit10000led_npsclean,clean,likelihood,,4.476536449330177e-05,4.47544241724709e-07,0.83144,0.0016851880519459356,50000,
71,15,5.0,fit,1279,APsimfit10000led_npsclean,clean,likelihood,,7.990628185064448e-05,5.954239008513672e-07,0.69912,0.0022420157607009774,50000,
83,3,1.0,fit,1267,APsimfit10000led_npsclean,clean,likelihood,,0.00013687748493027843,7.74397819705099e-07,0.4846,0.002915926139929522,50000,
71,13,4.0,fit,1280,APsimfit10000led_npsclean,clean,likelihood,,7.344218021462784e-05,5.70745800939076e-07,0.72346,0.002149092569562028,50000,
71,21,10.0,fit,1273,APsimfit10000led_npsclean,clean,likelihood,,5.906393606615041e-05,5.074394694728721e-07,0.7776,0.0019107182068660643,50000,
83,5,1.4,fit,1267,APsimfit10000led_npsclean,clean,likelihood,,0.0001198806687961344,7.556712534258699e-07,0.5486,0.0028454129195468495,50000,
71,17,6.0,fit,1279,APsimfit10000led_npsclean,clean,likelihood,,7.070675511803904e-05,5.509219803770408e-07,0.73376,0.002074447735732145,50000,
71,23,20.0,fit,1273,APsimfit10000led_npsclean,clean,likelihood,,4.6231339884871683e-05,4.5464380047560923e-07,0.82592,0.0017119208092148015,50000,
71,27,30.0,fit,1271,APsimfit10000led_npsclean,clean,likelihood,,4.5254022957158395e-05,4.4975836787837897e-07,0.8296,0.0016935251471240271,50000,
83,1,0.6,fit,1270,APsimfit10000led_npsclean,clean,likelihood,,0.0001596425955399475,8.253163105950059e-07,0.39888,0.003107655190313708,50000,
71,19,8.0,fit,1278,APsimfit10000led_npsclean,clean,likelihood,,6.662751924584448e-05,5.331069084269632e-07,0.74912,0.0020073666662067443,50000,
71,25,26.0,fit,1273,APsimfit10000led_npsclean,clean,likelihood,,4.4786610513469445e-05,4.482285119536044e-07,0.83136,0.001687764610655736,50000,
71,29,40.0,fit,1272,APsimfit10000led_npsclean,clean,likelihood,,4.49618901798528e-05,4.4823494503724296e-07,0.8307,0.0016877888338602245,50000,
71,15,5.0,fit,1280,APsimfit10000led_npsclean,clean,likelihood,,7.977349422459647e-05,5.974165804260203e-07,0.69962,0.0022495190184741555,50000,
71,13,4.0,fit,1281,APsimfit10000led_npsclean,clean,likelihood,,7.361214837596927e-05,5.702045628778175e-07,0.72282,0.002147054585762759,50000,
83,3,1.0,fit,1268,APsimfit10000led_npsclean,clean,likelihood,,0.00013739801242438655,7.83064132618961e-07,0.48264,0.002948558370702024,50000,
71,21,10.0,fit,1274,APsimfit10000led_npsclean,clean,likelihood,,5.935606884345601e-05,5.072677547319982e-07,0.7765,0.0019100716302761197,50000,
71,17,6.0,fit,1280,APsimfit10000led_npsclean,clean,likelihood,,6.981442227099648e-05,5.502993906208646e-07,0.73712,0.0020721034293584807,50000,
83,5,1.4,fit,1268,APsimfit10000led_npsclean,clean,likelihood,,0.00012007188297764351,7.395475168446549e-07,0.54788,0.0027847004229796368,50000,
71,23,20.0,fit,1274,APsimfit10000led_npsclean,clean,likelihood,,4.5859534531937263e-05,4.531190638530402e-07,0.82732,0.0017061795490238188,50000,
71,27,30.0,fit,1272,APsimfit10000led_npsclean,clean,likelihood,,4.5524909714296325e-05,4.5077163858949165e-07,0.82858,0.0016973405278988382,50000,
71,19,8.0,fit,1279,APsimfit10000led_npsclean,clean,likelihood,,6.652128914500608e-05,5.35052578989021e-07,0.74952,0.002014692915722473,50000,
83,1,0.6,fit,1271,APsimfit10000led_npsclean,clean,likelihood,,0.00015909019901558783,8.234006485597914e-07,0.40096,0.0031004419352378097,50000,
71,25,26.0,fit,1274,APsimfit10000led_npsclean,clean,likelihood,,4.491939813951743e-05,4.4868755633977774e-07,0.83086,0.0016894931014791485,50000,
71,15,5.0,fit,1281,APsimfit10000led_npsclean,clean,likelihood,,7.958759154812927e-05,5.921965557124341e-07,0.70032,0.0022298634795171624,50000,
71,13,4.0,fit,1282,APsimfit10000led_npsclean,clean,likelihood,,7.363870590117888e-05,5.716090132184171e-07,0.72272,0.0021523429186534,50000,
71,29,40.0,fit,1273,APsimfit10000led_npsclean,clean,likelihood,,4.4218279473984e-05,4.4555048294116014e-07,0.8335,0.0016776807305076108,50000,
83,3,1.0,fit,1269,APsimfit10000led_npsclean,clean,likelihood,,0.00013652161409246974,8.068899912118612e-07,0.48594,0.003038272522923887,50000,
71,17,6.0,fit,1281,APsimfit10000led_npsclean,clean,likelihood,,7.028714621972737e-05,5.499319111663437e-07,0.73534,0.0020707197181443495,50000,
71,21,10.0,fit,1275,APsimfit10000led_npsclean,clean,likelihood,,5.989253085268993e-05,5.0919759554777e-07,0.77448,0.0019173382742895993,50000,
83,5,1.4,fit,1269,APsimfit10000led_npsclean,clean,likelihood,,0.00011930702625160702,7.444544855656543e-07,0.55076,0.00280317717742973,50000,
71,23,20.0,fit,1275,APsimfit10000led_npsclean,clean,likelihood,,4.736269045880065e-05,4.591258369526689e-07,0.82166,0.0017287975190802204,50000,
71,19,8.0,fit,1280,APsimfit10000led_npsclean,clean,likelihood,,6.597951563073024e-05,5.327687778929106e-07,0.75156,0.0020060934657432825,50000,
71,13,4.0,fit,1283,APsimfit10000led_npsclean,clean,likelihood,,7.416985640537087e-05,5.733671411255329e-07,0.72072,0.002158962992975989,50000,
71,15,5.0,fit,1282,APsimfit10000led_npsclean,clean,likelihood,,7.967788713384191e-05,5.93570974603738e-07,0.69998,0.002235038731655517,50000,
71,27,30.0,fit,1273,APsimfit10000led_npsclean,clean,likelihood,,4.4632576867253756e-05,4.4729995234703324e-07,0.83194,0.0016842682020135804,50000,
71,25,26.0,fit,1275,APsimfit10000led_npsclean,clean,likelihood,,4.5917961087398414e-05,4.529564348511016e-07,0.8271,0.00170556718397604,50000,
83,1,0.6,fit,1272,APsimfit10000led_npsclean,clean,likelihood,,0.0001592229866416358,8.167482003538571e-07,0.40046,0.003075392732974304,50000,
71,29,40.0,fit,1274,APsimfit10000led_npsclean,clean,likelihood,,4.418109893869054e-05,4.4534702923684415e-07,0.83364,0.0016769146436726732,50000,
71,17,6.0,fit,1282,APsimfit10000led_npsclean,clean,likelihood,,7.048367190627839e-05,5.512241494074712e-07,0.7346,0.002075585526350983,50000,
83,3,1.0,fit,1270,APsimfit10000led_npsclean,clean,likelihood,,0.0001371218141622067,7.925798651078527e-07,0.48368,0.0029843890153640946,50000,
71,21,10.0,fit,1276,APsimfit10000led_npsclean,clean,likelihood,,6.107168497199617e-05,5.122857169138245e-07,0.77004,0.0019289663207347487,50000,
83,5,1.4,fit,1270,APsimfit10000led_npsclean,clean,likelihood,,0.00011973725816000257,7.544860677410979e-07,0.54914,0.0028409502082233427,50000,
71,23,20.0,fit,1276,APsimfit10000led_npsclean,clean,likelihood,,4.73520674487168e-05,4.5842226902578874e-07,0.8217,0.0017261482966043783,50000,
71,19,8.0,fit,1281,APsimfit10000led_npsclean,clean,likelihood,,6.670719182147327e-05,5.327731827215894e-07,0.74882,0.0020061100517340482,50000,
71,15,5.0,fit,1283,APsimfit10000led_npsclean,clean,likelihood,,8.006562700190207e-05,5.930871151902016e-07,0.69852,0.002233216802052824,50000,
83,7,1.8,fit,1234,APsimfit10000led_npsclean,clean,likelihood,,0.00010716492572577791,7.149598647170724e-07,0.59648,0.0026921178049324757,50000,
71,25,26.0,fit,1276,APsimfit10000led_npsclean,clean,likelihood,,4.6353504500835844e-05,4.5396088420920745e-07,0.82546,0.0017093493487303926,50000,
71,27,30.0,fit,1274,APsimfit10000led_npsclean,clean,likelihood,,4.4839725563888636e-05,4.4804772754880864e-07,0.83116,0.0016870838830526597,50000,
71,29,40.0,fit,1275,APsimfit10000led_npsclean,clean,likelihood,,4.5232776936990725e-05,4.4960745272909333e-07,0.82968,0.0016929568895469578,50000,
83,1,0.6,fit,1273,APsimfit10000led_npsclean,clean,likelihood,,0.0001590530184802944,8.297059618348386e-07,0.4011,0.0031241840317821367,50000,
71,17,6.0,fit,1283,APsimfit10000led_npsclean,clean,likelihood,,7.055803297686528e-05,5.522157804276926e-07,0.73432,0.002079319424793685,50000,
71,21,10.0,fit,1277,APsimfit10000led_npsclean,clean,likelihood,,6.005718750898944e-05,5.098797545817858e-07,0.77386,0.001919906883482783,50000,
83,3,1.0,fit,1271,APsimfit10000led_npsclean,clean,likelihood,,0.0001358204954269363,7.869984959132873e-07,0.48858,0.002963372865890394,50000,
71,23,20.0,fit,1277,APsimfit10000led_npsclean,clean,likelihood,,4.720334530754304e-05,4.584641971405113e-07,0.82226,0.0017263061731926208,50000,
83,5,1.4,fit,1271,APsimfit10000led_npsclean,clean,likelihood,,0.00011899364745413375,7.405642257924036e-07,0.55194,0.0027885287501288143,50000,
71,19,8.0,fit,1282,APsimfit10000led_npsclean,clean,likelihood,,6.681342192231169e-05,5.344591163130014e-07,0.74842,0.0020124582847795072,50000,
83,7,1.8,fit,1235,APsimfit10000led_npsclean,clean,likelihood,,0.00010640006899974144,7.153725574340949e-07,0.59936,0.0026936717626667352,50000,
83,9,2.0,fit,1234,APsimfit10000led_npsclean,clean,likelihood,,0.00010074862763513857,7.021290550937087e-07,0.62064,0.0026438045320574654,50000,
71,25,26.0,fit,1277,APsimfit10000led_npsclean,clean,likelihood,,4.594451861260801e-05,4.529463005104907e-07,0.827,0.0017055290240174936,50000,
71,29,40.0,fit,1276,APsimfit10000led_npsclean,clean,likelihood,,4.532838402774529e-05,4.496648647990856e-07,0.82932,0.0016931730695921208,50000,
71,27,30.0,fit,1275,APsimfit10000led_npsclean,clean,likelihood,,4.5732058410931204e-05,4.5182991273966796e-07,0.8278,0.001701325365122277,50000,
83,11,3.0,fit,1234,APsimfit10000led_npsclean,clean,likelihood,,9.014686357146622e-05,6.505982563138278e-07,0.66056,0.002449769890752659,50000,
83,1,0.6,fit,1274,APsimfit10000led_npsclean,clean,likelihood,,0.00015833065379459326,8.331667448076799e-07,0.40382,0.003137215302375039,50000,
71,21,10.0,fit,1278,APsimfit10000led_npsclean,clean,likelihood,,6.066269908376831e-05,5.113652233693238e-07,0.77158,0.0019255002841321817,50000,
83,3,1.0,fit,1272,APsimfit10000led_npsclean,clean,likelihood,,0.00013653754860759552,7.871110632620855e-07,0.48588,0.0029637967282341543,50000,
71,23,20.0,fit,1278,APsimfit10000led_npsclean,clean,likelihood,,4.763357721593855e-05,4.6010289171929593e-07,0.82064,0.0017324765319359583,50000,
71,19,8.0,fit,1283,APsimfit10000led_npsclean,clean,likelihood,,6.686653697273088e-05,5.357264997169222e-07,0.74822,0.0020172305043064335,50000,
83,5,1.4,fit,1272,APsimfit10000led_npsclean,clean,likelihood,,0.00012020467060369152,7.529381102516687e-07,0.54738,0.002835121511922719,50000,
83,7,1.8,fit,1236,APsimfit10000led_npsclean,clean,likelihood,,0.00010669751328208896,7.141887290866121e-07,0.59824,0.0026892141622761132,50000,
83,9,2.0,fit,1235,APsimfit10000led_npsclean,clean,likelihood,,0.00010056803646371328,7.098391413557516e-07,0.62132,0.002672836176388752,50000,
71,25,26.0,fit,1278,APsimfit10000led_npsclean,clean,likelihood,,4.588609205714689e-05,4.525406157594148e-07,0.82722,0.0017040014541559417,50000,
83,11,3.0,fit,1235,APsimfit10000led_npsclean,clean,likelihood,,8.858528108914174e-05,6.42633452336114e-07,0.66644,0.002419779129509459,50000,
71,29,40.0,fit,1277,APsimfit10000led_npsclean,clean,likelihood,,4.521684242186495e-05,4.496814669394772e-07,0.82974,0.001693235583475702,50000,
71,27,30.0,fit,1276,APsimfit10000led_npsclean,clean,likelihood,,4.6024191188236804e-05,4.527188374119111e-07,0.8267,0.001704672531943084,50000,
83,1,0.6,fit,1275,APsimfit10000led_npsclean,clean,likelihood,,0.00015969039908532478,8.092379049682494e-07,0.3987,0.003047113383425224,50000,
71,21,10.0,fit,1279,APsimfit10000led_npsclean,clean,likelihood,,5.995626891319295e-05,5.098399715868066e-07,0.77424,0.0019197570841522156,50000,
71,23,20.0,fit,1279,APsimfit10000led_npsclean,clean,likelihood,,4.68474744697344e-05,4.569920355208902e-07,0.8236,0.0017207628795008994,50000,
83,3,1.0,fit,1273,APsimfit10000led_npsclean,clean,likelihood,,0.00013646318753700865,7.856611494509908e-07,0.48616,0.0029583372066874303,50000,
83,13,4.0,fit,1234,APsimfit10000led_npsclean,clean,likelihood,,8.254078835143679e-05,6.102136329735625e-07,0.6892,0.0022977051820814343,50000,
83,7,1.8,fit,1237,APsimfit10000led_npsclean,clean,likelihood,,0.00010651161060562175,7.138360471931434e-07,0.59894,0.002687886169962502,50000,
83,9,2.0,fit,1236,APsimfit10000led_npsclean,clean,likelihood,,0.00010087610375614463,6.967584009340461e-07,0.62016,0.0026235818113134364,50000,
83,5,1.4,fit,1273,APsimfit10000led_npsclean,clean,likelihood,,0.00011949824043311617,7.572786051329271e-07,0.55004,0.00285146525949333,50000,
83,11,3.0,fit,1236,APsimfit10000led_npsclean,clean,likelihood,,8.898364396728576e-05,6.477159964932841e-07,0.66494,0.0024389169976543903,50000,
71,25,26.0,fit,1279,APsimfit10000led_npsclean,clean,likelihood,,4.557271325967359e-05,4.5107238194325264e-07,0.8284,0.0016984729502589318,50000,
71,29,40.0,fit,1278,APsimfit10000led_npsclean,clean,likelihood,,4.534431854287104e-05,4.500287087892576e-07,0.82926,0.0016945430917884678,50000,
71,27,30.0,fit,1277,APsimfit10000led_npsclean,clean,likelihood,,4.594451861260801e-05,4.5262361555618054e-07,0.827,0.0017043139825113163,50000,
83,1,0.6,fit,1276,APsimfit10000led_npsclean,clean,likelihood,,0.00015920705212651008,8.263882754886233e-07,0.40052,0.0031116915788143578,50000,
71,21,10.0,fit,1280,APsimfit10000led_npsclean,clean,likelihood,,5.931888830816256e-05,5.076767530120012e-07,0.77664,0.0019116116769362472,50000,
83,13,4.0,fit,1235,APsimfit10000led_npsclean,clean,likelihood,,8.136694573717247e-05,6.103234237618151e-07,0.69362,0.002298118589533319,50000,
71,23,20.0,fit,1280,APsimfit10000led_npsclean,clean,likelihood,,4.6056060218488325e-05,4.541172511797517e-07,0.82658,0.0017099381346557007,50000,
83,3,1.0,fit,1274,APsimfit10000led_npsclean,clean,likelihood,,0.00013590547950760704,7.872206226520106e-07,0.48826,0.00296420926437621,50000,
83,7,1.8,fit,1238,APsimfit10000led_npsclean,clean,likelihood,,0.0001065487911409152,7.21237055231396e-07,0.5988,0.0027157540077216366,50000,
83,9,2.0,fit,1237,APsimfit10000led_npsclean,clean,likelihood,,0.00010046711786791679,6.912533018731145e-07,0.6217,0.0026028528502469073,50000,
83,5,1.4,fit,1274,APsimfit10000led_npsclean,clean,likelihood,,0.00011868026865666048,7.482454404995843e-07,0.55312,0.00281745168118718,50000,
83,11,3.0,fit,1237,APsimfit10000led_npsclean,clean,likelihood,,8.887741386644735e-05,6.45818586977157e-07,0.66534,0.00243177247081632,50000,
71,25,26.0,fit,1280,APsimfit10000led_npsclean,clean,likelihood,,4.49618901798528e-05,4.489435152286946e-07,0.8307,0.001690456891918569,50000,
71,29,40.0,fit,1279,APsimfit10000led_npsclean,clean,likelihood,,4.491939813951743e-05,4.483309653193247e-07,0.83086,0.001688150389695431,50000,
71,27,30.0,fit,1278,APsimfit10000led_npsclean,clean,likelihood,,4.5917961087398414e-05,4.5236371077829286e-07,0.8271,0.001703335334177797,50000,
71,21,10.0,fit,1281,APsimfit10000led_npsclean,clean,likelihood,,6.048210791234305e-05,5.099974404037093e-07,0.77226,0.0019203500189820236,50000,
83,1,0.6,fit,1277,APsimfit10000led_npsclean,clean,likelihood,,0.00016058804343740927,8.210454051944776e-07,0.39532,0.0030915734757457243,50000,
83,13,4.0,fit,1236,APsimfit10000led_npsclean,clean,likelihood,,8.157940593884928e-05,6.11714915461599e-07,0.69282,0.0023033581278140954,50000,
71,23,20.0,fit,1281,APsimfit10000led_npsclean,clean,likelihood,,4.742642851930367e-05,4.5894807491441417e-07,0.82142,0.0017281281719296415,50000,
83,7,1.8,fit,1239,APsimfit10000led_npsclean,clean,likelihood,,0.00010658066017116672,7.159101515532923e-07,0.59868,0.002695696025526149,50000,
83,9,2.0,fit,1238,APsimfit10000led_npsclean,clean,likelihood,,0.00010082298870572544,7.069728947729215e-07,0.62036,0.0026620435797133886,50000,
83,3,1.0,fit,1275,APsimfit10000led_npsclean,clean,likelihood,,0.0001357355113462656,7.803436607752573e-07,0.4889,0.002938314675846299,50000,
83,11,3.0,fit,1238,APsimfit10000led_npsclean,clean,likelihood,,8.906331654291456e-05,6.511090413497141e-07,0.66464,0.0024516932063924075,50000,
83,5,1.4,fit,1275,APsimfit10000led_npsclean,clean,likelihood,,0.00011898833594909183,7.402080009547678e-07,0.55196,0.0027871874171739386,50000,
71,25,26.0,fit,1281,APsimfit10000led_npsclean,clean,likelihood,,4.5763927441182726e-05,4.5198342315446893e-07,0.82768,0.0017019033949409045,50000,
71,29,40.0,fit,1280,APsimfit10000led_npsclean,clean,likelihood,,4.448916623112192e-05,4.464039945639276e-07,0.83248,0.0016808945526391207,50000,
71,27,30.0,fit,1279,APsimfit10000led_npsclean,clean,likelihood,,4.54930406840448e-05,4.505274177118669e-07,0.8287,0.0016964209358973348,50000,
71,21,10.0,fit,1282,APsimfit10000led_npsclean,clean,likelihood,,6.064676456864256e-05,5.10868406037776e-07,0.77164,0.0019236295626412793,50000,
83,13,4.0,fit,1237,APsimfit10000led_npsclean,clean,likelihood,,8.149442185817856e-05,6.098359412277904e-07,0.69314,0.0022962830173925515,50000,
83,1,0.6,fit,1278,APsimfit10000led_npsclean,clean,likelihood,,0.0001601100079836365,8.32281567748248e-07,0.39712,0.0031338822468570805,50000,
83,7,1.8,fit,1240,APsimfit10000led_npsclean,clean,likelihood,,0.00010665502124175358,7.258465055995034e-07,0.5984,0.00273311048326568,50000,
83,9,2.0,fit,1239,APsimfit10000led_npsclean,clean,likelihood,,0.00010064770903934208,6.983395902179101e-07,0.62102,0.0026295356389814317,50000,
71,23,20.0,fit,1282,APsimfit10000led_npsclean,clean,likelihood,,4.719803380250111e-05,4.580874842408179e-07,0.82228,0.00172488769426162,50000,
83,3,1.0,fit,1276,APsimfit10000led_npsclean,clean,likelihood,,0.00013667033623364353,7.77751631117455e-07,0.48538,0.002928554618622046,50000,
83,11,3.0,fit,1239,APsimfit10000led_npsclean,clean,likelihood,,8.93182687849267e-05,6.466743996600204e-07,0.66368,0.0024349949573850387,50000,
83,5,1.4,fit,1276,APsimfit10000led_npsclean,clean,likelihood,,0.00012049149187595519,7.563880028308777e-07,0.5463,0.002848111775706642,50000,
71,25,26.0,fit,1282,APsimfit10000led_npsclean,clean,likelihood,,4.609324075378177e-05,4.5341959382121983e-07,0.82644,0.0017073111678994773,50000,
71,29,40.0,fit,1281,APsimfit10000led_npsclean,clean,likelihood,,4.49884477050624e-05,4.4868934887144803e-07,0.8306,0.0016894998510977824,50000,
71,27,30.0,fit,1280,APsimfit10000led_npsclean,clean,likelihood,,4.4839725563888636e-05,4.4806098702099576e-07,0.83116,0.001687133810416307,50000,
71,21,10.0,fit,1283,APsimfit10000led_npsclean,clean,likelihood,,6.031745125604352e-05,5.107055849905546e-07,0.77288,0.0019230164744640627,50000,
83,13,4.0,fit,1238,APsimfit10000led_npsclean,clean,likelihood,,8.21424254732928e-05,6.137366014244745e-07,0.6907,0.0023109706065632253,50000,
83,7,1.8,fit,1241,APsimfit10000led_npsclean,clean,likelihood,,0.0001065753486661248,7.148385141802407e-07,0.5987,0.002691660870275071,50000,
83,9,2.0,fit,1240,APsimfit10000led_npsclean,clean,likelihood,,0.00010035557626203647,7.024300559815682e-07,0.62212,0.00264493792413931,50000,
83,1,0.6,fit,1279,APsimfit10000led_npsclean,clean,likelihood,,0.00015942482383322882,8.176860413105673e-07,0.3997,0.0030789240897152216,50000,
71,23,20.0,fit,1283,APsimfit10000led_npsclean,clean,likelihood,,4.686872048990207e-05,4.569385447417451e-07,0.82352,0.0017205614647277873,50000,
83,11,3.0,fit,1240,APsimfit10000led_npsclean,clean,likelihood,,8.933951480509441e-05,6.510830411753597e-07,0.6636,0.0024515953050475,50000,
83,3,1.0,fit,1277,APsimfit10000led_npsclean,clean,likelihood,,0.0001379185399184947,7.874630542836733e-07,0.48068,0.002965122119131122,50000,
71,25,26.0,fit,1283,APsimfit10000led_npsclean,clean,likelihood,,4.5631139815134714e-05,4.5152471451042243e-07,0.82818,0.0017001761683246206,50000,
83,5,1.4,fit,1277,APsimfit10000led_npsclean,clean,likelihood,,0.00012095890431964416,7.535089547979139e-07,0.54454,0.002837270976308952,50000,
71,29,40.0,fit,1282,APsimfit10000led_npsclean,clean,likelihood,,4.560458228992511e-05,4.5141889722330385e-07,0.82828,0.0016997777227379801,50000,
83,13,4.0,fit,1239,APsimfit10000led_npsclean,clean,likelihood,,8.119166607078912e-05,6.078979567792435e-07,0.69428,0.002288985709253891,50000,
71,27,30.0,fit,1281,APsimfit10000led_npsclean,clean,likelihood,,4.554084422942207e-05,4.509752194670952e-07,0.82852,0.0016981070935934834,50000,
83,15,5.0,fit,1234,APsimfit10000led_npsclean,clean,likelihood,,7.692121601708544e-05,5.864797519872778e-07,0.71036,0.002208337363359736,50000,
83,7,1.8,fit,1242,APsimfit10000led_npsclean,clean,likelihood,,0.00010710649917031679,7.164171520090842e-07,0.5967,0.0026976050906660316,50000,
83,9,2.0,fit,1241,APsimfit10000led_npsclean,clean,likelihood,,0.00010074862763513857,6.925671124564605e-07,0.62064,0.0026077998871902107,50000,
83,1,0.6,fit,1280,APsimfit10000led_npsclean,clean,likelihood,,0.00015875026269290498,8.261308783118063e-07,0.40224,0.0031107223726297246,50000,
83,17,6.0,fit,1234,APsimfit10000led_npsclean,clean,likelihood,,7.394677319361024e-05,5.707592807007424e-07,0.72156,0.002149143326406124,50000,
83,11,3.0,fit,1241,APsimfit10000led_npsclean,clean,likelihood,,8.861715011939327e-05,6.440203699698417e-07,0.66632,0.0024250014445511723,50000,
83,3,1.0,fit,1278,APsimfit10000led_npsclean,clean,likelihood,,0.00013780699831261438,7.838448792804355e-07,0.4811,0.0029514982028411734,50000,
83,19,8.0,fit,1234,APsimfit10000led_npsclean,clean,likelihood,,6.572456338871809e-05,5.354527938911642e-07,0.75252,0.002016199889354182,50000,
71,29,40.0,fit,1283,APsimfit10000led_npsclean,clean,likelihood,,4.468038041263102e-05,4.4750725135955595e-07,0.83176,0.0016850487680146917,50000,
83,5,1.4,fit,1278,APsimfit10000led_npsclean,clean,likelihood,,0.00012005594846251775,7.439556742922728e-07,0.54794,0.0028012989479281303,50000,
83,13,4.0,fit,1240,APsimfit10000led_npsclean,clean,likelihood,,8.152097938338816e-05,6.124444836892396e-07,0.69304,0.002306105252110816,50000,
83,9,2.0,fit,1242,APsimfit10000led_npsclean,clean,likelihood,,0.00010130633566454016,7.080322562854089e-07,0.61854,0.002666032511302935,50000,
83,7,1.8,fit,1243,APsimfit10000led_npsclean,clean,likelihood,,0.00010660190619133439,7.169441444793392e-07,0.5986,0.0026995894339589244,50000,
83,15,5.0,fit,1235,APsimfit10000led_npsclean,clean,likelihood,,7.601826015995905e-05,5.858306027935833e-07,0.71376,0.002205893049785443,50000,
71,27,30.0,fit,1282,APsimfit10000led_npsclean,clean,likelihood,,4.6008256673111026e-05,4.5271686530461714e-07,0.82676,0.0017046651061484047,50000,
83,17,6.0,fit,1235,APsimfit10000led_npsclean,clean,likelihood,,7.25286013474176e-05,5.688886171209601e-07,0.7269,0.0021420995090134323,50000,
83,11,3.0,fit,1242,APsimfit10000led_npsclean,clean,likelihood,,8.908456256308222e-05,6.48109128576963e-07,0.66456,0.0024403973015628914,50000,
83,1,0.6,fit,1281,APsimfit10000led_npsclean,clean,likelihood,,0.00015963728403490558,8.138479227514609e-07,0.3989,0.0030644719955203945,50000,
83,3,1.0,fit,1279,APsimfit10000led_npsclean,clean,likelihood,,0.00013805663904958466,7.74829523206725e-07,0.48016,0.002917551681082995,50000,
83,19,8.0,fit,1235,APsimfit10000led_npsclean,clean,likelihood,,6.395052070471681e-05,5.32312839246932e-07,0.7592,0.0020043766693084485,50000,
83,21,10.0,fit,1234,APsimfit10000led_npsclean,clean,likelihood,,6.448698271395072e-05,5.293692384856131e-07,0.75718,0.0019932928023513913,50000,
83,5,1.4,fit,1279,APsimfit10000led_npsclean,clean,likelihood,,0.00012038526177511681,7.492855143173015e-07,0.5467,0.0028213679866768994,50000,
83,13,4.0,fit,1241,APsimfit10000led_npsclean,clean,likelihood,,8.118635456574718e-05,6.061576567471383e-07,0.6943,0.0022824327642096136,50000,
83,9,2.0,fit,1243,APsimfit10000led_npsclean,clean,likelihood,,0.00010067426656455167,7.081281790263017e-07,0.62092,0.002666393699855467,50000,
83,7,1.8,fit,1244,APsimfit10000led_npsclean,clean,likelihood,,0.00010722335228123904,7.190756634141208e-07,0.59626,0.002707615478998735,50000,
83,15,5.0,fit,1236,APsimfit10000led_npsclean,clean,likelihood,,7.631570444230655e-05,5.846468154072849e-07,0.71264,0.0022014356036305187,50000,
71,27,30.0,fit,1283,APsimfit10000led_npsclean,clean,likelihood,,4.543461412858368e-05,4.5043176656867054e-07,0.82892,0.0016960607700217817,50000,
83,11,3.0,fit,1243,APsimfit10000led_npsclean,clean,likelihood,,8.88614793513216e-05,6.483337074974925e-07,0.6654,0.00244124293352128,50000,
83,17,6.0,fit,1236,APsimfit10000led_npsclean,clean,likelihood,,7.339968817429246e-05,5.690242419841868e-07,0.72362,0.0021426101923777757,50000,
83,1,0.6,fit,1282,APsimfit10000led_npsclean,clean,likelihood,,0.00015940357781306112,8.155394850208206e-07,0.39978,0.0030708414228522315,50000,
83,19,8.0,fit,1236,APsimfit10000led_npsclean,clean,likelihood,,6.464632786520831e-05,5.326485203174592e-07,0.75658,0.0020056406465347822,50000,
83,3,1.0,fit,1280,APsimfit10000led_npsclean,clean,likelihood,,0.00013696778051599102,7.836929100022665e-07,0.48426,0.002950925976035514,50000,
83,21,10.0,fit,1235,APsimfit10000led_npsclean,clean,likelihood,,6.309536839296768e-05,5.265489955453932e-07,0.76242,0.0019826734283021844,50000,
83,5,1.4,fit,1280,APsimfit10000led_npsclean,clean,likelihood,,0.00012009844050285311,7.580885894473656e-07,0.54778,0.0028545151834152536,50000,
83,13,4.0,fit,1242,APsimfit10000led_npsclean,clean,likelihood,,8.189278473632255e-05,6.12350211030679e-07,0.69164,0.0023057502767966005,50000,
83,9,2.0,fit,1244,APsimfit10000led_npsclean,clean,likelihood,,0.0001011098099779891,6.939274591737714e-07,0.61928,0.0026129221518085234,50000,
83,7,1.8,fit,1245,APsimfit10000led_npsclean,clean,likelihood,,0.0001067878088678016,7.1658124671105e-07,0.5979,0.00269822297467695,50000,
83,15,5.0,fit,1237,APsimfit10000led_npsclean,clean,likelihood,,7.658659119944446e-05,5.861888706064565e-07,0.71162,0.0022072420753819384,50000,
83,23,20.0,fit,1234,APsimfit10000led_npsclean,clean,likelihood,,6.252703735348224e-05,5.173832053124474e-07,0.76456,0.0019481604600922078,50000,
83,11,3.0,fit,1244,APsimfit10000led_npsclean,clean,likelihood,,8.96050900571904e-05,6.492500555879121e-07,0.6626,0.002444693360785069,50000,
83,17,6.0,fit,1237,APsimfit10000led_npsclean,clean,likelihood,,7.339437666925057e-05,5.708147168125309e-07,0.72364,0.0021493520661563493,50000,
83,1,0.6,fit,1283,APsimfit10000led_npsclean,clean,likelihood,,0.00016020030356934912,8.362563126541232e-07,0.39678,0.0031488487954134886,50000,
83,19,8.0,fit,1237,APsimfit10000led_npsclean,clean,likelihood,,6.542180760132864e-05,5.357203945169088e-07,0.75366,0.002017207515718584,50000,
83,3,1.0,fit,1281,APsimfit10000led_npsclean,clean,likelihood,,0.00013657472914288893,7.825239599824052e-07,0.48574,0.002946524398664748,50000,
83,21,10.0,fit,1236,APsimfit10000led_npsclean,clean,likelihood,,6.321753300893185e-05,5.250510474772423e-07,0.76196,0.001977033038031146,50000,
83,13,4.0,fit,1243,APsimfit10000led_npsclean,clean,likelihood,,8.138819175734015e-05,6.089645046036017e-07,0.69354,0.002293001700261866,50000,
83,9,2.0,fit,1245,APsimfit10000led_npsclean,clean,likelihood,,0.00010116292502840833,7.028488327359044e-07,0.61908,0.002646514790775155,50000,
83,7,1.8,fit,1246,APsimfit10000led_npsclean,clean,likelihood,,0.00010744112398795776,7.203513633592454e-07,0.59544,0.0027124190137221564,50000,
83,5,1.4,fit,1281,APsimfit10000led_npsclean,clean,likelihood,,0.00012020467060369152,7.414523155510031e-07,0.54738,0.0027918727731565266,50000,
83,15,5.0,fit,1238,APsimfit10000led_npsclean,clean,likelihood,,7.72345948145587e-05,5.888654785304783e-07,0.70918,0.002217320604547955,50000,
83,11,3.0,fit,1245,APsimfit10000led_npsclean,clean,likelihood,,8.882429881602816e-05,6.522472418030048e-07,0.66554,0.0024559789990041348,50000,
83,23,20.0,fit,1235,APsimfit10000led_npsclean,clean,likelihood,,6.096545487115775e-05,5.147859192458172e-07,0.77044,0.0019383806103278503,50000,
83,17,6.0,fit,1238,APsimfit10000led_npsclean,clean,likelihood,,7.373431299193343e-05,5.693274993354176e-07,0.72236,0.0021437520809718274,50000,
83,25,26.0,fit,1234,APsimfit10000led_npsclean,clean,likelihood,,6.221897006105089e-05,5.170996272992299e-07,0.76572,0.0019470926722957944,50000,
83,19,8.0,fit,1238,APsimfit10000led_npsclean,clean,likelihood,,6.518810137948417e-05,5.325739798840172e-07,0.75454,0.002005359971159898,50000,
83,9,2.0,fit,1246,APsimfit10000led_npsclean,clean,likelihood,,0.00010148161533092352,6.996800018194292e-07,0.61788,0.0026345828396936223,50000,
83,3,1.0,fit,1282,APsimfit10000led_npsclean,clean,likelihood,,0.000135841741447104,7.711160096025093e-07,0.4885,0.00290356877576743,50000,
83,13,4.0,fit,1244,APsimfit10000led_npsclean,clean,likelihood,,8.175468560523264e-05,6.088268282303935e-07,0.69216,0.0022924832921190834,50000,
83,21,10.0,fit,1237,APsimfit10000led_npsclean,clean,likelihood,,6.370619147278847e-05,5.258836171349541e-07,0.76012,0.0019801680050551473,50000,
83,7,1.8,fit,1247,APsimfit10000led_npsclean,clean,likelihood,,0.00010677718585771775,7.190399668599433e-07,0.59794,0.002707481066797689,50000,
83,5,1.4,fit,1282,APsimfit10000led_npsclean,clean,likelihood,,0.00011894584390875645,7.473953513227063e-07,0.55212,0.002814250745971384,50000,
83,15,5.0,fit,1239,APsimfit10000led_npsclean,clean,likelihood,,7.589609554399488e-05,5.824589870137948e-07,0.71422,0.002193197530330303,50000,
83,11,3.0,fit,1246,APsimfit10000led_npsclean,clean,likelihood,,8.966351661265153e-05,6.413458655888744e-07,0.66238,0.0024149308360895054,50000,
83,23,20.0,fit,1236,APsimfit10000led_npsclean,clean,likelihood,,6.116198055770878e-05,5.131231816984886e-07,0.7697,0.001932119719924073,50000,
83,17,6.0,fit,1239,APsimfit10000led_npsclean,clean,likelihood,,7.293227573060351e-05,5.670971480550086e-07,0.72538,0.0021353538915215436,50000,
83,25,26.0,fit,1235,APsimfit10000led_npsclean,clean,likelihood,,6.067332209385216e-05,5.137371895368826e-07,0.77154,0.0019344317118493298,50000,
83,19,8.0,fit,1239,APsimfit10000led_npsclean,clean,likelihood,,6.449229421899263e-05,5.328118757494682e-07,0.75716,0.0020062557468904056,50000,
83,9,2.0,fit,1247,APsimfit10000led_npsclean,clean,likelihood,,0.00010076987365530623,6.956194444690287e-07,0.62056,0.0026192931720067673,50000,
83,13,4.0,fit,1245,APsimfit10000led_npsclean,clean,likelihood,,8.156878292876543e-05,6.103049132893286e-07,0.69286,0.0022980488899949003,50000,
83,21,10.0,fit,1238,APsimfit10000led_npsclean,clean,likelihood,,6.380711006858496e-05,5.267227119153156e-07,0.75974,0.0019833275418483505,50000,
83,7,1.8,fit,1248,APsimfit10000led_npsclean,clean,likelihood,,0.00010652754512074752,7.153863930404252e-07,0.59888,0.002693723859412276,50000,
83,3,1.0,fit,1283,APsimfit10000led_npsclean,clean,likelihood,,0.0001375148655353088,7.837412543936566e-07,0.4822,0.00295110801254309,50000,
83,15,5.0,fit,1240,APsimfit10000led_npsclean,clean,likelihood,,7.61722938061747e-05,5.869102827853739e-07,0.71318,0.00220995848880233,50000,
83,5,1.4,fit,1283,APsimfit10000led_npsclean,clean,likelihood,,0.00012048618037091327,7.484652181162628e-07,0.54632,0.0028182792342627922,50000,
83,11,3.0,fit,1247,APsimfit10000led_npsclean,clean,likelihood,,8.950948296643583e-05,6.499855732713129e-07,0.66296,0.0024474628872285,50000,
83,23,20.0,fit,1237,APsimfit10000led_npsclean,clean,likelihood,,6.123103012325376e-05,5.140980478101639e-07,0.76944,0.0019357904915941794,50000,
83,17,6.0,fit,1240,APsimfit10000led_npsclean,clean,likelihood,,7.291634121547777e-05,5.70522875773315e-07,0.72544,0.0021482531646701882,50000,
83,19,8.0,fit,1240,APsimfit10000led_npsclean,clean,likelihood,,6.457727829966337e-05,5.324111104404212e-07,0.75684,0.0020047467007504355,50000,
83,25,26.0,fit,1236,APsimfit10000led_npsclean,clean,likelihood,,6.089109380057089e-05,5.12541799682104e-07,0.77072,0.0019299305776308956,50000,
83,9,2.0,fit,1248,APsimfit10000led_npsclean,clean,likelihood,,0.0001000209514443955,7.020290066199426e-07,0.62338,0.00264342780842461,50000,
83,13,4.0,fit,1246,APsimfit10000led_npsclean,clean,likelihood,,8.24876733010176e-05,6.066957665973463e-07,0.6894,0.0022844589690082955,50000,
83,7,1.8,fit,1249,APsimfit10000led_npsclean,clean,likelihood,,0.00010637351147453184,7.130876793870403e-07,0.59946,0.002685068257524514,50000,
83,21,10.0,fit,1239,APsimfit10000led_npsclean,clean,likelihood,,6.344061622069248e-05,5.261886133291046e-07,0.76112,0.001981316441107616,50000,
83,27,30.0,fit,1234,APsimfit10000led_npsclean,clean,likelihood,,6.134788323417599e-05,5.129673732283905e-07,0.769,0.00193153303698254,50000,
83,11,3.0,fit,1248,APsimfit10000led_npsclean,clean,likelihood,,8.855341205889023e-05,6.474121314563889e-07,0.66656,0.002437772820873997,50000,
83,15,5.0,fit,1241,APsimfit10000led_npsclean,clean,likelihood,,7.604481768516864e-05,5.816937611846836e-07,0.71366,0.0021903161405054912,50000,
83,29,40.0,fit,1234,APsimfit10000led_npsclean,clean,likelihood,,5.782635539138305e-05,5.014753774449302e-07,0.78226,0.00188826094859041,50000,
83,23,20.0,fit,1238,APsimfit10000led_npsclean,clean,likelihood,,6.183123019299072e-05,5.166704143079006e-07,0.76718,0.0019454765089374174,50000,
83,17,6.0,fit,1241,APsimfit10000led_npsclean,clean,likelihood,,7.30066368011904e-05,5.659480978241243e-07,0.7251,0.0021310272450369198,50000,
83,19,8.0,fit,1241,APsimfit10000led_npsclean,clean,likelihood,,6.426389950219008e-05,5.309940043350785e-07,0.75802,0.0019994107137028534,50000,
83,9,2.0,fit,1249,APsimfit10000led_npsclean,clean,likelihood,,0.00010027590368640769,6.94845741162056e-07,0.62242,0.0026163798609927843,50000,
83,25,26.0,fit,1237,APsimfit10000led_npsclean,clean,likelihood,,6.0822044235025915e-05,5.123786185034169e-07,0.77098,0.0019293161334106635,50000,
83,13,4.0,fit,1247,APsimfit10000led_npsclean,clean,likelihood,,8.151566787834624e-05,6.102168853570457e-07,0.69306,0.0022977174286422774,50000,
83,7,1.8,fit,1250,APsimfit10000led_npsclean,clean,likelihood,,0.00010666033274679552,7.199674811041848e-07,0.59838,0.0027109735392209337,50000,
83,11,3.0,fit,1249,APsimfit10000led_npsclean,clean,likelihood,,8.809662262528512e-05,6.487259385603014e-07,0.66828,0.0024427198447158033,50000,
83,21,10.0,fit,1240,APsimfit10000led_npsclean,clean,likelihood,,6.353091180640512e-05,5.26514569719975e-07,0.76078,0.001982543800917304,50000,
83,27,30.0,fit,1235,APsimfit10000led_npsclean,clean,likelihood,,5.9648201620761606e-05,5.087448961060832e-07,0.7754,0.001915633674790535,50000,
83,15,5.0,fit,1242,APsimfit10000led_npsclean,clean,likelihood,,7.597576811962368e-05,5.84657882566473e-07,0.71392,0.002201477276034482,50000,
83,29,40.0,fit,1235,APsimfit10000led_npsclean,clean,likelihood,,5.602575518217217e-05,4.952603436283821e-07,0.78904,0.001864858791320494,50000,
83,23,20.0,fit,1239,APsimfit10000led_npsclean,clean,likelihood,,6.116198055770878e-05,5.148275583140124e-07,0.7697,0.0019385373985370928,50000,
83,17,6.0,fit,1242,APsimfit10000led_npsclean,clean,likelihood,,7.291634121547777e-05,5.679595964551627e-07,0.72544,0.002138601364293752,50000,
83,9,2.0,fit,1250,APsimfit10000led_npsclean,clean,likelihood,,0.00010019623111077886,6.958748297453348e-07,0.62272,0.002620254802558901,50000,
83,13,4.0,fit,1248,APsimfit10000led_npsclean,clean,likelihood,,8.110137048507648e-05,6.105860367154491e-07,0.69462,0.0022991074352618325,50000,
83,19,8.0,fit,1242,APsimfit10000led_npsclean,clean,likelihood,,6.520403589460991e-05,5.353987076949125e-07,0.75448,0.0020159962325908922,50000,
83,25,26.0,fit,1238,APsimfit10000led_npsclean,clean,likelihood,,6.137975226442752e-05,5.151451991832011e-07,0.76888,0.0019397334469892047,50000,
83,7,1.8,fit,1251,APsimfit10000led_npsclean,clean,likelihood,,0.00010728177883670015,7.349827180388073e-07,0.59604,0.002767512078923401,50000,
83,11,3.0,fit,1250,APsimfit10000led_npsclean,clean,likelihood,,8.878711828073471e-05,6.490019547252484e-07,0.66568,0.002443759159044863,50000,
83,21,10.0,fit,1241,APsimfit10000led_npsclean,clean,likelihood,,6.276605508036864e-05,5.237592899139133e-07,0.76366,0.0019721690397740263,50000,
83,27,30.0,fit,1236,APsimfit10000led_npsclean,clean,likelihood,,5.99137768728576e-05,5.093247829411431e-07,0.7744,0.0019178171871113681,50000,
83,15,5.0,fit,1243,APsimfit10000led_npsclean,clean,likelihood,,7.589078403895296e-05,5.836380926826214e-07,0.71424,0.0021976373478943298,50000,
83,29,40.0,fit,1236,APsimfit10000led_npsclean,clean,likelihood,,5.638162601998081e-05,4.966423192051624e-07,0.7877,0.0018700624974861606,50000,
83,9,2.0,fit,1251,APsimfit10000led_npsclean,clean,likelihood,,0.00010119479405865984,7.02248723930211e-07,0.61896,0.002644255134421797,50000,
83,17,6.0,fit,1243,APsimfit10000led_npsclean,clean,likelihood,,7.260296241800447e-05,5.670796290584939e-07,0.72662,0.002135287925297747,50000,
83,23,20.0,fit,1240,APsimfit10000led_npsclean,clean,likelihood,,6.137975226442752e-05,5.148162248240051e-07,0.76888,0.0019384947232881085,50000,
83,13,4.0,fit,1249,APsimfit10000led_npsclean,clean,likelihood,,8.087297576827391e-05,6.067360307762592e-07,0.69548,0.0022846105801941838,50000,
83,19,8.0,fit,1243,APsimfit10000led_npsclean,clean,likelihood,,6.408330833076479e-05,5.317032712039485e-07,0.7587,0.0020020813950380766,50000,
83,25,26.0,fit,1239,APsimfit10000led_npsclean,clean,likelihood,,6.086453627536129e-05,5.14110949658402e-07,0.77082,0.0019358390723566421,50000,
83,7,1.8,fit,1252,APsimfit10000led_npsclean,clean,likelihood,,0.00010691528498880769,7.185711531849762e-07,0.59742,0.002705715790585892,50000,
83,11,3.0,fit,1251,APsimfit10000led_npsclean,clean,likelihood,,8.975381219836417e-05,6.468744703578012e-07,0.66204,0.0024357483058096443,50000,
83,21,10.0,fit,1242,APsimfit10000led_npsclean,clean,likelihood,,6.372743749295615e-05,5.274350703649417e-07,0.76004,0.0019860098642560443,50000,
83,27,30.0,fit,1237,APsimfit10000led_npsclean,clean,likelihood,,5.972256269134847e-05,5.08841305817598e-07,0.77512,0.0019159966969876483,50000,
83,15,5.0,fit,1244,APsimfit10000led_npsclean,clean,likelihood,,7.642193454314496e-05,5.801009342454983e-07,0.71224,0.002184318492281064,50000,
83,29,40.0,fit,1237,APsimfit10000led_npsclean,clean,likelihood,,5.627008441410047e-05,4.961524730500729e-07,0.78812,0.0018682180253404182,50000,
83,9,2.0,fit,1252,APsimfit10000led_npsclean,clean,likelihood,,0.00010140725426033662,7.110049295306757e-07,0.61816,0.002677225848113521,50000,
83,13,4.0,fit,1250,APsimfit10000led_npsclean,clean,likelihood,,8.126602714137601e-05,6.146351313375567e-07,0.694,0.0023143539410644285,50000,
83,17,6.0,fit,1244,APsimfit10000led_npsclean,clean,likelihood,,7.300132529614849e-05,5.65504288180884e-07,0.72512,0.002129356119283531,50000,
83,23,20.0,fit,1241,APsimfit10000led_npsclean,clean,likelihood,,6.0853913265277443e-05,5.136076977586227e-07,0.77086,0.0019339441220711487,50000,
83,7,1.8,fit,1253,APsimfit10000led_npsclean,clean,likelihood,,0.00010666033274679552,7.25508467283924e-07,0.59838,0.0027318376300426803,50000,
83,19,8.0,fit,1244,APsimfit10000led_npsclean,clean,likelihood,,6.459852431983104e-05,5.324577293857207e-07,0.75676,0.0020049222402441632,50000,
83,11,3.0,fit,1252,APsimfit10000led_npsclean,clean,likelihood,,8.964758209752574e-05,6.479945791742242e-07,0.66244,0.002439965975971238,50000,
83,25,26.0,fit,1240,APsimfit10000led_npsclean,clean,likelihood,,6.106106196191232e-05,5.141273453675115e-07,0.77008,0.001935900808941584,50000,
83,21,10.0,fit,1243,APsimfit10000led_npsclean,clean,likelihood,,6.294664625179392e-05,5.250950397955703e-07,0.76298,0.0019771986871945403,50000,
83,27,30.0,fit,1238,APsimfit10000led_npsclean,clean,likelihood,,6.048741941738495e-05,5.104785424870378e-07,0.77224,0.0019221615661029678,50000,
83,15,5.0,fit,1245,APsimfit10000led_npsclean,clean,likelihood,,7.589078403895296e-05,5.811080349729848e-07,0.71424,0.002188110640531092,50000,
83,29,40.0,fit,1238,APsimfit10000led_npsclean,clean,likelihood,,5.727395886702335e-05,4.991065162898604e-07,0.78434,0.001879341212521729,50000,
83,9,2.0,fit,1253,APsimfit10000led_npsclean,clean,likelihood,,0.00010049898689816832,7.043477429286551e-07,0.62158,0.0026521588038408333,50000,
83,13,4.0,fit,1251,APsimfit10000led_npsclean,clean,likelihood,,8.164845550439426e-05,6.118599218245575e-07,0.69256,0.002303904136381588,50000,
83,17,6.0,fit,1245,APsimfit10000led_npsclean,clean,likelihood,,7.265076596338177e-05,5.66553538738801e-07,0.72644,0.002133306978972587,50000,
83,7,1.8,fit,1254,APsimfit10000led_npsclean,clean,likelihood,,0.00010672407080729856,7.238154847505082e-07,0.59814,0.002725462854832813,50000,
83,23,20.0,fit,1242,APsimfit10000led_npsclean,clean,likelihood,,6.110355400224767e-05,5.131702604608644e-07,0.76992,0.00193229699081812,50000,
83,19,8.0,fit,1245,APsimfit10000led_npsclean,clean,likelihood,,6.41682924114355e-05,5.314096852324832e-07,0.75838,0.0020009759231646687,50000,
83,11,3.0,fit,1253,APsimfit10000led_npsclean,clean,likelihood,,8.835688637233919e-05,6.479492418980355e-07,0.6673,0.0024397952624885966,50000,
83,25,26.0,fit,1241,APsimfit10000led_npsclean,clean,likelihood,,6.0460861892175354e-05,5.119517624308046e-07,0.77234,0.0019277088448201665,50000,
83,21,10.0,fit,1244,APsimfit10000led_npsclean,clean,likelihood,,6.327064805935104e-05,5.251553169333637e-07,0.76176,0.001977425655397781,50000,
83,15,5.0,fit,1246,APsimfit10000led_npsclean,clean,likelihood,,7.721866029943296e-05,5.844402994837519e-07,0.70924,0.002200657986281375,50000,
83,27,30.0,fit,1239,APsimfit10000led_npsclean,clean,likelihood,,5.9977514933360646e-05,5.112522588236412e-07,0.77416,0.001925074926178867,50000,
83,9,2.0,fit,1254,APsimfit10000led_npsclean,clean,likelihood,,0.00010015373907044352,7.049870526510459e-07,0.62288,0.00265456606776074,50000,
83,29,40.0,fit,1239,APsimfit10000led_npsclean,clean,likelihood,,5.653034816115457e-05,4.9725200500805e-07,0.78714,0.0018723582151709817,50000,
83,13,4.0,fit,1252,APsimfit10000led_npsclean,clean,likelihood,,8.21424254732928e-05,6.146950051475329e-07,0.6907,0.0023145793905726326,50000,
83,7,1.8,fit,1255,APsimfit10000led_npsclean,clean,likelihood,,0.00010725522131149055,7.195690143975515e-07,0.59614,0.0027094731482639888,50000,
83,17,6.0,fit,1246,APsimfit10000led_npsclean,clean,likelihood,,7.394146168856832e-05,5.684165544908134e-07,0.72158,0.0021403219991497644,50000,
83,11,3.0,fit,1254,APsimfit10000led_npsclean,clean,likelihood,,8.831439433200383e-05,6.460282234871503e-07,0.66746,0.0024325618384563345,50000,
83,19,8.0,fit,1246,APsimfit10000led_npsclean,clean,likelihood,,6.541649609628672e-05,5.339719525969088e-07,0.75368,0.0020106239131193176,50000,
83,23,20.0,fit,1243,APsimfit10000led_npsclean,clean,likelihood,,6.0800798214858245e-05,5.130956808604393e-07,0.77106,0.001932016167963443,50000,
83,25,26.0,fit,1242,APsimfit10000led_npsclean,clean,likelihood,,6.06892566089779e-05,5.117236928947189e-07,0.77148,0.0019268500692592443,50000,
83,21,10.0,fit,1245,APsimfit10000led_npsclean,clean,likelihood,,6.297320377700351e-05,5.255857381749923e-07,0.76288,0.0019790463683152367,50000,
83,9,2.0,fit,1255,APsimfit10000led_npsclean,clean,likelihood,,0.00010024403465615616,6.996708702336047e-07,0.62254,0.0026345484555190713,50000,
83,15,5.0,fit,1247,APsimfit10000led_npsclean,clean,likelihood,,7.592796457424641e-05,5.807669333121902e-07,0.7141,0.0021868262525540404,50000,
83,27,30.0,fit,1240,APsimfit10000led_npsclean,clean,likelihood,,6.013154857957631e-05,5.098763998802363e-07,0.77358,0.0019198942516523584,50000,
83,13,4.0,fit,1253,APsimfit10000led_npsclean,clean,likelihood,,8.166439001952e-05,6.104098974153241e-07,0.6925,0.0022984441983874065,50000,
83,29,40.0,fit,1240,APsimfit10000led_npsclean,clean,likelihood,,5.6514413646028794e-05,4.968235578806636e-07,0.7872,0.00187074493560519,50000,
83,7,1.8,fit,1256,APsimfit10000led_npsclean,clean,likelihood,,0.00010792978245181439,7.298345786205531e-07,0.5936,0.002748127217654802,50000,
83,11,3.0,fit,1255,APsimfit10000led_npsclean,clean,likelihood,,8.904738202778881e-05,6.456141080792171e-07,0.6647,0.0024310025237059395,50000,
83,17,6.0,fit,1247,APsimfit10000led_npsclean,clean,likelihood,,7.27941765995136e-05,5.663022597054093e-07,0.7259,0.0021323608101130698,50000,
83,19,8.0,fit,1247,APsimfit10000led_npsclean,clean,likelihood,,6.419484993664513e-05,5.331601610029497e-07,0.75828,0.002007567184047041,50000,
83,23,20.0,fit,1244,APsimfit10000led_npsclean,clean,likelihood,,6.10557504568704e-05,5.13159220468589e-07,0.7701,0.0019322554207087507,50000,
83,25,26.0,fit,1243,APsimfit10000led_npsclean,clean,likelihood,,6.0492730922426875e-05,5.120962948581143e-07,0.77222,0.0019282530688251103,50000,
83,21,10.0,fit,1246,APsimfit10000led_npsclean,clean,likelihood,,6.412048886605823e-05,5.27132131664506e-07,0.75856,0.0019848691755132313,50000,
83,9,2.0,fit,1256,APsimfit10000led_npsclean,clean,likelihood,,0.00010198620830990593,7.010401268496831e-07,0.61598,0.0026397042695690317,50000,
83,15,5.0,fit,1248,APsimfit10000led_npsclean,clean,likelihood,,7.615104778600704e-05,5.821859467830859e-07,0.71326,0.002192169421617033,50000,
83,13,4.0,fit,1254,APsimfit10000led_npsclean,clean,likelihood,,8.085172974810625e-05,6.08419305904286e-07,0.69556,0.002290948803032125,50000,
83,27,30.0,fit,1241,APsimfit10000led_npsclean,clean,likelihood,,5.957384055017471e-05,5.088205844499851e-07,0.77568,0.0019159186725201975,50000,
83,7,1.8,fit,1257,APsimfit10000led_npsclean,clean,likelihood,,0.00010694184251401728,7.13918535148431e-07,0.59732,0.0026881967710242977,50000,
83,29,40.0,fit,1241,APsimfit10000led_npsclean,clean,likelihood,,5.608949324267521e-05,4.961730892321387e-07,0.7888,0.0018682956537410436,50000,
83,11,3.0,fit,1256,APsimfit10000led_npsclean,clean,likelihood,,8.966882811769345e-05,6.466106012589404e-07,0.66236,0.002434754730177961,50000,
83,19,8.0,fit,1248,APsimfit10000led_npsclean,clean,likelihood,,6.458258980470526e-05,5.342967122173982e-07,0.75682,0.0020118467665965383,50000,
83,17,6.0,fit,1248,APsimfit10000led_npsclean,clean,likelihood,,7.263483144825598e-05,5.666853644270545e-07,0.7265,0.002133803356881346,50000,
83,23,20.0,fit,1245,APsimfit10000led_npsclean,clean,likelihood,,6.07636176795648e-05,5.120053428534559e-07,0.7712,0.001927910597137931,50000,
83,25,26.0,fit,1244,APsimfit10000led_npsclean,clean,likelihood,,6.045023888209153e-05,5.114406285867339e-07,0.77238,0.0019257842157742117,50000,
83,21,10.0,fit,1247,APsimfit10000led_npsclean,clean,likelihood,,6.268107099969792e-05,5.24340289939696e-07,0.76398,0.001974356743715554,50000,
83,9,2.0,fit,1257,APsimfit10000led_npsclean,clean,likelihood,,0.00010112043298807295,7.043591302771832e-07,0.61924,0.0026522016818892897,50000,
83,13,4.0,fit,1255,APsimfit10000led_npsclean,clean,likelihood,,8.141474928254977e-05,6.08787705269778e-07,0.69344,0.0022923359780892298,50000,
83,15,5.0,fit,1249,APsimfit10000led_npsclean,clean,likelihood,,7.56677008271923e-05,5.804928123927262e-07,0.71508,0.0021857940746033444,50000,
83,7,1.8,fit,1258,APsimfit10000led_npsclean,clean,likelihood,,0.0001059379680610944,7.226099754884197e-07,0.6011,0.00272092361688585,50000,
83,27,30.0,fit,1242,APsimfit10000led_npsclean,clean,likelihood,,5.980223526697729e-05,5.086841787308966e-07,0.77482,0.0019154050489125307,50000,
83,11,3.0,fit,1257,APsimfit10000led_npsclean,clean,likelihood,,8.920672717904639e-05,6.482727002986128e-07,0.6641,0.0024410132163379273,50000,
83,29,40.0,fit,1242,APsimfit10000led_npsclean,clean,likelihood,,5.6631266756951035e-05,4.970006844022499e-07,0.78676,0.0018714118897742564,50000,
83,19,8.0,fit,1249,APsimfit10000led_npsclean,clean,likelihood,,6.40779968257229e-05,5.310071119169283e-07,0.75872,0.00199946006913694,50000,
83,17,6.0,fit,1249,APsimfit10000led_npsclean,clean,likelihood,,7.261358542808832e-05,5.68767138042481e-07,0.72658,0.0021416420903438826,50000,
83,23,20.0,fit,1246,APsimfit10000led_npsclean,clean,likelihood,,6.190559126357759e-05,5.157823061190628e-07,0.7669,0.0019421324165122818,50000,
83,21,10.0,fit,1248,APsimfit10000led_npsclean,clean,likelihood,,6.329720558456063e-05,5.267302727850598e-07,0.76166,0.00198335601163115,50000,
83,9,2.0,fit,1258,APsimfit10000led_npsclean,clean,likelihood,,0.00010035557626203647,6.980854944304025e-07,0.62212,0.0026285788638847228,50000,
83,25,26.0,fit,1245,APsimfit10000led_npsclean,clean,likelihood,,6.0508665437552646e-05,5.111860443202867e-07,0.77216,0.0019248256013534855,50000,
83,13,4.0,fit,1256,APsimfit10000led_npsclean,clean,likelihood,,8.283823263378432e-05,6.17187016669594e-07,0.68808,0.002323962838399165,50000,
83,15,5.0,fit,1250,APsimfit10000led_npsclean,clean,likelihood,,7.623072036163583e-05,5.837247287946401e-07,0.71296,0.0021979635684714915,50000,
83,7,1.8,fit,1259,APsimfit10000led_npsclean,clean,likelihood,,0.00010722866378628096,7.233575652307826e-07,0.59624,0.0027237385995940006,50000,
83,11,3.0,fit,1258,APsimfit10000led_npsclean,clean,likelihood,,8.895708644207616e-05,6.47185213263316e-07,0.66504,0.002436918380592827,50000,
83,27,30.0,fit,1243,APsimfit10000led_npsclean,clean,likelihood,,5.950479098462977e-05,5.081665685737185e-07,0.77594,0.0019134560338853665,50000,
83,29,40.0,fit,1243,APsimfit10000led_npsclean,clean,likelihood,,5.641880655527423e-05,4.963720103663079e-07,0.78756,0.001869044673586075,50000,
83,19,8.0,fit,1250,APsimfit10000led_npsclean,clean,likelihood,,6.469413141058561e-05,5.332947081176413e-07,0.7564,0.002008073809245096,50000,
83,17,6.0,fit,1250,APsimfit10000led_npsclean,clean,likelihood,,7.297476777093889e-05,5.677831807082506e-07,0.72522,0.0021379370864835277,50000,
83,23,20.0,fit,1247,APsimfit10000led_npsclean,clean,likelihood,,6.110355400224767e-05,5.141007050624639e-07,0.76992,0.0019358004972414638,50000,
83,9,2.0,fit,1259,APsimfit10000led_npsclean,clean,likelihood,,0.00010115230201832448,7.070246373920294e-07,0.61912,0.0026622384119453064,50000,
83,21,10.0,fit,1249,APsimfit10000led_npsclean,clean,likelihood,,6.263326745432065e-05,5.230214890299095e-07,0.76416,0.0019693909161417195,50000,
83,25,26.0,fit,1246,APsimfit10000led_npsclean,clean,likelihood,,6.178342664761343e-05,5.158293274648012e-07,0.76736,0.0019423094712090847,50000,
83,13,4.0,fit,1257,APsimfit10000led_npsclean,clean,likelihood,,8.16909475447296e-05,6.166873192622033e-07,0.6924,0.002322081272238738,50000,
83,15,5.0,fit,1251,APsimfit10000led_npsclean,clean,likelihood,,7.610324424062977e-05,5.834195325536543e-07,0.71344,0.0021968143791604505,50000,
83,7,1.8,fit,1260,APsimfit10000led_npsclean,clean,likelihood,,0.00010743050097787391,7.167906897221732e-07,0.59548,0.0026990116137141727,50000,
83,11,3.0,fit,1259,APsimfit10000led_npsclean,clean,likelihood,,8.988659982441216e-05,6.503868243111701e-07,0.66154,0.00244897376234465,50000,
83,19,8.0,fit,1251,APsimfit10000led_npsclean,clean,likelihood,,6.437544110807038e-05,5.315778255742277e-07,0.7576,0.002001609040672484,50000,
83,27,30.0,fit,1244,APsimfit10000led_npsclean,clean,likelihood,,5.934013432833023e-05,5.083262707805846e-07,0.77656,0.001914057378346515,50000,
83,29,40.0,fit,1244,APsimfit10000led_npsclean,clean,likelihood,,5.5877033040998405e-05,4.947775620879026e-07,0.7896,0.0018630409203529653,50000,
83,17,6.0,fit,1251,APsimfit10000led_npsclean,clean,likelihood,,7.276230756926208e-05,5.660560852043704e-07,0.72602,0.0021314338619162934,50000,
83,23,20.0,fit,1248,APsimfit10000led_npsclean,clean,likelihood,,6.083266724510977e-05,5.137201806974366e-07,0.77094,0.0019343676665766181,50000,
83,21,10.0,fit,1250,APsimfit10000led_npsclean,clean,likelihood,,6.331845160472831e-05,5.245659114949105e-07,0.76158,0.0019752063016221506,50000,
83,9,2.0,fit,1260,APsimfit10000led_npsclean,clean,likelihood,,0.00010109918696790529,7.024875293422807e-07,0.61932,0.002645154334969231,50000,
83,13,4.0,fit,1258,APsimfit10000led_npsclean,clean,likelihood,,8.149973336322049e-05,6.083159229489668e-07,0.69312,0.0022905595237054433,50000,
83,15,5.0,fit,1252,APsimfit10000led_npsclean,clean,likelihood,,7.723990631960064e-05,5.86247009951192e-07,0.70916,0.0022074609939154864,50000,
83,7,1.8,fit,1261,APsimfit10000led_npsclean,clean,likelihood,,0.00010686748144343039,7.102201594365899e-07,0.5976,0.002674270866096589,50000,
83,25,26.0,fit,1247,APsimfit10000led_npsclean,clean,likelihood,,6.0837978750151666e-05,5.134014083868884e-07,0.77092,0.001933167357782661,50000,
83,11,3.0,fit,1260,APsimfit10000led_npsclean,clean,likelihood,,8.935013781517823e-05,6.437091417261445e-07,0.66356,0.0024238295422702146,50000,
83,19,8.0,fit,1252,APsimfit10000led_npsclean,clean,likelihood,,6.507655977360385e-05,5.336736797208208e-07,0.75496,0.0020095007931232567,50000,
83,17,6.0,fit,1252,APsimfit10000led_npsclean,clean,likelihood,,7.335719613395712e-05,5.66979318744e-07,0.72378,0.0021349102157269106,50000,
83,27,30.0,fit,1245,APsimfit10000led_npsclean,clean,likelihood,,5.9552594530007035e-05,5.076929348081389e-07,0.77576,0.0019116726080509127,50000,
83,29,40.0,fit,1245,APsimfit10000led_npsclean,clean,likelihood,,5.5983263141836794e-05,4.947495098330553e-07,0.7892,0.0018629352920814081,50000,
83,21,10.0,fit,1251,APsimfit10000led_npsclean,clean,likelihood,,6.285103916103936e-05,5.230664292231942e-07,0.76334,0.0019695601344439898,50000,
83,9,2.0,fit,1261,APsimfit10000led_npsclean,clean,likelihood,,0.0001008920382712704,6.980414965186459e-07,0.6201,0.00262841319365977,50000,
83,23,20.0,fit,1249,APsimfit10000led_npsclean,clean,likelihood,,6.077424068964865e-05,5.13004832083033e-07,0.77116,0.001931674084969304,50000,
83,13,4.0,fit,1259,APsimfit10000led_npsclean,clean,likelihood,,8.154222540355583e-05,6.08580909939204e-07,0.69296,0.0022915573086577153,50000,
83,15,5.0,fit,1253,APsimfit10000led_npsclean,clean,likelihood,,7.604481768516864e-05,5.8567071620484e-07,0.71366,0.0022052910110507288,50000,
83,7,1.8,fit,1262,APsimfit10000led_npsclean,clean,likelihood,,0.00010675593983755007,7.200090106155036e-07,0.59802,0.0027111299149034985,50000,
83,25,26.0,fit,1248,APsimfit10000led_npsclean,clean,likelihood,,6.077424068964865e-05,5.137595439178171e-07,0.77116,0.001934515885283255,50000,
83,11,3.0,fit,1261,APsimfit10000led_npsclean,clean,likelihood,,8.986004229920255e-05,6.449707072033005e-07,0.66164,0.002428579854911168,50000,
83,19,8.0,fit,1253,APsimfit10000led_npsclean,clean,likelihood,,6.38974056542976e-05,5.310800262895702e-07,0.7594,0.001999734621724451,50000,
83,17,6.0,fit,1253,APsimfit10000led_npsclean,clean,likelihood,,7.301725981127423e-05,5.689136975098688e-07,0.72506,0.0021421939469880207,50000,
83,27,30.0,fit,1246,APsimfit10000led_npsclean,clean,likelihood,,6.0816732729983996e-05,5.118902048148623e-07,0.771,0.0019274770550903007,50000,
83,29,40.0,fit,1246,APsimfit10000led_npsclean,clean,likelihood,,5.724208983677182e-05,4.99203736429696e-07,0.78446,0.0018797072863146306,50000,
83,21,10.0,fit,1252,APsimfit10000led_npsclean,clean,likelihood,,6.327595956439297e-05,5.263969220280419e-07,0.76174,0.001982100808993152,50000,
83,9,2.0,fit,1262,APsimfit10000led_npsclean,clean,likelihood,,0.00010056803646371328,6.95593174465131e-07,0.62132,0.002619194254642704,50000,
83,13,4.0,fit,1260,APsimfit10000led_npsclean,clean,likelihood,,8.205744139262208e-05,6.086235359944153e-07,0.69102,0.002291717813278816,50000,
83,23,20.0,fit,1250,APsimfit10000led_npsclean,clean,likelihood,,6.114604604258304e-05,5.135463171475138e-07,0.76976,0.001933712998837246,50000,
83,15,5.0,fit,1254,APsimfit10000led_npsclean,clean,likelihood,,7.580048845324032e-05,5.816974676331584e-07,0.71458,0.0021903300968076902,50000,
83,7,1.8,fit,1263,APsimfit10000led_npsclean,clean,likelihood,,0.00010690997348376577,7.102628160267589e-07,0.59744,0.002674431485694358,50000,
83,19,8.0,fit,1254,APsimfit10000led_npsclean,clean,likelihood,,6.434357207781889e-05,5.30243490356428e-07,0.75772,0.0019965847200429498,50000,
83,11,3.0,fit,1262,APsimfit10000led_npsclean,clean,likelihood,,8.963695908744193e-05,6.530704839482618e-07,0.66248,0.002459078844109278,50000,
83,25,26.0,fit,1249,APsimfit10000led_npsclean,clean,likelihood,,6.0460861892175354e-05,5.118957189819712e-07,0.77234,0.0019274978181962957,50000,
83,17,6.0,fit,1254,APsimfit10000led_npsclean,clean,likelihood,,7.290571820539391e-05,5.688389099941822e-07,0.72548,0.002141912341246912,50000,
83,29,40.0,fit,1247,APsimfit10000led_npsclean,clean,likelihood,,5.625946140401664e-05,4.959818897869925e-07,0.78816,0.001867575709229508,50000,
83,27,30.0,fit,1247,APsimfit10000led_npsclean,clean,likelihood,,5.9754431721599995e-05,5.08902261602834e-07,0.775,0.0019162262205774968,50000,
83,9,2.0,fit,1263,APsimfit10000led_npsclean,clean,likelihood,,0.00010109387546286335,7.032592642986861e-07,0.61934,0.002648060234334155,50000,
83,21,10.0,fit,1253,APsimfit10000led_npsclean,clean,likelihood,,6.25217258484403e-05,5.21686737093811e-07,0.76458,0.0019643650263964805,50000,
83,15,5.0,fit,1255,APsimfit10000led_npsclean,clean,likelihood,,7.640600002801919e-05,5.825248689205876e-07,0.7123,0.002193445602792902,50000,
83,13,4.0,fit,1261,APsimfit10000led_npsclean,clean,likelihood,,8.193527677665792e-05,6.091890001282202e-07,0.69148,0.0022938470182003665,50000,
83,7,1.8,fit,1264,APsimfit10000led_npsclean,clean,likelihood,,0.00010663908672662784,7.20930661536188e-07,0.59846,0.002714600309503185,50000,
83,23,20.0,fit,1251,APsimfit10000led_npsclean,clean,likelihood,,6.0822044235025915e-05,5.136038676751024e-07,0.77098,0.001933929700232178,50000,
83,19,8.0,fit,1255,APsimfit10000led_npsclean,clean,likelihood,,6.475255796604673e-05,5.33517129136825e-07,0.75618,0.0020089113158178215,50000,
83,11,3.0,fit,1263,APsimfit10000led_npsclean,clean,likelihood,,8.861183861435135e-05,6.465988155821325e-07,0.66634,0.0024347103522597818,50000,
83,17,6.0,fit,1255,APsimfit10000led_npsclean,clean,likelihood,,7.3298769578496e-05,5.698850724688545e-07,0.724,0.0021458515730330657,50000,
83,25,26.0,fit,1250,APsimfit10000led_npsclean,clean,likelihood,,6.0837978750151666e-05,5.124516210788359e-07,0.77092,0.00192959101811789,50000,
83,29,40.0,fit,1248,APsimfit10000led_npsclean,clean,likelihood,,5.621696936368127e-05,4.956738845826486e-07,0.78832,0.001866415943016681,50000,
83,27,30.0,fit,1248,APsimfit10000led_npsclean,clean,likelihood,,5.9616332590510084e-05,5.095856773929788e-07,0.77552,0.0019187995619741483,50000,
83,9,2.0,fit,1264,APsimfit10000led_npsclean,clean,likelihood,,0.000100653020544384,6.997094813685486e-07,0.621,0.0026346938423148633,50000,
83,21,10.0,fit,1254,APsimfit10000led_npsclean,clean,likelihood,,6.281917013078783e-05,5.234602751845936e-07,0.76346,0.001971043126395578,50000,
83,13,4.0,fit,1262,APsimfit10000led_npsclean,clean,likelihood,,8.238675470522114e-05,6.131727940332789e-07,0.68978,0.0023088476399586717,50000,
83,7,1.8,fit,1265,APsimfit10000led_npsclean,clean,likelihood,,0.00010666033274679552,7.201228684323568e-07,0.59838,0.002711558636389987,50000,
83,15,5.0,fit,1256,APsimfit10000led_npsclean,clean,likelihood,,7.738331695573247e-05,5.878191401720683e-07,0.70862,0.0022133807104872246,50000,
83,19,8.0,fit,1256,APsimfit10000led_npsclean,clean,likelihood,,6.58361049945984e-05,5.362809040530742e-07,0.7521,0.0020193180645432266,50000,
83,23,20.0,fit,1252,APsimfit10000led_npsclean,clean,likelihood,,6.110355400224767e-05,5.134884560680998e-07,0.76992,0.0019334951280870266,50000,
83,11,3.0,fit,1264,APsimfit10000led_npsclean,clean,likelihood,,8.924390771433984e-05,6.48435288226846e-07,0.66396,0.0024416254267263203,50000,
83,17,6.0,fit,1256,APsimfit10000led_npsclean,clean,likelihood,,7.418047941545472e-05,5.706846370908676e-07,0.72068,0.0021488622625295555,50000,
83,25,26.0,fit,1251,APsimfit10000led_npsclean,clean,likelihood,,6.0593649518223366e-05,5.125510224956668e-07,0.77184,0.0019299653053153844,50000,
83,29,40.0,fit,1249,APsimfit10000led_npsclean,clean,likelihood,,5.59301480914176e-05,4.946738191276518e-07,0.7894,0.0018626502854597212,50000,
83,9,2.0,fit,1265,APsimfit10000led_npsclean,clean,likelihood,,0.0001008176772006835,6.983916061944557e-07,0.62038,0.002629731500516477,50000,
83,27,30.0,fit,1249,APsimfit10000led_npsclean,clean,likelihood,,5.9669447640929276e-05,5.087511662791452e-07,0.77532,0.0019156572845697316,50000,
83,21,10.0,fit,1255,APsimfit10000led_npsclean,clean,likelihood,,6.351497729127937e-05,5.268491111201851e-07,0.76084,0.0019838034868163846,50000,
83,13,4.0,fit,1263,APsimfit10000led_npsclean,clean,likelihood,,8.122353510104063e-05,6.097095321352458e-07,0.69416,0.0022958070351933556,50000,
83,7,1.8,fit,1266,APsimfit10000led_npsclean,clean,likelihood,,0.00010679312037284352,7.173793653017234e-07,0.59788,0.002701228219270994,50000,
83,15,5.0,fit,1257,APsimfit10000led_npsclean,clean,likelihood,,7.670344431036671e-05,5.88442193273265e-07,0.71118,0.0022157267615453688,50000,
83,19,8.0,fit,1257,APsimfit10000led_npsclean,clean,likelihood,,6.447104819882495e-05,5.327886013848411e-07,0.75724,0.0020061681093396797,50000,
83,11,3.0,fit,1265,APsimfit10000led_npsclean,clean,likelihood,,8.850560851351296e-05,6.412087759402983e-07,0.66674,0.00241441463720616,50000,
83,23,20.0,fit,1253,APsimfit10000led_npsclean,clean,likelihood,,6.0476796407301125e-05,5.116133974174756e-07,0.77228,0.0019264347614458364,50000,
83,17,6.0,fit,1257,APsimfit10000led_npsclean,clean,likelihood,,7.326158904320255e-05,5.703048052049706e-07,0.72414,0.0021474320393333078,50000,
83,25,26.0,fit,1252,APsimfit10000led_npsclean,clean,likelihood,,6.072643714427135e-05,5.127618888690698e-07,0.77134,0.0019307593038967235,50000,
83,9,2.0,fit,1266,APsimfit10000led_npsclean,clean,likelihood,,0.00010036619927212032,7.034030163345301e-07,0.62208,0.0026486015198444184,50000,
83,29,40.0,fit,1250,APsimfit10000led_npsclean,clean,likelihood,,5.606293571746559e-05,4.955405399532511e-07,0.7889,0.0018659138456700907,50000,
83,27,30.0,fit,1250,APsimfit10000led_npsclean,clean,likelihood,,5.985003881235456e-05,5.09168025377949e-07,0.77464,0.0019172269304441637,50000,
83,21,10.0,fit,1256,APsimfit10000led_npsclean,clean,likelihood,,6.439137562319616e-05,5.281827069127787e-07,0.75754,0.001988825023206046,50000,
83,13,4.0,fit,1264,APsimfit10000led_npsclean,clean,likelihood,,8.1398814767424e-05,6.087229676133523e-07,0.6935,0.0022920922141996553,50000,
83,7,1.8,fit,1267,APsimfit10000led_npsclean,clean,likelihood,,0.00010732958238207745,7.211141746358756e-07,0.59586,0.002715291311764274,50000,
83,15,5.0,fit,1258,APsimfit10000led_npsclean,clean,likelihood,,7.59810796246656e-05,5.80334072782924e-07,0.7139,0.0021851963547158573,50000,
83,19,8.0,fit,1258,APsimfit10000led_npsclean,clean,likelihood,,6.433826057277697e-05,5.338186394185735e-07,0.75774,0.0020100466259770663,50000,
83,11,3.0,fit,1266,APsimfit10000led_npsclean,clean,likelihood,,8.938200684542975e-05,6.513749436167066e-07,0.66344,0.002452694437737926,50000,
83,23,20.0,fit,1254,APsimfit10000led_npsclean,clean,likelihood,,6.0269647710666245e-05,5.120659299522989e-07,0.77306,0.001928138732471946,50000,
83,17,6.0,fit,1258,APsimfit10000led_npsclean,clean,likelihood,,7.303850583144193e-05,5.697796287186225e-07,0.72498,0.002145454533966361,50000,
83,25,26.0,fit,1253,APsimfit10000led_npsclean,clean,likelihood,,6.014217158966016e-05,5.101285032927169e-07,0.77354,0.0019208435246380407,50000,
83,9,2.0,fit,1267,APsimfit10000led_npsclean,clean,likelihood,,0.00010100357987715071,6.961984486648915e-07,0.61968,0.0026214733608281773,50000,
83,29,40.0,fit,1251,APsimfit10000led_npsclean,clean,likelihood,,5.597795163679487e-05,4.945753406826149e-07,0.78922,0.0018622794736304572,50000,
83,27,30.0,fit,1251,APsimfit10000led_npsclean,clean,likelihood,,5.9478233459420174e-05,5.078451500065613e-07,0.77604,0.0019122457608474219,50000,
83,21,10.0,fit,1257,APsimfit10000led_npsclean,clean,likelihood,,6.34193702005248e-05,5.276462083321385e-07,0.7612,0.001986804885499667,50000,
83,13,4.0,fit,1265,APsimfit10000led_npsclean,clean,likelihood,,8.08411067380224e-05,6.076313880541615e-07,0.6956,0.00228798196841969,50000,
83,7,1.8,fit,1268,APsimfit10000led_npsclean,clean,likelihood,,0.00010763233816946686,7.145229241358501e-07,0.59472,0.0026904725440214015,50000,
83,15,5.0,fit,1259,APsimfit10000led_npsclean,clean,likelihood,,7.659721420952831e-05,5.837854732077977e-07,0.71158,0.0021981922961585715,50000,
83,19,8.0,fit,1259,APsimfit10000led_npsclean,clean,likelihood,,6.531557750049025e-05,5.347789749926081e-07,0.75406,0.002013662684199567,50000,
83,11,3.0,fit,1267,APsimfit10000led_npsclean,clean,likelihood,,8.95838440370227e-05,6.466720363282339e-07,0.66268,0.002434986058469316,50000,
83,23,20.0,fit,1255,APsimfit10000led_npsclean,clean,likelihood,,6.104512744678655e-05,5.133978375726509e-07,0.77014,0.001933153912199124,50000,
83,17,6.0,fit,1259,APsimfit10000led_npsclean,clean,likelihood,,7.339968817429246e-05,5.697185585728367e-07,0.72362,0.00214522457976203,50000,
83,25,26.0,fit,1254,APsimfit10000led_npsclean,clean,likelihood,,6.0051876003947514e-05,5.111530592160828e-07,0.77388,0.0019247013988762456,50000,
83,9,2.0,fit,1268,APsimfit10000led_npsclean,clean,likelihood,,0.00010140725426033662,7.023805189831602e-07,0.61816,0.002644751396976041,50000,
83,29,40.0,fit,1252,APsimfit10000led_npsclean,clean,likelihood,,5.6286018929226245e-05,4.962888215808586e-07,0.78806,0.0018687314336106153,50000,
83,13,4.0,fit,1266,APsimfit10000led_npsclean,clean,likelihood,,8.160065195901696e-05,6.098610389789672e-07,0.69274,0.002296377520743217,50000,
83,7,1.8,fit,1269,APsimfit10000led_npsclean,clean,likelihood,,0.00010652754512074752,7.075345749663551e-07,0.59888,0.002664158536543894,50000,
83,27,30.0,fit,1252,APsimfit10000led_npsclean,clean,likelihood,,5.9897842357731825e-05,5.090723853826908e-07,0.77446,0.0019168668065451806,50000,
83,21,10.0,fit,1258,APsimfit10000led_npsclean,clean,likelihood,,6.282979314087168e-05,5.250859669998807e-07,0.76342,0.0019771645243890153,50000,
83,11,3.0,fit,1268,APsimfit10000led_npsclean,clean,likelihood,,9.001938745046016e-05,6.496903402928371e-07,0.66104,0.002446351213696626,50000,
83,15,5.0,fit,1260,APsimfit10000led_npsclean,clean,likelihood,,7.639006551289344e-05,5.854108900329278e-07,0.71236,0.0022043126587010216,50000,
83,19,8.0,fit,1260,APsimfit10000led_npsclean,clean,likelihood,,6.464632786520831e-05,5.324410729803813e-07,0.75658,0.0020048595220307458,50000,
83,23,20.0,fit,1256,APsimfit10000led_npsclean,clean,likelihood,,6.239424972743425e-05,5.187591603221254e-07,0.76506,0.0019533414963477267,50000,
83,17,6.0,fit,1260,APsimfit10000led_npsclean,clean,likelihood,,7.319253947765759e-05,5.679124135841579e-07,0.7244,0.0021384237013879186,50000,
83,9,2.0,fit,1269,APsimfit10000led_npsclean,clean,likelihood,,0.00010044056034270719,6.93719988276278e-07,0.6218,0.002612140938589837,50000,
83,25,26.0,fit,1255,APsimfit10000led_npsclean,clean,likelihood,,6.086453627536129e-05,5.125231563570549e-07,0.77082,0.0019298603778479643,50000,
83,29,40.0,fit,1253,APsimfit10000led_npsclean,clean,likelihood,,5.581329498049536e-05,4.950949539011062e-07,0.78984,0.0018642360310069086,50000,
83,13,4.0,fit,1267,APsimfit10000led_npsclean,clean,likelihood,,8.197245731195136e-05,6.14163623853738e-07,0.69134,0.0023125785215549017,50000,
83,7,1.8,fit,1270,APsimfit10000led_npsclean,clean,likelihood,,0.00010661252920141824,7.251732805124778e-07,0.59856,0.002730575514055589,50000,
83,21,10.0,fit,1259,APsimfit10000led_npsclean,clean,likelihood,,6.37646180282496e-05,5.268381588703025e-07,0.7599,0.0019837622470931945,50000,
83,27,30.0,fit,1253,APsimfit10000led_npsclean,clean,likelihood,,5.9441052924126726e-05,5.080783340780951e-07,0.77618,0.0019131237947368502,50000,
83,11,3.0,fit,1269,APsimfit10000led_npsclean,clean,likelihood,,8.923328470425598e-05,6.501633573870495e-07,0.664,0.002448132317509874,50000,
83,19,8.0,fit,1261,APsimfit10000led_npsclean,clean,likelihood,,6.447635970386688e-05,5.308308051384088e-07,0.75722,0.0019987962016375094,50000,
83,15,5.0,fit,1261,APsimfit10000led_npsclean,clean,likelihood,,7.652816464398335e-05,5.865619908530527e-07,0.71184,0.002208647026497117,50000,
83,23,20.0,fit,1257,APsimfit10000led_npsclean,clean,likelihood,,6.17250000921523e-05,5.16909407543288e-07,0.76758,0.0019463764167168553,50000,
83,17,6.0,fit,1261,APsimfit10000led_npsclean,clean,likelihood,,7.296414476085504e-05,5.700504672714396e-07,0.72526,0.0021464743524572767,50000,
83,9,2.0,fit,1270,APsimfit10000led_npsclean,clean,likelihood,,0.00010067426656455167,6.981586729875061e-07,0.62092,0.0026288544112353365,50000,
83,25,26.0,fit,1256,APsimfit10000led_npsclean,clean,likelihood,,6.204369039466753e-05,5.178086182767729e-07,0.76638,0.0019497623147867545,50000,
83,13,4.0,fit,1268,APsimfit10000led_npsclean,clean,likelihood,,8.25142308262272e-05,6.071425453020843e-07,0.6893,0.0022861412744987803,50000,
83,7,1.8,fit,1271,APsimfit10000led_npsclean,clean,likelihood,,0.00010598577160647168,7.145648920647807e-07,0.60092,0.0026906305705265044,50000,
83,29,40.0,fit,1254,APsimfit10000led_npsclean,clean,likelihood,,5.560614628386048e-05,4.944877031368904e-07,0.79062,0.0018619494822437117,50000,
83,11,3.0,fit,1270,APsimfit10000led_npsclean,clean,likelihood,,8.967945112777727e-05,6.54922283476708e-07,0.66232,0.0024660516305938292,50000,
83,21,10.0,fit,1260,APsimfit10000led_npsclean,clean,likelihood,,6.333969762489601e-05,5.25289178392235e-07,0.7615,0.0019779296988198048,50000,
83,27,30.0,fit,1254,APsimfit10000led_npsclean,clean,likelihood,,5.8931148440102395e-05,5.067591650129259e-07,0.7781,0.0019081565809066536,50000,
83,19,8.0,fit,1262,APsimfit10000led_npsclean,clean,likelihood,,6.561833328787967e-05,5.346526410668866e-07,0.75292,0.002013186985034361,50000,
83,15,5.0,fit,1262,APsimfit10000led_npsclean,clean,likelihood,,7.71761682590976e-05,5.836082686882667e-07,0.7094,0.002197525048295179,50000,
83,23,20.0,fit,1258,APsimfit10000led_npsclean,clean,likelihood,,6.043430436696575e-05,5.119860184972606e-07,0.77244,0.0019278378329927676,50000,
83,17,6.0,fit,1262,APsimfit10000led_npsclean,clean,likelihood,,7.370775546672384e-05,5.679169734618686e-07,0.72246,0.0021384408712020286,50000,
83,9,2.0,fit,1271,APsimfit10000led_npsclean,clean,likelihood,,9.964383458641919e-05,6.929059407062614e-07,0.6248,0.00260907571484029,50000,
83,25,26.0,fit,1257,APsimfit10000led_npsclean,clean,likelihood,,6.151253989047554e-05,5.161349936198392e-07,0.76838,0.0019434604299397107,50000,
83,13,4.0,fit,1269,APsimfit10000led_npsclean,clean,likelihood,,8.215304848337663e-05,6.047236708916556e-07,0.69066,0.002277033217963624,50000,
83,7,1.8,fit,1272,APsimfit10000led_npsclean,clean,likelihood,,0.00010687810445351424,7.151078709724957e-07,0.59756,0.0026926751093283305,50000,
83,29,40.0,fit,1255,APsimfit10000led_npsclean,clean,likelihood,,5.6408183545190405e-05,4.961232677971076e-07,0.7876,0.0018681080555569582,50000,
83,21,10.0,fit,1261,APsimfit10000led_npsclean,clean,likelihood,,6.323877902909952e-05,5.238337058321158e-07,0.76188,0.0019724492462978465,50000,
83,11,3.0,fit,1271,APsimfit10000led_npsclean,clean,likelihood,,8.837282088746494e-05,6.44840147094415e-07,0.66724,0.002428088242428999,50000,
83,27,30.0,fit,1255,APsimfit10000led_npsclean,clean,likelihood,,5.981285827706111e-05,5.080257608194376e-07,0.77478,0.0019129258348055589,50000,
83,19,8.0,fit,1263,APsimfit10000led_npsclean,clean,likelihood,,6.457727829966337e-05,5.339692623105603e-07,0.75684,0.0020106137830852603,50000,
83,15,5.0,fit,1263,APsimfit10000led_npsclean,clean,likelihood,,7.592796457424641e-05,5.820051911609572e-07,0.7141,0.0021914888023925297,50000,
83,9,2.0,fit,1272,APsimfit10000led_npsclean,clean,likelihood,,0.0001008176772006835,6.936091640938572e-07,0.62038,0.002611723639984089,50000,
83,17,6.0,fit,1263,APsimfit10000led_npsclean,clean,likelihood,,7.286853767010047e-05,5.685918954016583e-07,0.72562,0.0021409822297603397,50000,
83,23,20.0,fit,1259,APsimfit10000led_npsclean,clean,likelihood,,6.136381774930177e-05,5.147490073461003e-07,0.76894,0.0019382416218512303,50000,
83,13,4.0,fit,1270,APsimfit10000led_npsclean,clean,likelihood,,8.191934226153214e-05,6.099112230112704e-07,0.69154,0.002296566484255092,50000,
83,7,1.8,fit,1273,APsimfit10000led_npsclean,clean,likelihood,,0.00010573613086950145,7.290351516692776e-07,0.60186,0.0027451170465452347,50000,
83,25,26.0,fit,1258,APsimfit10000led_npsclean,clean,likelihood,,5.99403343980672e-05,5.105507406990127e-07,0.7743,0.0019224334220511597,50000,
83,11,3.0,fit,1272,APsimfit10000led_npsclean,clean,likelihood,,8.895708644207616e-05,6.4836279606404e-07,0.66504,0.002441352463932408,50000,
83,29,40.0,fit,1256,APsimfit10000led_npsclean,clean,likelihood,,5.7576714654412795e-05,5.008823458259858e-07,0.7832,0.0018860279407545365,50000,
83,21,10.0,fit,1262,APsimfit10000led_npsclean,clean,likelihood,,6.418422692656128e-05,5.273688936851398e-07,0.75832,0.0019857606818518875,50000,
83,19,8.0,fit,1264,APsimfit10000led_npsclean,clean,likelihood,,6.468350840050176e-05,5.343047026602074e-07,0.75644,0.0020118768538985223,50000,
83,27,30.0,fit,1256,APsimfit10000led_npsclean,clean,likelihood,,6.103450443670273e-05,5.132680634811223e-07,0.77018,0.0019326652593954293,50000,
83,15,5.0,fit,1264,APsimfit10000led_npsclean,clean,likelihood,,7.585891500870143e-05,5.844232381481719e-07,0.71436,0.002200593743339138,50000,
83,9,2.0,fit,1273,APsimfit10000led_npsclean,clean,likelihood,,9.984567177801214e-05,6.987339178526782e-07,0.62404,0.002631020444631265,50000,
83,23,20.0,fit,1260,APsimfit10000led_npsclean,clean,likelihood,,6.096545487115775e-05,5.140193890360041e-07,0.77044,0.0019354943089734756,50000,
83,17,6.0,fit,1264,APsimfit10000led_npsclean,clean,likelihood,,7.269325800371711e-05,5.679599427490951e-07,0.72628,0.0021386026682327663,50000,
83,13,4.0,fit,1271,APsimfit10000led_npsclean,clean,likelihood,,8.126602714137601e-05,6.05996249200192e-07,0.694,0.0022818249984420114,50000,
83,7,1.8,fit,1274,APsimfit10000led_npsclean,clean,likelihood,,0.00010622478933335808,7.139525911541652e-07,0.60002,0.0026883250058860383,50000,
83,25,26.0,fit,1259,APsimfit10000led_npsclean,clean,likelihood,,6.109824249720576e-05,5.142406375851564e-07,0.76994,0.0019363274007145404,50000,
83,11,3.0,fit,1273,APsimfit10000led_npsclean,clean,likelihood,,8.8436558947968e-05,6.443737107622424e-07,0.667,0.0024263319178901297,50000,
83,29,40.0,fit,1257,APsimfit10000led_npsclean,clean,likelihood,,5.7024318130053125e-05,4.992901166739253e-07,0.78528,0.0018800325434443802,50000,
83,21,10.0,fit,1263,APsimfit10000led_npsclean,clean,likelihood,,6.31537949484288e-05,5.237505831554188e-07,0.7622,0.0019721362552490157,50000,
83,19,8.0,fit,1265,APsimfit10000led_npsclean,clean,likelihood,,6.455603227949567e-05,5.314792838565879e-07,0.75692,0.00200123799059586,50000,
83,27,30.0,fit,1257,APsimfit10000led_npsclean,clean,likelihood,,6.0668010588810234e-05,5.118122275870155e-07,0.77156,0.0019271834387716443,50000,
83,15,5.0,fit,1265,APsimfit10000led_npsclean,clean,likelihood,,7.570488136248575e-05,5.83795909738086e-07,0.71494,0.0021982315939854807,50000,
83,9,2.0,fit,1274,APsimfit10000led_npsclean,clean,likelihood,,9.983504876792833e-05,6.986243420781165e-07,0.62408,0.002630607846794317,50000,
83,23,20.0,fit,1261,APsimfit10000led_npsclean,clean,likelihood,,6.0822044235025915e-05,5.124120158724289e-07,0.77098,0.0019294418882343848,50000,
83,17,6.0,fit,1265,APsimfit10000led_npsclean,clean,likelihood,,7.278355358942975e-05,5.692148176394513e-07,0.72594,0.0021433277880639717,50000,
83,13,4.0,fit,1272,APsimfit10000led_npsclean,clean,likelihood,,8.186622721111295e-05,6.125519383518889e-07,0.69174,0.002306509863089442,50000,
83,7,1.8,fit,1275,APsimfit10000led_npsclean,clean,likelihood,,0.00010633101943419646,7.179536048134985e-07,0.59962,0.00270339046709809,50000,
83,11,3.0,fit,1274,APsimfit10000led_npsclean,clean,likelihood,,8.787353941352446e-05,6.44353910793523e-07,0.66912,0.002426257362868293,50000,
83,25,26.0,fit,1260,APsimfit10000led_npsclean,clean,likelihood,,6.077955219469054e-05,5.130235597086077e-07,0.77114,0.0019317446021783692,50000,
83,29,40.0,fit,1258,APsimfit10000led_npsclean,clean,likelihood,,5.548929317293824e-05,4.937690725081057e-07,0.79106,0.001859243542503043,50000,
83,21,10.0,fit,1264,APsimfit10000led_npsclean,clean,likelihood,,6.284572765599743e-05,5.249188857225558e-07,0.76336,0.0019765353946941126,50000,
83,19,8.0,fit,1266,APsimfit10000led_npsclean,clean,likelihood,,6.47738039862144e-05,5.33170884399147e-07,0.7561,0.002007607562042026,50000,
83,27,30.0,fit,1258,APsimfit10000led_npsclean,clean,likelihood,,5.915423165186305e-05,5.081821179767267e-07,0.77726,0.0019135145837799275,50000,
83,9,2.0,fit,1275,APsimfit10000led_npsclean,clean,likelihood,,0.00010078049666539008,6.98185409824452e-07,0.62052,0.002628955086417737,50000,
83,15,5.0,fit,1266,APsimfit10000led_npsclean,clean,likelihood,,7.640600002801919e-05,5.83461571567527e-07,0.7123,0.0021969726733295832,50000,
83,23,20.0,fit,1262,APsimfit10000led_npsclean,clean,likelihood,,6.192152577870336e-05,5.161686394786234e-07,0.76684,0.001943587120429576,50000,
83,13,4.0,fit,1273,APsimfit10000led_npsclean,clean,likelihood,,8.063926954642945e-05,6.072503273503903e-07,0.69636,0.002286547118218989,50000,
83,17,6.0,fit,1266,APsimfit10000led_npsclean,clean,likelihood,,7.322972001295103e-05,5.706596419085153e-07,0.72426,0.00214876814539268,50000,
83,7,1.8,fit,1276,APsimfit10000led_npsclean,clean,likelihood,,0.00010693653100897536,7.168513185117094e-07,0.59734,0.0026992399060307864,50000,
83,11,3.0,fit,1275,APsimfit10000led_npsclean,clean,likelihood,,8.861715011939327e-05,6.435393987171269e-07,0.66632,0.0024231903900612723,50000,
83,25,26.0,fit,1261,APsimfit10000led_npsclean,clean,likelihood,,6.043430436696575e-05,5.113300704203196e-07,0.77244,0.0019253679188280851,50000,
83,29,40.0,fit,1259,APsimfit10000led_npsclean,clean,likelihood,,5.645598709056768e-05,4.969866315069569e-07,0.78742,0.0018713589748464456,50000,
83,21,10.0,fit,1265,APsimfit10000led_npsclean,clean,likelihood,,6.289884270641664e-05,5.236125001507199e-07,0.76316,0.0019716163159715075,50000,
83,19,8.0,fit,1267,APsimfit10000led_npsclean,clean,likelihood,,6.45082287341184e-05,5.319113025934922e-07,0.7571,0.002002864718739746,50000,
83,27,30.0,fit,1259,APsimfit10000led_npsclean,clean,likelihood,,6.0009383963612174e-05,5.105972524369367e-07,0.77404,0.0019226085578650462,50000,
83,9,2.0,fit,1276,APsimfit10000led_npsclean,clean,likelihood,,0.00010114167900824062,7.015418211494475e-07,0.61916,0.002641593354850152,50000,
83,15,5.0,fit,1267,APsimfit10000led_npsclean,clean,likelihood,,7.637944250280959e-05,5.821964672361011e-07,0.7124,0.0021922090354475087,50000,
83,13,4.0,fit,1274,APsimfit10000led_npsclean,clean,likelihood,,8.040025181954304e-05,6.036282530609004e-07,0.69726,0.0022729085195133366,50000,
83,23,20.0,fit,1263,APsimfit10000led_npsclean,clean,likelihood,,6.0938897345948156e-05,5.118067250712084e-07,0.77054,0.0019271627195375902,50000,
83,17,6.0,fit,1267,APsimfit10000led_npsclean,clean,likelihood,,7.285260315497472e-05,5.673822815540153e-07,0.72568,0.0021364275363614012,50000,
83,7,1.8,fit,1277,APsimfit10000led_npsclean,clean,likelihood,,0.00010751548505854463,7.203207691141098e-07,0.59516,0.002712303813812172,50000,
83,11,3.0,fit,1276,APsimfit10000led_npsclean,clean,likelihood,,8.95838440370227e-05,6.415818246807341e-07,0.66268,0.0024158193190712495,50000,
83,29,40.0,fit,1260,APsimfit10000led_npsclean,clean,likelihood,,5.620634635359745e-05,4.958690746390763e-07,0.78836,0.0018671509138202,50000,
83,25,26.0,fit,1262,APsimfit10000led_npsclean,clean,likelihood,,6.176749213248768e-05,5.155786032452291e-07,0.76742,0.0019413653914516782,50000,
83,19,8.0,fit,1268,APsimfit10000led_npsclean,clean,likelihood,,6.532088900553214e-05,5.343367315295795e-07,0.75404,0.0020119974557585196,50000,
83,21,10.0,fit,1266,APsimfit10000led_npsclean,clean,likelihood,,6.366901093749503e-05,5.254890417196459e-07,0.76026,0.0019786822664097196,50000,
83,9,2.0,fit,1277,APsimfit10000led_npsclean,clean,likelihood,,0.00010161971446201343,6.990361682307009e-07,0.61736,0.0026321585415572295,50000,
83,27,30.0,fit,1260,APsimfit10000led_npsclean,clean,likelihood,,5.971725118630654e-05,5.088854051962492e-07,0.77514,0.0019161627492771712,50000,
83,15,5.0,fit,1268,APsimfit10000led_npsclean,clean,likelihood,,7.693715053221118e-05,5.817297622665586e-07,0.7103,0.002190451699378507,50000,
83,13,4.0,fit,1275,APsimfit10000led_npsclean,clean,likelihood,,8.121822359599871e-05,6.06934204022067e-07,0.69418,0.002285356783932084,50000,
83,7,1.8,fit,1278,APsimfit10000led_npsclean,clean,likelihood,,0.00010727646733165823,7.19807896686313e-07,0.59606,0.002710372638283771,50000,
83,17,6.0,fit,1268,APsimfit10000led_npsclean,clean,likelihood,,7.368119794151424e-05,5.684880533592122e-07,0.72256,0.002140591221781898,50000,
83,23,20.0,fit,1264,APsimfit10000led_npsclean,clean,likelihood,,6.0508665437552646e-05,5.114897901108236e-07,0.77216,0.0019259693291223182,50000,
83,11,3.0,fit,1277,APsimfit10000led_npsclean,clean,likelihood,,8.952010597651968e-05,6.457727270044314e-07,0.66292,0.002431599789166341,50000,
83,29,40.0,fit,1261,APsimfit10000led_npsclean,clean,likelihood,,5.589827906116608e-05,4.950028707301636e-07,0.78952,0.001863889300013656,50000,
83,25,26.0,fit,1263,APsimfit10000led_npsclean,clean,likelihood,,6.07370601543552e-05,5.113303479985438e-07,0.7713,0.0019253689640242096,50000,
83,19,8.0,fit,1269,APsimfit10000led_npsclean,clean,likelihood,,6.490659161226239e-05,5.349981617734146e-07,0.7556,0.0020144880125352333,50000,
83,9,2.0,fit,1278,APsimfit10000led_npsclean,clean,likelihood,,0.00010099295686706686,7.072743970282933e-07,0.61972,0.0026631788596500256,50000,
83,21,10.0,fit,1267,APsimfit10000led_npsclean,clean,likelihood,,6.372743749295615e-05,5.253518584352133e-07,0.76004,0.001978165714948882,50000,
83,27,30.0,fit,1261,APsimfit10000led_npsclean,clean,likelihood,,5.971193968126465e-05,5.086808589909798e-07,0.77516,0.0019153925487270255,50000,
83,15,5.0,fit,1269,APsimfit10000led_npsclean,clean,likelihood,,7.682029742128895e-05,5.877620545893995e-07,0.71074,0.002213165759801051,50000,
83,13,4.0,fit,1276,APsimfit10000led_npsclean,clean,likelihood,,8.238675470522114e-05,6.113551944788095e-07,0.68978,0.002302003630435479,50000,
83,7,1.8,fit,1279,APsimfit10000led_npsclean,clean,likelihood,,0.0001076110921492992,7.141718856897616e-07,0.5948,0.0026891507399627855,50000,
83,17,6.0,fit,1269,APsimfit10000led_npsclean,clean,likelihood,,7.357496784067582e-05,5.699669361991526e-07,0.72296,0.0021461598236311615,50000,
83,23,20.0,fit,1265,APsimfit10000led_npsclean,clean,likelihood,,6.071581413418753e-05,5.119072700895848e-07,0.77138,0.0019275413128650287,50000,
83,11,3.0,fit,1278,APsimfit10000led_npsclean,clean,likelihood,,8.923859620929792e-05,6.495555647438034e-07,0.66398,0.002445843728349366,50000,
83,29,40.0,fit,1262,APsimfit10000led_npsclean,clean,likelihood,,5.693402254434048e-05,4.978855338758461e-07,0.78562,0.0018747437117968761,50000,
83,25,26.0,fit,1264,APsimfit10000led_npsclean,clean,likelihood,,6.02324671753728e-05,5.109291079991374e-07,0.7732,0.0019238581304798952,50000,
83,19,8.0,fit,1270,APsimfit10000led_npsclean,clean,likelihood,,6.510842880385537e-05,5.346480581535046e-07,0.75484,0.0020131697284814787,50000,
83,9,2.0,fit,1279,APsimfit10000led_npsclean,clean,likelihood,,0.00010155066489646849,7.060616072287544e-07,0.61762,0.002658612207486591,50000,
83,21,10.0,fit,1268,APsimfit10000led_npsclean,clean,likelihood,,6.408330833076479e-05,5.260785138779664e-07,0.7587,0.001980901871413078,50000,
83,15,5.0,fit,1270,APsimfit10000led_npsclean,clean,likelihood,,7.65919027044864e-05,5.850483406918506e-07,0.7116,0.0022029475113907364,50000,
83,27,30.0,fit,1262,APsimfit10000led_npsclean,clean,likelihood,,6.0678633598894085e-05,5.120109052328217e-07,0.77152,0.001927931541782893,50000,
83,13,4.0,fit,1277,APsimfit10000led_npsclean,clean,likelihood,,8.234957416992769e-05,6.092144768692827e-07,0.68992,0.002293942948603751,50000,
83,7,1.8,fit,1280,APsimfit10000led_npsclean,clean,likelihood,,0.0001074570585030835,7.166607799735654e-07,0.59538,0.0026985224501058073,50000,
83,17,6.0,fit,1270,APsimfit10000led_npsclean,clean,likelihood,,7.339437666925057e-05,5.694662241732734e-07,0.72364,0.002144274437015024,50000,
83,23,20.0,fit,1266,APsimfit10000led_npsclean,clean,likelihood,,6.119916109300223e-05,5.140830514268359e-07,0.76956,0.001935734024046056,50000,
83,11,3.0,fit,1279,APsimfit10000led_npsclean,clean,likelihood,,8.961571306727423e-05,6.466902438556607e-07,0.66256,0.002435054617295046,50000,
83,29,40.0,fit,1263,APsimfit10000led_npsclean,clean,likelihood,,5.645067558552575e-05,4.966655018483644e-07,0.78744,0.001870149789668015,50000,
83,19,8.0,fit,1271,APsimfit10000led_npsclean,clean,likelihood,,6.4136423381184e-05,5.310890105793748e-07,0.7585,0.001999768451268935,50000,
83,25,26.0,fit,1265,APsimfit10000led_npsclean,clean,likelihood,,6.043961587200768e-05,5.114583948804991e-07,0.77242,0.0019258511131738185,50000,
83,9,2.0,fit,1280,APsimfit10000led_npsclean,clean,likelihood,,0.00010082298870572544,7.020748622868855e-07,0.62036,0.0026436004738615475,50000,
83,21,10.0,fit,1269,APsimfit10000led_npsclean,clean,likelihood,,6.342468170556672e-05,5.258985376708664e-07,0.76118,0.00198022418700657,50000,
83,15,5.0,fit,1271,APsimfit10000led_npsclean,clean,likelihood,,7.596514510953983e-05,5.840172289463068e-07,0.71396,0.0021990649517869857,50000,
83,27,30.0,fit,1263,APsimfit10000led_npsclean,clean,likelihood,,5.981816978210304e-05,5.08128121430645e-07,0.77476,0.001913311264586382,50000,
83,13,4.0,fit,1278,APsimfit10000led_npsclean,clean,likelihood,,8.12978961716275e-05,6.109766233616032e-07,0.69388,0.002300578154551644,50000,
83,7,1.8,fit,1281,APsimfit10000led_npsclean,clean,likelihood,,0.00010728709034174208,7.138743109238183e-07,0.59602,0.0026880302486384064,50000,
83,17,6.0,fit,1271,APsimfit10000led_npsclean,clean,likelihood,,7.269325800371711e-05,5.65707074898882e-07,0.72628,0.002130119694640789,50000,
83,11,3.0,fit,1280,APsimfit10000led_npsclean,clean,likelihood,,8.868619968493825e-05,6.431474176481336e-07,0.66606,0.002421714420196235,50000,
83,23,20.0,fit,1267,APsimfit10000led_npsclean,clean,likelihood,,6.15337859106432e-05,5.144450224249729e-07,0.7683,0.0019370969936574197,50000,
83,29,40.0,fit,1264,APsimfit10000led_npsclean,clean,likelihood,,5.5786737455285766e-05,4.940723420975038e-07,0.78994,0.0018603854771788253,50000,
83,19,8.0,fit,1272,APsimfit10000led_npsclean,clean,likelihood,,6.464101636016639e-05,5.327286661647365e-07,0.7566,0.0020059424285970968,50000,
83,9,2.0,fit,1281,APsimfit10000led_npsclean,clean,likelihood,,0.00010095577633177344,6.958179874980991e-07,0.61986,0.002620040768130666,50000,
83,25,26.0,fit,1266,APsimfit10000led_npsclean,clean,likelihood,,6.10557504568704e-05,5.136861033569832e-07,0.7701,0.0019342393513808894,50000,
83,21,10.0,fit,1270,APsimfit10000led_npsclean,clean,likelihood,,6.380179856354305e-05,5.27484145107024e-07,0.75976,0.0019861946508342174,50000,
83,15,5.0,fit,1272,APsimfit10000led_npsclean,clean,likelihood,,7.623603186667775e-05,5.851982102830965e-07,0.71294,0.0022035118320119654,50000,
83,27,30.0,fit,1264,APsimfit10000led_npsclean,clean,likelihood,,5.9159543156904945e-05,5.073882573504254e-07,0.77724,0.0019105253721721594,50000,
83,13,4.0,fit,1279,APsimfit10000led_npsclean,clean,likelihood,,8.174937410019072e-05,6.109183822097813e-07,0.69218,0.0023003588526725634,50000,
83,7,1.8,fit,1282,APsimfit10000led_npsclean,clean,likelihood,,0.00010564052377874688,7.133806766078602e-07,0.60222,0.0026861715125097115,50000,
83,17,6.0,fit,1272,APsimfit10000led_npsclean,clean,likelihood,,7.2900406700352e-05,5.672513941568e-07,0.7255,0.002135934691504125,50000,
83,11,3.0,fit,1281,APsimfit10000led_npsclean,clean,likelihood,,8.995564938995712e-05,6.498085511060716e-07,0.66128,0.0024467963260039727,50000,
83,23,20.0,fit,1268,APsimfit10000led_npsclean,clean,likelihood,,6.166657353669119e-05,5.15190296678647e-07,0.7678,0.0019399032575987778,50000,
83,29,40.0,fit,1265,APsimfit10000led_npsclean,clean,likelihood,,5.602575518217217e-05,4.946288181437045e-07,0.78904,0.0018624808382556157,50000,
83,9,2.0,fit,1282,APsimfit10000led_npsclean,clean,likelihood,,9.99943939191859e-05,6.932990715795781e-07,0.62348,0.0026105560141912796,50000,
83,19,8.0,fit,1273,APsimfit10000led_npsclean,clean,likelihood,,6.378055254337537e-05,5.325289456411406e-07,0.75984,0.002005190398722251,50000,
83,25,26.0,fit,1267,APsimfit10000led_npsclean,clean,likelihood,,6.114604604258304e-05,5.134277977353093e-07,0.76976,0.0019332667245279152,50000,
83,21,10.0,fit,1271,APsimfit10000led_npsclean,clean,likelihood,,6.301038431229696e-05,5.249147589982299e-07,0.76274,0.0019765198558805625,50000,
83,15,5.0,fit,1273,APsimfit10000led_npsclean,clean,likelihood,,7.553491320114431e-05,5.848273720507092e-07,0.71558,0.0022021154736184007,50000,
83,27,30.0,fit,1265,APsimfit10000led_npsclean,clean,likelihood,,5.9451675934210544e-05,5.077216177894647e-07,0.77614,0.001911780611266948,50000,
83,13,4.0,fit,1280,APsimfit10000led_npsclean,clean,likelihood,,8.10801244649088e-05,6.10928662444566e-07,0.6947,0.00230039756198265,50000,
83,7,1.8,fit,1283,APsimfit10000led_npsclean,clean,likelihood,,0.00010744112398795776,7.163996736768499e-07,0.59544,0.002697539277559967,50000,
83,17,6.0,fit,1273,APsimfit10000led_npsclean,clean,likelihood,,7.256047037766912e-05,5.691641471742205e-07,0.72678,0.0021431369929321557,50000,
83,11,3.0,fit,1282,APsimfit10000led_npsclean,clean,likelihood,,8.952541748156159e-05,6.450196156348715e-07,0.6629,0.002428764015261897,50000,
83,23,20.0,fit,1269,APsimfit10000led_npsclean,clean,likelihood,,6.1613458486272e-05,5.150128736989283e-07,0.768,0.0019392351871429713,50000,
83,19,8.0,fit,1274,APsimfit10000led_npsclean,clean,likelihood,,6.4003635755136e-05,5.309369188470458e-07,0.759,0.0019991957633730233,50000,
83,9,2.0,fit,1283,APsimfit10000led_npsclean,clean,likelihood,,0.0001019543392796544,7.007948096984658e-07,0.6161,0.0026387805496467832,50000,
83,29,40.0,fit,1266,APsimfit10000led_npsclean,clean,likelihood,,5.64612985956096e-05,4.965998194964265e-07,0.7874,0.0018699024686114802,50000,
83,21,10.0,fit,1272,APsimfit10000led_npsclean,clean,likelihood,,6.330251708960257e-05,5.24923110842837e-07,0.76164,0.0019765513040088845,50000,
83,25,26.0,fit,1268,APsimfit10000led_npsclean,clean,likelihood,,6.137975226442752e-05,5.146393807878838e-07,0.76888,0.0019378288327929452,50000,
83,15,5.0,fit,1274,APsimfit10000led_npsclean,clean,likelihood,,7.490284410115583e-05,5.780689716224614e-07,0.71796,0.0021766673176817747,50000,
83,27,30.0,fit,1266,APsimfit10000led_npsclean,clean,likelihood,,6.0152794599744004e-05,5.104307066104141e-07,0.7735,0.0019219814443625339,50000,
83,13,4.0,fit,1281,APsimfit10000led_npsclean,clean,likelihood,,8.195121129178367e-05,6.136271692511473e-07,0.69142,0.0023105585494439585,50000,
91,1,0.6,fit,1234,APsimfit10000led_npsclean,clean,likelihood,,0.00011893522089867264,7.735858807319073e-07,0.55216,0.0029128688559138484,50000,
83,17,6.0,fit,1274,APsimfit10000led_npsclean,clean,likelihood,,7.196027030793215e-05,5.639747298086403e-07,0.72904,0.0021235967032228404,50000,
83,11,3.0,fit,1283,APsimfit10000led_npsclean,clean,likelihood,,9.010968303617282e-05,6.488678623750053e-07,0.6607,0.0024432542462219068,50000,
83,23,20.0,fit,1270,APsimfit10000led_npsclean,clean,likelihood,,6.141693279972097e-05,5.152383600924013e-07,0.76874,0.001940084236110047,50000,
83,19,8.0,fit,1275,APsimfit10000led_npsclean,clean,likelihood,,6.494377214755583e-05,5.338699674457781e-07,0.75546,0.002010239897100032,50000,
83,29,40.0,fit,1267,APsimfit10000led_npsclean,clean,likelihood,,5.6838415453585915e-05,4.98526622844675e-07,0.78598,0.0018771576753110562,50000,
91,3,1.0,fit,1234,APsimfit10000led_npsclean,clean,likelihood,,0.0001441542468377088,8.038675654044458e-07,0.4572,0.0030268918472639316,50000,
83,21,10.0,fit,1273,APsimfit10000led_npsclean,clean,likelihood,,6.238893822239233e-05,5.247803633809474e-07,0.76508,0.0019760138011325323,50000,
83,25,26.0,fit,1269,APsimfit10000led_npsclean,clean,likelihood,,6.127352216358912e-05,5.142334672151765e-07,0.76928,0.001936300401323884,50000,
83,15,5.0,fit,1275,APsimfit10000led_npsclean,clean,likelihood,,7.598639112970753e-05,5.86135601733879e-07,0.71388,0.0022070414961782776,50000,
91,1,0.6,fit,1235,APsimfit10000led_npsclean,clean,likelihood,,0.00011820223320288768,7.688807215470661e-07,0.55492,0.002895151997329674,50000,
83,13,4.0,fit,1282,APsimfit10000led_npsclean,clean,likelihood,,8.153160239347201e-05,6.113134984258682e-07,0.693,0.0023018466276552413,50000,
83,27,30.0,fit,1267,APsimfit10000led_npsclean,clean,likelihood,,6.04449273770496e-05,5.107902944046533e-07,0.7724,0.0019233354402315055,50000,
83,17,6.0,fit,1275,APsimfit10000led_npsclean,clean,likelihood,,7.300132529614849e-05,5.680638832753347e-07,0.72512,0.0021389940470431757,50000,
91,5,1.4,fit,1234,APsimfit10000led_npsclean,clean,likelihood,,0.00014711806665110015,8.111831464021075e-07,0.44604,0.00305443801709687,50000,
83,19,8.0,fit,1276,APsimfit10000led_npsclean,clean,likelihood,,6.589984305510145e-05,5.396140799260001e-07,0.75186,0.0020318688419466912,50000,
83,23,20.0,fit,1271,APsimfit10000led_npsclean,clean,likelihood,,6.077424068964865e-05,5.119094400876576e-07,0.77116,0.0019275494837998415,50000,
91,3,1.0,fit,1235,APsimfit10000led_npsclean,clean,likelihood,,0.00014313974937470208,7.979388781406869e-07,0.46102,0.0030045679024800413,50000,
83,29,40.0,fit,1268,APsimfit10000led_npsclean,clean,likelihood,,5.694995705946623e-05,4.980578900689169e-07,0.78556,0.0018753927037180376,50000,
83,21,10.0,fit,1274,APsimfit10000led_npsclean,clean,likelihood,,6.261202143415294e-05,5.236906927917739e-07,0.76424,0.001971910743409444,50000,
83,15,5.0,fit,1276,APsimfit10000led_npsclean,clean,likelihood,,7.743112050110977e-05,5.872876467348132e-07,0.70844,0.0022113794192032653,50000,
83,25,26.0,fit,1270,APsimfit10000led_npsclean,clean,likelihood,,6.090171681065471e-05,5.135295619065123e-07,0.77068,0.00193364990846693,50000,
91,1,0.6,fit,1236,APsimfit10000led_npsclean,clean,likelihood,,0.0001185262350104448,7.670116525009003e-07,0.5537,0.0028881141840115484,50000,
83,13,4.0,fit,1283,APsimfit10000led_npsclean,clean,likelihood,,8.260452641193983e-05,6.137987138284244e-07,0.68896,0.0023112044852980082,50000,
83,27,30.0,fit,1268,APsimfit10000led_npsclean,clean,likelihood,,6.05245999526784e-05,5.121684645413233e-07,0.7721,0.0019285248173507709,50000,
83,17,6.0,fit,1276,APsimfit10000led_npsclean,clean,likelihood,,7.413267587007745e-05,5.733561235778338e-07,0.72086,0.002158921507379676,50000,
91,5,1.4,fit,1235,APsimfit10000led_npsclean,clean,likelihood,,0.0001462841603595187,8.045744842228278e-07,0.44918,0.003029553687223803,50000,
83,19,8.0,fit,1277,APsimfit10000led_npsclean,clean,likelihood,,6.532088900553214e-05,5.339412654490625e-07,0.75404,0.0020105083633924358,50000,
91,3,1.0,fit,1236,APsimfit10000led_npsclean,clean,likelihood,,0.00014279450154697725,7.96873056942484e-07,0.46232,0.003000554647518251,50000,
83,23,20.0,fit,1272,APsimfit10000led_npsclean,clean,likelihood,,6.084860176023552e-05,5.123625960790825e-07,0.77088,0.0019292558023963542,50000,
83,29,40.0,fit,1269,APsimfit10000led_npsclean,clean,likelihood,,5.687559598887936e-05,4.980673802053148e-07,0.78584,0.001875428437982895,50000,
83,21,10.0,fit,1275,APsimfit10000led_npsclean,clean,likelihood,,6.395052070471681e-05,5.287898657933475e-07,0.7592,0.001991111225989539,50000,
83,15,5.0,fit,1277,APsimfit10000led_npsclean,clean,likelihood,,7.711243019859454e-05,5.859008597022416e-07,0.70964,0.0022061575959285936,50000,
83,25,26.0,fit,1271,APsimfit10000led_npsclean,clean,likelihood,,6.029620523587584e-05,5.110211108176818e-07,0.77296,0.0019242045589133363,50000,
91,1,0.6,fit,1237,APsimfit10000led_npsclean,clean,likelihood,,0.00011844125092977408,7.700580462230642e-07,0.55402,0.00289958510872355,50000,
91,7,1.8,fit,1234,APsimfit10000led_npsclean,clean,likelihood,,0.0001445260521906432,8.059559225155766e-07,0.4558,0.0030347553702942177,50000,
83,17,6.0,fit,1277,APsimfit10000led_npsclean,clean,likelihood,,7.371837847680769e-05,5.69610379645142e-07,0.72242,0.002144817241627769,50000,
83,27,30.0,fit,1269,APsimfit10000led_npsclean,clean,likelihood,,6.0221844165288946e-05,5.103138067762832e-07,0.77324,0.0019215412684304453,50000,
91,5,1.4,fit,1236,APsimfit10000led_npsclean,clean,likelihood,,0.00014661878517715967,8.07282714860289e-07,0.44792,0.0030397512889057633,50000,
83,19,8.0,fit,1278,APsimfit10000led_npsclean,clean,likelihood,,6.542711910637057e-05,5.343224692462164e-07,0.75364,0.002011943752398547,50000,
91,3,1.0,fit,1237,APsimfit10000led_npsclean,clean,likelihood,,0.00014356998128309758,7.874934549927346e-07,0.4594,0.0029652365902982252,50000,
83,23,20.0,fit,1273,APsimfit10000led_npsclean,clean,likelihood,,6.018466362999553e-05,5.116684458153372e-07,0.77338,0.0019266420412937407,50000,
83,29,40.0,fit,1270,APsimfit10000led_npsclean,clean,likelihood,,5.6700316322496004e-05,4.968620516151578e-07,0.7865,0.0018708898803400267,50000,
83,21,10.0,fit,1276,APsimfit10000led_npsclean,clean,likelihood,,6.452947475428607e-05,5.304214523452664e-07,0.75702,0.0019972548200896745,50000,
83,15,5.0,fit,1278,APsimfit10000led_npsclean,clean,likelihood,,7.637944250280959e-05,5.829398597192061e-07,0.7124,0.002195008213749093,50000,
91,1,0.6,fit,1238,APsimfit10000led_npsclean,clean,likelihood,,0.00011856872705078014,7.68719149324644e-07,0.55354,0.0028945436114912087,50000,
91,7,1.8,fit,1235,APsimfit10000led_npsclean,clean,likelihood,,0.00014355404676797185,8.040837800818366e-07,0.45946,0.00302770598440843,50000,
83,25,26.0,fit,1272,APsimfit10000led_npsclean,clean,likelihood,,6.055646898292992e-05,5.120659390242865e-07,0.77198,0.0019281387666317087,50000,
91,5,1.4,fit,1237,APsimfit10000led_npsclean,clean,likelihood,,0.00014676219581329151,7.906609806757696e-07,0.44738,0.0029771636266392844,50000,
83,17,6.0,fit,1278,APsimfit10000led_npsclean,clean,likelihood,,7.356965633563393e-05,5.727228919844107e-07,0.72298,0.0021565371301140034,50000,
83,27,30.0,fit,1270,APsimfit10000led_npsclean,clean,likelihood,,6.013154857957631e-05,5.104054099319542e-07,0.77358,0.0019218861919688705,50000,
83,19,8.0,fit,1279,APsimfit10000led_npsclean,clean,likelihood,,6.473662345092095e-05,5.320385651199006e-07,0.75624,0.0020033439144682788,50000,
91,3,1.0,fit,1238,APsimfit10000led_npsclean,clean,likelihood,,0.00014373463793939713,8.006117276577217e-07,0.45878,0.003014632279698701,50000,
83,29,40.0,fit,1271,APsimfit10000led_npsclean,clean,likelihood,,5.616385431326208e-05,4.956901123205521e-07,0.78852,0.0018664770471209808,50000,
83,23,20.0,fit,1274,APsimfit10000led_npsclean,clean,likelihood,,6.0561780487971844e-05,5.113297681515348e-07,0.77196,0.0019253667806618502,50000,
83,21,10.0,fit,1277,APsimfit10000led_npsclean,clean,likelihood,,6.408861983580672e-05,5.286434163296865e-07,0.75868,0.001990559783554654,50000,
83,15,5.0,fit,1279,APsimfit10000led_npsclean,clean,likelihood,,7.64591150784384e-05,5.826442713669744e-07,0.7121,0.0021938952020889376,50000,
91,1,0.6,fit,1239,APsimfit10000led_npsclean,clean,likelihood,,0.00011743206497180927,7.786192734156094e-07,0.55782,0.0029318216485553954,50000,
91,7,1.8,fit,1236,APsimfit10000led_npsclean,clean,likelihood,,0.0001430441422839475,7.984116056329642e-07,0.46138,0.0030063479158229504,50000,
83,25,26.0,fit,1273,APsimfit10000led_npsclean,clean,likelihood,,5.980223526697729e-05,5.107178489605925e-07,0.77482,0.0019230626533528754,50000,
91,5,1.4,fit,1238,APsimfit10000led_npsclean,clean,likelihood,,0.00014701183655026177,8.077659053203749e-07,0.44644,0.003041570699623714,50000,
83,17,6.0,fit,1279,APsimfit10000led_npsclean,clean,likelihood,,7.338906516420865e-05,5.682578782453163e-07,0.72366,0.0021397245178549347,50000,
83,27,30.0,fit,1271,APsimfit10000led_npsclean,clean,likelihood,,5.93826263686656e-05,5.070445550878527e-07,0.7764,0.0019092311918603264,50000,
83,19,8.0,fit,1280,APsimfit10000led_npsclean,clean,likelihood,,6.410455435093249e-05,5.322223340113768e-07,0.75862,0.0020040358798906056,50000,
91,3,1.0,fit,1239,APsimfit10000led_npsclean,clean,likelihood,,0.00014277325552680963,8.095576179942213e-07,0.4624,0.003048317234399472,50000,
83,29,40.0,fit,1272,APsimfit10000led_npsclean,clean,likelihood,,5.607355872754944e-05,4.954294075877675e-07,0.78886,0.0018654953866284196,50000,
83,23,20.0,fit,1275,APsimfit10000led_npsclean,clean,likelihood,,6.134257172913407e-05,5.149141388150541e-07,0.76902,0.0019388634097160652,50000,
83,15,5.0,fit,1280,APsimfit10000led_npsclean,clean,likelihood,,7.549242116080895e-05,5.80095768944123e-07,0.71574,0.0021842990427979724,50000,
83,21,10.0,fit,1278,APsimfit10000led_npsclean,clean,likelihood,,6.427452251227391e-05,5.277208217977624e-07,0.75798,0.001987085835870739,50000,
91,1,0.6,fit,1240,APsimfit10000led_npsclean,clean,likelihood,,0.00011843062791969023,7.668738443249612e-07,0.55406,0.0028875952795773007,50000,
91,7,1.8,fit,1237,APsimfit10000led_npsclean,clean,likelihood,,0.00014363371934360063,7.997692821643006e-07,0.45916,0.003011460126093377,50000,
91,5,1.4,fit,1239,APsimfit10000led_npsclean,clean,likelihood,,0.00014584330544103934,8.05053559118968e-07,0.45084,0.003031357601151623,50000,
83,25,26.0,fit,1274,APsimfit10000led_npsclean,clean,likelihood,,6.04714849022592e-05,5.120824150816868e-07,0.7723,0.001928200805760996,50000,
83,17,6.0,fit,1280,APsimfit10000led_npsclean,clean,likelihood,,7.220459953986048e-05,5.660227557370454e-07,0.72812,0.002131308362770338,50000,
83,19,8.0,fit,1281,APsimfit10000led_npsclean,clean,likelihood,,6.555459522737663e-05,5.349917332563917e-07,0.75316,0.0020144638065259304,50000,
91,3,1.0,fit,1240,APsimfit10000led_npsclean,clean,likelihood,,0.00014278387853689344,7.931214480624147e-07,0.46236,0.002986428297828435,50000,
83,27,30.0,fit,1272,APsimfit10000led_npsclean,clean,likelihood,,5.9239215732533766e-05,5.066641285238886e-07,0.77694,0.0019077987294566887,50000,
91,1,0.6,fit,1241,APsimfit10000led_npsclean,clean,likelihood,,0.00011853154651548672,7.664609551180281e-07,0.55368,0.0028860405819777523,50000,
83,15,5.0,fit,1281,APsimfit10000led_npsclean,clean,likelihood,,7.705931514817535e-05,5.897956582417698e-07,0.70984,0.002220823113550395,50000,
83,29,40.0,fit,1273,APsimfit10000led_npsclean,clean,likelihood,,5.5579588758650886e-05,4.939715669404329e-07,0.79072,0.0018600060172845937,50000,
83,21,10.0,fit,1279,APsimfit10000led_npsclean,clean,likelihood,,6.320159849380608e-05,5.260276500679823e-07,0.76202,0.001980710348258783,50000,
91,7,1.8,fit,1238,APsimfit10000led_npsclean,clean,likelihood,,0.0001441754928578765,8.069532776235077e-07,0.45712,0.003038510822280273,50000,
83,23,20.0,fit,1276,APsimfit10000led_npsclean,clean,likelihood,,6.168250805181696e-05,5.156464615541418e-07,0.76774,0.0019416209058807415,50000,
91,5,1.4,fit,1240,APsimfit10000led_npsclean,clean,likelihood,,0.0001465178665813632,8.168736241721603e-07,0.4483,0.003075865005210942,50000,
83,17,6.0,fit,1281,APsimfit10000led_npsclean,clean,likelihood,,7.394677319361024e-05,5.71812178656121e-07,0.72156,0.002153107920046039,50000,
83,25,26.0,fit,1275,APsimfit10000led_npsclean,clean,likelihood,,6.091233982073856e-05,5.132158901281763e-07,0.77064,0.0019324688052735398,50000,
91,3,1.0,fit,1241,APsimfit10000led_npsclean,clean,likelihood,,0.00014329378302091776,8.042023180578717e-07,0.46044,0.0030281523286182143,50000,
83,19,8.0,fit,1282,APsimfit10000led_npsclean,clean,likelihood,,6.499157569293313e-05,5.33422558659817e-07,0.75528,0.002008555219094721,50000,
83,27,30.0,fit,1273,APsimfit10000led_npsclean,clean,likelihood,,5.881960683422208e-05,5.064804097531112e-07,0.77852,0.001907106952759397,50000,
91,1,0.6,fit,1242,APsimfit10000led_npsclean,clean,likelihood,,0.00011708150563904256,7.702359380705318e-07,0.55914,0.0029002549446591783,50000,
83,15,5.0,fit,1282,APsimfit10000led_npsclean,clean,likelihood,,7.65387876540672e-05,5.847238808719963e-07,0.7118,0.002201725786786152,50000,
91,7,1.8,fit,1239,APsimfit10000led_npsclean,clean,likelihood,,0.0001429060431528576,7.91533502853366e-07,0.4619,0.0029804490313248126,50000,
83,21,10.0,fit,1280,APsimfit10000led_npsclean,clean,likelihood,,6.25960869190272e-05,5.245955491627693e-07,0.7643,0.001975317899625447,50000,
83,29,40.0,fit,1274,APsimfit10000led_npsclean,clean,likelihood,,5.56645728393216e-05,4.941985082104163e-07,0.7904,0.001860860544459819,50000,
83,23,20.0,fit,1277,APsimfit10000led_npsclean,clean,likelihood,,6.12682106585472e-05,5.139321728515443e-07,0.7693,0.0019351659041851098,50000,
91,5,1.4,fit,1241,APsimfit10000led_npsclean,clean,likelihood,,0.00014626822584439295,8.095058799122799e-07,0.44924,0.0030481224192518514,50000,
83,17,6.0,fit,1282,APsimfit10000led_npsclean,clean,likelihood,,7.341562268941824e-05,5.69514960030519e-07,0.72356,0.0021444579475524738,50000,
91,3,1.0,fit,1242,APsimfit10000led_npsclean,clean,likelihood,,0.00014327253700075005,7.926542082848059e-07,0.46052,0.002984668947987208,50000,
83,19,8.0,fit,1283,APsimfit10000led_npsclean,clean,likelihood,,6.509780579377151e-05,5.354773884763232e-07,0.75488,0.0020162924980779424,50000,
83,25,26.0,fit,1276,APsimfit10000led_npsclean,clean,likelihood,,6.128945667871488e-05,5.1430391712052e-07,0.76922,0.001936565674178894,50000,
83,27,30.0,fit,1274,APsimfit10000led_npsclean,clean,likelihood,,5.9302953793036815e-05,5.078886728137208e-07,0.7767,0.0019124096421082543,50000,
91,1,0.6,fit,1243,APsimfit10000led_npsclean,clean,likelihood,,0.00011818098718271998,7.672417773630762e-07,0.555,0.002888980698720128,50000,
83,15,5.0,fit,1283,APsimfit10000led_npsclean,clean,likelihood,,7.685216645154047e-05,5.858232453318679e-07,0.71062,0.0022058653459174913,50000,
91,7,1.8,fit,1240,APsimfit10000led_npsclean,clean,likelihood,,0.00014449418316039167,8.028908250090724e-07,0.45592,0.0030232140181451995,50000,
83,21,10.0,fit,1281,APsimfit10000led_npsclean,clean,likelihood,,6.433294906773504e-05,5.282280810970644e-07,0.75776,0.001988995875662845,50000,
83,29,40.0,fit,1275,APsimfit10000led_npsclean,clean,likelihood,,5.6732185352747526e-05,4.980779392057021e-07,0.78638,0.0018754681969600738,50000,
91,5,1.4,fit,1242,APsimfit10000led_npsclean,clean,likelihood,,0.0001465709816317824,8.044862580473001e-07,0.4481,0.003029221479403867,50000,
83,23,20.0,fit,1278,APsimfit10000led_npsclean,clean,likelihood,,6.182060718290687e-05,5.15127725024069e-07,0.76722,0.0019396676495965855,50000,
83,17,6.0,fit,1283,APsimfit10000led_npsclean,clean,likelihood,,7.38086740625203e-05,5.702904475166702e-07,0.72208,0.0021473779767345264,50000,
91,3,1.0,fit,1243,APsimfit10000led_npsclean,clean,likelihood,,0.00014383024503015167,8.100954910417971e-07,0.45842,0.003050342547538896,50000,
91,9,2.0,fit,1234,APsimfit10000led_npsclean,clean,likelihood,,0.00014256610683017473,8.074568454322539e-07,0.46318,0.0030404069620928943,50000,
83,25,26.0,fit,1277,APsimfit10000led_npsclean,clean,likelihood,,6.114604604258304e-05,5.137259607801323e-07,0.76976,0.001934389430964113,50000,
91,1,0.6,fit,1244,APsimfit10000led_npsclean,clean,likelihood,,0.00011810662611213311,7.706502106555018e-07,0.55528,0.002901814851245731,50000,
83,27,30.0,fit,1275,APsimfit10000led_npsclean,clean,likelihood,,5.998813794344447e-05,5.101051231917649e-07,0.77412,0.0019207554889465845,50000,
91,7,1.8,fit,1241,APsimfit10000led_npsclean,clean,likelihood,,0.00014342125914192384,7.907558193566704e-07,0.45996,0.002977520733260298,50000,
91,11,3.0,fit,1234,APsimfit10000led_npsclean,clean,likelihood,,0.00013620292378995456,7.956496002734124e-07,0.48714,0.0029959478302059614,50000,
83,21,10.0,fit,1282,APsimfit10000led_npsclean,clean,likelihood,,6.371681448287233e-05,5.26436497553179e-07,0.76008,0.0019822498271144747,50000,
91,5,1.4,fit,1243,APsimfit10000led_npsclean,clean,likelihood,,0.00014708088611580672,8.083422515889447e-07,0.44618,0.003043740880256213,50000,
83,29,40.0,fit,1276,APsimfit10000led_npsclean,clean,likelihood,,5.6546282676280316e-05,4.965674694636237e-07,0.78708,0.0018697806574391382,50000,
83,23,20.0,fit,1279,APsimfit10000led_npsclean,clean,likelihood,,6.10557504568704e-05,5.133501572207883e-07,0.7701,0.0019329743760733503,50000,
91,3,1.0,fit,1244,APsimfit10000led_npsclean,clean,likelihood,,0.00014268827144613887,8.048826215991677e-07,0.46272,0.0030307139511185294,50000,
91,13,4.0,fit,1234,APsimfit10000led_npsclean,clean,likelihood,,0.0001365853521529728,8.00119846164361e-07,0.4857,0.003012780143667657,50000,
91,9,2.0,fit,1235,APsimfit10000led_npsclean,clean,likelihood,,0.00014122229605456895,8.009015433666403e-07,0.46824,0.003015723554983696,50000,
83,25,26.0,fit,1278,APsimfit10000led_npsclean,clean,likelihood,,6.156565494089473e-05,5.148693898526899e-07,0.76818,0.001938694911476824,50000,
91,1,0.6,fit,1245,APsimfit10000led_npsclean,clean,likelihood,,0.0001198806687961344,7.86961764838958e-07,0.5486,0.0029632345582956935,50000,
91,7,1.8,fit,1242,APsimfit10000led_npsclean,clean,likelihood,,0.00014440919907972096,8.018919036125724e-07,0.45624,0.003019452668438793,50000,
83,27,30.0,fit,1276,APsimfit10000led_npsclean,clean,likelihood,,6.038118931654656e-05,5.112402344091285e-07,0.77264,0.0019250296493150863,50000,
91,11,3.0,fit,1235,APsimfit10000led_npsclean,clean,likelihood,,0.00013548055910425345,7.857534657687185e-07,0.48986,0.0029586848155741742,50000,
91,5,1.4,fit,1244,APsimfit10000led_npsclean,clean,likelihood,,0.0001463850789553152,8.009982150537262e-07,0.4488,0.00301608756362653,50000,
83,21,10.0,fit,1283,APsimfit10000led_npsclean,clean,likelihood,,6.362651889715969e-05,5.260750957488978e-07,0.76042,0.0019808890007519697,50000,
83,29,40.0,fit,1277,APsimfit10000led_npsclean,clean,likelihood,,5.670562782753793e-05,4.976382603932938e-07,0.78648,0.001873812625482919,50000,
91,3,1.0,fit,1245,APsimfit10000led_npsclean,clean,likelihood,,0.00014311850335453437,8.028922260704908e-07,0.4611,0.0030232192937174047,50000,
83,23,20.0,fit,1280,APsimfit10000led_npsclean,clean,likelihood,,6.065738757872641e-05,5.119547844056007e-07,0.7716,0.0019277202237975833,50000,
91,13,4.0,fit,1235,APsimfit10000led_npsclean,clean,likelihood,,0.0001360754476689485,7.917395238825823e-07,0.48762,0.002981224785193406,50000,
91,9,2.0,fit,1236,APsimfit10000led_npsclean,clean,likelihood,,0.00014127009959994625,8.048362984705167e-07,0.46806,0.0030305395254960916,50000,
91,1,0.6,fit,1246,APsimfit10000led_npsclean,clean,likelihood,,0.00011933889528185855,7.780999775618249e-07,0.55064,0.0029298662861875313,50000,
83,25,26.0,fit,1279,APsimfit10000led_npsclean,clean,likelihood,,6.067332209385216e-05,5.118322467182993e-07,0.77154,0.0019272588190306318,50000,
91,7,1.8,fit,1243,APsimfit10000led_npsclean,clean,likelihood,,0.000144271099948631,8.009535730106256e-07,0.45676,0.0030159194679822703,50000,
91,5,1.4,fit,1245,APsimfit10000led_npsclean,clean,likelihood,,0.0001461195037032192,7.840095851401315e-07,0.4498,0.0029521183881121883,50000,
83,27,30.0,fit,1277,APsimfit10000led_npsclean,clean,likelihood,,6.0168729114869755e-05,5.104615511106052e-07,0.77344,0.0019220975865856802,50000,
91,11,3.0,fit,1236,APsimfit10000led_npsclean,clean,likelihood,,0.00013627728486054143,7.847909278499616e-07,0.48686,0.002955060464618427,50000,
91,15,5.0,fit,1234,APsimfit10000led_npsclean,clean,likelihood,,0.00013785480185799168,8.006160849667457e-07,0.48092,0.0030146486867584314,50000,
83,29,40.0,fit,1278,APsimfit10000led_npsclean,clean,likelihood,,5.7114613715765764e-05,4.990942311078385e-07,0.78494,0.001879294953761076,50000,
91,3,1.0,fit,1246,APsimfit10000led_npsclean,clean,likelihood,,0.00014422329640325374,7.975367952643514e-07,0.45694,0.003003053895157589,50000,
83,23,20.0,fit,1281,APsimfit10000led_npsclean,clean,likelihood,,6.204900189970942e-05,5.167416636108098e-07,0.76636,0.0019457447918528879,50000,
91,13,4.0,fit,1236,APsimfit10000led_npsclean,clean,likelihood,,0.00013636758044625405,7.874069008610473e-07,0.48652,0.0029649106784107124,50000,
91,9,2.0,fit,1237,APsimfit10000led_npsclean,clean,likelihood,,0.00014223148201253377,7.903657471297696e-07,0.46444,0.002976051950970449,50000,
91,1,0.6,fit,1247,APsimfit10000led_npsclean,clean,likelihood,,0.00011890866337346305,7.750868682497466e-07,0.55226,0.002918520690962457,50000,
91,7,1.8,fit,1244,APsimfit10000led_npsclean,clean,likelihood,,0.00014413300081754111,7.878511220146976e-07,0.45728,0.002966583353669963,50000,
83,25,26.0,fit,1280,APsimfit10000led_npsclean,clean,likelihood,,6.035994329637889e-05,5.110353262744798e-07,0.77272,0.0019242580859520416,50000,
91,5,1.4,fit,1246,APsimfit10000led_npsclean,clean,likelihood,,0.00014703308257042944,7.93095779365328e-07,0.44636,0.0029863316446317074,50000,
91,11,3.0,fit,1237,APsimfit10000led_npsclean,clean,likelihood,,0.00013630384238575102,7.841039368914945e-07,0.48676,0.002952473661243319,50000,
83,27,30.0,fit,1278,APsimfit10000led_npsclean,clean,likelihood,,6.04449273770496e-05,5.107658663155059e-07,0.7724,0.0019232434584336743,50000,
91,15,5.0,fit,1235,APsimfit10000led_npsclean,clean,likelihood,,0.0001373820779092608,7.951357997057317e-07,0.4827,0.0029940131598493467,50000,
91,3,1.0,fit,1247,APsimfit10000led_npsclean,clean,likelihood,,0.0001437558839595648,8.144305117555198e-07,0.4587,0.0030666656826183487,50000,
83,29,40.0,fit,1279,APsimfit10000led_npsclean,clean,likelihood,,5.637100300989696e-05,4.962258201190097e-07,0.78774,0.0018684942072073579,50000,
83,23,20.0,fit,1282,APsimfit10000led_npsclean,clean,likelihood,,6.130539119384065e-05,5.1373620610697e-07,0.76916,0.0019344280088314286,50000,
91,13,4.0,fit,1237,APsimfit10000led_npsclean,clean,likelihood,,0.0001369359114857395,7.880267194233018e-07,0.48438,0.002967244550100046,50000,
91,9,2.0,fit,1238,APsimfit10000led_npsclean,clean,likelihood,,0.0001417906270940544,7.984993846523324e-07,0.4661,0.0030066784399161235,50000,
91,1,0.6,fit,1248,APsimfit10000led_npsclean,clean,likelihood,,0.0001180216420314624,7.670285686350813e-07,0.5556,0.002888177880210827,50000,
91,7,1.8,fit,1245,APsimfit10000led_npsclean,clean,likelihood,,0.00014396303265619967,7.928726892963568e-07,0.45792,0.002985491618811491,50000,
83,25,26.0,fit,1281,APsimfit10000led_npsclean,clean,likelihood,,6.188965674845185e-05,5.167359155018041e-07,0.76696,0.0019457231478594802,50000,
91,5,1.4,fit,1247,APsimfit10000led_npsclean,clean,likelihood,,0.0001472136737418547,8.083526456809453e-07,0.44568,0.003043780018285523,50000,
91,11,3.0,fit,1238,APsimfit10000led_npsclean,clean,likelihood,,0.00013618167776978688,7.895562294858296e-07,0.48722,0.0029730037842547966,50000,
83,27,30.0,fit,1279,APsimfit10000led_npsclean,clean,likelihood,,5.9770366236725766e-05,5.087778126503722e-07,0.77494,0.001915757619111511,50000,
91,3,1.0,fit,1248,APsimfit10000led_npsclean,clean,likelihood,,0.0001433893901116723,7.980959544811003e-07,0.46008,0.003005159359474523,50000,
83,29,40.0,fit,1280,APsimfit10000led_npsclean,clean,likelihood,,5.572299939478272e-05,4.939543583151996e-07,0.79018,0.0018599412197362623,50000,
91,15,5.0,fit,1236,APsimfit10000led_npsclean,clean,likelihood,,0.00013765827617144064,7.881199670872126e-07,0.48166,0.002967595665888038,50000,
91,1,0.6,fit,1249,APsimfit10000led_npsclean,clean,likelihood,,0.00011692216048778496,7.680384859551895e-07,0.55974,0.0028919806340899543,50000,
83,23,20.0,fit,1283,APsimfit10000led_npsclean,clean,likelihood,,6.146473634509824e-05,5.145476427689518e-07,0.76856,0.0019374834014389015,50000,
91,13,4.0,fit,1238,APsimfit10000led_npsclean,clean,likelihood,,0.0001365906636580147,7.941871177062015e-07,0.48568,0.002990440982125545,50000,
91,9,2.0,fit,1239,APsimfit10000led_npsclean,clean,likelihood,,0.00014167377398313218,8.137935575531904e-07,0.46654,0.0030642672881998085,50000,
91,7,1.8,fit,1246,APsimfit10000led_npsclean,clean,likelihood,,0.0001443454610192179,7.97926778293522e-07,0.45648,0.0030045223415813152,50000,
91,5,1.4,fit,1248,APsimfit10000led_npsclean,clean,likelihood,,0.00014584861694608126,7.958418818412611e-07,0.45082,0.002996671849354324,50000,
83,25,26.0,fit,1282,APsimfit10000led_npsclean,clean,likelihood,,6.117791507283456e-05,5.1316963802668e-07,0.76964,0.001932294647097538,50000,
91,3,1.0,fit,1249,APsimfit10000led_npsclean,clean,likelihood,,0.00014236426963858175,8.00604489500369e-07,0.46394,0.0030146050250607196,50000,
91,11,3.0,fit,1239,APsimfit10000led_npsclean,clean,likelihood,,0.00013591079101264895,7.871955947720988e-07,0.48824,0.0029641150241195807,50000,
83,27,30.0,fit,1280,APsimfit10000led_npsclean,clean,likelihood,,5.9345445833372155e-05,5.067895226960822e-07,0.77654,0.0019082708900635375,50000,
83,29,40.0,fit,1281,APsimfit10000led_npsclean,clean,likelihood,,5.705087565526272e-05,4.983631938481475e-07,0.78518,0.0018765422979547786,50000,
91,15,5.0,fit,1237,APsimfit10000led_npsclean,clean,likelihood,,0.00013798227797899777,8.002366137348553e-07,0.48044,0.0030132198215727804,50000,
91,1,0.6,fit,1250,APsimfit10000led_npsclean,clean,likelihood,,0.00011903613949446911,7.698596657733012e-07,0.55178,0.0028988381247775784,50000,
91,7,1.8,fit,1247,APsimfit10000led_npsclean,clean,likelihood,,0.00014360185031334912,8.00731950641734e-07,0.45928,0.003015084968656213,50000,
91,13,4.0,fit,1239,APsimfit10000led_npsclean,clean,likelihood,,0.00013711650265716479,7.939191907563981e-07,0.4837,0.002989432127016913,50000,
91,17,6.0,fit,1234,APsimfit10000led_npsclean,clean,likelihood,,0.00014060084996466433,8.024702726689642e-07,0.47058,0.003021630465698994,50000,
91,9,2.0,fit,1240,APsimfit10000led_npsclean,clean,likelihood,,0.00014244394221421053,8.057051385960724e-07,0.46364,0.0030338110657420238,50000,
91,5,1.4,fit,1249,APsimfit10000led_npsclean,clean,likelihood,,0.00014661347367211775,7.992674467990537e-07,0.44794,0.0030095705096427243,50000,
91,3,1.0,fit,1250,APsimfit10000led_npsclean,clean,likelihood,,0.00014423923091837952,8.044433729606532e-07,0.45688,0.003029059999422926,50000,
83,25,26.0,fit,1283,APsimfit10000led_npsclean,clean,likelihood,,6.108230798207999e-05,5.133039952638397e-07,0.77,0.0019328005573286278,50000,
91,11,3.0,fit,1240,APsimfit10000led_npsclean,clean,likelihood,,0.00013700496105128448,7.919634612137949e-07,0.48412,0.002982068001304265,50000,
83,27,30.0,fit,1281,APsimfit10000led_npsclean,clean,likelihood,,6.103981594174465e-05,5.134850489733285e-07,0.77016,0.001933482298974583,50000,
91,1,0.6,fit,1251,APsimfit10000led_npsclean,clean,likelihood,,0.00011814911815246849,7.771210000194076e-07,0.55512,0.0029261800332905053,50000,
83,29,40.0,fit,1282,APsimfit10000led_npsclean,clean,likelihood,,5.696058006955008e-05,4.982313987309319e-07,0.78552,0.001876046035158545,50000,
91,15,5.0,fit,1238,APsimfit10000led_npsclean,clean,likelihood,,0.00013827441075630337,7.903046733544364e-07,0.47934,0.0029758219830993797,50000,
91,7,1.8,fit,1248,APsimfit10000led_npsclean,clean,likelihood,,0.00014361247332343296,8.088369466224473e-07,0.45924,0.0030456036104225155,50000,
91,13,4.0,fit,1240,APsimfit10000led_npsclean,clean,likelihood,,0.00013742456994959618,8.009515636788086e-07,0.48254,0.003015911902021959,50000,
91,5,1.4,fit,1250,APsimfit10000led_npsclean,clean,likelihood,,0.00014572645233011712,7.91115036912598e-07,0.45128,0.002978873335029825,50000,
91,9,2.0,fit,1241,APsimfit10000led_npsclean,clean,likelihood,,0.0001417428235486771,7.999935423448642e-07,0.46628,0.003012304557864763,50000,
91,17,6.0,fit,1235,APsimfit10000led_npsclean,clean,likelihood,,0.00014092485177222145,7.97855855376258e-07,0.46936,0.0030042552876419736,50000,
91,3,1.0,fit,1251,APsimfit10000led_npsclean,clean,likelihood,,0.00014370808041418753,7.96574029684773e-07,0.45888,0.0029994286869652596,50000,
91,19,8.0,fit,1234,APsimfit10000led_npsclean,clean,likelihood,,0.00014424454242342142,8.131644184837957e-07,0.45686,0.003061898320969506,50000,
91,11,3.0,fit,1241,APsimfit10000led_npsclean,clean,likelihood,,0.00013570364231601408,7.899407180493808e-07,0.48902,0.0029744515417567353,50000,
83,27,30.0,fit,1282,APsimfit10000led_npsclean,clean,likelihood,,6.0375877811504634e-05,5.109403593721944e-07,0.77266,0.001923900496524804,50000,
91,1,0.6,fit,1252,APsimfit10000led_npsclean,clean,likelihood,,0.0001185049889902771,7.806035973321925e-07,0.55378,0.002939293443840996,50000,
83,29,40.0,fit,1283,APsimfit10000led_npsclean,clean,likelihood,,5.646661010065153e-05,4.9677061004459e-07,0.78738,0.0018705455652359418,50000,
91,15,5.0,fit,1239,APsimfit10000led_npsclean,clean,likelihood,,0.0001384231328974771,7.938790472328966e-07,0.47878,0.002989280970148249,50000,
91,7,1.8,fit,1249,APsimfit10000led_npsclean,clean,likelihood,,0.0001434956202125107,7.941339784457929e-07,0.45968,0.0029902408909649827,50000,
91,13,4.0,fit,1241,APsimfit10000led_npsclean,clean,likelihood,,0.00013666502472860158,7.916944334447673e-07,0.4854,0.002981055001158715,50000,
91,9,2.0,fit,1242,APsimfit10000led_npsclean,clean,likelihood,,0.0001425129917797555,7.961875760784478e-07,0.46338,0.0029979735302694635,50000,
91,5,1.4,fit,1251,APsimfit10000led_npsclean,clean,likelihood,,0.00014745800297378303,8.0427374579093e-07,0.44476,0.0030284212833965474,50000,
91,17,6.0,fit,1236,APsimfit10000led_npsclean,clean,likelihood,,0.000141286034115072,7.900742191564915e-07,0.468,0.0029749542283062425,50000,
91,3,1.0,fit,1252,APsimfit10000led_npsclean,clean,likelihood,,0.0001446322822914816,7.962835464042204e-07,0.4554,0.002998334897998629,50000,
91,11,3.0,fit,1242,APsimfit10000led_npsclean,clean,likelihood,,0.00013679781235464958,7.897819868213367e-07,0.4849,0.002973853853430013,50000,
91,19,8.0,fit,1235,APsimfit10000led_npsclean,clean,likelihood,,0.00014491379205870336,8.157413073355589e-07,0.45434,0.0030716013668347576,50000,
91,15,5.0,fit,1240,APsimfit10000led_npsclean,clean,likelihood,,0.0001387418231999923,8.088605552623727e-07,0.47758,0.0030456925066571577,50000,
91,1,0.6,fit,1253,APsimfit10000led_npsclean,clean,likelihood,,0.00011899895895917569,7.73102327189759e-07,0.55192,0.0029110480780426724,50000,
83,27,30.0,fit,1283,APsimfit10000led_npsclean,clean,likelihood,,6.015810610478593e-05,5.092294501776342e-07,0.77348,0.0019174582200662215,50000,
91,21,10.0,fit,1234,APsimfit10000led_npsclean,clean,likelihood,,0.00014850968097208318,8.230359634622718e-07,0.4408,0.0030990687459265267,50000,
91,7,1.8,fit,1250,APsimfit10000led_npsclean,clean,likelihood,,0.00014324066797049857,8.02235340835507e-07,0.46064,0.003020745850767433,50000,
91,13,4.0,fit,1242,APsimfit10000led_npsclean,clean,likelihood,,0.00013734489737396736,8.208198481303765e-07,0.48284,0.0030907241606746814,50000,
91,9,2.0,fit,1243,APsimfit10000led_npsclean,clean,likelihood,,0.0001421624324469888,7.971364232221837e-07,0.4647,0.0030015463298290884,50000,
91,5,1.4,fit,1252,APsimfit10000led_npsclean,clean,likelihood,,0.00014832908980065793,8.049077179888579e-07,0.44148,0.003030808449342638,50000,
91,17,6.0,fit,1237,APsimfit10000led_npsclean,clean,likelihood,,0.0001420243333158989,8.100537128285097e-07,0.46522,0.00305018523539118,50000,
91,3,1.0,fit,1253,APsimfit10000led_npsclean,clean,likelihood,,0.0001438621140604032,8.022270091348271e-07,0.4583,0.0030207144784892776,50000,
91,11,3.0,fit,1243,APsimfit10000led_npsclean,clean,likelihood,,0.00013670751676893696,7.83380194389877e-07,0.48524,0.0029497484731999847,50000,
91,19,8.0,fit,1236,APsimfit10000led_npsclean,clean,likelihood,,0.00014577425587549437,8.25681906800341e-07,0.4511,0.003109031810320466,50000,
91,1,0.6,fit,1254,APsimfit10000led_npsclean,clean,likelihood,,0.00011950355193815808,7.595387576297399e-07,0.55002,0.0028599756627744146,50000,
91,15,5.0,fit,1241,APsimfit10000led_npsclean,clean,likelihood,,0.00013793447443362047,8.00235698224313e-07,0.48062,0.00301321637429923,50000,
91,23,20.0,fit,1234,APsimfit10000led_npsclean,clean,likelihood,,0.00015361934882241024,8.394868908219997e-07,0.42156,0.003161013250280348,50000,
91,7,1.8,fit,1251,APsimfit10000led_npsclean,clean,likelihood,,0.00014527497440155394,8.121719321426029e-07,0.45298,0.0030581612018917314,50000,
91,21,10.0,fit,1235,APsimfit10000led_npsclean,clean,likelihood,,0.00014889210933510143,8.401170630208352e-07,0.43936,0.003163386107667706,50000,
91,13,4.0,fit,1243,APsimfit10000led_npsclean,clean,likelihood,,0.00013737676640421888,7.964681864222894e-07,0.48272,0.002999030143570691,50000,
91,9,2.0,fit,1244,APsimfit10000led_npsclean,clean,likelihood,,0.00014152505184195836,7.963620533976346e-07,0.4671,0.00299863050910243,50000,
91,5,1.4,fit,1253,APsimfit10000led_npsclean,clean,likelihood,,0.00014754829855949565,8.046817651070522e-07,0.44442,0.00302995764385522,50000,
91,3,1.0,fit,1254,APsimfit10000led_npsclean,clean,likelihood,,0.0001445313636956851,7.913993903328597e-07,0.45578,0.002979944042552523,50000,
91,17,6.0,fit,1238,APsimfit10000led_npsclean,clean,likelihood,,0.00014182780762934786,8.10390564204451e-07,0.46596,0.003051453619298501,50000,
91,11,3.0,fit,1244,APsimfit10000led_npsclean,clean,likelihood,,0.00013591079101264895,7.916076181982387e-07,0.48824,0.0029807281060664826,50000,
91,1,0.6,fit,1255,APsimfit10000led_npsclean,clean,likelihood,,0.000118048199556672,7.622938100342939e-07,0.5555,0.002870349567657533,50000,
91,15,5.0,fit,1242,APsimfit10000led_npsclean,clean,likelihood,,0.00013901802146217216,8.194246162544281e-07,0.47654,0.003085470539093089,50000,
91,19,8.0,fit,1237,APsimfit10000led_npsclean,clean,likelihood,,0.000146199176278848,8.17282679286179e-07,0.4495,0.003077405265874503,50000,
91,7,1.8,fit,1252,APsimfit10000led_npsclean,clean,likelihood,,0.00014523779386626048,7.976552412385723e-07,0.45312,0.0030034998929427217,50000,
91,23,20.0,fit,1235,APsimfit10000led_npsclean,clean,likelihood,,0.0001536937098929971,8.601932568127469e-07,0.42128,0.003238981230456687,50000,
91,13,4.0,fit,1244,APsimfit10000led_npsclean,clean,likelihood,,0.00013614449723449342,8.141474216860601e-07,0.48736,0.003065599732130773,50000,
91,21,10.0,fit,1236,APsimfit10000led_npsclean,clean,likelihood,,0.0001501296900098688,8.424535480010115e-07,0.4347,0.003172183934128327,50000,
91,5,1.4,fit,1254,APsimfit10000led_npsclean,clean,likelihood,,0.00014713931267126783,8.045628430873421e-07,0.44596,0.0030295098535631218,50000,
91,9,2.0,fit,1245,APsimfit10000led_npsclean,clean,likelihood,,0.00014204026783102463,7.87235174201346e-07,0.46516,0.002964264056941483,50000,
91,3,1.0,fit,1255,APsimfit10000led_npsclean,clean,likelihood,,0.00014382493352510978,8.082829365147348e-07,0.45844,0.003043517534617861,50000,
91,17,6.0,fit,1239,APsimfit10000led_npsclean,clean,likelihood,,0.0001413710181957427,8.000813773626053e-07,0.46768,0.0030126352928148306,50000,
91,11,3.0,fit,1245,APsimfit10000led_npsclean,clean,likelihood,,0.00013631977690087678,7.854529142335988e-07,0.4867,0.00295755311549012,50000,
91,1,0.6,fit,1256,APsimfit10000led_npsclean,clean,likelihood,,0.00011894053240371456,7.628801061676622e-07,0.55214,0.002872557213621308,50000,
91,15,5.0,fit,1243,APsimfit10000led_npsclean,clean,likelihood,,0.0001386621506243635,8.068326015500859e-07,0.47788,0.003038056427254873,50000,
91,19,8.0,fit,1238,APsimfit10000led_npsclean,clean,likelihood,,0.00014576363286541056,8.19823339021148e-07,0.45114,0.0030869718942215245,50000,
91,7,1.8,fit,1253,APsimfit10000led_npsclean,clean,likelihood,,0.00014472257787719422,7.940002191387404e-07,0.45506,0.0029897372321865505,50000,
91,5,1.4,fit,1255,APsimfit10000led_npsclean,clean,likelihood,,0.00014716587019647745,8.143398729292327e-07,0.44586,0.0030663243901764823,50000,
91,23,20.0,fit,1236,APsimfit10000led_npsclean,clean,likelihood,,0.0001544479436089498,8.419420955969779e-07,0.41844,0.0031702581055731544,50000,
91,13,4.0,fit,1245,APsimfit10000led_npsclean,clean,likelihood,,0.0001369571575059072,7.912482638088543e-07,0.4843,0.0029793749890627396,50000,
91,21,10.0,fit,1237,APsimfit10000led_npsclean,clean,likelihood,,0.0001506714635241446,8.336806382158843e-07,0.43266,0.003139150322314392,50000,
91,9,2.0,fit,1246,APsimfit10000led_npsclean,clean,likelihood,,0.0001425023687696717,7.994837698347848e-07,0.46342,0.003010385054800919,50000,
91,3,1.0,fit,1256,APsimfit10000led_npsclean,clean,likelihood,,0.00014423923091837952,8.025522613195883e-07,0.45688,0.0030219391866734713,50000,
91,1,0.6,fit,1257,APsimfit10000led_npsclean,clean,likelihood,,0.00011883430230287615,7.754194492249134e-07,0.55254,0.0029197729950553343,50000,
91,17,6.0,fit,1240,APsimfit10000led_npsclean,clean,likelihood,,0.0001416578394680064,8.127698394637433e-07,0.4666,0.0030604125687507346,50000,
91,11,3.0,fit,1246,APsimfit10000led_npsclean,clean,likelihood,,0.00013704745309161984,7.885883655866268e-07,0.48396,0.002969359378793203,50000,
91,15,5.0,fit,1244,APsimfit10000led_npsclean,clean,likelihood,,0.00013747237349497342,8.079084281649802e-07,0.48236,0.0030421073567236524,50000,
91,19,8.0,fit,1239,APsimfit10000led_npsclean,clean,likelihood,,0.00014547681159314687,8.228600467023147e-07,0.45222,0.003098406347007317,50000,
91,7,1.8,fit,1254,APsimfit10000led_npsclean,clean,likelihood,,0.00014384617954527743,7.925271732590353e-07,0.45836,0.0029841906088921006,50000,
91,5,1.4,fit,1256,APsimfit10000led_npsclean,clean,likelihood,,0.00014683655688387838,8.033277047556617e-07,0.4471,0.003024859049988872,50000,
91,13,4.0,fit,1246,APsimfit10000led_npsclean,clean,likelihood,,0.00013721742125296128,7.85368548602897e-07,0.48332,0.002957235444208493,50000,
91,23,20.0,fit,1237,APsimfit10000led_npsclean,clean,likelihood,,0.000155228734850112,8.403658080002587e-07,0.4155,0.0031643227347723036,50000,
91,21,10.0,fit,1238,APsimfit10000led_npsclean,clean,likelihood,,0.0001501243785048269,8.355815140664193e-07,0.43472,0.00314630790132649,50000,
91,9,2.0,fit,1247,APsimfit10000led_npsclean,clean,likelihood,,0.00014238551565874945,8.009514904358659e-07,0.46386,0.0030159116262321703,50000,
91,3,1.0,fit,1257,APsimfit10000led_npsclean,clean,likelihood,,0.00014378775298981632,7.952210692511742e-07,0.45858,0.0029943342347415643,50000,
91,1,0.6,fit,1258,APsimfit10000led_npsclean,clean,likelihood,,0.00011975850418017024,7.834835483682604e-07,0.54906,0.0029501376434165907,50000,
91,11,3.0,fit,1247,APsimfit10000led_npsclean,clean,likelihood,,0.00013628790787062527,7.880782176499627e-07,0.48682,0.0029674384620939328,50000,
91,17,6.0,fit,1241,APsimfit10000led_npsclean,clean,likelihood,,0.0001407601951159219,8.077613790300724e-07,0.46998,0.0030415536562800037,50000,
91,15,5.0,fit,1245,APsimfit10000led_npsclean,clean,likelihood,,0.00013850811697814784,7.99640169444549e-07,0.47846,0.0030109739636263078,50000,
91,7,1.8,fit,1255,APsimfit10000led_npsclean,clean,likelihood,,0.00014498815312929023,7.85594815934246e-07,0.45406,0.002958087433727709,50000,
91,19,8.0,fit,1240,APsimfit10000led_npsclean,clean,likelihood,,0.00014547150008810495,8.323725309175928e-07,0.45224,0.0031342247605838937,50000,
91,5,1.4,fit,1257,APsimfit10000led_npsclean,clean,likelihood,,0.0001473199038426931,7.905053994014263e-07,0.44528,0.0029765777991831665,50000,
91,13,4.0,fit,1247,APsimfit10000led_npsclean,clean,likelihood,,0.00013688810794036224,8.011308567333208e-07,0.48456,0.003016587014078136,50000,
91,23,20.0,fit,1238,APsimfit10000led_npsclean,clean,likelihood,,0.00015510657023414784,8.274423551915562e-07,0.41596,0.0031156606222196214,50000,
91,9,2.0,fit,1248,APsimfit10000led_npsclean,clean,likelihood,,0.00014068583404533503,7.933867723168432e-07,0.47026,0.0029874273527190336,50000,
91,3,1.0,fit,1258,APsimfit10000led_npsclean,clean,likelihood,,0.0001439949016864512,8.135185926632304e-07,0.4578,0.003063231932353246,50000,
91,21,10.0,fit,1239,APsimfit10000led_npsclean,clean,likelihood,,0.0001502624776359168,8.438922925503237e-07,0.4342,0.003177601398812846,50000,
91,1,0.6,fit,1259,APsimfit10000led_npsclean,clean,likelihood,,0.00011890335186842112,7.730421024507473e-07,0.55228,0.002910821307142386,50000,
91,11,3.0,fit,1248,APsimfit10000led_npsclean,clean,likelihood,,0.00013566646178072062,7.826794523341024e-07,0.48916,0.002947109891290548,50000,
91,17,6.0,fit,1242,APsimfit10000led_npsclean,clean,likelihood,,0.00014196059525539584,8.130502392471686e-07,0.46546,0.0030614683892054356,50000,
91,7,1.8,fit,1256,APsimfit10000led_npsclean,clean,likelihood,,0.00014501471065449985,7.973497624737381e-07,0.45396,0.003002349639813248,50000,
91,15,5.0,fit,1246,APsimfit10000led_npsclean,clean,likelihood,,0.00013824785323109375,7.954049507640179e-07,0.47944,0.0029950266242296376,50000,
91,5,1.4,fit,1258,APsimfit10000led_npsclean,clean,likelihood,,0.00014727741180235775,8.085775183150668e-07,0.44544,0.003044626756196329,50000,
91,19,8.0,fit,1241,APsimfit10000led_npsclean,clean,likelihood,,0.00014484474249315838,8.271366182563907e-07,0.4546,0.0031145093969727187,50000,
91,13,4.0,fit,1248,APsimfit10000led_npsclean,clean,likelihood,,0.0001358682989723136,8.028156780922669e-07,0.4884,0.003022931059111131,50000,
91,3,1.0,fit,1259,APsimfit10000led_npsclean,clean,likelihood,,0.0001429857157284864,8.036275399994793e-07,0.4616,0.0030259880529417116,50000,
91,9,2.0,fit,1249,APsimfit10000led_npsclean,clean,likelihood,,0.00014215712094194687,7.989570552763358e-07,0.46472,0.003008401757960223,50000,
91,23,20.0,fit,1239,APsimfit10000led_npsclean,clean,likelihood,,0.00015461260026524925,8.378631213984015e-07,0.41782,0.003154899090881899,50000,
91,21,10.0,fit,1240,APsimfit10000led_npsclean,clean,likelihood,,0.0001502359201107072,8.314808161650829e-07,0.4343,0.003130867087963903,50000,
91,1,0.6,fit,1260,APsimfit10000led_npsclean,clean,likelihood,,0.00011923797668606209,7.786580752236767e-07,0.55102,0.0029319677533138815,50000,
91,11,3.0,fit,1249,APsimfit10000led_npsclean,clean,likelihood,,0.0001358736104773555,7.981840762919432e-07,0.48838,0.003005491174318517,50000,
91,7,1.8,fit,1257,APsimfit10000led_npsclean,clean,likelihood,,0.00014461103627131392,8.009932368431679e-07,0.45548,0.0030160688186172757,50000,
91,15,5.0,fit,1247,APsimfit10000led_npsclean,clean,likelihood,,0.0001382584762411776,7.971980340649188e-07,0.4794,0.00300177831997971,50000,
91,17,6.0,fit,1243,APsimfit10000led_npsclean,clean,likelihood,,0.00014177469257892864,8.070536559882244e-07,0.46616,0.003038888788088173,50000,
91,5,1.4,fit,1259,APsimfit10000led_npsclean,clean,likelihood,,0.0001472136737418547,7.973450975886169e-07,0.44568,0.0030023320746030697,50000,
91,19,8.0,fit,1242,APsimfit10000led_npsclean,clean,likelihood,,0.00014592297801666818,8.170094158646079e-07,0.45054,0.003076376316755884,50000,
91,13,4.0,fit,1249,APsimfit10000led_npsclean,clean,likelihood,,0.00013567708479080449,7.884555339311597e-07,0.48912,0.00296885921300434,50000,
91,9,2.0,fit,1250,APsimfit10000led_npsclean,clean,likelihood,,0.000141817184619264,7.944673230373874e-07,0.466,0.0029914960703876273,50000,
91,3,1.0,fit,1260,APsimfit10000led_npsclean,clean,likelihood,,0.00014392585212090624,7.970481715289087e-07,0.45806,0.003001214025924344,50000,
91,23,20.0,fit,1240,APsimfit10000led_npsclean,clean,likelihood,,0.00015490473304255489,8.361752216361386e-07,0.41672,0.003148543454394909,50000,
91,21,10.0,fit,1241,APsimfit10000led_npsclean,clean,likelihood,,0.00014913643856702977,8.256926984550391e-07,0.43844,0.003109072445336767,50000,
91,1,0.6,fit,1261,APsimfit10000led_npsclean,clean,likelihood,,0.00011905738551463681,7.663393321552548e-07,0.5517,0.0028855826215246853,50000,
91,11,3.0,fit,1250,APsimfit10000led_npsclean,clean,likelihood,,0.0001360754476689485,7.845424046475875e-07,0.48762,0.002954124672595591,50000,
91,7,1.8,fit,1258,APsimfit10000led_npsclean,clean,likelihood,,0.0001437824414847744,8.01552623391656e-07,0.4586,0.0030181751389316623,50000,
91,15,5.0,fit,1248,APsimfit10000led_npsclean,clean,likelihood,,0.00013686686192019456,8.158363510908478e-07,0.48464,0.0030719592456451466,50000,
91,17,6.0,fit,1244,APsimfit10000led_npsclean,clean,likelihood,,0.00014112137745877246,8.203209311153982e-07,0.46862,0.0030888455330125002,50000,
91,5,1.4,fit,1260,APsimfit10000led_npsclean,clean,likelihood,,0.00014695872149984258,8.062657552571155e-07,0.44664,0.0030359220179358693,50000,
91,19,8.0,fit,1243,APsimfit10000led_npsclean,clean,likelihood,,0.00014558304169398528,8.244917236794502e-07,0.45182,0.003104550281595566,50000,
91,13,4.0,fit,1250,APsimfit10000led_npsclean,clean,likelihood,,0.00013619761228491261,7.904728399544469e-07,0.48716,0.0029764551994803613,50000,
91,3,1.0,fit,1261,APsimfit10000led_npsclean,clean,likelihood,,0.00014400021319149308,7.995830675995881e-07,0.45778,0.003010758951705919,50000,
91,9,2.0,fit,1251,APsimfit10000led_npsclean,clean,likelihood,,0.00014271482897134846,8.040398128919501e-07,0.46262,0.003027540429863948,50000,
91,23,20.0,fit,1241,APsimfit10000led_npsclean,clean,likelihood,,0.00015443732059886592,8.469269718716976e-07,0.41848,0.003189028213990176,50000,
91,1,0.6,fit,1262,APsimfit10000led_npsclean,clean,likelihood,,0.00011813318363734272,7.598003114009716e-07,0.55518,0.0028609605202457623,50000,
91,21,10.0,fit,1242,APsimfit10000led_npsclean,clean,likelihood,,0.00015061303696868353,8.380886985527923e-07,0.43288,0.0031557484816011412,50000,
91,11,3.0,fit,1251,APsimfit10000led_npsclean,clean,likelihood,,0.0001369784035260749,7.989437867617089e-07,0.48422,0.0030083517965480725,50000,
91,7,1.8,fit,1259,APsimfit10000led_npsclean,clean,likelihood,,0.00014419142737300222,7.955366696416129e-07,0.45706,0.0029955225999523587,50000,
91,15,5.0,fit,1249,APsimfit10000led_npsclean,clean,likelihood,,0.00013699433804120065,7.982858889207582e-07,0.48416,0.0030058745407203612,50000,
91,5,1.4,fit,1261,APsimfit10000led_npsclean,clean,likelihood,,0.00014661878517715967,8.075095954649164e-07,0.44792,0.0030406055876509848,50000,
91,17,6.0,fit,1245,APsimfit10000led_npsclean,clean,likelihood,,0.0001413125916402816,8.222837969956684e-07,0.4679,0.003096236529970156,50000,
91,13,4.0,fit,1251,APsimfit10000led_npsclean,clean,likelihood,,0.00013809381958487807,8.090359567353805e-07,0.48002,0.0030463529653091724,50000,
91,19,8.0,fit,1244,APsimfit10000led_npsclean,clean,likelihood,,0.0001453493354721408,8.189397749482494e-07,0.4527,0.0030836449122609495,50000,
91,3,1.0,fit,1262,APsimfit10000led_npsclean,clean,likelihood,,0.00014356998128309758,8.055538855526381e-07,0.4594,0.0030332415358545793,50000,
91,9,2.0,fit,1252,APsimfit10000led_npsclean,clean,likelihood,,0.00014355404676797185,7.872694925556392e-07,0.45946,0.0029643932796533973,50000,
91,1,0.6,fit,1263,APsimfit10000led_npsclean,clean,likelihood,,0.0001187705642423731,7.653545170218115e-07,0.55278,0.0028818743876976595,50000,
91,23,20.0,fit,1242,APsimfit10000led_npsclean,clean,likelihood,,0.00015527122689044733,8.374794115604299e-07,0.41534,0.0031534542656018955,50000,
91,21,10.0,fit,1243,APsimfit10000led_npsclean,clean,likelihood,,0.00014966227756617982,8.326255092214728e-07,0.43646,0.003135177327895356,50000,
91,11,3.0,fit,1252,APsimfit10000led_npsclean,clean,likelihood,,0.0001381044425949619,7.868695615939831e-07,0.47998,0.0029628873751743477,50000,
91,7,1.8,fit,1260,APsimfit10000led_npsclean,clean,likelihood,,0.0001441489353326669,8.014148088776861e-07,0.45722,0.003017656210632123,50000,
91,15,5.0,fit,1250,APsimfit10000led_npsclean,clean,likelihood,,0.00013757329209076988,8.029762161183997e-07,0.48198,0.003023535550775418,50000,
91,5,1.4,fit,1262,APsimfit10000led_npsclean,clean,likelihood,,0.0001464966205611955,7.929804153566298e-07,0.44838,0.002985897251713739,50000,
91,17,6.0,fit,1246,APsimfit10000led_npsclean,clean,likelihood,,0.00014137632970078465,7.940119159785076e-07,0.46766,0.002989781275596751,50000,
91,13,4.0,fit,1252,APsimfit10000led_npsclean,clean,likelihood,,0.00013797696647395585,7.954715860253297e-07,0.48046,0.002995277533381699,50000,
91,3,1.0,fit,1263,APsimfit10000led_npsclean,clean,likelihood,,0.00014390460610073856,8.005592853125185e-07,0.45814,0.0030144348127103832,50000,
91,19,8.0,fit,1245,APsimfit10000led_npsclean,clean,likelihood,,0.00014555648416877568,8.122042367420406e-07,0.45192,0.0030582828419887763,50000,
91,9,2.0,fit,1253,APsimfit10000led_npsclean,clean,likelihood,,0.0001420296448209408,7.892546248258057e-07,0.4652,0.0029718681187225473,50000,
91,1,0.6,fit,1264,APsimfit10000led_npsclean,clean,likelihood,,0.00011921141916085247,7.769316555022139e-07,0.55112,0.0029254670733452567,50000,
91,23,20.0,fit,1243,APsimfit10000led_npsclean,clean,likelihood,,0.00015442669758878208,8.353547414330257e-07,0.41852,0.0031454540091373504,50000,
91,11,3.0,fit,1253,APsimfit10000led_npsclean,clean,likelihood,,0.00013603295562861312,7.823469919565249e-07,0.48778,0.002945858041297171,50000,
91,21,10.0,fit,1244,APsimfit10000led_npsclean,clean,likelihood,,0.0001494073253241677,8.224919406645674e-07,0.43742,0.0030970202764497553,50000,
91,7,1.8,fit,1261,APsimfit10000led_npsclean,clean,likelihood,,0.00014433483800913407,7.951052236241124e-07,0.45652,0.0029938980283324675,50000,
91,15,5.0,fit,1251,APsimfit10000led_npsclean,clean,likelihood,,0.0001392729737041843,8.096366024943826e-07,0.47558,0.0030486146435124745,50000,
91,5,1.4,fit,1263,APsimfit10000led_npsclean,clean,likelihood,,0.00014698527902505217,8.142116719113815e-07,0.44654,0.003065841660641861,50000,
91,17,6.0,fit,1247,APsimfit10000led_npsclean,clean,likelihood,,0.00014138164120582655,8.062131298237596e-07,0.46764,0.0030357238615453903,50000,
91,13,4.0,fit,1253,APsimfit10000led_npsclean,clean,likelihood,,0.00013639944947650562,7.898597142090527e-07,0.4864,0.0029741465289978702,50000,
91,3,1.0,fit,1264,APsimfit10000led_npsclean,clean,likelihood,,0.00014390460610073856,8.133760308874941e-07,0.45814,0.0030626951286615947,50000,
91,9,2.0,fit,1254,APsimfit10000led_npsclean,clean,likelihood,,0.0001421252519116954,7.895842499472769e-07,0.46484,0.0029731092928111332,50000,
91,19,8.0,fit,1246,APsimfit10000led_npsclean,clean,likelihood,,0.00014494566108895485,8.120030829405715e-07,0.45422,0.003057525415233529,50000,
91,1,0.6,fit,1265,APsimfit10000led_npsclean,clean,likelihood,,0.00011908925454488833,7.770234768979798e-07,0.55158,0.002925812818647356,50000,
91,23,20.0,fit,1244,APsimfit10000led_npsclean,clean,likelihood,,0.00015529778441565693,8.436641036437165e-07,0.41524,0.0031767421737728383,50000,
91,11,3.0,fit,1254,APsimfit10000led_npsclean,clean,likelihood,,0.00013606482465886464,7.897985497080652e-07,0.48766,0.0029739162195074158,50000,
91,21,10.0,fit,1245,APsimfit10000led_npsclean,clean,likelihood,,0.0001497047696065152,8.20591605271773e-07,0.4363,0.0030898647324832285,50000,
91,7,1.8,fit,1262,APsimfit10000led_npsclean,clean,likelihood,,0.0001446375937965235,7.885922232409828e-07,0.45538,0.002969373904447704,50000,
91,5,1.4,fit,1264,APsimfit10000led_npsclean,clean,likelihood,,0.0001467515728032077,7.880685958893557e-07,0.44742,0.0029674022322098187,50000,
91,15,5.0,fit,1252,APsimfit10000led_npsclean,clean,likelihood,,0.00013976163216804094,7.986674673400072e-07,0.47374,0.003007311340332665,50000,
91,3,1.0,fit,1265,APsimfit10000led_npsclean,clean,likelihood,,0.00014359653880830717,7.9551922509815e-07,0.4593,0.0029954569140749083,50000,
91,17,6.0,fit,1248,APsimfit10000led_npsclean,clean,likelihood,,0.0001408345561865088,8.108011518811511e-07,0.4697,0.0030529996506905815,50000,
91,13,4.0,fit,1254,APsimfit10000led_npsclean,clean,likelihood,,0.00013613918572945153,7.87623090465325e-07,0.48738,0.002965724721144632,50000,
91,9,2.0,fit,1255,APsimfit10000led_npsclean,clean,likelihood,,0.0001426935829511808,7.904340592230024e-07,0.4627,0.0029763091740840244,50000,
91,1,0.6,fit,1266,APsimfit10000led_npsclean,clean,likelihood,,0.00012014624404823041,7.814103539710047e-07,0.5476,0.0029423312142373152,50000,
91,19,8.0,fit,1247,APsimfit10000led_npsclean,clean,likelihood,,0.00014512094075533823,8.135979439386764e-07,0.45356,0.0030635307225259736,50000,
91,23,20.0,fit,1245,APsimfit10000led_npsclean,clean,likelihood,,0.000154564796719872,8.280271055377872e-07,0.418,0.003117862447659364,50000,
91,11,3.0,fit,1255,APsimfit10000led_npsclean,clean,likelihood,,0.0001363463344260864,7.987615819155218e-07,0.4866,0.0030076657203992256,50000,
91,7,1.8,fit,1263,APsimfit10000led_npsclean,clean,likelihood,,0.0001438939830906547,7.968354396866233e-07,0.45818,0.0030004130030857833,50000,
91,21,10.0,fit,1246,APsimfit10000led_npsclean,clean,likelihood,,0.0001492798492031616,8.225537377428898e-07,0.4379,0.0030972529678539233,50000,
91,5,1.4,fit,1265,APsimfit10000led_npsclean,clean,likelihood,,0.00014677281882337532,8.072555532937619e-07,0.44734,0.0030396490144418867,50000,
91,15,5.0,fit,1253,APsimfit10000led_npsclean,clean,likelihood,,0.0001375201770403507,7.972478483728741e-07,0.48218,0.0030019658913274243,50000,
91,3,1.0,fit,1266,APsimfit10000led_npsclean,clean,likelihood,,0.0001445048061704755,8.155986463335719e-07,0.45588,0.0030710641895154815,50000,
91,17,6.0,fit,1249,APsimfit10000led_npsclean,clean,likelihood,,0.00013997409236971774,8.0055584931468e-07,0.47294,0.00301442187476601,50000,
91,13,4.0,fit,1255,APsimfit10000led_npsclean,clean,likelihood,,0.0001370899451319552,8.020449243936639e-07,0.4838,0.00302002885458522,50000,
91,1,0.6,fit,1267,APsimfit10000led_npsclean,clean,likelihood,,0.00011786760838524671,7.643112780058907e-07,0.55618,0.0028779461639355155,50000,
91,9,2.0,fit,1256,APsimfit10000led_npsclean,clean,likelihood,,0.00014256079532513278,8.036585314694902e-07,0.4632,0.003026104748566648,50000,
91,19,8.0,fit,1248,APsimfit10000led_npsclean,clean,likelihood,,0.00014504126817970945,8.210351954050258e-07,0.45386,0.0030915350316912753,50000,
91,23,20.0,fit,1246,APsimfit10000led_npsclean,clean,likelihood,,0.00015389554708459006,8.45462850074375e-07,0.42052,0.003183515193534515,50000,
91,11,3.0,fit,1256,APsimfit10000led_npsclean,clean,likelihood,,0.00013689341944540416,7.910018689409521e-07,0.48454,0.0029784472110941317,50000,
91,7,1.8,fit,1264,APsimfit10000led_npsclean,clean,likelihood,,0.00014423923091837952,7.953286106394333e-07,0.45688,0.002994739172277763,50000,
91,21,10.0,fit,1247,APsimfit10000led_npsclean,clean,likelihood,,0.00014905145448635904,8.283680828940296e-07,0.43876,0.0031191463675786764,50000,
91,5,1.4,fit,1266,APsimfit10000led_npsclean,clean,likelihood,,0.00014677281882337532,8.093599483969444e-07,0.44734,0.0030475729271053366,50000,
91,15,5.0,fit,1254,APsimfit10000led_npsclean,clean,likelihood,,0.00013810975410000385,7.882221024318798e-07,0.47996,0.002967980247447732,50000,
91,3,1.0,fit,1267,APsimfit10000led_npsclean,clean,likelihood,,0.00014319817593016319,7.881792741731316e-07,0.4608,0.002967818981447191,50000,
91,17,6.0,fit,1250,APsimfit10000led_npsclean,clean,likelihood,,0.0001407601951159219,8.051079451815339e-07,0.46998,0.003031562387034858,50000,
91,13,4.0,fit,1256,APsimfit10000led_npsclean,clean,likelihood,,0.00013671282827397888,7.925949334221032e-07,0.48522,0.002984445753761711,50000,
91,1,0.6,fit,1268,APsimfit10000led_npsclean,clean,likelihood,,0.00011919017314068479,7.713333035164597e-07,0.5512,0.0029043869766812408,50000,
91,9,2.0,fit,1257,APsimfit10000led_npsclean,clean,likelihood,,0.000141817184619264,7.934318086320651e-07,0.466,0.0029875969329599124,50000,
91,19,8.0,fit,1249,APsimfit10000led_npsclean,clean,likelihood,,0.00014362840783855874,8.134612696963164e-07,0.45918,0.003063016087817802,50000,
91,7,1.8,fit,1265,APsimfit10000led_npsclean,clean,likelihood,,0.00014383024503015167,7.911952680996316e-07,0.45842,0.002979175438431405,50000,
91,23,20.0,fit,1247,APsimfit10000led_npsclean,clean,likelihood,,0.0001536618408627456,8.348458138216482e-07,0.4214,0.0031435376874644505,50000,
91,11,3.0,fit,1257,APsimfit10000led_npsclean,clean,likelihood,,0.00013602233261852928,7.916288403817868e-07,0.48782,0.002980808016311811,50000,
91,5,1.4,fit,1267,APsimfit10000led_npsclean,clean,likelihood,,0.00014664534270236927,7.812860393889049e-07,0.44782,0.0029418631187309806,50000,
91,21,10.0,fit,1248,APsimfit10000led_npsclean,clean,likelihood,,0.0001498641147577728,8.254989814634781e-07,0.4357,0.0031083430212280366,50000,
91,15,5.0,fit,1255,APsimfit10000led_npsclean,clean,likelihood,,0.0001386090355739443,8.088857927080844e-07,0.47808,0.0030457875360151735,50000,
91,3,1.0,fit,1268,APsimfit10000led_npsclean,clean,likelihood,,0.0001443932645645952,7.981392119068958e-07,0.4563,0.0030053222414654244,50000,
91,1,0.6,fit,1269,APsimfit10000led_npsclean,clean,likelihood,,0.00011818098718271998,7.742382270042289e-07,0.555,0.0029153252078034657,50000,
91,13,4.0,fit,1257,APsimfit10000led_npsclean,clean,likelihood,,0.00013646849904205054,7.983401533164454e-07,0.48614,0.003006078868477782,50000,
91,17,6.0,fit,1251,APsimfit10000led_npsclean,clean,likelihood,,0.00014181187311422208,8.105979213360344e-07,0.46602,0.0030522344041417683,50000,
91,9,2.0,fit,1258,APsimfit10000led_npsclean,clean,likelihood,,0.00014209338288144382,7.934051406334346e-07,0.46496,0.002987496516982068,50000,
91,19,8.0,fit,1250,APsimfit10000led_npsclean,clean,likelihood,,0.00014446762563518207,8.079668754877918e-07,0.45602,0.0030423274349212644,50000,
91,7,1.8,fit,1266,APsimfit10000led_npsclean,clean,likelihood,,0.00014403208222174465,8.091868856136396e-07,0.45766,0.00304692127458147,50000,
91,5,1.4,fit,1268,APsimfit10000led_npsclean,clean,likelihood,,0.00014785105434688512,7.93604928173684e-07,0.44328,0.0029882487992021643,50000,
91,11,3.0,fit,1258,APsimfit10000led_npsclean,clean,likelihood,,0.00013620292378995456,7.911868788627307e-07,0.48714,0.0029791438495057245,50000,
91,23,20.0,fit,1248,APsimfit10000led_npsclean,clean,likelihood,,0.00015488348702238718,8.3841255861464e-07,0.4168,0.003156967947870275,50000,
91,21,10.0,fit,1249,APsimfit10000led_npsclean,clean,likelihood,,0.0001481166295989811,8.353536837792551e-07,0.44228,0.003145450026636111,50000,
91,3,1.0,fit,1269,APsimfit10000led_npsclean,clean,likelihood,,0.00014371870342427134,7.909527178409607e-07,0.45884,0.0029782621369970406,50000,
91,15,5.0,fit,1256,APsimfit10000led_npsclean,clean,likelihood,,0.00013814693463529726,7.972649026219187e-07,0.47982,0.003002030107585943,50000,
91,1,0.6,fit,1270,APsimfit10000led_npsclean,clean,likelihood,,0.00011945574839278079,7.71808039905854e-07,0.5502,0.0029061745543476365,50000,
91,13,4.0,fit,1258,APsimfit10000led_npsclean,clean,likelihood,,0.00013720679824287744,7.974904848736609e-07,0.48336,0.0030028795174988085,50000,
91,17,6.0,fit,1252,APsimfit10000led_npsclean,clean,likelihood,,0.00014280512455706112,8.12542779765942e-07,0.46228,0.00305955759564609,50000,
91,9,2.0,fit,1259,APsimfit10000led_npsclean,clean,likelihood,,0.00014163659344783872,8.112945027776534e-07,0.46668,0.0030548573196285136,50000,
91,7,1.8,fit,1267,APsimfit10000led_npsclean,clean,likelihood,,0.0001450890717250867,7.807291352205747e-07,0.45368,0.0029397661455983753,50000,
91,19,8.0,fit,1251,APsimfit10000led_npsclean,clean,likelihood,,0.00014526966289651197,8.202942422528215e-07,0.453,0.0030887450384733213,50000,
91,5,1.4,fit,1269,APsimfit10000led_npsclean,clean,likelihood,,0.0001460717001578419,7.853372747708653e-07,0.44998,0.002957117685374472,50000,
91,11,3.0,fit,1259,APsimfit10000led_npsclean,clean,likelihood,,0.0001367446973042304,7.970093666339468e-07,0.4851,0.003001067909542431,50000,
91,23,20.0,fit,1249,APsimfit10000led_npsclean,clean,likelihood,,0.0001526260973795712,8.241061471210206e-07,0.4253,0.0031030984273456444,50000,
91,3,1.0,fit,1270,APsimfit10000led_npsclean,clean,likelihood,,0.000144340149514176,7.984865848777202e-07,0.4565,0.0030066302435028235,50000,
91,1,0.6,fit,1271,APsimfit10000led_npsclean,clean,likelihood,,0.00011742144196172544,7.676844444693787e-07,0.55786,0.0028906475223522583,50000,
91,21,10.0,fit,1250,APsimfit10000led_npsclean,clean,likelihood,,0.0001487805677292211,8.201355415780203e-07,0.43978,0.003088147465192119,50000,
91,15,5.0,fit,1257,APsimfit10000led_npsclean,clean,likelihood,,0.00013778575229244673,8.092987116200336e-07,0.48118,0.0030473423454663194,50000,
91,13,4.0,fit,1259,APsimfit10000led_npsclean,clean,likelihood,,0.00013692528847565564,8.093573712835764e-07,0.48442,0.003047563223214076,50000,
91,7,1.8,fit,1268,APsimfit10000led_npsclean,clean,likelihood,,0.00014559897620911106,8.063677513837658e-07,0.45176,0.003036306075282498,50000,
91,17,6.0,fit,1253,APsimfit10000led_npsclean,clean,likelihood,,0.00014098327832768256,8.001696388074203e-07,0.46914,0.003012967633438132,50000,
91,9,2.0,fit,1260,APsimfit10000led_npsclean,clean,likelihood,,0.0001416897084982579,7.948167220052345e-07,0.46648,0.0029928117011366884,50000,
91,5,1.4,fit,1270,APsimfit10000led_npsclean,clean,likelihood,,0.00014707557461076482,8.150041227001915e-07,0.4462,0.0030688255636319014,50000,
91,19,8.0,fit,1252,APsimfit10000led_npsclean,clean,likelihood,,0.00014618855326876414,8.204423550524498e-07,0.44954,0.0030893027440519073,50000,
91,11,3.0,fit,1260,APsimfit10000led_npsclean,clean,likelihood,,0.00013599046358827774,7.845565056724386e-07,0.48794,0.0029541777687509736,50000,
91,3,1.0,fit,1271,APsimfit10000led_npsclean,clean,likelihood,,0.00014368683439401983,8.156374854997198e-07,0.45896,0.0030712104349424982,50000,
91,1,0.6,fit,1272,APsimfit10000led_npsclean,clean,likelihood,,0.0001198541112709248,7.789966399421799e-07,0.5487,0.0029332425886602893,50000,
91,23,20.0,fit,1250,APsimfit10000led_npsclean,clean,likelihood,,0.0001532103629341824,8.440492226979127e-07,0.4231,0.003178192305331245,50000,
91,21,10.0,fit,1251,APsimfit10000led_npsclean,clean,likelihood,,0.00014968352358634752,8.300172740719436e-07,0.43638,0.0031253562503328037,50000,
91,15,5.0,fit,1258,APsimfit10000led_npsclean,clean,likelihood,,0.000137966343463872,8.009619763853127e-07,0.4805,0.0030159511101425273,50000,
91,7,1.8,fit,1269,APsimfit10000led_npsclean,clean,likelihood,,0.00014406395125199614,7.931942920050247e-07,0.45754,0.0029867025852179227,50000,
91,13,4.0,fit,1260,APsimfit10000led_npsclean,clean,likelihood,,0.00013620823529499648,8.013208006591867e-07,0.48712,0.0030173022310434473,50000,
91,5,1.4,fit,1271,APsimfit10000led_npsclean,clean,likelihood,,0.00014559897620911106,8.142001525623195e-07,0.45176,0.0030657982855571307,50000,
91,17,6.0,fit,1254,APsimfit10000led_npsclean,clean,likelihood,,0.0001412116730444851,8.097317869512145e-07,0.46828,0.003048973052122014,50000,
91,9,2.0,fit,1261,APsimfit10000led_npsclean,clean,likelihood,,0.00014241738468900094,7.950525038634483e-07,0.46374,0.002993699516760896,50000,
91,19,8.0,fit,1253,APsimfit10000led_npsclean,clean,likelihood,,0.00014507313720996093,8.147788113522526e-07,0.45374,0.0030679771737832217,50000,
91,3,1.0,fit,1272,APsimfit10000led_npsclean,clean,likelihood,,0.00014300165024361215,8.148587154207096e-07,0.46154,0.0030682780454488845,50000,
91,11,3.0,fit,1261,APsimfit10000led_npsclean,clean,likelihood,,0.00013630384238575102,7.956617878974636e-07,0.48676,0.002995993721620749,50000,
91,1,0.6,fit,1273,APsimfit10000led_npsclean,clean,likelihood,,0.00011775075527432448,7.670745947437671e-07,0.55662,0.002888351187430994,50000,
91,23,20.0,fit,1251,APsimfit10000led_npsclean,clean,likelihood,,0.00015419830287197953,8.334805072929718e-07,0.41938,0.0031383967471174073,50000,
91,15,5.0,fit,1259,APsimfit10000led_npsclean,clean,likelihood,,0.00013854529751344125,8.240675806537127e-07,0.47832,0.0031029532087418644,50000,
91,21,10.0,fit,1252,APsimfit10000led_npsclean,clean,likelihood,,0.00015050680686784512,8.286059917204338e-07,0.43328,0.0031200421921125008,50000,
91,7,1.8,fit,1270,APsimfit10000led_npsclean,clean,likelihood,,0.0001445791672410624,8.017333147356145e-07,0.4556,0.00301885551612243,50000,
91,5,1.4,fit,1272,APsimfit10000led_npsclean,clean,likelihood,,0.00014620979928893184,7.937572709210691e-07,0.44946,0.0029888224322729517,50000,
91,13,4.0,fit,1261,APsimfit10000led_npsclean,clean,likelihood,,0.00013630384238575102,7.921594395534115e-07,0.48676,0.0029828059403180463,50000,
91,17,6.0,fit,1255,APsimfit10000led_npsclean,clean,likelihood,,0.00014188623418480895,8.092242880625173e-07,0.46574,0.003047062110177342,50000,
91,9,2.0,fit,1262,APsimfit10000led_npsclean,clean,likelihood,,0.00014235895813353986,8.021440270887347e-07,0.46396,0.0030204020169724856,50000,
91,3,1.0,fit,1273,APsimfit10000led_npsclean,clean,likelihood,,0.0001433893901116723,8.201183045688948e-07,0.46008,0.003088082560766765,50000,
91,1,0.6,fit,1274,APsimfit10000led_npsclean,clean,likelihood,,0.00011810131460709119,7.749028350475851e-07,0.5553,0.002917827730301744,50000,
91,19,8.0,fit,1254,APsimfit10000led_npsclean,clean,likelihood,,0.00014442513359484672,8.160524199948003e-07,0.45618,0.003072772833892723,50000,
91,11,3.0,fit,1262,APsimfit10000led_npsclean,clean,likelihood,,0.00013631977690087678,7.841891549220829e-07,0.4867,0.002952794542160934,50000,
91,23,20.0,fit,1252,APsimfit10000led_npsclean,clean,likelihood,,0.000155494310102208,8.370076441953302e-07,0.4145,0.003151677867532511,50000,
91,7,1.8,fit,1271,APsimfit10000led_npsclean,clean,likelihood,,0.0001430175847587379,7.925995123333459e-07,0.46148,0.0029844629952448937,50000,
91,15,5.0,fit,1260,APsimfit10000led_npsclean,clean,likelihood,,0.00013786542486807552,8.057407043591589e-07,0.48088,0.003033944985460845,50000,
91,5,1.4,fit,1273,APsimfit10000led_npsclean,clean,likelihood,,0.00014700121354017793,8.116354674767215e-07,0.44648,0.0030561411918883616,50000,
91,21,10.0,fit,1253,APsimfit10000led_npsclean,clean,likelihood,,0.000149784442182144,8.240575944618461e-07,0.436,0.003102915606624243,50000,
91,13,4.0,fit,1262,APsimfit10000led_npsclean,clean,likelihood,,0.0001369784035260749,7.87136353014116e-07,0.48422,0.002963891954546964,50000,
91,3,1.0,fit,1274,APsimfit10000led_npsclean,clean,likelihood,,0.00014257141833521662,8.089808583061546e-07,0.46316,0.0030461454970726136,50000,
91,9,2.0,fit,1263,APsimfit10000led_npsclean,clean,likelihood,,0.00014141882174111998,7.988148104576942e-07,0.4675,0.003007866147742332,50000,
91,17,6.0,fit,1256,APsimfit10000led_npsclean,clean,likelihood,,0.00014193934923522814,8.070602806234355e-07,0.46554,0.0030389137325630773,50000,
91,1,0.6,fit,1275,APsimfit10000led_npsclean,clean,likelihood,,0.00011838813587935487,7.769373271246784e-07,0.55422,0.0029254884293353945,50000,
91,19,8.0,fit,1255,APsimfit10000led_npsclean,clean,likelihood,,0.00014549274610827263,8.232621708484263e-07,0.45216,0.0030999205097274425,50000,
91,11,3.0,fit,1263,APsimfit10000led_npsclean,clean,likelihood,,0.00013646318753700865,7.835088310657211e-07,0.48616,0.002950232843166045,50000,
91,7,1.8,fit,1272,APsimfit10000led_npsclean,clean,likelihood,,0.00014344781666713344,8.000713993079136e-07,0.45986,0.0030125977213370176,50000,
91,23,20.0,fit,1253,APsimfit10000led_npsclean,clean,likelihood,,0.0001547985029417165,8.441359931972307e-07,0.41712,0.0031785190319318342,50000,
91,5,1.4,fit,1274,APsimfit10000led_npsclean,clean,likelihood,,0.00014531746644188927,8.009885911884666e-07,0.45282,0.003016051325817534,50000,
91,15,5.0,fit,1261,APsimfit10000led_npsclean,clean,likelihood,,0.0001373820779092608,7.911869518994014e-07,0.4827,0.002979144124518815,50000,
91,21,10.0,fit,1254,APsimfit10000led_npsclean,clean,likelihood,,0.00014947637488971265,8.257973250708868e-07,0.43716,0.0031094664075565974,50000,
91,3,1.0,fit,1275,APsimfit10000led_npsclean,clean,likelihood,,0.00014308663432428288,8.007142027775437e-07,0.46122,0.0030150181406515316,50000,
91,13,4.0,fit,1263,APsimfit10000led_npsclean,clean,likelihood,,0.00013676594332439807,7.83551341995226e-07,0.48502,0.002950392914291533,50000,
91,1,0.6,fit,1276,APsimfit10000led_npsclean,clean,likelihood,,0.00011851561200036095,7.613388650488322e-07,0.55374,0.0028667538072170364,50000,
91,9,2.0,fit,1264,APsimfit10000led_npsclean,clean,likelihood,,0.0001417640695688448,7.97944484159906e-07,0.4662,0.0030045890114469907,50000,
91,17,6.0,fit,1257,APsimfit10000led_npsclean,clean,likelihood,,0.00014099921284280834,8.157706510034212e-07,0.46908,0.003071711857807206,50000,
91,19,8.0,fit,1256,APsimfit10000led_npsclean,clean,likelihood,,0.00014632134089481215,8.216194389141457e-07,0.44904,0.003093734948680938,50000,
91,11,3.0,fit,1264,APsimfit10000led_npsclean,clean,likelihood,,0.00013622948131516418,7.865017874927811e-07,0.48704,0.002961502554494336,50000,
91,7,1.8,fit,1273,APsimfit10000led_npsclean,clean,likelihood,,0.00014395240964611586,8.005700124934047e-07,0.45796,0.0030144752049562776,50000,
91,5,1.4,fit,1275,APsimfit10000led_npsclean,clean,likelihood,,0.00014545556557297922,8.087020368900114e-07,0.4523,0.003045095619819584,50000,
91,23,20.0,fit,1254,APsimfit10000led_npsclean,clean,likelihood,,0.00015444263210390781,8.393042854741961e-07,0.41846,0.003160325666078272,50000,
91,15,5.0,fit,1262,APsimfit10000led_npsclean,clean,likelihood,,0.00013831159129159678,7.844899688795188e-07,0.4792,0.002953927230372888,50000,
91,21,10.0,fit,1255,APsimfit10000led_npsclean,clean,likelihood,,0.00015024654312079103,8.362223870788441e-07,0.43426,0.003148721051676031,50000,
91,3,1.0,fit,1276,APsimfit10000led_npsclean,clean,likelihood,,0.00014284761659739647,8.010918704411119e-07,0.46212,0.003016440214661017,50000,
91,1,0.6,fit,1277,APsimfit10000led_npsclean,clean,likelihood,,0.00011976381568521216,7.660176114088679e-07,0.54904,0.002884371210657717,50000,
91,13,4.0,fit,1264,APsimfit10000led_npsclean,clean,likelihood,,0.0001362985308807091,8.022935675878307e-07,0.48678,0.003020965098426483,50000,
91,9,2.0,fit,1265,APsimfit10000led_npsclean,clean,likelihood,,0.00014167908548817407,7.92405648520858e-07,0.46652,0.0029837330182950167,50000,
91,17,6.0,fit,1258,APsimfit10000led_npsclean,clean,likelihood,,0.00014156223237725182,8.23623200553862e-07,0.46696,0.003101279934984827,50000,
91,19,8.0,fit,1257,APsimfit10000led_npsclean,clean,likelihood,,0.00014486067700828417,8.142501077246327e-07,0.45454,0.0030659863872794066,50000,
91,7,1.8,fit,1274,APsimfit10000led_npsclean,clean,likelihood,,0.0001437930644948582,7.956274906472797e-07,0.45856,0.002995864578374482,50000,
91,5,1.4,fit,1276,APsimfit10000led_npsclean,clean,likelihood,,0.0001466294081872435,7.93133711857415e-07,0.44788,0.002986474476058159,50000,
91,11,3.0,fit,1265,APsimfit10000led_npsclean,clean,likelihood,,0.00013529996793282817,7.716818576729109e-07,0.49054,0.002905699426368101,50000,
91,23,20.0,fit,1255,APsimfit10000led_npsclean,clean,likelihood,,0.00015564834374842364,8.463865411401771e-07,0.41392,0.003186993270119257,50000,
91,3,1.0,fit,1277,APsimfit10000led_npsclean,clean,likelihood,,0.00014405332824191233,7.878607714958885e-07,0.45758,0.0029666196879334712,50000,
91,15,5.0,fit,1263,APsimfit10000led_npsclean,clean,likelihood,,0.00013805663904958466,7.932540471502008e-07,0.48016,0.0029869275879043722,50000,
91,1,0.6,fit,1278,APsimfit10000led_npsclean,clean,likelihood,,0.00011976381568521216,7.844071285538809e-07,0.54904,0.002953615302491867,50000,
91,21,10.0,fit,1256,APsimfit10000led_npsclean,clean,likelihood,,0.00015152661583589375,8.313609355639223e-07,0.42944,0.0031304156882185786,50000,
91,13,4.0,fit,1265,APsimfit10000led_npsclean,clean,likelihood,,0.00013550180512442113,7.893364115128053e-07,0.48978,0.0029721760792209527,50000,
91,9,2.0,fit,1266,APsimfit10000led_npsclean,clean,likelihood,,0.0001429379121831091,8.150212088328447e-07,0.46178,0.003068889899945313,50000,
91,17,6.0,fit,1259,APsimfit10000led_npsclean,clean,likelihood,,0.00014189154568985086,8.224182407840153e-07,0.46572,0.0030967427661020464,50000,
91,7,1.8,fit,1275,APsimfit10000led_npsclean,clean,likelihood,,0.0001437027689091456,7.967015050779572e-07,0.4589,0.0029999086842247107,50000,
91,5,1.4,fit,1277,APsimfit10000led_npsclean,clean,likelihood,,0.00014772888973092096,7.935217077972955e-07,0.44374,0.0029879354402738314,50000,
91,19,8.0,fit,1258,APsimfit10000led_npsclean,clean,likelihood,,0.00014504126817970945,8.138838017237633e-07,0.45386,0.003064607094600671,50000,
91,11,3.0,fit,1266,APsimfit10000led_npsclean,clean,likelihood,,0.0001365906636580147,7.843912826601811e-07,0.48568,0.0029535556361879674,50000,
91,3,1.0,fit,1278,APsimfit10000led_npsclean,clean,likelihood,,0.00014442513359484672,8.244404643917688e-07,0.45618,0.0031043572693051627,50000,
91,1,0.6,fit,1279,APsimfit10000led_npsclean,clean,likelihood,,0.00011897771293900798,7.685139261908372e-07,0.552,0.00289377086202684,50000,
91,23,20.0,fit,1256,APsimfit10000led_npsclean,clean,likelihood,,0.00015551555612237567,8.37502747812818e-07,0.41442,0.003153542136185483,50000,
91,15,5.0,fit,1264,APsimfit10000led_npsclean,clean,likelihood,,0.00013742988145463807,8.131546355749497e-07,0.48252,0.0030618614842960255,50000,
91,21,10.0,fit,1257,APsimfit10000led_npsclean,clean,likelihood,,0.00014973132713172482,8.248966207965966e-07,0.4362,0.0031060748856915833,50000,
91,13,4.0,fit,1266,APsimfit10000led_npsclean,clean,likelihood,,0.0001369359114857395,7.976771448824938e-07,0.48438,0.0030035823691664985,50000,
91,9,2.0,fit,1267,APsimfit10000led_npsclean,clean,likelihood,,0.00014265640241588738,7.960260796670335e-07,0.46284,0.0029973654298906076,50000,
91,5,1.4,fit,1278,APsimfit10000led_npsclean,clean,likelihood,,0.0001472827233073997,8.080192021290702e-07,0.44542,0.0030425244662367406,50000,
91,7,1.8,fit,1276,APsimfit10000led_npsclean,clean,likelihood,,0.0001442976574738406,7.909034253979365e-07,0.45666,0.0029780765306853256,50000,
91,17,6.0,fit,1260,APsimfit10000led_npsclean,clean,likelihood,,0.00014058491544953857,8.077741064324346e-07,0.47064,0.00304160158018203,50000,
91,19,8.0,fit,1259,APsimfit10000led_npsclean,clean,likelihood,,0.00014527497440155394,8.327602148450468e-07,0.45298,0.003135684549944515,50000,
91,11,3.0,fit,1267,APsimfit10000led_npsclean,clean,likelihood,,0.00013731302834371582,7.980356134340472e-07,0.48296,0.003004932150626647,50000,
91,3,1.0,fit,1279,APsimfit10000led_npsclean,clean,likelihood,,0.00014425516543350528,8.212753557405665e-07,0.45682,0.003092439334082576,50000,
91,1,0.6,fit,1280,APsimfit10000led_npsclean,clean,likelihood,,0.0001185262350104448,7.672931117633248e-07,0.5537,0.0028891739938402246,50000,
91,15,5.0,fit,1265,APsimfit10000led_npsclean,clean,likelihood,,0.0001369890265361587,7.961725624996964e-07,0.48418,0.0029979169979735022,50000,
91,23,20.0,fit,1257,APsimfit10000led_npsclean,clean,likelihood,,0.000155759885354304,8.392543879715785e-07,0.4135,0.003160137781468453,50000,
91,21,10.0,fit,1258,APsimfit10000led_npsclean,clean,likelihood,,0.00014985349174768896,8.209393807177104e-07,0.43574,0.0030911742500048826,50000,
91,13,4.0,fit,1267,APsimfit10000led_npsclean,clean,likelihood,,0.00013766358767648254,7.980116573819038e-07,0.48164,0.003004841946242186,50000,
91,5,1.4,fit,1279,APsimfit10000led_npsclean,clean,likelihood,,0.0001466772117326208,8.075876681191757e-07,0.4477,0.0030408995632893133,50000,
91,7,1.8,fit,1277,APsimfit10000led_npsclean,clean,likelihood,,0.00014506782570491904,8.069932400583361e-07,0.45376,0.003038661297275639,50000,
91,9,2.0,fit,1268,APsimfit10000led_npsclean,clean,likelihood,,0.00014310788034445056,8.013635569248568e-07,0.46114,0.003017463225960453,50000,
91,17,6.0,fit,1261,APsimfit10000led_npsclean,clean,likelihood,,0.00014034589772265213,8.163362752776192e-07,0.47154,0.003073841665723169,50000,
91,11,3.0,fit,1268,APsimfit10000led_npsclean,clean,likelihood,,0.00013806195055462655,7.845485553605947e-07,0.48014,0.002954147832558572,50000,
91,3,1.0,fit,1280,APsimfit10000led_npsclean,clean,likelihood,,0.0001439152291108224,7.994224317937034e-07,0.4581,0.0030101540918606702,50000,
91,19,8.0,fit,1260,APsimfit10000led_npsclean,clean,likelihood,,0.0001437665069696486,8.303960569236758e-07,0.45866,0.003126782523484171,50000,
91,1,0.6,fit,1281,APsimfit10000led_npsclean,clean,likelihood,,0.0001180216420314624,7.645105891773953e-07,0.5556,0.0028786966524314565,50000,
91,15,5.0,fit,1266,APsimfit10000led_npsclean,clean,likelihood,,0.00013850280547310592,8.135812239696823e-07,0.47848,0.0030634677649692653,50000,
91,23,20.0,fit,1258,APsimfit10000led_npsclean,clean,likelihood,,0.0001553030959206989,8.340171271992183e-07,0.41522,0.00314041734166457,50000,
91,21,10.0,fit,1259,APsimfit10000led_npsclean,clean,likelihood,,0.00014961447402080257,8.475144253218092e-07,0.43664,0.003191240217727253,50000,
91,5,1.4,fit,1280,APsimfit10000led_npsclean,clean,likelihood,,0.00014705432859059712,8.054872614699797e-07,0.44628,0.003032990668794744,50000,
91,13,4.0,fit,1268,APsimfit10000led_npsclean,clean,likelihood,,0.0001380194585142912,7.874559386306351e-07,0.4803,0.0029650953257722447,50000,
91,7,1.8,fit,1278,APsimfit10000led_npsclean,clean,likelihood,,0.00014415955834275074,7.987995546746548e-07,0.45718,0.0030078087034476585,50000,
91,9,2.0,fit,1269,APsimfit10000led_npsclean,clean,likelihood,,0.00014143475625624574,7.854354372686343e-07,0.46744,0.0029574873075323884,50000,
91,3,1.0,fit,1281,APsimfit10000led_npsclean,clean,likelihood,,0.0001435115547276365,8.083073305986438e-07,0.45962,0.003043609388371991,50000,
91,17,6.0,fit,1262,APsimfit10000led_npsclean,clean,likelihood,,0.00014180656160918016,7.989871261030005e-07,0.46604,0.0030085149869844914,50000,
91,1,0.6,fit,1282,APsimfit10000led_npsclean,clean,likelihood,,0.00011833502082893567,7.633537520105254e-07,0.55442,0.0028743406849316994,50000,
91,11,3.0,fit,1269,APsimfit10000led_npsclean,clean,likelihood,,0.00013613387422440959,7.982494104497763e-07,0.4874,0.0030057371842811074,50000,
91,19,8.0,fit,1261,APsimfit10000led_npsclean,clean,likelihood,,0.0001443720185444275,8.191410513958896e-07,0.45638,0.00308440280082945,50000,
91,15,5.0,fit,1267,APsimfit10000led_npsclean,clean,likelihood,,0.0001386090355739443,7.957668977683459e-07,0.47808,0.0029963895034944466,50000,
91,23,20.0,fit,1259,APsimfit10000led_npsclean,clean,likelihood,,0.00015481443745684223,8.5231257765892e-07,0.41706,0.0032093072337584625,50000,
91,5,1.4,fit,1281,APsimfit10000led_npsclean,clean,likelihood,,0.00014693216397463295,8.053095718133638e-07,0.44674,0.003032321594190791,50000,
91,7,1.8,fit,1279,APsimfit10000led_npsclean,clean,likelihood,,0.00014377181847469056,8.106060598701679e-07,0.45864,0.003052265049068467,50000,
91,21,10.0,fit,1260,APsimfit10000led_npsclean,clean,likelihood,,0.00014854155000233472,8.294787196124926e-07,0.44068,0.003123328371397547,50000,
91,13,4.0,fit,1269,APsimfit10000led_npsclean,clean,likelihood,,0.00013680312385969153,7.99501912817951e-07,0.48488,0.0030104533705909747,50000,
91,9,2.0,fit,1270,APsimfit10000led_npsclean,clean,likelihood,,0.00014236958114362367,7.982955727340168e-07,0.46392,0.0030059110042582183,50000,
91,3,1.0,fit,1282,APsimfit10000led_npsclean,clean,likelihood,,0.00014270420596126463,7.976712220440923e-07,0.46266,0.0030035600672450855,50000,
91,1,0.6,fit,1283,APsimfit10000led_npsclean,clean,likelihood,,0.00011928578023143936,7.703738007915358e-07,0.55084,0.0029007740544780185,50000,
91,17,6.0,fit,1263,APsimfit10000led_npsclean,clean,likelihood,,0.00014055304641928703,8.055513399122511e-07,0.47076,0.00303323195047203,50000,
91,11,3.0,fit,1270,APsimfit10000led_npsclean,clean,likelihood,,0.00013689873095044605,7.974905767097258e-07,0.48452,0.003002879863299346,50000,
91,19,8.0,fit,1262,APsimfit10000led_npsclean,clean,likelihood,,0.00014538651600743422,8.175405596465544e-07,0.45256,0.0030783762914438667,50000,
91,15,5.0,fit,1268,APsimfit10000led_npsclean,clean,likelihood,,0.00013937389229998077,7.944284980483434e-07,0.4752,0.0029913498783432344,50000,
91,5,1.4,fit,1282,APsimfit10000led_npsclean,clean,likelihood,,0.00014603451962254846,8.032409093780935e-07,0.45012,0.0030245322297114434,50000,
91,7,1.8,fit,1280,APsimfit10000led_npsclean,clean,likelihood,,0.00014430296897888258,8.046444615761402e-07,0.45664,0.0030298171807261534,50000,
91,23,20.0,fit,1260,APsimfit10000led_npsclean,clean,likelihood,,0.00015336970808544,8.390122603938182e-07,0.4225,0.0031592260716014776,50000,
91,13,4.0,fit,1270,APsimfit10000led_npsclean,clean,likelihood,,0.00013734489737396736,8.0048188447524e-07,0.48284,0.0030141433667391655,50000,
91,21,10.0,fit,1261,APsimfit10000led_npsclean,clean,likelihood,,0.0001487805677292211,8.272435056819092e-07,0.43978,0.0031149118720703605,50000,
91,9,2.0,fit,1271,APsimfit10000led_npsclean,clean,likelihood,,0.00014061678447979006,8.015707073066779e-07,0.47052,0.0030182432323058723,50000,
91,3,1.0,fit,1283,APsimfit10000led_npsclean,clean,likelihood,,0.00014488723453349376,8.117065058218018e-07,0.45444,0.0030564086804608834,50000,
91,25,26.0,fit,1234,APsimfit10000led_npsclean,clean,likelihood,,0.00015991879380212735,8.387225976379941e-07,0.39784,0.003158135372247762,50000,
91,11,3.0,fit,1271,APsimfit10000led_npsclean,clean,likelihood,,0.00013505032719585795,7.903719868496396e-07,0.49148,0.0029760754460808584,50000,
91,17,6.0,fit,1264,APsimfit10000led_npsclean,clean,likelihood,,0.00014067521103525122,8.078639458756937e-07,0.4703,0.003041939862618176,50000,
91,19,8.0,fit,1263,APsimfit10000led_npsclean,clean,likelihood,,0.00014455792122089473,8.152014942457137e-07,0.45568,0.003069568748638654,50000,
91,5,1.4,fit,1283,APsimfit10000led_npsclean,clean,likelihood,,0.00014759610210487295,8.128077674749298e-07,0.44424,0.0030605553833047533,50000,
91,7,1.8,fit,1281,APsimfit10000led_npsclean,clean,likelihood,,0.00014367089987889407,7.974032653664264e-07,0.45902,0.00300255110019883,50000,
91,15,5.0,fit,1269,APsimfit10000led_npsclean,clean,likelihood,,0.00013808319657479426,8.039584983792068e-07,0.48006,0.0030272342472957244,50000,
91,13,4.0,fit,1271,APsimfit10000led_npsclean,clean,likelihood,,0.00013473163689334272,7.853330007464545e-07,0.49268,0.002957101591915548,50000,
91,23,20.0,fit,1261,APsimfit10000led_npsclean,clean,likelihood,,0.00015420892588206335,8.308761526729669e-07,0.41934,0.0031285902813437687,50000,
91,21,10.0,fit,1262,APsimfit10000led_npsclean,clean,likelihood,,0.0001497897536871859,8.161145521444265e-07,0.43598,0.0030730067869780948,50000,
91,27,30.0,fit,1234,APsimfit10000led_npsclean,clean,likelihood,,0.0001621868064550272,8.617885947639513e-07,0.3893,0.0032449883336736225,50000,
91,9,2.0,fit,1272,APsimfit10000led_npsclean,clean,likelihood,,0.0001411851155192755,8.063738569875649e-07,0.46838,0.0030363290653907665,50000,
91,25,26.0,fit,1235,APsimfit10000led_npsclean,clean,likelihood,,0.00016082174965925374,8.554241941885295e-07,0.39444,0.00322102374915307,50000,
91,11,3.0,fit,1272,APsimfit10000led_npsclean,clean,likelihood,,0.0001361126282042419,7.920051239024695e-07,0.48748,0.002982224878454322,50000,
91,17,6.0,fit,1265,APsimfit10000led_npsclean,clean,likelihood,,0.00014045212782349056,8.028533951703348e-07,0.47114,0.0030230730794152455,50000,
91,29,40.0,fit,1234,APsimfit10000led_npsclean,clean,likelihood,,0.00015994003982229503,8.651143242423209e-07,0.39776,0.00325751107234043,50000,
91,7,1.8,fit,1282,APsimfit10000led_npsclean,clean,likelihood,,0.00014323004496041473,7.78975729304543e-07,0.46068,0.0029331638515133905,50000,
91,19,8.0,fit,1264,APsimfit10000led_npsclean,clean,likelihood,,0.00014557773018894336,8.312748891990466e-07,0.45184,0.00313009168828185,50000,
91,15,5.0,fit,1270,APsimfit10000led_npsclean,clean,likelihood,,0.00013854529751344125,8.028657071901673e-07,0.47832,0.0030231194392312875,50000,
91,13,4.0,fit,1272,APsimfit10000led_npsclean,clean,likelihood,,0.00013651630258742784,7.947405039980279e-07,0.48596,0.002992524709006943,50000,
91,27,30.0,fit,1235,APsimfit10000led_npsclean,clean,likelihood,,0.0001629516631810637,8.675023232011814e-07,0.38642,0.0032665028701077807,50000,
91,23,20.0,fit,1262,APsimfit10000led_npsclean,clean,likelihood,,0.00015465509230558466,8.244205312642074e-07,0.41766,0.0031042822128855454,50000,
91,25,26.0,fit,1236,APsimfit10000led_npsclean,clean,likelihood,,0.00016131571962815233,8.648248749242299e-07,0.39258,0.0032564211766675216,50000,
91,9,2.0,fit,1273,APsimfit10000led_npsclean,clean,likelihood,,0.00014220492448732417,8.047003587711588e-07,0.46454,0.003030027656644288,50000,
91,21,10.0,fit,1263,APsimfit10000led_npsclean,clean,likelihood,,0.0001485468615073766,8.18603527693172e-07,0.44066,0.00308237880311703,50000,
91,11,3.0,fit,1273,APsimfit10000led_npsclean,clean,likelihood,,0.0001348591130143488,7.913500515189437e-07,0.4922,0.0029797582616353383,50000,
91,29,40.0,fit,1235,APsimfit10000led_npsclean,clean,likelihood,,0.00015999315487271422,8.678917372716719e-07,0.39756,0.0032679691741681824,50000,
91,17,6.0,fit,1266,APsimfit10000led_npsclean,clean,likelihood,,0.00014098327832768256,8.044763966147101e-07,0.46914,0.00302918434705621,50000,
91,7,1.8,fit,1283,APsimfit10000led_npsclean,clean,likelihood,,0.00014497221861416444,7.860321306347044e-07,0.45412,0.0029597341033515048,50000,
91,15,5.0,fit,1271,APsimfit10000led_npsclean,clean,likelihood,,0.00013619230077987072,7.938677681807656e-07,0.48718,0.002989238499880248,50000,
91,19,8.0,fit,1265,APsimfit10000led_npsclean,clean,likelihood,,0.00014487130001836798,8.143979448986275e-07,0.4545,0.0030665430550141748,50000,
91,13,4.0,fit,1273,APsimfit10000led_npsclean,clean,likelihood,,0.00013545931308408575,7.986920244583717e-07,0.48994,0.0030074038079785422,50000,
91,27,30.0,fit,1236,APsimfit10000led_npsclean,clean,likelihood,,0.00016350937121046528,8.678759367967472e-07,0.38432,0.003267909678884642,50000,
91,25,26.0,fit,1237,APsimfit10000led_npsclean,clean,likelihood,,0.00016196903474830846,8.416571462765869e-07,0.39012,0.0031691851542414995,50000,
91,9,2.0,fit,1274,APsimfit10000led_npsclean,clean,likelihood,,0.00014077081812600574,7.862788666605953e-07,0.46994,0.0029606631659201874,50000,
91,23,20.0,fit,1263,APsimfit10000led_npsclean,clean,likelihood,,0.0001533431505602304,8.387461406000918e-07,0.4226,0.0031582240211783827,50000,
91,21,10.0,fit,1264,APsimfit10000led_npsclean,clean,likelihood,,0.00015062365997876737,8.453683201224717e-07,0.43284,0.003183159249405093,50000,
91,11,3.0,fit,1274,APsimfit10000led_npsclean,clean,likelihood,,0.000135708953821056,7.915842582479309e-07,0.489,0.0029806401462504854,50000,
91,29,40.0,fit,1236,APsimfit10000led_npsclean,clean,likelihood,,0.00016017905754918144,8.723878271912866e-07,0.39686,0.0032848988010220786,50000,
91,17,6.0,fit,1267,APsimfit10000led_npsclean,clean,likelihood,,0.00014204557933606655,8.122763598793929e-07,0.46514,0.0030585544152501518,50000,
91,15,5.0,fit,1272,APsimfit10000led_npsclean,clean,likelihood,,0.0001377751292823629,8.049205450711881e-07,0.48122,0.0030308567485807223,50000,
91,27,30.0,fit,1237,APsimfit10000led_npsclean,clean,likelihood,,0.00016438576954238207,8.598184333097982e-07,0.38102,0.003237569865881146,50000,
91,19,8.0,fit,1266,APsimfit10000led_npsclean,clean,likelihood,,0.00014449418316039167,8.118090217865285e-07,0.45592,0.0030567946952115713,50000,
91,25,26.0,fit,1238,APsimfit10000led_npsclean,clean,likelihood,,0.00016190529668780543,8.613127100433129e-07,0.39036,0.0032431964320680227,50000,
91,13,4.0,fit,1274,APsimfit10000led_npsclean,clean,likelihood,,0.0001359798405781939,7.861025301629932e-07,0.48798,0.0029599991865161945,50000,
91,9,2.0,fit,1275,APsimfit10000led_npsclean,clean,likelihood,,0.0001413657066907008,7.9919502914111e-07,0.4677,0.003009297827390247,50000,
91,23,20.0,fit,1264,APsimfit10000led_npsclean,clean,likelihood,,0.0001553827684963277,8.504656766657502e-07,0.41492,0.0032023528922729754,50000,
91,21,10.0,fit,1265,APsimfit10000led_npsclean,clean,likelihood,,0.00014960916251576062,8.261715970429273e-07,0.43666,0.0031108756953915394,50000,
91,29,40.0,fit,1237,APsimfit10000led_npsclean,clean,likelihood,,0.0001611776204970624,8.510985800528283e-07,0.3931,0.003204736033706837,50000,
91,11,3.0,fit,1275,APsimfit10000led_npsclean,clean,likelihood,,0.00013657472914288893,7.966779423020316e-07,0.48574,0.0029998199606868824,50000,
91,27,30.0,fit,1238,APsimfit10000led_npsclean,clean,likelihood,,0.00016362091281634558,8.621087878008582e-07,0.3839,0.0032461939920863697,50000,
91,15,5.0,fit,1273,APsimfit10000led_npsclean,clean,likelihood,,0.00013689341944540416,8.099258761972788e-07,0.48454,0.0030497038779219807,50000,
91,25,26.0,fit,1239,APsimfit10000led_npsclean,clean,likelihood,,0.00016156536036512255,8.447583066154693e-07,0.39164,0.003180862297779563,50000,
91,17,6.0,fit,1268,APsimfit10000led_npsclean,clean,likelihood,,0.0001424067616789171,7.93894473712759e-07,0.46378,0.0029893390571866327,50000,
91,13,4.0,fit,1275,APsimfit10000led_npsclean,clean,likelihood,,0.00013714306018237438,7.931246438015782e-07,0.4836,0.002986440331100128,50000,
91,19,8.0,fit,1267,APsimfit10000led_npsclean,clean,likelihood,,0.00014702777106538752,8.320473394351912e-07,0.44638,0.0031330002809690383,50000,
91,9,2.0,fit,1276,APsimfit10000led_npsclean,clean,likelihood,,0.00014172157752850943,7.867240388071208e-07,0.46636,0.0029623394220585596,50000,
91,29,40.0,fit,1238,APsimfit10000led_npsclean,clean,likelihood,,0.00016076863460883455,8.656364558663329e-07,0.39464,0.003259477112548963,50000,
91,23,20.0,fit,1265,APsimfit10000led_npsclean,clean,likelihood,,0.00015407082675097342,8.428913495713635e-07,0.41986,0.0031738324370174206,50000,
91,21,10.0,fit,1266,APsimfit10000led_npsclean,clean,likelihood,,0.000148589353547712,8.352641341704277e-07,0.4405,0.003145112835545749,50000,
91,11,3.0,fit,1276,APsimfit10000led_npsclean,clean,likelihood,,0.0001365109910823859,7.826601802459385e-07,0.48598,0.0029470373239560096,50000,
91,27,30.0,fit,1239,APsimfit10000led_npsclean,clean,likelihood,,0.0001635412402407168,8.614914881055149e-07,0.3842,0.0032438696049664423,50000,
91,25,26.0,fit,1240,APsimfit10000led_npsclean,clean,likelihood,,0.00016158660638529023,8.385531565796193e-07,0.39156,0.0031574973570071187,50000,
91,15,5.0,fit,1274,APsimfit10000led_npsclean,clean,likelihood,,0.00013715899469750014,7.830872402296259e-07,0.48354,0.002948645380355531,50000,
91,17,6.0,fit,1269,APsimfit10000led_npsclean,clean,likelihood,,0.00014146131378145536,8.253415968115066e-07,0.46734,0.003107750403313794,50000,
91,13,4.0,fit,1276,APsimfit10000led_npsclean,clean,likelihood,,0.00013697309202103294,7.869016977819383e-07,0.48424,0.0029630083811329287,50000,
91,19,8.0,fit,1268,APsimfit10000led_npsclean,clean,likelihood,,0.00014607701166288384,8.230320255198209e-07,0.44996,0.003099053917954342,50000,
91,9,2.0,fit,1277,APsimfit10000led_npsclean,clean,likelihood,,0.0001433840786066304,7.969713265478049e-07,0.4601,0.003000924672980132,50000,
91,29,40.0,fit,1239,APsimfit10000led_npsclean,clean,likelihood,,0.00016057210892228349,8.607666319903926e-07,0.39538,0.003241140223710465,50000,
91,11,3.0,fit,1277,APsimfit10000led_npsclean,clean,likelihood,,0.000137302405333632,8.047692818946544e-07,0.483,0.0030302871805379925,50000,
91,23,20.0,fit,1266,APsimfit10000led_npsclean,clean,likelihood,,0.00015372557892324865,8.419488189496172e-07,0.42116,0.003170283421759758,50000,
91,21,10.0,fit,1267,APsimfit10000led_npsclean,clean,likelihood,,0.00015071395556448,8.212434037058459e-07,0.4325,0.0030923190215366276,50000,
91,27,30.0,fit,1240,APsimfit10000led_npsclean,clean,likelihood,,0.00016398740666423808,8.400750077801498e-07,0.38252,0.003163227752397953,50000,
91,25,26.0,fit,1241,APsimfit10000led_npsclean,clean,likelihood,,0.00016041807527606783,8.289652775105366e-07,0.39596,0.0031213950508117475,50000,
91,15,5.0,fit,1275,APsimfit10000led_npsclean,clean,likelihood,,0.0001387843152403277,7.992810696168477e-07,0.47742,0.00300962180515195,50000,
91,13,4.0,fit,1277,APsimfit10000led_npsclean,clean,likelihood,,0.00013727053630338047,7.98722574935483e-07,0.48312,0.003007518843083923,50000,
91,17,6.0,fit,1270,APsimfit10000led_npsclean,clean,likelihood,,0.00014220492448732417,8.104424761026803e-07,0.46454,0.0030516490889359,50000,
91,9,2.0,fit,1278,APsimfit10000led_npsclean,clean,likelihood,,0.0001423748926486656,8.011185889910156e-07,0.4639,0.003016540820985186,50000,
91,19,8.0,fit,1269,APsimfit10000led_npsclean,clean,likelihood,,0.00014509969473517053,8.238870241217974e-07,0.45364,0.0031022733391738596,50000,
91,29,40.0,fit,1240,APsimfit10000led_npsclean,clean,likelihood,,0.00016148037628445185,8.296885000012968e-07,0.39196,0.003124118280800432,50000,
91,11,3.0,fit,1278,APsimfit10000led_npsclean,clean,likelihood,,0.00013616574325466113,7.966806072172647e-07,0.48728,0.0029998299951882602,50000,
91,23,20.0,fit,1267,APsimfit10000led_npsclean,clean,likelihood,,0.00015600952609127423,8.458822433067972e-07,0.41256,0.0031850943814637827,50000,
91,27,30.0,fit,1241,APsimfit10000led_npsclean,clean,likelihood,,0.00016294104017097982,8.532165509843656e-07,0.38646,0.0032127110649449574,50000,
91,21,10.0,fit,1268,APsimfit10000led_npsclean,clean,likelihood,,0.0001501934280703718,8.222018337851207e-07,0.43446,0.0030959279047880245,50000,
91,25,26.0,fit,1242,APsimfit10000led_npsclean,clean,likelihood,,0.00016163972143570945,8.417844159825626e-07,0.39136,0.0031696643770040547,50000,
91,15,5.0,fit,1276,APsimfit10000led_npsclean,clean,likelihood,,0.0001383965753722675,7.98017852251324e-07,0.47888,0.0030048652724722143,50000,
91,13,4.0,fit,1278,APsimfit10000led_npsclean,clean,likelihood,,0.00013660128666809855,8.098863857197487e-07,0.48564,0.003049555180039861,50000,
91,9,2.0,fit,1279,APsimfit10000led_npsclean,clean,likelihood,,0.0001417375120436352,7.989951511298816e-07,0.4663,0.003008545204509723,50000,
91,17,6.0,fit,1271,APsimfit10000led_npsclean,clean,likelihood,,0.0001395916640066995,8.04814329007603e-07,0.47438,0.003030456801436751,50000,
91,29,40.0,fit,1241,APsimfit10000led_npsclean,clean,likelihood,,0.00016008345045842687,8.489514323106046e-07,0.39722,0.003196651139782129,50000,
91,19,8.0,fit,1270,APsimfit10000led_npsclean,clean,likelihood,,0.0001464116364805248,8.387809019102252e-07,0.4487,0.003158354911801131,50000,
91,11,3.0,fit,1279,APsimfit10000led_npsclean,clean,likelihood,,0.00013518842632694782,7.970960199254427e-07,0.49096,0.003001394194807387,50000,
91,27,30.0,fit,1242,APsimfit10000led_npsclean,clean,likelihood,,0.00016390242258356735,8.513482507992995e-07,0.38284,0.0032056761467049444,50000,
91,25,26.0,fit,1243,APsimfit10000led_npsclean,clean,likelihood,,0.00016073676557858303,8.315403529828987e-07,0.39476,0.003131091268558088,50000,
91,23,20.0,fit,1268,APsimfit10000led_npsclean,clean,likelihood,,0.00015420361437702145,8.471207874981058e-07,0.41936,0.003189758009499654,50000,
91,21,10.0,fit,1269,APsimfit10000led_npsclean,clean,likelihood,,0.00014961447402080257,8.25167223222043e-07,0.43664,0.003107093815065878,50000,
91,15,5.0,fit,1277,APsimfit10000led_npsclean,clean,likelihood,,0.00013888523383612415,7.998453442928176e-07,0.47704,0.0030117465312757756,50000,
91,13,4.0,fit,1279,APsimfit10000led_npsclean,clean,likelihood,,0.0001353902635185408,7.930035459788658e-07,0.4902,0.0029859843480152712,50000,
91,9,2.0,fit,1280,APsimfit10000led_npsclean,clean,likelihood,,0.0001420083988007731,8.047138149060513e-07,0.46528,0.0030300783245238673,50000,
91,29,40.0,fit,1242,APsimfit10000led_npsclean,clean,likelihood,,0.00016049774785169662,8.490475589258917e-07,0.39566,0.003197013096005566,50000,
91,17,6.0,fit,1272,APsimfit10000led_npsclean,clean,likelihood,,0.00014089829424701183,7.974982489328887e-07,0.46946,0.003002908752373544,50000,
91,11,3.0,fit,1280,APsimfit10000led_npsclean,clean,likelihood,,0.00013617105475970302,7.980316656083623e-07,0.48726,0.003004917285440024,50000,
91,19,8.0,fit,1271,APsimfit10000led_npsclean,clean,likelihood,,0.00014366558837385215,8.122581608029898e-07,0.45904,0.0030584858882459994,50000,
91,27,30.0,fit,1243,APsimfit10000led_npsclean,clean,likelihood,,0.00016265421889871616,8.43017949208799e-07,0.38754,0.003174309136696462,50000,
91,25,26.0,fit,1244,APsimfit10000led_npsclean,clean,likelihood,,0.0001618203126071347,8.281841592393542e-07,0.39068,0.0031184538194092824,50000,
91,15,5.0,fit,1278,APsimfit10000led_npsclean,clean,likelihood,,0.00013770607971681792,8.058638711270142e-07,0.48148,0.0030344087589746914,50000,
91,23,20.0,fit,1269,APsimfit10000led_npsclean,clean,likelihood,,0.00015426735243752448,8.527528587280958e-07,0.41912,0.0032109650729799295,50000,
91,21,10.0,fit,1270,APsimfit10000led_npsclean,clean,likelihood,,0.00015098484232161792,8.32862331774967e-07,0.43148,0.0031360690621651164,50000,
91,13,4.0,fit,1280,APsimfit10000led_npsclean,clean,likelihood,,0.00013646849904205054,8.139961237744874e-07,0.48614,0.0030650300332963425,50000,
91,9,2.0,fit,1281,APsimfit10000led_npsclean,clean,likelihood,,0.0001421889899721984,7.988938246502188e-07,0.4646,0.003008163668659289,50000,
91,29,40.0,fit,1243,APsimfit10000led_npsclean,clean,likelihood,,0.00015938233179289344,8.533425368320975e-07,0.39986,0.0032131854534534405,50000,
91,11,3.0,fit,1281,APsimfit10000led_npsclean,clean,likelihood,,0.00013682968138490113,7.821645317362e-07,0.48478,0.0029451710035597128,50000,
91,17,6.0,fit,1273,APsimfit10000led_npsclean,clean,likelihood,,0.00014003251892517887,8.113792188092489e-07,0.47272,0.003055176310313553,50000,
91,19,8.0,fit,1272,APsimfit10000led_npsclean,clean,likelihood,,0.0001449987761393741,8.175573726680594e-07,0.45402,0.0030784395993815315,50000,
91,27,30.0,fit,1244,APsimfit10000led_npsclean,clean,likelihood,,0.00016379088097768704,8.390416798338793e-07,0.38326,0.003159336847887404,50000,
91,25,26.0,fit,1245,APsimfit10000led_npsclean,clean,likelihood,,0.00016066240450799614,8.317662627190532e-07,0.39504,0.0031319419115843927,50000,
91,15,5.0,fit,1279,APsimfit10000led_npsclean,clean,likelihood,,0.00013756266908068607,8.065193125222424e-07,0.48202,0.0030368767652744324,50000,
91,23,20.0,fit,1270,APsimfit10000led_npsclean,clean,likelihood,,0.00015585018094001665,8.394805085978436e-07,0.41316,0.0031609892185827187,50000,
91,13,4.0,fit,1281,APsimfit10000led_npsclean,clean,likelihood,,0.00013724929028321276,7.95465239377361e-07,0.4832,0.0029952536356430406,50000,
91,21,10.0,fit,1271,APsimfit10000led_npsclean,clean,likelihood,,0.00014829190926536447,8.152383875769643e-07,0.44162,0.003069707667197365,50000,
91,29,40.0,fit,1244,APsimfit10000led_npsclean,clean,likelihood,,0.0001609120452449664,8.362425898467425e-07,0.3941,0.0031487971234023643,50000,
91,9,2.0,fit,1282,APsimfit10000led_npsclean,clean,likelihood,,0.00014112137745877246,7.927649172594e-07,0.46862,0.0029850858127881273,50000,
91,11,3.0,fit,1282,APsimfit10000led_npsclean,clean,likelihood,,0.00013564521576055294,7.841338491047521e-07,0.48924,0.002952586293022905,50000,
91,27,30.0,fit,1245,APsimfit10000led_npsclean,clean,likelihood,,0.00016294104017097982,8.375792667746633e-07,0.38646,0.003153830261533163,50000,
91,25,26.0,fit,1246,APsimfit10000led_npsclean,clean,likelihood,,0.0001612307355474816,8.646981504112854e-07,0.3929,0.0032559440067808534,50000,
91,17,6.0,fit,1274,APsimfit10000led_npsclean,clean,likelihood,,0.00014056898093441279,7.998499175801304e-07,0.4707,0.00301176375158255,50000,
91,19,8.0,fit,1273,APsimfit10000led_npsclean,clean,likelihood,,0.00014440388757467904,8.248340338093748e-07,0.45626,0.0031058392199556843,50000,
91,15,5.0,fit,1280,APsimfit10000led_npsclean,clean,likelihood,,0.00013741925844455423,8.108558862979037e-07,0.48256,0.003053205748270535,50000,
91,13,4.0,fit,1282,APsimfit10000led_npsclean,clean,likelihood,,0.000135576166195008,7.949198136062217e-07,0.4895,0.002993199883394536,50000,
91,29,40.0,fit,1245,APsimfit10000led_npsclean,clean,likelihood,,0.0001596054150046541,8.345442346724657e-07,0.39902,0.0031424021179910057,50000,
91,23,20.0,fit,1271,APsimfit10000led_npsclean,clean,likelihood,,0.0001528704266114995,8.237136827709142e-07,0.42438,0.003101620637728544,50000,
91,21,10.0,fit,1272,APsimfit10000led_npsclean,clean,likelihood,,0.00014903551997123328,8.206453359312437e-07,0.43882,0.0030900670505043795,50000,
91,9,2.0,fit,1283,APsimfit10000led_npsclean,clean,likelihood,,0.00014318224141503743,7.856650969531899e-07,0.46086,0.0029583520706559967,50000,
91,11,3.0,fit,1283,APsimfit10000led_npsclean,clean,likelihood,,0.00013784417884790781,7.842275827030251e-07,0.48096,0.002952939238553534,50000,
91,27,30.0,fit,1246,APsimfit10000led_npsclean,clean,likelihood,,0.0001633606490692915,8.766702763354539e-07,0.38488,0.003301023982530404,50000,
91,25,26.0,fit,1247,APsimfit10000led_npsclean,clean,likelihood,,0.000159876301761792,8.533752157968077e-07,0.398,0.003213308503189635,50000,
91,17,6.0,fit,1275,APsimfit10000led_npsclean,clean,likelihood,,0.00014268295994109698,8.130802383302293e-07,0.46274,0.003061581348085542,50000,
91,19,8.0,fit,1274,APsimfit10000led_npsclean,clean,likelihood,,0.00014485536550324222,8.109671866494662e-07,0.45456,0.003053624839848851,50000,
91,15,5.0,fit,1281,APsimfit10000led_npsclean,clean,likelihood,,0.00013844969042268673,7.948453178504753e-07,0.47868,0.0029929193762495425,50000,
91,13,4.0,fit,1283,APsimfit10000led_npsclean,clean,likelihood,,0.0001379929009890816,7.965877336013718e-07,0.4804,0.002999480287844824,50000,
91,29,40.0,fit,1246,APsimfit10000led_npsclean,clean,likelihood,,0.00016056148591219967,8.66847745635911e-07,0.39542,0.0032640381164829447,50000,
91,23,20.0,fit,1272,APsimfit10000led_npsclean,clean,likelihood,,0.00015327941249972736,8.326436195302547e-07,0.42284,0.0031352455206529227,50000,
91,21,10.0,fit,1273,APsimfit10000led_npsclean,clean,likelihood,,0.00014972070412164095,8.338432848126405e-07,0.43624,0.003139762753613892,50000,
91,27,30.0,fit,1247,APsimfit10000led_npsclean,clean,likelihood,,0.00016230897107099134,8.479860151005298e-07,0.38884,0.0031930159471109166,50000,
91,25,26.0,fit,1248,APsimfit10000led_npsclean,clean,likelihood,,0.0001622452330104883,8.611923273565989e-07,0.38908,0.0032427431417641865,50000,
91,15,5.0,fit,1282,APsimfit10000led_npsclean,clean,likelihood,,0.00013687217342523645,7.940385041570876e-07,0.48462,0.0029898813910192923,50000,
91,17,6.0,fit,1276,APsimfit10000led_npsclean,clean,likelihood,,0.00014188623418480895,8.111293992654231e-07,0.46574,0.0030542356370322358,50000,
91,19,8.0,fit,1275,APsimfit10000led_npsclean,clean,likelihood,,0.00014632134089481215,8.226122786566648e-07,0.44904,0.0030974733984599867,50000,
91,29,40.0,fit,1247,APsimfit10000led_npsclean,clean,likelihood,,0.0001592707901870131,8.500835383001526e-07,0.40028,0.00320091398423248,50000,
91,23,20.0,fit,1273,APsimfit10000led_npsclean,clean,likelihood,,0.00015427797544760832,8.369630578935962e-07,0.41908,0.0031515099817774105,50000,
91,21,10.0,fit,1274,APsimfit10000led_npsclean,clean,likelihood,,0.00015001283689894653,8.173032860354925e-07,0.43514,0.003077482858756938,50000,
91,25,26.0,fit,1249,APsimfit10000led_npsclean,clean,likelihood,,0.00015899459192483326,8.420535227322625e-07,0.40132,0.003170677674544304,50000,
91,27,30.0,fit,1248,APsimfit10000led_npsclean,clean,likelihood,,0.00016361028980626177,8.519007052417839e-07,0.38394,0.003207756364790494,50000,
91,15,5.0,fit,1283,APsimfit10000led_npsclean,clean,likelihood,,0.00013954917196636418,8.107280108963917e-07,0.47454,0.0030527242448152893,50000,
91,17,6.0,fit,1277,APsimfit10000led_npsclean,clean,likelihood,,0.0001426245333856358,8.083658651961064e-07,0.46296,0.0030438297951945414,50000,
91,19,8.0,fit,1276,APsimfit10000led_npsclean,clean,likelihood,,0.00014563084523936255,8.119757846371744e-07,0.45164,0.0030574226258991252,50000,
91,29,40.0,fit,1248,APsimfit10000led_npsclean,clean,likelihood,,0.0001611032594264755,8.474559661863871e-07,0.39338,0.003191020095050307,50000,
91,23,20.0,fit,1274,APsimfit10000led_npsclean,clean,likelihood,,0.00015435764802323713,8.304302449470725e-07,0.41878,0.003126911255446682,50000,
91,21,10.0,fit,1275,APsimfit10000led_npsclean,clean,likelihood,,0.00015101139984682752,8.31885996203788e-07,0.43138,0.003132392757375896,50000,
91,25,26.0,fit,1250,APsimfit10000led_npsclean,clean,likelihood,,0.00015991879380212735,8.467280874087202e-07,0.39784,0.0031882793322272566,50000,
91,27,30.0,fit,1249,APsimfit10000led_npsclean,clean,likelihood,,0.0001610182753458048,8.385224556625768e-07,0.3937,0.003157381755433553,50000,
91,17,6.0,fit,1278,APsimfit10000led_npsclean,clean,likelihood,,0.0001404999313688678,8.198601902563119e-07,0.47096,0.0030871106542711643,50000,
91,19,8.0,fit,1277,APsimfit10000led_npsclean,clean,likelihood,,0.00014622042229901568,8.212655514095065e-07,0.44942,0.0030924024167456533,50000,
91,29,40.0,fit,1249,APsimfit10000led_npsclean,clean,likelihood,,0.0001582403582088806,8.538381331310354e-07,0.40416,0.00321505157725461,50000,
91,21,10.0,fit,1276,APsimfit10000led_npsclean,clean,likelihood,,0.00015025185462583297,8.270109586052853e-07,0.43424,0.003114036236728631,50000,
91,23,20.0,fit,1275,APsimfit10000led_npsclean,clean,likelihood,,0.00015555273665766913,8.386969433523509e-07,0.41428,0.0031580387733160437,50000,
91,25,26.0,fit,1251,APsimfit10000led_npsclean,clean,likelihood,,0.00016084830718446336,8.606716133439829e-07,0.39434,0.003240782439445328,50000,
91,27,30.0,fit,1250,APsimfit10000led_npsclean,clean,likelihood,,0.0001616875249810867,8.524210054634732e-07,0.39118,0.003209715509016407,50000,
91,17,6.0,fit,1279,APsimfit10000led_npsclean,clean,likelihood,,0.00014005376494534658,8.067444911700189e-07,0.47264,0.003037724655452449,50000,
91,19,8.0,fit,1278,APsimfit10000led_npsclean,clean,likelihood,,0.0001445260521906432,8.112337430819689e-07,0.4558,0.003054628534396438,50000,
91,29,40.0,fit,1250,APsimfit10000led_npsclean,clean,likelihood,,0.0001594991849038157,8.561457439968676e-07,0.39942,0.0032237406808048085,50000,
91,21,10.0,fit,1277,APsimfit10000led_npsclean,clean,likelihood,,0.0001506608405140608,8.389365388016426e-07,0.4327,0.0031589409486783965,50000,
91,23,20.0,fit,1276,APsimfit10000led_npsclean,clean,likelihood,,0.0001546444692955008,8.214976214582476e-07,0.4177,0.0030932762558813017,50000,
91,25,26.0,fit,1252,APsimfit10000led_npsclean,clean,likelihood,,0.00016192654270797313,8.523744950141532e-07,0.39028,0.003209540378054644,50000,
91,27,30.0,fit,1251,APsimfit10000led_npsclean,clean,likelihood,,0.0001630738277970278,8.669666584625714e-07,0.38596,0.003264485872159431,50000,
91,17,6.0,fit,1280,APsimfit10000led_npsclean,clean,likelihood,,0.00014099390133776637,8.159374300268788e-07,0.4691,0.0030723398493920444,50000,
91,19,8.0,fit,1279,APsimfit10000led_npsclean,clean,likelihood,,0.00014430296897888258,8.239998590324403e-07,0.45664,0.003102698208997958,50000,
91,29,40.0,fit,1251,APsimfit10000led_npsclean,clean,likelihood,,0.00016016312303405569,8.603853056616577e-07,0.39692,0.0032397043733225794,50000,
91,21,10.0,fit,1278,APsimfit10000led_npsclean,clean,likelihood,,0.00014884430578972414,8.282396211059796e-07,0.43954,0.003118662656137056,50000,
91,23,20.0,fit,1277,APsimfit10000led_npsclean,clean,likelihood,,0.000155494310102208,8.455468835218001e-07,0.4145,0.0031838316140095474,50000,
91,25,26.0,fit,1253,APsimfit10000led_npsclean,clean,likelihood,,0.0001620274613037696,8.580930262731492e-07,0.3899,0.003231072999087152,50000,
91,27,30.0,fit,1252,APsimfit10000led_npsclean,clean,likelihood,,0.00016438045803734015,8.622751988603173e-07,0.38104,0.0032468205981354865,50000,
91,17,6.0,fit,1281,APsimfit10000led_npsclean,clean,likelihood,,0.00014189685719489278,8.069417005361198e-07,0.4657,0.0030384672297870097,50000,
91,29,40.0,fit,1252,APsimfit10000led_npsclean,clean,likelihood,,0.000161071390396224,8.57434595831335e-07,0.3935,0.003228593737798242,50000,
91,19,8.0,fit,1280,APsimfit10000led_npsclean,clean,likelihood,,0.00014469602035198462,8.168732621212893e-07,0.45516,0.0030758636419405765,50000,
91,23,20.0,fit,1278,APsimfit10000led_npsclean,clean,likelihood,,0.00015353967624678143,8.402483674616381e-07,0.42186,0.0031638805228655325,50000,
91,25,26.0,fit,1254,APsimfit10000led_npsclean,clean,likelihood,,0.00016071551955841533,8.494623818674276e-07,0.39484,0.003198575074910837,50000,
91,21,10.0,fit,1279,APsimfit10000led_npsclean,clean,likelihood,,0.00014855217301241858,8.314135011024085e-07,0.44064,0.0031306136190802506,50000,
91,27,30.0,fit,1253,APsimfit10000led_npsclean,clean,likelihood,,0.00016402989870457343,8.705217267490501e-07,0.38236,0.0032778721657181157,50000,
91,17,6.0,fit,1282,APsimfit10000led_npsclean,clean,likelihood,,0.00014040963578315518,7.985518430015638e-07,0.4713,0.0030068759671661865,50000,
91,29,40.0,fit,1253,APsimfit10000led_npsclean,clean,likelihood,,0.00016120948952731392,8.683252116794163e-07,0.39298,0.0032696013835111963,50000,
91,19,8.0,fit,1281,APsimfit10000led_npsclean,clean,likelihood,,0.0001464488170158182,8.289810735753729e-07,0.44856,0.0031214545294894923,50000,
91,25,26.0,fit,1255,APsimfit10000led_npsclean,clean,likelihood,,0.0001624523817071232,8.594462953673239e-07,0.3883,0.0032361686135448033,50000,
91,23,20.0,fit,1279,APsimfit10000led_npsclean,clean,likelihood,,0.0001536883983879552,8.399267636177228e-07,0.4213,0.003162669552184428,50000,
91,21,10.0,fit,1280,APsimfit10000led_npsclean,clean,likelihood,,0.00014926922619307775,8.258537738030765e-07,0.43794,0.0031096789602389134,50000,
91,27,30.0,fit,1254,APsimfit10000led_npsclean,clean,likelihood,,0.0001634031411096269,8.432147256189239e-07,0.38472,0.003175050080773788,50000,
91,17,6.0,fit,1283,APsimfit10000led_npsclean,clean,likelihood,,0.00014252361478983935,8.106642385224842e-07,0.46334,0.0030524841156112158,50000,
91,29,40.0,fit,1254,APsimfit10000led_npsclean,clean,likelihood,,0.00016053492838699008,8.534164687943572e-07,0.39552,0.0032134638376841856,50000,
91,19,8.0,fit,1282,APsimfit10000led_npsclean,clean,likelihood,,0.00014525372838138624,8.16412662410239e-07,0.45306,0.003074129294679621,50000,
91,25,26.0,fit,1256,APsimfit10000led_npsclean,clean,likelihood,,0.00016246831622224896,8.488732048086855e-07,0.38824,0.0031963565810787043,50000,
91,23,20.0,fit,1280,APsimfit10000led_npsclean,clean,likelihood,,0.0001545116816694528,8.201195787400638e-07,0.4182,0.0030880873585450177,50000,
91,21,10.0,fit,1281,APsimfit10000led_npsclean,clean,likelihood,,0.0001505280528880128,8.2875852366275e-07,0.4332,0.0031206165375799806,50000,
91,27,30.0,fit,1255,APsimfit10000led_npsclean,clean,likelihood,,0.00016463541027935232,8.545058005985109e-07,0.38008,0.0032175656197424023,50000,
91,19,8.0,fit,1283,APsimfit10000led_npsclean,clean,likelihood,,0.00014621511079397374,8.246399474235045e-07,0.44944,0.003105108404925524,50000,
91,29,40.0,fit,1255,APsimfit10000led_npsclean,clean,likelihood,,0.00016230365956594944,8.595491752246389e-07,0.38886,0.0032365559985006796,50000,
91,25,26.0,fit,1257,APsimfit10000led_npsclean,clean,likelihood,,0.00016245769321216513,8.513124740973331e-07,0.38828,0.003205541432714526,50000,
91,23,20.0,fit,1281,APsimfit10000led_npsclean,clean,likelihood,,0.00015529247291061504,8.388034231512877e-07,0.41526,0.003158439713532033,50000,
91,21,10.0,fit,1282,APsimfit10000led_npsclean,clean,likelihood,,0.0001499225413132339,8.238394292054883e-07,0.43548,0.003102094124748067,50000,
91,27,30.0,fit,1256,APsimfit10000led_npsclean,clean,likelihood,,0.00016453449168355583,8.410712659246159e-07,0.38046,0.0031669790738656097,50000,
91,29,40.0,fit,1256,APsimfit10000led_npsclean,clean,likelihood,,0.00016196903474830846,8.461418545465923e-07,0.39012,0.003186071924505712,50000,
91,23,20.0,fit,1282,APsimfit10000led_npsclean,clean,likelihood,,0.00015402302320559618,8.284519218335794e-07,0.42004,0.0031194620556515974,50000,
91,25,26.0,fit,1258,APsimfit10000led_npsclean,clean,likelihood,,0.00016135821166848768,8.523162151068809e-07,0.39242,0.0032093209302453607,50000,
91,21,10.0,fit,1283,APsimfit10000led_npsclean,clean,likelihood,,0.00015061834847372542,8.365015944986995e-07,0.43286,0.0031497723823917198,50000,
91,27,30.0,fit,1257,APsimfit10000led_npsclean,clean,likelihood,,0.0001646407217843942,8.601694465355283e-07,0.38006,0.0032388915749747447,50000,
91,29,40.0,fit,1257,APsimfit10000led_npsclean,clean,likelihood,,0.0001616290984256256,8.63037378901372e-07,0.3914,0.0032496905193161664,50000,
91,23,20.0,fit,1283,APsimfit10000led_npsclean,clean,likelihood,,0.00015571739331396862,8.496336231326986e-07,0.41366,0.0031992198686704946,50000,
91,25,26.0,fit,1259,APsimfit10000led_npsclean,clean,likelihood,,0.00016183624712226048,8.76404808515502e-07,0.39062,0.003300024387056591,50000,
91,27,30.0,fit,1258,APsimfit10000led_npsclean,clean,likelihood,,0.00016377494646256129,8.712478394981653e-07,0.38332,0.003280606278717669,50000,
91,29,40.0,fit,1258,APsimfit10000led_npsclean,clean,likelihood,,0.00016117230899202045,8.753343319517709e-07,0.39312,0.003295993602729804,50000,
91,25,26.0,fit,1260,APsimfit10000led_npsclean,clean,likelihood,,0.0001600887619634688,8.344814431874673e-07,0.3972,0.0031421656822369103,50000,
91,27,30.0,fit,1259,APsimfit10000led_npsclean,clean,likelihood,,0.00016398740666423808,8.787902524422607e-07,0.38252,0.0033090065640777257,50000,
91,29,40.0,fit,1259,APsimfit10000led_npsclean,clean,likelihood,,0.0001613475886584038,8.679666884805675e-07,0.39246,0.0032682513962815156,50000,
91,25,26.0,fit,1261,APsimfit10000led_npsclean,clean,likelihood,,0.00016029591066010366,8.352257762947452e-07,0.39642,0.0031449684023751893,50000,
91,27,30.0,fit,1260,APsimfit10000led_npsclean,clean,likelihood,,0.0001622399215054464,8.494148946051131e-07,0.3891,0.00319839626584659,50000,
91,29,40.0,fit,1260,APsimfit10000led_npsclean,clean,likelihood,,0.00015940357781306112,8.415508412210169e-07,0.39978,0.0031687848720061223,50000,
91,25,26.0,fit,1262,APsimfit10000led_npsclean,clean,likelihood,,0.0001615547373550387,8.308564968236318e-07,0.39168,0.0031285162689906596,50000,
91,27,30.0,fit,1261,APsimfit10000led_npsclean,clean,likelihood,,0.00016270202244409346,8.511902562592905e-07,0.38736,0.003205081232311521,50000,
91,29,40.0,fit,1261,APsimfit10000led_npsclean,clean,likelihood,,0.00015925485567188738,8.403930461548943e-07,0.40034,0.003164425297621894,50000,
91,25,26.0,fit,1263,APsimfit10000led_npsclean,clean,likelihood,,0.00015963728403490558,8.447205996509111e-07,0.3989,0.0031807203155569705,50000,
91,27,30.0,fit,1262,APsimfit10000led_npsclean,clean,likelihood,,0.0001638333730180224,8.346849603014537e-07,0.3831,0.0031429320078353246,50000,
91,29,40.0,fit,1262,APsimfit10000led_npsclean,clean,likelihood,,0.00016098109481051137,8.451519668907976e-07,0.39384,0.0031823445905467596,50000,
91,25,26.0,fit,1264,APsimfit10000led_npsclean,clean,likelihood,,0.00016156004886008063,8.482719347610663e-07,0.39166,0.0031940925521721183,50000,
91,27,30.0,fit,1263,APsimfit10000led_npsclean,clean,likelihood,,0.0001615972293953741,8.487035842706603e-07,0.39152,0.003195717890023395,50000,
91,29,40.0,fit,1263,APsimfit10000led_npsclean,clean,likelihood,,0.00015927610169205503,8.469630728841274e-07,0.40026,0.003189164149142811,50000,
91,25,26.0,fit,1265,APsimfit10000led_npsclean,clean,likelihood,,0.0001608854877197568,8.498722697521172e-07,0.3942,0.003200118471298319,50000,
91,27,30.0,fit,1264,APsimfit10000led_npsclean,clean,likelihood,,0.00016360497830121982,8.549248259638544e-07,0.38396,0.0032191434225008913,50000,
91,29,40.0,fit,1264,APsimfit10000led_npsclean,clean,likelihood,,0.00016042338678110978,8.561990652643996e-07,0.39594,0.003223941457297012,50000,
91,25,26.0,fit,1266,APsimfit10000led_npsclean,clean,likelihood,,0.00016071551955841533,8.390509533630709e-07,0.39484,0.003159371766537084,50000,
91,27,30.0,fit,1265,APsimfit10000led_npsclean,clean,likelihood,,0.0001633872065945011,8.558496506513854e-07,0.38478,0.0032226257676374655,50000,
91,29,40.0,fit,1265,APsimfit10000led_npsclean,clean,likelihood,,0.0001596054150046541,8.622078545459094e-07,0.39902,0.003246567019107033,50000,
91,25,26.0,fit,1267,APsimfit10000led_npsclean,clean,likelihood,,0.00016205401882897922,8.369867018404439e-07,0.3898,0.0031515990109571295,50000,
91,27,30.0,fit,1266,APsimfit10000led_npsclean,clean,likelihood,,0.00016284012157518333,8.533200792032329e-07,0.38684,0.003213100891248614,50000,
91,29,40.0,fit,1266,APsimfit10000led_npsclean,clean,likelihood,,0.00016019499206430717,8.648485039727315e-07,0.3968,0.0032565101497488425,50000,
91,25,26.0,fit,1268,APsimfit10000led_npsclean,clean,likelihood,,0.0001611032594264755,8.58718074539697e-07,0.39338,0.00323342656276304,50000,
91,27,30.0,fit,1267,APsimfit10000led_npsclean,clean,likelihood,,0.00016403521020961535,8.534639864065344e-07,0.38234,0.0032136427610281425,50000,
91,29,40.0,fit,1267,APsimfit10000led_npsclean,clean,likelihood,,0.0001616237869205837,8.510568584690457e-07,0.39142,0.0032045789347924865,50000,
91,25,26.0,fit,1269,APsimfit10000led_npsclean,clean,likelihood,,0.00016106607889118207,8.279777837741031e-07,0.39352,0.0031176767309433117,50000,
91,27,30.0,fit,1268,APsimfit10000led_npsclean,clean,likelihood,,0.00016291979415081214,8.502452564137101e-07,0.38654,0.003201522919411045,50000,
91,29,40.0,fit,1268,APsimfit10000led_npsclean,clean,likelihood,,0.00016009938497355266,8.611785350293467e-07,0.39716,0.003242691207982167,50000,
91,25,26.0,fit,1270,APsimfit10000led_npsclean,clean,likelihood,,0.00016231428257603328,8.468122821300196e-07,0.38882,0.0031885963599647244,50000,
91,27,30.0,fit,1269,APsimfit10000led_npsclean,clean,likelihood,,0.00016334471455416573,8.359063358364062e-07,0.38494,0.0031475309888221183,50000,
91,29,40.0,fit,1269,APsimfit10000led_npsclean,clean,likelihood,,0.00016052961688194816,8.490959897086158e-07,0.39554,0.0031971954578120295,50000,
91,25,26.0,fit,1271,APsimfit10000led_npsclean,clean,likelihood,,0.00015967446457019904,8.421264999702827e-07,0.39876,0.003170952463845808,50000,
91,27,30.0,fit,1270,APsimfit10000led_npsclean,clean,likelihood,,0.00016416268633062144,8.590151587779727e-07,0.38186,0.003234545207049098,50000,
91,29,40.0,fit,1270,APsimfit10000led_npsclean,clean,likelihood,,0.0001613900806987392,8.56409396752391e-07,0.3923,0.0032247334418148894,50000,
91,25,26.0,fit,1272,APsimfit10000led_npsclean,clean,likelihood,,0.00015971695661053437,8.281655916730307e-07,0.3986,0.0031183839048890966,50000,
91,27,30.0,fit,1271,APsimfit10000led_npsclean,clean,likelihood,,0.00016186811615251197,8.518083539340334e-07,0.3905,0.0032074086241519304,50000,
91,29,40.0,fit,1271,APsimfit10000led_npsclean,clean,likelihood,,0.00015903708396516864,8.599204258636785e-07,0.40116,0.003237953909774827,50000,
91,25,26.0,fit,1273,APsimfit10000led_npsclean,clean,likelihood,,0.00016137945768865535,8.562259895809153e-07,0.39234,0.003224042838417065,50000,
91,27,30.0,fit,1272,APsimfit10000led_npsclean,clean,likelihood,,0.00016150693380966144,8.40226926221589e-07,0.39186,0.003163799787782426,50000,
91,29,40.0,fit,1272,APsimfit10000led_npsclean,clean,likelihood,,0.00015908488751054591,8.512356815342736e-07,0.40098,0.003205252277145799,50000,
91,25,26.0,fit,1274,APsimfit10000led_npsclean,clean,likelihood,,0.00016109794792143361,8.349479780708143e-07,0.3934,0.003143922377861465,50000,
91,27,30.0,fit,1273,APsimfit10000led_npsclean,clean,likelihood,,0.00016379088097768704,8.587818903547083e-07,0.38326,0.0032336668555407273,50000,
91,29,40.0,fit,1273,APsimfit10000led_npsclean,clean,likelihood,,0.0001610448328710144,8.620594536247928e-07,0.3936,0.003246008228632599,50000,
91,25,26.0,fit,1275,APsimfit10000led_npsclean,clean,likelihood,,0.00016257454632308737,8.522312066361596e-07,0.38784,0.003209000838406794,50000,
91,27,30.0,fit,1274,APsimfit10000led_npsclean,clean,likelihood,,0.0001635465517457587,8.390610921447641e-07,0.38418,0.003159409943218131,50000,
91,29,40.0,fit,1274,APsimfit10000led_npsclean,clean,likelihood,,0.00016062522397270273,8.605835696089254e-07,0.39518,0.0032404509185887625,50000,
91,25,26.0,fit,1276,APsimfit10000led_npsclean,clean,likelihood,,0.00016090673373992447,8.308783313889999e-07,0.39412,0.0031285984851052856,50000,
91,27,30.0,fit,1275,APsimfit10000led_npsclean,clean,likelihood,,0.00016440701556254974,8.709231406640635e-07,0.38094,0.0032793836541261862,50000,
91,29,40.0,fit,1275,APsimfit10000led_npsclean,clean,likelihood,,0.00016151755681974525,8.844328090057523e-07,0.39182,0.003330253109149071,50000,
91,25,26.0,fit,1277,APsimfit10000led_npsclean,clean,likelihood,,0.0001617565745466317,8.383574281723455e-07,0.39092,0.0031567603590913528,50000,
91,27,30.0,fit,1276,APsimfit10000led_npsclean,clean,likelihood,,0.00016283481007014144,8.392136426611346e-07,0.38686,0.003159984358624561,50000,
91,29,40.0,fit,1276,APsimfit10000led_npsclean,clean,likelihood,,0.0001605136823668224,8.45691963604664e-07,0.3956,0.0031843779001627897,50000,
91,25,26.0,fit,1278,APsimfit10000led_npsclean,clean,likelihood,,0.0001604924363466547,8.518489647874717e-07,0.39568,0.003207561540709922,50000,
91,27,30.0,fit,1277,APsimfit10000led_npsclean,clean,likelihood,,0.0001642104898759987,8.448183481817018e-07,0.38168,0.0031810883789590355,50000,
91,29,40.0,fit,1277,APsimfit10000led_npsclean,clean,likelihood,,0.00016136352317352957,8.453450974182926e-07,0.3924,0.003183071806377191,50000,
91,25,26.0,fit,1279,APsimfit10000led_npsclean,clean,likelihood,,0.00016116699748697854,8.493503136497558e-07,0.39314,0.0031981530920009564,50000,
91,27,30.0,fit,1278,APsimfit10000led_npsclean,clean,likelihood,,0.0001626913994340096,8.544970712777318e-07,0.3874,0.0032175327502611153,50000,
91,29,40.0,fit,1278,APsimfit10000led_npsclean,clean,likelihood,,0.00015975413714582783,8.72947613159275e-07,0.39846,0.0032870066253150817,50000,
91,25,26.0,fit,1280,APsimfit10000led_npsclean,clean,likelihood,,0.00016094922578025985,8.379886956319869e-07,0.39396,0.0031553719294939095,50000,
91,27,30.0,fit,1279,APsimfit10000led_npsclean,clean,likelihood,,0.00016337127207937532,8.586035214823428e-07,0.38484,0.003232995223410257,50000,
91,29,40.0,fit,1279,APsimfit10000led_npsclean,clean,likelihood,,0.00016000377788279808,8.626054225104843e-07,0.39752,0.0032480640259306623,50000,
91,25,26.0,fit,1281,APsimfit10000led_npsclean,clean,likelihood,,0.00016217087193990144,8.455243386047943e-07,0.38936,0.003183746723128986,50000,
91,27,30.0,fit,1280,APsimfit10000led_npsclean,clean,likelihood,,0.00016314818886761472,8.484383527989994e-07,0.38568,0.0031947191844980587,50000,
91,29,40.0,fit,1280,APsimfit10000led_npsclean,clean,likelihood,,0.00015986567875170816,8.436364260574844e-07,0.39804,0.0031766379562826403,50000,
91,25,26.0,fit,1282,APsimfit10000led_npsclean,clean,likelihood,,0.00016037558323573248,8.48187869981965e-07,0.39612,0.0031937760137204447,50000,
91,27,30.0,fit,1281,APsimfit10000led_npsclean,clean,likelihood,,0.00016389711107852545,8.467035337164233e-07,0.38286,0.0031881868774819326,50000,
91,29,40.0,fit,1281,APsimfit10000led_npsclean,clean,likelihood,,0.00016128916210294273,8.486775762058043e-07,0.39268,0.003195619958967505,50000,
91,25,26.0,fit,1283,APsimfit10000led_npsclean,clean,likelihood,,0.00016190529668780543,8.572037203089131e-07,0.39036,0.003227724396545246,50000,
91,27,30.0,fit,1282,APsimfit10000led_npsclean,clean,likelihood,,0.00016272857996930306,8.509381479785392e-07,0.38726,0.003204131940994798,50000,
91,29,40.0,fit,1282,APsimfit10000led_npsclean,clean,likelihood,,0.00015978069467103743,8.587394772871566e-07,0.39836,0.0032335071529057233,50000,
91,27,30.0,fit,1283,APsimfit10000led_npsclean,clean,likelihood,,0.00016430078546171136,8.572139685929263e-07,0.38134,0.0032277629855475432,50000,
91,29,40.0,fit,1283,APsimfit10000led_npsclean,clean,likelihood,,0.00016082174965925374,8.556752581112028e-07,0.39444,0.0032219691080323017,50000,
