channel,best_vbias_V,min_BI,SNR_at_best,risetime_ms_at_best,decaytime_ms_at_best,amplitude_mV_at_best,freq_sigma_Hz_at_best
31,40.000,6.165777e-05,18.4928,0.289931,,0.618823,177.485
34,40.000,7.312582e-05,75.3254,0.515199,,0.737938,115.577
71,40.000,4.887542e-05,35.6293,0.319220,,1.215124,193.248
83,40.000,6.276045e-05,48.1733,0.388574,,0.670369,152.490
91,3.000,1.631183e-04,23.7340,0.888592,,1.483101,60.492
