channel,wp,vbias,gen,seed,train,nps,filter,BI_analytic,BI_mc,sigma_BI,rp,sigma_rp,nsim,ratio
31,15,5.0,fit,1234,sim,clean,optimum,6.957192129527492e-05,7.412736436503553e-05,6.017841856429607e-07,0.72088,0.002265964847603451,50000,1.065478184085596
31,13,4.0,fit,1234,sim,clean,optimum,7.378606364169421e-05,7.830751883302656e-05,6.15198507577297e-07,0.70514,0.0023164752842065096,50000,1.061277902196932
31,9,2.0,fit,1234,sim,clean,optimum,6.293367022050028e-05,6.855028407101953e-05,5.895609457783943e-07,0.74188,0.002219939324637373,50000,1.0892465643723044
31,11,3.0,fit,1234,sim,clean,optimum,6.474081159075041e-05,6.994189839200257e-05,5.948861291681889e-07,0.73664,0.00223999082924018,50000,1.0803370651905027
31,21,10.0,fit,1234,sim,clean,optimum,5.9154115434070475e-05,6.422140746185472e-05,5.631197538479591e-07,0.75818,0.0021203773672571077,50000,1.0856625441966408
31,17,6.0,fit,1234,sim,clean,optimum,6.499202209295475e-05,6.998970193737984e-05,5.83080243846527e-07,0.73646,0.002195536817699247,50000,1.0768968203093785
31,1,0.6,fit,1234,sim,clean,optimum,8.932264904825615e-05,9.274950104200704e-05,6.647134481080919e-07,0.65076,0.0025029193905003306,50000,1.0383648719587297
31,19,8.0,fit,1234,sim,clean,optimum,5.923606485166759e-05,6.425858799714814e-05,5.613691448552132e-07,0.75804,0.002113785604738087,50000,1.0847882646839793
31,23,20.0,fit,1234,sim,clean,optimum,4.9435234263327646e-05,5.560614628386048e-05,5.287264185521125e-07,0.79062,0.001990872321043637,50000,1.1248282143796895
31,7,1.8,fit,1234,sim,clean,optimum,6.166453461238687e-05,6.794477249624063e-05,5.879952522371859e-07,0.74416,0.0022140438448106517,50000,1.101845216595411
31,3,1.0,fit,1234,sim,clean,optimum,4.723832265751758e-05,5.208992994610943e-05,5.160436851991726e-07,0.80386,0.0019431166161997407,50000,1.1027049017757569
31,5,1.4,fit,1234,sim,clean,optimum,4.4988322803829135e-05,4.960414558649086e-05,5.030059893656386e-07,0.81322,0.0018940243316941758,50000,1.1026004637423126
31,15,5.0,fit,1235,sim,clean,optimum,6.957192129527492e-05,7.2236468570112e-05,5.976325044670171e-07,0.728,0.0022503320612531517,50000,1.0382991762370382
31,13,4.0,fit,1235,sim,clean,optimum,7.378606364169421e-05,7.607668671542017e-05,6.077194569537095e-07,0.71354,0.0022883135840309076,50000,1.0310441153880934
31,21,10.0,fit,1235,sim,clean,optimum,5.9154115434070475e-05,6.313254892826113e-05,5.615158918559616e-07,0.76228,0.002114338167522421,50000,1.0672553966025369
31,17,6.0,fit,1235,sim,clean,optimum,6.499202209295475e-05,6.836969289959424e-05,5.780908979619644e-07,0.74256,0.0021767498793637463,50000,1.051970544966405
31,9,2.0,fit,1235,sim,clean,optimum,6.293367022050028e-05,6.701525911390464e-05,5.777730704822587e-07,0.74766,0.002175553128246323,50000,1.0648554085452784
31,19,8.0,fit,1235,sim,clean,optimum,5.923606485166759e-05,6.301038431229696e-05,5.586305559945028e-07,0.76274,0.0021034736918655707,50000,1.0637165799261077
31,11,3.0,fit,1235,sim,clean,optimum,6.474081159075041e-05,6.8783990292864e-05,5.867679778012092e-07,0.741,0.0022094226520365107,50000,1.0624517765960666
31,23,20.0,fit,1235,sim,clean,optimum,4.9435234263327646e-05,5.3853349620026866e-05,5.220274751227775e-07,0.79722,0.0019656480451502134,50000,1.0893717896261026
31,1,0.6,fit,1235,sim,clean,optimum,8.932264904825615e-05,9.146411682186241e-05,6.601473979057911e-07,0.6556,0.0024857263344220094,50000,1.0239745215398766
31,7,1.8,fit,1235,sim,clean,optimum,6.166453461238687e-05,6.613354927694592e-05,5.772925772664027e-07,0.75098,0.0021737438737617137,50000,1.0724730137452678
31,3,1.0,fit,1235,sim,clean,optimum,4.723832265751758e-05,5.135163074528255e-05,5.094302299543593e-07,0.80664,0.0019182142384645494,50000,1.08707565926053
31,5,1.4,fit,1235,sim,clean,optimum,4.4988322803829135e-05,4.929607829405952e-05,5.000713482654482e-07,0.81438,0.0018829742015445123,50000,1.0957527469742379
31,21,10.0,fit,1236,sim,clean,optimum,5.9154115434070475e-05,6.346717374590207e-05,5.60451949240254e-07,0.76102,0.002110331986195996,50000,1.0729122273265783
31,17,6.0,fit,1236,sim,clean,optimum,6.499202209295475e-05,6.867244868698368e-05,5.78572261554459e-07,0.74142,0.0021785624111742047,50000,1.0566288980632885
31,19,8.0,fit,1236,sim,clean,optimum,5.923606485166759e-05,6.347779675598592e-05,5.605982760092478e-07,0.76098,0.00211088296663502,50000,1.0716072533673533
31,23,20.0,fit,1236,sim,clean,optimum,4.9435234263327646e-05,5.4469484204889586e-05,5.236849045606699e-07,0.7949,0.001971888948339842,50000,1.1018352601455452
31,13,4.0,fit,1236,sim,clean,optimum,7.378606364169421e-05,7.718679126918145e-05,6.086936468185462e-07,0.70936,0.0022919818093536668,50000,1.0460890235858251
31,15,5.0,fit,1236,sim,clean,optimum,6.957192129527492e-05,7.330939258857982e-05,5.975959598964078e-07,0.72396,0.0022501944559216278,50000,1.0537209728252643
31,11,3.0,fit,1236,sim,clean,optimum,6.474081159075041e-05,7.014373558359552e-05,5.890565779900358e-07,0.73588,0.002218040172572646,50000,1.083454684303294
31,9,2.0,fit,1236,sim,clean,optimum,6.293367022050028e-05,6.850248052564223e-05,5.815785022328606e-07,0.74206,0.002189882143169846,50000,1.0884869782046804
31,1,0.6,fit,1236,sim,clean,optimum,8.932264904825615e-05,9.27919930823424e-05,6.622867671730076e-07,0.6506,0.0024937819391906463,50000,1.0388405860221628
31,7,1.8,fit,1236,sim,clean,optimum,6.166453461238687e-05,6.739768747692287e-05,5.854266466069222e-07,0.74622,0.002204371988679512,50000,1.0929732608958076
31,3,1.0,fit,1236,sim,clean,optimum,4.723832265751758e-05,5.2546719379714565e-05,5.101186411964795e-07,0.80214,0.0019208063897914783,50000,1.1123747928283436
31,5,1.4,fit,1236,sim,clean,optimum,4.4988322803829135e-05,5.054959348395263e-05,5.027931049068493e-07,0.80966,0.0018932227341917384,50000,1.1236158703753711
31,17,6.0,fit,1237,sim,clean,optimum,6.499202209295475e-05,6.928327176680448e-05,5.820339019622732e-07,0.73912,0.002191596910362265,50000,1.0660273297499834
31,21,10.0,fit,1237,sim,clean,optimum,5.9154115434070475e-05,6.328658257447678e-05,5.615023426197897e-07,0.7617,0.0021142871490782513,50000,1.069859334554873
31,19,8.0,fit,1237,sim,clean,optimum,5.923606485166759e-05,6.36583879274112e-05,5.652925469935603e-07,0.7603,0.0021285588266681515,50000,1.074655922651471
31,23,20.0,fit,1237,sim,clean,optimum,4.9435234263327646e-05,5.397551423599103e-05,5.222197170498351e-07,0.79676,0.0019663719150347014,50000,1.0918429949877164
31,13,4.0,fit,1237,sim,clean,optimum,7.378606364169421e-05,7.663439474482176e-05,6.156439580650547e-07,0.71144,0.002318152588414044,50000,1.038602562090303
31,15,5.0,fit,1237,sim,clean,optimum,6.957192129527492e-05,7.35909023558016e-05,5.994399445466393e-07,0.7229,0.0022571378161770662,50000,1.0577672857914826
31,11,3.0,fit,1237,sim,clean,optimum,6.474081159075041e-05,6.900707350462463e-05,5.828459812313298e-07,0.74016,0.0021946547226495447,50000,1.0658975661417835
31,9,2.0,fit,1237,sim,clean,optimum,6.293367022050028e-05,6.634600947862273e-05,5.769015493980934e-07,0.75018,0.002172271493089105,50000,1.0542212021985475
31,1,0.6,fit,1237,sim,clean,optimum,8.932264904825615e-05,9.138444424623358e-05,6.574140363910433e-07,0.6559,0.0024754341046559626,50000,1.0230825576709393
31,7,1.8,fit,1237,sim,clean,optimum,6.166453461238687e-05,6.575112091392769e-05,5.757403493335875e-07,0.75242,0.0021678990974861967,50000,1.0662712583047684
31,3,1.0,fit,1237,sim,clean,optimum,4.723832265751758e-05,5.135694225032448e-05,5.088052481237917e-07,0.80662,0.0019158609249474384,50000,1.0871880998541648
31,5,1.4,fit,1237,sim,clean,optimum,4.4988322803829135e-05,4.862682865877761e-05,4.947655952083006e-07,0.8169,0.0018629958601317754,50000,1.0808766726160057
31,19,8.0,fit,1238,sim,clean,optimum,5.923606485166759e-05,6.37646180282496e-05,5.592743122976878e-07,0.7599,0.0021058976989901212,50000,1.0764492575244813
31,17,6.0,fit,1238,sim,clean,optimum,6.499202209295475e-05,6.901238500966655e-05,5.817462784500367e-07,0.74014,0.002190513889598973,50000,1.0618593296106664
31,21,10.0,fit,1238,sim,clean,optimum,5.9154115434070475e-05,6.359464986690816e-05,5.603413900436678e-07,0.76054,0.002109915685370849,50000,1.0750672104595467
31,23,20.0,fit,1238,sim,clean,optimum,4.9435234263327646e-05,5.5223717920842244e-05,5.278642270487549e-07,0.79206,0.001987625815593476,50000,1.1170922671607253
31,13,4.0,fit,1238,sim,clean,optimum,7.378606364169421e-05,7.72345948145587e-05,6.111113117416495e-07,0.70918,0.002301085311671832,50000,1.0467368904460141
31,15,5.0,fit,1238,sim,clean,optimum,6.957192129527492e-05,7.348467225496318e-05,6.016817951553133e-07,0.7233,0.0022655793053255493,50000,1.0562403752381926
31,11,3.0,fit,1238,sim,clean,optimum,6.474081159075041e-05,6.87574327676544e-05,5.844456192777137e-07,0.7411,0.002200678017492566,50000,1.0620415635549099
31,9,2.0,fit,1238,sim,clean,optimum,6.293367022050028e-05,6.778542734498304e-05,5.89453379627543e-07,0.74476,0.002219534293859835,50000,1.0770931856903259
31,1,0.6,fit,1238,sim,clean,optimum,8.932264904825615e-05,9.208025140672512e-05,6.592111730970121e-07,0.65328,0.0024822010631424377,50000,1.0308723754596574
31,19,8.0,fit,1239,sim,clean,optimum,5.923606485166759e-05,6.321222150388991e-05,5.592706802273221e-07,0.76198,0.0021058840227520794,50000,1.0671239161848272
31,7,1.8,fit,1238,sim,clean,optimum,6.166453461238687e-05,6.693558653827584e-05,5.783805456234567e-07,0.74796,0.0021778405218810977,50000,1.0854794730718709
31,17,6.0,fit,1239,sim,clean,optimum,6.499202209295475e-05,6.86830716970675e-05,5.806761566307471e-07,0.74138,0.0021864844410308406,50000,1.056792349049144
31,21,10.0,fit,1239,sim,clean,optimum,5.9154115434070475e-05,6.313786043330302e-05,5.599038790789033e-07,0.76226,0.0021082682767312576,50000,1.06734518756641
31,5,1.4,fit,1238,sim,clean,optimum,4.4988322803829135e-05,5.007155803017985e-05,5.039943978022391e-07,0.81146,0.0018977460957847665,50000,1.112990102976634
31,3,1.0,fit,1238,sim,clean,optimum,4.723832265751758e-05,5.257327690492417e-05,5.167160488265845e-07,0.80204,0.0019456483416602473,50000,1.1129369957965174
31,23,20.0,fit,1239,sim,clean,optimum,4.9435234263327646e-05,5.418266293262591e-05,5.23563576706384e-07,0.79598,0.001971432099091547,50000,1.096033299731322
31,13,4.0,fit,1239,sim,clean,optimum,7.378606364169421e-05,7.684154344145665e-05,6.0779709873662e-07,0.71066,0.00228860593726148,50000,1.0414099851511238
31,15,5.0,fit,1239,sim,clean,optimum,6.957192129527492e-05,7.283135713480705e-05,5.97070707771351e-07,0.72576,0.002248216665743848,50000,1.046849875335461
31,11,3.0,fit,1239,sim,clean,optimum,6.474081159075041e-05,6.946386293822977e-05,5.910280316728304e-07,0.73844,0.002225463506137183,50000,1.0729532304496805
31,9,2.0,fit,1239,sim,clean,optimum,6.293367022050028e-05,6.79075919609472e-05,5.818234715122961e-07,0.7443,0.002190804553211829,50000,1.0790343503409199
31,19,8.0,fit,1240,sim,clean,optimum,5.923606485166759e-05,6.277136658541056e-05,5.575751800889931e-07,0.76364,0.002099499767724747,50000,1.0596815764618341
31,17,6.0,fit,1240,sim,clean,optimum,6.499202209295475e-05,6.795008400128254e-05,5.797676762066091e-07,0.74414,0.0021830636387649366,50000,1.04551423102511
31,21,10.0,fit,1240,sim,clean,optimum,5.9154115434070475e-05,6.340343568539903e-05,5.591340395619032e-07,0.76126,0.0021053695144748947,50000,1.0718347357600941
31,1,0.6,fit,1239,sim,clean,optimum,8.932264904825615e-05,9.126227963026943e-05,6.671233224647115e-07,0.65636,0.0025119935581330455,50000,1.021714879738569
31,23,20.0,fit,1240,sim,clean,optimum,4.9435234263327646e-05,5.448010721497344e-05,5.239770236719706e-07,0.79486,0.0019729888968817158,50000,1.1020501475682944
31,7,1.8,fit,1239,sim,clean,optimum,6.166453461238687e-05,6.605918820635903e-05,5.720557576313424e-07,0.75126,0.002154025095021113,50000,1.0712671168540593
31,5,1.4,fit,1239,sim,clean,optimum,4.4988322803829135e-05,4.9625391606658566e-05,5.035983864676228e-07,0.81314,0.0018962549503128488,50000,1.1030727200711459
31,13,4.0,fit,1240,sim,clean,optimum,7.378606364169421e-05,7.705400364313343e-05,6.137185788368325e-07,0.70986,0.0023109027441118118,50000,1.0442893934186321
31,3,1.0,fit,1239,sim,clean,optimum,4.723832265751758e-05,5.164907502763008e-05,5.080783016829296e-07,0.80552,0.0019131236727557349,50000,1.0933723325040747
31,15,5.0,fit,1240,sim,clean,optimum,6.957192129527492e-05,7.258702790287873e-05,5.984013690155598e-07,0.72668,0.002253227152352472,50000,1.0433379810628944
31,11,3.0,fit,1240,sim,clean,optimum,6.474081159075041e-05,6.905487705000193e-05,5.914380803072458e-07,0.73998,0.0022270075078134654,50000,1.066635949615866
31,9,2.0,fit,1240,sim,clean,optimum,6.293367022050028e-05,6.728614587104256e-05,5.844685941960031e-07,0.74664,0.0022007645275047305,50000,1.0691597301618123
31,19,8.0,fit,1241,sim,clean,optimum,5.923606485166759e-05,6.238893822239233e-05,5.569069323954325e-07,0.76508,0.002096983540447218,50000,1.053225570918997
31,21,10.0,fit,1241,sim,clean,optimum,5.9154115434070475e-05,6.226146210138623e-05,5.546808668665041e-07,0.76556,0.0020886014886130973,50000,1.0525296785272533
31,17,6.0,fit,1241,sim,clean,optimum,6.499202209295475e-05,6.790228045590529e-05,5.786953183401915e-07,0.74432,0.0021790257705601463,50000,1.0447787015887604
31,1,0.6,fit,1240,sim,clean,optimum,8.932264904825615e-05,9.062489902523904e-05,6.626199504373636e-07,0.65876,0.0024950365111499175,50000,1.0145791687870716
31,23,20.0,fit,1241,sim,clean,optimum,4.9435234263327646e-05,5.3901153165404165e-05,5.208925491403749e-07,0.79704,0.0019613745822674882,50000,1.0903387830284736
31,13,4.0,fit,1241,sim,clean,optimum,7.378606364169421e-05,7.686278946162433e-05,6.126140380316215e-07,0.71058,0.0023067436939123156,50000,1.0416979259778747
31,15,5.0,fit,1241,sim,clean,optimum,6.957192129527492e-05,7.253922435750145e-05,5.985572391402696e-07,0.72686,0.0022538140674489633,50000,1.0426508713139142
31,7,1.8,fit,1240,sim,clean,optimum,6.166453461238687e-05,6.621322185257472e-05,5.719348748382694e-07,0.75068,0.0021535699216112454,50000,1.0737650461287052
31,11,3.0,fit,1241,sim,clean,optimum,6.474081159075041e-05,6.957540454411008e-05,5.869744174081091e-07,0.73802,0.002210199982022157,50000,1.0746761252225387
31,5,1.4,fit,1240,sim,clean,optimum,4.4988322803829135e-05,4.9460734950359026e-05,4.995813975712461e-07,0.81376,0.0018811293357660365,50000,1.0994127335226915
31,9,2.0,fit,1241,sim,clean,optimum,6.293367022050028e-05,6.807224861724671e-05,5.850228680110339e-07,0.74368,0.0022028515962758464,50000,1.0816507026960678
31,3,1.0,fit,1240,sim,clean,optimum,4.723832265751758e-05,5.199432285535487e-05,5.084765854235849e-07,0.80422,0.001914623374770557,50000,1.1006809710903318
31,19,8.0,fit,1242,sim,clean,optimum,5.923606485166759e-05,6.335563214002176e-05,5.58121752192395e-07,0.76144,0.0021015578363854683,50000,1.0695449182633914
31,21,10.0,fit,1242,sim,clean,optimum,5.9154115434070475e-05,6.316972946355455e-05,5.569904785110334e-07,0.76214,0.002097298125917594,50000,1.0678839333496521
31,17,6.0,fit,1242,sim,clean,optimum,6.499202209295475e-05,6.880523631303167e-05,5.795507450936958e-07,0.74092,0.0021822468039461754,50000,1.058672035386483
31,23,20.0,fit,1242,sim,clean,optimum,4.9435234263327646e-05,5.40711213267456e-05,5.209285223471019e-07,0.7964,0.0019615100361791127,50000,1.0937769817924576
31,13,4.0,fit,1242,sim,clean,optimum,7.378606364169421e-05,7.73620709355648e-05,6.122899592691514e-07,0.7087,0.002305523404145433,50000,1.0484645354065196
31,15,5.0,fit,1242,sim,clean,optimum,6.957192129527492e-05,7.325096603311871e-05,5.966041545493674e-07,0.72418,0.002246459901066788,50000,1.0528811720209552
31,1,0.6,fit,1241,sim,clean,optimum,8.932264904825615e-05,9.206962839664127e-05,6.566356832967069e-07,0.65332,0.0024725032852810644,50000,1.030753446943799
31,11,3.0,fit,1242,sim,clean,optimum,6.474081159075041e-05,6.838562741471998e-05,5.840629711575608e-07,0.7425,0.0021992371900166137,50000,1.0562985809787147
31,9,2.0,fit,1242,sim,clean,optimum,6.293367022050028e-05,6.750391757776127e-05,5.835063135120958e-07,0.74582,0.0021971411451439395,50000,1.0726200671476533
31,7,1.8,fit,1241,sim,clean,optimum,6.166453461238687e-05,6.665407677105408e-05,5.807742306700515e-07,0.74902,0.0021868537301062735,50000,1.0809142919837254
31,5,1.4,fit,1241,sim,clean,optimum,4.4988322803829135e-05,4.9625391606658566e-05,4.99487437794838e-07,0.81314,0.0018807755385817485,50000,1.1030727200711459
31,3,1.0,fit,1241,sim,clean,optimum,4.723832265751758e-05,5.237143971333121e-05,5.132537286015761e-07,0.8028,0.0019326112826809835,50000,1.1086642532383977
31,19,8.0,fit,1243,sim,clean,optimum,5.923606485166759e-05,6.256421788877569e-05,5.566822946943786e-07,0.76442,0.0020961376871559906,50000,1.0561845734594641
31,21,10.0,fit,1243,sim,clean,optimum,5.9154115434070475e-05,6.26226444442368e-05,5.549895884656861e-07,0.7642,0.0020897639523469935,50000,1.0586354640706634
31,17,6.0,fit,1243,sim,clean,optimum,6.499202209295475e-05,6.779073885002497e-05,5.796224716381797e-07,0.74474,0.0021825168838723653,50000,1.043062466237277
31,13,4.0,fit,1243,sim,clean,optimum,7.378606364169421e-05,7.669813280532478e-05,6.108126824071069e-07,0.7112,0.002299960849463152,50000,1.0394663845705552
31,23,20.0,fit,1243,sim,clean,optimum,4.9435234263327646e-05,5.417735142758399e-05,5.218568196215147e-07,0.796,0.001965005457032849,50000,1.0959258560199474
31,15,5.0,fit,1243,sim,clean,optimum,6.957192129527492e-05,7.22099110449024e-05,5.913385740203714e-07,0.7281,0.002226632825737146,50000,1.0379174485987157
31,11,3.0,fit,1243,sim,clean,optimum,6.474081159075041e-05,6.976130722057728e-05,5.873941732389546e-07,0.73732,0.00221178053528355,50000,1.0775476165106364
31,1,0.6,fit,1242,sim,clean,optimum,8.932264904825615e-05,9.204307087143167e-05,6.662613431509397e-07,0.65342,0.0025087478516639043,50000,1.0304561256541533
31,9,2.0,fit,1243,sim,clean,optimum,6.293367022050028e-05,6.802975657691137e-05,5.83955433708615e-07,0.74384,0.002198832267313549,50000,1.0809755149915137
31,7,1.8,fit,1242,sim,clean,optimum,6.166453461238687e-05,6.582548198451454e-05,5.763043733986255e-07,0.75214,0.0021700228799568393,50000,1.067477155195976
31,5,1.4,fit,1242,sim,clean,optimum,4.4988322803829135e-05,4.9970639434383356e-05,5.02924322866932e-07,0.81184,0.0018937168237541018,50000,1.1107468854146783
31,3,1.0,fit,1242,sim,clean,optimum,4.723832265751758e-05,5.174468211838464e-05,5.105917998648497e-07,0.80516,0.0019225880266896301,50000,1.0953962631895
31,19,8.0,fit,1244,sim,clean,optimum,5.923606485166759e-05,6.329720558456063e-05,5.619081841137588e-07,0.76166,0.0021158153091412318,50000,1.0685585840832355
31,21,10.0,fit,1244,sim,clean,optimum,5.9154115434070475e-05,6.340874719044095e-05,5.603837126382295e-07,0.76124,0.0021100750473378536,50000,1.0719245267239677
31,17,6.0,fit,1244,sim,clean,optimum,6.499202209295475e-05,6.865651417185791e-05,5.826736027099004e-07,0.74148,0.002194005646652934,50000,1.056383721584505
31,13,4.0,fit,1244,sim,clean,optimum,7.378606364169421e-05,7.687872397675007e-05,6.127649659550141e-07,0.71052,0.002307311999589149,50000,1.0419138815979376
31,15,5.0,fit,1244,sim,clean,optimum,6.957192129527492e-05,7.290571820539391e-05,5.977458709549278e-07,0.72548,0.0022507589326841906,50000,1.0479187127227636
31,23,20.0,fit,1244,sim,clean,optimum,4.9435234263327646e-05,5.365682393347584e-05,5.207911663346141e-07,0.79796,0.00196099283432614,50000,1.0853963723052462
31,11,3.0,fit,1244,sim,clean,optimum,6.474081159075041e-05,6.928858327184641e-05,5.879511006313617e-07,0.7391,0.002213877595864352,50000,1.0702458243780457
31,9,2.0,fit,1244,sim,clean,optimum,6.293367022050028e-05,6.754640961809664e-05,5.831819218601165e-07,0.74566,0.002195919677219428,50000,1.0732952548522077
31,1,0.6,fit,1243,sim,clean,optimum,8.932264904825615e-05,9.17084460537907e-05,6.619119118822276e-07,0.65468,0.0024923704549208526,50000,1.026709877404617
31,7,1.8,fit,1243,sim,clean,optimum,6.166453461238687e-05,6.621853335761664e-05,5.763358666229511e-07,0.75066,0.0021701414648930373,50000,1.0738511816209342
31,19,8.0,fit,1245,sim,clean,optimum,5.923606485166759e-05,6.293071173666815e-05,5.58210791018279e-07,0.76304,0.002101893104168069,50000,1.0623715787713497
31,5,1.4,fit,1243,sim,clean,optimum,4.4988322803829135e-05,4.966257214195201e-05,5.002832747342989e-07,0.813,0.001883772191821009,50000,1.1038991686466035
31,21,10.0,fit,1245,sim,clean,optimum,5.9154115434070475e-05,6.295726926187777e-05,5.573108314405077e-07,0.76294,0.0020985043863915877,50000,1.0642922947947056
31,3,1.0,fit,1243,sim,clean,optimum,4.723832265751758e-05,5.203681489569024e-05,5.099536531665794e-07,0.80406,0.0019201851420336472,50000,1.1015804958394098
31,17,6.0,fit,1245,sim,clean,optimum,6.499202209295475e-05,6.825815129371392e-05,5.80271676921952e-07,0.74298,0.002184961408648859,50000,1.0502543096149217
31,13,4.0,fit,1245,sim,clean,optimum,7.378606364169421e-05,7.708056116834305e-05,6.097154272130913e-07,0.70976,0.0022958292325848634,50000,1.044649319452071
31,23,20.0,fit,1245,sim,clean,optimum,4.9435234263327646e-05,5.385866112506879e-05,5.188141154415599e-07,0.7972,0.0019535484249640074,50000,1.0894792333374772
31,15,5.0,fit,1245,sim,clean,optimum,6.957192129527492e-05,7.309693238690304e-05,6.00337417271548e-07,0.72476,0.002260517169930195,50000,1.0506671517186852
31,11,3.0,fit,1245,sim,clean,optimum,6.474081159075041e-05,6.975068421049344e-05,5.91493431582578e-07,0.73736,0.002227215928119557,50000,1.0773835312941735
31,9,2.0,fit,1245,sim,clean,optimum,6.293367022050028e-05,6.796601851640833e-05,5.854223685105726e-07,0.74408,0.0022043558798880646,50000,1.0799627334346822
31,1,0.6,fit,1244,sim,clean,optimum,8.932264904825615e-05,9.19952673260544e-05,6.660888915520558e-07,0.6536,0.0025080985005006356,50000,1.029920947332791
31,19,8.0,fit,1246,sim,clean,optimum,5.923606485166759e-05,6.366369943245313e-05,5.60475221220992e-07,0.76028,0.0021104196147703996,50000,1.0747455893951217
31,21,10.0,fit,1246,sim,clean,optimum,5.9154115434070475e-05,6.337687816018943e-05,5.571993788513584e-07,0.76136,0.0020980847215761743,50000,1.0713857809407257
31,17,6.0,fit,1246,sim,clean,optimum,6.499202209295475e-05,6.914517263571456e-05,5.808507175170055e-07,0.73964,0.0021871417345281853,50000,1.0639024669338613
31,7,1.8,fit,1244,sim,clean,optimum,6.166453461238687e-05,6.592640058031105e-05,5.716058847051767e-07,0.75176,0.002152331138514943,50000,1.0691137295483306
31,5,1.4,fit,1244,sim,clean,optimum,4.4988322803829135e-05,4.964132612178431e-05,5.001873619580437e-07,0.81308,0.001883411040789434,50000,1.1034269123177702
31,3,1.0,fit,1244,sim,clean,optimum,4.723832265751758e-05,5.1500352886456315e-05,5.091103556760768e-07,0.80608,0.0019170097803090623,50000,1.0902239958823023
31,23,20.0,fit,1246,sim,clean,optimum,4.9435234263327646e-05,5.496876567883009e-05,5.263068665828272e-07,0.79302,0.001981761713220847,50000,1.111934969014749
31,13,4.0,fit,1246,sim,clean,optimum,7.378606364169421e-05,7.7282398359936e-05,6.077603378541436e-07,0.709,0.0022884675174268524,50000,1.0473847573062038
31,15,5.0,fit,1246,sim,clean,optimum,6.957192129527492e-05,7.377680503226881e-05,5.972741565249653e-07,0.7222,0.002248982733937359,50000,1.0604393792597397
31,11,3.0,fit,1246,sim,clean,optimum,6.474081159075041e-05,7.010124354326016e-05,5.910792003879752e-07,0.73604,0.0022256561773847518,50000,1.082798343437443
31,9,2.0,fit,1246,sim,clean,optimum,6.293367022050028e-05,6.80138220617856e-05,5.828800162658609e-07,0.7439,0.002194782878546084,50000,1.0807223196023057
31,19,8.0,fit,1247,sim,clean,optimum,5.923606485166759e-05,6.239424972743425e-05,5.593575196538358e-07,0.76506,0.002106211008891896,50000,1.0533152376626476
31,1,0.6,fit,1245,sim,clean,optimum,8.932264904825615e-05,9.167657702353919e-05,6.621724044678599e-07,0.6548,0.002493351316592173,50000,1.0263530918570423
31,21,10.0,fit,1247,sim,clean,optimum,5.9154115434070475e-05,6.271294002994945e-05,5.606007515679888e-07,0.76386,0.002110892288131362,50000,1.0601619104565163
31,17,6.0,fit,1247,sim,clean,optimum,6.499202209295475e-05,6.796601851640833e-05,5.813099529616902e-07,0.74408,0.0021888709447654355,50000,1.0457594075038938
31,7,1.8,fit,1245,sim,clean,optimum,6.166453461238687e-05,6.701525911390464e-05,5.807291644122875e-07,0.74766,0.0021866840371194142,50000,1.0867715054553082
31,23,20.0,fit,1247,sim,clean,optimum,4.9435234263327646e-05,5.376836553935615e-05,5.227659430199081e-07,0.79754,0.0019684286803611467,50000,1.0876526902441108
31,5,1.4,fit,1245,sim,clean,optimum,4.4988322803829135e-05,5.00874925453056e-05,5.03874407347205e-07,0.8114,0.0018972942823944484,50000,1.1133442952232586
31,3,1.0,fit,1245,sim,clean,optimum,4.723832265751758e-05,5.224396359232512e-05,5.1198085671362e-07,0.80328,0.001927818396755393,50000,1.105965678991164
31,13,4.0,fit,1247,sim,clean,optimum,7.378606364169421e-05,7.658127969440254e-05,6.083069070295979e-07,0.71164,0.002290525575062647,50000,1.0378827100234256
31,15,5.0,fit,1247,sim,clean,optimum,6.957192129527492e-05,7.213023846927359e-05,5.929797773767051e-07,0.7284,0.002232812631059294,50000,1.0367722656837481
31,11,3.0,fit,1247,sim,clean,optimum,6.474081159075041e-05,6.933107531218175e-05,5.854050989724796e-07,0.73894,0.0022042908529777755,50000,1.0709021652438961
31,9,2.0,fit,1247,sim,clean,optimum,6.293367022050028e-05,6.816785570800128e-05,5.86599220606551e-07,0.74332,0.002208787211823892,50000,1.0831698750313152
31,19,8.0,fit,1248,sim,clean,optimum,5.923606485166759e-05,6.307943387784191e-05,5.618207847544586e-07,0.76248,0.00211548621462429,50000,1.0648822475935642
31,21,10.0,fit,1248,sim,clean,optimum,5.9154115434070475e-05,6.310067989800961e-05,5.6050964046662e-07,0.7624,0.002110549217379665,50000,1.066716650819295
31,17,6.0,fit,1248,sim,clean,optimum,6.499202209295475e-05,6.833782386934272e-05,5.81994764969947e-07,0.74268,0.0021914495434972527,50000,1.0514801920088384
31,1,0.6,fit,1246,sim,clean,optimum,8.932264904825615e-05,9.206431689159935e-05,6.615074589898985e-07,0.65334,0.0024908475235138894,50000,1.0306939826858699
31,23,20.0,fit,1248,sim,clean,optimum,4.9435234263327646e-05,5.424108948808703e-05,5.267106072660766e-07,0.79576,0.001983281962867841,50000,1.0972151805564416
31,7,1.8,fit,1246,sim,clean,optimum,6.166453461238687e-05,6.683466794247935e-05,5.816083866119897e-07,0.74834,0.002189994670142496,50000,1.0838428987195168
31,13,4.0,fit,1248,sim,clean,optimum,7.378606364169421e-05,7.68043629061632e-05,6.07496586221187e-07,0.7108,0.0022874743841025877,50000,1.0409060887043098
31,5,1.4,fit,1246,sim,clean,optimum,4.4988322803829135e-05,4.9731621707496955e-05,5.015252676796374e-07,0.81274,0.0018884488058335581,50000,1.1054340017153095
31,15,5.0,fit,1248,sim,clean,optimum,6.957192129527492e-05,7.284198014489087e-05,5.99599721673584e-07,0.72572,0.00225773944274311,50000,1.0470025663907896
31,3,1.0,fit,1246,sim,clean,optimum,4.723832265751758e-05,5.1776551148636163e-05,5.132395119504348e-07,0.80504,0.001932557751145085,50000,1.0960709067513084
31,11,3.0,fit,1248,sim,clean,optimum,6.474081159075041e-05,6.858215310127104e-05,5.847378417177976e-07,0.74176,0.002201778355109786,50000,1.0593341574832753
31,19,8.0,fit,1249,sim,clean,optimum,5.923606485166759e-05,6.245798778793726e-05,5.542603825158914e-07,0.76482,0.0020870181921752926,50000,1.0543912385864533
31,9,2.0,fit,1248,sim,clean,optimum,6.293367022050028e-05,6.700463610382079e-05,5.788962017292586e-07,0.7477,0.002179782179101536,50000,1.0646866116191396
31,21,10.0,fit,1249,sim,clean,optimum,5.9154115434070475e-05,6.247392230306303e-05,5.557368994097655e-07,0.76476,0.0020925778852649945,50000,1.0561213170822006
31,17,6.0,fit,1249,sim,clean,optimum,6.499202209295475e-05,6.812005216262398e-05,5.764745152371232e-07,0.7435,0.0021706635339227296,50000,1.048129446798799
31,1,0.6,fit,1247,sim,clean,optimum,8.932264904825615e-05,9.21280549521024e-05,6.610123824440905e-07,0.6531,0.0024889833567969207,50000,1.0314075537810197
31,23,20.0,fit,1249,sim,clean,optimum,4.9435234263327646e-05,5.382679209481727e-05,5.217461833316136e-07,0.79732,0.0019645888659196795,50000,1.0888345710692302
31,7,1.8,fit,1247,sim,clean,optimum,6.166453461238687e-05,6.674437235676671e-05,5.761152892081166e-07,0.74868,0.0021693109002485773,50000,1.082378595351621
31,13,4.0,fit,1249,sim,clean,optimum,7.378606364169421e-05,7.607668671542017e-05,6.078278176239265e-07,0.71354,0.002288721606500478,50000,1.0310441153880934
31,15,5.0,fit,1249,sim,clean,optimum,6.957192129527492e-05,7.218866502473471e-05,5.931537262355476e-07,0.72818,0.002233467620021819,50000,1.0376120664880575
31,5,1.4,fit,1247,sim,clean,optimum,4.4988322803829135e-05,4.9232340233556476e-05,5.003108702348528e-07,0.81462,0.0018838761002248838,50000,1.0943359779877395
31,3,1.0,fit,1247,sim,clean,optimum,4.723832265751758e-05,5.204212640073217e-05,5.125360387986343e-07,0.80404,0.001929908885536379,50000,1.1016929364330448
31,19,8.0,fit,1250,sim,clean,optimum,5.923606485166759e-05,6.341405869548288e-05,5.618492827254753e-07,0.76122,0.0021155935212004554,50000,1.070531252443547
31,21,10.0,fit,1250,sim,clean,optimum,5.9154115434070475e-05,6.336625515010561e-05,5.580995094408274e-07,0.7614,0.0021014740832819992,50000,1.0712061990129786
31,11,3.0,fit,1249,sim,clean,optimum,6.474081159075041e-05,6.873618674748672e-05,5.89212447805081e-07,0.74118,0.0022186270865031236,50000,1.0617133931219846
31,17,6.0,fit,1250,sim,clean,optimum,6.499202209295475e-05,6.856090708110334e-05,5.798208734217825e-07,0.74184,0.0021832639481490137,50000,1.0549126627118048
31,9,2.0,fit,1249,sim,clean,optimum,6.293367022050028e-05,6.754640961809664e-05,5.885026162427462e-07,0.74566,0.0022159542788648644,50000,1.0732952548522077
31,23,20.0,fit,1250,sim,clean,optimum,4.9435234263327646e-05,5.45279107603507e-05,5.236441219106298e-07,0.79468,0.0019717353848970206,50000,1.1030171409706646
31,1,0.6,fit,1248,sim,clean,optimum,8.932264904825615e-05,9.067801407565823e-05,6.555472557514673e-07,0.65856,0.0024684049081293933,50000,1.0151738113663629
31,13,4.0,fit,1250,sim,clean,optimum,7.378606364169421e-05,7.70964956834688e-05,6.116873499128293e-07,0.7097,0.002303254332191001,50000,1.044865275072134
31,15,5.0,fit,1250,sim,clean,optimum,6.957192129527492e-05,7.307037486169345e-05,5.980640116555185e-07,0.72486,0.002251956863207008,50000,1.050285424080363
31,7,1.8,fit,1248,sim,clean,optimum,6.166453461238687e-05,6.666469978113793e-05,5.759059498733883e-07,0.74898,0.0021685226515956017,50000,1.0810865629681838
31,19,8.0,fit,1251,sim,clean,optimum,5.923606485166759e-05,6.278198959549441e-05,5.588922206042033e-07,0.7636,0.002104458966689318,50000,1.0598609099491354
31,21,10.0,fit,1251,sim,clean,optimum,5.9154115434070475e-05,6.282979314087168e-05,5.586651066291466e-07,0.76342,0.002103603789208494,50000,1.062137311661737
31,5,1.4,fit,1248,sim,clean,optimum,4.4988322803829135e-05,4.913142163776001e-05,4.986247803289496e-07,0.815,0.0018775272785911052,50000,1.0920927604257842
31,3,1.0,fit,1248,sim,clean,optimum,4.723832265751758e-05,5.120290860410879e-05,5.086301372113396e-07,0.8072,0.0019152015603753631,50000,1.0839273226387576
31,17,6.0,fit,1251,sim,clean,optimum,6.499202209295475e-05,6.825815129371392e-05,5.793611675649938e-07,0.74298,0.002181532966616809,50000,1.0502543096149217
31,11,3.0,fit,1250,sim,clean,optimum,6.474081159075041e-05,6.956478153402623e-05,5.883931724105478e-07,0.73806,0.002215542177845155,50000,1.074512040006076
31,9,2.0,fit,1250,sim,clean,optimum,6.293367022050028e-05,6.795539550632448e-05,5.841573320535795e-07,0.74412,0.0021995924975811323,50000,1.0797939365085434
31,23,20.0,fit,1251,sim,clean,optimum,4.9435234263327646e-05,5.393302219565569e-05,5.195806960419394e-07,0.79692,0.0019564349160595793,50000,1.0909834452967206
31,1,0.6,fit,1249,sim,clean,optimum,8.932264904825615e-05,9.138444424623358e-05,6.627181620083198e-07,0.6559,0.0024954063180885576,50000,1.0230825576709393
31,13,4.0,fit,1251,sim,clean,optimum,7.378606364169421e-05,7.706462665321728e-05,6.123085923556611e-07,0.70982,0.0023055935653760544,50000,1.0444333638320076
31,15,5.0,fit,1251,sim,clean,optimum,6.957192129527492e-05,7.254453586254335e-05,5.953152362790077e-07,0.72684,0.0022416065939149087,50000,1.0427272168415782
31,19,8.0,fit,1252,sim,clean,optimum,5.923606485166759e-05,6.290946571650047e-05,5.61430490418854e-07,0.76312,0.002114016596003864,50000,1.0620129117967476
31,21,10.0,fit,1252,sim,clean,optimum,5.9154115434070475e-05,6.313254892826113e-05,5.624215364820691e-07,0.76228,0.002117748291842966,50000,1.0672553966025369
31,7,1.8,fit,1249,sim,clean,optimum,6.166453461238687e-05,6.631945195341313e-05,5.768965960657426e-07,0.75028,0.0021722528417565294,50000,1.0754877559732885
31,17,6.0,fit,1252,sim,clean,optimum,6.499202209295475e-05,6.910799210042112e-05,5.804983187040317e-07,0.73978,0.0021858148081290102,50000,1.0633303884833667
31,5,1.4,fit,1249,sim,clean,optimum,4.4988322803829135e-05,4.919515969826303e-05,4.977789894783752e-07,0.81476,0.0018743425283408498,50000,1.0935095294122819
31,11,3.0,fit,1251,sim,clean,optimum,6.474081159075041e-05,6.957009303906815e-05,5.903007073653452e-07,0.73804,0.0022227248311223052,50000,1.0745940826143072
31,3,1.0,fit,1249,sim,clean,optimum,4.723832265751758e-05,5.131976171503103e-05,5.108654064632752e-07,0.80676,0.0019236182680101828,50000,1.0864010156987216
31,9,2.0,fit,1251,sim,clean,optimum,6.293367022050028e-05,6.76951317592704e-05,5.805990092190526e-07,0.7451,0.002186193949311128,50000,1.075658411818148
31,23,20.0,fit,1252,sim,clean,optimum,4.9435234263327646e-05,5.4225154972961286e-05,5.226693205836579e-07,0.79582,0.001968064857167955,50000,1.0968928494223185
31,1,0.6,fit,1250,sim,clean,optimum,8.932264904825615e-05,9.155972391261694e-05,6.666590119796639e-07,0.65524,0.0025102452382825204,50000,1.025044878182601
31,13,4.0,fit,1252,sim,clean,optimum,7.378606364169421e-05,7.691590451204352e-05,6.130461850392347e-07,0.71038,0.0023083709050481524,50000,1.0424177780447517
31,15,5.0,fit,1252,sim,clean,optimum,6.957192129527492e-05,7.375555901210111e-05,6.016924797482111e-07,0.72228,0.00226561953721016,50000,1.0601339971490815
31,19,8.0,fit,1253,sim,clean,optimum,5.923606485166759e-05,6.220303554592512e-05,5.570856492544116e-07,0.76578,0.0020976564828903434,50000,1.0500872348912287
31,21,10.0,fit,1253,sim,clean,optimum,5.9154115434070475e-05,6.265451347448832e-05,5.578110028659576e-07,0.76408,0.002100387737424873,50000,1.0591742098539056
31,17,6.0,fit,1253,sim,clean,optimum,6.499202209295475e-05,6.757296714330623e-05,5.792884015801814e-07,0.74556,0.002181258972770477,50000,1.0397117210272377
31,7,1.8,fit,1250,sim,clean,optimum,6.166453461238687e-05,6.648942011475457e-05,5.770024395795343e-07,0.74964,0.0021726513860973757,50000,1.0782440917246217
31,11,3.0,fit,1252,sim,clean,optimum,6.474081159075041e-05,6.941074788781056e-05,5.957935813643405e-07,0.73864,0.002243407759805019,50000,1.0721328043673668
31,9,2.0,fit,1252,sim,clean,optimum,6.293367022050028e-05,6.76207706886835e-05,5.829961053605958e-07,0.74538,0.0021952200017110583,50000,1.0744768333351775
31,5,1.4,fit,1250,sim,clean,optimum,4.4988322803829135e-05,4.989627836379649e-05,5.04807047296112e-07,0.81212,0.0019008060552028944,50000,1.1090939882637638
31,3,1.0,fit,1250,sim,clean,optimum,4.723832265751758e-05,5.200494586543872e-05,5.121813027802077e-07,0.80418,0.001928573158597868,50000,1.1009058522776014
31,23,20.0,fit,1253,sim,clean,optimum,4.9435234263327646e-05,5.424108948808703e-05,5.247126808322933e-07,0.79576,0.001975758948513096,50000,1.0972151805564416
31,13,4.0,fit,1253,sim,clean,optimum,7.378606364169421e-05,7.626790089692928e-05,6.100552614157096e-07,0.71282,0.0022971088480608394,50000,1.0336355828288508
31,19,8.0,fit,1254,sim,clean,optimum,5.923606485166759e-05,6.23836267173504e-05,5.604705994709219e-07,0.7651,0.002110402211981421,50000,1.0531359041753463
31,1,0.6,fit,1251,sim,clean,optimum,8.932264904825615e-05,9.192621776050944e-05,6.667047030895527e-07,0.65386,0.002510417284094501,50000,1.0291479119797122
31,21,10.0,fit,1254,sim,clean,optimum,5.9154115434070475e-05,6.237300370726654e-05,5.570123747774629e-07,0.76514,0.0020973805743620807,50000,1.0544152887686005
31,15,5.0,fit,1253,sim,clean,optimum,6.957192129527492e-05,7.254984736758526e-05,5.954521984675397e-07,0.72682,0.00224212231285879,50000,1.0428035623692427
31,17,6.0,fit,1254,sim,clean,optimum,6.499202209295475e-05,6.771637777943808e-05,5.792869306317049e-07,0.74502,0.0021812534340447678,50000,1.0419183093362878
31,11,3.0,fit,1253,sim,clean,optimum,6.474081159075041e-05,6.840687343488768e-05,5.862698898444774e-07,0.74242,0.0022075471461194466,50000,1.0566267514116405
31,9,2.0,fit,1253,sim,clean,optimum,6.293367022050028e-05,6.74295565071744e-05,5.824718755275581e-07,0.7461,0.002193246060882987,50000,1.0714384886646833
31,23,20.0,fit,1254,sim,clean,optimum,4.9435234263327646e-05,5.3784300054481924e-05,5.205725500545311e-07,0.79748,0.001960169654160226,50000,1.0879750213782344
31,7,1.8,fit,1251,sim,clean,optimum,6.166453461238687e-05,6.677624138701824e-05,5.764792794347213e-07,0.74856,0.00217068147308521,50000,1.0828954083049962
31,5,1.4,fit,1251,sim,clean,optimum,4.4988322803829135e-05,4.958821107136512e-05,5.035040657819272e-07,0.81328,0.0018958997941567266,50000,1.1022462714956884
31,3,1.0,fit,1251,sim,clean,optimum,4.723832265751758e-05,5.21589795116544e-05,5.100606592652229e-07,0.8036,0.0019205880639843896,50000,1.1041666294930086
31,19,8.0,fit,1255,sim,clean,optimum,5.923606485166759e-05,6.33928126753152e-05,5.620568386723728e-07,0.7613,0.0021163750546651116,50000,1.070172585468945
31,21,10.0,fit,1255,sim,clean,optimum,5.9154115434070475e-05,6.315910645347072e-05,5.591514137358941e-07,0.76218,0.002105434935382354,50000,1.0677043514219051
31,13,4.0,fit,1254,sim,clean,optimum,7.378606364169421e-05,7.630508143222272e-05,6.115547996725751e-07,0.71268,0.0023027552260461025,50000,1.0341394792756649
31,15,5.0,fit,1254,sim,clean,optimum,6.957192129527492e-05,7.198682783314174e-05,5.944750635721903e-07,0.72894,0.002238442998285472,50000,1.034710936436807
31,17,6.0,fit,1255,sim,clean,optimum,6.499202209295475e-05,6.842280795001343e-05,5.813656617080166e-07,0.74236,0.002189080711096774,50000,1.0527877998956827
31,1,0.6,fit,1252,sim,clean,optimum,8.932264904825615e-05,9.277605856721664e-05,6.686257905562816e-07,0.65066,0.0025176509681504025,50000,1.0386621932483753
31,23,20.0,fit,1255,sim,clean,optimum,4.9435234263327646e-05,5.449604173009921e-05,5.258796011406107e-07,0.7948,0.001980152883185501,50000,1.1023724787024183
31,11,3.0,fit,1254,sim,clean,optimum,6.474081159075041e-05,6.916641865588224e-05,5.874623539662894e-07,0.73956,0.0022120372637505162,50000,1.0683588443887244
31,9,2.0,fit,1254,sim,clean,optimum,6.293367022050028e-05,6.707368566936575e-05,5.797443337835278e-07,0.74744,0.0021829757449461527,50000,1.0657837916390405
31,7,1.8,fit,1252,sim,clean,optimum,6.166453461238687e-05,6.640443603408385e-05,5.823301898055238e-07,0.74996,0.002192712555893662,50000,1.076865923848955
31,5,1.4,fit,1252,sim,clean,optimum,4.4988322803829135e-05,5.008218104026367e-05,5.033212941904329e-07,0.81142,0.0018952115839788136,50000,1.1132262311410501
31,3,1.0,fit,1252,sim,clean,optimum,4.723832265751758e-05,5.211648747131903e-05,5.11999753710648e-07,0.80376,0.0019278895517176075,50000,1.1032671047439304
31,19,8.0,fit,1256,sim,clean,optimum,5.923606485166759e-05,6.465695087529216e-05,5.643678975553678e-07,0.75654,0.0021250771414173804,50000,1.0915132704577686
31,21,10.0,fit,1256,sim,clean,optimum,5.9154115434070475e-05,6.441793314840576e-05,5.656127675731116e-07,0.75744,0.002129764588790277,50000,1.0889848098599668
31,17,6.0,fit,1256,sim,clean,optimum,6.499202209295475e-05,6.974537270545151e-05,5.844510243983569e-07,0.73738,0.0022006983699937896,50000,1.0731374476347002
31,13,4.0,fit,1255,sim,clean,optimum,7.378606364169421e-05,7.684685494649854e-05,6.123426148397399e-07,0.71064,0.002305721674014982,50000,1.041481970357811
31,15,5.0,fit,1255,sim,clean,optimum,6.957192129527492e-05,7.277293057934592e-05,5.995945257054461e-07,0.72598,0.00225771987778705,50000,1.0460100745311514
31,1,0.6,fit,1253,sim,clean,optimum,8.932264904825615e-05,9.176687260925183e-05,6.607347194304217e-07,0.65446,0.002487937841405417,50000,1.0273639842418376
31,23,20.0,fit,1256,sim,clean,optimum,4.9435234263327646e-05,5.561145778890241e-05,5.310327061297409e-07,0.7906,0.0019995564418697548,50000,1.124935658091064
31,11,3.0,fit,1255,sim,clean,optimum,6.474081159075041e-05,6.892208942395391e-05,5.886143987710557e-07,0.74048,0.0022163751860368513,50000,1.0645848844100818
31,9,2.0,fit,1255,sim,clean,optimum,6.293367022050028e-05,6.798195303153407e-05,5.825467940631477e-07,0.74402,0.0021935281599678915,50000,1.0802159288238897
31,7,1.8,fit,1253,sim,clean,optimum,6.166453461238687e-05,6.671250332651519e-05,5.785799077641583e-07,0.7488,0.0021785912022970182,50000,1.081861782398246
31,19,8.0,fit,1257,sim,clean,optimum,5.923606485166759e-05,6.319097548372225e-05,5.566861277671049e-07,0.76206,0.002096152120250551,50000,1.0667652492102255
31,5,1.4,fit,1253,sim,clean,optimum,4.4988322803829135e-05,4.939699688985601e-05,5.011100283282976e-07,0.814,0.001886885258974193,50000,1.0979959645361936
31,21,10.0,fit,1257,sim,clean,optimum,5.9154115434070475e-05,6.357871535178239e-05,5.607554888817545e-07,0.7606,0.0021114749377289604,50000,1.0747978375679255
31,3,1.0,fit,1253,sim,clean,optimum,4.723832265751758e-05,5.190402726964222e-05,5.132997979689658e-07,0.80456,0.0019327847527879536,50000,1.0987694809985413
31,17,6.0,fit,1257,sim,clean,optimum,6.499202209295475e-05,6.799257604161792e-05,5.756150946340292e-07,0.74398,0.002167427462051156,50000,1.0461680349685325
31,13,4.0,fit,1256,sim,clean,optimum,7.378606364169421e-05,7.74736125414451e-05,6.129739637387703e-07,0.70828,0.0023080989621623057,50000,1.0499762247469613
31,15,5.0,fit,1256,sim,clean,optimum,6.957192129527492e-05,7.379805105243648e-05,6.008892396444922e-07,0.72212,0.002262595008014087,50000,1.0607447613703975
31,1,0.6,fit,1254,sim,clean,optimum,8.932264904825615e-05,9.220772752773118e-05,6.623038156807861e-07,0.6528,0.0024938461338309373,50000,1.0322995176499565
31,23,20.0,fit,1257,sim,clean,optimum,4.9435234263327646e-05,5.48944046082432e-05,5.243158895407333e-07,0.7933,0.001974264866182651,50000,1.1104307570555059
31,11,3.0,fit,1256,sim,clean,optimum,6.474081159075041e-05,7.004281698779903e-05,5.905224925086585e-07,0.73626,0.0022235599433609752,50000,1.081895874746898
31,9,2.0,fit,1256,sim,clean,optimum,6.293367022050028e-05,6.862464514160638e-05,5.819773889983785e-07,0.7416,0.0021913841158211745,50000,1.090428142855274
31,19,8.0,fit,1258,sim,clean,optimum,5.923606485166759e-05,6.263857895936254e-05,5.593125027795154e-07,0.76414,0.0021060415018540036,50000,1.057439907870571
31,7,1.8,fit,1254,sim,clean,optimum,6.166453461238687e-05,6.608043422652673e-05,5.778882300304531e-07,0.75118,0.002175986751286443,50000,1.0716116588229763
31,21,10.0,fit,1258,sim,clean,optimum,5.9154115434070475e-05,6.217647802071552e-05,5.591881705158117e-07,0.76588,0.0021055733397691615,50000,1.0510930231052746
31,17,6.0,fit,1258,sim,clean,optimum,6.499202209295475e-05,6.78013618601088e-05,5.775525660724601e-07,0.7447,0.0021747228384958353,50000,1.0432259172231324
31,5,1.4,fit,1254,sim,clean,optimum,4.4988322803829135e-05,4.95032269906944e-05,5.001244606157953e-07,0.8136,0.001883174191377631,50000,1.1003572461803572
31,3,1.0,fit,1254,sim,clean,optimum,4.723832265751758e-05,5.167032104779775e-05,5.085134179651153e-07,0.80544,0.0019147620644309818,50000,1.0938220948786135
31,13,4.0,fit,1257,sim,clean,optimum,7.378606364169421e-05,7.685216645154047e-05,6.130640566528449e-07,0.71062,0.002308438199020272,50000,1.041553955564499
31,15,5.0,fit,1257,sim,clean,optimum,6.957192129527492e-05,7.245424027683071e-05,5.977173156011664e-07,0.72718,0.002250651410038402,50000,1.041429342871282
31,23,20.0,fit,1258,sim,clean,optimum,4.9435234263327646e-05,5.296101677298433e-05,5.169717274370133e-07,0.80058,0.0019466110767359403,50000,1.0713212461151864
31,1,0.6,fit,1255,sim,clean,optimum,8.932264904825615e-05,9.219710451764736e-05,6.657287518286833e-07,0.65284,0.002506742426391583,50000,1.0321805891340985
31,19,8.0,fit,1259,sim,clean,optimum,5.923606485166759e-05,6.329720558456063e-05,5.608943381842152e-07,0.76166,0.0021119977624325607,50000,1.0685585840832355
31,11,3.0,fit,1257,sim,clean,optimum,6.474081159075041e-05,6.92354682214272e-05,5.904869598399205e-07,0.7393,0.0022234261482559814,50000,1.069425398295732
31,9,2.0,fit,1257,sim,clean,optimum,6.293367022050028e-05,6.761014767859968e-05,5.832211991462798e-07,0.74542,0.0021960675723484108,50000,1.0743080364090392
31,21,10.0,fit,1259,sim,clean,optimum,5.9154115434070475e-05,6.321222150388991e-05,5.617679757975991e-07,0.76198,0.002115287367192375,50000,1.0686022610606418
31,17,6.0,fit,1259,sim,clean,optimum,6.499202209295475e-05,6.866713718194176e-05,5.822186531573125e-07,0.74144,0.002192292574561324,50000,1.0565471725703608
31,7,1.8,fit,1255,sim,clean,optimum,6.166453461238687e-05,6.667001128617985e-05,5.782695917506598e-07,0.74896,0.002177422734937769,50000,1.0811726984604129
31,13,4.0,fit,1258,sim,clean,optimum,7.378606364169421e-05,7.683623193641473e-05,6.115652934157955e-07,0.71068,0.002302794739303221,50000,1.041337999944436
31,5,1.4,fit,1255,sim,clean,optimum,4.4988322803829135e-05,5.018309963606016e-05,5.073088502827989e-07,0.81104,0.0019102263719189363,50000,1.1154694487030061
31,15,5.0,fit,1258,sim,clean,optimum,6.957192129527492e-05,7.245424027683071e-05,5.942192769664895e-07,0.72718,0.0022374798565631838,50000,1.041429342871282
31,3,1.0,fit,1255,sim,clean,optimum,4.723832265751758e-05,5.2079306936025614e-05,5.138640813860376e-07,0.8039,0.0019349095118256212,50000,1.102480020588488
31,23,20.0,fit,1259,sim,clean,optimum,4.9435234263327646e-05,5.403394079145215e-05,5.227877849597379e-07,0.79654,0.0019685109242436522,50000,1.0930248758128358
31,1,0.6,fit,1256,sim,clean,optimum,8.932264904825615e-05,9.335501261678593e-05,6.640796907008741e-07,0.64848,0.0025005330333295623,50000,1.0451437973626523
31,19,8.0,fit,1260,sim,clean,optimum,5.923606485166759e-05,6.30741223728e-05,5.590803991260531e-07,0.7625,0.0021051675361827655,50000,1.064792580849914
31,11,3.0,fit,1258,sim,clean,optimum,6.474081159075041e-05,6.937356735251711e-05,5.897421847578465e-07,0.73878,0.002220621763900903,50000,1.0715585061097472
31,9,2.0,fit,1258,sim,clean,optimum,6.293367022050028e-05,6.679217590214399e-05,5.803768680695152e-07,0.7485,0.0021853574965626727,50000,1.0613106730963677
31,21,10.0,fit,1260,sim,clean,optimum,5.9154115434070475e-05,6.254297186860801e-05,5.582858682282723e-07,0.7645,0.002102175800727334,50000,1.0572885996125585
31,17,6.0,fit,1260,sim,clean,optimum,6.499202209295475e-05,6.833251236430079e-05,5.816351875821018e-07,0.7427,0.0021900955868126323,50000,1.0513984665159104
31,13,4.0,fit,1259,sim,clean,optimum,7.378606364169421e-05,7.744174351119359e-05,6.165601320393328e-07,0.7084,0.0023216023600589825,50000,1.049544313506835
31,7,1.8,fit,1256,sim,clean,optimum,6.166453461238687e-05,6.691965202315007e-05,5.765321572912697e-07,0.74802,0.002170880579952778,50000,1.0852210665951831
31,15,5.0,fit,1259,sim,clean,optimum,6.957192129527492e-05,7.344218021462784e-05,6.009399307276003e-07,0.72346,0.002262785880780687,50000,1.055629611016877
31,23,20.0,fit,1260,sim,clean,optimum,4.9435234263327646e-05,5.408705584187135e-05,5.247892401948405e-07,0.79634,0.0019760472259860266,50000,1.0940993129265808
31,5,1.4,fit,1256,sim,clean,optimum,4.4988322803829135e-05,5.0894841311677447e-05,5.069715584820307e-07,0.80836,0.0019089563296310866,50000,1.131290035718904
31,3,1.0,fit,1256,sim,clean,optimum,4.723832265751758e-05,5.203681489569024e-05,5.099786982268603e-07,0.80406,0.0019202794469814286,50000,1.1015804958394098
31,19,8.0,fit,1261,sim,clean,optimum,5.923606485166759e-05,6.302100732238078e-05,5.572643169738618e-07,0.7627,0.0020983292403029415,50000,1.0638959134134085
31,11,3.0,fit,1259,sim,clean,optimum,6.474081159075041e-05,6.944792842310398e-05,5.8924203755823e-07,0.7385,0.00221873850408784,50000,1.072707102624986
31,1,0.6,fit,1257,sim,clean,optimum,8.932264904825615e-05,9.230333461848575e-05,6.634033262780509e-07,0.65244,0.0024979862432296376,50000,1.0333698742926813
31,9,2.0,fit,1259,sim,clean,optimum,6.293367022050028e-05,6.782791938531839e-05,5.83199948470577e-07,0.7446,0.002195987554818407,50000,1.0777683733948802
31,21,10.0,fit,1261,sim,clean,optimum,5.9154115434070475e-05,6.277667809045249e-05,5.580372566698675e-07,0.76362,0.0021012396760077194,50000,1.0612394020230005
31,17,6.0,fit,1261,sim,clean,optimum,6.499202209295475e-05,6.849716902060032e-05,5.798072047355556e-07,0.74208,0.002183212479926282,50000,1.0539319567966718
31,13,4.0,fit,1260,sim,clean,optimum,7.378606364169421e-05,7.665564076498944e-05,6.107018442361591e-07,0.71136,0.0022995434981848495,50000,1.0388905029170539
31,15,5.0,fit,1260,sim,clean,optimum,6.957192129527492e-05,7.252328984237567e-05,5.992796339619085e-07,0.72692,0.0022565341809231577,50000,1.0424218347309204
31,7,1.8,fit,1257,sim,clean,optimum,6.166453461238687e-05,6.636194399374847e-05,5.802693152376705e-07,0.75012,0.0021849525159366697,50000,1.0761768399111213
31,23,20.0,fit,1261,sim,clean,optimum,4.9435234263327646e-05,5.3832103599859196e-05,5.207378822818952e-07,0.7973,0.001960792197963006,50000,1.0889420147806048
31,5,1.4,fit,1257,sim,clean,optimum,4.4988322803829135e-05,4.9747556222622726e-05,5.026940152677554e-07,0.81268,0.0018928496209655932,50000,1.1057881939619343
31,3,1.0,fit,1257,sim,clean,optimum,4.723832265751758e-05,5.185091221922303e-05,5.093592551549289e-07,0.80476,0.0019179469891675224,50000,1.0976450750621942
31,11,3.0,fit,1260,sim,clean,optimum,6.474081159075041e-05,6.886897437353472e-05,5.877374190111177e-07,0.74068,0.0022130729967213313,50000,1.0637644583277683
31,19,8.0,fit,1262,sim,clean,optimum,5.923606485166759e-05,6.417891542151936e-05,5.62641590397636e-07,0.75834,0.0021185768852974773,50000,1.0834432635292217
31,9,2.0,fit,1260,sim,clean,optimum,6.293367022050028e-05,6.791821497103103e-05,5.838358725675085e-07,0.74426,0.0021983820704666555,50000,1.0792031472670582
31,21,10.0,fit,1262,sim,clean,optimum,5.9154115434070475e-05,6.394520919967487e-05,5.625329684347967e-07,0.75922,0.0021181678789537685,50000,1.0809934140752093
31,1,0.6,fit,1258,sim,clean,optimum,8.932264904825615e-05,9.193152926555136e-05,6.673627253082803e-07,0.65384,0.002512895008255673,50000,1.0292073762376412
31,17,6.0,fit,1262,sim,clean,optimum,6.499202209295475e-05,6.983566829116415e-05,5.837223235492612e-07,0.73704,0.0021979545117338625,50000,1.0745267810144725
31,13,4.0,fit,1261,sim,clean,optimum,7.378606364169421e-05,7.685747795658239e-05,6.099185678979865e-07,0.7106,0.002296594140773002,50000,1.0416259407711868
31,15,5.0,fit,1261,sim,clean,optimum,6.957192129527492e-05,7.292696422556159e-05,5.958088648811506e-07,0.7254,0.0022434653085287404,50000,1.0482240948334214
31,7,1.8,fit,1258,sim,clean,optimum,6.166453461238687e-05,6.563957930804737e-05,5.769962379204836e-07,0.75284,0.002172628034301597,50000,1.064462412967956
31,23,20.0,fit,1262,sim,clean,optimum,4.9435234263327646e-05,5.5138733840171524e-05,5.269156066652698e-07,0.79238,0.001984053869879414,50000,1.115373167778733
31,11,3.0,fit,1261,sim,clean,optimum,6.474081159075041e-05,6.951166648360702e-05,5.877042226129008e-07,0.73826,0.0022129479986352715,50000,1.0736916139237622
31,9,2.0,fit,1261,sim,clean,optimum,6.293367022050028e-05,6.786509992061184e-05,5.812277918040027e-07,0.74446,0.0021885615742309483,50000,1.0783591626363653
31,5,1.4,fit,1258,sim,clean,optimum,4.4988322803829135e-05,4.928014377893374e-05,4.992667276422279e-07,0.81444,0.0018799444741249961,50000,1.0953985547276128
31,3,1.0,fit,1258,sim,clean,optimum,4.723832265751758e-05,5.092139883688704e-05,5.057542825742219e-07,0.80826,0.0019043727854258126,50000,1.0779679711761174
31,19,8.0,fit,1263,sim,clean,optimum,5.923606485166759e-05,6.302631882742272e-05,5.60095886219361e-07,0.76268,0.0021089912625476786,50000,1.0639855801570592
31,13,4.0,fit,1262,sim,clean,optimum,7.378606364169421e-05,7.801538605572096e-05,6.131488343130968e-07,0.70624,0.0023087574217625375,50000,1.057318715829108
31,21,10.0,fit,1263,sim,clean,optimum,5.9154115434070475e-05,6.293071173666815e-05,5.613150900731771e-07,0.76304,0.0021135820662622332,50000,1.0638433399753366
31,15,5.0,fit,1262,sim,clean,optimum,6.957192129527492e-05,7.419110242553857e-05,5.995830531906114e-07,0.72064,0.0022576766790524385,50000,1.0663943304175698
31,1,0.6,fit,1259,sim,clean,optimum,8.932264904825615e-05,9.239894170924032e-05,6.619681814788131e-07,0.65208,0.002492582333083977,50000,1.0344402309354062
31,17,6.0,fit,1263,sim,clean,optimum,6.499202209295475e-05,6.873618674748672e-05,5.809457686028468e-07,0.74118,0.0021874996409411178,50000,1.057609603978422
31,11,3.0,fit,1262,sim,clean,optimum,6.474081159075041e-05,7.030308073485311e-05,5.871736016317641e-07,0.73528,0.002210949992507257,50000,1.0859159625502346
31,9,2.0,fit,1262,sim,clean,optimum,6.293367022050028e-05,6.781729637523457e-05,5.81870291496402e-07,0.74464,0.002190980849699308,50000,1.0775995764687418
31,23,20.0,fit,1263,sim,clean,optimum,4.9435234263327646e-05,5.410299035699712e-05,5.226246659255381e-07,0.79628,0.0019678967140229616,50000,1.0944216440607046
31,7,1.8,fit,1259,sim,clean,optimum,6.166453461238687e-05,6.678155289206016e-05,5.751259517560499e-07,0.74854,0.002165585638032845,50000,1.0829815437972252
31,13,4.0,fit,1263,sim,clean,optimum,7.378606364169421e-05,7.679905140112127e-05,6.124706334846629e-07,0.71082,0.0023062037168405563,50000,1.0408341034976218
31,5,1.4,fit,1259,sim,clean,optimum,4.4988322803829135e-05,5.0039688999928325e-05,5.02636006696113e-07,0.81158,0.0018926311948465001,50000,1.1122817184833849
31,19,8.0,fit,1264,sim,clean,optimum,5.923606485166759e-05,6.231457715180543e-05,5.575078784492175e-07,0.76536,0.002099246349383827,50000,1.0519702365078896
31,15,5.0,fit,1263,sim,clean,optimum,6.957192129527492e-05,7.304912884152574e-05,5.944907865159751e-07,0.72494,0.002238502201632398,50000,1.0499800419697045
31,3,1.0,fit,1259,sim,clean,optimum,4.723832265751758e-05,5.205806091585791e-05,5.134169430092852e-07,0.80398,0.0019332258520221434,50000,1.1020302582139485
31,21,10.0,fit,1264,sim,clean,optimum,5.9154115434070475e-05,6.248454531314689e-05,5.602923066021901e-07,0.76472,0.002109730866035876,50000,1.056300899009948
31,17,6.0,fit,1264,sim,clean,optimum,6.499202209295475e-05,6.751454058784512e-05,5.786601124378225e-07,0.74578,0.002178893205864863,50000,1.0388127406050323
31,1,0.6,fit,1260,sim,clean,optimum,8.932264904825615e-05,9.221835053781503e-05,6.632763609576208e-07,0.65276,0.002497508166603792,50000,1.032418446165815
31,9,2.0,fit,1263,sim,clean,optimum,6.293367022050028e-05,6.798726453657599e-05,5.833619119171118e-07,0.744,0.0021965974137764855,50000,1.080300327286959
31,11,3.0,fit,1263,sim,clean,optimum,6.474081159075041e-05,6.930982929201407e-05,5.872384977813553e-07,0.73902,0.0022111943531887552,50000,1.070573994810971
31,23,20.0,fit,1264,sim,clean,optimum,4.9435234263327646e-05,5.4108301862039045e-05,5.218669668757846e-07,0.79626,0.0019650436656166305,50000,1.0945290877720792
31,13,4.0,fit,1264,sim,clean,optimum,7.378606364169421e-05,7.62997699271808e-05,6.145190462407332e-07,0.7127,0.0023139168329532347,50000,1.0340674940689771
31,7,1.8,fit,1260,sim,clean,optimum,6.166453461238687e-05,6.718522727524607e-05,5.809506651890817e-07,0.74702,0.0021875180786012395,50000,1.0895278412066411
31,15,5.0,fit,1264,sim,clean,optimum,6.957192129527492e-05,7.190184375247104e-05,5.978043442365823e-07,0.72926,0.0022509791086275177,50000,1.0334894079941752
31,19,8.0,fit,1265,sim,clean,optimum,5.923606485166759e-05,6.299444979717119e-05,5.590478092500872e-07,0.7628,0.002105044821902317,50000,1.063447579695156
31,5,1.4,fit,1260,sim,clean,optimum,4.4988322803829135e-05,4.975817923270655e-05,5.012431700001507e-07,0.81264,0.001887386592102195,50000,1.1060243221263504
31,21,10.0,fit,1265,sim,clean,optimum,5.9154115434070475e-05,6.284572765599743e-05,5.588683208666716e-07,0.76336,0.0021043689743525207,50000,1.0624066845533577
31,3,1.0,fit,1260,sim,clean,optimum,4.723832265751758e-05,5.2153668006612475e-05,5.132310862018365e-07,0.80362,0.001932526024737855,50000,1.1040541888993738
31,17,6.0,fit,1265,sim,clean,optimum,6.499202209295475e-05,6.818379022312703e-05,5.815622644334585e-07,0.74326,0.002189821001179868,50000,1.0491101527139324
31,1,0.6,fit,1261,sim,clean,optimum,8.932264904825615e-05,9.248392578991103e-05,6.649235891228882e-07,0.65176,0.002503710657808326,50000,1.0353916590622723
31,9,2.0,fit,1264,sim,clean,optimum,6.293367022050028e-05,6.744017951725825e-05,5.818622326172056e-07,0.74606,0.0021909505047061927,50000,1.071607285590822
31,11,3.0,fit,1264,sim,clean,optimum,6.474081159075041e-05,6.922484521134336e-05,5.853651410387687e-07,0.73934,0.0022041403949309675,50000,1.0692613130792694
31,13,4.0,fit,1265,sim,clean,optimum,7.378606364169421e-05,7.601294865491713e-05,6.091447217768171e-07,0.71378,0.0022936802920048584,50000,1.030180292907841
31,15,5.0,fit,1265,sim,clean,optimum,6.957192129527492e-05,7.223115706507008e-05,5.963462515564195e-07,0.72802,0.002245488790276485,50000,1.0382228307093735
31,23,20.0,fit,1265,sim,clean,optimum,4.9435234263327646e-05,5.411892487212287e-05,5.220497917230916e-07,0.79622,0.0019657320763245716,50000,1.094743975194828
31,7,1.8,fit,1261,sim,clean,optimum,6.166453461238687e-05,6.614948379207166e-05,5.762444496243548e-07,0.75092,0.0021697972423125266,50000,1.072731420221955
31,19,8.0,fit,1266,sim,clean,optimum,5.923606485166759e-05,6.380179856354305e-05,5.629368094670092e-07,0.75976,0.002119688506455862,50000,1.0770769247300351
31,21,10.0,fit,1266,sim,clean,optimum,5.9154115434070475e-05,6.348841976606978e-05,5.621930491551514e-07,0.76094,0.0021168879431278115,50000,1.0732713911820733
31,5,1.4,fit,1261,sim,clean,optimum,4.4988322803829135e-05,4.957227655623937e-05,4.990846361849161e-07,0.81334,0.0018792588249318773,50000,1.101892079249064
31,17,6.0,fit,1266,sim,clean,optimum,6.499202209295475e-05,6.919828768613376e-05,5.82397805797369e-07,0.73944,0.0021929671578993517,50000,1.0647197218631388
31,3,1.0,fit,1261,sim,clean,optimum,4.723832265751758e-05,5.139943429065985e-05,5.097002224737127e-07,0.80646,0.0019192308712916767,50000,1.088087624603243
31,1,0.6,fit,1262,sim,clean,optimum,8.932264904825615e-05,9.278137007225855e-05,6.66182037534329e-07,0.65064,0.002508449233415461,50000,1.0387216575063045
31,9,2.0,fit,1265,sim,clean,optimum,6.293367022050028e-05,6.757827864834817e-05,5.816685717193676e-07,0.74554,0.0021902212918133894,50000,1.0738016456306236
31,11,3.0,fit,1265,sim,clean,optimum,6.474081159075041e-05,6.89486469491635e-05,5.861980586411525e-07,0.74038,0.0022072766721096962,50000,1.0649950974512385
31,13,4.0,fit,1266,sim,clean,optimum,7.378606364169421e-05,7.658127969440254e-05,6.115487186280848e-07,0.71164,0.0023027323284137277,50000,1.0378827100234256
31,15,5.0,fit,1266,sim,clean,optimum,6.957192129527492e-05,7.326690054824448e-05,5.979183358736379e-07,0.72412,0.0022514083340020806,50000,1.0531102086039488
31,23,20.0,fit,1266,sim,clean,optimum,4.9435234263327646e-05,5.444823818472191e-05,5.235416905694308e-07,0.79498,0.0019713496887887026,50000,1.1014054853000472
31,19,8.0,fit,1267,sim,clean,optimum,5.923606485166759e-05,6.300507280725504e-05,5.617586064444067e-07,0.76276,0.0021152520877259396,50000,1.0636269131824572
31,7,1.8,fit,1262,sim,clean,optimum,6.166453461238687e-05,6.696745556852737e-05,5.775331407503466e-07,0.74784,0.0021746496941724837,50000,1.085996286025246
31,21,10.0,fit,1267,sim,clean,optimum,5.9154115434070475e-05,6.34459277257344e-05,5.604136997379381e-07,0.7611,0.0021101879610957125,50000,1.0725530634710836
31,17,6.0,fit,1267,sim,clean,optimum,6.499202209295475e-05,6.885835136345086e-05,5.8058209729696e-07,0.74072,0.0021861302689720934,50000,1.0594892903157607
31,5,1.4,fit,1262,sim,clean,optimum,4.4988322803829135e-05,5.025214920160513e-05,5.026299551611746e-07,0.81078,0.0018926084083297195,50000,1.1170042817717127
31,9,2.0,fit,1266,sim,clean,optimum,6.293367022050028e-05,6.81466096878336e-05,5.839728704733644e-07,0.7434,0.0021988979239009445,50000,1.082832281179038
31,11,3.0,fit,1266,sim,clean,optimum,6.474081159075041e-05,6.89486469491635e-05,5.874165206182501e-07,0.74038,0.002211864682353426,50000,1.0649950974512385
31,3,1.0,fit,1262,sim,clean,optimum,4.723832265751758e-05,5.259452292509184e-05,5.13367863708197e-07,0.80196,0.001933041048277439,50000,1.113386758171056
31,13,4.0,fit,1267,sim,clean,optimum,7.378606364169421e-05,7.644849206835455e-05,6.067746619157949e-07,0.71214,0.0022847560423154877,50000,1.036083079856233
31,1,0.6,fit,1263,sim,clean,optimum,8.932264904825615e-05,9.228740010336001e-05,6.650764878463775e-07,0.6525,0.0025042863843577037,50000,1.033191481518894
31,15,5.0,fit,1267,sim,clean,optimum,6.957192129527492e-05,7.298007927598081e-05,5.991382571998405e-07,0.7252,0.0022560018392951174,50000,1.0489875501100665
31,23,20.0,fit,1267,sim,clean,optimum,4.9435234263327646e-05,5.4140170892290567e-05,5.231316480049417e-07,0.79614,0.001969805709968188,50000,1.0951737500403262
31,19,8.0,fit,1268,sim,clean,optimum,5.923606485166759e-05,6.381773307866879e-05,5.616833969369687e-07,0.7597,0.0021149688930124093,50000,1.0773459249609862
31,21,10.0,fit,1268,sim,clean,optimum,5.9154115434070475e-05,6.369556846270465e-05,5.586978906126963e-07,0.76016,0.0021037272343837916,50000,1.0767732387731468
31,7,1.8,fit,1263,sim,clean,optimum,6.166453461238687e-05,6.675499536685057e-05,5.785429304036366e-07,0.74864,0.0021784519673335575,50000,1.0825508663360794
31,17,6.0,fit,1268,sim,clean,optimum,6.499202209295475e-05,6.952760099873281e-05,5.865049555251118e-07,0.7382,0.0022084322650406537,50000,1.0697867024246615
31,9,2.0,fit,1267,sim,clean,optimum,6.293367022050028e-05,6.750922908280319e-05,5.811158209419692e-07,0.7458,0.0021881399579050677,50000,1.0727044656107225
31,11,3.0,fit,1267,sim,clean,optimum,6.474081159075041e-05,6.927796026176256e-05,5.903519880949248e-07,0.73914,0.0022229179241502694,50000,1.070081739161583
31,5,1.4,fit,1263,sim,clean,optimum,4.4988322803829135e-05,4.966257214195201e-05,5.041214981787032e-07,0.813,0.0018982246809521005,50000,1.1038991686466035
31,13,4.0,fit,1268,sim,clean,optimum,7.378606364169421e-05,7.811630465151743e-05,6.121535768534199e-07,0.70586,0.0023050098682844853,50000,1.0586864347561744
31,15,5.0,fit,1268,sim,clean,optimum,6.957192129527492e-05,7.397333071881983e-05,6.011216718128196e-07,0.72146,0.0022634702106788416,50000,1.0632641637833256
31,3,1.0,fit,1263,sim,clean,optimum,4.723832265751758e-05,5.1755305128468494e-05,5.104077634094257e-07,0.80512,0.0019218950537790464,50000,1.0956211443767696
31,1,0.6,fit,1264,sim,clean,optimum,8.932264904825615e-05,9.12038530748083e-05,6.57621043863035e-07,0.65658,0.002476213572887125,50000,1.0210607729013483
31,23,20.0,fit,1268,sim,clean,optimum,4.9435234263327646e-05,5.503250373933311e-05,5.250877380704874e-07,0.79278,0.0019771711931979227,50000,1.1132242935512426
31,19,8.0,fit,1269,sim,clean,optimum,5.923606485166759e-05,6.341405869548288e-05,5.613111293977343e-07,0.76122,0.002113567152690989,50000,1.070531252443547
31,21,10.0,fit,1269,sim,clean,optimum,5.9154115434070475e-05,6.365307642236928e-05,5.616391596017298e-07,0.76032,0.0021148023212596207,50000,1.0760549110621571
31,9,2.0,fit,1268,sim,clean,optimum,6.293367022050028e-05,6.841218493992962e-05,5.822044529912266e-07,0.7424,0.0021922391050984364,50000,1.0870522043325028
31,17,6.0,fit,1269,sim,clean,optimum,6.499202209295475e-05,6.891677791891199e-05,5.824108643604857e-07,0.7405,0.002193016328757757,50000,1.0603882707379664
31,11,3.0,fit,1268,sim,clean,optimum,6.474081159075041e-05,7.051022943148798e-05,5.931137376765983e-07,0.7345,0.0022333170466583984,50000,1.0891156242712574
31,7,1.8,fit,1264,sim,clean,optimum,6.166453461238687e-05,6.652660065004799e-05,5.813620395695861e-07,0.7495,0.002189067072256551,50000,1.0788470401702255
31,13,4.0,fit,1269,sim,clean,optimum,7.378606364169421e-05,7.700088859271424e-05,6.08448968965332e-07,0.71006,0.00229106049665121,50000,1.043569541351755
31,15,5.0,fit,1269,sim,clean,optimum,6.957192129527492e-05,7.29853907810227e-05,5.932727841699208e-07,0.72518,0.0022339159220884966,50000,1.0490638956377307
31,5,1.4,fit,1264,sim,clean,optimum,4.4988322803829135e-05,5.001313147471873e-05,5.038166095719687e-07,0.81168,0.0018970766500104813,50000,1.1116913980723442
31,3,1.0,fit,1264,sim,clean,optimum,4.723832265751758e-05,5.188278124947455e-05,5.117366875104224e-07,0.80464,0.0019268989993293504,50000,1.0983197186240026
31,1,0.6,fit,1265,sim,clean,optimum,8.932264904825615e-05,9.264327094116864e-05,6.696274641616226e-07,0.65116,0.002521422681054506,50000,1.0371755868001469
31,23,20.0,fit,1269,sim,clean,optimum,4.9435234263327646e-05,5.495814266874624e-05,5.258138756868052e-07,0.79306,0.0019799053998327157,50000,1.1117200815919999
31,19,8.0,fit,1270,sim,clean,optimum,5.923606485166759e-05,6.372212598791424e-05,5.617231951995234e-07,0.76006,0.002115118749831675,50000,1.0757319235752771
31,21,10.0,fit,1270,sim,clean,optimum,5.9154115434070475e-05,6.325471354422527e-05,5.574860605642675e-07,0.76182,0.0020991641960778325,50000,1.069320588771631
31,9,2.0,fit,1269,sim,clean,optimum,6.293367022050028e-05,6.79075919609472e-05,5.823633880985166e-07,0.7443,0.0021928375611143325,50000,1.0790343503409199
31,13,4.0,fit,1270,sim,clean,optimum,7.378606364169421e-05,7.724521782464256e-05,6.129285052911693e-07,0.70914,0.0023079277924194846,50000,1.0468808608593898
31,11,3.0,fit,1269,sim,clean,optimum,6.474081159075041e-05,6.928327176680448e-05,5.857723764495116e-07,0.73912,0.0022056738036636296,50000,1.0701637817698142
31,17,6.0,fit,1270,sim,clean,optimum,6.499202209295475e-05,6.901769651470848e-05,5.852493267488093e-07,0.74012,0.002203704306518944,50000,1.0619410551035944
31,15,5.0,fit,1270,sim,clean,optimum,6.957192129527492e-05,7.356965633563393e-05,6.024404894278824e-07,0.72298,0.002268436101154909,50000,1.0574619036808248
31,7,1.8,fit,1265,sim,clean,optimum,6.166453461238687e-05,6.722771931558145e-05,5.795280831062638e-07,0.74686,0.0021821614722473326,50000,1.0902169251444749
31,5,1.4,fit,1265,sim,clean,optimum,4.4988322803829135e-05,4.956696505119745e-05,5.026917479236087e-07,0.81336,0.0018928410834827937,50000,1.1017740151668558
31,1,0.6,fit,1266,sim,clean,optimum,8.932264904825615e-05,9.208556291176705e-05,6.703035611350615e-07,0.65326,0.0025239684640975526,50000,1.0309318397175866
31,3,1.0,fit,1265,sim,clean,optimum,4.723832265751758e-05,5.174468211838464e-05,5.103279675412482e-07,0.80516,0.0019215945895319157,50000,1.0953962631895
31,23,20.0,fit,1270,sim,clean,optimum,4.9435234263327646e-05,5.425702400321281e-05,5.228678172184315e-07,0.7957,0.001968812278598254,50000,1.0975375116905655
31,19,8.0,fit,1271,sim,clean,optimum,5.923606485166759e-05,6.290946571650047e-05,5.577364001357639e-07,0.76312,0.0021001068274771086,50000,1.0620129117967476
31,21,10.0,fit,1271,sim,clean,optimum,5.9154115434070475e-05,6.285635066608128e-05,5.601445498122616e-07,0.76332,0.0021091745009801624,50000,1.0625862664811054
31,9,2.0,fit,1270,sim,clean,optimum,6.293367022050028e-05,6.860871062648064e-05,5.875325903593719e-07,0.74166,0.00221230173264409,50000,1.0901749474660665
31,17,6.0,fit,1271,sim,clean,optimum,6.499202209295475e-05,6.787041142565376e-05,5.777004229870345e-07,0.74444,0.002175279580562001,50000,1.0442883486311936
31,13,4.0,fit,1271,sim,clean,optimum,7.378606364169421e-05,7.633695046247425e-05,6.07776524628329e-07,0.71256,0.0022885284672859137,50000,1.0345713905157914
31,11,3.0,fit,1270,sim,clean,optimum,6.474081159075041e-05,6.940012487772672e-05,5.861618259149895e-07,0.73868,0.0022071402410007088,50000,1.0719687191509042
31,15,5.0,fit,1271,sim,clean,optimum,6.957192129527492e-05,7.219397652977663e-05,5.995901050338292e-07,0.72816,0.0022577032321411095,50000,1.0376884120157222
31,7,1.8,fit,1266,sim,clean,optimum,6.166453461238687e-05,6.694620954835967e-05,5.817517341706993e-07,0.74792,0.0021905344326300707,50000,1.085651744056329
31,5,1.4,fit,1266,sim,clean,optimum,4.4988322803829135e-05,5.042742886798849e-05,5.045389893254764e-07,0.81012,0.0018997967067469672,50000,1.1209003964845832
31,23,20.0,fit,1271,sim,clean,optimum,4.9435234263327646e-05,5.454384527547648e-05,5.269678660396563e-07,0.79462,0.0019842506479073895,50000,1.1033394721047887
31,19,8.0,fit,1272,sim,clean,optimum,5.923606485166759e-05,6.319628698876414e-05,5.571737517194659e-07,0.76204,0.00209798822488949,50000,1.0668549159538756
31,1,0.6,fit,1267,sim,clean,optimum,8.932264904825615e-05,9.243612224453377e-05,6.694122424425888e-07,0.65194,0.0025206122828064195,50000,1.0348564807409102
31,21,10.0,fit,1272,sim,clean,optimum,5.9154115434070475e-05,6.28351046459136e-05,5.56792844513558e-07,0.7634,0.002096553952671346,50000,1.0622271026256107
31,3,1.0,fit,1266,sim,clean,optimum,4.723832265751758e-05,5.269544152088833e-05,5.166943766072589e-07,0.80158,0.0019455667368452104,50000,1.115523129450116
31,17,6.0,fit,1272,sim,clean,optimum,6.499202209295475e-05,6.87574327676544e-05,5.833114547046405e-07,0.7411,0.0021964074216289753,50000,1.057936505950133
31,9,2.0,fit,1271,sim,clean,optimum,6.293367022050028e-05,6.700994760886271e-05,5.812664316823505e-07,0.74768,0.0021887070692574724,50000,1.064771010082209
31,13,4.0,fit,1272,sim,clean,optimum,7.378606364169421e-05,7.694777354229503e-05,6.107621721631864e-07,0.71026,0.002299770657630435,50000,1.0428496892848778
31,11,3.0,fit,1271,sim,clean,optimum,6.474081159075041e-05,6.893271243403776e-05,5.874388665025069e-07,0.74044,0.002211948823793867,50000,1.0647489696265446
31,15,5.0,fit,1272,sim,clean,optimum,6.957192129527492e-05,7.31978509826995e-05,5.998600115170714e-07,0.72438,0.0022587195410069096,50000,1.0521177167443103
31,7,1.8,fit,1267,sim,clean,optimum,6.166453461238687e-05,6.665407677105408e-05,5.781440697876938e-07,0.74902,0.002176950093146129,50000,1.0809142919837254
31,23,20.0,fit,1272,sim,clean,optimum,4.9435234263327646e-05,5.4145482397332465e-05,5.216241572664296e-07,0.79612,0.001964129387620324,50000,1.0952811937517004
31,19,8.0,fit,1273,sim,clean,optimum,5.923606485166759e-05,6.243674176776959e-05,5.559078951356765e-07,0.7649,0.0020932217544680225,50000,1.0540325716118513
31,21,10.0,fit,1273,sim,clean,optimum,5.9154115434070475e-05,6.23570691921408e-05,5.569921159646511e-07,0.7652,0.002097304291603609,50000,1.0541459158769797
31,5,1.4,fit,1267,sim,clean,optimum,4.4988322803829135e-05,5.0278706726814727e-05,5.039718855317457e-07,0.81068,0.001897661327831745,50000,1.1175946021827536
31,1,0.6,fit,1268,sim,clean,optimum,8.932264904825615e-05,9.160221595295232e-05,6.627465021867683e-07,0.65508,0.0024955130305108365,50000,1.0255205922460342
31,17,6.0,fit,1273,sim,clean,optimum,6.499202209295475e-05,6.784385390044416e-05,5.784772574147018e-07,0.74454,0.0021782046815325778,50000,1.0438797211665547
31,9,2.0,fit,1272,sim,clean,optimum,6.293367022050028e-05,6.760483617355776e-05,5.819035791326701e-07,0.74544,0.002191106191334138,50000,1.07422363794597
31,3,1.0,fit,1267,sim,clean,optimum,4.723832265751758e-05,5.258921142004991e-05,5.146803354067045e-07,0.80198,0.0019379830437689207,50000,1.1132743175774211
31,13,4.0,fit,1273,sim,clean,optimum,7.378606364169421e-05,7.637413099776766e-05,6.095215004264257e-07,0.71242,0.0022950990185113193,50000,1.0350752869626048
31,11,3.0,fit,1272,sim,clean,optimum,6.474081159075041e-05,6.947448594831362e-05,5.887296475423468e-07,0.7384,0.002216809145038609,50000,1.0731173156661433
31,15,5.0,fit,1273,sim,clean,optimum,6.957192129527492e-05,7.228427211548927e-05,5.967424802124264e-07,0.72782,0.0022469807540527772,50000,1.0389862859860184
31,23,20.0,fit,1273,sim,clean,optimum,4.9435234263327646e-05,5.304068934861312e-05,5.16307303321627e-07,0.80028,0.0019441092468020801,50000,1.0729329017858036
31,7,1.8,fit,1268,sim,clean,optimum,6.166453461238687e-05,6.708962018449151e-05,5.767708902912685e-07,0.74738,0.0021717795078389974,50000,1.0879774023465163
31,19,8.0,fit,1274,sim,clean,optimum,5.923606485166759e-05,6.236238069718273e-05,5.60178717353294e-07,0.76518,0.0021093031558181517,50000,1.0527772372007445
31,21,10.0,fit,1274,sim,clean,optimum,5.9154115434070475e-05,6.234113467701503e-05,5.596139540978624e-07,0.76526,0.002107176589991802,50000,1.0538765429853585
31,17,6.0,fit,1274,sim,clean,optimum,6.499202209295475e-05,6.787041142565376e-05,5.826928588556825e-07,0.74444,0.0021940781539578507,50000,1.0442883486311936
31,5,1.4,fit,1268,sim,clean,optimum,4.4988322803829135e-05,5.011936157555712e-05,5.019835870477935e-07,0.81128,0.0018901745666660868,50000,1.1140526797165078
31,1,0.6,fit,1269,sim,clean,optimum,8.932264904825615e-05,9.168720003362304e-05,6.588563634871895e-07,0.65476,0.0024808650591020675,50000,1.0264720203729005
31,13,4.0,fit,1274,sim,clean,optimum,7.378606364169421e-05,7.57420618977792e-05,6.080079254671447e-07,0.7148,0.0022893997865710857,50000,1.0265090473667675
31,9,2.0,fit,1273,sim,clean,optimum,6.293367022050028e-05,6.722240781053952e-05,5.844173095765688e-07,0.74688,0.002200571419829864,50000,1.0681469486049808
31,3,1.0,fit,1268,sim,clean,optimum,4.723832265751758e-05,5.241393175366655e-05,5.11417257467735e-07,0.80264,0.001925696213903501,50000,1.1095637779874752
31,11,3.0,fit,1273,sim,clean,optimum,6.474081159075041e-05,6.822628226346241e-05,5.81963851081861e-07,0.7431,0.0021913331400001575,50000,1.0538373027317745
31,15,5.0,fit,1274,sim,clean,optimum,6.957192129527492e-05,7.241705974153729e-05,6.000518982627443e-07,0.72732,0.002259442073487472,50000,1.0408949241776309
31,23,20.0,fit,1274,sim,clean,optimum,4.9435234263327646e-05,5.310973891415809e-05,5.190229596907203e-07,0.80002,0.001954334809416294,50000,1.0743296700336724
31,19,8.0,fit,1275,sim,clean,optimum,5.923606485166759e-05,6.362651889715969e-05,5.625391757807954e-07,0.76042,0.002118191252163244,50000,1.074117922189568
31,21,10.0,fit,1275,sim,clean,optimum,5.9154115434070475e-05,6.381773307866879e-05,5.593065762650938e-07,0.7597,0.0021060191860908634,50000,1.078838430942241
31,17,6.0,fit,1275,sim,clean,optimum,6.499202209295475e-05,6.883179383824127e-05,5.842446931990668e-07,0.74082,0.0021999214482073593,50000,1.0590806628511218
31,7,1.8,fit,1269,sim,clean,optimum,6.166453461238687e-05,6.634600947862273e-05,5.788778566949203e-07,0.75018,0.002179713102505756,50000,1.0759184334344343
31,13,4.0,fit,1275,sim,clean,optimum,7.378606364169421e-05,7.675124785574401e-05,6.15344137128319e-07,0.711,0.002317023639333249,50000,1.0401862366374328
31,9,2.0,fit,1274,sim,clean,optimum,6.293367022050028e-05,6.664345376097025e-05,5.80986950129465e-07,0.74906,0.0021876547063182307,50000,1.058947516130428
31,5,1.4,fit,1269,sim,clean,optimum,4.4988322803829135e-05,4.9428865920107504e-05,4.98448693457498e-07,0.81388,0.001876864239132188,50000,1.0987043490294424
31,1,0.6,fit,1270,sim,clean,optimum,8.932264904825615e-05,9.225553107310848e-05,6.64241417180384e-07,0.65262,0.002501142000009377,50000,1.032834695971319
31,11,3.0,fit,1274,sim,clean,optimum,6.474081159075041e-05,6.811474065758209e-05,5.846487859961563e-07,0.74352,0.002201443023707713,50000,1.052114407958916
31,15,5.0,fit,1275,sim,clean,optimum,6.957192129527492e-05,7.321378549782529e-05,5.986066508790926e-07,0.72432,0.002254000122958402,50000,1.052346753327304
31,3,1.0,fit,1269,sim,clean,optimum,4.723832265751758e-05,5.2132421986444806e-05,5.125154404449729e-07,0.8037,0.001929831324267026,50000,1.103604426524835
31,23,20.0,fit,1275,sim,clean,optimum,4.9435234263327646e-05,5.446417269984769e-05,5.232609473630908e-07,0.79492,0.001970292575205549,50000,1.101727816434171
31,19,8.0,fit,1276,sim,clean,optimum,5.923606485166759e-05,6.396114371480065e-05,5.613315188980236e-07,0.75916,0.0021136439275415385,50000,1.0797669270395507
31,21,10.0,fit,1276,sim,clean,optimum,5.9154115434070475e-05,6.362120739211775e-05,5.574887054251873e-07,0.76044,0.0020991741550664767,50000,1.075516165278915
31,17,6.0,fit,1276,sim,clean,optimum,6.499202209295475e-05,6.948510895839743e-05,5.810146044233095e-07,0.73836,0.0021877588361030142,50000,1.069132898481239
31,7,1.8,fit,1270,sim,clean,optimum,6.166453461238687e-05,6.710555469961728e-05,5.841964527358528e-07,0.74732,0.0021997398030320905,50000,1.088235808823204
31,13,4.0,fit,1276,sim,clean,optimum,7.378606364169421e-05,7.779230284396031e-05,6.104360610000045e-07,0.70708,0.002298542715039368,50000,1.054295337148224
31,9,2.0,fit,1275,sim,clean,optimum,6.293367022050028e-05,6.823690527354622e-05,5.870520113208107e-07,0.74306,0.0022104921550017147,50000,1.0842670550512157
31,5,1.4,fit,1270,sim,clean,optimum,4.4988322803829135e-05,4.95563420411136e-05,5.029994731841969e-07,0.8134,0.0018939997955922977,50000,1.1015378870024393
31,11,3.0,fit,1275,sim,clean,optimum,6.474081159075041e-05,6.972412668528383e-05,5.92740526205376e-07,0.73746,0.002231911752045,50000,1.0769733182530166
31,1,0.6,fit,1271,sim,clean,optimum,8.932264904825615e-05,9.163939648824577e-05,6.60893092704334e-07,0.65494,0.002488534181887681,50000,1.0259368420515385
31,15,5.0,fit,1276,sim,clean,optimum,6.957192129527492e-05,7.369713245663999e-05,5.961648826715107e-07,0.7225,0.0022448058618655072,50000,1.0592941963447722
31,3,1.0,fit,1270,sim,clean,optimum,4.723832265751758e-05,5.218022553182208e-05,5.132039772385936e-07,0.80352,0.0019324239483469675,50000,1.1046163918675473
31,19,8.0,fit,1277,sim,clean,optimum,5.923606485166759e-05,6.337156665514753e-05,5.614534955085267e-07,0.76138,0.00211410321962369,50000,1.0698139184943432
31,21,10.0,fit,1277,sim,clean,optimum,5.9154115434070475e-05,6.312192591817728e-05,5.592739411774156e-07,0.76232,0.002105896301569732,50000,1.0670758146747892
31,23,20.0,fit,1276,sim,clean,optimum,4.9435234263327646e-05,5.480942052757248e-05,5.254029114470434e-07,0.79362,0.0019783579505259063,50000,1.1087116576735137
31,17,6.0,fit,1277,sim,clean,optimum,6.499202209295475e-05,6.851310353572608e-05,5.841553665993429e-07,0.74202,0.002199585096837949,50000,1.054177133275455
31,13,4.0,fit,1277,sim,clean,optimum,7.378606364169421e-05,7.708056116834305e-05,6.149231725313753e-07,0.70976,0.002315438534570583,50000,1.044649319452071
31,9,2.0,fit,1276,sim,clean,optimum,6.293367022050028e-05,6.816785570800128e-05,5.863916648145282e-07,0.74332,0.0022080056789424026,50000,1.0831698750313152
31,7,1.8,fit,1271,sim,clean,optimum,6.166453461238687e-05,6.626633690299391e-05,5.773640133922253e-07,0.75048,0.0021740128601422546,50000,1.0746264010509965
31,11,3.0,fit,1276,sim,clean,optimum,6.474081159075041e-05,6.962851959452927e-05,5.867783360634575e-07,0.73782,0.0022094616551520743,50000,1.0754965513048522
31,15,5.0,fit,1277,sim,clean,optimum,6.957192129527492e-05,7.248079780204033e-05,5.983994962158983e-07,0.72708,0.002253220100491853,50000,1.0418110705096046
31,5,1.4,fit,1271,sim,clean,optimum,4.4988322803829135e-05,4.9301389799101445e-05,5.012192312306124e-07,0.81436,0.0018872964527938466,50000,1.0958708110564461
31,1,0.6,fit,1272,sim,clean,optimum,8.932264904825615e-05,9.177218411429375e-05,6.602422853597101e-07,0.65444,0.0024860836246934867,50000,1.0274234484997669
31,3,1.0,fit,1271,sim,clean,optimum,4.723832265751758e-05,5.157471395704321e-05,5.095870164431884e-07,0.8058,0.0019188046040486603,50000,1.0917981641931889
31,19,8.0,fit,1278,sim,clean,optimum,5.923606485166759e-05,6.38761596341299e-05,5.639482207981384e-07,0.75948,0.0021234968859006587,50000,1.078332259141142
31,21,10.0,fit,1278,sim,clean,optimum,5.9154115434070475e-05,6.33928126753152e-05,5.620907787196462e-07,0.7613,0.0021165028528955777,50000,1.0716551538323469
31,23,20.0,fit,1277,sim,clean,optimum,4.9435234263327646e-05,5.4628829356147194e-05,5.259144547171233e-07,0.7943,0.001980284121229097,50000,1.1050585714867804
31,17,6.0,fit,1278,sim,clean,optimum,6.499202209295475e-05,6.91026805953792e-05,5.84309956586586e-07,0.7398,0.0022001671916906246,50000,1.0632486629904387
31,13,4.0,fit,1278,sim,clean,optimum,7.378606364169421e-05,7.718679126918145e-05,6.091311738393718e-07,0.70936,0.002293629278450928,50000,1.0460890235858251
31,9,2.0,fit,1277,sim,clean,optimum,6.293367022050028e-05,6.872025223236095e-05,5.822006808695887e-07,0.74124,0.0021922249015097805,50000,1.0919473151905215
31,7,1.8,fit,1272,sim,clean,optimum,6.166453461238687e-05,6.647348559962878e-05,5.756510737836185e-07,0.7497,0.0021675629383400997,50000,1.0779856852479337
31,15,5.0,fit,1278,sim,clean,optimum,6.957192129527492e-05,7.328814656841216e-05,5.969160897297514e-07,0.72404,0.0022476344652549874,50000,1.0534155907146068
31,11,3.0,fit,1277,sim,clean,optimum,6.474081159075041e-05,6.952228949369088e-05,5.887044278128062e-07,0.73822,0.0022167141823892598,50000,1.0738556991402253
31,5,1.4,fit,1272,sim,clean,optimum,4.4988322803829135e-05,5.011405007051519e-05,5.016377176569279e-07,0.8113,0.0018888722262253416,50000,1.1139346156342993
31,1,0.6,fit,1273,sim,clean,optimum,8.932264904825615e-05,9.087985126725118e-05,6.595940353474799e-07,0.6578,0.0024836426969070528,50000,1.0174334531676703
31,21,10.0,fit,1279,sim,clean,optimum,5.9154115434070475e-05,6.273949755515904e-05,5.585422224929633e-07,0.76376,0.00210314107991908,50000,1.0606108652758846
31,19,8.0,fit,1279,sim,clean,optimum,5.923606485166759e-05,6.273418605011711e-05,5.582328578055764e-07,0.76378,0.0021019761946937236,50000,1.0590539092562805
31,23,20.0,fit,1278,sim,clean,optimum,4.9435234263327646e-05,5.4878470093117453e-05,5.255168267830434e-07,0.79336,0.001978786888595628,50000,1.1101084259213827
31,17,6.0,fit,1279,sim,clean,optimum,6.499202209295475e-05,6.859277611135487e-05,5.830975699965618e-07,0.74172,0.002195602057776769,50000,1.0554030156693717
31,3,1.0,fit,1272,sim,clean,optimum,4.723832265751758e-05,5.220147155198975e-05,5.1138328811964e-07,0.80344,0.0019255683053433965,50000,1.105066154242086
31,13,4.0,fit,1279,sim,clean,optimum,7.378606364169421e-05,7.654941066415106e-05,6.104584965159885e-07,0.71176,0.0022986271939801086,50000,1.0374507987833
31,9,2.0,fit,1278,sim,clean,optimum,6.293367022050028e-05,6.776949282985727e-05,5.830979954397647e-07,0.74482,0.0021956036597453243,50000,1.0768399903011179
31,15,5.0,fit,1279,sim,clean,optimum,6.957192129527492e-05,7.277824208438783e-05,5.98322934280034e-07,0.72596,0.0022529318133293254,50000,1.0460864200588158
31,7,1.8,fit,1273,sim,clean,optimum,6.166453461238687e-05,6.520934739965183e-05,5.747336446551312e-07,0.75446,0.0021641084405235804,50000,1.0574854380973937
31,11,3.0,fit,1278,sim,clean,optimum,6.474081159075041e-05,6.93682558474752e-05,5.850642929129454e-07,0.7388,0.0022030075780609887,50000,1.071476463501516
31,21,10.0,fit,1280,sim,clean,optimum,5.9154115434070475e-05,6.250579133331456e-05,5.598495551021353e-07,0.76464,0.0021080637246265748,50000,1.0566600628654428
31,19,8.0,fit,1280,sim,clean,optimum,5.923606485166759e-05,6.208618243500287e-05,5.537844474988343e-07,0.76622,0.002085226101183,50000,1.048114566530917
31,23,20.0,fit,1279,sim,clean,optimum,4.9435234263327646e-05,5.444823818472191e-05,5.224518315030282e-07,0.79498,0.0019672459213713658,50000,1.1014054853000472
31,1,0.6,fit,1274,sim,clean,optimum,8.932264904825615e-05,9.089578578237695e-05,6.558495747064908e-07,0.65774,0.0024695432632759573,50000,1.017611845941458
31,17,6.0,fit,1280,sim,clean,optimum,6.499202209295475e-05,6.786509992061184e-05,5.783361245011489e-07,0.74446,0.0021776732580944414,50000,1.0442066231382656
31,5,1.4,fit,1273,sim,clean,optimum,4.4988322803829135e-05,4.968381816211968e-05,5.011914617340828e-07,0.81292,0.0018871918892235952,50000,1.104371424975436
31,3,1.0,fit,1273,sim,clean,optimum,4.723832265751758e-05,5.1388811280576e-05,5.09494753398662e-07,0.8065,0.0019184571957574198,50000,1.0878627434159733
31,13,4.0,fit,1280,sim,clean,optimum,7.378606364169421e-05,7.656003367423487e-05,6.137475038226293e-07,0.71172,0.0023110116585741665,50000,1.037594769196675
31,9,2.0,fit,1279,sim,clean,optimum,6.293367022050028e-05,6.784385390044416e-05,5.835084137038868e-07,0.74454,0.0021971490532294046,50000,1.0780215687840882
31,21,10.0,fit,1281,sim,clean,optimum,5.9154115434070475e-05,6.390271715933951e-05,5.615911038054946e-07,0.75938,0.0021146213714314426,50000,1.0802750863642199
31,19,8.0,fit,1281,sim,clean,optimum,5.923606485166759e-05,6.383366759379456e-05,5.632759994298296e-07,0.75964,0.002120965696104157,50000,1.077614925191938
31,15,5.0,fit,1280,sim,clean,optimum,6.957192129527492e-05,7.200276234826753e-05,5.951788857187419e-07,0.72888,0.0022410931780028846,50000,1.0349399730198008
31,23,20.0,fit,1280,sim,clean,optimum,4.9435234263327646e-05,5.383741510490112e-05,5.224448546072034e-07,0.79728,0.0019672196504904394,50000,1.0890494584919794
31,11,3.0,fit,1279,sim,clean,optimum,6.474081159075041e-05,6.911861511050497e-05,5.915026072878228e-07,0.73974,0.0022272504784218625,50000,1.0676204609146422
31,7,1.8,fit,1274,sim,clean,optimum,6.166453461238687e-05,6.568207134838271e-05,5.774939022669027e-07,0.75268,0.002174501945151691,50000,1.0651514969057891
31,17,6.0,fit,1281,sim,clean,optimum,6.499202209295475e-05,6.874149825252863e-05,5.78085938623165e-07,0.74116,0.002176731205414422,50000,1.0576913294713495
31,1,0.6,fit,1275,sim,clean,optimum,8.932264904825615e-05,9.164470799328769e-05,6.675466507060546e-07,0.65492,0.0025135875629885506,50000,1.0259963063094675
31,5,1.4,fit,1274,sim,clean,optimum,4.4988322803829135e-05,4.856840210331649e-05,5.001663175753359e-07,0.81712,0.0018833318000373621,50000,1.0795779677117157
31,3,1.0,fit,1274,sim,clean,optimum,4.723832265751758e-05,5.087359529150974e-05,5.079175027446483e-07,0.80844,0.00191251819864995,50000,1.0769560058334045
31,13,4.0,fit,1281,sim,clean,optimum,7.378606364169421e-05,7.701151160279809e-05,6.126130792157262e-07,0.71002,0.0023067400835763085,50000,1.0437135117651306
31,21,10.0,fit,1282,sim,clean,optimum,5.9154115434070475e-05,6.346717374590207e-05,5.579284640245723e-07,0.76102,0.0021008300269743986,50000,1.0729122273265783
31,19,8.0,fit,1282,sim,clean,optimum,5.923606485166759e-05,6.378586404841726e-05,5.63428768213003e-07,0.75982,0.002121540933374828,50000,1.0768079244990831
31,9,2.0,fit,1280,sim,clean,optimum,6.293367022050028e-05,6.813067517270784e-05,5.869683924456992e-07,0.74346,0.0022101772955618704,50000,1.0825790857898299
31,17,6.0,fit,1282,sim,clean,optimum,6.499202209295475e-05,6.904956554495999e-05,5.830840900287099e-07,0.74,0.0021955513001563,50000,1.062431408061161
31,23,20.0,fit,1281,sim,clean,optimum,4.9435234263327646e-05,5.473505945698558e-05,5.267053818798368e-07,0.7939,0.001983262287140534,50000,1.1072074457142704
31,15,5.0,fit,1281,sim,clean,optimum,6.957192129527492e-05,7.353247580034048e-05,5.950445091057404e-07,0.72312,0.002240587194813785,50000,1.0569274849871733
31,11,3.0,fit,1280,sim,clean,optimum,6.474081159075041e-05,6.892740092899584e-05,5.923039659248937e-07,0.74046,0.002230267923122551,50000,1.0646669270183133
31,7,1.8,fit,1275,sim,clean,optimum,6.166453461238687e-05,6.717991577020415e-05,5.850729599795519e-07,0.74704,0.0022030402131297234,50000,1.0894417057144121
31,1,0.6,fit,1276,sim,clean,optimum,8.932264904825615e-05,9.214930097227007e-05,6.592985580768448e-07,0.65302,0.002482530103514773,50000,1.0316454108127362
31,5,1.4,fit,1275,sim,clean,optimum,4.4988322803829135e-05,4.996532792934143e-05,5.056435359660695e-07,0.81186,0.0019039557789190754,50000,1.11062882133247
31,13,4.0,fit,1282,sim,clean,optimum,7.378606364169421e-05,7.648036109860608e-05,6.05379895124141e-07,0.71202,0.0022795041719674567,50000,1.0365149910963594
31,3,1.0,fit,1275,sim,clean,optimum,4.723832265751758e-05,5.219084854190592e-05,5.153304021604999e-07,0.80348,0.001940430812334195,50000,1.104841273054817
31,21,10.0,fit,1283,sim,clean,optimum,5.9154115434070475e-05,6.272887454507519e-05,5.576100562496074e-07,0.7638,0.00209963109080677,50000,1.060431283348137
31,19,8.0,fit,1283,sim,clean,optimum,5.923606485166759e-05,6.34193702005248e-05,5.603615560506323e-07,0.7612,0.002109991618677154,50000,1.0706209191871976
31,17,6.0,fit,1283,sim,clean,optimum,6.499202209295475e-05,6.909205758529535e-05,5.835833658233778e-07,0.73984,0.002197431278771504,50000,1.063085212004583
31,23,20.0,fit,1282,sim,clean,optimum,4.9435234263327646e-05,5.4862535577991676e-05,5.256121935085341e-07,0.79342,0.0019791459835215974,50000,1.1097860947872586
31,9,2.0,fit,1281,sim,clean,optimum,6.293367022050028e-05,6.694089804331775e-05,5.79590434212751e-07,0.74794,0.0021823962497952974,50000,1.063673830062308
31,15,5.0,fit,1282,sim,clean,optimum,6.957192129527492e-05,7.333063860874753e-05,5.972326049775919e-07,0.72388,0.0022488262752799896,50000,1.0540263549359228
31,11,3.0,fit,1281,sim,clean,optimum,6.474081159075041e-05,6.940012487772672e-05,5.884083054793691e-07,0.73868,0.00221559916007035,50000,1.0719687191509042
31,7,1.8,fit,1276,sim,clean,optimum,6.166453461238687e-05,6.71639812550784e-05,5.770918366243648e-07,0.7471,0.002172988002721571,50000,1.0891832992377248
31,1,0.6,fit,1277,sim,clean,optimum,8.932264904825615e-05,9.351435776804352e-05,6.688966594085884e-07,0.64788,0.002518670900731353,50000,1.0469277251005265
31,5,1.4,fit,1276,sim,clean,optimum,4.4988322803829135e-05,5.045398639319809e-05,5.045633256563206e-07,0.81002,0.0018998883430370662,50000,1.121490716895624
31,13,4.0,fit,1283,sim,clean,optimum,7.378606364169421e-05,7.742049749102591e-05,6.126774915537912e-07,0.70848,0.002306982622508519,50000,1.0492563726800843
31,3,1.0,fit,1276,sim,clean,optimum,4.723832265751758e-05,5.267950700576255e-05,5.157926924427316e-07,0.80164,0.0019421715252906288,50000,1.1151858076692114
31,23,20.0,fit,1283,sim,clean,optimum,4.9435234263327646e-05,5.375774252927233e-05,5.204993359105565e-07,0.79758,0.0019598939728104133,50000,1.087437802821362
31,9,2.0,fit,1282,sim,clean,optimum,6.293367022050028e-05,6.811474065758209e-05,5.826866878127481e-07,0.74352,0.002194054917444336,50000,1.0823258904006223
31,15,5.0,fit,1283,sim,clean,optimum,6.957192129527492e-05,7.342093419446016e-05,5.966870995714673e-07,0.72354,0.0022467722231730284,50000,1.055324228906219
31,11,3.0,fit,1282,sim,clean,optimum,6.474081159075041e-05,6.953822400881663e-05,5.833057287741396e-07,0.73816,0.0021963858611467554,50000,1.0741018269649192
31,7,1.8,fit,1277,sim,clean,optimum,6.166453461238687e-05,6.730208038616832e-05,5.794406482360649e-07,0.74658,0.002181832244017259,50000,1.0914228220356827
31,1,0.6,fit,1278,sim,clean,optimum,8.932264904825615e-05,9.230333461848575e-05,6.642165401689008e-07,0.65244,0.002501048327834403,50000,1.0333698742926813
31,5,1.4,fit,1277,sim,clean,optimum,4.4988322803829135e-05,5.0310575757066255e-05,5.065084411713183e-07,0.81056,0.001907212502572438,50000,1.118302986676003
31,3,1.0,fit,1277,sim,clean,optimum,4.723832265751758e-05,5.284416366206209e-05,5.157163054876486e-07,0.80102,0.001941883897002676,50000,1.1186714660718884
31,9,2.0,fit,1283,sim,clean,optimum,6.293367022050028e-05,6.777480433489919e-05,5.796638779343693e-07,0.7448,0.0021826727955993157,50000,1.076924388764187
31,11,3.0,fit,1283,sim,clean,optimum,6.474081159075041e-05,6.959133905923585e-05,5.896780818039977e-07,0.73796,0.0022203803899274515,50000,1.074922253047233
31,7,1.8,fit,1278,sim,clean,optimum,6.166453461238687e-05,6.666469978113793e-05,5.796528960274725e-07,0.74898,0.0021826314442052754,50000,1.0810865629681838
31,1,0.6,fit,1279,sim,clean,optimum,8.932264904825615e-05,9.299914177897729e-05,6.657596131220108e-07,0.64982,0.0025068586318477914,50000,1.0411596920813997
31,5,1.4,fit,1278,sim,clean,optimum,4.4988322803829135e-05,5.022028017135361e-05,5.048838921373708e-07,0.8109,0.0019010954076205326,50000,1.1162958972784636
31,3,1.0,fit,1278,sim,clean,optimum,4.723832265751758e-05,5.2185537036864e-05,5.159070654337252e-07,0.8035,0.0019426021866195404,50000,1.1047288324611821
34,1,0.6,fit,1234,sim,clean,optimum,0.00020052971831554533,0.00020472133883072256,7.467611255598932e-07,0.22914,0.0028118626252492626,50000,1.0209027397554185
31,25,26.0,fit,1234,sim,clean,optimum,5.118252026651403e-05,5.7130548230891514e-05,5.351925673916471e-07,0.78488,0.0020152200296064708,50000,1.1162120961102604
31,29,40.0,fit,1234,sim,clean,optimum,4.914215072714635e-05,5.547867016285439e-05,5.294649651817282e-07,0.7911,0.001993653252714743,50000,1.1289426559877387
34,3,1.0,fit,1234,sim,clean,optimum,0.00017472215770458337,0.00017839751984296705,8.15750814218664e-07,0.32826,0.0030716371641578517,50000,1.021035466747142
34,5,1.4,fit,1234,sim,clean,optimum,0.00015275851074514593,0.00015540401451649536,8.123443001410802e-07,0.41484,0.003058810238265102,50000,1.017318208710237
34,7,1.8,fit,1234,sim,clean,optimum,0.00013825670888176192,0.00014069114555037695,7.819722261316208e-07,0.47024,0.0029444468939031788,50000,1.017608090690897
31,27,30.0,fit,1234,sim,clean,optimum,5.234960692583581e-05,5.825658729977856e-05,5.396102672927295e-07,0.78064,0.0020318544858150844,50000,1.1128371485637174
34,9,2.0,fit,1234,sim,clean,optimum,0.00012966120115483104,0.00013181562062532863,7.661979537335508e-07,0.50366,0.002885050273647433,50000,1.0166157605460169
31,7,1.8,fit,1279,sim,clean,optimum,6.166453461238687e-05,6.629820593324543e-05,5.768404368988663e-07,0.75036,0.0021720413794066563,50000,1.0751432140043715
31,1,0.6,fit,1280,sim,clean,optimum,8.932264904825615e-05,9.147473983194623e-05,6.592491032435436e-07,0.65556,0.002482343885736908,50000,1.0240934500557348
31,5,1.4,fit,1279,sim,clean,optimum,4.4988322803829135e-05,4.934919334447872e-05,4.998058661194579e-07,0.81418,0.0018819745521272756,50000,1.0969333877963197
31,3,1.0,fit,1279,sim,clean,optimum,4.723832265751758e-05,5.169156706796545e-05,5.100603409098874e-07,0.80536,0.0019205868652456782,50000,1.094271857253153
34,3,1.0,fit,1235,sim,clean,optimum,0.00017472215770458337,0.00017717587368332546,8.152037180355502e-07,0.33286,0.0030695771221215702,50000,1.0140435306602085
34,1,0.6,fit,1235,sim,clean,optimum,0.00020052971831554533,0.00020408926973073408,7.626678426231812e-07,0.23152,0.0028717579541164945,50000,1.0177507426085723
31,29,40.0,fit,1235,sim,clean,optimum,4.914215072714635e-05,5.400207176120063e-05,5.2398806300035e-07,0.79666,0.001973030464491244,50000,1.0988951635641302
31,25,26.0,fit,1235,sim,clean,optimum,5.118252026651403e-05,5.5829229495621105e-05,5.311918522442438e-07,0.78978,0.002000155692414551,50000,1.0907870344193888
34,9,2.0,fit,1235,sim,clean,optimum,0.00012966120115483104,0.00013221929500851454,7.60451869689338e-07,0.50214,0.0028634139050518546,50000,1.0197290618234274
34,5,1.4,fit,1235,sim,clean,optimum,0.00015275851074514593,0.00015463915779045888,8.080363628405948e-07,0.41772,0.0030425890833702617,50000,1.0123112423402092
34,7,1.8,fit,1235,sim,clean,optimum,0.00013825670888176192,0.00014026622514702334,7.813452695101745e-07,0.47184,0.002942086144486589,50000,1.0145346745305501
31,27,30.0,fit,1235,sim,clean,optimum,5.234960692583581e-05,5.680123491829247e-05,5.355365512141402e-07,0.78612,0.0020165152701071515,50000,1.0850365122848644
31,1,0.6,fit,1281,sim,clean,optimum,8.932264904825615e-05,9.243612224453377e-05,6.584124126358038e-07,0.65194,0.002479193401641962,50000,1.0348564807409102
31,7,1.8,fit,1280,sim,clean,optimum,6.166453461238687e-05,6.717991577020415e-05,5.822072213898395e-07,0.74704,0.00219224952925728,50000,1.0894417057144121
31,5,1.4,fit,1280,sim,clean,optimum,4.4988322803829135e-05,5.023621468647936e-05,5.049192655686182e-07,0.81084,0.0019012286031309133,50000,1.116650089525088
34,3,1.0,fit,1236,sim,clean,optimum,0.00017472215770458337,0.0001770855780976128,8.117650221420864e-07,0.3332,0.0030566290184623453,50000,1.0135267353842177
31,25,26.0,fit,1236,sim,clean,optimum,5.118252026651403e-05,5.613729678805248e-05,5.297612151264016e-07,0.78862,0.001994768755542417,50000,1.0968060286155954
31,3,1.0,fit,1280,sim,clean,optimum,4.723832265751758e-05,5.2132421986444806e-05,5.132296796833307e-07,0.8037,0.0019325207286174718,50000,1.103604426524835
34,1,0.6,fit,1236,sim,clean,optimum,0.00020052971831554533,0.00020369090685259006,7.50723734612932e-07,0.23302,0.0028267834773307897,50000,1.0157641897849297
31,29,40.0,fit,1236,sim,clean,optimum,4.914215072714635e-05,5.4469484204889586e-05,5.250692728474228e-07,0.7949,0.001977101664042179,50000,1.1084066000147688
34,5,1.4,fit,1236,sim,clean,optimum,0.00015275851074514593,0.00015493129056776448,7.97025153375283e-07,0.41662,0.0030011273531133646,50000,1.0142236253287615
34,9,2.0,fit,1236,sim,clean,optimum,0.00012966120115483104,0.0001319377852412928,7.632907155886442e-07,0.5032,0.002874103326889549,50000,1.0175579438273386
34,7,1.8,fit,1236,sim,clean,optimum,0.00013825670888176192,0.00014058491544953857,7.849755706984029e-07,0.47064,0.002955755720848004,50000,1.0168397366508106
31,27,30.0,fit,1236,sim,clean,optimum,5.234960692583581e-05,5.7454550038448635e-05,5.352045355112148e-07,0.78366,0.0020152650944966414,50000,1.0975163599574882
31,1,0.6,fit,1282,sim,clean,optimum,8.932264904825615e-05,9.242018772940799e-05,6.721400699650296e-07,0.652,0.00253088367481645,50000,1.0346780879671225
31,7,1.8,fit,1281,sim,clean,optimum,6.166453461238687e-05,6.638319001391615e-05,5.767731261041961e-07,0.75004,0.0021717879265937944,50000,1.076521381880038
34,3,1.0,fit,1237,sim,clean,optimum,0.00017472215770458337,0.00017728741528920573,8.230982815621864e-07,0.33244,0.0030993033991911765,50000,1.0146819248246672
31,25,26.0,fit,1237,sim,clean,optimum,5.118252026651403e-05,5.576549143511809e-05,5.310720258437387e-07,0.79002,0.001999704496756976,50000,1.0895417252753465
31,5,1.4,fit,1281,sim,clean,optimum,4.4988322803829135e-05,4.947135796044288e-05,5.008209990746424e-07,0.81372,0.0018857969450165708,50000,1.099648861687108
31,29,40.0,fit,1237,sim,clean,optimum,4.914215072714635e-05,5.429420453850623e-05,5.258990866184304e-07,0.79556,0.0019802262540198163,50000,1.1048398113457794
34,1,0.6,fit,1237,sim,clean,optimum,0.00020052971831554533,0.00020415831929627902,7.487198037553848e-07,0.23126,0.002819237853852203,50000,1.018095078431337
31,3,1.0,fit,1281,sim,clean,optimum,4.723832265751758e-05,5.1718124593175046e-05,5.106394344121704e-07,0.80526,0.0019227673903424735,50000,1.0948340602213265
34,5,1.4,fit,1237,sim,clean,optimum,0.00015275851074514593,0.00015452230467953663,8.081455315262537e-07,0.41816,0.0030430001483501396,50000,1.0115462891447882
34,9,2.0,fit,1237,sim,clean,optimum,0.00012966120115483104,0.0001306099089808128,7.690804337908758e-07,0.5082,0.002895903996027721,50000,1.0073168212042776
34,7,1.8,fit,1237,sim,clean,optimum,0.00013825670888176192,0.00014015999504618496,7.903514735597503e-07,0.47224,0.0029759982051115763,50000,1.0137663204904634
31,27,30.0,fit,1237,sim,clean,optimum,5.234960692583581e-05,5.710399070568191e-05,5.373044883764754e-07,0.78498,0.0020231722803081475,50000,1.0908198563282754
31,1,0.6,fit,1283,sim,clean,optimum,8.932264904825615e-05,9.266982846637824e-05,6.650997447005493e-07,0.65106,0.0025043739559743672,50000,1.0374729080897924
34,3,1.0,fit,1238,sim,clean,optimum,0.00017472215770458337,0.0001772980382992896,8.203475100492653e-07,0.3324,0.0030889456136248966,50000,1.0147427242689018
31,7,1.8,fit,1282,sim,clean,optimum,6.166453461238687e-05,6.664876526601214e-05,5.7615816264472e-07,0.74904,0.0021694723363623156,50000,1.0808281564914959
34,1,0.6,fit,1238,sim,clean,optimum,0.00020052971831554533,0.00020409989274081791,7.48801659493589e-07,0.23148,0.00281954607435678,50000,1.017803717350536
31,25,26.0,fit,1238,sim,clean,optimum,5.118252026651403e-05,5.709336769559807e-05,5.369312188546016e-07,0.78502,0.002021766767110182,50000,1.1154856657762353
31,29,40.0,fit,1238,sim,clean,optimum,4.914215072714635e-05,5.5298078991429105e-05,5.304563492261606e-07,0.79178,0.0019973862211920693,50000,1.1252677828136282
31,5,1.4,fit,1282,sim,clean,optimum,4.4988322803829135e-05,5.006624652513792e-05,5.008986335095489e-07,0.81148,0.0018860892705788882,50000,1.1128720388944258
31,3,1.0,fit,1282,sim,clean,optimum,4.723832265751758e-05,5.219084854190592e-05,5.108429916263048e-07,0.80348,0.0019235338669344295,50000,1.104841273054817
34,5,1.4,fit,1238,sim,clean,optimum,0.00015275851074514593,0.00015540401451649536,8.043058862443923e-07,0.41484,0.0030285423054165162,50000,1.017318208710237
34,9,2.0,fit,1238,sim,clean,optimum,0.00012966120115483104,0.0001316244064438195,7.708792609139393e-07,0.50438,0.0029026773196294746,50000,1.015141038888296
34,7,1.8,fit,1238,sim,clean,optimum,0.00013825670888176192,0.00014072301458062847,7.839975139234001e-07,0.47012,0.0029520729350188137,50000,1.017838596902923
31,27,30.0,fit,1238,sim,clean,optimum,5.234960692583581e-05,5.8097242148520944e-05,5.409664368476999e-07,0.78124,0.0020369610216999876,50000,1.1097932832777113
34,11,3.0,fit,1234,sim,clean,optimum,0.00011322695540963723,0.00011534995499537663,7.250686686842142e-07,0.56566,0.0027301816075170917,50000,1.0187499485264682
34,3,1.0,fit,1239,sim,clean,optimum,0.00017472215770458337,0.00017725554625895424,8.194492037023584e-07,0.33256,0.003085563120942249,50000,1.014499526491965
34,1,0.6,fit,1239,sim,clean,optimum,0.00020052971831554533,0.00020405208919544064,7.512352709224539e-07,0.23166,0.0028287096218246187,50000,1.017565331011699
31,29,40.0,fit,1239,sim,clean,optimum,4.914215072714635e-05,5.425702400321281e-05,5.252774857066147e-07,0.7957,0.001977885671051675,50000,1.1040832198099335
31,25,26.0,fit,1239,sim,clean,optimum,5.118252026651403e-05,5.5908902071249926e-05,5.303883314067792e-07,0.78948,0.0019971301061405176,50000,1.0923436708494425
31,7,1.8,fit,1283,sim,clean,optimum,6.166453461238687e-05,6.627164840803583e-05,5.782201134742238e-07,0.75046,0.0021772364288868648,50000,1.0747125365432257
31,5,1.4,fit,1283,sim,clean,optimum,4.4988322803829135e-05,5.000250846463488e-05,5.010864573983719e-07,0.81172,0.0018867965047332025,50000,1.1114552699079274
34,9,2.0,fit,1239,sim,clean,optimum,0.00012966120115483104,0.00013186873567574782,7.637290765029577e-07,0.50346,0.002875753935938599,50000,1.0170254054509391
34,5,1.4,fit,1239,sim,clean,optimum,0.00015275851074514593,0.00015532434194086655,8.177625541704369e-07,0.41514,0.003079212192086455,50000,1.0167966497133591
31,3,1.0,fit,1283,sim,clean,optimum,4.723832265751758e-05,5.2270521117534716e-05,5.123495182841082e-07,0.80318,0.0019292065591220992,50000,1.1065278819593376
34,11,3.0,fit,1235,sim,clean,optimum,0.00011322695540963723,0.00011477100094580736,7.244254506132939e-07,0.56784,0.002727759627058281,50000,1.0136367310291443
34,7,1.8,fit,1239,sim,clean,optimum,0.00013825670888176192,0.00014073894909575425,7.807883801645114e-07,0.47006,0.0029399892271674186,50000,1.0179538500089362
31,27,30.0,fit,1239,sim,clean,optimum,5.234960692583581e-05,5.711992522080769e-05,5.364668067155213e-07,0.78492,0.0020200180644904353,50000,1.0911242428568764
34,3,1.0,fit,1240,sim,clean,optimum,0.00017472215770458337,0.00017722367722870273,8.098453033610675e-07,0.33268,0.0030494004880707976,50000,1.0143171281592622
34,1,0.6,fit,1240,sim,clean,optimum,0.00020052971831554533,0.00020278263949042176,7.430877647956832e-07,0.23644,0.0027980309118828296,50000,1.0112348493470247
34,13,4.0,fit,1234,sim,clean,optimum,0.00010099792416239357,0.00010290509868215809,6.865160141953941e-07,0.61252,0.002585015014679277,50000,1.0188833041429446
31,29,40.0,fit,1240,sim,clean,optimum,4.914215072714635e-05,5.445886119480576e-05,5.245599773868421e-07,0.79494,0.001975183957265809,50000,1.1081904310045274
31,25,26.0,fit,1240,sim,clean,optimum,5.118252026651403e-05,5.612667377796863e-05,5.292658294800734e-07,0.78866,0.001992903424934921,50000,1.096598477091588
34,15,5.0,fit,1234,sim,clean,optimum,9.212494080458383e-05,9.431639502937344e-05,6.619200893123616e-07,0.64486,0.002492401246306983,50000,1.0237878494754005
34,17,6.0,fit,1234,sim,clean,optimum,8.675739641763988e-05,8.997158390508286e-05,6.546636881005409e-07,0.66122,0.0024650779126960723,50000,1.0370479938329438
34,11,3.0,fit,1236,sim,clean,optimum,0.00011322695540963723,0.00011571644884326911,7.245622333604013e-07,0.56428,0.002728274670331432,50000,1.0219867559330311
34,5,1.4,fit,1240,sim,clean,optimum,0.00015275851074514593,0.00015469227284087807,8.036452795864644e-07,0.41752,0.0030260548497793127,50000,1.0126589483381279
34,9,2.0,fit,1240,sim,clean,optimum,0.00012966120115483104,0.000130928599283328,7.636579952797932e-07,0.507,0.0028754862859124634,50000,1.0097746906338123
34,3,1.0,fit,1241,sim,clean,optimum,0.00017472215770458337,0.0001769527904715648,8.144771995153797e-07,0.3337,0.003066841481227185,50000,1.01276674233129
34,13,4.0,fit,1235,sim,clean,optimum,0.00010099792416239357,0.00010302726329812223,6.916042558057864e-07,0.61206,0.002604174336077767,50000,1.020092879656276
34,7,1.8,fit,1240,sim,clean,optimum,0.00013825670888176192,0.0001400484534403046,7.778955877130351e-07,0.47266,0.0029290966743838083,50000,1.012959548748372
34,1,0.6,fit,1241,sim,clean,optimum,0.00020052971831554533,0.00020392992457947648,7.524470582433151e-07,0.23212,0.002833272499243721,50000,1.0169561214791152
31,27,30.0,fit,1240,sim,clean,optimum,5.234960692583581e-05,5.7523599603993604e-05,5.365951863543898e-07,0.7834,0.0020205014666066163,50000,1.098835368248091
31,29,40.0,fit,1241,sim,clean,optimum,4.914215072714635e-05,5.409767885195519e-05,5.249173961487299e-07,0.7963,0.0019765297858363065,50000,1.1008406846563064
31,25,26.0,fit,1241,sim,clean,optimum,5.118252026651403e-05,5.5553031233441284e-05,5.288063617529127e-07,0.79082,0.001991173340058659,50000,1.0853906947952041
34,15,5.0,fit,1235,sim,clean,optimum,9.212494080458383e-05,9.408268880752896e-05,6.664036058576609e-07,0.64574,0.0025092835292377684,50000,1.0212510096163634
34,11,3.0,fit,1237,sim,clean,optimum,0.00011322695540963723,0.00011429827699707648,7.207645016198759e-07,0.56962,0.0027139746491112596,50000,1.0094617185772008
34,17,6.0,fit,1235,sim,clean,optimum,8.675739641763988e-05,8.846311647317759e-05,6.466152728910756e-07,0.6669,0.0024347723207934205,50000,1.019660802720803
34,5,1.4,fit,1241,sim,clean,optimum,0.00015275851074514593,0.00015507470120389632,8.114538920671302e-07,0.41608,0.003055457485827054,50000,1.0151624315231418
34,9,2.0,fit,1241,sim,clean,optimum,0.00012966120115483104,0.00013099764884887295,7.65603238027606e-07,0.50674,0.0028828109245316886,50000,1.0103072290102113
34,13,4.0,fit,1236,sim,clean,optimum,0.00010099792416239357,0.00010348936423676928,6.86273268283536e-07,0.61032,0.002584100976530232,50000,1.0246682305110524
34,3,1.0,fit,1242,sim,clean,optimum,0.00017472215770458337,0.00017568865227158783,8.040809245499566e-07,0.33846,0.0030276952321570154,50000,1.0055316084674193
34,1,0.6,fit,1242,sim,clean,optimum,0.00020052971831554533,0.00020327660945932031,7.740819389429013e-07,0.23458,0.0029147367190037973,50000,1.0136981748483413
34,7,1.8,fit,1241,sim,clean,optimum,0.00013825670888176192,0.00014019186407643647,7.883674100461417e-07,0.47212,0.002968527390350224,50000,1.0139968267024895
31,27,30.0,fit,1241,sim,clean,optimum,5.234960692583581e-05,5.668969331241215e-05,5.342910780748788e-07,0.78654,0.0020118255517338024,50000,1.0829058065846604
31,29,40.0,fit,1242,sim,clean,optimum,4.914215072714635e-05,5.446417269984769e-05,5.237586169221762e-07,0.79492,0.0019721665056834747,50000,1.1082985155096483
34,15,5.0,fit,1236,sim,clean,optimum,9.212494080458383e-05,9.474131543272702e-05,6.650056695623704e-07,0.64326,0.0025040197244055877,50000,1.0284002855827399
31,25,26.0,fit,1242,sim,clean,optimum,5.118252026651403e-05,5.609480474771711e-05,5.306694051963027e-07,0.78878,0.001998188464505257,50000,1.0959758225195666
34,11,3.0,fit,1238,sim,clean,optimum,0.00011322695540963723,0.00011548805412646656,7.274196933069092e-07,0.56514,0.0027390341817089266,50000,1.019969615085463
34,17,6.0,fit,1236,sim,clean,optimum,8.675739641763988e-05,8.88083643009024e-05,6.446548489802822e-07,0.6656,0.002427390518854719,50000,1.0236402654753423
34,13,4.0,fit,1237,sim,clean,optimum,0.00010099792416239357,0.00010251735881409792,6.871810346118971e-07,0.61398,0.0025875190899319763,50000,1.0150442166441092
34,5,1.4,fit,1242,sim,clean,optimum,0.00015275851074514593,0.0001542407949123149,8.033422291629475e-07,0.41922,0.0030249137403531704,50000,1.0097034473558197
34,9,2.0,fit,1242,sim,clean,optimum,0.00012966120115483104,0.00013158191440348416,7.693866101380229e-07,0.50454,0.0028970568758413732,50000,1.0148133229643581
34,3,1.0,fit,1243,sim,clean,optimum,0.00017472215770458337,0.0001786843411152307,8.07665074879394e-07,0.32718,0.0030411910315628343,50000,1.0226770517414656
34,1,0.6,fit,1243,sim,clean,optimum,0.00020052971831554533,0.00020505596364836352,7.5050223312837e-07,0.22788,0.002825949433183928,50000,1.0225714441272784
34,7,1.8,fit,1242,sim,clean,optimum,0.00013825670888176192,0.00014005907645038847,7.820738913777293e-07,0.47262,0.0029448297053485456,50000,1.0130363841523808
34,15,5.0,fit,1237,sim,clean,optimum,9.212494080458383e-05,9.360996485879809e-05,6.623922355286748e-07,0.64752,0.002494179070906929,50000,1.016119674446948
31,29,40.0,fit,1243,sim,clean,optimum,4.914215072714635e-05,5.429420453850623e-05,5.234260759076014e-07,0.79556,0.0019709143520586533,50000,1.1048398113457794
31,27,30.0,fit,1242,sim,clean,optimum,5.234960692583581e-05,5.7284581877107196e-05,5.356774129018102e-07,0.7843,0.00201704567226834,50000,1.0942695703190821
31,25,26.0,fit,1243,sim,clean,optimum,5.118252026651403e-05,5.5754868425034244e-05,5.295054831471746e-07,0.79006,0.0019938058195112596,50000,1.0893341737513393
34,11,3.0,fit,1239,sim,clean,optimum,0.00011322695540963723,0.00011487191954160385,7.19796413470036e-07,0.56746,0.0027103293992538297,50000,1.0145280258222558
34,17,6.0,fit,1237,sim,clean,optimum,8.675739641763988e-05,8.887741386644735e-05,6.438055650990642e-07,0.66534,0.002424192615908133,50000,1.02443615802625
34,13,4.0,fit,1238,sim,clean,optimum,0.00010099792416239357,0.0001032556580149248,6.873073289717352e-07,0.6112,0.0025879946401153667,50000,1.0223542599638091
34,5,1.4,fit,1243,sim,clean,optimum,0.00015275851074514593,0.00015596703405093887,8.085964028302116e-07,0.41272,0.003044697864159122,50000,1.0210038922881741
34,9,2.0,fit,1243,sim,clean,optimum,0.00012966120115483104,0.00013170939052449025,7.611143633995033e-07,0.50406,0.0028659084662164837,50000,1.0157964707361722
34,1,0.6,fit,1244,sim,clean,optimum,0.00020052971831554533,0.0002035687422366259,7.64001500255037e-07,0.23348,0.0028767797233564,50000,1.0151549802523459
34,3,1.0,fit,1244,sim,clean,optimum,0.00017472215770458337,0.00017790886137911038,7.901040567914106e-07,0.3301,0.0029750665792677255,50000,1.0182386923123685
34,15,5.0,fit,1238,sim,clean,optimum,9.212494080458383e-05,9.402426225206785e-05,6.641134771509678e-07,0.64596,0.002500660253203504,50000,1.0206167996516045
34,7,1.8,fit,1243,sim,clean,optimum,0.00013825670888176192,0.00014061678447979006,7.829358783715067e-07,0.47052,0.002948075440736065,50000,1.0170702428628362
31,29,40.0,fit,1244,sim,clean,optimum,4.914215072714635e-05,5.370993898389503e-05,5.226510561937344e-07,0.79776,0.001967996084231549,50000,1.092950515782481
31,25,26.0,fit,1244,sim,clean,optimum,5.118252026651403e-05,5.548929317293824e-05,5.306488186904207e-07,0.79106,0.001998110947847663,50000,1.0841453856511614
31,27,30.0,fit,1243,sim,clean,optimum,5.234960692583581e-05,5.688090749392129e-05,5.362209059510954e-07,0.78582,0.002019092147024537,50000,1.0865584449278676
34,11,3.0,fit,1240,sim,clean,optimum,0.00011322695540963723,0.00011469132837017856,7.195072224316593e-07,0.56814,0.0027092404761102223,50000,1.0129330772451088
34,17,6.0,fit,1238,sim,clean,optimum,8.675739641763988e-05,8.867026516981246e-05,6.489831254878889e-07,0.66612,0.0024436882592256555,50000,1.0220484803735264
34,13,4.0,fit,1239,sim,clean,optimum,0.00010099792416239357,0.00010259171988468479,6.894645323254528e-07,0.6137,0.0025961173975511303,50000,1.01578048000005
34,1,0.6,fit,1245,sim,clean,optimum,0.00020052971831554533,0.00020389805554922496,7.590394990522006e-07,0.23224,0.002858095748988778,50000,1.016797197253224
34,15,5.0,fit,1239,sim,clean,optimum,9.212494080458383e-05,9.404019676719359e-05,6.651595984946038e-07,0.6459,0.0025045993301143973,50000,1.0207897660056295
34,5,1.4,fit,1244,sim,clean,optimum,0.00015275851074514593,0.0001555739826778368,8.003029283087462e-07,0.4142,0.0030134695232048696,50000,1.0184308679035767
34,9,2.0,fit,1244,sim,clean,optimum,0.00012966120115483104,0.00013212899942280192,7.787692915356471e-07,0.50248,0.0029323865284485843,50000,1.0190326654850592
34,3,1.0,fit,1245,sim,clean,optimum,0.00017472215770458337,0.00017546025755478526,8.11858819478502e-07,0.33932,0.0030569822039932834,50000,1.004224420416384
31,29,40.0,fit,1245,sim,clean,optimum,4.914215072714635e-05,5.402331778136833e-05,5.212559653584361e-07,0.79658,0.0019627429937259847,50000,1.0993275015846142
34,7,1.8,fit,1244,sim,clean,optimum,0.00013825670888176192,0.00014097796682264064,7.904967721971754e-07,0.46916,0.0029765453142125875,50000,1.0196826465991313
34,11,3.0,fit,1241,sim,clean,optimum,0.00011322695540963723,0.00011495690362227456,7.313591568161919e-07,0.56714,0.002753867881303265,50000,1.0152785898585601
31,25,26.0,fit,1245,sim,clean,optimum,5.118252026651403e-05,5.542024360739327e-05,5.271616528522139e-07,0.79132,0.001984980334920875,50000,1.082796300745115
34,17,6.0,fit,1239,sim,clean,optimum,8.675739641763988e-05,8.863308463451904e-05,6.4185979334926e-07,0.66626,0.002416865985378942,50000,1.0216199228461147
31,27,30.0,fit,1244,sim,clean,optimum,5.234960692583581e-05,5.6493167625861125e-05,5.34110660589951e-07,0.78728,0.0020111462057348663,50000,1.0791517060652536
34,13,4.0,fit,1240,sim,clean,optimum,0.00010099792416239357,0.0001025386048342656,6.922346912354506e-07,0.6139,0.002606548184637407,50000,1.0152545776029493
34,15,5.0,fit,1240,sim,clean,optimum,9.212494080458383e-05,9.380117904030719e-05,6.683982291640444e-07,0.6468,0.002516794105959964,50000,1.0181952706952508
34,1,0.6,fit,1246,sim,clean,optimum,0.00020052971831554533,0.00020437077949795584,7.601494933143496e-07,0.23046,0.0028622753336955175,50000,1.019154573270613
34,5,1.4,fit,1245,sim,clean,optimum,0.00015275851074514593,0.00015439482855853054,7.931486086733676e-07,0.41864,0.002986530568694182,50000,1.0107117947497837
34,9,2.0,fit,1245,sim,clean,optimum,0.00012966120115483104,0.00013102420637408255,7.673684993616075e-07,0.50664,0.0028894578591389967,50000,1.0105120514626724
34,3,1.0,fit,1246,sim,clean,optimum,0.00017472215770458337,0.00017731928431945727,8.171129045582266e-07,0.33232,0.0030767659942307316,50000,1.01486432315737
34,11,3.0,fit,1242,sim,clean,optimum,0.00011322695540963723,0.00011550398864159231,7.247074439391741e-07,0.56508,0.002728821447855417,50000,1.0201103458422698
34,17,6.0,fit,1240,sim,clean,optimum,8.675739641763988e-05,8.88083643009024e-05,6.477044375239208e-07,0.6656,0.0024388734733829377,50000,1.0236402654753423
31,29,40.0,fit,1246,sim,clean,optimum,4.914215072714635e-05,5.5207783405716466e-05,5.28348027309483e-07,0.79212,0.0019894475224615286,50000,1.1234303462265731
34,7,1.8,fit,1245,sim,clean,optimum,0.00013825670888176192,0.0001402290446117299,7.77498129736184e-07,0.47198,0.002927600081709174,50000,1.0142657506165198
31,25,26.0,fit,1246,sim,clean,optimum,5.118252026651403e-05,5.670562782753793e-05,5.335822636737239e-07,0.78648,0.002009156574125532,50000,1.1079100351499762
34,13,4.0,fit,1241,sim,clean,optimum,0.00010099792416239357,0.00010285729513678079,6.859506780818051e-07,0.6127,0.002582886291806467,50000,1.0184099919855536
31,27,30.0,fit,1245,sim,clean,optimum,5.234960692583581e-05,5.6546282676280316e-05,5.323870943230757e-07,0.78708,0.0020046562701957964,50000,1.0801663278272553
34,15,5.0,fit,1241,sim,clean,optimum,9.212494080458383e-05,9.428452599912191e-05,6.660620778101561e-07,0.64498,0.0025079975357394685,50000,1.0234419167673499
34,1,0.6,fit,1247,sim,clean,optimum,0.00020052971831554533,0.00020488599548702205,7.452850164492773e-07,0.22852,0.0028063044676311637,50000,1.0217238482558573
34,5,1.4,fit,1246,sim,clean,optimum,0.00015275851074514593,0.0001548516179921357,8.033636336447906e-07,0.41692,0.003024994337026521,50000,1.0137020663318839
34,11,3.0,fit,1243,sim,clean,optimum,0.00011322695540963723,0.0001155571036920115,7.237061018170634e-07,0.56488,0.002725050983121946,50000,1.0205794483649602
34,3,1.0,fit,1247,sim,clean,optimum,0.00017472215770458337,0.0001778291888034816,8.054287472283342e-07,0.3304,0.0030327703386202123,50000,1.017782696480612
34,9,2.0,fit,1246,sim,clean,optimum,0.00012966120115483104,0.00013176781707995136,7.685659973004575e-07,0.50384,0.002893966931160576,50000,1.0162470801315868
34,17,6.0,fit,1241,sim,clean,optimum,8.675739641763988e-05,8.8436558947968e-05,6.470779935661922e-07,0.667,0.002436514654355997,50000,1.019354690201223
31,29,40.0,fit,1247,sim,clean,optimum,4.914215072714635e-05,5.376305403431423e-05,5.2442584457501e-07,0.79756,0.0019746788920883365,50000,1.09403136083369
34,7,1.8,fit,1246,sim,clean,optimum,0.00013825670888176192,0.0001407814411360896,7.943041937428914e-07,0.4699,0.0029908818215327038,50000,1.0182611916249709
34,13,4.0,fit,1242,sim,clean,optimum,0.00010099792416239357,0.0001029422792174515,6.919183822627703e-07,0.61238,0.0026053571513231814,50000,1.0192514358209148
31,25,26.0,fit,1247,sim,clean,optimum,5.118252026651403e-05,5.5616769293944334e-05,5.316484614741956e-07,0.79058,0.0020018750138737157,50000,1.086636003939247
34,15,5.0,fit,1242,sim,clean,optimum,9.212494080458383e-05,9.380117904030719e-05,6.673616721440139e-07,0.6468,0.002512891042659262,50000,1.0181952706952508
31,27,30.0,fit,1246,sim,clean,optimum,5.234960692583581e-05,5.8001635057766406e-05,5.385854023505976e-07,0.7816,0.0020279954479941907,50000,1.1079669641061083
34,1,0.6,fit,1248,sim,clean,optimum,0.00020052971831554533,0.0002030641492576435,7.448315487529295e-07,0.23538,0.002804596975337477,50000,1.0126386800090652
34,11,3.0,fit,1244,sim,clean,optimum,0.00011322695540963723,0.00011544556208613118,7.230866499878298e-07,0.5653,0.002722718492333197,50000,1.0195943330673105
34,5,1.4,fit,1247,sim,clean,optimum,0.00015275851074514593,0.00015590860749547776,8.092710092033622e-07,0.41294,0.00304723803447931,50000,1.0206214156904638
34,17,6.0,fit,1242,sim,clean,optimum,8.675739641763988e-05,8.792134295890176e-05,6.440640900860783e-07,0.66894,0.0024251660687617926,50000,1.013416107321372
34,3,1.0,fit,1248,sim,clean,optimum,0.00017472215770458337,0.00017632072137157634,8.122735042363006e-07,0.33608,0.003058543662579977,50000,1.009149175399355
34,9,2.0,fit,1247,sim,clean,optimum,0.00012966120115483104,0.00013216086845305343,7.574065790379654e-07,0.50236,0.002851947133854846,50000,1.0192784524280127
31,29,40.0,fit,1248,sim,clean,optimum,4.914215072714635e-05,5.417203992254209e-05,5.272622113504986e-07,0.79602,0.00198535897900571,50000,1.1023538677279991
34,13,4.0,fit,1243,sim,clean,optimum,0.00010099792416239357,0.00010304850931828993,6.851277256015988e-07,0.61198,0.0025797875374093185,50000,1.0203032406151165
31,25,26.0,fit,1248,sim,clean,optimum,5.118252026651403e-05,5.5861098525872634e-05,5.337388094404827e-07,0.78966,0.0020097460332920898,50000,1.0914096889914102
34,7,1.8,fit,1247,sim,clean,optimum,0.00013825670888176192,0.00014150911732683263,7.851249048450871e-07,0.46716,0.0029563180253003416,50000,1.0235244167995652
34,15,5.0,fit,1243,sim,clean,optimum,9.212494080458383e-05,9.445449416046335e-05,6.662631365271515e-07,0.64434,0.002508754604462584,50000,1.0252868912102857
31,27,30.0,fit,1247,sim,clean,optimum,5.234960692583581e-05,5.6562217191406066e-05,5.357830215335257e-07,0.78702,0.0020174433321816115,50000,1.0804707143558556
34,1,0.6,fit,1249,sim,clean,optimum,0.00020052971831554533,0.00020431766444753663,7.503602185128892e-07,0.23066,0.002825414689775572,50000,1.018889699560794
34,11,3.0,fit,1245,sim,clean,optimum,0.00011322695540963723,0.00011476568944076543,7.249759113695337e-07,0.56786,0.002729832338095531,50000,1.013589820776875
34,17,6.0,fit,1243,sim,clean,optimum,8.675739641763988e-05,8.893052891686657e-05,6.481989320750269e-07,0.66514,0.002440735448650601,50000,1.0250483830654102
34,5,1.4,fit,1248,sim,clean,optimum,0.00015275851074514593,0.00015403364621568001,8.016732297897923e-07,0.42,0.0030186292716009697,50000,1.0083473939639374
34,3,1.0,fit,1249,sim,clean,optimum,0.00017472215770458337,0.0001766872152194688,8.23933380987823e-07,0.3347,0.003102447891831382,50000,1.0112467562254348
34,9,2.0,fit,1248,sim,clean,optimum,0.00012966120115483104,0.00013145443828247808,7.572685333275314e-07,0.50502,0.0028514273350055764,50000,1.0138301751925443
34,13,4.0,fit,1244,sim,clean,optimum,0.00010099792416239357,0.00010355841380231422,6.913790510134902e-07,0.61006,0.0026033263474548856,50000,1.0253519036272831
31,29,40.0,fit,1249,sim,clean,optimum,4.914215072714635e-05,5.384272660994305e-05,5.226314810178949e-07,0.79726,0.001967922375647315,50000,1.0956526284105037
34,7,1.8,fit,1248,sim,clean,optimum,0.00013825670888176192,0.00014039901277307135,7.838542316562229e-07,0.47134,0.0029515334183806996,50000,1.0154951170806585
31,25,26.0,fit,1249,sim,clean,optimum,5.118252026651403e-05,5.5462735647728645e-05,5.291911730149486e-07,0.79116,0.001992622312653051,50000,1.0836265068411437
34,15,5.0,fit,1244,sim,clean,optimum,9.212494080458383e-05,9.47572499478528e-05,6.642510321641825e-07,0.6432,0.0025011782043760215,50000,1.0285732519367654
31,27,30.0,fit,1248,sim,clean,optimum,5.234960692583581e-05,5.713585973593344e-05,5.40207553489868e-07,0.78486,0.0020341035138868816,50000,1.0914286293854767
34,11,3.0,fit,1246,sim,clean,optimum,0.00011322695540963723,0.00011531808596512512,7.302184909818713e-07,0.56578,0.0027495728055184614,50000,1.018468487012854
34,1,0.6,fit,1250,sim,clean,optimum,0.00020052971831554533,0.00020449294411391998,7.56117786370799e-07,0.23,0.0028470942996506243,50000,1.0197637828031967
34,17,6.0,fit,1244,sim,clean,optimum,8.675739641763988e-05,8.937138383534592e-05,6.471709729180647e-07,0.66348,0.0024368647598388637,50000,1.0301298508904373
34,5,1.4,fit,1249,sim,clean,optimum,0.00015275851074514593,0.00015394335062996736,8.047591207996591e-07,0.42034,0.0030302489198381906,50000,1.0077562937674756
34,13,4.0,fit,1245,sim,clean,optimum,0.00010099792416239357,0.00010295290222753536,6.901130354926453e-07,0.61234,0.0025985592785700666,50000,1.0193566163003351
34,3,1.0,fit,1250,sim,clean,optimum,0.00017472215770458337,0.00017766453214718207,8.104520047690893e-07,0.33102,0.003051684968282088,50000,1.0168403050949817
34,9,2.0,fit,1249,sim,clean,optimum,0.00012966120115483104,0.00013098702583878911,7.668056506993555e-07,0.50678,0.002887338502543042,50000,1.0102253000292267
34,15,5.0,fit,1245,sim,clean,optimum,9.212494080458383e-05,9.439606760500223e-05,6.679069881069437e-07,0.64456,0.0025149443814347166,50000,1.0246526812455263
31,29,40.0,fit,1250,sim,clean,optimum,4.914215072714635e-05,5.4628829356147194e-05,5.258808887592532e-07,0.7943,0.00198015773159902,50000,1.1116491351683957
34,7,1.8,fit,1249,sim,clean,optimum,0.00013825670888176192,0.00013944825337056766,7.828905463355225e-07,0.47492,0.0029479047469849477,50000,1.008618348421882
31,25,26.0,fit,1250,sim,clean,optimum,5.118252026651403e-05,5.6169165818304004e-05,5.298523025613336e-07,0.7885,0.001995111737180251,50000,1.0974286831876168
31,27,30.0,fit,1249,sim,clean,optimum,5.234960692583581e-05,5.639756053510655e-05,5.328988068786256e-07,0.78764,0.002006583078328374,50000,1.0773253868936499
34,11,3.0,fit,1247,sim,clean,optimum,0.00011322695540963723,0.00011553585767184384,7.253195064314132e-07,0.56496,0.0027311261147526847,50000,1.0203918073558842
34,17,6.0,fit,1245,sim,clean,optimum,8.675739641763988e-05,8.822941025133311e-05,6.492280513908687e-07,0.66778,0.0024446105059374515,50000,1.0169670125484993
34,1,0.6,fit,1251,sim,clean,optimum,0.00020052971831554533,0.00020432828745762046,7.552446528421653e-07,0.23062,0.0028438065929771196,50000,1.0189426743027579
34,13,4.0,fit,1246,sim,clean,optimum,0.00010099792416239357,0.00010317067393425408,6.92438926236133e-07,0.61152,0.002607317213374349,50000,1.0215128161284481
34,5,1.4,fit,1250,sim,clean,optimum,0.00015275851074514593,0.00015546244107195648,8.093057489876556e-07,0.41462,0.0030473688440484214,50000,1.0177006853079476
34,3,1.0,fit,1251,sim,clean,optimum,0.00017472215770458337,0.00017793010739927808,8.265246546213115e-07,0.33002,0.003112205102313298,50000,1.018360291200837
34,15,5.0,fit,1246,sim,clean,optimum,9.212494080458383e-05,9.433232954449918e-05,6.669249634987913e-07,0.6448,0.0025112466550825737,50000,1.0239608158294253
34,9,2.0,fit,1250,sim,clean,optimum,0.00012966120115483104,0.00013240519768498176,7.720721049416044e-07,0.50144,0.0029071688677622574,50000,1.021162818990656
31,29,40.0,fit,1251,sim,clean,optimum,4.914215072714635e-05,5.409767885195519e-05,5.224737998681935e-07,0.7963,0.001967328641297232,50000,1.1008406846563064
34,7,1.8,fit,1250,sim,clean,optimum,0.00013825670888176192,0.00014108950842852097,7.884043205533063e-07,0.46874,0.0029686663735833127,50000,1.0204894183412225
31,25,26.0,fit,1251,sim,clean,optimum,5.118252026651403e-05,5.591952508133375e-05,5.303426700515407e-07,0.78944,0.0019969581723670274,50000,1.0925512223734493
34,11,3.0,fit,1248,sim,clean,optimum,0.00011322695540963723,0.00011547211961134079,7.251062000119824e-07,0.5652,0.0027303229283949675,50000,1.0198288843286558
31,27,30.0,fit,1250,sim,clean,optimum,5.234960692583581e-05,5.749173057374208e-05,5.359286904662094e-07,0.78352,0.0020179918355964967,50000,1.0982265951908898
34,17,6.0,fit,1246,sim,clean,optimum,8.675739641763988e-05,8.938731835047168e-05,6.472542659318766e-07,0.66342,0.002437178392276956,50000,1.0303135184021852
34,13,4.0,fit,1247,sim,clean,optimum,0.00010099792416239357,0.00010293165620736768,6.890214552156626e-07,0.61242,0.0025944490300873198,50000,1.0191462553414947
34,1,0.6,fit,1252,sim,clean,optimum,0.00020052971831554533,0.00020492848752735743,7.520131504874139e-07,0.22836,0.0028316386581667503,50000,1.0219357472237127
34,5,1.4,fit,1251,sim,clean,optimum,0.00015275851074514593,0.00015622729779799296,8.012344252118453e-07,0.41174,0.003016976991975952,50000,1.0227076516779754
34,15,5.0,fit,1247,sim,clean,optimum,9.212494080458383e-05,9.432170653441536e-05,6.648834481327711e-07,0.64484,0.002503559510478896,50000,1.023845504926742
34,3,1.0,fit,1252,sim,clean,optimum,0.00017472215770458337,0.00017830191275221247,8.189395664360092e-07,0.32862,0.0030836441271266473,50000,1.0204882717490342
34,9,2.0,fit,1251,sim,clean,optimum,0.00012966120115483104,0.00013229896758414335,7.587503781477176e-07,0.50184,0.0028570070899281118,50000,1.020343529180811
31,29,40.0,fit,1252,sim,clean,optimum,4.914215072714635e-05,5.4379188619176975e-05,5.258501228481483e-07,0.79524,0.0019800418852960904,50000,1.1065691634277142
34,7,1.8,fit,1251,sim,clean,optimum,0.00013825670888176192,0.00014143475625624574,7.787051967991511e-07,0.46744,0.0029321451854168444,50000,1.0229865689715043
31,25,26.0,fit,1252,sim,clean,optimum,5.118252026651403e-05,5.599919765696257e-05,5.304359943827215e-07,0.78914,0.001997309576838808,50000,1.0941078588035031
34,11,3.0,fit,1249,sim,clean,optimum,0.00011322695540963723,0.00011423453893657343,7.161157860499788e-07,0.56986,0.002696470323940868,50000,1.0088987955499724
34,17,6.0,fit,1247,sim,clean,optimum,8.675739641763988e-05,8.880305279586048e-05,6.484414004706607e-07,0.66562,0.002441648441836977,50000,1.0235790429714264
31,27,30.0,fit,1251,sim,clean,optimum,5.234960692583581e-05,5.684372695862784e-05,5.347735714166676e-07,0.78596,0.0020136423375147843,50000,1.0858482096944662
34,13,4.0,fit,1248,sim,clean,optimum,0.00010099792416239357,0.0001024854897838464,6.910242439378961e-07,0.6141,0.0026019903529569278,50000,1.0147286752058489
34,15,5.0,fit,1248,sim,clean,optimum,9.212494080458383e-05,9.36683914142592e-05,6.648244436679372e-07,0.6473,0.0025033373344125333,50000,1.0167538844117072
34,1,0.6,fit,1253,sim,clean,optimum,0.00020052971831554533,0.00020408926973073408,7.415236739539537e-07,0.23152,0.0027921414668785035,50000,1.0177507426085723
34,5,1.4,fit,1252,sim,clean,optimum,0.00015275851074514593,0.00015521811184002814,8.104617206988322e-07,0.41554,0.003051721552751711,50000,1.0161012377175218
34,3,1.0,fit,1253,sim,clean,optimum,0.00017472215770458337,0.00017794073040936192,8.079688563368948e-07,0.32998,0.0030423348936324483,50000,1.0184210906450712
34,9,2.0,fit,1252,sim,clean,optimum,0.00012966120115483104,0.00013193247373625088,7.624802659298252e-07,0.50322,0.0028710516507547334,50000,1.0175169793368464
31,29,40.0,fit,1253,sim,clean,optimum,4.914215072714635e-05,5.4193285942709765e-05,5.256572445940113e-07,0.79594,0.0019793156193785594,50000,1.1027862057484827
34,11,3.0,fit,1250,sim,clean,optimum,0.00011322695540963723,0.00011514280629874174,7.256716715334561e-07,0.56644,0.0027324521611341284,50000,1.016920448687976
31,25,26.0,fit,1253,sim,clean,optimum,5.118252026651403e-05,5.5983263141836794e-05,5.334934866741197e-07,0.7892,0.002008822292226509,50000,1.093796531517492
34,7,1.8,fit,1252,sim,clean,optimum,0.00013825670888176192,0.00014055304641928703,7.790497434486275e-07,0.47076,0.0029334425451924906,50000,1.0166092304387844
34,17,6.0,fit,1248,sim,clean,optimum,8.675739641763988e-05,8.824534476645888e-05,6.445316761213878e-07,0.66772,0.002426926722405606,50000,1.0171506800602474
34,13,4.0,fit,1249,sim,clean,optimum,0.00010099792416239357,0.00010203401185528319,6.878354353949703e-07,0.6158,0.0025899831778991664,50000,1.0102585048304924
34,15,5.0,fit,1249,sim,clean,optimum,9.212494080458383e-05,9.376931001005566e-05,6.63951263867809e-07,0.64692,0.00250004945350783,50000,1.0178493379872002
31,27,30.0,fit,1252,sim,clean,optimum,5.234960692583581e-05,5.72102208065203e-05,5.366115149231525e-07,0.78458,0.0020205629503805517,50000,1.092849099852279
34,1,0.6,fit,1254,sim,clean,optimum,0.00020052971831554533,0.0002044185830433331,7.581895668299074e-07,0.23028,0.0028548954047715163,50000,1.01939295960945
34,5,1.4,fit,1253,sim,clean,optimum,0.00015275851074514593,0.00015586611545514238,8.163064047437363e-07,0.4131,0.0030737291908835627,50000,1.0203432508921289
34,3,1.0,fit,1254,sim,clean,optimum,0.00017472215770458337,0.00017811601007574525,8.092968347574701e-07,0.32932,0.0030473352783072045,50000,1.0194242814749355
34,9,2.0,fit,1253,sim,clean,optimum,0.00012966120115483104,0.0001314013232320589,7.645845433685014e-07,0.50522,0.0028789751203629464,50000,1.013420530287622
31,29,40.0,fit,1254,sim,clean,optimum,4.914215072714635e-05,5.409236734691327e-05,5.232404311386592e-07,0.79632,0.0019702153231865092,50000,1.1007326001511852
34,11,3.0,fit,1251,sim,clean,optimum,0.00011322695540963723,0.00011618386128695808,7.272189409976446e-07,0.56252,0.0027382782667368794,50000,1.0261148581327055
34,17,6.0,fit,1249,sim,clean,optimum,8.675739641763988e-05,8.819754122108158e-05,6.463378366460777e-07,0.6679,0.0024337276592791856,50000,1.0165996775250032
31,25,26.0,fit,1254,sim,clean,optimum,5.118252026651403e-05,5.5579588758650886e-05,5.287052301053772e-07,0.79072,0.0019907925378312777,50000,1.085909573605222
34,7,1.8,fit,1253,sim,clean,optimum,0.00013825670888176192,0.00013993160032938238,7.797009561747307e-07,0.4731,0.0029358946288146038,50000,1.0121143593042767
34,13,4.0,fit,1250,sim,clean,optimum,0.00010099792416239357,0.00010312818189391872,6.955896572691095e-07,0.61168,0.002619181010953792,50000,1.0210920942107675
34,15,5.0,fit,1250,sim,clean,optimum,9.212494080458383e-05,9.367901442434305e-05,6.666693375483448e-07,0.64726,0.0025102841182933627,50000,1.016869195314391
34,1,0.6,fit,1255,sim,clean,optimum,0.00020052971831554533,0.0002045460591643392,7.475382387996651e-07,0.2298,0.002814788776062031,50000,1.0200286565130159
31,27,30.0,fit,1253,sim,clean,optimum,5.234960692583581e-05,5.7146482746017285e-05,5.377707373835143e-07,0.78482,0.0020249278994908804,50000,1.0916315537378771
34,5,1.4,fit,1254,sim,clean,optimum,0.00015275851074514593,0.00015547306408204034,8.08668094290187e-07,0.41458,0.0030449678119777142,50000,1.0177702265075315
34,3,1.0,fit,1255,sim,clean,optimum,0.00017472215770458337,0.00017848250392363775,8.115156920473073e-07,0.32794,0.0030556901881578975,50000,1.0215218623010156
34,9,2.0,fit,1254,sim,clean,optimum,0.00012966120115483104,0.00013232552510935298,7.685148354379321e-07,0.50174,0.002893774285715936,50000,1.0205483516332725
34,11,3.0,fit,1252,sim,clean,optimum,0.00011322695540963723,0.00011548274262142463,7.212340867728683e-07,0.56516,0.0027157428302549704,50000,1.0199227048331938
31,29,40.0,fit,1255,sim,clean,optimum,4.914215072714635e-05,5.4607583335979524e-05,5.272869699538026e-07,0.79438,0.001985452205325213,50000,1.1112167971479123
34,17,6.0,fit,1250,sim,clean,optimum,8.675739641763988e-05,8.803288456478207e-05,6.442857764704977e-07,0.66852,0.0024260008091326283,50000,1.0147017799036078
34,7,1.8,fit,1254,sim,clean,optimum,0.00013825670888176192,0.00014114262347894016,7.837604099755405e-07,0.46854,0.002951180141183589,50000,1.020873595361266
31,25,26.0,fit,1255,sim,clean,optimum,5.118252026651403e-05,5.589827906116608e-05,5.334319191190758e-07,0.78952,0.00200859046507184,50000,1.0921361193254353
34,13,4.0,fit,1251,sim,clean,optimum,0.00010099792416239357,0.00010352654477206273,6.937130862110735e-07,0.61018,0.0026121149494769584,50000,1.025036362189023
34,15,5.0,fit,1251,sim,clean,optimum,9.212494080458383e-05,9.455010125121792e-05,6.672321781629467e-07,0.64398,0.002512403444586606,50000,1.0263246893344373
34,1,0.6,fit,1256,sim,clean,optimum,0.00020052971831554533,0.00020399897414502145,7.520021527512e-07,0.23186,0.002831597247168824,50000,1.01730045730188
31,27,30.0,fit,1254,sim,clean,optimum,5.234960692583581e-05,5.659408622165759e-05,5.343792209162815e-07,0.7869,0.0020121574457664993,50000,1.081079487413057
34,5,1.4,fit,1255,sim,clean,optimum,0.00015275851074514593,0.00015640257746437632,8.008021619584523e-07,0.41108,0.0030153493431269674,50000,1.0238550814711067
34,3,1.0,fit,1256,sim,clean,optimum,0.00017472215770458337,0.00017790886137911038,8.177155755318756e-07,0.3301,0.003079035298199729,50000,1.0182386923123685
34,11,3.0,fit,1253,sim,clean,optimum,0.00011322695540963723,0.00011440450709791489,7.221818825993655e-07,0.56922,0.0027193116711730038,50000,1.0103999236225814
34,9,2.0,fit,1255,sim,clean,optimum,0.00012966120115483104,0.00013250080477573634,7.621661981124236e-07,0.50108,0.0028698690563114526,50000,1.0219001798195164
34,17,6.0,fit,1251,sim,clean,optimum,8.675739641763988e-05,8.860121560426753e-05,6.54153165476769e-07,0.66638,0.0024631555851458106,50000,1.0212525878226189
31,29,40.0,fit,1256,sim,clean,optimum,4.914215072714635e-05,5.5754868425034244e-05,5.316277977002545e-07,0.79006,0.0020017972062701156,50000,1.1345630502540256
34,15,5.0,fit,1252,sim,clean,optimum,9.212494080458383e-05,9.428452599912191e-05,6.69968996777121e-07,0.64498,0.0025227086917531797,50000,1.0234419167673499
34,13,4.0,fit,1252,sim,clean,optimum,0.00010099792416239357,0.00010293165620736768,6.980210052062094e-07,0.61242,0.0026283360354446323,50000,1.0191462553414947
31,25,26.0,fit,1256,sim,clean,optimum,5.118252026651403e-05,5.710930221072384e-05,5.371600923071392e-07,0.78496,0.0020226285697470293,50000,1.1157969930622462
34,7,1.8,fit,1255,sim,clean,optimum,0.00013825670888176192,0.00014181187311422208,7.774750133212728e-07,0.46602,0.00292751303890406,50000,1.0257142258138123
34,1,0.6,fit,1257,sim,clean,optimum,0.00020052971831554533,0.00020446107508366847,7.588493254284971e-07,0.23012,0.002857379667116681,50000,1.0196048585773054
34,3,1.0,fit,1257,sim,clean,optimum,0.00017472215770458337,0.00017815850211608063,8.037574477299185e-07,0.32916,0.003026477208950843,50000,1.0196674792518723
31,27,30.0,fit,1255,sim,clean,optimum,5.234960692583581e-05,5.711992522080769e-05,5.37857554431557e-07,0.78492,0.002025254801366554,50000,1.0911242428568764
34,5,1.4,fit,1256,sim,clean,optimum,0.00015275851074514593,0.00015585018094001665,8.128827343932918e-07,0.41316,0.003060837664570686,50000,1.0202389390927533
34,11,3.0,fit,1254,sim,clean,optimum,0.00011322695540963723,0.0001153127744600832,7.233800307078804e-07,0.5658,0.0027238231913506513,50000,1.018421576760585
34,17,6.0,fit,1252,sim,clean,optimum,8.675739641763988e-05,8.913236610845952e-05,6.522160386041085e-07,0.66438,0.002455861506132905,50000,1.0273748382142176
34,9,2.0,fit,1256,sim,clean,optimum,0.00012966120115483104,0.00013287792163371265,7.585641327640534e-07,0.49966,0.002856305799494631,50000,1.0248086586444658
31,29,40.0,fit,1257,sim,clean,optimum,4.914215072714635e-05,5.493689664857857e-05,5.264338795163982e-07,0.79314,0.001982239969129741,50000,1.117918036465408
34,15,5.0,fit,1253,sim,clean,optimum,9.212494080458383e-05,9.39074091411456e-05,6.638712971025695e-07,0.6464,0.0024997483457630068,50000,1.019348379722086
34,13,4.0,fit,1253,sim,clean,optimum,0.00010099792416239357,0.00010288385266199038,6.875771545930358e-07,0.6126,0.0025890106445027147,50000,1.018672943184104
31,25,26.0,fit,1257,sim,clean,optimum,5.118252026651403e-05,5.6546282676280316e-05,5.334317266032968e-07,0.78708,0.0020085897401707904,50000,1.1047967622898691
34,7,1.8,fit,1256,sim,clean,optimum,0.00013825670888176192,0.0001417693810738867,7.844646037753627e-07,0.46618,0.0029538317203283496,50000,1.0254068841977775
34,1,0.6,fit,1258,sim,clean,optimum,0.00020052971831554533,0.00020483288043660286,7.485327982005646e-07,0.22872,0.0028185337010618195,50000,1.0214589745460383
34,3,1.0,fit,1258,sim,clean,optimum,0.00017472215770458337,0.00017774420472281086,8.000789414438893e-07,0.33072,0.003012626120579478,50000,1.0172963009267382
34,11,3.0,fit,1255,sim,clean,optimum,0.00011322695540963723,0.0001152649709147059,7.21898883992759e-07,0.56598,0.0027182460650806706,50000,1.0179993844901636
34,5,1.4,fit,1257,sim,clean,optimum,0.00015275851074514593,0.00015604670662656766,8.167942027012715e-07,0.41242,0.0030755659507235153,50000,1.021525451285052
31,27,30.0,fit,1256,sim,clean,optimum,5.234960692583581e-05,5.827783331994623e-05,5.406493948114404e-07,0.78056,0.0020357672281000293,50000,1.113242997268518
34,17,6.0,fit,1253,sim,clean,optimum,8.675739641763988e-05,8.827190229166847e-05,6.464340903567096e-07,0.66762,0.002434090094068844,50000,1.0174567925798272
34,9,2.0,fit,1257,sim,clean,optimum,0.00012966120115483104,0.00013243175521019136,7.617393758438672e-07,0.50134,0.0028682618950071227,50000,1.0213676414431172
34,15,5.0,fit,1254,sim,clean,optimum,9.212494080458383e-05,9.391803215122942e-05,6.667078863698556e-07,0.64636,0.0025104292704534624,50000,1.0194636906247692
34,13,4.0,fit,1254,sim,clean,optimum,0.00010099792416239357,0.00010289978717711617,6.909641333754653e-07,0.61254,0.002601764011978405,50000,1.0188307139032344
31,29,40.0,fit,1258,sim,clean,optimum,4.914215072714635e-05,5.331157610575105e-05,5.196894915261074e-07,0.79926,0.001956844575782424,50000,1.0848441778984144
31,25,26.0,fit,1258,sim,clean,optimum,5.118252026651403e-05,5.493689664857857e-05,5.269983616349505e-07,0.79314,0.001984365476360167,50000,1.0733527064027917
34,7,1.8,fit,1257,sim,clean,optimum,0.00013825670888176192,0.00014116386949910784,7.817026395790793e-07,0.46846,0.0029434317897079876,50000,1.0210272661692832
34,1,0.6,fit,1259,sim,clean,optimum,0.00020052971831554533,0.00020468946980047102,7.477121155830711e-07,0.22926,0.002815443493630907,50000,1.020743815529527
34,11,3.0,fit,1256,sim,clean,optimum,0.00011322695540963723,0.00011601389312561664,7.192619127702249e-07,0.56316,0.002708316784390085,50000,1.0246137300600966
34,3,1.0,fit,1259,sim,clean,optimum,0.00017472215770458337,0.00017885430927657215,8.212649366957869e-07,0.32654,0.0030924001020957953,50000,1.023649842849213
34,5,1.4,fit,1258,sim,clean,optimum,0.00015275851074514593,0.0001561051331820288,7.974235415291776e-07,0.4122,0.0030026274482869565,50000,1.0219079278827625
34,17,6.0,fit,1254,sim,clean,optimum,8.675739641763988e-05,8.766107921184769e-05,6.428554675962875e-07,0.66992,0.002420615108232707,50000,1.0104162046294887
31,27,30.0,fit,1257,sim,clean,optimum,5.234960692583581e-05,5.790602796701184e-05,5.384258724766475e-07,0.78196,0.002027394752437315,50000,1.1061406449345048
34,15,5.0,fit,1255,sim,clean,optimum,9.212494080458383e-05,9.421016492853506e-05,6.641282047051787e-07,0.64526,0.002500715708499488,50000,1.0226347404485656
34,13,4.0,fit,1255,sim,clean,optimum,0.00010099792416239357,0.00010263952343006209,6.845906906608236e-07,0.61352,0.0025777653800865383,50000,1.0162537921574408
34,9,2.0,fit,1258,sim,clean,optimum,0.00012966120115483104,0.00013126322410096896,7.68376001350639e-07,0.50574,0.0028932515183036967,50000,1.0123554535348236
31,29,40.0,fit,1259,sim,clean,optimum,4.914215072714635e-05,5.4145482397332465e-05,5.231533110955676e-07,0.79612,0.0019698872804099175,50000,1.1018134452023942
31,25,26.0,fit,1259,sim,clean,optimum,5.118252026651403e-05,5.554240822335744e-05,5.29387526662868e-07,0.79086,0.0019933616648568795,50000,1.085183143271197
34,7,1.8,fit,1258,sim,clean,optimum,0.00013825670888176192,0.0001408611137117184,7.801338690455349e-07,0.4696,0.0029375247237401945,50000,1.018837457155036
34,1,0.6,fit,1260,sim,clean,optimum,0.00020052971831554533,0.00020451419013408766,7.475982915862124e-07,0.22992,0.002815014899490601,50000,1.0198697322871244
34,11,3.0,fit,1257,sim,clean,optimum,0.00011322695540963723,0.00011582267894410751,7.152875010937582e-07,0.56388,0.0026933514905793875,50000,1.0229249609784115
34,17,6.0,fit,1255,sim,clean,optimum,8.675739641763988e-05,8.846311647317759e-05,6.486331343784782e-07,0.6669,0.002442370398820183,50000,1.019660802720803
34,3,1.0,fit,1260,sim,clean,optimum,0.00017472215770458337,0.00017793541890431997,8.383452616885428e-07,0.33,0.0031567145472782914,50000,1.0183906909229539
34,15,5.0,fit,1256,sim,clean,optimum,9.212494080458383e-05,9.485285703860737e-05,6.603390304482674e-07,0.64284,0.0024864479097230353,50000,1.0296110500609168
34,5,1.4,fit,1259,sim,clean,optimum,0.00015275851074514593,0.00015541994903162112,8.069353171884045e-07,0.41478,0.0030384431938587186,50000,1.0174225205096128
34,13,4.0,fit,1256,sim,clean,optimum,0.00010099792416239357,0.00010361684035777534,6.895151134021235e-07,0.60984,0.002596307856098271,50000,1.025930396264094
31,27,30.0,fit,1258,sim,clean,optimum,5.234960692583581e-05,5.6004509162004464e-05,5.327713552587163e-07,0.78912,0.0020061031705850755,50000,1.0698171858548353
34,9,2.0,fit,1259,sim,clean,optimum,0.00012966120115483104,0.00013161378343373568,7.706721655944111e-07,0.50442,0.0029018975206162242,50000,1.0150591099073116
31,29,40.0,fit,1260,sim,clean,optimum,4.914215072714635e-05,5.409236734691327e-05,5.272591471845699e-07,0.79632,0.0019853474411613346,50000,1.1007326001511852
31,25,26.0,fit,1260,sim,clean,optimum,5.118252026651403e-05,5.544680113260287e-05,5.313312466940958e-07,0.79122,0.0020006805698221854,50000,1.0833151795551328
34,7,1.8,fit,1259,sim,clean,optimum,0.00013825670888176192,0.00014090360575205374,7.902415422238655e-07,0.46944,0.002975584268440078,50000,1.0191447987710707
34,11,3.0,fit,1258,sim,clean,optimum,0.00011322695540963723,0.00011446293365337601,7.201773023360991e-07,0.569,0.0027117636024149186,50000,1.0109159363975406
34,1,0.6,fit,1261,sim,clean,optimum,0.00020052971831554533,0.00020450356712400385,7.520678615822904e-07,0.22996,0.0028318446679302532,50000,1.0198167575451607
34,17,6.0,fit,1256,sim,clean,optimum,8.675739641763988e-05,8.96050900571904e-05,6.459193300718475e-07,0.6626,0.002432151809982509,50000,1.0328236410627407
34,15,5.0,fit,1257,sim,clean,optimum,9.212494080458383e-05,9.408800031257089e-05,6.664484444685437e-07,0.64572,0.002509452365040536,50000,1.0213086650677055
34,3,1.0,fit,1261,sim,clean,optimum,0.00017472215770458337,0.00017814256760095485,8.049161107614196e-07,0.32922,0.0030308400515815345,50000,1.0195762800855208
34,13,4.0,fit,1257,sim,clean,optimum,0.00010099792416239357,0.00010311224737879297,6.923683242282752e-07,0.61174,0.0026070513677908446,50000,1.0209343234916373
34,5,1.4,fit,1260,sim,clean,optimum,0.00015275851074514593,0.00015593516502068736,8.036810542325765e-07,0.41284,0.0030261895560285954,50000,1.020795268689423
31,27,30.0,fit,1259,sim,clean,optimum,5.234960692583581e-05,5.661002073678336e-05,5.345749399461681e-07,0.78684,0.0020128944083725475,50000,1.0813838739416577
31,29,40.0,fit,1261,sim,clean,optimum,4.914215072714635e-05,5.40711213267456e-05,5.221877695829544e-07,0.7964,0.001966251619688548,50000,1.1003002621307019
34,9,2.0,fit,1260,sim,clean,optimum,0.00012966120115483104,0.0001328726101286707,7.713453791533039e-07,0.49968,0.0029044324464181565,50000,1.0247676941539734
31,25,26.0,fit,1261,sim,clean,optimum,5.118252026651403e-05,5.5691130364531195e-05,5.287463014466008e-07,0.7903,0.001990947188315084,50000,1.0880888646072964
34,11,3.0,fit,1259,sim,clean,optimum,0.00011322695540963723,0.00011484536201639425,7.270222119459922e-07,0.56756,0.0027375375009836707,50000,1.0142934745609107
34,15,5.0,fit,1258,sim,clean,optimum,9.212494080458383e-05,9.323815950586367e-05,6.662566055378384e-07,0.64892,0.0025087300126029827,50000,1.0120837928530255
34,17,6.0,fit,1257,sim,clean,optimum,8.675739641763988e-05,8.912174309837567e-05,6.458667110170066e-07,0.66442,0.002431953677609761,50000,1.0272523932063855
34,1,0.6,fit,1262,sim,clean,optimum,0.00020052971831554533,0.00020463635475005183,7.612006185237852e-07,0.22946,0.0028662332522181957,50000,1.020478941819708
34,7,1.8,fit,1260,sim,clean,optimum,0.00013825670888176192,0.0001412647880949043,7.765755309267427e-07,0.46808,0.002924126117918648,50000,1.0217572025073656
34,13,4.0,fit,1258,sim,clean,optimum,0.00010099792416239357,0.00010232083312754686,6.887561650649779e-07,0.61472,0.0025934501036113363,50000,1.0130983777748364
34,3,1.0,fit,1262,sim,clean,optimum,0.00017472215770458337,0.0001773989568950861,8.057739927203112e-07,0.33202,0.003034070329825162,50000,1.0153203189891267
34,5,1.4,fit,1261,sim,clean,optimum,0.00015275851074514593,0.00015571739331396862,8.107977580177388e-07,0.41366,0.0030529868713996444,50000,1.0193696740979568
31,29,40.0,fit,1262,sim,clean,optimum,4.914215072714635e-05,5.51334223351296e-05,5.278507484762683e-07,0.7924,0.0019875750632271307,50000,1.1219171631548808
31,27,30.0,fit,1260,sim,clean,optimum,5.234960692583581e-05,5.651972515107072e-05,5.345412684393898e-07,0.78718,0.0020127676213074408,50000,1.0796590169462543
34,9,2.0,fit,1261,sim,clean,optimum,0.00012966120115483104,0.00013182093213037055,7.628246052776981e-07,0.50364,0.002872348229954622,50000,1.016656725036509
34,11,3.0,fit,1260,sim,clean,optimum,0.00011322695540963723,0.00011538182402562814,7.227395815337484e-07,0.56554,0.0027214116369265193,50000,1.0190314100400821
31,25,26.0,fit,1262,sim,clean,optimum,5.118252026651403e-05,5.6939334049382406e-05,5.342822545617147e-07,0.7856,0.0020117923275794636,50000,1.1124761686781326
34,15,5.0,fit,1259,sim,clean,optimum,9.212494080458383e-05,9.355684980837888e-05,6.588674677394465e-07,0.64772,0.0024809068711766843,50000,1.0155431199335305
34,17,6.0,fit,1258,sim,clean,optimum,8.675739641763988e-05,8.836219787738113e-05,6.479427300016212e-07,0.66728,0.0024397707425216084,50000,1.0184975751463994
34,1,0.6,fit,1263,sim,clean,optimum,0.00020052971831554533,0.00020453012464921344,7.480493762567726e-07,0.22986,0.0028167134187125544,50000,1.01994919440007
34,13,4.0,fit,1259,sim,clean,optimum,0.00010099792416239357,0.00010223053754183422,6.85158558342309e-07,0.61506,0.002579903635353185,50000,1.012204343699765
34,3,1.0,fit,1263,sim,clean,optimum,0.00017472215770458337,0.000177138693148032,8.097149995346448e-07,0.333,0.003048909840597457,50000,1.0138307326053886
34,7,1.8,fit,1261,sim,clean,optimum,0.00013825670888176192,0.00014121698454952703,7.945177268000899e-07,0.46826,0.002991685861274785,50000,1.0214114431893266
34,5,1.4,fit,1262,sim,clean,optimum,0.00015275851074514593,0.00015505345518372865,8.078765530236943e-07,0.41616,0.0030419873337130957,50000,1.0150233491239744
31,29,40.0,fit,1263,sim,clean,optimum,4.914215072714635e-05,5.477223999227903e-05,5.275087859417107e-07,0.79376,0.001986287433706463,50000,1.11456741680666
34,11,3.0,fit,1261,sim,clean,optimum,0.00011322695540963723,0.00011539244703571199,7.159528247077876e-07,0.5655,0.002695856707495416,50000,1.0191252305446203
31,27,30.0,fit,1261,sim,clean,optimum,5.234960692583581e-05,5.6923399534256635e-05,5.351696079046606e-07,0.78566,0.0020151335776995055,50000,1.0873701423374689
34,15,5.0,fit,1260,sim,clean,optimum,9.212494080458383e-05,9.429514900920576e-05,6.635332635277837e-07,0.64494,0.002498475510391044,50000,1.0235572276700333
34,9,2.0,fit,1262,sim,clean,optimum,0.00012966120115483104,0.0001315341108581069,7.618473625969138e-07,0.50472,0.002868668509524832,50000,1.014444642549928
34,17,6.0,fit,1259,sim,clean,optimum,8.675739641763988e-05,8.895708644207616e-05,6.495471619493031e-07,0.66504,0.002445812088373751,50000,1.02535449558499
34,13,4.0,fit,1260,sim,clean,optimum,0.00010099792416239357,0.00010292103319728383,6.851176717767546e-07,0.61246,0.0025797496806257334,50000,1.0190410748620746
31,25,26.0,fit,1263,sim,clean,optimum,5.118252026651403e-05,5.618510033342975e-05,5.327223242070557e-07,0.78844,0.002005918548519301,50000,1.0977400104736272
34,1,0.6,fit,1264,sim,clean,optimum,0.00020052971831554533,0.00020399897414502145,7.443543377511804e-07,0.23186,0.002802800079738272,50000,1.01730045730188
34,3,1.0,fit,1264,sim,clean,optimum,0.00017472215770458337,0.0001767456417749299,8.187586186561583e-07,0.33448,0.0030829627843493262,50000,1.0115811531687229
34,7,1.8,fit,1262,sim,clean,optimum,0.00013825670888176192,0.00014011219150080766,7.758485529070844e-07,0.47242,0.0029213887468197944,50000,1.0134205611724243
34,5,1.4,fit,1263,sim,clean,optimum,0.00015275851074514593,0.00015508001270893824,8.117825269676691e-07,0.41606,0.003056694931326758,50000,1.0151972021229336
34,11,3.0,fit,1262,sim,clean,optimum,0.00011322695540963723,0.00011541369305587967,7.272884532460195e-07,0.56542,0.002738540008927939,50000,1.0193128715536963
31,29,40.0,fit,1264,sim,clean,optimum,4.914215072714635e-05,5.383741510490112e-05,5.223642520073659e-07,0.79728,0.001966916148566968,50000,1.0955445439053828
31,27,30.0,fit,1262,sim,clean,optimum,5.234960692583581e-05,5.816629171406591e-05,5.397016857788472e-07,0.78098,0.002032198713996725,50000,1.111112291568314
34,17,6.0,fit,1260,sim,clean,optimum,8.675739641763988e-05,8.916423513871105e-05,6.483436149816139e-07,0.66426,0.0024412802392718845,50000,1.0277421732377137
34,15,5.0,fit,1261,sim,clean,optimum,9.212494080458383e-05,9.433764104954112e-05,6.672816927184165e-07,0.64478,0.0025125898872429874,50000,1.0240184712807674
34,9,2.0,fit,1263,sim,clean,optimum,0.00012966120115483104,0.00013168283299928063,7.581616424015711e-07,0.50416,0.0028547902578193213,50000,1.0155916482837106
34,13,4.0,fit,1261,sim,clean,optimum,0.00010099792416239357,0.00010313349339896063,6.939952288315372e-07,0.61166,0.002613177332429575,50000,1.0211446844504775
31,25,26.0,fit,1264,sim,clean,optimum,5.118252026651403e-05,5.578142595024384e-05,5.31726720722058e-07,0.78996,0.002002169692113668,50000,1.089853052561357
34,1,0.6,fit,1265,sim,clean,optimum,0.00020052971831554533,0.00020424861488199168,7.528724327332698e-07,0.23092,0.0028348742090664454,50000,1.0185453637380293
34,3,1.0,fit,1265,sim,clean,optimum,0.00017472215770458337,0.00017682000284551677,8.143407316429674e-07,0.3342,0.0030663276235867037,50000,1.0120067492783622
34,7,1.8,fit,1263,sim,clean,optimum,0.00013825670888176192,0.00014089829424701183,7.865353910900631e-07,0.46946,0.002961629085852272,50000,1.0191063810690664
34,11,3.0,fit,1263,sim,clean,optimum,0.00011322695540963723,0.00011563146476259839,7.257465311368782e-07,0.5646,0.0027327340383151958,50000,1.0212361918967265
34,5,1.4,fit,1264,sim,clean,optimum,0.00015275851074514593,0.00015452230467953663,8.035672031664181e-07,0.41816,0.0030257608599612478,50000,1.0115462891447882
34,15,5.0,fit,1262,sim,clean,optimum,9.212494080458383e-05,9.418891890836735e-05,6.629293865548992e-07,0.64534,0.002496201665339148,50000,1.0224041186431985
34,17,6.0,fit,1261,sim,clean,optimum,8.675739641763988e-05,8.920141567400447e-05,6.504379286735757e-07,0.66412,0.0024491661912777016,50000,1.0281707307651253
31,29,40.0,fit,1265,sim,clean,optimum,4.914215072714635e-05,5.411892487212287e-05,5.230091726774138e-07,0.79622,0.0019693445400114193,50000,1.10127302267679
34,13,4.0,fit,1262,sim,clean,optimum,0.00010099792416239357,0.00010294759072249344,6.890837238598256e-07,0.61236,0.002594683497130734,50000,1.019304026060625
31,27,30.0,fit,1263,sim,clean,optimum,5.234960692583581e-05,5.7369565957777916e-05,5.381011870775621e-07,0.78398,0.0020261721784341925,50000,1.0958929651382852
34,9,2.0,fit,1264,sim,clean,optimum,0.00012966120115483104,0.00013146506129256192,7.593926866490898e-07,0.50498,0.0028594256454836575,50000,1.0139121041735288
31,25,26.0,fit,1265,sim,clean,optimum,5.118252026651403e-05,5.572831089982464e-05,5.285803161230583e-07,0.79016,0.0019903221853367096,50000,1.0888152949413215
34,1,0.6,fit,1266,sim,clean,optimum,0.00020052971831554533,0.00020401490866014718,7.419133729368713e-07,0.2318,0.002793608843751318,50000,1.0173799194148256
34,3,1.0,fit,1266,sim,clean,optimum,0.00017472215770458337,0.00017744144893542141,8.151643413726928e-07,0.33186,0.0030694288527984815,50000,1.0155635167660633
34,7,1.8,fit,1264,sim,clean,optimum,0.00013825670888176192,0.00014020779859156226,7.806961065524995e-07,0.47206,0.0029396417790852514,50000,1.0141120798085026
34,11,3.0,fit,1264,sim,clean,optimum,0.00011322695540963723,0.00011421329291640576,7.182460848574211e-07,0.56994,0.002704491774699662,50000,1.0087111545408962
34,15,5.0,fit,1263,sim,clean,optimum,9.212494080458383e-05,9.37746215150976e-05,6.616124703366168e-07,0.6469,0.0024912429344036073,50000,1.017906993438542
34,17,6.0,fit,1262,sim,clean,optimum,8.675739641763988e-05,8.854810055384834e-05,6.439713321351861e-07,0.66658,0.002424816796944633,50000,1.020640362783459
31,29,40.0,fit,1266,sim,clean,optimum,4.914215072714635e-05,5.434200808388353e-05,5.245910039268764e-07,0.79538,0.0019753007849438,50000,1.1058125718918677
34,5,1.4,fit,1265,sim,clean,optimum,0.00015275851074514593,0.00015415049932660226,8.069141176929851e-07,0.41956,0.0030383633690435215,50000,1.0091123471593584
34,13,4.0,fit,1263,sim,clean,optimum,0.00010099792416239357,0.00010283073761157119,6.90616942808332e-07,0.6128,0.0026004566967658873,50000,1.0181470407870032
31,27,30.0,fit,1264,sim,clean,optimum,5.234960692583581e-05,5.67799888981248e-05,5.36456950010276e-07,0.7862,0.002019980949943174,50000,1.0846306635800638
34,9,2.0,fit,1265,sim,clean,optimum,0.00012966120115483104,0.00013166689848415487,7.61819951354156e-07,0.50422,0.0028685652949273065,50000,1.015468754812234
34,1,0.6,fit,1267,sim,clean,optimum,0.00020052971831554533,0.00020285700056100862,7.449213538115929e-07,0.23616,0.0028049351283014846,50000,1.0116056725407712
31,25,26.0,fit,1266,sim,clean,optimum,5.118252026651403e-05,5.5776114445201914e-05,5.296417551791081e-07,0.78998,0.00199431893973183,50000,1.0897492767993533
34,3,1.0,fit,1267,sim,clean,optimum,0.00017472215770458337,0.0001764481974925824,8.293658089652738e-07,0.3356,0.0031229032163941055,50000,1.0098787687301651
34,11,3.0,fit,1265,sim,clean,optimum,0.00011322695540963723,0.00011541900456092159,7.243237244982496e-07,0.5654,0.0027273765864163483,50000,1.0193597818059654
34,15,5.0,fit,1264,sim,clean,optimum,9.212494080458383e-05,9.372150646467839e-05,6.603960357787226e-07,0.6471,0.002486662558226634,50000,1.0173304389251245
34,7,1.8,fit,1265,sim,clean,optimum,0.00013825670888176192,0.00014008563397559806,7.840842714462133e-07,0.47252,0.0029523996127575284,50000,1.0132284726624026
34,17,6.0,fit,1263,sim,clean,optimum,8.675739641763988e-05,8.850029700847104e-05,6.527950362829257e-07,0.66676,0.0024580416704149594,50000,1.0200893602482148
34,13,4.0,fit,1264,sim,clean,optimum,0.00010099792416239357,0.0001024323747334272,6.843380562491645e-07,0.6143,0.002576814107670659,50000,1.014202772808748
31,29,40.0,fit,1267,sim,clean,optimum,4.914215072714635e-05,5.404987530657793e-05,5.239755765719538e-07,0.79648,0.001972983447955261,50000,1.0998679241102185
34,5,1.4,fit,1266,sim,clean,optimum,0.00015275851074514593,0.0001549950286282675,8.133454661212182e-07,0.41638,0.0030625800397516352,50000,1.014640872526264
34,9,2.0,fit,1266,sim,clean,optimum,0.00012966120115483104,0.00013196965427154431,7.742678629340096e-07,0.50308,0.0029154367992621833,50000,1.0178037307702918
31,27,30.0,fit,1265,sim,clean,optimum,5.234960692583581e-05,5.665782428216063e-05,5.328984894327029e-07,0.78666,0.0020065818830139756,50000,1.082297033527459
34,1,0.6,fit,1268,sim,clean,optimum,0.00020052971831554533,0.00020375995641813504,7.433319548937685e-07,0.23276,0.002798950387986714,50000,1.0161085256076945
34,3,1.0,fit,1268,sim,clean,optimum,0.00017472215770458337,0.00017811069857070336,8.068741324263958e-07,0.32934,0.00303821280807719,50000,1.0193938817528185
31,25,26.0,fit,1267,sim,clean,optimum,5.118252026651403e-05,5.5754868425034244e-05,5.296593989068515e-07,0.79006,0.0019943853756199787,50000,1.0893341737513393
34,11,3.0,fit,1266,sim,clean,optimum,0.00011322695540963723,0.00011564739927772415,7.277456979893179e-07,0.56454,0.0027402617233561084,50000,1.0213769226535336
34,15,5.0,fit,1265,sim,clean,optimum,9.212494080458383e-05,9.400832773694206e-05,6.613962296612118e-07,0.64602,0.0024904286993658984,50000,1.020443833297579
34,17,6.0,fit,1264,sim,clean,optimum,8.675739641763988e-05,8.868088817989631e-05,6.426497687357862e-07,0.66608,0.002419840567461766,50000,1.0221709253813585
34,13,4.0,fit,1265,sim,clean,optimum,0.00010099792416239357,0.00010285729513678079,6.885498436638766e-07,0.6127,0.0025926732187191146,50000,1.0184099919855536
34,7,1.8,fit,1266,sim,clean,optimum,0.00013825670888176192,0.00014087704822684415,7.919026470337033e-07,0.46954,0.0029818390109159973,50000,1.018952710261049
31,29,40.0,fit,1268,sim,clean,optimum,4.914215072714635e-05,5.519184889059072e-05,5.268683236749404e-07,0.79218,0.0019838758299831655,50000,1.1231060927112106
34,5,1.4,fit,1267,sim,clean,optimum,0.00015275851074514593,0.00015450105865936898,8.052288227099899e-07,0.41824,0.0030320175406212783,50000,1.011407206745621
34,9,2.0,fit,1267,sim,clean,optimum,0.00012966120115483104,0.00013173063654465793,7.54578810885609e-07,0.50398,0.0028412994242883907,50000,1.0159603286981411
31,27,30.0,fit,1266,sim,clean,optimum,5.234960692583581e-05,5.708274468551424e-05,5.349130001948025e-07,0.78506,0.002014167344182516,50000,1.090414007623475
34,3,1.0,fit,1269,sim,clean,optimum,0.00017472215770458337,0.00017829660124717053,8.159702279539068e-07,0.32864,0.0030724633470702698,50000,1.0204578720269168
34,1,0.6,fit,1269,sim,clean,optimum,0.00020052971831554533,0.00020557117963742976,7.439339077534074e-07,0.22594,0.0028012169879612523,50000,1.0251407191125228
31,25,26.0,fit,1268,sim,clean,optimum,5.118252026651403e-05,5.699776060484353e-05,5.342172859099165e-07,0.78538,0.0020115476938973513,50000,1.1136177020601719
34,11,3.0,fit,1267,sim,clean,optimum,0.00011322695540963723,0.00011542962757100544,7.263082239328568e-07,0.56536,0.0027348490425994636,50000,1.0194536023105036
34,15,5.0,fit,1266,sim,clean,optimum,9.212494080458383e-05,9.399239322181632e-05,6.611922484314516e-07,0.64608,0.002489660626180802,50000,1.0202708669435538
34,17,6.0,fit,1265,sim,clean,optimum,8.675739641763988e-05,8.850029700847104e-05,6.432657615378396e-07,0.66676,0.002422160033591203,50000,1.0200893602482148
34,13,4.0,fit,1266,sim,clean,optimum,0.00010099792416239357,0.00010286260664182272,6.920218400334316e-07,0.61268,0.002605746712360382,50000,1.0184625822252638
34,7,1.8,fit,1267,sim,clean,optimum,0.00013825670888176192,0.00014033527471256832,7.800573017666387e-07,0.47158,0.002937236416458955,50000,1.0150341046566065
31,29,40.0,fit,1269,sim,clean,optimum,4.914215072714635e-05,5.512279932504575e-05,5.270791794993547e-07,0.79244,0.0019846697888432257,50000,1.1217009941446388
34,5,1.4,fit,1268,sim,clean,optimum,0.00015275851074514593,0.00015543057204170496,8.151235119612897e-07,0.41474,0.003069275113279905,50000,1.0174920617091965
34,3,1.0,fit,1270,sim,clean,optimum,0.00017472215770458337,0.0001782063056614579,8.082172099806922e-07,0.32898,0.003043270047197539,50000,1.0199410767509263
34,9,2.0,fit,1268,sim,clean,optimum,0.00012966120115483104,0.0001326601499269939,7.604490925974473e-07,0.50048,0.002863403448159246,50000,1.0231291145342836
34,1,0.6,fit,1270,sim,clean,optimum,0.00020052971831554533,0.00020411051575090175,7.635466612418702e-07,0.23144,0.0028750670674911522,50000,1.0178566920924998
34,11,3.0,fit,1268,sim,clean,optimum,0.00011322695540963723,0.00011626884536762878,7.340068226413757e-07,0.5622,0.0027638374315692915,50000,1.02686542216901
31,25,26.0,fit,1269,sim,clean,optimum,5.118252026651403e-05,5.669500481745408e-05,5.337874988072272e-07,0.78652,0.0020099293687736914,50000,1.1077024836259688
34,15,5.0,fit,1267,sim,clean,optimum,9.212494080458383e-05,9.39074091411456e-05,6.564634478134219e-07,0.6464,0.002471854747881869,50000,1.019348379722086
31,27,30.0,fit,1267,sim,clean,optimum,5.234960692583581e-05,5.683310394854399e-05,5.344233031112046e-07,0.786,0.002012323433352222,50000,1.0856452853420655
34,17,6.0,fit,1266,sim,clean,optimum,8.675739641763988e-05,8.895708644207616e-05,6.488647172522069e-07,0.66504,0.002443242403541636,50000,1.02535449558499
34,13,4.0,fit,1267,sim,clean,optimum,0.00010099792416239357,0.00010279355707627774,6.876602258298898e-07,0.61294,0.0025893234418593895,50000,1.0177789091090328
31,29,40.0,fit,1270,sim,clean,optimum,4.914215072714635e-05,5.420922045783551e-05,5.23162531629969e-07,0.79588,0.0019699219995124263,50000,1.103110459263845
34,7,1.8,fit,1268,sim,clean,optimum,0.00013825670888176192,0.00014102577036801794,7.819149195045108e-07,0.46898,0.0029442311108938144,50000,1.0200284059171707
34,5,1.4,fit,1269,sim,clean,optimum,0.00015275851074514593,0.00015481974896188413,8.096925657814933e-07,0.41704,0.0030488253682945054,50000,1.0134934427331324
34,11,3.0,fit,1269,sim,clean,optimum,0.00011322695540963723,0.00011436732656262144,7.232313140065751e-07,0.56936,0.0027232632118339923,50000,1.010071551856698
34,9,2.0,fit,1269,sim,clean,optimum,0.00012966120115483104,0.000130663024031232,7.589365167947825e-07,0.508,0.002857707978454418,50000,1.0077264661092
34,15,5.0,fit,1268,sim,clean,optimum,9.212494080458383e-05,9.444918265542143e-05,6.594499961803843e-07,0.64436,0.0024831003302295904,50000,1.0252292357589439
34,3,1.0,fit,1271,sim,clean,optimum,0.00017472215770458337,0.00017688905241106174,8.118188216799611e-07,0.33394,0.0030568315958390026,50000,1.0124019456658846
34,1,0.6,fit,1271,sim,clean,optimum,0.00020052971831554533,0.00020453012464921344,7.492914896195139e-07,0.22986,0.0028213904861461277,50000,1.01994919440007
31,25,26.0,fit,1270,sim,clean,optimum,5.118252026651403e-05,5.6121362272926705e-05,5.304869831856733e-07,0.78868,0.00199750157064301,50000,1.0964947013295845
34,17,6.0,fit,1267,sim,clean,optimum,8.675739641763988e-05,8.903144751266303e-05,6.460101391458174e-07,0.66476,0.0024324937434768885,50000,1.0262116106398138
31,27,30.0,fit,1268,sim,clean,optimum,5.234960692583581e-05,5.8160980209023994e-05,5.397963527198952e-07,0.781,0.0020325551739465916,50000,1.111010829392114
34,13,4.0,fit,1268,sim,clean,optimum,0.00010099792416239357,0.00010318660844937984,6.854016530248838e-07,0.61146,0.002580818986767356,50000,1.0216705868475782
31,29,40.0,fit,1271,sim,clean,optimum,4.914215072714635e-05,5.468194440656639e-05,5.257956764069779e-07,0.7941,0.0019798368720625884,50000,1.1127299802196047
34,7,1.8,fit,1269,sim,clean,optimum,0.00013825670888176192,0.0001400696994604723,7.924148608635393e-07,0.47258,0.0029837677065523323,50000,1.0131132195563897
34,5,1.4,fit,1270,sim,clean,optimum,0.00015275851074514593,0.00015546244107195648,8.080052106497003e-07,0.41462,0.003042471782565128,50000,1.0177006853079476
34,15,5.0,fit,1269,sim,clean,optimum,9.212494080458383e-05,9.380117904030719e-05,6.571550709347059e-07,0.6468,0.002474458993254228,50000,1.0181952706952508
34,11,3.0,fit,1270,sim,clean,optimum,0.00011322695540963723,0.00011561553024747262,7.276470890657463e-07,0.56466,0.002739890420221523,50000,1.0210954611399194
34,3,1.0,fit,1272,sim,clean,optimum,0.00017472215770458337,0.00017799915696482303,8.165874176795012e-07,0.32976,0.0030747873201088845,50000,1.0187554875883593
34,1,0.6,fit,1272,sim,clean,optimum,0.00020052971831554533,0.00020518343976936958,7.578785936678488e-07,0.2274,0.00285372446297779,50000,1.0232071410308439
34,17,6.0,fit,1268,sim,clean,optimum,8.675739641763988e-05,8.918548115887873e-05,6.430869191156877e-07,0.66418,0.0024214866183511143,50000,1.0279870632533776
34,9,2.0,fit,1270,sim,clean,optimum,0.00012966120115483104,0.00013226709855389184,7.650659406469734e-07,0.50196,0.002880787779014958,50000,1.0200977422378577
31,25,26.0,fit,1271,sim,clean,optimum,5.118252026651403e-05,5.642942956535808e-05,5.336995657737676e-07,0.78752,0.0020095982647541505,50000,1.102513695525791
34,13,4.0,fit,1269,sim,clean,optimum,0.00010099792416239357,0.00010249611279393022,6.872040786170424e-07,0.61406,0.002587605860084554,50000,1.0148338556852687
31,27,30.0,fit,1269,sim,clean,optimum,5.234960692583581e-05,5.7762617330880005e-05,5.377677863324273e-07,0.7825,0.002024916787570384,50000,1.1034011661770997
31,29,40.0,fit,1272,sim,clean,optimum,4.914215072714635e-05,5.395426821582336e-05,5.204935952020104e-07,0.79684,0.001959872356682778,50000,1.0979224030180423
34,7,1.8,fit,1270,sim,clean,optimum,0.00013825670888176192,0.00014066989953020925,7.841542410930374e-07,0.47032,0.0029526630772417823,50000,1.0174544198828797
34,15,5.0,fit,1270,sim,clean,optimum,9.212494080458383e-05,9.441200212012801e-05,6.650187603267375e-07,0.6445,0.0025040690165149385,50000,1.0248256475995519
34,11,3.0,fit,1271,sim,clean,optimum,0.00011322695540963723,0.00011383086455338751,7.170461792848361e-07,0.57138,0.002699973636947311,50000,1.0053336163775264
34,5,1.4,fit,1271,sim,clean,optimum,0.00015275851074514593,0.00015488879852742913,8.11583993478187e-07,0.41678,0.0030559473711233307,50000,1.0139454605304268
34,3,1.0,fit,1273,sim,clean,optimum,0.00017472215770458337,0.0001783125357622963,8.170625011556351e-07,0.32858,0.0030765762046995396,50000,1.0205490711932683
34,1,0.6,fit,1273,sim,clean,optimum,0.00020052971831554533,0.00020392461307443456,7.375542493824574e-07,0.23214,0.002777194951568178,50000,1.0169296341081333
34,17,6.0,fit,1269,sim,clean,optimum,8.675739641763988e-05,8.820816423116543e-05,6.384811979645633e-07,0.66786,0.002404144184842063,50000,1.0167221225328353
34,13,4.0,fit,1270,sim,clean,optimum,0.00010099792416239357,0.00010311755888383486,6.894489696584196e-07,0.61172,0.0025960587977120623,50000,1.0209869137313472
31,25,26.0,fit,1272,sim,clean,optimum,5.118252026651403e-05,5.572831089982464e-05,5.278876889131343e-07,0.79016,0.0019877141591578486,50000,1.0888152949413215
34,9,2.0,fit,1271,sim,clean,optimum,0.00012966120115483104,0.00013064177801106432,7.665910342444234e-07,0.50808,0.0028865303833631173,50000,1.007562608147231
31,27,30.0,fit,1270,sim,clean,optimum,5.234960692583581e-05,5.73111394023168e-05,5.348891188181192e-07,0.7842,0.002014077420981861,50000,1.094776881200083
31,29,40.0,fit,1273,sim,clean,optimum,4.914215072714635e-05,5.3269084065415674e-05,5.196337594610571e-07,0.79942,0.0019566347216465043,50000,1.083979501857447
34,15,5.0,fit,1271,sim,clean,optimum,9.212494080458383e-05,9.268045147646206e-05,6.597239580646007e-07,0.65102,0.002484131909347201,50000,1.0060299704621423
34,11,3.0,fit,1272,sim,clean,optimum,0.00011322695540963723,0.00011558366121722113,7.280070222441e-07,0.56478,0.0027412457166036707,50000,1.0208139996263055
34,7,1.8,fit,1271,sim,clean,optimum,0.00013825670888176192,0.0001396182215319091,7.948938667512053e-07,0.47428,0.002993102182818855,50000,1.0098477148860208
34,5,1.4,fit,1272,sim,clean,optimum,0.00015275851074514593,0.00015554211364758526,8.176518577324646e-07,0.41432,0.00307879537449107,50000,1.0182222443048254
34,17,6.0,fit,1270,sim,clean,optimum,8.675739641763988e-05,8.860121560426753e-05,6.441838783806213e-07,0.66638,0.0024256171209347554,50000,1.0212525878226189
34,13,4.0,fit,1271,sim,clean,optimum,0.00010099792416239357,0.00010131164716958209,6.842008611887742e-07,0.61852,0.0025762975118684994,50000,1.0031062322299227
34,3,1.0,fit,1274,sim,clean,optimum,0.00017472215770458337,0.00017675626478501374,8.32496303651964e-07,0.33444,0.0031346908158107808,50000,1.011641952612957
34,1,0.6,fit,1274,sim,clean,optimum,0.00020052971831554533,0.00020449294411391998,7.567012179337453e-07,0.23,0.0028492911593291583,50000,1.0197637828031967
34,9,2.0,fit,1272,sim,clean,optimum,0.00012966120115483104,0.00013255391982615553,7.694791509867417e-07,0.50088,0.002897405330179601,50000,1.0223098247244389
31,25,26.0,fit,1273,sim,clean,optimum,5.118252026651403e-05,5.490502761832705e-05,5.258615700104629e-07,0.79326,0.0019800849885680417,50000,1.0727300518307703
31,27,30.0,fit,1271,sim,clean,optimum,5.234960692583581e-05,5.748110756365823e-05,5.373935955080701e-07,0.78356,0.0020235078052898295,50000,1.0980236708384892
34,15,5.0,fit,1272,sim,clean,optimum,9.212494080458383e-05,9.428983750416384e-05,6.643256428360515e-07,0.64496,0.002501459144227458,50000,1.0234995722186917
34,11,3.0,fit,1273,sim,clean,optimum,0.00011322695540963723,0.00011432483452228607,7.300622524531316e-07,0.56952,0.0027489845032293487,50000,1.0096962698385459
31,29,40.0,fit,1274,sim,clean,optimum,4.914215072714635e-05,5.3046000853655044e-05,5.201888090926044e-07,0.80026,0.0019587247116857366,50000,1.0794399526423695
34,17,6.0,fit,1271,sim,clean,optimum,8.675739641763988e-05,8.784698188831486e-05,6.440206615628182e-07,0.66922,0.0024250025425186002,50000,1.012558992266548
34,7,1.8,fit,1272,sim,clean,optimum,0.00013825670888176192,0.00014105763939826943,7.808771861893149e-07,0.46886,0.002940323618358249,50000,1.0202589121291965
34,13,4.0,fit,1272,sim,clean,optimum,0.00010099792416239357,0.00010329283855021822,6.907600620886821e-07,0.61106,0.0026009955996915955,50000,1.0227223916417796
34,5,1.4,fit,1273,sim,clean,optimum,0.00015275851074514593,0.00015514906227448322,8.095771815877236e-07,0.4158,0.0030483908993714447,50000,1.015649219920228
34,3,1.0,fit,1275,sim,clean,optimum,0.00017472215770458337,0.00017766453214718207,8.207525767379608e-07,0.33102,0.0030904708562275057,50000,1.0168403050949817
34,1,0.6,fit,1275,sim,clean,optimum,0.00020052971831554533,0.00020411582725594367,7.562121238745888e-07,0.23142,0.0028474495191337847,50000,1.0178831794634817
31,25,26.0,fit,1274,sim,clean,optimum,5.118252026651403e-05,5.4952831163704314e-05,5.282650732982693e-07,0.79308,0.0019891351665075794,50000,1.073664033688802
34,9,2.0,fit,1273,sim,clean,optimum,0.00012966120115483104,0.00013118886303038207,7.638612926950358e-07,0.50602,0.0028762517842547907,50000,1.011781950667932
31,27,30.0,fit,1272,sim,clean,optimum,5.234960692583581e-05,5.7183663281310706e-05,5.338021277062651e-07,0.78468,0.002009984452592392,50000,1.092341788971278
34,15,5.0,fit,1273,sim,clean,optimum,9.212494080458383e-05,9.346655422266624e-05,6.636612591463479e-07,0.64806,0.002498957466512911,50000,1.014562977260721
34,11,3.0,fit,1274,sim,clean,optimum,0.00011322695540963723,0.00011418673539119616,7.259697299353975e-07,0.57004,0.002733574473546859,50000,1.0084766032795511
31,29,40.0,fit,1275,sim,clean,optimum,4.914215072714635e-05,5.478817450740481e-05,5.274798669144475e-07,0.7937,0.0019861785416804365,50000,1.1148916703220229
34,17,6.0,fit,1272,sim,clean,optimum,8.675739641763988e-05,8.870213420006399e-05,6.45962383591186e-07,0.666,0.002432313924181775,50000,1.0224158153970224
34,13,4.0,fit,1273,sim,clean,optimum,0.00010099792416239357,0.0001019277817544448,6.902062713238878e-07,0.6162,0.002598910349803198,50000,1.0092067000362912
34,3,1.0,fit,1276,sim,clean,optimum,0.00017472215770458337,0.00017690498692618753,8.032700307351418e-07,0.33388,0.003024641883592287,50000,1.012493144832236
34,7,1.8,fit,1273,sim,clean,optimum,0.00013825670888176192,0.00013968195959241216,7.76477222599483e-07,0.47404,0.0029237559466527493,50000,1.010308727310073
34,1,0.6,fit,1276,sim,clean,optimum,0.00020052971831554533,0.0002038024484584704,7.447924395547537e-07,0.2326,0.002804449713128867,50000,1.0163204245755495
34,5,1.4,fit,1274,sim,clean,optimum,0.00015275851074514593,0.00015430984447785984,8.074687657574412e-07,0.41896,0.0030404518470175746,50000,1.010155465153114
31,25,26.0,fit,1275,sim,clean,optimum,5.118252026651403e-05,5.624352688889087e-05,5.31855130602567e-07,0.78822,0.0020026532081020574,50000,1.0988815438556663
34,9,2.0,fit,1274,sim,clean,optimum,0.00012966120115483104,0.00013028059566821376,7.627229445538882e-07,0.50944,0.002871965435537569,50000,1.0047770227937585
34,15,5.0,fit,1274,sim,clean,optimum,9.212494080458383e-05,9.331252057645056e-05,6.62688668464169e-07,0.64864,0.0024952952627702698,50000,1.0128909691718102
34,11,3.0,fit,1275,sim,clean,optimum,0.00011322695540963723,0.00011520654435924478,7.197906285287379e-07,0.5662,0.0027103076165716994,50000,1.0174833717152043
31,27,30.0,fit,1273,sim,clean,optimum,5.234960692583581e-05,5.621696936368127e-05,5.336990310415915e-07,0.78832,0.002009596251267683,50000,1.0738756729028431
31,29,40.0,fit,1276,sim,clean,optimum,4.914215072714635e-05,5.4575714305728e-05,5.244091619403754e-07,0.7945,0.00197461607511084,50000,1.110568290117187
34,17,6.0,fit,1273,sim,clean,optimum,8.675739641763988e-05,8.785760489839871e-05,6.452631048314502e-07,0.66918,0.002429680852183474,50000,1.0126814372743802
34,13,4.0,fit,1274,sim,clean,optimum,0.00010099792416239357,0.00010176312509814527,6.86909789695194e-07,0.61682,0.002586497741313977,50000,1.0075764026052787
34,3,1.0,fit,1277,sim,clean,optimum,0.00017472215770458337,0.0001783815853278413,8.076193674793072e-07,0.32832,0.0030410189244115616,50000,1.0209442675807907
34,1,0.6,fit,1277,sim,clean,optimum,0.00020052971831554533,0.00020490724150718976,7.540110633811595e-07,0.22844,0.002839161621537688,50000,1.021829797739785
34,7,1.8,fit,1274,sim,clean,optimum,0.00013825670888176192,0.00013955448347140607,7.922640954256896e-07,0.47452,0.0029832000127003643,50000,1.009386702461969
34,5,1.4,fit,1275,sim,clean,optimum,0.00015275851074514593,0.00015521811184002814,8.086152018108663e-07,0.41554,0.0030447686500493973,50000,1.0161012377175218
31,25,26.0,fit,1276,sim,clean,optimum,5.118252026651403e-05,5.623290387880705e-05,5.302772355507679e-07,0.78826,0.0019967117845720184,50000,1.0986739923316595
34,15,5.0,fit,1275,sim,clean,optimum,9.212494080458383e-05,9.360996485879809e-05,6.603884054628545e-07,0.64752,0.002486633826950629,50000,1.016119674446948
34,9,2.0,fit,1275,sim,clean,optimum,0.00012966120115483104,0.0001318846701908736,7.633750220420346e-07,0.5034,0.0028744207753442714,50000,1.017148298922416
34,11,3.0,fit,1276,sim,clean,optimum,0.00011322695540963723,0.00011618386128695808,7.222149232220849e-07,0.56252,0.0027194360827002776,50000,1.0261148581327055
34,17,6.0,fit,1274,sim,clean,optimum,8.675739641763988e-05,8.781511285806335e-05,6.443278694557629e-07,0.66934,0.002426159306526241,50000,1.0121916572430523
31,27,30.0,fit,1274,sim,clean,optimum,5.234960692583581e-05,5.622759237376512e-05,5.332945208440293e-07,0.78828,0.00200807310408296,50000,1.0740785972552438
34,13,4.0,fit,1275,sim,clean,optimum,0.00010099792416239357,0.0001022199145317504,6.867239222938069e-07,0.6151,0.002585797874139155,50000,1.012099163220345
31,29,40.0,fit,1277,sim,clean,optimum,4.914215072714635e-05,5.4692567416650243e-05,5.250835140593794e-07,0.79406,0.001977155288059644,50000,1.1129461492298467
34,3,1.0,fit,1278,sim,clean,optimum,0.00017472215770458337,0.00017814256760095485,7.927632087815503e-07,0.32922,0.002985079379666682,50000,1.0195762800855208
34,1,0.6,fit,1278,sim,clean,optimum,0.00020052971831554533,0.0002047903883962675,7.496372436235897e-07,0.22888,0.0028226923921081744,50000,1.0212470755781833
34,7,1.8,fit,1275,sim,clean,optimum,0.00013825670888176192,0.00014055835792432897,7.832860004728936e-07,0.47074,0.0029493937943801778,50000,1.016647648140789
34,5,1.4,fit,1276,sim,clean,optimum,0.00015275851074514593,0.0001553827684963277,8.025053643104425e-07,0.41492,0.0030217626001550523,50000,1.0171791263110697
31,25,26.0,fit,1277,sim,clean,optimum,5.118252026651403e-05,5.629664193931006e-05,5.311103082956774e-07,0.78802,0.0019998486459261344,50000,1.0999193014757018
34,15,5.0,fit,1276,sim,clean,optimum,9.212494080458383e-05,9.48369225234816e-05,6.644454179871615e-07,0.6429,0.002501910146909992,50000,1.0294380837068915
34,11,3.0,fit,1277,sim,clean,optimum,0.00011322695540963723,0.00011647599406426367,7.251245403366948e-07,0.56142,0.00273039198725707,50000,1.028694922007502
34,9,2.0,fit,1276,sim,clean,optimum,0.00012966120115483104,0.00013250611628077825,7.803091003784492e-07,0.50106,0.002938184541744814,50000,1.0219411443100088
34,17,6.0,fit,1275,sim,clean,optimum,8.675739641763988e-05,8.878711828073471e-05,6.429069201085629e-07,0.66568,0.0024208088480931395,50000,1.0233953754596783
34,13,4.0,fit,1276,sim,clean,optimum,0.00010099792416239357,0.00010399395721575168,6.905245746340286e-07,0.60842,0.002600108892617819,50000,1.0296643032835093
31,29,40.0,fit,1278,sim,clean,optimum,4.914215072714635e-05,5.478286300236288e-05,5.255401987755766e-07,0.79372,0.0019788748937555546,50000,1.114783585816902
31,27,30.0,fit,1275,sim,clean,optimum,5.234960692583581e-05,5.741736950315518e-05,5.354644215104725e-07,0.7838,0.002016243672120899,50000,1.0968061247240866
34,3,1.0,fit,1279,sim,clean,optimum,0.00017472215770458337,0.00017738833388500222,8.160774277999757e-07,0.33206,0.003072866998559717,50000,1.0152595195448924
34,1,0.6,fit,1279,sim,clean,optimum,0.00020052971831554533,0.00020339877407528448,7.525685159000533e-07,0.23412,0.0028337298372516097,50000,1.0143073843809252
34,7,1.8,fit,1276,sim,clean,optimum,0.00013825670888176192,0.00014117449250919165,7.7932897771584e-07,0.46842,0.002934493976999516,50000,1.0211041015732918
34,5,1.4,fit,1277,sim,clean,optimum,0.00015275851074514593,0.000156822186362688,8.103758572056327e-07,0.4095,0.0030513982414020206,50000,1.0266019588546635
34,15,5.0,fit,1277,sim,clean,optimum,9.212494080458383e-05,9.508125175540991e-05,6.646788184283038e-07,0.64198,0.0025027889955199444,50000,1.0320902344686118
31,25,26.0,fit,1278,sim,clean,optimum,5.118252026651403e-05,5.647723311073535e-05,5.315901736097453e-07,0.78734,0.0020016555361023866,50000,1.1034476773838229
34,11,3.0,fit,1278,sim,clean,optimum,0.00011322695540963723,0.0001155783497121792,7.322790837779439e-07,0.5648,0.002757331784488865,50000,1.0207670893740364
34,9,2.0,fit,1277,sim,clean,optimum,0.00012966120115483104,0.00013333471106731775,7.590944512923053e-07,0.49794,0.0028583026667631977,50000,1.0283316048267985
34,17,6.0,fit,1276,sim,clean,optimum,8.675739641763988e-05,8.88083643009024e-05,6.468531102351777e-07,0.6656,0.0024356678761669917,50000,1.0236402654753423
34,13,4.0,fit,1277,sim,clean,optimum,0.00010099792416239357,0.00010424890945776384,6.92647309992197e-07,0.60746,0.0026081018638808226,50000,1.0321886347895928
31,29,40.0,fit,1279,sim,clean,optimum,4.914215072714635e-05,5.4235777983045104e-05,5.241806315230325e-07,0.79578,0.0019737555641425202,50000,1.1036508817894495
31,27,30.0,fit,1276,sim,clean,optimum,5.234960692583581e-05,5.727395886702335e-05,5.347560123427129e-07,0.78434,0.00201357622038295,50000,1.0940666459666817
34,3,1.0,fit,1280,sim,clean,optimum,0.00017472215770458337,0.0001776964011774336,8.125504478860126e-07,0.3309,0.003059586469270459,50000,1.0170227034276844
34,1,0.6,fit,1280,sim,clean,optimum,0.00020052971831554533,0.00020502940612315392,7.449037060009489e-07,0.22798,0.0028048686770395367,50000,1.0224390072723688
34,15,5.0,fit,1278,sim,clean,optimum,9.212494080458383e-05,9.41198693428224e-05,6.659591936418248e-07,0.6456,0.0025076101345508435,50000,1.0216545977757558
34,5,1.4,fit,1278,sim,clean,optimum,0.00015275851074514593,0.00015651943057529854,7.999303557630677e-07,0.41064,0.0030120666344088014,50000,1.0246200346665275
34,7,1.8,fit,1277,sim,clean,optimum,0.00013825670888176192,0.00014174813505371902,7.784618386465964e-07,0.46626,0.002931228841929889,50000,1.0252532133897603
34,11,3.0,fit,1279,sim,clean,optimum,0.00011322695540963723,0.00011633258342813183,7.214226556125659e-07,0.56196,0.002716452869455571,50000,1.027428345196238
31,25,26.0,fit,1279,sim,clean,optimum,5.118252026651403e-05,5.6169165818304004e-05,5.318712182827115e-07,0.7885,0.0020027137848313177,50000,1.0974286831876168
34,17,6.0,fit,1277,sim,clean,optimum,8.675739641763988e-05,8.911643159333375e-05,6.429529253658294e-07,0.66444,0.0024209820767991407,50000,1.0271911707024697
34,13,4.0,fit,1278,sim,clean,optimum,0.00010099792416239357,0.00010257578536955905,6.891667338928478e-07,0.61376,0.0025949960640298223,50000,1.01562270928092
34,9,2.0,fit,1278,sim,clean,optimum,0.00012966120115483104,0.0001326760844421197,7.645358018621687e-07,0.50042,0.002878791588554361,50000,1.0232520080057605
31,29,40.0,fit,1280,sim,clean,optimum,4.914215072714635e-05,5.394895671078144e-05,5.236865302884093e-07,0.79686,0.0019718950698731047,50000,1.0978143185129214
31,27,30.0,fit,1277,sim,clean,optimum,5.234960692583581e-05,5.7576714654412795e-05,5.372710213946449e-07,0.7832,0.0020230462633635472,50000,1.0998499900100926
34,3,1.0,fit,1281,sim,clean,optimum,0.00017472215770458337,0.00017812663308582912,8.074122211093376e-07,0.32928,0.003040238933172413,50000,1.0194850809191698
34,1,0.6,fit,1281,sim,clean,optimum,0.00020052971831554533,0.0002043123529424947,7.481017666968998e-07,0.23068,0.0028169106902569234,50000,1.018863212189812
34,15,5.0,fit,1279,sim,clean,optimum,9.212494080458383e-05,9.47306924226432e-05,6.597626058380318e-07,0.6433,0.0024842774341019593,50000,1.0282849746800566
34,11,3.0,fit,1280,sim,clean,optimum,0.00011322695540963723,0.00011567395680293375,7.314989425825266e-07,0.56444,0.0027543942321783233,50000,1.0216114739148787
34,5,1.4,fit,1279,sim,clean,optimum,0.00015275851074514593,0.00015649287305008895,8.023429658189252e-07,0.41074,0.0030211511030737714,50000,1.0244461816675683
34,7,1.8,fit,1278,sim,clean,optimum,0.00013825670888176192,0.0001415781668923776,7.839592779388812e-07,0.4669,0.0029519289608185935,50000,1.0240238469256218
34,17,6.0,fit,1278,sim,clean,optimum,8.675739641763988e-05,8.869682269502208e-05,6.438393794115538e-07,0.66602,0.00242431994069545,50000,1.0223545928931066
34,13,4.0,fit,1279,sim,clean,optimum,0.00010099792416239357,0.00010358497132752386,6.829437080572018e-07,0.60996,0.002571563813522548,50000,1.025614854825834
31,25,26.0,fit,1280,sim,clean,optimum,5.118252026651403e-05,5.5600834778818556e-05,5.298823430523942e-07,0.79064,0.0019952248519784993,50000,1.086324676653236
34,9,2.0,fit,1279,sim,clean,optimum,0.00012966120115483104,0.00013269733046228734,7.62329481540403e-07,0.50034,0.002870483885542304,50000,1.0234158659677293
31,29,40.0,fit,1281,sim,clean,optimum,4.914215072714635e-05,5.482004353765633e-05,5.257224194968588e-07,0.79358,0.001979561029680661,50000,1.1155401773527482
34,3,1.0,fit,1282,sim,clean,optimum,0.00017472215770458337,0.00017839751984296705,8.11232812246488e-07,0.32826,0.003054625029418193,50000,1.021035466747142
34,15,5.0,fit,1280,sim,clean,optimum,9.212494080458383e-05,9.430046051424767e-05,6.628874464274432e-07,0.64492,0.0024960437435180257,50000,1.023614883121375
31,27,30.0,fit,1278,sim,clean,optimum,5.234960692583581e-05,5.752891110903553e-05,5.378033911484162e-07,0.78338,0.0020250508543394373,50000,1.0989368304242912
34,1,0.6,fit,1282,sim,clean,optimum,0.00020052971831554533,0.0002038874325391411,7.516007336439453e-07,0.23228,0.002830085739209831,50000,1.01674422251126
34,11,3.0,fit,1281,sim,clean,optimum,0.00011322695540963723,0.00011551461165167616,7.206051163383025e-07,0.56504,0.0027133744980041234,50000,1.020204166346808
34,17,6.0,fit,1279,sim,clean,optimum,8.675739641763988e-05,8.943512189584894e-05,6.494765078086202e-07,0.66324,0.0024455460464887285,50000,1.0308645209374288
34,13,4.0,fit,1280,sim,clean,optimum,0.00010099792416239357,0.00010275637654098432,6.879115812147398e-07,0.61308,0.002590269898213535,50000,1.0174107774310623
34,5,1.4,fit,1280,sim,clean,optimum,0.00015275851074514593,0.00015512781625431552,8.087399490178657e-07,0.41588,0.0030452383745663276,50000,1.0155101375210605
34,7,1.8,fit,1279,sim,clean,optimum,0.00013825670888176192,0.00014172157752850943,7.744530210917352e-07,0.46636,0.002916133995843055,50000,1.0250611248797385
31,25,26.0,fit,1281,sim,clean,optimum,5.118252026651403e-05,5.685434996871169e-05,5.339815712637932e-07,0.78592,0.0020106601313542947,50000,1.110815756486076
34,9,2.0,fit,1280,sim,clean,optimum,0.00012966120115483104,0.00013262296939170048,7.670627874720118e-07,0.50062,0.00288830672819896,50000,1.0228423631008379
31,29,40.0,fit,1282,sim,clean,optimum,4.914215072714635e-05,5.497938868891391e-05,5.278995432386007e-07,0.79298,0.001987758795566448,50000,1.1187827125063747
34,15,5.0,fit,1281,sim,clean,optimum,9.212494080458383e-05,9.392865516131328e-05,6.602785032653477e-07,0.64632,0.002486219999997103,50000,1.0195790015274528
34,3,1.0,fit,1283,sim,clean,optimum,0.00017472215770458337,0.0001771918081984512,8.062985205192038e-07,0.3328,0.0030360453926171686,50000,1.0141347298265595
34,1,0.6,fit,1283,sim,clean,optimum,0.00020052971831554533,0.00020484881495172865,7.610068875195497e-07,0.22866,0.002865503775345985,50000,1.0215384366589841
34,11,3.0,fit,1282,sim,clean,optimum,0.00011322695540963723,0.000114595721279424,7.228633282379666e-07,0.5685,0.0027218775941391794,50000,1.0120886927042663
31,27,30.0,fit,1279,sim,clean,optimum,5.234960692583581e-05,5.736425445273599e-05,5.365317381626617e-07,0.784,0.0020202625580817164,50000,1.0957915029620848
34,13,4.0,fit,1281,sim,clean,optimum,0.00010099792416239357,0.00010287854115694846,6.876527948133127e-07,0.61262,0.002589295461027146,50000,1.0186203529443938
34,17,6.0,fit,1280,sim,clean,optimum,8.675739641763988e-05,8.872869172527359e-05,6.493298714953005e-07,0.6659,0.0024449939004880664,50000,1.0227219279166022
34,5,1.4,fit,1281,sim,clean,optimum,0.00015275851074514593,0.00015561647471817216,8.12064788255025e-07,0.41404,0.003057757761109007,50000,1.0187090327019115
34,7,1.8,fit,1280,sim,clean,optimum,0.00013825670888176192,0.0001407814411360896,7.860899577657812e-07,0.4699,0.0029599518462722794,50000,1.0182611916249709
31,25,26.0,fit,1282,sim,clean,optimum,5.118252026651403e-05,5.679061190820864e-05,5.336842685084017e-07,0.78616,0.0020095406642614646,50000,1.109570447342033
34,9,2.0,fit,1281,sim,clean,optimum,0.00012966120115483104,0.0001316190949387776,7.646971286999199e-07,0.5044,0.002879399050418665,50000,1.0151000743978038
34,19,8.0,fit,1234,sim,clean,optimum,7.969173251216412e-05,8.295508574470655e-05,6.307681695344856e-07,0.68764,0.0023751014620386236,50000,1.0409497087046553
34,15,5.0,fit,1282,sim,clean,optimum,9.212494080458383e-05,9.363121087896575e-05,6.636521294337147e-07,0.64744,0.002498923089391696,50000,1.016350296252315
31,29,40.0,fit,1283,sim,clean,optimum,4.914215072714635e-05,5.403394079145215e-05,5.246886916502085e-07,0.79654,0.001975668619380786,50000,1.0995436705948556
34,21,10.0,fit,1234,sim,clean,optimum,7.589841000196474e-05,7.866870117587713e-05,6.122678192429437e-07,0.70378,0.0023054400378451734,50000,1.0364999895760751
34,11,3.0,fit,1283,sim,clean,optimum,0.00011322695540963723,0.00011590766302477826,7.20975179443615e-07,0.56356,0.0027147679377256028,50000,1.0236755250147163
31,27,30.0,fit,1280,sim,clean,optimum,5.234960692583581e-05,5.657815170653184e-05,5.343314050981601e-07,0.78696,0.0020119773995545725,50000,1.0807751008844564
34,13,4.0,fit,1282,sim,clean,optimum,0.00010099792416239357,0.00010216148797628929,6.850766074790372e-07,0.61532,0.0025795950566636235,50000,1.0115206705835342
34,17,6.0,fit,1281,sim,clean,optimum,8.675739641763988e-05,8.886679085636352e-05,6.436474252181154e-07,0.66538,0.0024235971542463227,50000,1.0243137130184183
34,5,1.4,fit,1282,sim,clean,optimum,0.00015275851074514593,0.000155494310102208,8.061704750215029e-07,0.4145,0.0030355632486798465,50000,1.0179093089066986
31,25,26.0,fit,1283,sim,clean,optimum,5.118252026651403e-05,5.557427725360896e-05,5.29065574366751e-07,0.79074,0.001992149382109989,50000,1.0858057978432183
34,7,1.8,fit,1281,sim,clean,optimum,0.00013825670888176192,0.00014050524287390976,7.835534190289731e-07,0.47094,0.002950400735177443,50000,1.0162634711207454
34,19,8.0,fit,1235,sim,clean,optimum,7.969173251216412e-05,8.12713386464179e-05,6.260932670579048e-07,0.69398,0.0023574985323993403,50000,1.019821455557045
34,15,5.0,fit,1283,sim,clean,optimum,9.212494080458383e-05,9.496439864448768e-05,6.657134370605772e-07,0.64242,0.002506684759993885,50000,1.0308218145390935
34,9,2.0,fit,1282,sim,clean,optimum,0.00012966120115483104,0.00013166158697911295,7.606305557026845e-07,0.50424,0.0028640867313484927,50000,1.0154277903217417
34,23,20.0,fit,1234,sim,clean,optimum,6.567373613935948e-05,6.877867878782208e-05,5.736905729440012e-07,0.74102,0.0021601808467327514,50000,1.0472783007483222
34,21,10.0,fit,1235,sim,clean,optimum,7.589841000196474e-05,7.717085675405566e-05,6.108567655397884e-07,0.70942,0.0023001268405799208,50000,1.0167651305482945
34,25,26.0,fit,1234,sim,clean,optimum,6.321325117734792e-05,6.667532279122174e-05,5.653941527047357e-07,0.74894,0.002128941413940021,50000,1.0547681308806727
34,13,4.0,fit,1283,sim,clean,optimum,0.00010099792416239357,0.00010352654477206273,6.861108832827026e-07,0.61018,0.002583489530246921,50000,1.025036362189023
34,17,6.0,fit,1282,sim,clean,optimum,8.675739641763988e-05,8.881367580594433e-05,6.475505784014958e-07,0.66558,0.0024382941305367547,50000,1.0237014879792585
31,27,30.0,fit,1281,sim,clean,optimum,5.234960692583581e-05,5.8001635057766406e-05,5.39697714778931e-07,0.7816,0.002032183761549594,50000,1.1079669641061083
34,27,30.0,fit,1234,sim,clean,optimum,6.053408933115722e-05,6.439668712823808e-05,5.575872251233942e-07,0.75752,0.0020995451222308842,50000,1.0638086380708591
34,5,1.4,fit,1283,sim,clean,optimum,0.00015275851074514593,0.00015614762522236418,8.044188813733951e-07,0.41204,0.003028967778528604,50000,1.0221860926810975
34,19,8.0,fit,1236,sim,clean,optimum,7.969173251216412e-05,8.175999711027456e-05,6.206427274745229e-07,0.69214,0.0023369750101947502,50000,1.0259533145147113
34,21,10.0,fit,1236,sim,clean,optimum,7.589841000196474e-05,7.804194358093056e-05,6.070954996087123e-07,0.70614,0.0022859641281231273,50000,1.0282421407630322
34,23,20.0,fit,1235,sim,clean,optimum,6.567373613935948e-05,6.749860607271937e-05,5.721867812946122e-07,0.74584,0.0021545184529761017,50000,1.0277869060089335
34,7,1.8,fit,1282,sim,clean,optimum,0.00013825670888176192,0.00014128072261003008,7.724493342580427e-07,0.46802,0.0029085892912145976,50000,1.0218724556133787
34,29,40.0,fit,1234,sim,clean,optimum,6.056846708809493e-05,6.441793314840576e-05,5.58198665382208e-07,0.75744,0.0021018474461635102,50000,1.0635556130999966
34,9,2.0,fit,1283,sim,clean,optimum,0.00012966120115483104,0.00013213431092784383,7.64611479163511e-07,0.50246,0.002879076544704247,50000,1.0190736299755514
34,25,26.0,fit,1235,sim,clean,optimum,6.321325117734792e-05,6.522528191477761e-05,5.625768632291202e-07,0.7544,0.002118333160899195,50000,1.0318292557328659
71,1,0.6,fit,1234,sim,clean,optimum,0.0001389663778579477,0.0001429857157284864,8.012573793922068e-07,0.4616,0.003017063423901293,50000,1.0289230958775315
34,17,6.0,fit,1283,sim,clean,optimum,8.675739641763988e-05,8.950948296643583e-05,6.462793311489822e-07,0.66296,0.00243350736203148,50000,1.0317216359922528
34,27,30.0,fit,1235,sim,clean,optimum,6.053408933115722e-05,6.2808547120704e-05,5.533306544670752e-07,0.7635,0.0020835173838677466,50000,1.0375731726482935
34,19,8.0,fit,1237,sim,clean,optimum,7.969173251216412e-05,8.150504486826238e-05,6.229751722929235e-07,0.6931,0.0023457576237854074,50000,1.0227540837541897
31,27,30.0,fit,1282,sim,clean,optimum,5.234960692583581e-05,5.774668281575423e-05,5.385790879965824e-07,0.78256,0.002027971671855543,50000,1.1030967796484987
71,3,1.0,fit,1234,sim,clean,optimum,6.54269776892508e-05,7.060052501720063e-05,5.889623939039312e-07,0.73416,0.002217685530770139,50000,1.0790736101631027
34,21,10.0,fit,1237,sim,clean,optimum,7.589841000196474e-05,7.786135240950527e-05,6.094606371286373e-07,0.70682,0.0022948698431747316,50000,1.0258627605965622
34,23,20.0,fit,1236,sim,clean,optimum,6.567373613935948e-05,6.805631410212097e-05,5.731219365785193e-07,0.74374,0.002158039697054858,50000,1.0362790074514059
34,29,40.0,fit,1235,sim,clean,optimum,6.056846708809493e-05,6.279792411062015e-05,5.527791400451029e-07,0.76354,0.0020814407053458602,50000,1.0368088731597342
34,7,1.8,fit,1283,sim,clean,optimum,0.00013825670888176192,0.00014145069077137152,7.830073684492302e-07,0.46738,0.002948344630267692,50000,1.0231018220775174
71,5,1.4,fit,1234,sim,clean,optimum,9.791822800802057e-05,0.00010053085592841983,6.840653058743084e-07,0.62146,0.002575787090383832,50000,1.0266817320283335
34,25,26.0,fit,1236,sim,clean,optimum,6.321325117734792e-05,6.582548198451454e-05,5.647442601848746e-07,0.75214,0.0021264943014371353,50000,1.0413241014900165
71,1,0.6,fit,1235,sim,clean,optimum,0.0001389663778579477,0.0001423802041537075,8.019849152121973e-07,0.46388,0.0030198028953477046,50000,1.0245658435398628
71,7,1.8,fit,1234,sim,clean,optimum,9.419641534792645e-05,9.704119711587838e-05,6.710087338109605e-07,0.6346,0.0025266237291131505,50000,1.030200531065268
34,27,30.0,fit,1236,sim,clean,optimum,6.053408933115722e-05,6.330782859464449e-05,5.556849258101803e-07,0.76162,0.002092382183296626,50000,1.0458211116105716
34,19,8.0,fit,1238,sim,clean,optimum,7.969173251216412e-05,8.188216172623872e-05,6.240223052450499e-07,0.69168,0.0023497005098181314,50000,1.027486279254128
34,21,10.0,fit,1238,sim,clean,optimum,7.589841000196474e-05,7.806850110614016e-05,6.11633013679027e-07,0.70604,0.0023030497339335456,50000,1.0285920496110426
34,23,20.0,fit,1237,sim,clean,optimum,6.567373613935948e-05,6.852903805085185e-05,5.726540441013664e-07,0.74196,0.002156277889531528,50000,1.0434770743883588
71,3,1.0,fit,1235,sim,clean,optimum,6.54269776892508e-05,6.909736909033727e-05,5.893849231032162e-07,0.73982,0.0022192765269038158,50000,1.0560990516560187
34,29,40.0,fit,1236,sim,clean,optimum,6.056846708809493e-05,6.345655073581825e-05,5.568214859789967e-07,0.76106,0.0020966617995629997,50000,1.047682957594464
31,27,30.0,fit,1283,sim,clean,optimum,5.234960692583581e-05,5.673749685778945e-05,5.335986605605523e-07,0.78636,0.00200921831514507,50000,1.0838189661704625
71,5,1.4,fit,1235,sim,clean,optimum,9.791822800802057e-05,9.911799558726911e-05,6.828336281388797e-07,0.62678,0.002571149317377093,50000,1.0122527501125764
71,9,2.0,fit,1234,sim,clean,optimum,9.521014563141652e-05,9.793352996292095e-05,6.759391372025153e-07,0.63124,0.00254518872473169,50000,1.0286039299009935
34,25,26.0,fit,1237,sim,clean,optimum,6.321325117734792e-05,6.616541830719745e-05,5.643676297314408e-07,0.75086,0.002125076132950195,50000,1.0467017132462793
71,1,0.6,fit,1236,sim,clean,optimum,0.0001389663778579477,0.00014299633873857023,7.854359647952028e-07,0.46156,0.002957489293886781,50000,1.0289995389009994
71,7,1.8,fit,1235,sim,clean,optimum,9.419641534792645e-05,9.62710288848e-05,6.723002560413545e-07,0.6375,0.002531486841245026,50000,1.0220243363742738
34,27,30.0,fit,1237,sim,clean,optimum,6.053408933115722e-05,6.353622331144703e-05,5.55571609462601e-07,0.76076,0.002091955500664547,50000,1.049594104965656
34,19,8.0,fit,1239,sim,clean,optimum,7.969173251216412e-05,8.180248915060991e-05,6.213584559870036e-07,0.69198,0.0023396700222744976,50000,1.0264865196414648
34,21,10.0,fit,1239,sim,clean,optimum,7.589841000196474e-05,7.798882853051137e-05,6.074481841046007e-07,0.70634,0.0022872921302359178,50000,1.0275423230670118
34,23,20.0,fit,1238,sim,clean,optimum,6.567373613935948e-05,6.867244868698368e-05,5.754247200078264e-07,0.74142,0.0021667106233220186,50000,1.045660757616423
71,3,1.0,fit,1236,sim,clean,optimum,6.54269776892508e-05,6.993658688696064e-05,5.872829486226824e-07,0.73666,0.0022113617288797363,50000,1.0689258369709278
34,29,40.0,fit,1237,sim,clean,optimum,6.056846708809493e-05,6.357340384674048e-05,5.54558372727862e-07,0.76062,0.0020881402478247504,50000,1.0496122306393354
71,11,3.0,fit,1234,sim,clean,optimum,8.290958078978973e-05,8.629071091103231e-05,6.390795029795981e-07,0.67508,0.0024063970491820675,50000,1.0407809337477554
71,9,2.0,fit,1235,sim,clean,optimum,9.521014563141652e-05,9.70730661461299e-05,6.79069618160929e-07,0.63448,0.0025569762724557605,50000,1.0195664075751467
71,5,1.4,fit,1236,sim,clean,optimum,9.791822800802057e-05,0.00010055210194858751,6.821436188371892e-07,0.62138,0.0025685511486989317,50000,1.026898709199999
34,25,26.0,fit,1238,sim,clean,optimum,6.321325117734792e-05,6.646817409458687e-05,5.651857822850225e-07,0.74972,0.00212815681365039,50000,1.0514911487167002
71,1,0.6,fit,1237,sim,clean,optimum,0.0001389663778579477,0.0001420774483663181,7.947612522313883e-07,0.46502,0.0029926028346349775,50000,1.0223872173710287
71,7,1.8,fit,1236,sim,clean,optimum,9.419641534792645e-05,9.702526260075264e-05,6.680706360472368e-07,0.63466,0.002515560583204278,50000,1.0300313684164888
34,27,30.0,fit,1238,sim,clean,optimum,6.053408933115722e-05,6.390802866438143e-05,5.541116005797382e-07,0.75936,0.0020864579670226134,50000,1.0557361871716078
34,19,8.0,fit,1240,sim,clean,optimum,7.969173251216412e-05,8.170157055481345e-05,6.290554886059929e-07,0.69236,0.0023686525142734395,50000,1.0252201574654252
34,21,10.0,fit,1240,sim,clean,optimum,7.589841000196474e-05,7.794633649017599e-05,6.077974718700036e-07,0.7065,0.002288607342262062,50000,1.0269824689101952
34,23,20.0,fit,1239,sim,clean,optimum,6.567373613935948e-05,6.807756012228864e-05,5.703164090482962e-07,0.74366,0.002147475732573676,50000,1.0366025160777859
71,3,1.0,fit,1237,sim,clean,optimum,6.54269776892508e-05,6.881585932311552e-05,5.881886325112801e-07,0.74088,0.0022147720010396977,50000,1.051796395822537
34,29,40.0,fit,1238,sim,clean,optimum,6.056846708809493e-05,6.382304458371071e-05,5.543911991013286e-07,0.75968,0.0020875107703971136,50000,1.0537338594170147
71,11,3.0,fit,1235,sim,clean,optimum,8.290958078978973e-05,8.483004702450433e-05,6.319695884295505e-07,0.68058,0.0023796252980722256,50000,1.0231633813175798
71,9,2.0,fit,1236,sim,clean,optimum,9.521014563141652e-05,9.824159725535232e-05,6.816923630274679e-07,0.63008,0.002566851985067683,50000,1.0318395860423462
71,5,1.4,fit,1237,sim,clean,optimum,9.791822800802057e-05,9.987222930322174e-05,6.859263630615631e-07,0.62394,0.002582794735759546,50000,1.019955439706702
34,25,26.0,fit,1239,sim,clean,optimum,6.321325117734792e-05,6.57351863988019e-05,5.616179137330898e-07,0.75248,0.0021147223218301848,50000,1.0398956733672593
71,7,1.8,fit,1237,sim,clean,optimum,9.419641534792645e-05,9.59576500873267e-05,6.661852111380457e-07,0.63868,0.0025084611833380978,50000,1.018697470948283
71,1,0.6,fit,1238,sim,clean,optimum,0.0001389663778579477,0.0001434690626873011,7.876958421383541e-07,0.45978,0.002965998661101217,50000,1.0324012534453195
34,27,30.0,fit,1239,sim,clean,optimum,6.053408933115722e-05,6.338218966523135e-05,5.545385755591252e-07,0.76134,0.0020880657033459987,50000,1.0470495280517618
34,19,8.0,fit,1241,sim,clean,optimum,7.969173251216412e-05,8.152097938338816e-05,6.221992076860624e-07,0.69304,0.002342835798047742,50000,1.0229540356767224
34,21,10.0,fit,1241,sim,clean,optimum,7.589841000196474e-05,7.750017006665472e-05,6.066883598985165e-07,0.70818,0.0022844310797423668,50000,1.0211040002636222
34,23,20.0,fit,1240,sim,clean,optimum,6.567373613935948e-05,6.809349463741439e-05,5.705625270415066e-07,0.7436,0.0021484024679952482,50000,1.0368451475475704
71,3,1.0,fit,1238,sim,clean,optimum,6.54269776892508e-05,7.018091611888897e-05,5.904915015117693e-07,0.73574,0.002223443249517537,50000,1.0726602175056483
34,29,40.0,fit,1239,sim,clean,optimum,6.056846708809493e-05,6.336094364506368e-05,5.541460116848771e-07,0.76142,0.002086587538979591,50000,1.0461044614668418
71,11,3.0,fit,1236,sim,clean,optimum,8.290958078978973e-05,8.613667726481663e-05,6.35928717381048e-07,0.67566,0.0023945330461408085,50000,1.0389230827642095
71,9,2.0,fit,1237,sim,clean,optimum,9.521014563141652e-05,9.710493517638143e-05,6.719470796441636e-07,0.63436,0.0025301569869216147,50000,1.0199011306242523
71,5,1.4,fit,1238,sim,clean,optimum,9.791822800802057e-05,0.00010066364355446785,6.848198511864782e-07,0.62096,0.0025786282636716842,50000,1.0280378393512433
34,25,26.0,fit,1240,sim,clean,optimum,6.321325117734792e-05,6.568207134838271e-05,5.617852219293963e-07,0.75268,0.0021153523059683384,50000,1.0390554215303434
71,7,1.8,fit,1238,sim,clean,optimum,9.419641534792645e-05,9.742362547889666e-05,6.761497487087556e-07,0.63316,0.0025459817636333875,50000,1.0342604346359687
34,27,30.0,fit,1240,sim,clean,optimum,6.053408933115722e-05,6.303163033246464e-05,5.535943711841554e-07,0.76266,0.0020845103857193834,50000,1.0412584219718644
71,1,0.6,fit,1239,sim,clean,optimum,0.0001389663778579477,0.00014265109091084543,7.868369433365297e-07,0.46286,0.002962764554025931,50000,1.0265151406382935
34,19,8.0,fit,1242,sim,clean,optimum,7.969173251216412e-05,8.111730500020225e-05,6.242043697240353e-07,0.69456,0.00235038605742676,50000,1.0178885869725638
34,21,10.0,fit,1242,sim,clean,optimum,7.589841000196474e-05,7.76276461876608e-05,6.120083185049574e-07,0.7077,0.0023044629108879807,50000,1.0227835627340718
34,23,20.0,fit,1241,sim,clean,optimum,6.567373613935948e-05,6.771637777943808e-05,5.713194223600017e-07,0.74502,0.002151252490022984,50000,1.0311028694293274
71,3,1.0,fit,1239,sim,clean,optimum,6.54269776892508e-05,6.89752044743731e-05,5.867177020068642e-07,0.74028,0.0022092333430028255,50000,1.0542318613886585
71,11,3.0,fit,1237,sim,clean,optimum,8.290958078978973e-05,8.467601337828864e-05,6.362074598076285e-07,0.68116,0.002395582625965663,50000,1.0213055303340342
34,29,40.0,fit,1240,sim,clean,optimum,6.056846708809493e-05,6.316441795851266e-05,5.550306749793349e-07,0.76216,0.0020899186599612177,50000,1.0428597749822857
71,9,2.0,fit,1238,sim,clean,optimum,9.521014563141652e-05,9.81088096293043e-05,6.742062930589421e-07,0.63058,0.0025386638541727916,50000,1.0304449066710735
71,5,1.4,fit,1239,sim,clean,optimum,9.791822800802057e-05,0.0001002334116460723,6.8385628519274e-07,0.62258,0.002575000041590999,50000,1.023644051625016
34,25,26.0,fit,1241,sim,clean,optimum,6.321325117734792e-05,6.528901997528063e-05,5.628631338502412e-07,0.75416,0.0021194110874712744,50000,1.032837557937165
34,27,30.0,fit,1241,sim,clean,optimum,6.053408933115722e-05,6.298913829212927e-05,5.5360521657728e-07,0.76282,0.002084551223082952,50000,1.0405564697197556
34,19,8.0,fit,1243,sim,clean,optimum,7.969173251216412e-05,8.177593162540031e-05,6.228425530974556e-07,0.69208,0.002345258257995782,50000,1.026153266437244
71,7,1.8,fit,1239,sim,clean,optimum,9.419641534792645e-05,9.597358460245249e-05,6.703892205136806e-07,0.63862,0.002524291006871938,50000,1.0188666335970624
34,21,10.0,fit,1243,sim,clean,optimum,7.589841000196474e-05,7.802600906580479e-05,6.109487473360657e-07,0.7062,0.002300473189855884,50000,1.028032195454226
71,1,0.6,fit,1240,sim,clean,optimum,0.0001389663778579477,0.00014233240060833026,7.990811356063152e-07,0.46406,0.003008868971411025,50000,1.0242218499342577
34,23,20.0,fit,1242,sim,clean,optimum,6.567373613935948e-05,6.806162560716286e-05,5.744898744095788e-07,0.74372,0.0021631905453370803,50000,1.0363598846080004
71,3,1.0,fit,1240,sim,clean,optimum,6.54269776892508e-05,6.799257604161792e-05,5.836515529253196e-07,0.74398,0.002197688031241486,50000,1.03921315706424
71,11,3.0,fit,1238,sim,clean,optimum,8.290958078978973e-05,8.527090194298368e-05,6.350838070773032e-07,0.67892,0.0023913516115113523,50000,1.028480678960142
71,9,2.0,fit,1239,sim,clean,optimum,9.521014563141652e-05,9.722178828730366e-05,6.751013308620953e-07,0.63392,0.002542034039444534,50000,1.0211284484709722
71,5,1.4,fit,1240,sim,clean,optimum,9.791822800802057e-05,9.849654949736447e-05,6.820496213379872e-07,0.62912,0.0025681972094728175,50000,1.0059061678413597
34,29,40.0,fit,1241,sim,clean,optimum,6.056846708809493e-05,6.2941334746752e-05,5.534157733300964e-07,0.763,0.002083837891378704,50000,1.0391766173511674
34,27,30.0,fit,1242,sim,clean,optimum,6.053408933115722e-05,6.321222150388991e-05,5.542455279548814e-07,0.76198,0.0020869622586464987,50000,1.0442417190433266
34,19,8.0,fit,1244,sim,clean,optimum,7.969173251216412e-05,8.225927858421504e-05,6.283423461411748e-07,0.69026,0.0023659672397262454,50000,1.0322184747540657
34,25,26.0,fit,1242,sim,clean,optimum,6.321325117734792e-05,6.569269435846656e-05,5.64774159608507e-07,0.75264,0.002126606885058525,50000,1.0392234718977267
34,21,10.0,fit,1244,sim,clean,optimum,7.589841000196474e-05,7.848811000445185e-05,6.13781460401632e-07,0.70446,0.0023111395190533895,50000,1.0341206094096052
34,23,20.0,fit,1243,sim,clean,optimum,6.567373613935948e-05,6.749329456767745e-05,5.714108102737329e-07,0.74586,0.0021515966030870213,50000,1.0277060288523387
71,7,1.8,fit,1240,sim,clean,optimum,9.419641534792645e-05,9.540525356296704e-05,6.748644460500409e-07,0.64076,0.0025411420707457007,50000,1.0128331657906045
71,3,1.0,fit,1241,sim,clean,optimum,6.54269776892508e-05,6.9580716049152e-05,5.885453778007894e-07,0.738,0.002216115293709831,50000,1.0634866305399222
71,1,0.6,fit,1241,sim,clean,optimum,0.0001389663778579477,0.00014188623418480895,7.804931820863314e-07,0.46574,0.002938877685049506,50000,1.021011242948607
71,11,3.0,fit,1239,sim,clean,optimum,8.290958078978973e-05,8.473975143879169e-05,6.360049379204299e-07,0.68092,0.0023948200478052344,50000,1.0220742962582599
71,9,2.0,fit,1240,sim,clean,optimum,9.521014563141652e-05,9.662158821756672e-05,6.81217536283754e-07,0.63618,0.0025650640671801297,50000,1.01482449771282
71,5,1.4,fit,1241,sim,clean,optimum,9.791822800802057e-05,0.00010048836388808449,6.815488754191694e-07,0.62162,0.002566311695235833,50000,1.0262477776850027
34,29,40.0,fit,1242,sim,clean,optimum,6.056846708809493e-05,6.340343568539903e-05,5.543187324969118e-07,0.76126,0.0020872379038410437,50000,1.0468060153013403
34,27,30.0,fit,1243,sim,clean,optimum,6.053408933115722e-05,6.278198959549441e-05,5.51139303483472e-07,0.7636,0.0020752660465676465,50000,1.0371344524907256
34,21,10.0,fit,1245,sim,clean,optimum,7.589841000196474e-05,7.752672759186431e-05,6.092715341393249e-07,0.70808,0.0022941577926812464,50000,1.0214539091116326
34,19,8.0,fit,1245,sim,clean,optimum,7.969173251216412e-05,8.116510854557952e-05,6.207388080583419e-07,0.69438,0.0023373367930907872,50000,1.0184884427401613
34,23,20.0,fit,1244,sim,clean,optimum,6.567373613935948e-05,6.775886981977344e-05,5.732715892874942e-07,0.74486,0.002158603201025178,50000,1.0317498866820873
71,3,1.0,fit,1242,sim,clean,optimum,6.54269776892508e-05,6.874680975757055e-05,5.845302863324149e-07,0.74114,0.002200996823759464,50000,1.0507410274105504
34,25,26.0,fit,1243,sim,clean,optimum,6.321325117734792e-05,6.517747836940031e-05,5.607962466371243e-07,0.75458,0.0021116284074331145,50000,1.0310730290796413
71,7,1.8,fit,1241,sim,clean,optimum,9.419641534792645e-05,9.62710288848e-05,6.750439699108144e-07,0.6375,0.002541818051882334,50000,1.0220243363742738
71,1,0.6,fit,1242,sim,clean,optimum,0.0001389663778579477,0.00014188092267976705,7.896096936124822e-07,0.46576,0.0029732050986703176,50000,1.020973021436873
71,11,3.0,fit,1240,sim,clean,optimum,8.290958078978973e-05,8.467070187324671e-05,6.312982272208297e-07,0.68118,0.0023770973471301774,50000,1.021241466507015
71,9,2.0,fit,1241,sim,clean,optimum,9.521014563141652e-05,9.749798654948352e-05,6.775540427967633e-07,0.63288,0.0025512695081687862,50000,1.0240293815632195
71,5,1.4,fit,1242,sim,clean,optimum,9.791822800802057e-05,9.976599920238335e-05,6.834118976673536e-07,0.62434,0.0025733267398737676,50000,1.0188705538483747
34,29,40.0,fit,1243,sim,clean,optimum,6.056846708809493e-05,6.27873011005363e-05,5.509030788003195e-07,0.76358,0.002074376563525503,50000,1.0366334847011094
34,27,30.0,fit,1244,sim,clean,optimum,6.053408933115722e-05,6.311661441313536e-05,5.555002933876328e-07,0.76234,0.002091686966324825,50000,1.042662326476082
34,21,10.0,fit,1246,sim,clean,optimum,7.589841000196474e-05,7.890240739772161e-05,6.103604363521634e-07,0.7029,0.00229825795715156,50000,1.0395791874385656
34,19,8.0,fit,1246,sim,clean,optimum,7.969173251216412e-05,8.257796888673024e-05,6.227617294376533e-07,0.68906,0.0023449539236906672,50000,1.0362175132047176
34,23,20.0,fit,1245,sim,clean,optimum,6.567373613935948e-05,6.74826715575936e-05,5.699740685128523e-07,0.7459,0.0021461866797242777,50000,1.0275442745391485
71,3,1.0,fit,1243,sim,clean,optimum,6.54269776892508e-05,6.884772835336704e-05,5.866622823865108e-07,0.74076,0.002209024665349633,50000,1.0522834889357613
34,25,26.0,fit,1244,sim,clean,optimum,6.321325117734792e-05,6.538462706603519e-05,5.642968106838746e-07,0.7538,0.002124809470122965,50000,1.0343500112436137
71,7,1.8,fit,1242,sim,clean,optimum,9.419641534792645e-05,9.687122895453694e-05,6.770866047387582e-07,0.63524,0.002549509411720356,50000,1.02839612947829
71,11,3.0,fit,1241,sim,clean,optimum,8.290958078978973e-05,8.543555859928319e-05,6.346499852562531e-07,0.6783,0.0023897180940144233,50000,1.0304666575977253
71,1,0.6,fit,1243,sim,clean,optimum,0.0001389663778579477,0.00014323535646545662,7.917111055261951e-07,0.46066,0.00298111777839905,50000,1.0307195069290263
71,9,2.0,fit,1242,sim,clean,optimum,9.521014563141652e-05,9.772638126628607e-05,6.784059829736285e-07,0.63202,0.0025544774131604654,50000,1.0264282300818084
71,5,1.4,fit,1243,sim,clean,optimum,9.791822800802057e-05,0.00010037682228220415,6.867068797702003e-07,0.62204,0.002585733702031731,50000,1.0251086475337585
34,29,40.0,fit,1244,sim,clean,optimum,6.056846708809493e-05,6.311130290809342e-05,5.553707999202678e-07,0.76236,0.0020911993701864685,50000,1.0419828326891618
34,27,30.0,fit,1245,sim,clean,optimum,6.053408933115722e-05,6.282979314087168e-05,5.514620026429767e-07,0.76342,0.002076481141562221,50000,1.0379241487743478
34,21,10.0,fit,1247,sim,clean,optimum,7.589841000196474e-05,7.806850110614016e-05,6.112650839430946e-07,0.70604,0.002301664327224793,50000,1.0285920496110426
34,19,8.0,fit,1247,sim,clean,optimum,7.969173251216412e-05,8.194589978674174e-05,6.271956346126477e-07,0.69144,0.0023616493994174175,50000,1.028286086944258
34,23,20.0,fit,1246,sim,clean,optimum,6.567373613935948e-05,6.877336728278014e-05,5.718720670478619e-07,0.74104,0.0021533334244605816,50000,1.0471974235917272
71,3,1.0,fit,1244,sim,clean,optimum,6.54269776892508e-05,6.84440539701811e-05,5.85340862058982e-07,0.74228,0.0022040489745911765,50000,1.0461136428349187
71,7,1.8,fit,1243,sim,clean,optimum,9.419641534792645e-05,9.631883243017727e-05,6.725168188497243e-07,0.63732,0.002532302289245774,50000,1.0225318243206114
34,25,26.0,fit,1245,sim,clean,optimum,6.321325117734792e-05,6.528901997528063e-05,5.60494198311586e-07,0.75416,0.0021104910713178157,50000,1.032837557937165
71,11,3.0,fit,1242,sim,clean,optimum,8.290958078978973e-05,8.538775505390593e-05,6.346376150369808e-07,0.67848,0.0023896715150535652,50000,1.029890083154556
71,9,2.0,fit,1243,sim,clean,optimum,9.521014563141652e-05,9.73651989234355e-05,6.737897807593198e-07,0.63338,0.002537095514139844,50000,1.0226347021919466
71,1,0.6,fit,1244,sim,clean,optimum,0.0001389663778579477,0.00014231646609320448,7.88896021908419e-07,0.46412,0.0029705178313197997,50000,1.0241071853990558
71,5,1.4,fit,1244,sim,clean,optimum,9.791822800802057e-05,9.976599920238335e-05,6.862996573245519e-07,0.62434,0.00258420034211798,50000,1.0188705538483747
34,29,40.0,fit,1245,sim,clean,optimum,6.056846708809493e-05,6.276074357532671e-05,5.505855520344802e-07,0.76368,0.002073180944719408,50000,1.036195013554548
34,27,30.0,fit,1246,sim,clean,optimum,6.053408933115722e-05,6.414173488622591e-05,5.551001847204067e-07,0.75848,0.0020901803927112507,50000,1.0595969245582062
34,21,10.0,fit,1248,sim,clean,optimum,7.589841000196474e-05,7.720272578430719e-05,6.07429636805507e-07,0.7093,0.0022872222920301837,50000,1.017185021165907
34,19,8.0,fit,1248,sim,clean,optimum,7.969173251216412e-05,8.086235275819008e-05,6.231237241585076e-07,0.69552,0.0023463169826278135,50000,1.014689356212042
34,23,20.0,fit,1247,sim,clean,optimum,6.567373613935948e-05,6.728083436600064e-05,5.686759590878403e-07,0.74666,0.0021412987640967223,50000,1.0244709425885397
71,3,1.0,fit,1245,sim,clean,optimum,6.54269776892508e-05,6.937887885755905e-05,5.916804089356375e-07,0.73876,0.002227919974718718,50000,1.0604017074895011
71,11,3.0,fit,1243,sim,clean,optimum,8.290958078978973e-05,8.529745946819328e-05,6.357709396175143e-07,0.67882,0.0023939389479999294,50000,1.028800998095236
71,7,1.8,fit,1244,sim,clean,optimum,9.419641534792645e-05,9.652598112681216e-05,6.775008306158504e-07,0.63654,0.0025510691424325475,50000,1.024730938754741
34,25,26.0,fit,1246,sim,clean,optimum,6.321325117734792e-05,6.659033871055103e-05,5.645918674640571e-07,0.74926,0.0021259204801958305,50000,1.0534237279416072
71,9,2.0,fit,1244,sim,clean,optimum,9.521014563141652e-05,9.718991925705215e-05,6.772158703891675e-07,0.63404,0.0025499961500342204,50000,1.0207937254218669
71,5,1.4,fit,1245,sim,clean,optimum,9.791822800802057e-05,9.998908241414398e-05,6.810606531605024e-07,0.6235,0.0025644733377276924,50000,1.0211488141508627
71,1,0.6,fit,1245,sim,clean,optimum,0.0001389663778579477,0.0001418702996696832,7.776071987453621e-07,0.4658,0.0029280107713661255,50000,1.0208965784134052
34,27,30.0,fit,1247,sim,clean,optimum,6.053408933115722e-05,6.258546390894335e-05,5.513308149430444e-07,0.76434,0.0020759871659417634,50000,1.033887923324722
34,21,10.0,fit,1249,sim,clean,optimum,7.589841000196474e-05,7.74736125414451e-05,6.059304784923171e-07,0.70828,0.002281577344689051,50000,1.020754091415612
34,29,40.0,fit,1246,sim,clean,optimum,6.056846708809493e-05,6.410455435093249e-05,5.556089966856699e-07,0.75862,0.0020920962789289896,50000,1.0583816535705688
34,19,8.0,fit,1249,sim,clean,optimum,7.969173251216412e-05,8.122884660608256e-05,6.22671596930425e-07,0.69414,0.002344614537748201,50000,1.0192882504302918
34,23,20.0,fit,1248,sim,clean,optimum,6.567373613935948e-05,6.792883798111488e-05,5.713735757823134e-07,0.74422,0.002151456399920026,50000,1.0343379556931265
71,3,1.0,fit,1246,sim,clean,optimum,6.54269776892508e-05,6.983566829116415e-05,5.886130663141181e-07,0.73704,0.0022163701687887187,50000,1.0673833754457172
71,11,3.0,fit,1244,sim,clean,optimum,8.290958078978973e-05,8.537182053878014e-05,6.344684779040884e-07,0.67854,0.002389034644217305,50000,1.0296978916734993
71,7,1.8,fit,1245,sim,clean,optimum,9.419641534792645e-05,9.647817758143489e-05,6.710838763151551e-07,0.63672,0.0025269066715319245,50000,1.0242234508084034
34,25,26.0,fit,1247,sim,clean,optimum,6.321325117734792e-05,6.486409957192705e-05,5.591154891523869e-07,0.75576,0.002105299664557141,50000,1.026115543241837
71,9,2.0,fit,1245,sim,clean,optimum,9.521014563141652e-05,9.781136534695679e-05,6.766280973211199e-07,0.6317,0.0025477829428042216,50000,1.0273208248794228
71,5,1.4,fit,1246,sim,clean,optimum,9.791822800802057e-05,0.00010052554442337791,6.867098520432068e-07,0.62148,0.0025857448938614784,50000,1.0266274877354171
71,1,0.6,fit,1246,sim,clean,optimum,0.0001389663778579477,0.0001424014501738752,7.956952903616507e-07,0.4638,0.002996119872171008,50000,1.0247187295867988
34,27,30.0,fit,1248,sim,clean,optimum,6.053408933115722e-05,6.276605508036864e-05,5.526803360349888e-07,0.76366,0.0020810686676302438,50000,1.0368712203961845
34,21,10.0,fit,1250,sim,clean,optimum,7.589841000196474e-05,7.795164799521792e-05,6.100682276636763e-07,0.70648,0.002297157671314755,50000,1.0270524506797973
34,19,8.0,fit,1250,sim,clean,optimum,7.969173251216412e-05,8.167501302960385e-05,6.234438522114515e-07,0.69246,0.002347522396349225,50000,1.0248869042612043
34,29,40.0,fit,1247,sim,clean,optimum,6.056846708809493e-05,6.253234885852416e-05,5.512630699229886e-07,0.76454,0.0020757320780918184,50000,1.0324241616941177
34,23,20.0,fit,1249,sim,clean,optimum,6.567373613935948e-05,6.738706446683902e-05,5.691361245790694e-07,0.74626,0.002143031476341547,50000,1.0260884857204389
71,3,1.0,fit,1247,sim,clean,optimum,6.54269776892508e-05,6.917704166596609e-05,5.852644331149124e-07,0.73952,0.002203761188197428,50000,1.05731678443908
71,11,3.0,fit,1245,sim,clean,optimum,8.290958078978973e-05,8.486191605475585e-05,6.396240310355539e-07,0.68046,0.0024084474211638627,50000,1.0235477642796929
71,7,1.8,fit,1246,sim,clean,optimum,9.419641534792645e-05,9.70465086209203e-05,6.681831642505114e-07,0.63458,0.0025159842981490495,50000,1.030256918614861
71,9,2.0,fit,1246,sim,clean,optimum,9.521014563141652e-05,9.787510340745983e-05,6.738241278041321e-07,0.63146,0.002537224844883357,50000,1.0279902709776336
71,5,1.4,fit,1247,sim,clean,optimum,9.791822800802057e-05,0.0001003608877670784,6.770783537565427e-07,0.6221,0.0025494783433804022,50000,1.0249459146550095
34,25,26.0,fit,1248,sim,clean,optimum,6.321325117734792e-05,6.531026599544832e-05,5.621984283750489e-07,0.75408,0.0021169081981020797,50000,1.0331736586719313
34,27,30.0,fit,1249,sim,clean,optimum,6.053408933115722e-05,6.285103916103936e-05,5.530029768391843e-07,0.76334,0.0020822835428930897,50000,1.038275124900402
71,1,0.6,fit,1247,sim,clean,optimum,0.0001389663778579477,0.00014289010863773185,8.017180518204055e-07,0.46196,0.003018798044972206,50000,1.0282351086663208
34,21,10.0,fit,1251,sim,clean,optimum,7.589841000196474e-05,7.765951521791232e-05,6.104853746933191e-07,0.70758,0.002298728401367162,50000,1.023203453351684
34,19,8.0,fit,1251,sim,clean,optimum,7.969173251216412e-05,8.13456997170048e-05,6.2600013929897e-07,0.6937,0.002357147868102875,50000,1.020754564528864
34,29,40.0,fit,1248,sim,clean,optimum,6.056846708809493e-05,6.27873011005363e-05,5.530388475606211e-07,0.76358,0.0020824186109054655,50000,1.0366334847011094
34,23,20.0,fit,1250,sim,clean,optimum,6.567373613935948e-05,6.790228045590529e-05,5.719728026348615e-07,0.74432,0.0021537127353572277,50000,1.0339335699101517
71,3,1.0,fit,1248,sim,clean,optimum,6.54269776892508e-05,6.869900621219328e-05,5.859976293074088e-07,0.74132,0.0022065219732732575,50000,1.050010387740714
71,11,3.0,fit,1246,sim,clean,optimum,8.290958078978973e-05,8.55099196698701e-05,6.377665301111965e-07,0.67802,0.002401453166579908,50000,1.031363551175989
71,7,1.8,fit,1247,sim,clean,optimum,9.419641534792645e-05,9.666408025790207e-05,6.713727529013057e-07,0.63602,0.002527994410633632,50000,1.0261970150441604
71,9,2.0,fit,1247,sim,clean,optimum,9.521014563141652e-05,9.74395599940224e-05,6.7441810598307e-07,0.6331,0.0025394614169067294,50000,1.0234157226398595
71,5,1.4,fit,1248,sim,clean,optimum,9.791822800802057e-05,0.0001002227886359885,6.89813310038407e-07,0.62262,0.002597430689020126,50000,1.0235355630391836
34,25,26.0,fit,1249,sim,clean,optimum,6.321325117734792e-05,6.499157569293313e-05,5.607909371431218e-07,0.75528,0.0021116084150055044,50000,1.0281321476504355
34,27,30.0,fit,1250,sim,clean,optimum,6.053408933115722e-05,6.287228518120702e-05,5.538276326804665e-07,0.76326,0.0020853887111449273,50000,1.0386261010264561
34,21,10.0,fit,1252,sim,clean,optimum,7.589841000196474e-05,7.830220732798464e-05,6.113959727879425e-07,0.70516,0.002302157177533001,50000,1.031671247473533
34,19,8.0,fit,1252,sim,clean,optimum,7.969173251216412e-05,8.200432634220289e-05,6.237748732452799e-07,0.69122,0.002348768826621684,50000,1.0290192439935444
71,1,0.6,fit,1248,sim,clean,optimum,0.0001389663778579477,0.0001425023687696717,7.989778136905428e-07,0.46342,0.0030084799219233303,50000,1.0254449383097437
34,23,20.0,fit,1251,sim,clean,optimum,6.567373613935948e-05,6.758890165843199e-05,5.69164172462012e-07,0.7455,0.002143137088151086,50000,1.029161817671048
34,29,40.0,fit,1249,sim,clean,optimum,6.056846708809493e-05,6.277667809045249e-05,5.530569873009162e-07,0.76362,0.0020824869144847784,50000,1.0364580962424852
71,3,1.0,fit,1249,sim,clean,optimum,6.54269776892508e-05,6.841218493992962e-05,5.841501194374675e-07,0.7424,0.002199565339116422,50000,1.0456265497216948
71,11,3.0,fit,1247,sim,clean,optimum,8.290958078978973e-05,8.502126120601343e-05,6.384770307881033e-07,0.67986,0.002404128493709598,50000,1.025469679090257
71,7,1.8,fit,1248,sim,clean,optimum,9.419641534792645e-05,9.564427128985344e-05,6.684286768796963e-07,0.63986,0.0025169087541262055,50000,1.0153706055222924
71,9,2.0,fit,1248,sim,clean,optimum,9.521014563141652e-05,9.686060594445313e-05,6.734632037485494e-07,0.63528,0.0025358658174411005,50000,1.017334920581111
71,5,1.4,fit,1249,sim,clean,optimum,9.791822800802057e-05,9.993065585868286e-05,6.906205444473679e-07,0.62372,0.0026004702584174625,50000,1.0205521269287825
34,27,30.0,fit,1251,sim,clean,optimum,6.053408933115722e-05,6.258015240390143e-05,5.505403147254376e-07,0.76436,0.0020730106076541676,50000,1.0338001792932086
34,25,26.0,fit,1250,sim,clean,optimum,6.321325117734792e-05,6.546429964166402e-05,5.645484431839171e-07,0.7535,0.00212575696992973,50000,1.035610388998988
34,21,10.0,fit,1253,sim,clean,optimum,7.589841000196474e-05,7.772856478345729e-05,6.080458043758135e-07,0.70732,0.0022895424162339396,50000,1.024113216356511
34,19,8.0,fit,1253,sim,clean,optimum,7.969173251216412e-05,8.141474928254977e-05,6.187969435395672e-07,0.69344,0.002330024874892653,50000,1.0216210228598388
34,23,20.0,fit,1252,sim,clean,optimum,6.567373613935948e-05,6.807224861724671e-05,5.737840384738299e-07,0.74368,0.0021605327828754873,50000,1.0365216389211906
71,1,0.6,fit,1249,sim,clean,optimum,0.0001389663778579477,0.00014282105907218685,8.011211158312374e-07,0.46222,0.0030165503355773847,50000,1.0277382290137793
34,29,40.0,fit,1250,sim,clean,optimum,6.056846708809493e-05,6.322284451397377e-05,5.556848319299984e-07,0.76194,0.0020923818297991477,50000,1.0438244115047213
71,3,1.0,fit,1250,sim,clean,optimum,6.54269776892508e-05,6.89486469491635e-05,5.882983182503838e-07,0.74038,0.002215185012938352,50000,1.0538259504609715
71,11,3.0,fit,1248,sim,clean,optimum,8.290958078978973e-05,8.481411250937855e-05,6.339092451857112e-07,0.68064,0.0023869289031365243,50000,1.0229711898365232
71,7,1.8,fit,1249,sim,clean,optimum,9.419641534792645e-05,9.578237042094335e-05,6.73474380533721e-07,0.63934,0.0025359079026319583,50000,1.0168366818117118
34,27,30.0,fit,1252,sim,clean,optimum,6.053408933115722e-05,6.306349936271616e-05,5.546213571734074e-07,0.76254,0.0020883774101546296,50000,1.0417848861609462
34,21,10.0,fit,1254,sim,clean,optimum,7.589841000196474e-05,7.757984264228353e-05,6.035375144979887e-07,0.70788,0.0022725668515220774,50000,1.0221537268076533
71,5,1.4,fit,1250,sim,clean,optimum,9.791822800802057e-05,0.00010029714970657536,6.793863893561351e-07,0.62234,0.0025581690462278123,50000,1.0242949831400128
34,19,8.0,fit,1254,sim,clean,optimum,7.969173251216412e-05,8.126602714137601e-05,6.197213807617048e-07,0.694,0.002333505761062737,50000,1.0197548049162013
71,9,2.0,fit,1249,sim,clean,optimum,9.521014563141652e-05,9.652598112681216e-05,6.762751751543124e-07,0.63654,0.002546454045762716,50000,1.0138203285655039
34,23,20.0,fit,1253,sim,clean,optimum,6.567373613935948e-05,6.776418132481538e-05,5.71870374332724e-07,0.74484,0.002153327050692226,50000,1.0318307638386826
34,25,26.0,fit,1251,sim,clean,optimum,6.321325117734792e-05,6.496501816772351e-05,5.593667799707097e-07,0.75538,0.0021062458777917686,50000,1.027712021731977
71,1,0.6,fit,1250,sim,clean,optimum,0.0001389663778579477,0.00014272014047639038,7.884480361836259e-07,0.4626,0.002968830980902611,50000,1.0270120202908346
34,29,40.0,fit,1251,sim,clean,optimum,6.056846708809493e-05,6.279792411062015e-05,5.505797873349225e-07,0.76354,0.0020731592382557513,50000,1.0368088731597342
71,3,1.0,fit,1251,sim,clean,optimum,6.54269776892508e-05,6.920359919117569e-05,5.851024974032241e-07,0.73942,0.0022031514336724478,50000,1.057722695366767
71,11,3.0,fit,1249,sim,clean,optimum,8.290958078978973e-05,8.422984695476736e-05,6.341954157701113e-07,0.68284,0.0023880064530292255,50000,1.0159241688644531
34,27,30.0,fit,1253,sim,clean,optimum,6.053408933115722e-05,6.25482833736499e-05,5.525435968923314e-07,0.76448,0.0020805537885457727,50000,1.0332737151041267
34,21,10.0,fit,1255,sim,clean,optimum,7.589841000196474e-05,7.763295769270272e-05,6.09620118787072e-07,0.70768,0.0022954703571803703,50000,1.022853544503674
34,19,8.0,fit,1255,sim,clean,optimum,7.969173251216412e-05,8.146786433296896e-05,6.227224832768381e-07,0.69324,0.002344806145761416,50000,1.0222875292682807
71,5,1.4,fit,1251,sim,clean,optimum,9.791822800802057e-05,0.00010049367539312638,6.809922061674822e-07,0.6216,0.0025642156066609605,50000,1.0263020219779189
71,9,2.0,fit,1250,sim,clean,optimum,9.521014563141652e-05,9.773169277132799e-05,6.75428627322806e-07,0.632,0.0025432664451680628,50000,1.0264840172566592
71,7,1.8,fit,1250,sim,clean,optimum,9.419641534792645e-05,9.687654045957888e-05,6.749099108526374e-07,0.63522,0.0025413132644176925,50000,1.028452517027883
34,23,20.0,fit,1254,sim,clean,optimum,6.567373613935948e-05,6.753047510297087e-05,5.695239011167543e-07,0.74572,0.0021444916144177585,50000,1.0282721689485033
34,25,26.0,fit,1252,sim,clean,optimum,6.321325117734792e-05,6.579892445930495e-05,5.647091520480177e-07,0.75224,0.002126362104869195,50000,1.0409039755715586
71,1,0.6,fit,1251,sim,clean,optimum,0.0001389663778579477,0.00014362309633351677,8.052956862233718e-07,0.4592,0.003032269309236216,50000,1.0335096772856036
34,29,40.0,fit,1252,sim,clean,optimum,6.056846708809493e-05,6.323877902909952e-05,5.554071298016491e-07,0.76188,0.0020913361671247924,50000,1.0440874941926581
71,3,1.0,fit,1252,sim,clean,optimum,6.54269776892508e-05,6.942668240293632e-05,5.951818902478969e-07,0.73858,0.0022411044912902913,50000,1.0611323471593377
71,11,3.0,fit,1250,sim,clean,optimum,8.290958078978973e-05,8.494690013542656e-05,6.306089611490266e-07,0.68014,0.0023745019770180786,50000,1.024572785511994
34,21,10.0,fit,1256,sim,clean,optimum,7.589841000196474e-05,7.886522686242816e-05,6.103301201828988e-07,0.70304,0.002298143804311544,50000,1.0390893150513512
34,27,30.0,fit,1254,sim,clean,optimum,6.053408933115722e-05,6.307943387784191e-05,5.545411000703828e-07,0.76248,0.00208807520916869,50000,1.0420481182554866
34,19,8.0,fit,1256,sim,clean,optimum,7.969173251216412e-05,8.274262554302974e-05,6.258950143106516e-07,0.68844,0.0023567520293058157,50000,1.0382836830708875
71,5,1.4,fit,1252,sim,clean,optimum,9.791822800802057e-05,0.0001005786594737971,6.869997178369992e-07,0.62128,0.002586836357736612,50000,1.027169930664581
34,23,20.0,fit,1255,sim,clean,optimum,6.567373613935948e-05,6.768982025422848e-05,5.69435046337024e-07,0.74512,0.002144157039644586,50000,1.0306984836463526
71,9,2.0,fit,1251,sim,clean,optimum,9.521014563141652e-05,9.687654045957888e-05,6.71007231797312e-07,0.63522,0.002526618073414298,50000,1.0175022821056636
71,7,1.8,fit,1251,sim,clean,optimum,9.419641534792645e-05,9.636663597555455e-05,6.703468314206049e-07,0.63714,0.0025241313945106917,50000,1.0230393122669488
34,25,26.0,fit,1253,sim,clean,optimum,6.321325117734792e-05,6.528901997528063e-05,5.621857051697454e-07,0.75416,0.002116860290003704,50000,1.032837557937165
71,3,1.0,fit,1253,sim,clean,optimum,6.54269776892508e-05,6.87308752424448e-05,5.8519391608179e-07,0.7412,0.0022034956625787347,50000,1.0504974808539385
71,1,0.6,fit,1252,sim,clean,optimum,0.0001389663778579477,0.00014308663432428288,7.949453548446504e-07,0.46122,0.002993296056657019,50000,1.0296493046004764
34,29,40.0,fit,1253,sim,clean,optimum,6.056846708809493e-05,6.269169400978177e-05,5.530538007550421e-07,0.76394,0.0020824749158295987,50000,1.0350549885734879
71,11,3.0,fit,1251,sim,clean,optimum,8.290958078978973e-05,8.545680461945086e-05,6.370188275888242e-07,0.67822,0.002398637759208659,50000,1.0307229129058004
34,21,10.0,fit,1257,sim,clean,optimum,7.589841000196474e-05,7.81587966918528e-05,6.114019221737964e-07,0.7057,0.002302179579416486,50000,1.0297817396942774
34,27,30.0,fit,1255,sim,clean,optimum,6.053408933115722e-05,6.314317193834495e-05,5.543140386926572e-07,0.76224,0.00208722022973844,50000,1.0431010466336499
34,19,8.0,fit,1257,sim,clean,optimum,7.969173251216412e-05,8.186622721111295e-05,6.211999079654988e-07,0.69174,0.0023390730237957107,50000,1.027286327331595
71,5,1.4,fit,1253,sim,clean,optimum,9.791822800802057e-05,9.934107879902974e-05,6.826035048875986e-07,0.62594,0.0025702828087341943,50000,1.0145310104150642
34,23,20.0,fit,1256,sim,clean,optimum,6.567373613935948e-05,6.901769651470848e-05,5.769987494283496e-07,0.74012,0.0021726374911611736,50000,1.0509177727950962
71,9,2.0,fit,1252,sim,clean,optimum,9.521014563141652e-05,9.750860955956736e-05,6.733484036532975e-07,0.63284,0.0025354335478890776,50000,1.0241409559129213
71,7,1.8,fit,1252,sim,clean,optimum,9.419641534792645e-05,9.613292975371006e-05,6.728126209131805e-07,0.63802,0.002533416105616545,50000,1.020558260084854
71,3,1.0,fit,1254,sim,clean,optimum,6.54269776892508e-05,6.906018855504384e-05,5.844472781061437e-07,0.73996,0.002200684263663536,50000,1.0555307763572572
34,25,26.0,fit,1254,sim,clean,optimum,6.321325117734792e-05,6.531557750049025e-05,5.618204621295299e-07,0.75406,0.002115484999808805,50000,1.033257683855623
71,11,3.0,fit,1252,sim,clean,optimum,8.290958078978973e-05,8.521247538752257e-05,6.34715787195387e-07,0.67914,0.0023899658653659126,50000,1.027775976862935
34,29,40.0,fit,1254,sim,clean,optimum,6.056846708809493e-05,6.302631882742272e-05,5.535419943673109e-07,0.76268,0.002084313165472274,50000,1.0405797250201647
71,1,0.6,fit,1253,sim,clean,optimum,0.0001389663778579477,0.0001424758112444621,7.965916237075444e-07,0.46352,0.0029994949356937557,50000,1.025253830751074
34,21,10.0,fit,1258,sim,clean,optimum,7.589841000196474e-05,7.810037013639168e-05,6.067886895417538e-07,0.70592,0.002284808862093868,50000,1.029011940228655
71,5,1.4,fit,1254,sim,clean,optimum,9.791822800802057e-05,0.00010062115151413247,6.868414031905224e-07,0.62112,0.002586240238010744,50000,1.0276038850079119
34,19,8.0,fit,1258,sim,clean,optimum,7.969173251216412e-05,8.16378324943104e-05,6.228366370790596e-07,0.6926,0.0023452359817544934,50000,1.0244203497752948
34,27,30.0,fit,1256,sim,clean,optimum,6.053408933115722e-05,6.436481809798657e-05,5.576833139151406e-07,0.75764,0.002099906936033142,50000,1.0632821738817777
71,9,2.0,fit,1253,sim,clean,optimum,9.521014563141652e-05,9.692434400495615e-05,6.709744121430433e-07,0.63504,0.0025264944939240794,50000,1.0180043666793215
34,23,20.0,fit,1257,sim,clean,optimum,6.567373613935948e-05,6.819972473825281e-05,5.722421948664831e-07,0.7432,0.0021547271078542715,50000,1.0384626906794703
71,7,1.8,fit,1253,sim,clean,optimum,9.419641534792645e-05,9.577174741085954e-05,6.668418560894197e-07,0.63938,0.0025109337215214996,50000,1.016723906712526
71,3,1.0,fit,1255,sim,clean,optimum,6.54269776892508e-05,6.891677791891199e-05,5.857994281645171e-07,0.7405,0.0022057756644913687,50000,1.0533388573477471
34,25,26.0,fit,1255,sim,clean,optimum,6.321325117734792e-05,6.550679168199935e-05,5.633785700718048e-07,0.75334,0.002121351916737163,50000,1.0362825904685204
71,11,3.0,fit,1253,sim,clean,optimum,8.290958078978973e-05,8.48778505698816e-05,6.3441388543623e-07,0.6804,0.002388829081133292,50000,1.0237399557607492
34,29,40.0,fit,1255,sim,clean,optimum,6.056846708809493e-05,6.326002504926719e-05,5.537497212833635e-07,0.7618,0.002085095342706083,50000,1.0444382711099072
71,1,0.6,fit,1254,sim,clean,optimum,0.0001389663778579477,0.00014115855799406592,7.90029868885794e-07,0.46848,0.0029747872313050255,50000,1.015774895841058
34,21,10.0,fit,1259,sim,clean,optimum,7.589841000196474e-05,7.84509294691584e-05,6.103690371437071e-07,0.7046,0.0022982903426674384,50000,1.0336307370223907
34,19,8.0,fit,1259,sim,clean,optimum,7.969173251216412e-05,8.203619537245438e-05,6.221029724957031e-07,0.6911,0.0023424734329945233,50000,1.0294191478386092
71,5,1.4,fit,1255,sim,clean,optimum,9.791822800802057e-05,0.00010033433024186881,6.864242727866653e-07,0.6222,0.002584669570561255,50000,1.0246746931904276
34,27,30.0,fit,1257,sim,clean,optimum,6.053408933115722e-05,6.359464986690816e-05,5.533748461848738e-07,0.76054,0.0020836837838521197,50000,1.0505592893123057
71,9,2.0,fit,1254,sim,clean,optimum,9.521014563141652e-05,9.754579009486078e-05,6.773387584174993e-07,0.6327,0.0025504588739791736,50000,1.0245314661368774
34,23,20.0,fit,1258,sim,clean,optimum,6.567373613935948e-05,6.773762379960574e-05,5.69928321114338e-07,0.74494,0.0021460144219624827,50000,1.0314263780557071
71,7,1.8,fit,1254,sim,clean,optimum,9.419641534792645e-05,9.674906433857279e-05,6.714021978970608e-07,0.6357,0.002528105283147252,50000,1.0270992158376495
71,3,1.0,fit,1256,sim,clean,optimum,6.54269776892508e-05,7.10626259558477e-05,5.881518821323843e-07,0.73242,0.002214633620755369,50000,1.0861364603048567
34,25,26.0,fit,1256,sim,clean,optimum,6.321325117734792e-05,6.686653697273088e-05,5.66970818949001e-07,0.74822,0.0021348782105045415,50000,1.0577930374935707
71,11,3.0,fit,1254,sim,clean,optimum,8.290958078978973e-05,8.499470368080383e-05,6.356433261055471e-07,0.67996,0.0023934584306664806,50000,1.025149359955163
34,21,10.0,fit,1260,sim,clean,optimum,7.589841000196474e-05,7.814817368176894e-05,6.103403661673881e-07,0.70574,0.0022981823846551885,50000,1.0296417761550731
34,29,40.0,fit,1256,sim,clean,optimum,6.056846708809493e-05,6.446042518874112e-05,5.588404052504463e-07,0.75728,0.0021042638605815464,50000,1.0642571669344953
34,19,8.0,fit,1260,sim,clean,optimum,7.969173251216412e-05,8.181842366573568e-05,6.231507917738763e-07,0.69192,0.0023464189033269565,50000,1.0266864715639974
71,1,0.6,fit,1255,sim,clean,optimum,0.0001389663778579477,0.0001438939830906547,7.971653860160093e-07,0.45818,0.0030016553866542145,50000,1.0354589743840343
34,27,30.0,fit,1258,sim,clean,optimum,6.053408933115722e-05,6.287759668624895e-05,5.522780130070989e-07,0.76324,0.002079553756038465,50000,1.03871384505797
71,5,1.4,fit,1256,sim,clean,optimum,9.791822800802057e-05,0.00010156659941159424,6.809579832917609e-07,0.61756,0.00256408674346512,50000,1.0372593691470278
34,23,20.0,fit,1259,sim,clean,optimum,6.567373613935948e-05,6.838562741471998e-05,5.760458767510548e-07,0.7425,0.002169049533812835,50000,1.041293391160294
71,9,2.0,fit,1255,sim,clean,optimum,9.521014563141652e-05,9.776887330662144e-05,6.7615262864107e-07,0.63186,0.0025459926077624684,50000,1.0268745274806157
71,7,1.8,fit,1255,sim,clean,optimum,9.419641534792645e-05,9.70943121662976e-05,6.761397686645518e-07,0.6344,0.002545944184664244,50000,1.0307644065611987
71,3,1.0,fit,1257,sim,clean,optimum,6.54269776892508e-05,6.976661872561921e-05,5.879291544879333e-07,0.7373,0.0022137949596124605,50000,1.0663280070337313
34,21,10.0,fit,1261,sim,clean,optimum,7.589841000196474e-05,7.801007455067903e-05,6.087186973829884e-07,0.70626,0.002292076135026878,50000,1.0278222501454197
34,25,26.0,fit,1257,sim,clean,optimum,6.321325117734792e-05,6.570331736855039e-05,5.641007918513434e-07,0.7526,0.0021240713786367135,50000,1.0393915222651098
71,11,3.0,fit,1255,sim,clean,optimum,8.290958078978973e-05,8.447948769173761e-05,6.340807126012057e-07,0.6819,0.002387574548444742,50000,1.0189351687343378
34,19,8.0,fit,1261,sim,clean,optimum,7.969173251216412e-05,8.200963784724478e-05,6.257240863054174e-07,0.6912,0.0023561084150989756,50000,1.0290858946343884
34,27,30.0,fit,1259,sim,clean,optimum,6.053408933115722e-05,6.367963394757888e-05,5.566964773602345e-07,0.76022,0.0020961910907233185,50000,1.0519631938165233
34,29,40.0,fit,1257,sim,clean,optimum,6.056846708809493e-05,6.357871535178239e-05,5.537994982823883e-07,0.7606,0.0020852827735703366,50000,1.0496999248686474
34,23,20.0,fit,1260,sim,clean,optimum,6.567373613935948e-05,6.807756012228864e-05,5.730226819736105e-07,0.74366,0.0021576659626646034,50000,1.0366025160777859
71,1,0.6,fit,1256,sim,clean,optimum,0.0001389663778579477,0.0001424014501738752,7.870465653558814e-07,0.4638,0.0029635538671027232,50000,1.0247187295867988
71,5,1.4,fit,1257,sim,clean,optimum,9.791822800802057e-05,0.00010116292502840833,6.851528824478279e-07,0.61908,0.002579882263277149,50000,1.033136802885383
71,9,2.0,fit,1256,sim,clean,optimum,9.521014563141652e-05,9.877805926458625e-05,6.738417657274694e-07,0.62806,0.002537291258915531,50000,1.0374740907022877
71,7,1.8,fit,1256,sim,clean,optimum,9.419641534792645e-05,9.783792287216639e-05,6.71969586229759e-07,0.6316,0.0025302417334686586,50000,1.0386586635042274
71,3,1.0,fit,1258,sim,clean,optimum,6.54269776892508e-05,6.873618674748672e-05,5.866906997954662e-07,0.74118,0.0022091316685765193,50000,1.050578663039476
34,21,10.0,fit,1262,sim,clean,optimum,7.589841000196474e-05,7.849873301453566e-05,6.086628017887135e-07,0.70442,0.002291865665136202,50000,1.034260572948809
34,19,8.0,fit,1262,sim,clean,optimum,7.969173251216412e-05,8.226990159429889e-05,6.20456567818601e-07,0.69022,0.002336274042561461,50000,1.0323517760357543
34,27,30.0,fit,1260,sim,clean,optimum,6.053408933115722e-05,6.327595956439297e-05,5.569059680199762e-07,0.76174,0.0020969799091771777,50000,1.0452946474214901
71,11,3.0,fit,1256,sim,clean,optimum,8.290958078978973e-05,8.630664542615809e-05,6.33976086459429e-07,0.67502,0.002387180588009984,50000,1.040973125228812
34,25,26.0,fit,1258,sim,clean,optimum,6.321325117734792e-05,6.535275803578367e-05,5.613289209824081e-07,0.75392,0.002113634145321264,50000,1.0338458601414642
34,23,20.0,fit,1261,sim,clean,optimum,6.567373613935948e-05,6.778542734498304e-05,5.697371925095131e-07,0.74476,0.0021452947441938787,50000,1.032154272465062
34,29,40.0,fit,1258,sim,clean,optimum,6.056846708809493e-05,6.300507280725504e-05,5.528064600344441e-07,0.76276,0.0020815435763367586,50000,1.0402289481029154
71,1,0.6,fit,1257,sim,clean,optimum,0.0001389663778579477,0.00014247049973942013,7.927736860636851e-07,0.46354,0.002985118830941046,50000,1.0252156092393396
71,5,1.4,fit,1258,sim,clean,optimum,9.791822800802057e-05,0.00010043524883766527,6.915553651020351e-07,0.62182,0.002603990242479567,50000,1.0257053347558387
71,9,2.0,fit,1257,sim,clean,optimum,9.521014563141652e-05,9.771575825620225e-05,6.731027423627603e-07,0.63206,0.002534508532140817,50000,1.0263166557321066
71,7,1.8,fit,1257,sim,clean,optimum,9.419641534792645e-05,9.657909617723135e-05,6.725812977678654e-07,0.63634,0.0025325450788793416,50000,1.0252948142506715
34,21,10.0,fit,1263,sim,clean,optimum,7.589841000196474e-05,7.776574531875071e-05,6.124355144695548e-07,0.70718,0.0023060714793115282,50000,1.0246030887437252
34,19,8.0,fit,1263,sim,clean,optimum,7.969173251216412e-05,8.156347142372351e-05,6.263101072829465e-07,0.69288,0.0023583150249879017,50000,1.0234872408034759
71,3,1.0,fit,1259,sim,clean,optimum,6.54269776892508e-05,6.980911076595455e-05,5.911868147769131e-07,0.73714,0.0022260613897985165,50000,1.06697746451803
34,27,30.0,fit,1261,sim,clean,optimum,6.053408933115722e-05,6.290415421145855e-05,5.528351411219951e-07,0.76314,0.0020816515724219535,50000,1.039152565215538
34,23,20.0,fit,1262,sim,clean,optimum,6.567373613935948e-05,6.89486469491635e-05,5.727839120262363e-07,0.74038,0.002156766895656327,50000,1.0498663697593613
71,11,3.0,fit,1257,sim,clean,optimum,8.290958078978973e-05,8.491503110517505e-05,6.319173806904641e-07,0.68026,0.002379428714472382,50000,1.024188402549881
34,25,26.0,fit,1259,sim,clean,optimum,6.321325117734792e-05,6.611761476182015e-05,5.660811119855788e-07,0.75104,0.002131528098035852,50000,1.0459454865930546
34,29,40.0,fit,1259,sim,clean,optimum,6.056846708809493e-05,6.353622331144703e-05,5.56174737791798e-07,0.76076,0.0020942265267651985,50000,1.0489983710341488
71,1,0.6,fit,1258,sim,clean,optimum,0.0001389663778579477,0.00014243331920412672,7.932104192574158e-07,0.46368,0.0029867633109529595,50000,1.0249480586572024
71,5,1.4,fit,1259,sim,clean,optimum,9.791822800802057e-05,0.00010071675860488704,6.83476505086382e-07,0.62076,0.0025735700133660017,50000,1.0285802822804069
71,9,2.0,fit,1258,sim,clean,optimum,9.521014563141652e-05,9.702526260075264e-05,6.771785513628601e-07,0.63466,0.0025498556285586203,50000,1.0190643230014889
71,7,1.8,fit,1258,sim,clean,optimum,9.419641534792645e-05,9.614886426883585e-05,6.731794431660584e-07,0.63796,0.00253479734219632,50000,1.0207274227336336
34,21,10.0,fit,1264,sim,clean,optimum,7.589841000196474e-05,7.8211911742272e-05,6.060906390180663e-07,0.7055,0.0022821804149092064,50000,1.0304815573902981
34,19,8.0,fit,1264,sim,clean,optimum,7.969173251216412e-05,8.185029269598721e-05,6.173767820858853e-07,0.6918,0.002324677383202544,50000,1.0270863754090627
34,27,30.0,fit,1262,sim,clean,optimum,6.053408933115722e-05,6.386553662404609e-05,5.543847940043842e-07,0.75952,0.002087486652574034,50000,1.0550342349194994
71,3,1.0,fit,1260,sim,clean,optimum,6.54269776892508e-05,6.876274427269633e-05,5.859121130194024e-07,0.74108,0.002206199969293853,50000,1.050984573967163
34,23,20.0,fit,1263,sim,clean,optimum,6.567373613935948e-05,6.807224861724671e-05,5.694305010262524e-07,0.74368,0.0021441399246809904,50000,1.0365216389211906
34,25,26.0,fit,1260,sim,clean,optimum,6.321325117734792e-05,6.575643241896961e-05,5.649622313773008e-07,0.7524,0.0021273150525828307,50000,1.040231774102026
71,11,3.0,fit,1258,sim,clean,optimum,8.290958078978973e-05,8.42457814698931e-05,6.306900145560095e-07,0.68278,0.0023748071764157757,50000,1.0161163603455092
34,29,40.0,fit,1260,sim,clean,optimum,6.056846708809493e-05,6.333438611985408e-05,5.561425568054367e-07,0.76152,0.0020941053521222022,50000,1.0456659903202803
71,1,0.6,fit,1259,sim,clean,optimum,0.0001389663778579477,0.00014387804857552897,7.938596111700503e-07,0.45824,0.002989207785381623,50000,1.0353443098488326
71,5,1.4,fit,1260,sim,clean,optimum,9.791822800802057e-05,0.00010010593552506625,6.820915604265793e-07,0.62306,0.0025683551273821903,50000,1.0223421885950232
71,9,2.0,fit,1259,sim,clean,optimum,9.521014563141652e-05,9.759359364023808e-05,6.787327260121265e-07,0.63252,0.002555707735021856,50000,1.0250335507105357
34,21,10.0,fit,1265,sim,clean,optimum,7.589841000196474e-05,7.760640016749312e-05,6.064557148832057e-07,0.70778,0.0022835550756212194,50000,1.0225036356556636
71,7,1.8,fit,1259,sim,clean,optimum,9.419641534792645e-05,9.673844132848897e-05,6.790528457688575e-07,0.63574,0.0025569131175046155,50000,1.0269864407384635
34,19,8.0,fit,1265,sim,clean,optimum,7.969173251216412e-05,8.14731758380109e-05,6.213450244028525e-07,0.69322,0.002339619446838552,50000,1.022354179909125
34,23,20.0,fit,1264,sim,clean,optimum,6.567373613935948e-05,6.784385390044416e-05,5.740988125863515e-07,0.74454,0.002161718036810247,50000,1.0330439211876068
34,27,30.0,fit,1263,sim,clean,optimum,6.053408933115722e-05,6.311130290809342e-05,5.514568149966392e-07,0.76236,0.0020764616079411605,50000,1.0425745824445682
71,3,1.0,fit,1261,sim,clean,optimum,6.54269776892508e-05,6.916641865588224e-05,5.881444433697934e-07,0.73956,0.0022146056107561984,50000,1.0571544200680052
34,25,26.0,fit,1261,sim,clean,optimum,6.321325117734792e-05,6.532620051057408e-05,5.595139586514077e-07,0.75402,0.002106800066028573,50000,1.0334257342230062
71,11,3.0,fit,1259,sim,clean,optimum,8.290958078978973e-05,8.486722755979775e-05,6.327636401089206e-07,0.68044,0.0023826152290733387,50000,1.0236118281067115
34,29,40.0,fit,1261,sim,clean,optimum,6.056846708809493e-05,6.301038431229696e-05,5.529025999396404e-07,0.76274,0.0020819055826021677,50000,1.0403166423322279
71,1,0.6,fit,1260,sim,clean,optimum,0.0001389663778579477,0.0001438143105150259,7.841429800289597e-07,0.45848,0.0029526206747061967,50000,1.0348856517080254
71,5,1.4,fit,1261,sim,clean,optimum,9.791822800802057e-05,0.00010076456215026431,6.915209702889228e-07,0.62058,0.002603860731868767,50000,1.0290684809166544
34,21,10.0,fit,1266,sim,clean,optimum,7.589841000196474e-05,7.846155247924225e-05,6.113435371893594e-07,0.70456,0.002301959735948481,50000,1.033770700561595
71,9,2.0,fit,1260,sim,clean,optimum,9.521014563141652e-05,9.750860955956736e-05,6.78974354184079e-07,0.63284,0.0025566175644206627,50000,1.0241409559129213
34,19,8.0,fit,1266,sim,clean,optimum,7.969173251216412e-05,8.201494935228672e-05,6.246674176586081e-07,0.69118,0.002352129623255723,50000,1.0291525452752326
71,7,1.8,fit,1260,sim,clean,optimum,9.419641534792645e-05,9.641443952093185e-05,6.733700046041517e-07,0.63696,0.0025355148843490215,50000,1.0235468002132866
34,23,20.0,fit,1265,sim,clean,optimum,6.567373613935948e-05,6.799257604161792e-05,5.761945966500383e-07,0.74398,0.0021696095253700663,50000,1.0353084815722662
34,27,30.0,fit,1264,sim,clean,optimum,6.053408933115722e-05,6.281385862574591e-05,5.537708433802817e-07,0.76348,0.002085174876084105,50000,1.0376609166798068
71,3,1.0,fit,1262,sim,clean,optimum,6.54269776892508e-05,6.986222581637374e-05,5.882363167910741e-07,0.73694,0.0022149515519557478,50000,1.067789286373404
34,25,26.0,fit,1262,sim,clean,optimum,6.321325117734792e-05,6.640974753912574e-05,5.633160519299407e-07,0.74994,0.0021211165102323374,50000,1.0505668716960925
71,11,3.0,fit,1260,sim,clean,optimum,8.290958078978973e-05,8.601451264885247e-05,6.378275605240887e-07,0.67612,0.002401682971173561,50000,1.0374496147427765
34,29,40.0,fit,1262,sim,clean,optimum,6.056846708809493e-05,6.392927468454913e-05,5.547962761504355e-07,0.75928,0.002089036052010931,50000,1.055487744003262
71,1,0.6,fit,1261,sim,clean,optimum,0.0001389663778579477,0.00014186498816464127,7.809160310132252e-07,0.46582,0.0029404698850890674,50000,1.0208583569016711
34,21,10.0,fit,1267,sim,clean,optimum,7.589841000196474e-05,7.82384692674816e-05,6.118115084910445e-07,0.7054,0.0023037218402785784,50000,1.0308314662383082
34,19,8.0,fit,1267,sim,clean,optimum,7.969173251216412e-05,8.222209804892159e-05,6.234756974736334e-07,0.6904,0.0023476423068526722,50000,1.0317519202681562
71,5,1.4,fit,1262,sim,clean,optimum,9.791822800802057e-05,0.00010084954623093503,6.829614772240118e-07,0.62026,0.00257163072174035,50000,1.0299363896033162
71,7,1.8,fit,1261,sim,clean,optimum,9.419641534792645e-05,9.63772589856384e-05,6.759309657288521e-07,0.6371,0.0025451579557741206,50000,1.023152087366135
71,9,2.0,fit,1261,sim,clean,optimum,9.521014563141652e-05,9.76785777209088e-05,6.775973594939585e-07,0.6322,0.0025514326133408735,50000,1.0259261455081503
34,23,20.0,fit,1266,sim,clean,optimum,6.567373613935948e-05,6.837500440463617e-05,5.721222656038291e-07,0.74254,0.00215427552487842,50000,1.0411316368471044
34,27,30.0,fit,1265,sim,clean,optimum,6.053408933115722e-05,6.301038431229696e-05,5.5632589188627e-07,0.76274,0.002094795684069123,50000,1.04090744584581
34,25,26.0,fit,1263,sim,clean,optimum,6.321325117734792e-05,6.535275803578367e-05,5.587365870563298e-07,0.75392,0.0021038729424018698,50000,1.0338458601414642
71,3,1.0,fit,1263,sim,clean,optimum,6.54269776892508e-05,6.971881518024191e-05,5.858075000616232e-07,0.73748,0.0022058060585022654,50000,1.0655973673638945
34,29,40.0,fit,1263,sim,clean,optimum,6.056846708809493e-05,6.304225334254849e-05,5.519206454008233e-07,0.76262,0.002078208120089877,50000,1.040842807708102
71,11,3.0,fit,1261,sim,clean,optimum,8.290958078978973e-05,8.486722755979775e-05,6.337152163355689e-07,0.68044,0.002386198304752033,50000,1.0236118281067115
71,1,0.6,fit,1262,sim,clean,optimum,0.0001389663778579477,0.00014296978121336064,7.885826856243726e-07,0.46166,0.002969337991400329,50000,1.0288084313423298
34,21,10.0,fit,1268,sim,clean,optimum,7.589841000196474e-05,7.858902860024831e-05,6.059815201527251e-07,0.70408,0.0022817695375233053,50000,1.0354502630320441
34,19,8.0,fit,1268,sim,clean,optimum,7.969173251216412e-05,8.210524493799935e-05,6.176876822758041e-07,0.69084,0.0023258480502261663,50000,1.030285606169584
71,7,1.8,fit,1262,sim,clean,optimum,9.419641534792645e-05,9.69615245402496e-05,6.736153169723699e-07,0.6349,0.0025364385862613123,50000,1.029354717821372
34,23,20.0,fit,1267,sim,clean,optimum,6.567373613935948e-05,6.825815129371392e-05,5.732728964501006e-07,0.74298,0.0021586081230297554,50000,1.0393523394020148
71,5,1.4,fit,1263,sim,clean,optimum,9.791822800802057e-05,0.00010010062402002433,6.864467463313452e-07,0.62308,0.0025847541926956688,50000,1.022287944302107
34,27,30.0,fit,1266,sim,clean,optimum,6.053408933115722e-05,6.355215782657279e-05,5.536837997427979e-07,0.7607,0.0020848471210060363,50000,1.049857337060197
71,9,2.0,fit,1262,sim,clean,optimum,9.521014563141652e-05,9.809818661922049e-05,6.701149104951323e-07,0.63062,0.0025232581168854527,50000,1.030333332321372
34,25,26.0,fit,1264,sim,clean,optimum,6.321325117734792e-05,6.554928372233472e-05,5.654044560281951e-07,0.75318,0.002128980210188459,50000,1.0369547919380535
34,29,40.0,fit,1264,sim,clean,optimum,6.056846708809493e-05,6.2808547120704e-05,5.536945457885834e-07,0.7635,0.0020848875842860324,50000,1.036984261618359
71,3,1.0,fit,1264,sim,clean,optimum,6.54269776892508e-05,6.921953370630143e-05,5.901390508929009e-07,0.73936,0.0022221161280478715,50000,1.057966241923379
71,11,3.0,fit,1262,sim,clean,optimum,8.290958078978973e-05,8.588703652784641e-05,6.353134964182483e-07,0.6766,0.0023922164863034584,50000,1.0359120828943251
34,21,10.0,fit,1269,sim,clean,optimum,7.589841000196474e-05,7.82384692674816e-05,6.083403262434651e-07,0.7054,0.0022906514121412286,50000,1.0308314662383082
71,1,0.6,fit,1263,sim,clean,optimum,0.0001389663778579477,0.00014213056341673728,7.872882769356246e-07,0.46482,0.002964464010566151,50000,1.022769432488368
34,19,8.0,fit,1269,sim,clean,optimum,7.969173251216412e-05,8.205744139262208e-05,6.229762492456969e-07,0.69102,0.002345761678955326,50000,1.0296857504019863
71,7,1.8,fit,1263,sim,clean,optimum,9.419641534792645e-05,9.71739847419264e-05,6.789624233992744e-07,0.6341,0.0025565726401112236,50000,1.0316102198050947
34,23,20.0,fit,1268,sim,clean,optimum,6.567373613935948e-05,6.839093891976191e-05,5.726215170953139e-07,0.74248,0.002156155411982149,50000,1.0413742683168892
34,27,30.0,fit,1267,sim,clean,optimum,6.053408933115722e-05,6.326002504926719e-05,5.542538402676555e-07,0.7618,0.0020869935579212184,50000,1.0450314153269489
71,5,1.4,fit,1264,sim,clean,optimum,9.791822800802057e-05,0.00010008468950489854,6.835358804813662e-07,0.62314,0.0025737935861368665,50000,1.0221252114233574
71,9,2.0,fit,1263,sim,clean,optimum,9.521014563141652e-05,9.78432343772083e-05,6.74452954782527e-07,0.63158,0.0025395926369627475,50000,1.027655547928528
34,25,26.0,fit,1265,sim,clean,optimum,6.321325117734792e-05,6.5597087267712e-05,5.658593450869022e-07,0.753,0.002130693054495739,50000,1.0377110185912777
34,29,40.0,fit,1265,sim,clean,optimum,6.056846708809493e-05,6.332376310977023e-05,5.578970529942264e-07,0.76156,0.0021007117515323233,50000,1.0454906018616554
71,3,1.0,fit,1265,sim,clean,optimum,6.54269776892508e-05,6.890084340378624e-05,5.901662145626823e-07,0.74056,0.0022222184104313657,50000,1.0530953107911352
71,11,3.0,fit,1263,sim,clean,optimum,8.290958078978973e-05,8.503188421609728e-05,6.338830968815537e-07,0.67982,0.002386830444022013,50000,1.025597806744295
34,21,10.0,fit,1270,sim,clean,optimum,7.589841000196474e-05,7.790915595488254e-05,6.103638439711451e-07,0.70664,0.0022982707882378706,50000,1.0264925965229805
71,1,0.6,fit,1264,sim,clean,optimum,0.0001389663778579477,0.00014239082716379134,7.856685140328652e-07,0.46384,0.0029583649373657083,50000,1.0246422865633307
34,19,8.0,fit,1270,sim,clean,optimum,7.969173251216412e-05,8.140943777750784e-05,6.239898990134649e-07,0.69346,0.0023495784870342716,50000,1.0215543722189944
71,7,1.8,fit,1264,sim,clean,optimum,9.419641534792645e-05,9.570800935035648e-05,6.740066588853461e-07,0.63962,0.002537912149441193,50000,1.0160472561174092
34,23,20.0,fit,1269,sim,clean,optimum,6.567373613935948e-05,6.829533182900737e-05,5.713702494282143e-07,0.74284,0.0021514438748294054,50000,1.0399184794981797
34,27,30.0,fit,1268,sim,clean,optimum,6.053408933115722e-05,6.341405869548288e-05,5.524817166028459e-07,0.76122,0.0020803207838173683,50000,1.0475759922408434
71,5,1.4,fit,1265,sim,clean,optimum,9.791822800802057e-05,0.00010058397097883902,6.877239705198015e-07,0.62126,0.0025895634668218386,50000,1.0272241749574973
71,9,2.0,fit,1264,sim,clean,optimum,9.521014563141652e-05,9.658440768227327e-05,6.739060827356083e-07,0.63632,0.002537533438891381,50000,1.0144339874888637
34,29,40.0,fit,1266,sim,clean,optimum,6.056846708809493e-05,6.36105843820339e-05,5.536865246146485e-07,0.76048,0.002084857381268727,50000,1.0502260902445213
34,25,26.0,fit,1266,sim,clean,optimum,6.321325117734792e-05,6.596889262064639e-05,5.628634107691029e-07,0.7516,0.002119412130184628,50000,1.0435927814496897
71,3,1.0,fit,1266,sim,clean,optimum,6.54269776892508e-05,6.914517263571456e-05,5.878521068704205e-07,0.73964,0.0022135048436588665,50000,1.0568296913258557
34,21,10.0,fit,1271,sim,clean,optimum,7.589841000196474e-05,7.771794177337344e-05,6.085169891712264e-07,0.70736,0.002291316620688964,50000,1.0239732528173067
71,11,3.0,fit,1264,sim,clean,optimum,8.290958078978973e-05,8.489378508500737e-05,6.314255574694306e-07,0.68034,0.002377576797860605,50000,1.0239321472418057
71,1,0.6,fit,1265,sim,clean,optimum,0.0001389663778579477,0.00014114262347894016,7.900187864569466e-07,0.46854,0.0029747455014045173,50000,1.015660231305856
34,19,8.0,fit,1271,sim,clean,optimum,7.969173251216412e-05,8.115448553549567e-05,6.219187571682266e-07,0.69442,0.002341779786557129,50000,1.0183551414584728
71,7,1.8,fit,1265,sim,clean,optimum,9.419641534792645e-05,9.681280239907583e-05,6.745291978144749e-07,0.63546,0.0025398797233209306,50000,1.0277758664327663
34,23,20.0,fit,1270,sim,clean,optimum,6.567373613935948e-05,6.8518415040768e-05,5.724342346871413e-07,0.742,0.002155450216725081,50000,1.0433153200751686
34,27,30.0,fit,1269,sim,clean,optimum,6.053408933115722e-05,6.350966578623744e-05,5.55035415696303e-07,0.76086,0.0020899365107094735,50000,1.0491553848080883
71,5,1.4,fit,1266,sim,clean,optimum,9.791822800802057e-05,0.00010039275679732992,6.815580081860014e-07,0.62198,0.0025663460838573626,50000,1.0252713804125078
71,9,2.0,fit,1265,sim,clean,optimum,9.521014563141652e-05,9.782729986208256e-05,6.806744460133039e-07,0.63164,0.0025630191090518254,50000,1.0274881864039755
34,29,40.0,fit,1267,sim,clean,optimum,6.056846708809493e-05,6.345123923077633e-05,5.546345776905946e-07,0.76108,0.0020884271908366884,50000,1.0475952633651517
34,25,26.0,fit,1267,sim,clean,optimum,6.321325117734792e-05,6.598482713577216e-05,5.653331384088453e-07,0.75154,0.002128711670033505,50000,1.0438448570007648
34,21,10.0,fit,1272,sim,clean,optimum,7.589841000196474e-05,7.764358070278654e-05,6.099720843187759e-07,0.70764,0.002296795652097446,50000,1.0229935080428778
71,3,1.0,fit,1267,sim,clean,optimum,6.54269776892508e-05,6.915048414075646e-05,5.880720672360476e-07,0.73962,0.0022143330848593966,50000,1.0569108735113926
34,19,8.0,fit,1272,sim,clean,optimum,7.969173251216412e-05,8.156878292876543e-05,6.257977303129575e-07,0.69286,0.0023563857150618256,50000,1.02355389144432
71,11,3.0,fit,1265,sim,clean,optimum,8.290958078978973e-05,8.541962408415744e-05,6.376108942414306e-07,0.67836,0.00240086713354958,50000,1.030274466116669
71,1,0.6,fit,1266,sim,clean,optimum,0.0001389663778579477,0.0001434903087074688,7.94247539291113e-07,0.4597,0.0029906684942315664,50000,1.0325541394922553
34,23,20.0,fit,1271,sim,clean,optimum,6.567373613935948e-05,6.76951317592704e-05,5.71066464080568e-07,0.7451,0.0021502999981117942,50000,1.0307793608029476
71,7,1.8,fit,1266,sim,clean,optimum,9.419641534792645e-05,9.68552944394112e-05,6.71778484933885e-07,0.6353,0.002529522158529481,50000,1.0282269668295108
34,27,30.0,fit,1270,sim,clean,optimum,6.053408933115722e-05,6.393458618959102e-05,5.544115116681472e-07,0.75926,0.002087587255561519,50000,1.0561749073291757
71,5,1.4,fit,1267,sim,clean,optimum,9.791822800802057e-05,0.00010012718154523392,6.831151086446177e-07,0.62298,0.0025722092071955773,50000,1.0225591657666888
71,9,2.0,fit,1266,sim,clean,optimum,9.521014563141652e-05,9.774762728645378e-05,6.712121199181179e-07,0.63194,0.002527389561416997,50000,1.0266513787812122
34,29,40.0,fit,1268,sim,clean,optimum,6.056846708809493e-05,6.357340384674048e-05,5.532321523344069e-07,0.76062,0.002083146482844813,50000,1.0496122306393354
34,25,26.0,fit,1268,sim,clean,optimum,6.321325117734792e-05,6.599545014585601e-05,5.621894674476312e-07,0.7515,0.0021168744565265864,50000,1.0440129073681481
34,21,10.0,fit,1273,sim,clean,optimum,7.589841000196474e-05,7.682029742128895e-05,6.06477560022146e-07,0.71074,0.0022836373315496916,50000,1.0121463337545589
71,3,1.0,fit,1268,sim,clean,optimum,6.54269776892508e-05,6.944792842310398e-05,5.883660228452215e-07,0.7385,0.0022154399485707324,50000,1.061457075901487
34,19,8.0,fit,1273,sim,clean,optimum,7.969173251216412e-05,8.070831911197438e-05,6.208859676602777e-07,0.6961,0.0023378909094882087,50000,1.0127564876275603
71,11,3.0,fit,1266,sim,clean,optimum,8.290958078978973e-05,8.494158863038464e-05,6.35300106620391e-07,0.68016,0.002392166068210087,50000,1.024508721684975
71,7,1.8,fit,1267,sim,clean,optimum,9.419641534792645e-05,9.668001477302784e-05,6.680683564965993e-07,0.63596,0.0025155519997590225,50000,1.0263661776929398
71,1,0.6,fit,1267,sim,clean,optimum,0.0001389663778579477,0.00014300165024361215,7.975008790130643e-07,0.46154,0.00300291865570661,50000,1.0290377604127332
34,23,20.0,fit,1272,sim,clean,optimum,6.567373613935948e-05,6.78013618601088e-05,5.725630362447785e-07,0.7447,0.002155935207538874,50000,1.032396903934847
34,27,30.0,fit,1271,sim,clean,optimum,6.053408933115722e-05,6.2941334746752e-05,5.52873697872254e-07,0.763,0.0020817967544370496,50000,1.0397667734361333
71,5,1.4,fit,1268,sim,clean,optimum,9.791822800802057e-05,0.00010027590368640769,6.881272542001917e-07,0.62242,0.0025910819956651977,50000,1.0240780059683474
71,9,2.0,fit,1267,sim,clean,optimum,9.521014563141652e-05,9.751923256965119e-05,6.745501142847193e-07,0.6328,0.002539958482429994,50000,1.0242525302626229
34,29,40.0,fit,1269,sim,clean,optimum,6.056846708809493e-05,6.346717374590207e-05,5.550937768846293e-07,0.76102,0.002090156264575339,50000,1.0478583460530884
34,21,10.0,fit,1274,sim,clean,optimum,7.589841000196474e-05,7.692652752212737e-05,6.064307415000566e-07,0.71034,0.0022834610405673057,50000,1.0135459691466002
34,25,26.0,fit,1269,sim,clean,optimum,6.321325117734792e-05,6.60220076710656e-05,5.638982519480026e-07,0.7514,0.0021233087326381034,50000,1.044433033286606
34,19,8.0,fit,1274,sim,clean,optimum,7.969173251216412e-05,8.098451737415423e-05,6.23786629420241e-07,0.69506,0.002348813093453282,50000,1.0162223209514585
71,3,1.0,fit,1269,sim,clean,optimum,6.54269776892508e-05,6.885303985840897e-05,5.863717750266249e-07,0.74074,0.0022079307857144144,50000,1.0523646711212988
34,23,20.0,fit,1273,sim,clean,optimum,6.567373613935948e-05,6.714804673995262e-05,5.664564630775861e-07,0.74716,0.0021329414492010867,50000,1.022449013673665
71,7,1.8,fit,1268,sim,clean,optimum,9.419641534792645e-05,9.649942360160256e-05,6.714397120789394e-07,0.63664,0.0025282465394638044,50000,1.0244490010067757
71,11,3.0,fit,1267,sim,clean,optimum,8.290958078978973e-05,8.500532669088768e-05,6.319601768606181e-07,0.67992,0.0023795898596461747,50000,1.025277487609201
71,1,0.6,fit,1268,sim,clean,optimum,0.0001389663778579477,0.0001426670254259712,7.922976158259926e-07,0.4628,0.002983326230787473,50000,1.0266298051734954
34,27,30.0,fit,1272,sim,clean,optimum,6.053408933115722e-05,6.321222150388991e-05,5.533760246366073e-07,0.76198,0.0020836882212073482,50000,1.0442417190433266
71,5,1.4,fit,1269,sim,clean,optimum,9.791822800802057e-05,0.00010039275679732992,6.918222115428065e-07,0.62198,0.0026049950290275054,50000,1.0252713804125078
71,9,2.0,fit,1268,sim,clean,optimum,9.521014563141652e-05,9.722178828730366e-05,6.726874865507955e-07,0.63392,0.002532944923300432,50000,1.0211284484709722
34,21,10.0,fit,1275,sim,clean,optimum,7.589841000196474e-05,7.786135240950527e-05,6.098159149527926e-07,0.70682,0.0022962076102345436,50000,1.0258627605965622
34,29,40.0,fit,1270,sim,clean,optimum,6.056846708809493e-05,6.371150297783039e-05,5.53284590054718e-07,0.7601,0.002083343932418511,50000,1.051892280601456
34,25,26.0,fit,1270,sim,clean,optimum,6.321325117734792e-05,6.602731917610751e-05,5.622187826713676e-07,0.75138,0.0021169848403952076,50000,1.0445170584702974
34,19,8.0,fit,1275,sim,clean,optimum,7.969173251216412e-05,8.207868741278976e-05,6.248343667613804e-07,0.69094,0.0023527582552590994,50000,1.0299523529653631
71,3,1.0,fit,1270,sim,clean,optimum,6.54269776892508e-05,6.904425403991807e-05,5.901708832048374e-07,0.74002,0.0022222359897883207,50000,1.0552872298006448
34,23,20.0,fit,1274,sim,clean,optimum,6.567373613935948e-05,6.723834232566527e-05,5.716179658526284e-07,0.74682,0.0021523766290015615,50000,1.0238239253357797
71,7,1.8,fit,1269,sim,clean,optimum,9.419641534792645e-05,9.60585686831232e-05,6.666473248855038e-07,0.6383,0.002510201231568537,50000,1.0197688343905513
71,11,3.0,fit,1268,sim,clean,optimum,8.290958078978973e-05,8.522309839760638e-05,6.345366189867503e-07,0.6791,0.00238929122340578,50000,1.0279041045169723
71,1,0.6,fit,1269,sim,clean,optimum,0.0001389663778579477,0.00014266171392092927,7.815408851053238e-07,0.46282,0.00294282271761833,50000,1.0265915836617614
34,27,30.0,fit,1273,sim,clean,optimum,6.053408933115722e-05,6.221897006105089e-05,5.504817960364869e-07,0.76572,0.0020727902607337034,50000,1.0278335851502842
71,5,1.4,fit,1270,sim,clean,optimum,9.791822800802057e-05,0.00010045118335279104,6.830100671085731e-07,0.62176,0.0025718136826306352,50000,1.025868067634588
71,9,2.0,fit,1269,sim,clean,optimum,9.521014563141652e-05,9.758297063015423e-05,6.734234919824989e-07,0.63256,0.0025357162863167315,50000,1.024921976360834
34,21,10.0,fit,1276,sim,clean,optimum,7.589841000196474e-05,7.849873301453566e-05,6.099290287643167e-07,0.70442,0.002296633530235114,50000,1.034260572948809
34,29,40.0,fit,1271,sim,clean,optimum,6.056846708809493e-05,6.29147772215424e-05,5.533365727875576e-07,0.7631,0.002083539668777337,50000,1.0387381462046057
34,19,8.0,fit,1276,sim,clean,optimum,7.969173251216412e-05,8.198308032203519e-05,6.22205021437936e-07,0.6913,0.002342857689213533,50000,1.0287526414301673
34,25,26.0,fit,1271,sim,clean,optimum,6.321325117734792e-05,6.539525007611904e-05,5.61268880588646e-07,0.75376,0.0021134080685566246,50000,1.034518061610997
34,23,20.0,fit,1275,sim,clean,optimum,6.567373613935948e-05,6.834844687942656e-05,5.748046272740875e-07,0.74264,0.0021643757192643365,50000,1.0407272510641294
71,3,1.0,fit,1271,sim,clean,optimum,6.54269776892508e-05,6.961789658444545e-05,5.899970347193398e-07,0.73786,0.0022215813787727027,50000,1.0640549058386841
71,7,1.8,fit,1270,sim,clean,optimum,9.419641534792645e-05,9.648880059151871e-05,6.724633556210422e-07,0.63668,0.002532100978211481,50000,1.0243362259075894
71,1,0.6,fit,1270,sim,clean,optimum,0.0001389663778579477,0.00014261922188059392,7.858747510397146e-07,0.46298,0.0029591415044788777,50000,1.0262858115678901
71,11,3.0,fit,1269,sim,clean,optimum,8.290958078978973e-05,8.494158863038464e-05,6.33471470764204e-07,0.68016,0.002385280502473992,50000,1.024508721684975
34,27,30.0,fit,1274,sim,clean,optimum,6.053408933115722e-05,6.253234885852416e-05,5.518156909277549e-07,0.76454,0.0020778129233528313,50000,1.0330104830095863
71,5,1.4,fit,1271,sim,clean,optimum,9.791822800802057e-05,0.00010013780455531775,6.891708523733561e-07,0.62294,0.00259501157180201,50000,1.0226676543525213
71,9,2.0,fit,1270,sim,clean,optimum,9.521014563141652e-05,9.816192467972351e-05,6.777104541588736e-07,0.63038,0.0025518584612465897,50000,1.0310027784195825
34,21,10.0,fit,1277,sim,clean,optimum,7.589841000196474e-05,7.873243923638014e-05,6.087994820200688e-07,0.70354,0.0022923803223954026,50000,1.0373397708112995
34,29,40.0,fit,1272,sim,clean,optimum,6.056846708809493e-05,6.316441795851266e-05,5.522471708858222e-07,0.76216,0.0020794376227729087,50000,1.0428597749822857
34,19,8.0,fit,1277,sim,clean,optimum,7.969173251216412e-05,8.210524493799935e-05,6.176415778685645e-07,0.69084,0.0023256744481797566,50000,1.030285606169584
34,25,26.0,fit,1272,sim,clean,optimum,6.321325117734792e-05,6.560239877275393e-05,5.623485610681079e-07,0.75298,0.0021174735094097942,50000,1.0377950437749695
71,7,1.8,fit,1271,sim,clean,optimum,9.419641534792645e-05,9.592046955203326e-05,6.679358245988646e-07,0.63882,0.00251505296268125,50000,1.0183027581011315
34,23,20.0,fit,1276,sim,clean,optimum,6.567373613935948e-05,6.91026805953792e-05,5.764350568405092e-07,0.7398,0.0021705149568384476,50000,1.0522118073006157
71,3,1.0,fit,1272,sim,clean,optimum,6.54269776892508e-05,6.907081156512767e-05,5.849107070135326e-07,0.73992,0.0022024292640117665,50000,1.0556931407283319
71,1,0.6,fit,1271,sim,clean,optimum,0.0001389663778579477,0.00014167908548817407,7.90622621833926e-07,0.46652,0.0029770191898307306,50000,1.0195206039909834
34,27,30.0,fit,1275,sim,clean,optimum,6.053408933115722e-05,6.310599140305153e-05,5.514250645163972e-07,0.76238,0.0020763420543306816,50000,1.042486838413055
71,11,3.0,fit,1270,sim,clean,optimum,8.290958078978973e-05,8.547805063961857e-05,6.367530281033701e-07,0.67814,0.002397636914877885,50000,1.030979168213876
71,5,1.4,fit,1272,sim,clean,optimum,9.791822800802057e-05,0.00010024403465615616,6.836041140906108e-07,0.62254,0.002574050513725963,50000,1.023752540210849
71,9,2.0,fit,1271,sim,clean,optimum,9.521014563141652e-05,9.76307741755315e-05,6.70981597400193e-07,0.63238,0.0025265215493710494,50000,1.025424060934492
34,29,40.0,fit,1273,sim,clean,optimum,6.056846708809493e-05,6.254297186860801e-05,5.513015960895745e-07,0.7645,0.0020758771449468126,50000,1.0325995501527425
34,21,10.0,fit,1278,sim,clean,optimum,7.589841000196474e-05,7.806850110614016e-05,6.083283138307048e-07,0.70604,0.002290606180468979,50000,1.0285920496110426
34,19,8.0,fit,1278,sim,clean,optimum,7.969173251216412e-05,8.219022901867007e-05,6.215790767449144e-07,0.69052,0.002340500750123458,50000,1.0313520164230912
34,25,26.0,fit,1273,sim,clean,optimum,6.321325117734792e-05,6.4800361511424e-05,5.591540824161955e-07,0.756,0.002105444984060762,50000,1.0251072410375377
71,7,1.8,fit,1272,sim,clean,optimum,9.419641534792645e-05,9.643037403605759e-05,6.74385837360872e-07,0.6369,0.002539339912278782,50000,1.0237159628620656
34,23,20.0,fit,1277,sim,clean,optimum,6.567373613935948e-05,6.868838320210944e-05,5.736673053558981e-07,0.74136,0.0021600932346984244,50000,1.0459033890862077
71,3,1.0,fit,1273,sim,clean,optimum,6.54269776892508e-05,6.840687343488768e-05,5.84180045674085e-07,0.74242,0.0021996780236997232,50000,1.0455453675361572
71,1,0.6,fit,1272,sim,clean,optimum,0.0001389663778579477,0.00014183843063943167,8.033332170731578e-07,0.46592,0.0030248798061303143,50000,1.0206672493430016
34,27,30.0,fit,1276,sim,clean,optimum,6.053408933115722e-05,6.422671896689666e-05,5.579445347425975e-07,0.75816,0.0021008905398343064,50000,1.0610008290624242
71,11,3.0,fit,1271,sim,clean,optimum,8.290958078978973e-05,8.458571779257599e-05,6.356580538585952e-07,0.6815,0.002393513886711168,50000,1.020216445274714
71,5,1.4,fit,1273,sim,clean,optimum,9.791822800802057e-05,9.875681324441854e-05,6.846763942279899e-07,0.62814,0.0025780880892489694,50000,1.0085641381942623
71,9,2.0,fit,1272,sim,clean,optimum,9.521014563141652e-05,9.716336173184255e-05,6.695031169796655e-07,0.63414,0.002520954462796307,50000,1.0205147895476123
34,29,40.0,fit,1274,sim,clean,optimum,6.056846708809493e-05,6.265982497953024e-05,5.519895600717756e-07,0.76406,0.0020784676121562815,50000,1.0345288231976137
34,21,10.0,fit,1279,sim,clean,optimum,7.589841000196474e-05,7.839250291369728e-05,6.153632665244807e-07,0.70482,0.0023170956693737395,50000,1.032860937556768
34,19,8.0,fit,1279,sim,clean,optimum,7.969173251216412e-05,8.212117945312513e-05,6.295027127007011e-07,0.69078,0.0023703364968402584,50000,1.0304855580921168
34,25,26.0,fit,1274,sim,clean,optimum,6.321325117734792e-05,6.510842880385537e-05,5.625996689186621e-07,0.75484,0.002118419033695556,50000,1.0299807016916507
71,7,1.8,fit,1273,sim,clean,optimum,9.419641534792645e-05,9.573456687556609e-05,6.721847661554369e-07,0.63952,0.0025310519743475795,50000,1.0163291938653747
34,23,20.0,fit,1278,sim,clean,optimum,6.567373613935948e-05,6.842280795001343e-05,5.721610315259418e-07,0.74236,0.0021544214945115343,50000,1.041859531256459
71,1,0.6,fit,1273,sim,clean,optimum,0.0001389663778579477,0.00014231115458816256,8.081130316590413e-07,0.46414,0.00304287777298965,50000,1.0240689638873217
71,3,1.0,fit,1274,sim,clean,optimum,6.54269776892508e-05,6.857153009118719e-05,5.853779101692313e-07,0.7418,0.0022041884759564467,50000,1.0480620152878164
34,27,30.0,fit,1277,sim,clean,optimum,6.053408933115722e-05,6.349904277615359e-05,5.541977111443657e-07,0.7609,0.002086782208697799,50000,1.0489798967450608
71,11,3.0,fit,1272,sim,clean,optimum,8.290958078978973e-05,8.544087010432512e-05,6.379781884860648e-07,0.67828,0.0024022501473723494,50000,1.0305307214247441
34,29,40.0,fit,1275,sim,clean,optimum,6.056846708809493e-05,6.321222150388991e-05,5.533364424302359e-07,0.76198,0.002083539177928432,50000,1.0436490230460964
71,5,1.4,fit,1274,sim,clean,optimum,9.791822800802057e-05,9.935701331415551e-05,6.839783835299654e-07,0.62588,0.0025754597920243007,50000,1.0146937432938135
34,21,10.0,fit,1280,sim,clean,optimum,7.589841000196474e-05,7.764889220782846e-05,6.096203469894143e-07,0.70762,0.002295471216456001,50000,1.0230634898124797
71,9,2.0,fit,1273,sim,clean,optimum,9.521014563141652e-05,9.638257049068032e-05,6.746656030994297e-07,0.63708,0.0025403933452939056,50000,1.0123140748445294
34,19,8.0,fit,1280,sim,clean,optimum,7.969173251216412e-05,8.109605898003454e-05,6.22454366259451e-07,0.69464,0.0023437965749701956,50000,1.0176219844091867
71,7,1.8,fit,1274,sim,clean,optimum,9.419641534792645e-05,9.602669965287168e-05,6.721583857818994e-07,0.63842,0.0025309526413964506,50000,1.019430509092993
34,25,26.0,fit,1275,sim,clean,optimum,6.321325117734792e-05,6.589984305510145e-05,5.66090742498672e-07,0.75186,0.0021315643608766748,50000,1.0425004540616993
34,23,20.0,fit,1279,sim,clean,optimum,6.567373613935948e-05,6.821034774833662e-05,5.718405551304145e-07,0.74316,0.0021532147691370952,50000,1.0386244449926598
71,1,0.6,fit,1274,sim,clean,optimum,0.0001389663778579477,0.00014151442883187455,7.903905798198438e-07,0.46714,0.0029761454562570984,50000,1.0183357371272315
71,3,1.0,fit,1275,sim,clean,optimum,6.54269776892508e-05,6.944261691806209e-05,5.851279594541119e-07,0.73852,0.0022032473087612854,50000,1.06137589371595
34,27,30.0,fit,1278,sim,clean,optimum,6.053408933115722e-05,6.374337200808192e-05,5.547126299026932e-07,0.75998,0.0020887210895018785,50000,1.0530161221946865
71,11,3.0,fit,1273,sim,clean,optimum,8.290958078978973e-05,8.405987879342592e-05,6.337508179113193e-07,0.68348,0.0023863323593202555,50000,1.0138741263998508
34,29,40.0,fit,1276,sim,clean,optimum,6.056846708809493e-05,6.42426534820224e-05,5.585525692246104e-07,0.7581,0.00210318003961719,50000,1.0606617035326895
34,21,10.0,fit,1281,sim,clean,optimum,7.589841000196474e-05,7.840843742882302e-05,6.091154387517806e-07,0.70476,0.002293570029377579,50000,1.033070882865574
71,5,1.4,fit,1275,sim,clean,optimum,9.791822800802057e-05,9.929327525365247e-05,6.863036240941459e-07,0.62612,0.0025842152786362087,50000,1.014042811778817
71,7,1.8,fit,1275,sim,clean,optimum,9.419641534792645e-05,9.602669965287168e-05,6.746195307831823e-07,0.63842,0.002540219864083274,50000,1.019430509092993
71,9,2.0,fit,1274,sim,clean,optimum,9.521014563141652e-05,9.662689972260865e-05,6.757553639649605e-07,0.63616,0.0025444967429445907,50000,1.014880284887671
34,19,8.0,fit,1281,sim,clean,optimum,7.969173251216412e-05,8.185029269598721e-05,6.187017115249276e-07,0.6918,0.0023296662872084165,50000,1.0270863754090627
34,25,26.0,fit,1276,sim,clean,optimum,6.321325117734792e-05,6.68984060029824e-05,5.688255991340447e-07,0.7481,0.0021418622203865064,50000,1.0582971885957202
34,23,20.0,fit,1280,sim,clean,optimum,6.567373613935948e-05,6.732863791137791e-05,5.666717247980728e-07,0.74648,0.0021337519980710877,50000,1.0251988369978942
71,1,0.6,fit,1275,sim,clean,optimum,0.0001389663778579477,0.00014238551565874945,7.954647615329411e-07,0.46386,0.0029952518363623617,50000,1.024604065051597
34,27,30.0,fit,1279,sim,clean,optimum,6.053408933115722e-05,6.310067989800961e-05,5.529183851142872e-07,0.7624,0.002081965020273872,50000,1.0423990943815413
71,3,1.0,fit,1276,sim,clean,optimum,6.54269776892508e-05,6.911861511050497e-05,5.846929270929071e-07,0.73974,0.0022016092330830305,50000,1.0564237803981686
71,11,3.0,fit,1274,sim,clean,optimum,8.290958078978973e-05,8.438388060098304e-05,6.323176495884177e-07,0.68226,0.002380935891420515,50000,1.0177820198479988
34,29,40.0,fit,1277,sim,clean,optimum,6.056846708809493e-05,6.337156665514753e-05,5.537538423975609e-07,0.76138,0.0020851108603951933,50000,1.0462798499254666
34,21,10.0,fit,1282,sim,clean,optimum,7.589841000196474e-05,7.816941970193665e-05,6.07510079735358e-07,0.70566,0.002287525192730517,50000,1.0299217032334818
71,7,1.8,fit,1276,sim,clean,optimum,9.419641534792645e-05,9.701463959066879e-05,6.670505447201478e-07,0.6347,0.0025117195200064155,50000,1.0299185933173027
34,25,26.0,fit,1277,sim,clean,optimum,6.321325117734792e-05,6.593702359039486e-05,5.614145312672235e-07,0.75172,0.0021139565032372958,50000,1.04308863034754
34,19,8.0,fit,1282,sim,clean,optimum,7.969173251216412e-05,8.219022901867007e-05,6.234412441056023e-07,0.69052,0.0023475125757585315,50000,1.0313520164230912
71,5,1.4,fit,1276,sim,clean,optimum,9.791822800802057e-05,0.00010047242937295872,6.902963557178705e-07,0.62168,0.002599249554579515,50000,1.0260850448062535
71,9,2.0,fit,1275,sim,clean,optimum,9.521014563141652e-05,9.703588561083649e-05,6.809146676515885e-07,0.63462,0.0025639236422731583,50000,1.0191758973511909
34,23,20.0,fit,1281,sim,clean,optimum,6.567373613935948e-05,6.817847871808511e-05,5.715215848879819e-07,0.74328,0.0021520137150482254,50000,1.03813918205309
71,1,0.6,fit,1276,sim,clean,optimum,0.0001389663778579477,0.00014177469257892864,7.89274360583529e-07,0.46616,0.0029719424319635873,50000,1.0202085912021943
34,27,30.0,fit,1280,sim,clean,optimum,6.053408933115722e-05,6.246861079802111e-05,5.493642616168373e-07,0.76478,0.0020685822842342757,50000,1.031957554631423
71,3,1.0,fit,1277,sim,clean,optimum,6.54269776892508e-05,6.971350367519999e-05,5.914030843181966e-07,0.7375,0.0022268757335281246,50000,1.065516185178357
71,11,3.0,fit,1275,sim,clean,optimum,8.290958078978973e-05,8.476630896400128e-05,6.339852624923376e-07,0.68082,0.0023872151395460785,50000,1.022394615393354
34,29,40.0,fit,1278,sim,clean,optimum,6.056846708809493e-05,6.4003635755136e-05,5.553613741402587e-07,0.759,0.0020911638782498717,50000,1.0567154632136344
34,21,10.0,fit,1283,sim,clean,optimum,7.589841000196474e-05,7.900332599351807e-05,6.149976211234507e-07,0.70252,0.0023157188641249665,50000,1.0409088410610046
71,7,1.8,fit,1277,sim,clean,optimum,9.419641534792645e-05,9.745549450914814e-05,6.831409765292806e-07,0.63304,0.002572306610415413,50000,1.034598759933527
34,19,8.0,fit,1283,sim,clean,optimum,7.969173251216412e-05,8.265764146235902e-05,6.255407866363719e-07,0.68876,0.0023554182164919934,50000,1.0372172728173803
34,25,26.0,fit,1278,sim,clean,optimum,6.321325117734792e-05,6.618135282232319e-05,5.646860340639015e-07,0.7508,0.0021262750561553793,50000,1.046953788797354
34,23,20.0,fit,1282,sim,clean,optimum,6.567373613935948e-05,6.829002032396545e-05,5.731464218949699e-07,0.74286,0.0021581318943370118,50000,1.039837602341585
71,5,1.4,fit,1277,sim,clean,optimum,9.791822800802057e-05,0.0001017418790779776,6.880917345614829e-07,0.6169,0.0025909482496236204,50000,1.0390494308132683
71,9,2.0,fit,1276,sim,clean,optimum,9.521014563141652e-05,9.792821845787903e-05,6.703720813892723e-07,0.63126,0.0025242264710227842,50000,1.0285481427261427
71,1,0.6,fit,1277,sim,clean,optimum,0.0001389663778579477,0.0001434956202125107,8.001509971534738e-07,0.45968,0.0030128974399475884,50000,1.0325923610039893
34,27,30.0,fit,1281,sim,clean,optimum,6.053408933115722e-05,6.37646180282496e-05,5.550833447471217e-07,0.7599,0.0020901169832890547,50000,1.0533670983207408
71,3,1.0,fit,1278,sim,clean,optimum,6.54269776892508e-05,7.002157096763136e-05,5.883873410416601e-07,0.73634,0.0022155202203440636,50000,1.0702247519395263
71,11,3.0,fit,1276,sim,clean,optimum,8.290958078978973e-05,8.589765953793022e-05,6.34143150758348e-07,0.67656,0.002387809653774209,50000,1.0360402105483624
34,29,40.0,fit,1279,sim,clean,optimum,6.056846708809493e-05,6.306349936271616e-05,5.535471311699179e-07,0.76254,0.0020843325076457878,50000,1.0411935846253513
71,7,1.8,fit,1278,sim,clean,optimum,9.419641534792645e-05,9.68552944394112e-05,6.705708184787325e-07,0.6353,0.0025249747978638272,50000,1.0282269668295108
71,13,4.0,fit,1234,sim,clean,optimum,7.097925255781698e-05,7.436638209192193e-05,5.984376694657714e-07,0.71998,0.002253363838470342,50000,1.0477199943933746
34,25,26.0,fit,1279,sim,clean,optimum,6.321325117734792e-05,6.599013864081409e-05,5.648871738801531e-07,0.75152,0.002127032430250534,50000,1.0439288821844566
71,15,5.0,fit,1234,sim,clean,optimum,7.733083105142808e-05,8.039494031450111e-05,6.140104471759309e-07,0.69728,0.002312001748393253,50000,1.039623384637303
34,23,20.0,fit,1283,sim,clean,optimum,6.567373613935948e-05,6.838562741471998e-05,5.72313274108118e-07,0.7425,0.002154994750419134,50000,1.041293391160294
71,5,1.4,fit,1278,sim,clean,optimum,9.791822800802057e-05,0.00010028652669649151,6.854193067596035e-07,0.62238,0.002580885460335884,50000,1.02418649455418
71,9,2.0,fit,1277,sim,clean,optimum,9.521014563141652e-05,9.82362857503104e-05,6.773135597760508e-07,0.6301,0.00255036399073516,50000,1.0317837988674954
71,1,0.6,fit,1278,sim,clean,optimum,0.0001389663778579477,0.00014310788034445056,7.947991614939064e-07,0.46114,0.002992745578592552,50000,1.029802190647412
34,27,30.0,fit,1282,sim,clean,optimum,6.053408933115722e-05,6.358933836186624e-05,5.531624050252457e-07,0.76056,0.002082883855553261,50000,1.0504715452807922
71,3,1.0,fit,1279,sim,clean,optimum,6.54269776892508e-05,6.979848775587073e-05,5.943060889367843e-07,0.73718,0.0022378067393190493,50000,1.0668151001469557
71,11,3.0,fit,1277,sim,clean,optimum,8.290958078978973e-05,8.598795512364287e-05,6.371601039564812e-07,0.67622,0.002399169722810471,50000,1.0371292956076825
34,29,40.0,fit,1280,sim,clean,optimum,6.056846708809493e-05,6.273949755515904e-05,5.499783261892331e-07,0.76376,0.0020708944897863723,50000,1.0358442366372989
71,7,1.8,fit,1279,sim,clean,optimum,9.419641534792645e-05,9.794946447804673e-05,6.762012001656525e-07,0.63118,0.0025461754995198863,50000,1.039842802045682
71,13,4.0,fit,1235,sim,clean,optimum,7.097925255781698e-05,7.262951994321407e-05,5.917993438502281e-07,0.72652,0.0022283678135653425,50000,1.0232499966670237
34,25,26.0,fit,1280,sim,clean,optimum,6.321325117734792e-05,6.515092084419072e-05,5.580266462771952e-07,0.75468,0.002101199723517461,50000,1.0306529031611833
71,15,5.0,fit,1235,sim,clean,optimum,7.733083105142808e-05,7.876961977167359e-05,6.125640247862889e-07,0.7034,0.0023065553734835944,50000,1.0186056285789642
71,17,6.0,fit,1234,sim,clean,optimum,6.749957612841136e-05,7.144505431886592e-05,5.836720044922303e-07,0.73098,0.0021977650397983803,50000,1.0584518958007778
71,5,1.4,fit,1279,sim,clean,optimum,9.791822800802057e-05,0.00010125853211916286,6.901285870676232e-07,0.61872,0.0025986178366429863,50000,1.0341132001578774
71,9,2.0,fit,1278,sim,clean,optimum,9.521014563141652e-05,9.740237945872895e-05,6.739299150997885e-07,0.63324,0.0025376231775398137,50000,1.0230252124159032
71,1,0.6,fit,1279,sim,clean,optimum,0.0001389663778579477,0.00014191279171001854,7.937787334018062e-07,0.46564,0.0029889032473359813,50000,1.0212023505072765
34,27,30.0,fit,1283,sim,clean,optimum,6.053408933115722e-05,6.396114371480065e-05,5.585389558090661e-07,0.75916,0.0021031287795112994,50000,1.0566136274867441
71,3,1.0,fit,1280,sim,clean,optimum,6.54269776892508e-05,6.921422220125951e-05,5.881757439673918e-07,0.73938,0.0022147234703735813,50000,1.0578850597378415
34,29,40.0,fit,1281,sim,clean,optimum,6.056846708809493e-05,6.41682924114355e-05,5.567666999949084e-07,0.75838,0.002096455507810828,50000,1.0594339843223166
71,11,3.0,fit,1278,sim,clean,optimum,8.290958078978973e-05,8.552585418499584e-05,6.33162320618754e-07,0.67796,0.002384116425087225,50000,1.0315557426570452
71,7,1.8,fit,1280,sim,clean,optimum,9.419641534792645e-05,9.621791383438078e-05,6.711004108111724e-07,0.6377,0.002526968930706628,50000,1.021460460878343
71,13,4.0,fit,1236,sim,clean,optimum,7.097925255781698e-05,7.389896964823294e-05,5.926765598278478e-07,0.72174,0.0022316708923375414,50000,1.0411347962284847
71,15,5.0,fit,1236,sim,clean,optimum,7.733083105142808e-05,7.947604994224895e-05,6.11315385397537e-07,0.70074,0.0023018537328792937,50000,1.027740797061837
34,25,26.0,fit,1281,sim,clean,optimum,6.321325117734792e-05,6.621853335761664e-05,5.648113886159814e-07,0.75066,0.002126747067576213,50000,1.0475419650831952
71,17,6.0,fit,1235,sim,clean,optimum,6.749957612841136e-05,6.924077972646911e-05,5.784889353523015e-07,0.73928,0.0021782486537683474,50000,1.025795770846698
71,5,1.4,fit,1280,sim,clean,optimum,9.791822800802057e-05,9.852310702257408e-05,6.779560787177782e-07,0.62902,0.0025527833386851536,50000,1.0061773893059418
71,9,2.0,fit,1279,sim,clean,optimum,9.521014563141652e-05,9.832658133602304e-05,6.772412041649555e-07,0.62976,0.002550091542114574,50000,1.0327321808399608
71,1,0.6,fit,1280,sim,clean,optimum,0.0001389663778579477,0.0001420030872957312,7.845401356050261e-07,0.4653,0.002954116128717562,50000,1.0218521162067535
71,19,8.0,fit,1234,sim,clean,optimum,6.356076847048537e-05,6.708962018449151e-05,5.688831921178644e-07,0.74738,0.0021420790816466017,50000,1.0555193368318818
34,29,40.0,fit,1282,sim,clean,optimum,6.056846708809493e-05,6.372212598791424e-05,5.53252137962892e-07,0.76006,0.002083221736951991,50000,1.0520676690600808
71,3,1.0,fit,1281,sim,clean,optimum,6.54269776892508e-05,6.983035678612223e-05,5.918083716385812e-07,0.73706,0.0022284018068997433,50000,1.0673021932601798
71,11,3.0,fit,1279,sim,clean,optimum,8.290958078978973e-05,8.592952856818175e-05,6.445435228082482e-07,0.67644,0.0024269713300517134,50000,1.0364245935104754
71,7,1.8,fit,1281,sim,clean,optimum,9.419641534792645e-05,9.7067754641088e-05,6.774327077625372e-07,0.6345,0.002550812631885064,50000,1.0304824688132335
71,13,4.0,fit,1237,sim,clean,optimum,7.097925255781698e-05,7.300132529614849e-05,5.910486185843532e-07,0.72512,0.0022255410243221807,50000,1.0284882224800043
71,15,5.0,fit,1237,sim,clean,optimum,7.733083105142808e-05,7.905644104393726e-05,6.120430596467688e-07,0.70232,0.0023045937255687056,50000,1.0223146443539652
71,17,6.0,fit,1236,sim,clean,optimum,6.749957612841136e-05,7.057396749199103e-05,5.78829619862242e-07,0.73426,0.0021795314710009463,50000,1.045546824734587
34,25,26.0,fit,1282,sim,clean,optimum,6.321325117734792e-05,6.626633690299391e-05,5.653596584870376e-07,0.75048,0.002128811529030091,50000,1.0482981917364196
71,5,1.4,fit,1281,sim,clean,optimum,9.791822800802057e-05,0.00010048305238304256,6.850709465376756e-07,0.62164,0.0025795737408922294,50000,1.0261935333920862
71,1,0.6,fit,1281,sim,clean,optimum,0.0001389663778579477,0.0001429591582032768,7.968364884300398e-07,0.4617,0.0030004169520358765,50000,1.028731988318862
71,9,2.0,fit,1280,sim,clean,optimum,9.521014563141652e-05,9.676499885369856e-05,6.757819909902508e-07,0.63564,0.002544597004640965,50000,1.0163307514337945
71,19,8.0,fit,1235,sim,clean,optimum,6.356076847048537e-05,6.545367663158016e-05,5.606475841986364e-07,0.75354,0.0021110686322382698,50000,1.0297810773319043
34,29,40.0,fit,1283,sim,clean,optimum,6.056846708809493e-05,6.40301932803456e-05,5.584775823154539e-07,0.7589,0.002102897683077698,50000,1.057153934360196
71,3,1.0,fit,1282,sim,clean,optimum,6.54269776892508e-05,7.001625946258944e-05,5.895269171204348e-07,0.73636,0.0022198111927512467,50000,1.070143569753989
71,7,1.8,fit,1282,sim,clean,optimum,9.419641534792645e-05,9.68552944394112e-05,6.76207476141088e-07,0.6353,0.0025461991311474044,50000,1.0282269668295108
71,11,3.0,fit,1280,sim,clean,optimum,8.290958078978973e-05,8.499470368080383e-05,6.316789562226028e-07,0.67996,0.002378530948336496,50000,1.025149359955163
71,13,4.0,fit,1238,sim,clean,optimum,7.097925255781698e-05,7.382460857764609e-05,5.938787250024465e-07,0.72202,0.002236197538420378,50000,1.0400871510658891
71,15,5.0,fit,1238,sim,clean,optimum,7.733083105142808e-05,7.99434623859379e-05,6.13373462730895e-07,0.69898,0.0023096032400984905,50000,1.0337851190655423
71,17,6.0,fit,1237,sim,clean,optimum,6.749957612841136e-05,7.010655504830207e-05,5.816778257050136e-07,0.73602,0.0021902561368735856,50000,1.038622152455168
34,25,26.0,fit,1283,sim,clean,optimum,6.321325117734792e-05,6.639912452904192e-05,5.66903138927345e-07,0.74998,0.002134623367400292,50000,1.0503988213287097
71,5,1.4,fit,1282,sim,clean,optimum,9.791822800802057e-05,0.00010081236569564161,6.802131314073018e-07,0.6204,0.0025612820699174887,50000,1.0295566795529019
71,1,0.6,fit,1282,sim,clean,optimum,0.0001389663778579477,0.0001429910272335283,7.936782837023028e-07,0.46158,0.002988525012923284,50000,1.0289613173892653
71,9,2.0,fit,1281,sim,clean,optimum,9.521014563141652e-05,9.796008748813054e-05,6.74623296969836e-07,0.63114,0.002540234045324274,50000,1.028882865775248
71,19,8.0,fit,1236,sim,clean,optimum,6.356076847048537e-05,6.645223957946112e-05,5.623685656392825e-07,0.74978,0.0021175488348439855,50000,1.0454914435202025
71,7,1.8,fit,1283,sim,clean,optimum,9.419641534792645e-05,9.710493517638143e-05,6.75526390697291e-07,0.63436,0.002543634564462739,50000,1.0308771816603848
71,21,10.0,fit,1234,sim,clean,optimum,5.676263530085168e-05,6.085922477031936e-05,5.412779637234935e-07,0.77084,0.0020381340484535533,50000,1.072170529922634
71,3,1.0,fit,1283,sim,clean,optimum,6.54269776892508e-05,6.962320808948734e-05,5.879298593192928e-07,0.73784,0.0022137976135922794,50000,1.0641360880242212
71,13,4.0,fit,1239,sim,clean,optimum,7.097925255781698e-05,7.331470409362175e-05,5.908312442661873e-07,0.72394,0.0022247225206534454,50000,1.0329032985223732
71,11,3.0,fit,1281,sim,clean,optimum,8.290958078978973e-05,8.524965592281599e-05,6.353706933376877e-07,0.679,0.002392431856218343,50000,1.0282244236520666
71,17,6.0,fit,1238,sim,clean,optimum,6.749957612841136e-05,7.035088428023041e-05,5.783026253764719e-07,0.7351,0.0021775471201188105,50000,1.042241867510319
71,15,5.0,fit,1239,sim,clean,optimum,7.733083105142808e-05,7.962477208342272e-05,6.114141716505604e-07,0.70018,0.002302225703732164,50000,1.0296639904266525
71,23,20.0,fit,1234,sim,clean,optimum,4.230999992212224e-05,4.7776987852070386e-05,4.856971553773766e-07,0.8201,0.001828849456205381,50000,1.1292126669820595
71,1,0.6,fit,1283,sim,clean,optimum,0.0001389663778579477,0.00014274669800159998,7.948488919621082e-07,0.4625,0.002992932834249129,50000,1.0272031278495044
71,5,1.4,fit,1283,sim,clean,optimum,9.791822800802057e-05,0.00010170469854268415,6.90134709914421e-07,0.61704,0.002598640891678233,50000,1.0386697207628535
71,9,2.0,fit,1282,sim,clean,optimum,9.521014563141652e-05,9.706244313604609e-05,6.749922531517084e-07,0.63452,0.0025416233170239546,50000,1.0194548332254454
71,19,8.0,fit,1237,sim,clean,optimum,6.356076847048537e-05,6.637256700383232e-05,5.633070130615358e-07,0.75008,0.002121082475176986,50000,1.0442379568562425
71,25,26.0,fit,1234,sim,clean,optimum,4.089269606288592e-05,4.640661955125504e-05,4.789018669771566e-07,0.82526,0.0018032624018899297,50000,1.134838834785793
71,21,10.0,fit,1235,sim,clean,optimum,5.676263530085168e-05,5.959508657034241e-05,5.382797159821226e-07,0.7756,0.002026844413151665,50000,1.049899925443529
71,13,4.0,fit,1240,sim,clean,optimum,7.097925255781698e-05,7.344218021462784e-05,5.974874297743223e-07,0.72346,0.002249785795396112,50000,1.0346992616582522
71,27,30.0,fit,1234,sim,clean,optimum,4.0676575645954604e-05,4.622071687478783e-05,4.775136575511209e-07,0.82596,0.001798035222719132,50000,1.1362981308232274
71,11,3.0,fit,1282,sim,clean,optimum,8.290958078978973e-05,8.42192239446835e-05,6.263457765371834e-07,0.68288,0.002358449334393448,50000,1.0157960412104152
71,17,6.0,fit,1239,sim,clean,optimum,6.749957612841136e-05,7.014373558359552e-05,5.779455640414177e-07,0.73588,0.002176202637407277,50000,1.0391729786592128
71,15,5.0,fit,1240,sim,clean,optimum,7.733083105142808e-05,7.961946057838078e-05,6.130400988118201e-07,0.7002,0.002308347987899937,50000,1.0295953049493374
71,23,20.0,fit,1235,sim,clean,optimum,4.230999992212224e-05,4.630038945041665e-05,4.787579105185368e-07,0.82566,0.0018027203466438795,50000,1.0943131537612694
71,29,40.0,fit,1234,sim,clean,optimum,4.010951084511709e-05,4.5774550451266544e-05,4.751521944340438e-07,0.82764,0.0017891433433047672,50000,1.1412393092507414
71,19,8.0,fit,1238,sim,clean,optimum,6.356076847048537e-05,6.668063429626367e-05,5.662286483297528e-07,0.74892,0.0021320836330226763,50000,1.0490847719568874
71,9,2.0,fit,1283,sim,clean,optimum,9.521014563141652e-05,9.822035123518462e-05,6.758616297942437e-07,0.63016,0.002544896877476873,50000,1.0316164373429424
83,1,0.6,fit,1234,sim,clean,optimum,0.0001578694982099911,0.00016081643815421182,8.096613936742321e-07,0.39446,0.0030487079924960635,50000,1.0186669367904169
71,25,26.0,fit,1235,sim,clean,optimum,4.089269606288592e-05,4.49884477050624e-05,4.7331737038661654e-07,0.8306,0.0017822344764847368,50000,1.1001585132923963
71,21,10.0,fit,1236,sim,clean,optimum,5.676263530085168e-05,5.988190784260608e-05,5.364607061157865e-07,0.77452,0.002019995093224526,50000,1.0549529197371073
71,13,4.0,fit,1241,sim,clean,optimum,7.097925255781698e-05,7.379805105243648e-05,5.958134458450245e-07,0.72212,0.002243482557740923,50000,1.0397129920792474
71,11,3.0,fit,1283,sim,clean,optimum,8.290958078978973e-05,8.540368956903167e-05,6.367507382398095e-07,0.67842,0.0023976282926002354,50000,1.0300822746356124
71,27,30.0,fit,1235,sim,clean,optimum,4.0676575645954604e-05,4.4860971584056306e-05,4.725384806372296e-07,0.83108,0.001779301636382959,50000,1.1028699164482851
71,17,6.0,fit,1240,sim,clean,optimum,6.749957612841136e-05,7.027652320964351e-05,5.786471627214268e-07,0.73538,0.002178844444859108,50000,1.0411402151022293
71,15,5.0,fit,1241,sim,clean,optimum,7.733083105142808e-05,7.981598626493185e-05,6.201000635304533e-07,0.69946,0.002334931657360528,50000,1.0321366676099866
71,23,20.0,fit,1236,sim,clean,optimum,4.230999992212224e-05,4.744236303442945e-05,4.842735611317838e-07,0.82136,0.0018234890386425347,50000,1.1213037844895788
71,29,40.0,fit,1235,sim,clean,optimum,4.010951084511709e-05,4.446792021095425e-05,4.709332988469924e-07,0.83256,0.0017732574670653411,50000,1.1086627404324916
71,19,8.0,fit,1239,sim,clean,optimum,6.356076847048537e-05,6.61547952971136e-05,5.63141275760294e-07,0.7509,0.002120458406104534,50000,1.0408117599747517
83,1,0.6,fit,1235,sim,clean,optimum,0.0001578694982099911,0.00016026935313489407,8.130588789121065e-07,0.39652,0.003061500921095624,50000,1.0152015110715737
71,25,26.0,fit,1236,sim,clean,optimum,4.089269606288592e-05,4.604012570336255e-05,4.793568501689492e-07,0.82664,0.0018049756006469741,50000,1.1258765045122183
71,21,10.0,fit,1237,sim,clean,optimum,5.676263530085168e-05,6.012623707453441e-05,5.408875536168074e-07,0.7736,0.002036663993907413,50000,1.0592573222834891
71,13,4.0,fit,1242,sim,clean,optimum,7.097925255781698e-05,7.344749171966976e-05,5.944400155783489e-07,0.72344,0.0022383110281807097,50000,1.0347740934555805
71,27,30.0,fit,1236,sim,clean,optimum,4.0676575645954604e-05,4.5684254865553905e-05,4.763727609852143e-07,0.82798,0.001793739278135055,50000,1.1231096556206135
71,17,6.0,fit,1241,sim,clean,optimum,6.749957612841136e-05,6.988878334158335e-05,5.798286966312747e-07,0.73684,0.00218329340574881,50000,1.0353958846886202
71,15,5.0,fit,1242,sim,clean,optimum,7.733083105142808e-05,7.965664111367423e-05,6.11243735641039e-07,0.70006,0.0023015839420914377,50000,1.0300761032905414
71,23,20.0,fit,1237,sim,clean,optimum,4.230999992212224e-05,4.678904791427328e-05,4.815608439420491e-07,0.82382,0.0018132745432468788,50000,1.1058626329566388
71,19,8.0,fit,1240,sim,clean,optimum,6.356076847048537e-05,6.595826961056256e-05,5.622398630813161e-07,0.75164,0.0021170642168046516,50000,1.0377198262036507
71,29,40.0,fit,1236,sim,clean,optimum,4.010951084511709e-05,4.520621941178113e-05,4.7445488729253967e-07,0.82978,0.0017865176952596244,50000,1.127069826065568
83,1,0.6,fit,1236,sim,clean,optimum,0.0001578694982099911,0.00016081643815421182,8.04321813049776e-07,0.39446,0.003028602276386168,50000,1.0186669367904169
71,25,26.0,fit,1237,sim,clean,optimum,4.089269606288592e-05,4.529651499749377e-05,4.73761316839593e-07,0.82944,0.0017839061173830235,50000,1.1076920662759808
71,13,4.0,fit,1243,sim,clean,optimum,7.097925255781698e-05,7.296945626589696e-05,5.932600331196652e-07,0.72524,0.00223386790914243,50000,1.0280392316960343
71,21,10.0,fit,1238,sim,clean,optimum,5.676263530085168e-05,6.037056630646271e-05,5.389120111808678e-07,0.77268,0.0020292252645064315,50000,1.0635617248298705
83,3,1.0,fit,1234,sim,clean,optimum,0.00013529335968882195,0.00013810975410000385,7.743348758209357e-07,0.47996,0.002915689130329921,50000,1.0208169448793325
83,5,1.4,fit,1234,sim,clean,optimum,0.00011804417866900294,0.00012044899983561985,7.477675499484475e-07,0.54646,0.002815652226805173,50000,1.0203722131301372
71,17,6.0,fit,1242,sim,clean,optimum,6.749957612841136e-05,6.986222581637374e-05,5.782198776179236e-07,0.73694,0.0021772355407909355,50000,1.0350024374000166
71,27,30.0,fit,1237,sim,clean,optimum,4.0676575645954604e-05,4.506280877564929e-05,4.7292894703830974e-07,0.83032,0.001780771902900635,50000,1.1078319170195663
71,15,5.0,fit,1243,sim,clean,optimum,7.733083105142808e-05,7.903519502376959e-05,6.14824031219789e-07,0.7024,0.0023150652267762612,50000,1.0220399024447058
71,23,20.0,fit,1238,sim,clean,optimum,4.230999992212224e-05,4.769731527644159e-05,4.856792248975649e-07,0.8204,0.0018287819405778136,50000,1.127329599721945
71,19,8.0,fit,1241,sim,clean,optimum,6.356076847048537e-05,6.58892200450176e-05,5.614888689235002e-07,0.7519,0.0021142364150727928,50000,1.0366334710948852
71,29,40.0,fit,1237,sim,clean,optimum,4.010951084511709e-05,4.452634676641537e-05,4.699178714462668e-07,0.83234,0.0017694339654675396,50000,1.110119416273958
83,1,0.6,fit,1237,sim,clean,optimum,0.0001578694982099911,0.0001609120452449664,8.231591795525496e-07,0.3941,0.00309953270515957,50000,1.0192725451684672
71,13,4.0,fit,1244,sim,clean,optimum,7.097925255781698e-05,7.347404924487936e-05,5.936199572077128e-07,0.72334,0.0022352231712958383,50000,1.0351482524422218
71,25,26.0,fit,1238,sim,clean,optimum,4.089269606288592e-05,4.604012570336255e-05,4.794887841984294e-07,0.82664,0.00180547238650499,50000,1.1258765045122183
71,21,10.0,fit,1239,sim,clean,optimum,5.676263530085168e-05,5.9648201620761606e-05,5.383880494053186e-07,0.7754,0.002027252333025,50000,1.050835665127525
71,17,6.0,fit,1243,sim,clean,optimum,6.749957612841136e-05,6.954353551385855e-05,5.789032434884062e-07,0.73814,0.0021798086942195374,50000,1.0302810699367764
83,3,1.0,fit,1235,sim,clean,optimum,0.00013529335968882195,0.00013724397877817087,7.727656294054141e-07,0.48322,0.002909780272470852,50000,1.0144177001283388
71,15,5.0,fit,1244,sim,clean,optimum,7.733083105142808e-05,7.959290305317119e-05,6.133461203661986e-07,0.7003,0.0023095002848551815,50000,1.0292518775627633
83,5,1.4,fit,1235,sim,clean,optimum,0.00011804417866900294,0.00011974788117008639,7.324940790743764e-07,0.5491,0.0027581413301627773,50000,1.01443275323098
71,27,30.0,fit,1238,sim,clean,optimum,4.0676575645954604e-05,4.590202657227264e-05,4.784971478071759e-07,0.82716,0.001801738467838144,50000,1.1284633930791006
71,23,20.0,fit,1239,sim,clean,optimum,4.230999992212224e-05,4.6385373531087365e-05,4.805149472371486e-07,0.82534,0.001809336312193172,50000,1.0963217588387248
71,19,8.0,fit,1242,sim,clean,optimum,6.356076847048537e-05,6.598482713577216e-05,5.639155919786862e-07,0.75154,0.002123374024981975,50000,1.0381376550916372
71,29,40.0,fit,1238,sim,clean,optimum,4.010951084511709e-05,4.512123533111041e-05,4.746296784533963e-07,0.8301,0.0017871758558354958,50000,1.1249510248416168
71,13,4.0,fit,1245,sim,clean,optimum,7.097925255781698e-05,7.313411292219646e-05,5.975130721384593e-07,0.72462,0.002249882349438458,50000,1.0303590174132111
83,1,0.6,fit,1238,sim,clean,optimum,0.0001578694982099911,0.0001621071338793984,8.093810527283319e-07,0.3896,0.003047652393588832,50000,1.0268426498940955
71,25,26.0,fit,1239,sim,clean,optimum,4.089269606288592e-05,4.514248135127809e-05,4.74124997040904e-07,0.83002,0.0017852755228469767,50000,1.1039252897841887
71,21,10.0,fit,1240,sim,clean,optimum,5.676263530085168e-05,5.990315386277375e-05,5.390835900978875e-07,0.77444,0.002029871329663729,50000,1.0553272156107056
71,17,6.0,fit,1244,sim,clean,optimum,6.749957612841136e-05,6.986753732141567e-05,5.788708342931939e-07,0.73692,0.0021796866602764027,50000,1.0350811268577376
71,15,5.0,fit,1245,sim,clean,optimum,7.733083105142808e-05,7.891303040780543e-05,6.12819639834708e-07,0.70286,0.0023075178692221906,50000,1.0204601364664647
83,3,1.0,fit,1236,sim,clean,optimum,0.00013529335968882195,0.00013712712566724865,7.71607143761916e-07,0.48366,0.0029054180977789146,50000,1.0135539983828061
71,27,30.0,fit,1239,sim,clean,optimum,4.0676575645954604e-05,4.486628308909823e-05,4.71684399924093e-07,0.83106,0.0017760856713922605,50000,1.1030004954106873
83,5,1.4,fit,1236,sim,clean,optimum,0.00011804417866900294,0.00011987004578605054,7.290492881709483e-07,0.54864,0.002745170276285427,50000,1.0154676591224998
71,23,20.0,fit,1240,sim,clean,optimum,4.230999992212224e-05,4.6555341692428804e-05,4.805567960614332e-07,0.8247,0.0018094938902203197,50000,1.100338968993636
71,19,8.0,fit,1243,sim,clean,optimum,6.356076847048537e-05,6.583079348955648e-05,5.640337383451126e-07,0.75212,0.002123818894620595,50000,1.0357142475413146
71,29,40.0,fit,1239,sim,clean,optimum,4.010951084511709e-05,4.4473231715996176e-05,4.7049436597184514e-07,0.83254,0.0017716047043486232,50000,1.1087951655089887
71,13,4.0,fit,1246,sim,clean,optimum,7.097925255781698e-05,7.399988824402944e-05,5.955149855969454e-07,0.72136,0.0022423587322122885,50000,1.0425566003777225
71,21,10.0,fit,1241,sim,clean,optimum,5.676263530085168e-05,5.928701927791104e-05,5.350831717995026e-07,0.77676,0.0020148081102303954,50000,1.0444726352763518
71,25,26.0,fit,1240,sim,clean,optimum,4.089269606288592e-05,4.54930406840448e-05,4.753478325908972e-07,0.8287,0.0017898800013905992,50000,1.1124979535241293
83,1,0.6,fit,1239,sim,clean,optimum,0.0001578694982099911,0.0001605136823668224,8.143365901303924e-07,0.3956,0.0030663120290893163,50000,1.016749176926591
71,17,6.0,fit,1245,sim,clean,optimum,6.749957612841136e-05,6.988878334158335e-05,5.77907155730576e-07,0.73684,0.0021760580143276092,50000,1.0353958846886202
71,15,5.0,fit,1246,sim,clean,optimum,7.733083105142808e-05,7.961946057838078e-05,6.116040489707452e-07,0.7002,0.002302940669899705,50000,1.0295953049493374
83,3,1.0,fit,1237,sim,clean,optimum,0.00013529335968882195,0.0001369624690109491,7.731758508317584e-07,0.48428,0.0029113249247797804,50000,1.0123369641050097
71,27,30.0,fit,1240,sim,clean,optimum,4.0676575645954604e-05,4.543461412858368e-05,4.7478836525846017e-07,0.82892,0.0017877733768914355,50000,1.1169724443877143
83,5,1.4,fit,1237,sim,clean,optimum,0.00011804417866900294,0.00011996565287680512,7.318221352693545e-07,0.54828,0.002755611185506155,50000,1.016277585472385
71,19,8.0,fit,1244,sim,clean,optimum,6.356076847048537e-05,6.540056158116097e-05,5.608157374550561e-07,0.75374,0.0021117017983751465,50000,1.028945419555931
71,23,20.0,fit,1241,sim,clean,optimum,4.230999992212224e-05,4.630038945041665e-05,4.787313851667148e-07,0.82566,0.0018026204677899101,50000,1.0943131537612694
71,13,4.0,fit,1247,sim,clean,optimum,7.097925255781698e-05,7.317129345748991e-05,5.935788014503967e-07,0.72448,0.002235068202950741,50000,1.0308828399945094
71,29,40.0,fit,1240,sim,clean,optimum,4.010951084511709e-05,4.476005298825984e-05,4.712599459082e-07,0.83146,0.001774487427532778,50000,1.1159461196398237
71,17,6.0,fit,1246,sim,clean,optimum,6.749957612841136e-05,7.044117986594305e-05,5.765331810596133e-07,0.73476,0.0021708844348614547,50000,1.0435795882915704
71,25,26.0,fit,1241,sim,clean,optimum,4.089269606288592e-05,4.4818479543720966e-05,4.725062472602946e-07,0.83124,0.0017791802644679154,50000,1.0960020702669706
71,21,10.0,fit,1242,sim,clean,optimum,5.676263530085168e-05,5.981285827706111e-05,5.378474765907104e-07,0.77478,0.0020252168541528472,50000,1.0537364581479123
83,1,0.6,fit,1240,sim,clean,optimum,0.0001578694982099911,0.00016144319574915838,8.046267680896723e-07,0.3921,0.0030297505574759516,50000,1.0226370361576351
71,15,5.0,fit,1247,sim,clean,optimum,7.733083105142808e-05,7.89555224481408e-05,6.116332905043604e-07,0.7027,0.0023030507762947265,50000,1.0210096202849837
83,3,1.0,fit,1238,sim,clean,optimum,0.00013529335968882195,0.00013738738941430272,7.85556381874619e-07,0.48268,0.0029579427136932793,50000,1.0154776977251292
71,19,8.0,fit,1245,sim,clean,optimum,6.356076847048537e-05,6.580423596434688e-05,5.630172707746364e-07,0.75222,0.0021199914763560773,50000,1.035296418653328
71,27,30.0,fit,1241,sim,clean,optimum,4.0676575645954604e-05,4.469100342271487e-05,4.7098218677396517e-07,0.83172,0.001773441550207829,50000,1.0986913896514177
71,23,20.0,fit,1242,sim,clean,optimum,4.230999992212224e-05,4.666157179326719e-05,4.808124752876135e-07,0.8243,0.0018104566276145701,50000,1.102849725340455
83,5,1.4,fit,1238,sim,clean,optimum,0.00011804417866900294,0.00012015155555327233,7.317098636902863e-07,0.54758,0.0027551884368570167,50000,1.0178524422638282
71,13,4.0,fit,1248,sim,clean,optimum,7.097925255781698e-05,7.27198155289267e-05,5.894539683197995e-07,0.72618,0.0022195365105281877,50000,1.0245221372216047
71,29,40.0,fit,1241,sim,clean,optimum,4.010951084511709e-05,4.425014850423552e-05,4.6831336718348335e-07,0.83338,0.0017633923473193117,50000,1.1032333122961162
71,17,6.0,fit,1247,sim,clean,optimum,6.749957612841136e-05,6.946917444327169e-05,5.768713767988346e-07,0.73842,0.002172157880849182,50000,1.0291794175286872
71,25,26.0,fit,1242,sim,clean,optimum,4.089269606288592e-05,4.5254022957158395e-05,4.748306444217469e-07,0.8296,0.0017879325753218352,50000,1.106652955519624
71,21,10.0,fit,1243,sim,clean,optimum,5.676263530085168e-05,5.923390422749184e-05,5.37542744597667e-07,0.77696,0.0020240694129261575,50000,1.0435368955923559
71,15,5.0,fit,1248,sim,clean,optimum,7.733083105142808e-05,7.817473120697854e-05,6.040098467889934e-07,0.70564,0.002274345376769731,50000,1.0109128551197029
83,1,0.6,fit,1241,sim,clean,optimum,0.0001578694982099911,0.0001608005036390861,8.127760625162334e-07,0.39452,0.0030604360011016072,50000,1.0185660020607419
71,19,8.0,fit,1246,sim,clean,optimum,6.356076847048537e-05,6.699401309373697e-05,5.652134667533302e-07,0.74774,0.002128261057054432,50000,1.0540151528351303
71,23,20.0,fit,1243,sim,clean,optimum,4.230999992212224e-05,4.645973460167423e-05,4.791441162203926e-07,0.82506,0.0018041745698774367,50000,1.0980792882814983
71,27,30.0,fit,1242,sim,clean,optimum,4.0676575645954604e-05,4.5068120280691185e-05,4.737561712402316e-07,0.8303,0.001783886742086113,50000,1.1079624959819678
83,3,1.0,fit,1239,sim,clean,optimum,0.00013529335968882195,0.0001387683807252019,7.775233104497112e-07,0.47748,0.002927694897447193,50000,1.0256850819905174
83,5,1.4,fit,1239,sim,clean,optimum,0.00011804417866900294,0.00011981693073563135,7.285782134034651e-07,0.54884,0.00274339648613079,50000,1.0150177000392304
71,13,4.0,fit,1249,sim,clean,optimum,7.097925255781698e-05,7.232145265078272e-05,5.922930643848661e-07,0.72768,0.002230226874342811,50000,1.018909752421983
71,29,40.0,fit,1242,sim,clean,optimum,4.010951084511709e-05,4.447854322103807e-05,4.7087853856206087e-07,0.83252,0.0017730512720810596,50000,1.108927590585485
71,17,6.0,fit,1248,sim,clean,optimum,6.749957612841136e-05,6.95063549785651e-05,5.752544840897552e-07,0.73828,0.0021660696151078584,50000,1.0297302437327316
71,25,26.0,fit,1243,sim,clean,optimum,4.089269606288592e-05,4.534431854287104e-05,4.7478864359177616e-07,0.82926,0.0017877744249307906,50000,1.1088610658768816
71,21,10.0,fit,1244,sim,clean,optimum,5.676263530085168e-05,5.96747591459712e-05,5.374133366887994e-07,0.7753,0.0020235821389507163,50000,1.0513035349695228
71,15,5.0,fit,1249,sim,clean,optimum,7.733083105142808e-05,7.849873301453566e-05,6.100497485304672e-07,0.70442,0.002297088089781599,50000,1.0151026692359078
83,1,0.6,fit,1242,sim,clean,optimum,0.0001578694982099911,0.00016017374604413952,8.089901994016649e-07,0.39688,0.0030461806701372594,50000,1.0145959026935236
71,19,8.0,fit,1247,sim,clean,optimum,6.356076847048537e-05,6.564489081308927e-05,5.594982959957921e-07,0.75282,0.002106741089691388,50000,1.0327894453254078
71,23,20.0,fit,1244,sim,clean,optimum,4.230999992212224e-05,4.6555341692428804e-05,4.811459290411889e-07,0.8247,0.0018117122180769483,50000,1.100338968993636
71,27,30.0,fit,1243,sim,clean,optimum,4.0676575645954604e-05,4.507874329077504e-05,4.726735267354933e-07,0.83026,0.0017798101404592908,50000,1.1082236539067722
83,3,1.0,fit,1240,sim,clean,optimum,0.00013529335968882195,0.00013667033623364353,7.861905187480733e-07,0.48538,0.0029603304997104234,50000,1.0101777097411777
83,5,1.4,fit,1240,sim,clean,optimum,0.00011804417866900294,0.00011951417494824191,7.47871506200595e-07,0.54998,0.0028160436648300906,50000,1.0124529332645946
71,13,4.0,fit,1250,sim,clean,optimum,7.097925255781698e-05,7.358027934571775e-05,5.928547735057618e-07,0.72294,0.0022323419400971027,50000,1.0366448883887875
71,29,40.0,fit,1243,sim,clean,optimum,4.010951084511709e-05,4.4648511382379534e-05,4.7002440027579556e-07,0.83188,0.001769835090303864,50000,1.1131651930333881
71,25,26.0,fit,1244,sim,clean,optimum,4.089269606288592e-05,4.5269957472284146e-05,4.74855033962718e-07,0.82954,0.0017880244119699363,50000,1.1070426220532574
71,17,6.0,fit,1249,sim,clean,optimum,6.749957612841136e-05,6.87574327676544e-05,5.735426463098323e-07,0.7411,0.002159623842143651,50000,1.018635030194117
71,21,10.0,fit,1245,sim,clean,optimum,5.676263530085168e-05,5.931888830816256e-05,5.368719178756511e-07,0.77664,0.0020215434745462766,50000,1.0450340790867496
71,15,5.0,fit,1250,sim,clean,optimum,7.733083105142808e-05,7.952385348762625e-05,6.104823418442108e-07,0.70056,0.002298716981443489,50000,1.0283589663576709
83,1,0.6,fit,1243,sim,clean,optimum,0.0001578694982099911,0.00016151755681974525,8.167817555289288e-07,0.39182,0.0030755190820027124,50000,1.0231080648961186
71,19,8.0,fit,1248,sim,clean,optimum,6.356076847048537e-05,6.563426780300544e-05,5.620321439854227e-07,0.75286,0.0021162820690169564,50000,1.0326223137702135
71,23,20.0,fit,1245,sim,clean,optimum,4.230999992212224e-05,4.633225848066815e-05,4.785144682194385e-07,0.82554,0.0018018036863105956,50000,1.0950663806653147
71,27,30.0,fit,1244,sim,clean,optimum,4.0676575645954604e-05,4.4807856533637114e-05,4.718038210461091e-07,0.83128,0.0017765353410097177,50000,1.1015641268242642
83,3,1.0,fit,1241,sim,clean,optimum,0.00013529335968882195,0.00013680843536473342,7.838398897571814e-07,0.48486,0.0029514794152349683,50000,1.0111984481677163
83,5,1.4,fit,1241,sim,clean,optimum,0.00011804417866900294,0.00011994971836167935,7.367035634356917e-07,0.54834,0.0027739917692684276,50000,1.016142597747404
71,13,4.0,fit,1251,sim,clean,optimum,7.097925255781698e-05,7.332001559866367e-05,5.923140867795293e-07,0.72392,0.0022303060323008556,50000,1.0329781303197014
71,29,40.0,fit,1244,sim,clean,optimum,4.010951084511709e-05,4.426608301936129e-05,4.685351085291525e-07,0.83332,0.0017642272946418469,50000,1.1036305875256074
71,17,6.0,fit,1250,sim,clean,optimum,6.749957612841136e-05,7.031901524997888e-05,5.793712380138799e-07,0.73522,0.002181570885996746,50000,1.0417697307639948
71,25,26.0,fit,1245,sim,clean,optimum,4.089269606288592e-05,4.507343178573311e-05,4.7135247590722557e-07,0.83028,0.0017748358410174506,50000,1.102236734805109
71,21,10.0,fit,1246,sim,clean,optimum,5.676263530085168e-05,6.077424068964865e-05,5.427702430317383e-07,0.77116,0.0020437530935131635,50000,1.0706733464282405
71,15,5.0,fit,1251,sim,clean,optimum,7.733083105142808e-05,7.964601810359041e-05,6.172954545479308e-07,0.7001,0.0023243711515890464,50000,1.029938732335912
83,1,0.6,fit,1244,sim,clean,optimum,0.0001578694982099911,0.00016190529668780543,8.051192644118176e-07,0.39036,0.003031605008590121,50000,1.0255641433182114
71,19,8.0,fit,1249,sim,clean,optimum,6.356076847048537e-05,6.55174146920832e-05,5.596464714933182e-07,0.7533,0.0021072990313533335,50000,1.0307838666630722
71,23,20.0,fit,1246,sim,clean,optimum,4.230999992212224e-05,4.7229902832752635e-05,4.832259043266094e-07,0.82216,0.0018195441800877331,50000,1.1162822717959395
71,27,30.0,fit,1245,sim,clean,optimum,4.0676575645954604e-05,4.499907071514625e-05,4.7120278512389215e-07,0.83056,0.0017742721936815182,50000,1.106264969470741
71,13,4.0,fit,1252,sim,clean,optimum,7.097925255781698e-05,7.42867095162931e-05,5.992171583170785e-07,0.72028,0.002256298934437136,50000,1.0465975174334499
83,3,1.0,fit,1242,sim,clean,optimum,0.00013529335968882195,0.00013745112747480577,7.753798525458855e-07,0.48244,0.002919623897280917,50000,1.0159488077681473
83,5,1.4,fit,1242,sim,clean,optimum,0.00011804417866900294,0.0001208951662591411,7.361466536211493e-07,0.54478,0.0027718947748755123,50000,1.0241518694296001
71,29,40.0,fit,1245,sim,clean,optimum,4.010951084511709e-05,4.450510074624766e-05,4.690054272164341e-07,0.83242,0.0017659982378437065,50000,1.1095897159679695
71,17,6.0,fit,1251,sim,clean,optimum,6.749957612841136e-05,6.971881518024191e-05,5.797022710242948e-07,0.73748,0.0021828173613659767,50000,1.0328778220415586
71,25,26.0,fit,1246,sim,clean,optimum,4.089269606288592e-05,4.588078055210497e-05,4.76973987176412e-07,0.82724,0.0017960031419041852,50000,1.121979839175882
71,21,10.0,fit,1247,sim,clean,optimum,5.676263530085168e-05,5.9239215732533766e-05,5.351270429611271e-07,0.77694,0.002014973303188995,50000,1.0436304695607557
71,15,5.0,fit,1252,sim,clean,optimum,7.733083105142808e-05,8.008687302206978e-05,6.142811932045799e-07,0.69844,0.00231302121849264,50000,1.035639626953043
83,1,0.6,fit,1245,sim,clean,optimum,0.0001578694982099911,0.00015941951232818685,8.060199389429497e-07,0.39972,0.0030349964184599176,50000,1.0098183254889046
71,19,8.0,fit,1250,sim,clean,optimum,6.356076847048537e-05,6.60485651962752e-05,5.644215033066629e-07,0.7513,0.0021252789891079015,50000,1.0391404444228052
71,23,20.0,fit,1247,sim,clean,optimum,4.230999992212224e-05,4.65287841672192e-05,4.810677759325258e-07,0.8248,0.001811417939494715,50000,1.099711279906931
71,13,4.0,fit,1253,sim,clean,optimum,7.097925255781698e-05,7.321909700286718e-05,5.94334238294353e-07,0.7243,0.002237912733222271,50000,1.0315563261704637
71,27,30.0,fit,1246,sim,clean,optimum,4.0676575645954604e-05,4.581173098656e-05,4.762951612711237e-07,0.8275,0.0017934470833108832,50000,1.1262435507182644
83,3,1.0,fit,1243,sim,clean,optimum,0.00013529335968882195,0.00013826909925126143,7.802524830704084e-07,0.47936,0.002937971354305119,50000,1.021994719986877
71,29,40.0,fit,1246,sim,clean,optimum,4.010951084511709e-05,4.529120349245184e-05,4.7525018733697037e-07,0.82946,0.001789512326868383,50000,1.129188627289519
83,5,1.4,fit,1243,sim,clean,optimum,0.00011804417866900294,0.00011997096438184705,7.353768469297128e-07,0.54826,0.00276899613622089,50000,1.016322581380712
71,17,6.0,fit,1252,sim,clean,optimum,6.749957612841136e-05,7.009062053317633e-05,5.79178498877074e-07,0.73608,0.002180845143913157,50000,1.038386084082006
71,25,26.0,fit,1247,sim,clean,optimum,4.089269606288592e-05,4.529651499749377e-05,4.747652278838361e-07,0.82944,0.0017876862551643865,50000,1.1076920662759808
71,21,10.0,fit,1248,sim,clean,optimum,5.676263530085168e-05,5.946761044933632e-05,5.37229662784189e-07,0.77608,0.0020228905311929874,50000,1.0476541502019385
71,15,5.0,fit,1253,sim,clean,optimum,7.733083105142808e-05,7.910424458931456e-05,6.142376964265311e-07,0.70214,0.002312857435242109,50000,1.0229328136497988
71,19,8.0,fit,1251,sim,clean,optimum,6.356076847048537e-05,6.599013864081409e-05,5.604875564197475e-07,0.75152,0.0021104660618646155,50000,1.0382212208692347
83,1,0.6,fit,1246,sim,clean,optimum,0.0001578694982099911,0.00016097578330546945,8.148127565158892e-07,0.39386,0.0030681049912788983,50000,1.0196762840871674
71,23,20.0,fit,1248,sim,clean,optimum,4.230999992212224e-05,4.627914343024895e-05,4.802280718096506e-07,0.82574,0.001808256108276452,50000,1.093811002491905
71,13,4.0,fit,1254,sim,clean,optimum,7.097925255781698e-05,7.292696422556159e-05,5.926438733573529e-07,0.7254,0.002231547814338982,50000,1.027440577317408
71,27,30.0,fit,1247,sim,clean,optimum,4.0676575645954604e-05,4.505749727060737e-05,4.739604611520367e-07,0.83034,0.0017846559775860054,50000,1.107701338057164
83,3,1.0,fit,1244,sim,clean,optimum,0.00013529335968882195,0.00013727053630338047,7.801948004733943e-07,0.48312,0.002937754155614507,50000,1.0146139959795963
71,29,40.0,fit,1247,sim,clean,optimum,4.010951084511709e-05,4.4494477736163845e-05,4.706008570590529e-07,0.83246,0.0017720056870695932,50000,1.1093248658149761
83,5,1.4,fit,1244,sim,clean,optimum,0.00011804417866900294,0.00012084205120872191,7.363973597575382e-07,0.54498,0.0027728387865423006,50000,1.0237019103463307
71,17,6.0,fit,1253,sim,clean,optimum,6.749957612841136e-05,6.968694614999038e-05,5.778825946308661e-07,0.7376,0.00217596553169033,50000,1.0324056852952346
71,25,26.0,fit,1248,sim,clean,optimum,4.089269606288592e-05,4.491408663447553e-05,4.738997787808528e-07,0.83088,0.0017844274835124613,50000,1.0983400694687728
71,15,5.0,fit,1254,sim,clean,optimum,7.733083105142808e-05,7.88811613775539e-05,6.148674780524708e-07,0.70298,0.0023152288219619533,50000,1.0200480236025757
71,21,10.0,fit,1249,sim,clean,optimum,5.676263530085168e-05,5.926577325774336e-05,5.354914794494906e-07,0.77684,0.0020163455563846043,50000,1.0440983394027537
71,19,8.0,fit,1252,sim,clean,optimum,6.356076847048537e-05,6.633007496349695e-05,5.655014718517616e-07,0.75024,0.0021293455146466148,50000,1.0435694306354637
83,1,0.6,fit,1247,sim,clean,optimum,0.0001578694982099911,0.00016187342765755394,8.090168840971683e-07,0.39048,0.0030462811489856945,50000,1.0253622738588615
71,13,4.0,fit,1255,sim,clean,optimum,7.097925255781698e-05,7.307037486169345e-05,5.920942261903012e-07,0.72486,0.0022294781667994853,50000,1.029461035845272
71,23,20.0,fit,1249,sim,clean,optimum,4.230999992212224e-05,4.588078055210497e-05,4.7672592805548114e-07,0.82724,0.001795069097338763,50000,1.0843956661913323
71,27,30.0,fit,1248,sim,clean,optimum,4.0676575645954604e-05,4.468038041263102e-05,4.7278713935510515e-07,0.83176,0.0017802379386773672,50000,1.098430231726613
71,17,6.0,fit,1254,sim,clean,optimum,6.749957612841136e-05,6.967632313990657e-05,5.77866681178558e-07,0.73764,0.0021759056110004973,50000,1.0322483063797936
83,3,1.0,fit,1245,sim,clean,optimum,0.00013529335968882195,0.00013734489737396736,7.811064322213692e-07,0.48284,0.0029411868239101408,50000,1.0151636243631172
71,29,40.0,fit,1248,sim,clean,optimum,4.010951084511709e-05,4.4053622817684484e-05,4.7102728269548837e-07,0.83412,0.0017736113548909357,50000,1.098333584465729
83,5,1.4,fit,1245,sim,clean,optimum,0.00011804417866900294,0.00012073050960284159,7.367689342128883e-07,0.5454,0.002774237917117976,50000,1.022756996271465
71,15,5.0,fit,1255,sim,clean,optimum,7.733083105142808e-05,7.941231188174591e-05,6.125770036043536e-07,0.70098,0.002306604244069096,50000,1.0269165713340591
71,25,26.0,fit,1249,sim,clean,optimum,4.089269606288592e-05,4.4786610513469445e-05,4.717052184722388e-07,0.83136,0.001776164061784368,50000,1.0952227371997032
71,21,10.0,fit,1250,sim,clean,optimum,5.676263530085168e-05,5.9770366236725766e-05,5.383031534622127e-07,0.77494,0.0020269326648991648,50000,1.0529878664007157
71,19,8.0,fit,1253,sim,clean,optimum,6.356076847048537e-05,6.566082532821504e-05,5.611180917404514e-07,0.75276,0.0021128402865550843,50000,1.0330401426582
71,13,4.0,fit,1256,sim,clean,optimum,7.097925255781698e-05,7.447261219276031e-05,5.975158268241146e-07,0.71958,0.0022498927219623795,50000,1.0492166303399402
83,1,0.6,fit,1248,sim,clean,optimum,0.0001578694982099911,0.00015978069467103743,8.253473792926528e-07,0.39836,0.0031077721767324416,50000,1.0121061793615391
71,23,20.0,fit,1250,sim,clean,optimum,4.230999992212224e-05,4.6932458550405116e-05,4.825657372716441e-07,0.82328,0.0018170583797364013,50000,1.109252154024845
71,27,30.0,fit,1249,sim,clean,optimum,4.0676575645954604e-05,4.453165827145729e-05,4.69874146057402e-07,0.83232,0.0017692693214033067,50000,1.0947740207793546
71,17,6.0,fit,1255,sim,clean,optimum,6.749957612841136e-05,6.966038862478079e-05,5.798385220395567e-07,0.7377,0.0021833304024501386,50000,1.0320122380066312
83,3,1.0,fit,1246,sim,clean,optimum,0.00013529335968882195,0.0001371483716874163,7.722144922762842e-07,0.48358,0.0029077050146116197,50000,1.0137110350638119
71,29,40.0,fit,1249,sim,clean,optimum,4.010951084511709e-05,4.4053622817684484e-05,4.674740307949388e-07,0.83412,0.001760231900771976,50000,1.098333584465729
83,5,1.4,fit,1246,sim,clean,optimum,0.00011804417866900294,0.00012100139635997952,7.419784958690307e-07,0.54438,0.0027938540583624136,50000,1.0250517875961394
71,15,5.0,fit,1256,sim,clean,optimum,7.733083105142808e-05,8.026746419349503e-05,6.13731953168674e-07,0.69776,0.0023109531039692756,50000,1.037974933181747
71,25,26.0,fit,1250,sim,clean,optimum,4.089269606288592e-05,4.553022121933825e-05,4.750616780107126e-07,0.82856,0.0017888025117603487,50000,1.1134071754359414
71,21,10.0,fit,1251,sim,clean,optimum,5.676263530085168e-05,5.9531348509839365e-05,5.366354724470298e-07,0.77584,0.0020206531603066957,50000,1.0487770378227337
71,19,8.0,fit,1254,sim,clean,optimum,6.356076847048537e-05,6.562364479292159e-05,5.607634167330862e-07,0.7529,0.0021115047893483004,50000,1.0324551822150188
71,13,4.0,fit,1257,sim,clean,optimum,7.097925255781698e-05,7.318191646757376e-05,5.934689949318248e-07,0.72444,0.0022346547362677377,50000,1.031032503589166
83,1,0.6,fit,1249,sim,clean,optimum,0.0001578694982099911,0.00016078988062900222,8.125725345449413e-07,0.39456,0.0030596696346209735,50000,1.0184987122409583
71,23,20.0,fit,1251,sim,clean,optimum,4.230999992212224e-05,4.632694697562625e-05,4.785983787707286e-07,0.82556,0.0018021196440311583,50000,1.0949408428479743
71,27,30.0,fit,1250,sim,clean,optimum,4.0676575645954604e-05,4.536556456303871e-05,4.7305142220737954e-07,0.82918,0.0017812330722607435,50000,1.1152749178764865
71,17,6.0,fit,1256,sim,clean,optimum,6.749957612841136e-05,7.106793746088959e-05,5.818414712173058e-07,0.7324,0.0021908723295007253,50000,1.0528649443026097
83,3,1.0,fit,1247,sim,clean,optimum,0.00013529335968882195,0.00013816286915042304,7.823386646054653e-07,0.47976,0.002945826685397124,50000,1.0212095365818472
71,29,40.0,fit,1250,sim,clean,optimum,4.010951084511709e-05,4.474411847313407e-05,4.7039404693381405e-07,0.83152,0.0017712269619300832,50000,1.1155488444103325
83,5,1.4,fit,1247,sim,clean,optimum,0.00011804417866900294,0.00012005594846251775,7.407473995041559e-07,0.54794,0.002789218474454807,50000,1.017042515913943
71,15,5.0,fit,1257,sim,clean,optimum,7.733083105142808e-05,7.919985168006913e-05,6.145528389715409e-07,0.70178,0.0023140440764766465,50000,1.024169152241466
71,25,26.0,fit,1251,sim,clean,optimum,4.089269606288592e-05,4.550897519917055e-05,4.7480971125340236e-07,0.82864,0.0017878537533375604,50000,1.1128876200577624
71,21,10.0,fit,1252,sim,clean,optimum,5.676263530085168e-05,5.990846536781568e-05,5.406018385963981e-07,0.77442,0.002035588159400416,50000,1.0554207895791052
71,19,8.0,fit,1255,sim,clean,optimum,6.356076847048537e-05,6.61547952971136e-05,5.641665310554981e-07,0.7509,0.002124318913765216,50000,1.0408117599747517
71,13,4.0,fit,1258,sim,clean,optimum,7.097925255781698e-05,7.254984736758526e-05,5.914494660009478e-07,0.72682,0.002227050379630821,50000,1.0221275197070994
83,1,0.6,fit,1250,sim,clean,optimum,0.0001578694982099911,0.0001617937550819251,8.181770597123356e-07,0.39078,0.0030807729758516107,50000,1.024857600210486
71,23,20.0,fit,1252,sim,clean,optimum,4.230999992212224e-05,4.6725309853770236e-05,4.821141622017575e-07,0.82406,0.0018153580139593849,50000,1.104356179148547
71,17,6.0,fit,1257,sim,clean,optimum,6.749957612841136e-05,6.998970193737984e-05,5.789092774235659e-07,0.73646,0.002179831414465916,50000,1.0368909843853131
71,27,30.0,fit,1251,sim,clean,optimum,4.0676575645954604e-05,4.533369553278719e-05,4.7446984217132114e-07,0.8293,0.0017865740065260676,50000,1.1144914441020737
83,3,1.0,fit,1248,sim,clean,optimum,0.00013529335968882195,0.0001373289628588416,7.771032254762964e-07,0.4829,0.002926113104828719,50000,1.0150458468523629
71,15,5.0,fit,1258,sim,clean,optimum,7.733083105142808e-05,7.862089763049983e-05,6.107014317862979e-07,0.70396,0.002299541945141567,50000,1.016682435214149
71,29,40.0,fit,1251,sim,clean,optimum,4.010951084511709e-05,4.489284061430783e-05,4.734078924758815e-07,0.83096,0.001782575329363725,50000,1.1192567465522472
83,5,1.4,fit,1248,sim,clean,optimum,0.00011804417866900294,0.0001201993590986496,7.379344295950977e-07,0.5474,0.002778626486357809,50000,1.0182574054387705
71,25,26.0,fit,1252,sim,clean,optimum,4.089269606288592e-05,4.553553272438014e-05,4.761842195933612e-07,0.82854,0.0017930293422868725,50000,1.1135370642804852
71,19,8.0,fit,1256,sim,clean,optimum,6.356076847048537e-05,6.711617770970111e-05,5.660719118823843e-07,0.74728,0.002131493455865236,50000,1.0559371657198684
71,21,10.0,fit,1253,sim,clean,optimum,5.676263530085168e-05,5.93826263686656e-05,5.382609076401776e-07,0.7764,0.0020267735920122833,50000,1.0461569667075448
71,13,4.0,fit,1259,sim,clean,optimum,7.097925255781698e-05,7.396801921377791e-05,5.950508129629251e-07,0.72148,0.0022406109314275506,50000,1.0421076095937527
71,17,6.0,fit,1258,sim,clean,optimum,6.749957612841136e-05,6.968163464494846e-05,5.797984686146393e-07,0.73762,0.0021831795848396827,50000,1.0323269958375139
83,1,0.6,fit,1251,sim,clean,optimum,0.0001578694982099911,0.00016108732491134975,8.158535887006757e-07,0.39344,0.003072024152332392,50000,1.0203828271948925
71,23,20.0,fit,1253,sim,clean,optimum,4.230999992212224e-05,4.648629212688383e-05,4.806095960453007e-07,0.82496,0.0018096927038652314,50000,1.098706977368203
71,27,30.0,fit,1252,sim,clean,optimum,4.0676575645954604e-05,4.544523713866753e-05,4.7538305881000007e-07,0.82888,0.001790012642586738,50000,1.1172336023125187
71,15,5.0,fit,1259,sim,clean,optimum,7.733083105142808e-05,7.993815088089601e-05,6.142798879872723e-07,0.699,0.002313016303812912,50000,1.0337164335882276
83,3,1.0,fit,1249,sim,clean,optimum,0.00013529335968882195,0.00013733958586892542,7.710467608510964e-07,0.48286,0.0029033080257507534,50000,1.0151243651928656
71,29,40.0,fit,1252,sim,clean,optimum,4.010951084511709e-05,4.483441405884671e-05,4.7213660502273353e-07,0.83118,0.0017777884094865356,50000,1.1178000707107807
71,19,8.0,fit,1257,sim,clean,optimum,6.356076847048537e-05,6.639912452904192e-05,5.641609286865913e-07,0.74998,0.002124297818543193,50000,1.0446557857442291
83,5,1.4,fit,1249,sim,clean,optimum,0.00011804417866900294,0.00011957260150370303,7.399033973789207e-07,0.54976,0.002786040459490784,50000,1.0129478882561909
71,25,26.0,fit,1253,sim,clean,optimum,4.089269606288592e-05,4.5115923826068484e-05,4.7270619829526497e-07,0.83012,0.0017799331623128477,50000,1.1032758455614657
71,21,10.0,fit,1254,sim,clean,optimum,5.676263530085168e-05,5.9430429914042874e-05,5.391536093841114e-07,0.77622,0.0020301349810607295,50000,1.0469991324231411
71,13,4.0,fit,1260,sim,clean,optimum,7.097925255781698e-05,7.33253271037056e-05,5.943514090410195e-07,0.7239,0.0022379773881422266,50000,1.03305296211703
71,17,6.0,fit,1259,sim,clean,optimum,6.749957612841136e-05,7.030308073485311e-05,5.810644899474223e-07,0.73528,0.002187946675608838,50000,1.0415336623908327
71,23,20.0,fit,1254,sim,clean,optimum,4.230999992212224e-05,4.624727439999743e-05,4.789162266129274e-07,0.82586,0.0018033164718217383,50000,1.0930577755878592
83,1,0.6,fit,1252,sim,clean,optimum,0.0001578694982099911,0.00016262766137350657,8.215887501193132e-07,0.38764,0.003093619392752476,50000,1.03013985106348
71,27,30.0,fit,1253,sim,clean,optimum,4.0676575645954604e-05,4.498313620002047e-05,4.7160717316130894e-07,0.83062,0.001775794880883075,50000,1.105873232583534
71,15,5.0,fit,1260,sim,clean,optimum,7.733083105142808e-05,7.981598626493185e-05,6.12672856808149e-07,0.69946,0.0023069651707858696,50000,1.0321366676099866
71,29,40.0,fit,1253,sim,clean,optimum,4.010951084511709e-05,4.452634676641537e-05,4.7046009900231307e-07,0.83234,0.0017714756751214583,50000,1.110119416273958
83,3,1.0,fit,1250,sim,clean,optimum,0.00013529335968882195,0.00013765296466639873,7.765175608774646e-07,0.48168,0.0029239078368520927,50000,1.0174406562377039
71,19,8.0,fit,1258,sim,clean,optimum,6.356076847048537e-05,6.558115275258625e-05,5.638493823307601e-07,0.75306,0.0021231247184392774,50000,1.0317866559942404
71,25,26.0,fit,1254,sim,clean,optimum,4.089269606288592e-05,4.483441405884671e-05,4.734391682300597e-07,0.83118,0.001782693095435418,50000,1.096391736800604
83,5,1.4,fit,1250,sim,clean,optimum,0.00011804417866900294,0.0001198541112709248,7.385946687298222e-07,0.5487,0.0027811125581190654,50000,1.015332671397519
71,21,10.0,fit,1255,sim,clean,optimum,5.676263530085168e-05,5.9616332590510084e-05,5.390174111309605e-07,0.77552,0.0020296221386476056,50000,1.0502742213171272
71,13,4.0,fit,1261,sim,clean,optimum,7.097925255781698e-05,7.327752355832833e-05,5.966980927894622e-07,0.72408,0.002246813617158003,50000,1.0323794759410754
71,17,6.0,fit,1260,sim,clean,optimum,6.749957612841136e-05,7.00375054827571e-05,5.784767696774664e-07,0.73628,0.002178202845001382,50000,1.037599189504799
71,23,20.0,fit,1255,sim,clean,optimum,4.230999992212224e-05,4.695901607561471e-05,4.820138267180262e-07,0.82318,0.001814980209616023,50000,1.1098798431115497
83,1,0.6,fit,1253,sim,clean,optimum,0.0001578694982099911,0.00016105545588109823,8.16137489315849e-07,0.39356,0.003073093154857788,50000,1.0201809577355425
71,15,5.0,fit,1261,sim,clean,optimum,7.733083105142808e-05,7.981598626493185e-05,6.139401911153026e-07,0.69946,0.002311737205443284,50000,1.0321366676099866
71,27,30.0,fit,1254,sim,clean,optimum,4.0676575645954604e-05,4.468569191767295e-05,4.725816013193448e-07,0.83174,0.0017794640034776896,50000,1.0985608106890152
71,19,8.0,fit,1259,sim,clean,optimum,6.356076847048537e-05,6.645223957946112e-05,5.663932260318867e-07,0.74978,0.0021327033357277855,50000,1.0454914435202025
71,29,40.0,fit,1254,sim,clean,optimum,4.010951084511709e-05,4.412798388827135e-05,4.689967632571185e-07,0.83384,0.001765965614475199,50000,1.1001875355366861
71,25,26.0,fit,1255,sim,clean,optimum,4.089269606288592e-05,4.569487787563776e-05,4.772294810733834e-07,0.82794,0.0017969651814577765,50000,1.1174337296168222
83,3,1.0,fit,1251,sim,clean,optimum,0.00013529335968882195,0.00013767952219160832,7.787269328193434e-07,0.48158,0.002932227030468372,50000,1.0176369520889614
71,13,4.0,fit,1262,sim,clean,optimum,7.097925255781698e-05,7.410080683982593e-05,5.940115491594488e-07,0.72098,0.0022366976759744385,50000,1.0439784045269602
71,21,10.0,fit,1256,sim,clean,optimum,5.676263530085168e-05,6.0513976942594545e-05,5.409968239887253e-07,0.77214,0.0020370754417778584,50000,1.0660882219766596
83,5,1.4,fit,1251,sim,clean,optimum,0.00011804417866900294,0.0001209164122793088,7.437317555616054e-07,0.5447,0.0028004558018559713,50000,1.0243318530629082
71,17,6.0,fit,1261,sim,clean,optimum,6.749957612841136e-05,7.005343999788288e-05,5.787460618158378e-07,0.73622,0.002179216840606191,50000,1.0378352578779613
71,23,20.0,fit,1256,sim,clean,optimum,4.230999992212224e-05,4.7314886913423354e-05,4.868214886937001e-07,0.82184,0.0018330830333457586,50000,1.118290876873395
71,15,5.0,fit,1262,sim,clean,optimum,7.733083105142808e-05,8.053303944559102e-05,6.123543091304348e-07,0.69676,0.0023057657078268774,50000,1.0414092070474885
83,1,0.6,fit,1254,sim,clean,optimum,0.0001578694982099911,0.00016069427353824768,8.008968157858753e-07,0.39492,0.0030157057536986448,50000,1.0178931038629082
71,19,8.0,fit,1260,sim,clean,optimum,6.356076847048537e-05,6.624509088282624e-05,5.617798667425022e-07,0.75056,0.002115332141488207,50000,1.0422323781939065
71,27,30.0,fit,1255,sim,clean,optimum,4.0676575645954604e-05,4.534431854287104e-05,4.7521430868660193e-07,0.82926,0.0017893772290003202,50000,1.1147526020268783
71,29,40.0,fit,1255,sim,clean,optimum,4.010951084511709e-05,4.485034857397249e-05,4.710933138970237e-07,0.83112,0.0017738599895096142,50000,1.118197345940272
71,25,26.0,fit,1256,sim,clean,optimum,4.089269606288592e-05,4.594451861260801e-05,4.798592960861994e-07,0.827,0.0018068675160769125,50000,1.1235385053104168
71,13,4.0,fit,1263,sim,clean,optimum,7.097925255781698e-05,7.309693238690304e-05,5.922734924320801e-07,0.72476,0.0022301531778946984,50000,1.0298351948319133
83,3,1.0,fit,1252,sim,clean,optimum,0.00013529335968882195,0.00013813100012017153,7.754506728690241e-07,0.47988,0.0029198905649112012,50000,1.0209739815603385
71,21,10.0,fit,1257,sim,clean,optimum,5.676263530085168e-05,6.036525480142078e-05,5.389355383058508e-07,0.7727,0.002029313853803805,50000,1.0634681508614707
83,5,1.4,fit,1252,sim,clean,optimum,0.00011804417866900294,0.00012058178746166783,7.382453111096579e-07,0.54596,0.0027797970830610278,50000,1.0214971108383106
71,17,6.0,fit,1262,sim,clean,optimum,6.749957612841136e-05,7.087141177433855e-05,5.810610791474898e-07,0.73314,0.0021879338325449397,50000,1.0499534343669448
71,23,20.0,fit,1257,sim,clean,optimum,4.230999992212224e-05,4.749547808484864e-05,4.843620138386008e-07,0.82116,0.0018238220994458995,50000,1.1225591626629883
71,15,5.0,fit,1263,sim,clean,optimum,7.733083105142808e-05,7.87165047212544e-05,6.109434575956094e-07,0.7036,0.0023004532718084963,50000,1.017918773805816
71,19,8.0,fit,1261,sim,clean,optimum,6.356076847048537e-05,6.582017047947262e-05,5.624281220798074e-07,0.75216,0.0021177730893257372,50000,1.0355471159861198
83,1,0.6,fit,1255,sim,clean,optimum,0.0001578694982099911,0.0001616237869205837,8.203245219615637e-07,0.39142,0.0030888590540244813,50000,1.0237809630939525
71,29,40.0,fit,1256,sim,clean,optimum,4.010951084511709e-05,4.4945955664727025e-05,4.734248152066076e-07,0.83076,0.001782639050401708,50000,1.1205809973172167
71,25,26.0,fit,1257,sim,clean,optimum,4.089269606288592e-05,4.621009386470401e-05,4.783817715214008e-07,0.826,0.001801304028691934,50000,1.1300329475376445
71,27,30.0,fit,1256,sim,clean,optimum,4.0676575645954604e-05,4.571612389580543e-05,4.77831489789871e-07,0.82786,0.0017992319917563132,50000,1.123893129395026
71,13,4.0,fit,1264,sim,clean,optimum,7.097925255781698e-05,7.308630937681919e-05,5.91056600881558e-07,0.7248,0.0022255710809526152,50000,1.0296855312372566
71,21,10.0,fit,1258,sim,clean,optimum,5.676263530085168e-05,5.8978951985479695e-05,5.34304664345039e-07,0.77792,0.002011876709626162,50000,1.0390453451091752
83,3,1.0,fit,1253,sim,clean,optimum,0.00013529335968882195,0.00013668627074876928,7.755335062732909e-07,0.48532,0.0029202024667304145,50000,1.010295487251932
71,17,6.0,fit,1263,sim,clean,optimum,6.749957612841136e-05,6.961789658444545e-05,5.76721610667243e-07,0.73786,0.0021715939497960824,50000,1.0313827223448662
83,5,1.4,fit,1253,sim,clean,optimum,0.00011804417866900294,0.00011989129180621822,7.373518452169646e-07,0.54856,0.0027764328166783665,50000,1.0156476427558077
71,23,20.0,fit,1258,sim,clean,optimum,4.230999992212224e-05,4.5859534531937263e-05,4.777997331805682e-07,0.82732,0.0017991124150674004,50000,1.083893514921968
71,15,5.0,fit,1264,sim,clean,optimum,7.733083105142808e-05,7.928483576073984e-05,6.092096560700548e-07,0.70146,0.002293924796312866,50000,1.0252681198785032
71,19,8.0,fit,1262,sim,clean,optimum,6.356076847048537e-05,6.672843784164097e-05,5.651580608997729e-07,0.74874,0.0021280524312388862,50000,1.0498368639552638
71,13,4.0,fit,1265,sim,clean,optimum,7.097925255781698e-05,7.324034302303489e-05,5.936966515443301e-07,0.72422,0.0022355119570016298,50000,1.0318556533597774
71,25,26.0,fit,1258,sim,clean,optimum,4.089269606288592e-05,4.4632576867253756e-05,4.7137597471591144e-07,0.83194,0.0017749243236923247,50000,1.0914559607079108
71,29,40.0,fit,1257,sim,clean,optimum,4.010951084511709e-05,4.5099989310942714e-05,4.724321891351143e-07,0.83018,0.0017789014051819098,50000,1.1244213245356285
83,1,0.6,fit,1256,sim,clean,optimum,0.0001578694982099911,0.00016148568778949376,8.146649407103722e-07,0.39194,0.003067548404005233,50000,1.0229061954367686
71,27,30.0,fit,1257,sim,clean,optimum,4.0676575645954604e-05,4.583297700672767e-05,4.7653264320493904e-07,0.82742,0.0017943413004186184,50000,1.1267658665678728
71,21,10.0,fit,1259,sim,clean,optimum,5.676263530085168e-05,6.0014695468654066e-05,5.430472567446332e-07,0.77402,0.002044796164020331,50000,1.0572922689470972
83,3,1.0,fit,1254,sim,clean,optimum,0.00013529335968882195,0.000138497493968064,7.754348992510517e-07,0.4785,0.002919831170755127,50000,1.0236828643076914
71,17,6.0,fit,1264,sim,clean,optimum,6.749957612841136e-05,6.909205758529535e-05,5.780968294917091e-07,0.73984,0.002176772214011639,50000,1.0235924660305191
83,5,1.4,fit,1254,sim,clean,optimum,0.00011804417866900294,0.0001203905732801587,7.373036410375806e-07,0.54668,0.002776251308126634,50000,1.0198772581385405
71,23,20.0,fit,1259,sim,clean,optimum,4.230999992212224e-05,4.645973460167423e-05,4.798789464035645e-07,0.82506,0.0018069415075998804,50000,1.0980792882814983
71,15,5.0,fit,1265,sim,clean,optimum,7.733083105142808e-05,7.89289649229312e-05,6.103717128392754e-07,0.7028,0.00229830041776121,50000,1.0206661928984095
71,19,8.0,fit,1263,sim,clean,optimum,6.356076847048537e-05,6.599545014585601e-05,5.631367483789882e-07,0.7515,0.002120441358652748,50000,1.038304786646832
71,13,4.0,fit,1266,sim,clean,optimum,7.097925255781698e-05,7.371837847680769e-05,5.917504949894511e-07,0.72242,0.0022281838775231417,50000,1.0385905151193233
71,25,26.0,fit,1259,sim,clean,optimum,4.089269606288592e-05,4.5068120280691185e-05,4.745314668651667e-07,0.8303,0.001786806048831814,50000,1.1021068459605643
71,29,40.0,fit,1258,sim,clean,optimum,4.010951084511709e-05,4.402706529247489e-05,4.6790734057840386e-07,0.83422,0.0017618634902369027,50000,1.0976714590832444
83,1,0.6,fit,1257,sim,clean,optimum,0.0001578694982099911,0.00016136883467857152,8.251690250674512e-07,0.39238,0.0031071005997545644,50000,1.0221660074191516
71,27,30.0,fit,1258,sim,clean,optimum,4.0676575645954604e-05,4.4536969776499185e-05,4.7001715047179455e-07,0.8323,0.0017698077918114638,50000,1.094904599741756
71,21,10.0,fit,1260,sim,clean,optimum,5.676263530085168e-05,5.951541399471359e-05,5.38446336098942e-07,0.7759,0.0020274718063876852,50000,1.0484963159175347
71,17,6.0,fit,1265,sim,clean,optimum,6.749957612841136e-05,6.947979745335551e-05,5.787335351628647e-07,0.73838,0.0021791696726081405,50000,1.0293367964441282
83,3,1.0,fit,1255,sim,clean,optimum,0.00013529335968882195,0.0001382797222613453,7.782008555013128e-07,0.47932,0.002930246133099816,50000,1.0220732383273803
83,5,1.4,fit,1255,sim,clean,optimum,0.00011804417866900294,0.00012037463876503296,7.350202052864013e-07,0.54674,0.0027676532338212997,50000,1.0197422704135597
71,23,20.0,fit,1260,sim,clean,optimum,4.230999992212224e-05,4.645973460167423e-05,4.80848329430452e-07,0.82506,0.001810591633201708,50000,1.0980792882814983
71,15,5.0,fit,1266,sim,clean,optimum,7.733083105142808e-05,7.950260746745855e-05,6.123364179503622e-07,0.70064,0.002305698340178983,50000,1.0280842244484112
71,19,8.0,fit,1264,sim,clean,optimum,6.356076847048537e-05,6.480567301646592e-05,5.600393235929358e-07,0.75598,0.002108778281006745,50000,1.01958605246503
71,13,4.0,fit,1267,sim,clean,optimum,7.097925255781698e-05,7.354841031546622e-05,5.914826098801369e-07,0.72306,0.002227175179961151,50000,1.0361958976048178
71,25,26.0,fit,1260,sim,clean,optimum,4.089269606288592e-05,4.514248135127809e-05,4.7399355178881927e-07,0.83002,0.0017847805774367875,50000,1.1039252897841887
71,29,40.0,fit,1259,sim,clean,optimum,4.010951084511709e-05,4.427139452440319e-05,4.695187587570682e-07,0.8333,0.0017679311421206778,50000,1.1037630126021036
83,1,0.6,fit,1258,sim,clean,optimum,0.0001578694982099911,0.0001618203126071347,8.143365028906686e-07,0.39068,0.0030663117005958924,50000,1.0250258247599444
71,21,10.0,fit,1261,sim,clean,optimum,5.676263530085168e-05,5.9451675934210544e-05,5.380740255346692e-07,0.77614,0.002026069904059308,50000,1.0473734282967393
71,27,30.0,fit,1259,sim,clean,optimum,4.0676575645954604e-05,4.49884477050624e-05,4.72936221235675e-07,0.8306,0.0017807992932440794,50000,1.1060038115459363
71,17,6.0,fit,1266,sim,clean,optimum,6.749957612841136e-05,7.002688247267329e-05,5.777173606236718e-07,0.73632,0.002175343357726867,50000,1.037441810589358
83,3,1.0,fit,1256,sim,clean,optimum,0.00013529335968882195,0.000138364706342016,7.722682264803122e-07,0.479,0.002907907345979486,50000,1.022701385051404
83,5,1.4,fit,1256,sim,clean,optimum,0.00011804417866900294,0.00012144756278350081,7.490874721045404e-07,0.5427,0.002820622276332287,50000,1.0288314438956028
71,23,20.0,fit,1261,sim,clean,optimum,4.230999992212224e-05,4.615697881428479e-05,4.775934670457282e-07,0.8262,0.0017983357382753723,50000,1.0909236326930627
71,15,5.0,fit,1267,sim,clean,optimum,7.733083105142808e-05,7.931670479099137e-05,6.100079915079029e-07,0.70134,0.002296930857425667,50000,1.0256802327423922
71,19,8.0,fit,1265,sim,clean,optimum,6.356076847048537e-05,6.547492265174783e-05,5.646437671533741e-07,0.75346,0.0021261159038616557,50000,1.0301153404422934
71,13,4.0,fit,1268,sim,clean,optimum,7.097925255781698e-05,7.394146168856832e-05,5.943045945431327e-07,0.72158,0.0022378011123126177,50000,1.0417334506071114
71,25,26.0,fit,1261,sim,clean,optimum,4.089269606288592e-05,4.487159459414016e-05,4.7109482374470813e-07,0.83104,0.0017738656747068324,50000,1.097300958712416
71,29,40.0,fit,1260,sim,clean,optimum,4.010951084511709e-05,4.4749429978176e-05,4.7206965928857766e-07,0.8315,0.0017775363312765838,50000,1.1156812694868297
71,17,6.0,fit,1267,sim,clean,optimum,6.749957612841136e-05,6.997376742225408e-05,5.756504412220432e-07,0.73652,0.002167560556485728,50000,1.0366549160121512
71,21,10.0,fit,1262,sim,clean,optimum,5.676263530085168e-05,6.0513976942594545e-05,5.398285186080639e-07,0.77214,0.002032676291738686,50000,1.0660882219766596
71,27,30.0,fit,1260,sim,clean,optimum,4.0676575645954604e-05,4.5179661886571534e-05,4.7420841825717507e-07,0.82988,0.0017855896380200309,50000,1.1107046541924128
83,1,0.6,fit,1259,sim,clean,optimum,0.0001578694982099911,0.00016140601521386498,8.181096027981041e-07,0.39224,0.0030805189728385324,50000,1.0224015217883935
83,3,1.0,fit,1257,sim,clean,optimum,0.00013529335968882195,0.00013904457898738175,7.767247151579788e-07,0.47644,0.0029246878578776943,50000,1.027726558843595
71,23,20.0,fit,1262,sim,clean,optimum,4.230999992212224e-05,4.725646035796224e-05,4.855730567029637e-07,0.82206,0.0018283821736802457,50000,1.1169099608826445
71,15,5.0,fit,1268,sim,clean,optimum,7.733083105142808e-05,8.042680934475264e-05,6.12055643976499e-07,0.69716,0.002304641110743457,50000,1.040035497501192
83,5,1.4,fit,1257,sim,clean,optimum,0.00011804417866900294,0.0001208686087339315,7.380886648302342e-07,0.54488,0.0027792072454229672,50000,1.0239268898879654
71,19,8.0,fit,1266,sim,clean,optimum,6.356076847048537e-05,6.662751924584448e-05,5.643866563520066e-07,0.74912,0.0021251477759983164,50000,1.0482491141809143
71,13,4.0,fit,1269,sim,clean,optimum,7.097925255781698e-05,7.358027934571775e-05,5.93245068621365e-07,0.72294,0.0022338115616545445,50000,1.0366448883887875
71,25,26.0,fit,1262,sim,clean,optimum,4.089269606288592e-05,4.6077306238655995e-05,4.801377323262897e-07,0.8265,0.0018079159429837605,50000,1.1267857264240304
71,29,40.0,fit,1261,sim,clean,optimum,4.010951084511709e-05,4.423421398910977e-05,4.6806732667773713e-07,0.83344,0.0017624659036698962,50000,1.1028360370666255
71,17,6.0,fit,1268,sim,clean,optimum,6.749957612841136e-05,7.099357639030272e-05,5.804625749537565e-07,0.73268,0.0021856802182152546,50000,1.0517632918945203
71,21,10.0,fit,1263,sim,clean,optimum,5.676263530085168e-05,6.002531847873792e-05,5.389073943231505e-07,0.77398,0.0020292078801391724,50000,1.0574794168838966
71,27,30.0,fit,1261,sim,clean,optimum,4.0676575645954604e-05,4.478129900842752e-05,4.702816816358361e-07,0.83138,0.0017708038603907225,50000,1.1009112320122538
83,1,0.6,fit,1260,sim,clean,optimum,0.0001578694982099911,0.00016158660638529023,8.164589068387042e-07,0.39156,0.0030743034239635067,50000,1.0235454487247104
71,15,5.0,fit,1269,sim,clean,optimum,7.733083105142808e-05,7.99912659313152e-05,6.122115388421557e-07,0.6988,0.0023052281189997847,50000,1.0344032883613759
83,3,1.0,fit,1258,sim,clean,optimum,0.00013529335968882195,0.00013744581596976383,7.754656285681705e-07,0.48246,0.0029199468792666557,50000,1.0159095485978955
71,19,8.0,fit,1267,sim,clean,optimum,6.356076847048537e-05,6.638850151895808e-05,5.641656352575886e-07,0.75002,0.0021243155407178315,50000,1.0444886541890344
71,23,20.0,fit,1263,sim,clean,optimum,4.230999992212224e-05,4.675717888402176e-05,4.820052984823652e-07,0.82394,0.0018149480973028698,50000,1.1051094060525928
83,5,1.4,fit,1258,sim,clean,optimum,0.00011804417866900294,0.00011963102805916414,7.431895838106242e-07,0.54954,0.0027984143023310638,50000,1.0134428432477873
71,13,4.0,fit,1270,sim,clean,optimum,7.097925255781698e-05,7.331470409362175e-05,5.956735327991395e-07,0.72394,0.0022429557276060336,50000,1.0329032985223732
71,25,26.0,fit,1263,sim,clean,optimum,4.089269606288592e-05,4.5339007037829115e-05,4.7562863596295036e-07,0.82928,0.0017909373415223961,50000,1.108731177032337
71,17,6.0,fit,1269,sim,clean,optimum,6.749957612841136e-05,7.043586836090111e-05,5.824216074231668e-07,0.73478,0.0021930567808051385,50000,1.0435008988338497
71,29,40.0,fit,1262,sim,clean,optimum,4.010951084511709e-05,4.528589198740992e-05,4.749887838561154e-07,0.82948,0.0017885280353020872,50000,1.129056202213022
71,21,10.0,fit,1264,sim,clean,optimum,5.676263530085168e-05,5.86124581375872e-05,5.341026956717719e-07,0.7793,0.002011116214543608,50000,1.0325887412896027
71,27,30.0,fit,1262,sim,clean,optimum,4.0676575645954604e-05,4.576923894622465e-05,4.784444806994209e-07,0.82766,0.0018015401545264204,50000,1.125198919019048
83,1,0.6,fit,1261,sim,clean,optimum,0.0001578694982099911,0.00016182562411217664,8.197984363861459e-07,0.39066,0.003086878125563468,50000,1.0250594696698363
71,15,5.0,fit,1270,sim,clean,optimum,7.733083105142808e-05,7.956634552796159e-05,6.147677515549668e-07,0.7004,0.0023148533107020864,50000,1.0289084501761891
71,19,8.0,fit,1268,sim,clean,optimum,6.356076847048537e-05,6.74295565071744e-05,5.694812038319894e-07,0.7461,0.002144330841588107,50000,1.0608675465981112
71,13,4.0,fit,1271,sim,clean,optimum,7.097925255781698e-05,7.275168455917823e-05,5.90233472417112e-07,0.72606,0.002222471663902459,50000,1.0249711280055744
83,3,1.0,fit,1259,sim,clean,optimum,0.00013529335968882195,0.00013720148673783555,7.849460836741193e-07,0.48338,0.002955644690079697,50000,1.0141036267663273
71,23,20.0,fit,1264,sim,clean,optimum,4.230999992212224e-05,4.59976336630272e-05,4.780115769393034e-07,0.8268,0.0017999100939063105,50000,1.0871574981728336
83,5,1.4,fit,1259,sim,clean,optimum,0.00011804417866900294,0.00011946105989782272,7.406089998421757e-07,0.55018,0.0027886973428324596,50000,1.0120029741813252
71,17,6.0,fit,1270,sim,clean,optimum,6.749957612841136e-05,7.007999752309248e-05,5.80349180170133e-07,0.73612,0.002185253240239225,50000,1.0382287051665646
71,25,26.0,fit,1264,sim,clean,optimum,4.089269606288592e-05,4.474411847313407e-05,4.710838855018234e-07,0.83152,0.0017738244877257474,50000,1.0941836264433464
71,29,40.0,fit,1263,sim,clean,optimum,4.010951084511709e-05,4.454228128154111e-05,4.712478612260911e-07,0.83228,0.001774441923736722,50000,1.1105166915034483
71,21,10.0,fit,1265,sim,clean,optimum,5.676263530085168e-05,5.9069247571192306e-05,5.358054930240181e-07,0.77758,0.002017527946581165,50000,1.0406361025719681
71,27,30.0,fit,1263,sim,clean,optimum,4.0676575645954604e-05,4.520621941178113e-05,4.746810213136339e-07,0.82978,0.0017873691828109287,50000,1.1113575490044234
71,15,5.0,fit,1271,sim,clean,optimum,7.733083105142808e-05,7.889709589267967e-05,6.101204137804776e-07,0.70292,0.002297354173497806,50000,1.0202540800345203
83,1,0.6,fit,1262,sim,clean,optimum,0.0001578694982099911,0.00016079519213404414,8.074574505369413e-07,0.39454,0.003040409240560796,50000,1.01853235715085
71,19,8.0,fit,1269,sim,clean,optimum,6.356076847048537e-05,6.696214406348545e-05,5.667206878397538e-07,0.74786,0.002133936364051331,50000,1.0535137581695464
71,13,4.0,fit,1272,sim,clean,optimum,7.097925255781698e-05,7.321909700286718e-05,5.904269735564855e-07,0.7243,0.002223200275238968,50000,1.0315563261704637
71,23,20.0,fit,1265,sim,clean,optimum,4.230999992212224e-05,4.6146355804200964e-05,4.803658934946354e-07,0.82624,0.0018087750635778102,50000,1.090672557058381
83,3,1.0,fit,1260,sim,clean,optimum,0.00013529335968882195,0.00013771670272690176,7.759316993447124e-07,0.48144,0.002921701827338298,50000,1.0179117662807218
83,5,1.4,fit,1260,sim,clean,optimum,0.00011804417866900294,0.0001207836246532608,7.403577120393805e-07,0.5452,0.002787751140952533,50000,1.0232069553547345
71,17,6.0,fit,1271,sim,clean,optimum,6.749957612841136e-05,6.975599571553536e-05,5.742008334056612e-07,0.73734,0.0021621021871348896,50000,1.0334286482456034
71,25,26.0,fit,1265,sim,clean,optimum,4.089269606288592e-05,4.466444589750528e-05,4.7223311938982984e-07,0.83182,0.0017781518257549362,50000,1.0922352937751783
71,29,40.0,fit,1264,sim,clean,optimum,4.010951084511709e-05,4.397926174709759e-05,4.6718627612711845e-07,0.8344,0.0017591483861539939,50000,1.0964796333947713
71,21,10.0,fit,1266,sim,clean,optimum,5.676263530085168e-05,6.036525480142078e-05,5.40597910284662e-07,0.7727,0.0020355733676918324,50000,1.0634681508614707
71,15,5.0,fit,1272,sim,clean,optimum,7.733083105142808e-05,7.933263930611711e-05,6.078127621339431e-07,0.70128,0.002288664916391499,50000,1.0258862891743366
71,19,8.0,fit,1270,sim,clean,optimum,6.356076847048537e-05,6.670719182147327e-05,5.662006744669991e-07,0.74882,0.002131978299929578,50000,1.049502600844874
71,27,30.0,fit,1264,sim,clean,optimum,4.0676575645954604e-05,4.448916623112192e-05,4.69556034109341e-07,0.83248,0.0017680714991455836,50000,1.0937293890801372
71,13,4.0,fit,1273,sim,clean,optimum,7.097925255781698e-05,7.252328984237567e-05,5.907397752945536e-07,0.72692,0.002224378102373083,50000,1.021753360720458
83,1,0.6,fit,1263,sim,clean,optimum,0.0001578694982099911,0.0001605667974172416,8.196456474103244e-07,0.3954,0.003086302812259176,50000,1.017085626025508
71,23,20.0,fit,1266,sim,clean,optimum,4.230999992212224e-05,4.687934349998592e-05,4.835712874187885e-07,0.82348,0.0018208446894140099,50000,1.1079967758514353
83,3,1.0,fit,1261,sim,clean,optimum,0.00013529335968882195,0.0001383753293520998,7.838875301566173e-07,0.47896,0.0029516588009234315,50000,1.0227799033919067
71,17,6.0,fit,1272,sim,clean,optimum,6.749957612841136e-05,7.049960642140417e-05,5.795938825189926e-07,0.73454,0.002182409234085868,50000,1.044445172326498
83,5,1.4,fit,1261,sim,clean,optimum,0.00011804417866900294,0.0001211554300061952,7.372726907457896e-07,0.5438,0.002776134767554624,50000,1.0263566689376207
71,25,26.0,fit,1266,sim,clean,optimum,4.089269606288592e-05,4.560458228992511e-05,4.755969700941909e-07,0.82828,0.0017908181065089317,50000,1.1152256192595646
71,29,40.0,fit,1265,sim,clean,optimum,4.010951084511709e-05,4.41386068983552e-05,4.709219197522244e-07,0.8338,0.001773214620095685,50000,1.1004523856896802
71,21,10.0,fit,1267,sim,clean,optimum,5.676263530085168e-05,6.002000697369599e-05,5.401335819252696e-07,0.774,0.0020338249805370513,50000,1.0573858429154968
71,15,5.0,fit,1273,sim,clean,optimum,7.733083105142808e-05,7.882273482209278e-05,6.143333129574983e-07,0.7032,0.0023132174707883907,50000,1.0192924833521124
71,19,8.0,fit,1271,sim,clean,optimum,6.356076847048537e-05,6.572987489376001e-05,5.644950866119474e-07,0.7525,0.0021255560605018048,50000,1.0341264977669655
71,13,4.0,fit,1274,sim,clean,optimum,7.097925255781698e-05,7.243830576170496e-05,5.930637435929812e-07,0.72724,0.0022331287983814127,50000,1.0205560519632055
71,27,30.0,fit,1265,sim,clean,optimum,4.0676575645954604e-05,4.460601934204416e-05,4.714910608509855e-07,0.83204,0.0017753576703018667,50000,1.096602126252984
71,23,20.0,fit,1267,sim,clean,optimum,4.230999992212224e-05,4.6714686843686385e-05,4.812360158734131e-07,0.8241,0.0018120514320342476,50000,1.1041051035138647
83,1,0.6,fit,1264,sim,clean,optimum,0.0001578694982099911,0.0001612785390928589,8.234180898779331e-07,0.39272,0.0031005076089705994,50000,1.0215940439509932
71,17,6.0,fit,1273,sim,clean,optimum,6.749957612841136e-05,6.901769651470848e-05,5.741583184345129e-07,0.74012,0.002161942100790952,50000,1.0224908136224298
83,3,1.0,fit,1262,sim,clean,optimum,0.00013529335968882195,0.00013747768500001537,7.778078424059808e-07,0.48234,0.002928766277231356,50000,1.0161451036194047
71,25,26.0,fit,1267,sim,clean,optimum,4.089269606288592e-05,4.5349630047912967e-05,4.734560773208891e-07,0.82924,0.0017827567651135824,50000,1.1089909547214263
83,5,1.4,fit,1262,sim,clean,optimum,0.00011804417866900294,0.00011995502986672126,7.337674840047417e-07,0.54832,0.002762936223212168,50000,1.016187593655731
71,29,40.0,fit,1266,sim,clean,optimum,4.010951084511709e-05,4.4829102553804784e-05,4.7185599161453856e-07,0.8312,0.0017767317846467574,50000,1.1176676456342838
71,21,10.0,fit,1268,sim,clean,optimum,5.676263530085168e-05,6.094420885099008e-05,5.436825681596143e-07,0.77052,0.0020471883726691682,50000,1.0736677134170276
71,19,8.0,fit,1272,sim,clean,optimum,6.356076847048537e-05,6.649473161979649e-05,5.645595964848954e-07,0.74962,0.0021257989666929457,50000,1.0461599697409811
71,15,5.0,fit,1274,sim,clean,optimum,7.733083105142808e-05,7.83712568935296e-05,6.139620969070463e-07,0.7049,0.002311819689754494,50000,1.013454217780352
71,13,4.0,fit,1275,sim,clean,optimum,7.097925255781698e-05,7.3829920082688e-05,5.966917151941305e-07,0.722,0.0022467896028898005,50000,1.0401619828632174
71,23,20.0,fit,1268,sim,clean,optimum,4.230999992212224e-05,4.726708336804609e-05,4.838868085689572e-07,0.82202,0.001822032756252612,50000,1.1171610365173266
71,27,30.0,fit,1266,sim,clean,optimum,4.0676575645954604e-05,4.536556456303871e-05,4.7394787770134525e-07,0.82918,0.0017846085957211964,50000,1.1152749178764865
83,1,0.6,fit,1265,sim,clean,optimum,0.0001578694982099911,0.00016019499206430717,8.191003417601712e-07,0.3968,0.003084249512315565,50000,1.01473048233309
71,17,6.0,fit,1274,sim,clean,optimum,6.749957612841136e-05,6.884241684832512e-05,5.760396642078419e-07,0.74078,0.0021690261410337113,50000,1.0198940615176477
83,3,1.0,fit,1263,sim,clean,optimum,0.00013529335968882195,0.0001381788036655488,7.671192650669174e-07,0.4797,0.002888519389561267,50000,1.0213273140926018
71,25,26.0,fit,1268,sim,clean,optimum,4.089269606288592e-05,4.581704249160192e-05,4.772211385877327e-07,0.82748,0.0017969337685697728,50000,1.1204211730413471
71,29,40.0,fit,1267,sim,clean,optimum,4.010951084511709e-05,4.4409493655493126e-05,4.6918791951495194e-07,0.83278,0.001766685396368748,50000,1.1072060645910249
83,5,1.4,fit,1263,sim,clean,optimum,0.00011804417866900294,0.00012064552552217089,7.334227213077161e-07,0.54572,0.0027616380499286843,50000,1.022037061738234
71,21,10.0,fit,1269,sim,clean,optimum,5.676263530085168e-05,6.019528664007935e-05,5.411687880135593e-07,0.77334,0.002037722957024391,50000,1.0604737838726837
71,19,8.0,fit,1273,sim,clean,optimum,6.356076847048537e-05,6.535806954082559e-05,5.601925865294243e-07,0.7539,0.0021093553789677897,50000,1.0282768933351523
71,15,5.0,fit,1275,sim,clean,optimum,7.733083105142808e-05,7.997001991114753e-05,6.140141387018696e-07,0.69888,0.002312015648505969,50000,1.0341285464521166
71,13,4.0,fit,1276,sim,clean,optimum,7.097925255781698e-05,7.413798737511935e-05,5.956416714452261e-07,0.72084,0.0022428357565106023,50000,1.044502227108258
71,23,20.0,fit,1269,sim,clean,optimum,4.230999992212224e-05,4.698026209578238e-05,4.823180846102888e-07,0.8231,0.0018161258656583738,50000,1.1103819943809135
71,27,30.0,fit,1267,sim,clean,optimum,4.0676575645954604e-05,4.508936630085889e-05,4.7137941726295453e-07,0.83022,0.0017749372862971456,50000,1.1084848118315769
83,1,0.6,fit,1266,sim,clean,optimum,0.0001578694982099911,0.00016194247722309886,8.118899665904376e-07,0.39022,0.0030570994856740493,50000,1.025799657687453
71,17,6.0,fit,1275,sim,clean,optimum,6.749957612841136e-05,7.00375054827571e-05,5.797371539841572e-07,0.73628,0.0021829487100499642,50000,1.037599189504799
71,25,26.0,fit,1269,sim,clean,optimum,4.089269606288592e-05,4.574268142101502e-05,4.770738251513684e-07,0.82776,0.0017963790729224876,50000,1.118602729217723
83,3,1.0,fit,1264,sim,clean,optimum,0.00013529335968882195,0.00013774857175715327,7.738406232103545e-07,0.48132,0.002913828066067794,50000,1.0181473213022307
71,29,40.0,fit,1268,sim,clean,optimum,4.010951084511709e-05,4.495126716976895e-05,4.725057513937522e-07,0.83074,0.0017791783973265367,50000,1.1207134223937139
83,5,1.4,fit,1264,sim,clean,optimum,0.00011804417866900294,0.0001198541112709248,7.359031346235919e-07,0.5487,0.0027709778257409994,50000,1.015332671397519
71,21,10.0,fit,1270,sim,clean,optimum,5.676263530085168e-05,5.995095740815105e-05,5.400805782153574e-07,0.77426,0.002033625399779831,50000,1.0561693813263022
71,19,8.0,fit,1274,sim,clean,optimum,6.356076847048537e-05,6.537931556099327e-05,5.607479043190077e-07,0.75382,0.0021114463787322655,50000,1.0286111564455414
71,15,5.0,fit,1276,sim,clean,optimum,7.733083105142808e-05,8.019310312290816e-05,6.10991291297519e-07,0.69804,0.0023006333853602375,50000,1.0370133364993395
71,13,4.0,fit,1277,sim,clean,optimum,7.097925255781698e-05,7.420703694066432e-05,5.936901747699027e-07,0.72058,0.0022354875692833604,50000,1.0454750404735258
71,23,20.0,fit,1270,sim,clean,optimum,4.230999992212224e-05,4.7405182499136e-05,4.828719330326623e-07,0.8215,0.0018182113326512593,50000,1.1204250197681918
71,27,30.0,fit,1268,sim,clean,optimum,4.0676575645954604e-05,4.55195982092544e-05,4.75700556749964e-07,0.8286,0.0017912081528515618,50000,1.119061707786148
71,17,6.0,fit,1276,sim,clean,optimum,6.749957612841136e-05,7.119010207685375e-05,5.812149919950175e-07,0.73194,0.00218851337768822,50000,1.0546748018301852
83,1,0.6,fit,1267,sim,clean,optimum,0.0001578694982099911,0.00015999846637775617,8.141141370830731e-07,0.39754,0.003065474401917493,50000,1.0134856206670981
71,25,26.0,fit,1270,sim,clean,optimum,4.089269606288592e-05,4.6162290319326714e-05,4.764775348659306e-07,0.82618,0.001794133794867655,50000,1.1288639479367433
71,29,40.0,fit,1269,sim,clean,optimum,4.010951084511709e-05,4.474411847313407e-05,4.718297324432278e-07,0.83152,0.0017766329080718376,50000,1.1155488444103325
83,3,1.0,fit,1265,sim,clean,optimum,0.00013529335968882195,0.0001379929009890816,7.754442461748778e-07,0.4804,0.002919866365765778,50000,1.0199532431337994
71,19,8.0,fit,1275,sim,clean,optimum,6.356076847048537e-05,6.625040238786817e-05,5.627597182253495e-07,0.75054,0.0021190216851302225,50000,1.042315943971504
83,5,1.4,fit,1265,sim,clean,optimum,0.00011804417866900294,0.00012061896799696128,7.389350423269001e-07,0.54582,0.0027823942046369225,50000,1.0218120821965992
71,15,5.0,fit,1277,sim,clean,optimum,7.733083105142808e-05,7.978942873972225e-05,6.11877979136928e-07,0.69956,0.00230397212958588,50000,1.0317932402234125
71,21,10.0,fit,1271,sim,clean,optimum,5.676263530085168e-05,5.951010248967166e-05,5.384070952786013e-07,0.77592,0.002027324048567516,50000,1.0484027419491349
71,13,4.0,fit,1278,sim,clean,optimum,7.097925255781698e-05,7.36174598810112e-05,5.935367159411937e-07,0.7228,0.002234909733707576,50000,1.0371687109700856
71,23,20.0,fit,1271,sim,clean,optimum,4.230999992212224e-05,4.633225848066815e-05,4.798299879870237e-07,0.82554,0.0018067571590351912,50000,1.0950663806653147
71,17,6.0,fit,1277,sim,clean,optimum,6.749957612841136e-05,7.012780106846975e-05,5.79051618549208e-07,0.73594,0.002180367387319255,50000,1.0389369102860506
71,27,30.0,fit,1269,sim,clean,optimum,4.0676575645954604e-05,4.535494155295489e-05,4.755976366499688e-07,0.82922,0.0017908206163654513,50000,1.1150137599516827
83,1,0.6,fit,1268,sim,clean,optimum,0.0001578694982099911,0.00016073676557858303,8.163271975398177e-07,0.39476,0.003073807484308561,50000,1.0181622631420417
71,25,26.0,fit,1271,sim,clean,optimum,4.089269606288592e-05,4.5360253057996784e-05,4.753248557374745e-07,0.8292,0.0017897934840918623,50000,1.109250732410515
71,29,40.0,fit,1270,sim,clean,optimum,4.010951084511709e-05,4.548772917900288e-05,4.7429111986109706e-07,0.82872,0.001785901043556764,50000,1.1340883551199061
83,3,1.0,fit,1266,sim,clean,optimum,0.00013529335968882195,0.00013769014520169213,7.745795113495572e-07,0.48154,0.002916610283662887,50000,1.0177154704294642
71,19,8.0,fit,1276,sim,clean,optimum,6.356076847048537e-05,6.717991577020415e-05,5.685916438903656e-07,0.74704,0.002140981282716928,50000,1.0569399550510366
71,15,5.0,fit,1278,sim,clean,optimum,7.733083105142808e-05,7.934326231620096e-05,6.151293318610872e-07,0.70124,0.0023162148091973966,50000,1.0260236601289663
71,13,4.0,fit,1279,sim,clean,optimum,7.097925255781698e-05,7.356965633563393e-05,5.961507581145585e-07,0.72298,0.00224475267710209,50000,1.0364952247941313
83,5,1.4,fit,1266,sim,clean,optimum,0.00011804417866900294,0.00011984879976588288,7.339474742911404e-07,0.54872,0.0027636139606330243,50000,1.0152876754891922
71,21,10.0,fit,1272,sim,clean,optimum,5.676263530085168e-05,6.0115614064450557e-05,5.372503103669477e-07,0.77364,0.00202296827783013,50000,1.0590701743466897
71,17,6.0,fit,1278,sim,clean,optimum,6.749957612841136e-05,7.021278514914046e-05,5.817687101845623e-07,0.73562,0.002190598354300968,50000,1.0401959416095812
71,23,20.0,fit,1272,sim,clean,optimum,4.230999992212224e-05,4.686872048990207e-05,4.811653844537666e-07,0.82352,0.0018117854757032678,50000,1.1077457002167532
71,27,30.0,fit,1270,sim,clean,optimum,4.0676575645954604e-05,4.5960453127733754e-05,4.761434171948058e-07,0.82694,0.0017928757044827722,50000,1.1298997616655237
83,1,0.6,fit,1269,sim,clean,optimum,0.0001578694982099911,0.00016083768417437952,8.172973293009062e-07,0.39438,0.0030774604292024546,50000,1.0188015164299837
71,25,26.0,fit,1272,sim,clean,optimum,4.089269606288592e-05,4.5567401754631664e-05,4.7424148650082775e-07,0.82842,0.0017857141535514733,50000,1.1143163973477526
71,19,8.0,fit,1277,sim,clean,optimum,6.356076847048537e-05,6.607512272148481e-05,5.63731990765076e-07,0.7512,0.0021226826909357447,50000,1.039558273310792
71,29,40.0,fit,1271,sim,clean,optimum,4.010951084511709e-05,4.463788837229568e-05,4.702016746069819e-07,0.83192,0.0017705026010368379,50000,1.1129003428803939
71,15,5.0,fit,1279,sim,clean,optimum,7.733083105142808e-05,7.966726412375808e-05,6.14208771340427e-07,0.70002,0.002312748520402056,50000,1.0302134742451712
83,3,1.0,fit,1267,sim,clean,optimum,0.00013529335968882195,0.0001380725735647104,7.719932995497939e-07,0.4801,0.0029068721330658257,50000,1.020542130687572
71,13,4.0,fit,1280,sim,clean,optimum,7.097925255781698e-05,7.330408108353793e-05,5.963886947126122e-07,0.72398,0.0022456486062075918,50000,1.0327536349277169
71,21,10.0,fit,1273,sim,clean,optimum,5.676263530085168e-05,5.8835541349347824e-05,5.353939353268457e-07,0.77846,0.0020159782626632387,50000,1.0365188479623855
83,5,1.4,fit,1267,sim,clean,optimum,0.00011804417866900294,0.00012015686705831422,7.372492331109724e-07,0.54756,0.0027760464399162917,50000,1.0178974381721548
71,17,6.0,fit,1279,sim,clean,optimum,6.749957612841136e-05,7.038275331048192e-05,5.799225233208773e-07,0.73498,0.0021836467018065643,50000,1.042714004256643
71,23,20.0,fit,1273,sim,clean,optimum,4.230999992212224e-05,4.617291332941056e-05,4.787564986830116e-07,0.82614,0.0018027150305027328,50000,1.0913002461450858
71,27,30.0,fit,1271,sim,clean,optimum,4.0676575645954604e-05,4.519559640169728e-05,4.7401751446682044e-07,0.82982,0.0017848708067703268,50000,1.1110963910796188
83,1,0.6,fit,1270,sim,clean,optimum,0.0001578694982099911,0.00016116168598193664,8.15855449094662e-07,0.39316,0.0030720311574805436,50000,1.0208538559333762
71,19,8.0,fit,1278,sim,clean,optimum,6.356076847048537e-05,6.654784667021568e-05,5.63279180694475e-07,0.74942,0.0021209776748733395,50000,1.0469956275169543
71,25,26.0,fit,1273,sim,clean,optimum,4.089269606288592e-05,4.470693793784065e-05,4.716077319157413e-07,0.83166,0.0017757969848232124,50000,1.093274404531535
71,29,40.0,fit,1272,sim,clean,optimum,4.010951084511709e-05,4.490346362439168e-05,4.7016408307894586e-07,0.83092,0.0017703610534802062,50000,1.1195215967052414
71,15,5.0,fit,1280,sim,clean,optimum,7.733083105142808e-05,7.940168887166209e-05,6.181001449987524e-07,0.70102,0.0023274011419381875,50000,1.0267792003794296
71,13,4.0,fit,1281,sim,clean,optimum,7.097925255781698e-05,7.363870590117888e-05,5.977583148282819e-07,0.72272,0.002250805788982945,50000,1.0374680381593988
83,3,1.0,fit,1268,sim,clean,optimum,0.00013529335968882195,0.00013843375590756097,7.7742472424725e-07,0.47874,0.002927323679866929,50000,1.0232117542646735
71,21,10.0,fit,1274,sim,clean,optimum,5.676263530085168e-05,5.905862456110848e-05,5.359197754203802e-07,0.77762,0.002017958266784046,50000,1.0404489546351692
71,17,6.0,fit,1280,sim,clean,optimum,6.749957612841136e-05,6.944792842310398e-05,5.785268471898304e-07,0.7385,0.0021783914074218966,50000,1.0288646596978042
83,5,1.4,fit,1268,sim,clean,optimum,0.00011804417866900294,0.00012061896799696128,7.281788718360989e-07,0.54582,0.002741892800963537,50000,1.0218120821965992
71,23,20.0,fit,1274,sim,clean,optimum,4.230999992212224e-05,4.581704249160192e-05,4.782594410322076e-07,0.82748,0.0018008434041110375,50000,1.0828892123832405
71,27,30.0,fit,1272,sim,clean,optimum,4.0676575645954604e-05,4.529651499749377e-05,4.7236336114761883e-07,0.82944,0.001778642239514355,50000,1.1135773913652594
71,19,8.0,fit,1279,sim,clean,optimum,6.356076847048537e-05,6.622915636770049e-05,5.681621456614042e-07,0.75062,0.0021393640453216075,50000,1.0419816808611146
83,1,0.6,fit,1271,sim,clean,optimum,0.0001578694982099911,0.00016140601521386498,8.197927965847812e-07,0.39224,0.0030868568893928526,50000,1.0224015217883935
71,25,26.0,fit,1274,sim,clean,optimum,4.089269606288592e-05,4.459008482691841e-05,4.703933564956573e-07,0.8321,0.0017712243621465895,50000,1.0904168499515547
71,15,5.0,fit,1281,sim,clean,optimum,7.733083105142808e-05,7.922640920527873e-05,6.122274895072673e-07,0.70168,0.0023052881798111204,50000,1.02451257962804
71,13,4.0,fit,1282,sim,clean,optimum,7.097925255781698e-05,7.392021566840064e-05,5.949597319227388e-07,0.72166,0.0022402679738685633,50000,1.0414341234177982
71,29,40.0,fit,1273,sim,clean,optimum,4.010951084511709e-05,4.4085491847936005e-05,4.684203473058621e-07,0.834,0.001763795171458739,50000,1.0991281349247108
83,3,1.0,fit,1269,sim,clean,optimum,0.00013529335968882195,0.0001371483716874163,7.898331271412505e-07,0.48358,0.0029740464177578645,50000,1.0137110350638119
71,17,6.0,fit,1281,sim,clean,optimum,6.749957612841136e-05,6.992065237183487e-05,5.773229155996807e-07,0.73672,0.002173858110058351,50000,1.035868021434944
71,21,10.0,fit,1275,sim,clean,optimum,5.676263530085168e-05,5.964289011571968e-05,5.379718478925078e-07,0.77542,0.00202568516323216,50000,1.0507420911591252
83,5,1.4,fit,1269,sim,clean,optimum,0.00011804417866900294,0.00012020467060369152,7.408510043337725e-07,0.54738,0.002789608589229429,50000,1.0183024013470974
71,23,20.0,fit,1275,sim,clean,optimum,4.230999992212224e-05,4.703337714620161e-05,4.814880836329163e-07,0.8229,0.0018130005707718137,50000,1.1116373725543238
71,19,8.0,fit,1280,sim,clean,optimum,6.356076847048537e-05,6.548023415678976e-05,5.61642094407891e-07,0.75344,0.0021148133720112934,50000,1.0301989062198909
71,13,4.0,fit,1283,sim,clean,optimum,7.097925255781698e-05,7.394677319361024e-05,5.962292939257809e-07,0.72156,0.0022450483967167856,50000,1.0418082824044397
71,15,5.0,fit,1282,sim,clean,optimum,7.733083105142808e-05,7.950260746745855e-05,6.105365610451681e-07,0.70064,0.0022989211390241726,50000,1.0280842244484112
71,27,30.0,fit,1273,sim,clean,optimum,4.0676575645954604e-05,4.4611330847086086e-05,4.706734443865461e-07,0.83202,0.001772279008197674,50000,1.0967327052153861
71,25,26.0,fit,1275,sim,clean,optimum,4.089269606288592e-05,4.5732058410931204e-05,4.752573910977352e-07,0.8278,0.001789539451989071,50000,1.1183429515286343
83,1,0.6,fit,1272,sim,clean,optimum,0.0001578694982099911,0.0001605455513970739,8.159848990785545e-07,0.39548,0.0030725185898857503,50000,1.016951046385941
71,29,40.0,fit,1274,sim,clean,optimum,4.010951084511709e-05,4.3846474121049604e-05,4.6636429697765635e-07,0.8349,0.0017560532967472258,50000,1.0931690064823478
71,17,6.0,fit,1282,sim,clean,optimum,6.749957612841136e-05,7.021809665418239e-05,5.763883898069246e-07,0.7356,0.002170339236272558,50000,1.040274631067302
83,3,1.0,fit,1270,sim,clean,optimum,0.00013529335968882195,0.0001380194585142912,7.810639658260316e-07,0.4803,0.0029410269204741,50000,1.020149538985057
71,21,10.0,fit,1276,sim,clean,optimum,5.676263530085168e-05,6.06892566089779e-05,5.409022626165972e-07,0.77148,0.002036719379338374,50000,1.0691761629338465
83,5,1.4,fit,1270,sim,clean,optimum,0.00011804417866900294,0.00012050742639108098,7.318903560830504e-07,0.54624,0.00275586806491475,50000,1.0208671681217336
71,23,20.0,fit,1276,sim,clean,optimum,4.230999992212224e-05,4.727239487308801e-05,4.82188470037779e-07,0.822,0.0018156378135093618,50000,1.1172865743346676
71,19,8.0,fit,1281,sim,clean,optimum,6.356076847048537e-05,6.630882894332928e-05,5.609997455131535e-07,0.75032,0.0021123946643581215,50000,1.0432351675250744
71,15,5.0,fit,1283,sim,clean,optimum,7.733083105142808e-05,7.969382164896768e-05,6.111936225214769e-07,0.69992,0.0023013952455951843,50000,1.0305569016317453
83,7,1.8,fit,1234,sim,clean,optimum,0.00010502949675647436,0.00010741456646274817,7.040473395617139e-07,0.59554,0.002651027661670882,50000,1.0227085702581622
71,25,26.0,fit,1276,sim,clean,optimum,4.089269606288592e-05,4.607199473361407e-05,4.757661333973543e-07,0.82652,0.0017914550758870206,50000,1.1266558375794855
71,27,30.0,fit,1274,sim,clean,optimum,4.0676575645954604e-05,4.451041225128959e-05,4.6989770194056213e-07,0.8324,0.0017693580189870393,50000,1.0942517049297456
71,29,40.0,fit,1275,sim,clean,optimum,4.010951084511709e-05,4.506280877564929e-05,4.724299096784668e-07,0.83032,0.0017788928220905656,50000,1.1234943490001503
83,1,0.6,fit,1273,sim,clean,optimum,0.0001578694982099911,0.00016084830718446336,8.128161626374847e-07,0.39434,0.003060586994542957,50000,1.018868806249767
71,17,6.0,fit,1283,sim,clean,optimum,6.749957612841136e-05,7.027121170460158e-05,5.790487893301812e-07,0.7354,0.00218035673414655,50000,1.0410615256445086
71,21,10.0,fit,1277,sim,clean,optimum,5.676263530085168e-05,5.9754431721599995e-05,5.390359244118977e-07,0.775,0.0020296918487609956,50000,1.0527071444955167
83,3,1.0,fit,1271,sim,clean,optimum,0.00013529335968882195,0.00013688810794036224,7.737506450363761e-07,0.48456,0.0029134892612534585,50000,1.0117873357214888
71,23,20.0,fit,1277,sim,clean,optimum,4.230999992212224e-05,4.704931166132736e-05,4.833655252677125e-07,0.82284,0.0018200699103280368,50000,1.1120139860063465
83,5,1.4,fit,1271,sim,clean,optimum,0.00011804417866900294,0.00011936014130202623,7.26532681263658e-07,0.55056,0.002735694216722541,50000,1.011148051923113
71,19,8.0,fit,1282,sim,clean,optimum,6.356076847048537e-05,6.652128914500608e-05,5.615573710561907e-07,0.74952,0.0021144943537630503,50000,1.0465777986289677
83,7,1.8,fit,1235,sim,clean,optimum,0.00010502949675647436,0.00010680905488796926,7.0182231560479e-07,0.59782,0.0026426495317835403,50000,1.0169434129120989
83,9,2.0,fit,1234,sim,clean,optimum,9.899961365384596e-05,0.00010096639934185727,6.875520148775432e-07,0.61982,0.002588915983139149,50000,1.0198665996302592
71,25,26.0,fit,1277,sim,clean,optimum,4.089269606288592e-05,4.5971076137817606e-05,4.782267102293932e-07,0.8269,0.0018007201591830706,50000,1.1241879495331395
71,29,40.0,fit,1276,sim,clean,optimum,4.010951084511709e-05,4.5254022957158395e-05,4.7233500338803965e-07,0.8296,0.0017785354608918916,50000,1.1282616517540403
71,27,30.0,fit,1275,sim,clean,optimum,4.0676575645954604e-05,4.5546155734463994e-05,4.741684683481819e-07,0.8285,0.001785439210189584,50000,1.1197146025981586
83,11,3.0,fit,1234,sim,clean,optimum,8.717418764138568e-05,9.047086537902334e-05,6.536694410108748e-07,0.65934,0.0024613341636764664,50000,1.0378171317316935
83,1,0.6,fit,1274,sim,clean,optimum,0.0001578694982099911,0.00016025873012481023,8.198230355557453e-07,0.39656,0.003086970751549531,50000,1.0151342212517904
71,21,10.0,fit,1278,sim,clean,optimum,5.676263530085168e-05,6.0301516740917767e-05,5.414982417868582e-07,0.77294,0.002038963485916669,50000,1.062345263240676
83,3,1.0,fit,1272,sim,clean,optimum,0.00013529335968882195,0.0001378494903529498,7.764418982451955e-07,0.48094,0.002923622935937298,50000,1.0188932455370094
71,23,20.0,fit,1278,sim,clean,optimum,4.230999992212224e-05,4.73786249739264e-05,4.860495014933664e-07,0.8216,0.0018301761841787482,50000,1.1197973306814868
71,19,8.0,fit,1283,sim,clean,optimum,6.356076847048537e-05,6.659033871055103e-05,5.670886357433777e-07,0.74926,0.0021353218391689105,50000,1.047664153737733
83,5,1.4,fit,1272,sim,clean,optimum,0.00011804417866900294,0.00012073050960284159,7.376782622015951e-07,0.5454,0.002777661910812908,50000,1.022756996271465
83,7,1.8,fit,1236,sim,clean,optimum,0.00010502949675647436,0.000107159614220736,6.984606336193324e-07,0.5965,0.002629991417147759,50000,1.0202811355861354
83,9,2.0,fit,1235,sim,clean,optimum,9.899961365384596e-05,0.00010056803646371328,6.876214973275963e-07,0.62132,0.0025891776131272775,50000,1.01584271647111
71,25,26.0,fit,1278,sim,clean,optimum,4.089269606288592e-05,4.5960453127733754e-05,4.776128867185148e-07,0.82694,0.0017984088613266856,50000,1.1239281718440501
83,11,3.0,fit,1235,sim,clean,optimum,8.717418764138568e-05,8.848967399838721e-05,6.422140426478046e-07,0.6668,0.0024181998796170114,50000,1.0150903196530277
71,29,40.0,fit,1277,sim,clean,optimum,4.010951084511709e-05,4.537618757312256e-05,4.7536186234861406e-07,0.82914,0.001789932829195924,50000,1.1313074285134703
71,27,30.0,fit,1276,sim,clean,optimum,4.0676575645954604e-05,4.588609205714689e-05,4.750588672958806e-07,0.82722,0.001788791928263544,50000,1.1280716561918946
83,1,0.6,fit,1275,sim,clean,optimum,0.0001578694982099911,0.00016126791608277503,8.06915104385388e-07,0.39276,0.00303836708434604,50000,1.0215267541312096
71,21,10.0,fit,1279,sim,clean,optimum,5.676263530085168e-05,5.9690693661096945e-05,5.397533314697538e-07,0.77524,0.002032393181254118,50000,1.0515842568747213
71,23,20.0,fit,1279,sim,clean,optimum,4.230999992212224e-05,4.653409567226113e-05,4.798612226447648e-07,0.82478,0.0018068747703619042,50000,1.099836817724272
83,3,1.0,fit,1273,sim,clean,optimum,0.00013529335968882195,0.00013707401061682946,7.763739188172632e-07,0.48386,0.0029233669654453345,50000,1.0131614066802912
83,13,4.0,fit,1234,sim,clean,optimum,7.961347137239202e-05,8.246642728084992e-05,6.255609848184957e-07,0.68948,0.0023554942709510004,50000,1.0358350899574922
83,7,1.8,fit,1237,sim,clean,optimum,0.00010502949675647436,0.00010659659468629246,6.978283159550521e-07,0.59862,0.0026276104812010177,50000,1.0149205506854102
83,9,2.0,fit,1236,sim,clean,optimum,9.899961365384596e-05,0.00010102482589731839,6.809757663419316e-07,0.6196,0.0025641537039594823,50000,1.0204567691602677
83,5,1.4,fit,1273,sim,clean,optimum,0.00011804417866900294,0.00011977443869529599,7.441456806554821e-07,0.549,0.002802014399995707,50000,1.0146577327726147
83,11,3.0,fit,1236,sim,clean,optimum,8.717418764138568e-05,8.935013781517823e-05,6.505890533488419e-07,0.66356,0.002449735237806222,50000,1.024960945810518
71,25,26.0,fit,1279,sim,clean,optimum,4.089269606288592e-05,4.5408056603374084e-05,4.738239803551945e-07,0.82902,0.0017841420712797324,50000,1.1104197320114164
71,29,40.0,fit,1278,sim,clean,optimum,4.010951084511709e-05,4.5243399947074543e-05,4.7391905906514755e-07,0.82964,0.0017845000817088015,50000,1.127996801601046
71,27,30.0,fit,1277,sim,clean,optimum,4.0676575645954604e-05,4.5774550451266544e-05,4.772961287750278e-07,0.82764,0.0017972161374528043,50000,1.1253294979814494
83,1,0.6,fit,1276,sim,clean,optimum,0.0001578694982099911,0.00016135821166848768,8.185245038912028e-07,0.39242,0.0030820812460165643,50000,1.0220987175993683
71,21,10.0,fit,1280,sim,clean,optimum,5.676263530085168e-05,5.875055726867711e-05,5.35718429930314e-07,0.77878,0.0020172001182424287,50000,1.0350216644679922
83,13,4.0,fit,1235,sim,clean,optimum,7.961347137239202e-05,8.130851918171135e-05,6.270435186031153e-07,0.69384,0.0023610766201078554,50000,1.021290967220745
71,23,20.0,fit,1280,sim,clean,optimum,4.230999992212224e-05,4.602950269327873e-05,4.786111451820767e-07,0.82668,0.001802167714818053,50000,1.0879107250768798
83,3,1.0,fit,1274,sim,clean,optimum,0.00013529335968882195,0.00013688810794036224,7.823760095007645e-07,0.48456,0.002945967304280113,50000,1.0117873357214888
83,7,1.8,fit,1238,sim,clean,optimum,0.00010502949675647436,0.00010703213809972992,7.091680225233741e-07,0.59698,0.0026703091380932756,50000,1.0190674182501223
83,9,2.0,fit,1237,sim,clean,optimum,9.899961365384596e-05,0.00010095577633177344,6.828319692226572e-07,0.61986,0.0025711430708755477,50000,1.0197592960793487
83,5,1.4,fit,1274,sim,clean,optimum,0.00011804417866900294,0.00011929109173648128,7.410650085108412e-07,0.55082,0.0027904144029314956,50000,1.010563105114863
83,11,3.0,fit,1237,sim,clean,optimum,8.717418764138568e-05,8.88614793513216e-05,6.456038750261166e-07,0.6654,0.00243096399205429,50000,1.019355405029721
71,25,26.0,fit,1280,sim,clean,optimum,4.089269606288592e-05,4.481316803867904e-05,4.7081541054266336e-07,0.83126,0.0017728135691366049,50000,1.095872181422426
71,29,40.0,fit,1279,sim,clean,optimum,4.010951084511709e-05,4.490346362439168e-05,4.7177664029792276e-07,0.83092,0.0017764329943190083,50000,1.1195215967052414
71,27,30.0,fit,1278,sim,clean,optimum,4.0676575645954604e-05,4.5854223026895365e-05,4.769061240717979e-07,0.82734,0.0017957476094173346,50000,1.1272881824174816
71,21,10.0,fit,1281,sim,clean,optimum,5.676263530085168e-05,6.024309018545665e-05,5.384608212888935e-07,0.77316,0.0020275263490825983,50000,1.0613159495882805
83,1,0.6,fit,1277,sim,clean,optimum,0.0001578694982099911,0.00016284543308022528,8.160797655588948e-07,0.38682,0.0030728758011830813,50000,1.0315192923690388
83,13,4.0,fit,1236,sim,clean,optimum,7.961347137239202e-05,8.165907851447807e-05,6.232531845877411e-07,0.69252,0.0023468044543640226,50000,1.025694233737375
71,23,20.0,fit,1281,sim,clean,optimum,4.230999992212224e-05,4.746892055963904e-05,4.846664035548771e-07,0.82126,0.0018249682518598539,50000,1.1219314735762835
83,7,1.8,fit,1239,sim,clean,optimum,0.00010502949675647436,0.00010714367970561024,7.03236145595486e-07,0.59656,0.0026479731829126933,50000,1.0201294209191338
83,9,2.0,fit,1238,sim,clean,optimum,9.899961365384596e-05,0.0001011576135233664,6.914750452516282e-07,0.6191,0.002603687805223938,50000,1.021798063546651
83,3,1.0,fit,1275,sim,clean,optimum,0.00013529335968882195,0.00013680843536473342,7.730364395696792e-07,0.48486,0.002910799984067199,50000,1.0111984481677163
83,11,3.0,fit,1238,sim,clean,optimum,8.717418764138568e-05,8.912174309837567e-05,6.492868006950759e-07,0.66442,0.0024448317212191597,50000,1.0223409647934063
83,5,1.4,fit,1275,sim,clean,optimum,0.00011804417866900294,0.00011967352009949952,7.293388278180989e-07,0.54938,0.0027462605120843787,50000,1.013802810514403
71,25,26.0,fit,1281,sim,clean,optimum,4.089269606288592e-05,4.583297700672767e-05,4.772436432282475e-07,0.82742,0.0017970185077927886,50000,1.1208108395749805
71,29,40.0,fit,1280,sim,clean,optimum,4.010951084511709e-05,4.411204937314561e-05,4.6656040546919585e-07,0.8339,0.0017567917258365017,50000,1.0997902603071956
71,27,30.0,fit,1279,sim,clean,optimum,4.0676575645954604e-05,4.521153091682302e-05,4.7220438341081153e-07,0.82976,0.0017780436229808015,50000,1.111488127966825
71,21,10.0,fit,1282,sim,clean,optimum,5.676263530085168e-05,6.0200598145121276e-05,5.375993093471136e-07,0.77332,0.002024282402461139,50000,1.0605673578410832
83,13,4.0,fit,1237,sim,clean,optimum,7.961347137239202e-05,8.204150687749631e-05,6.264666200510773e-07,0.69108,0.0023589043599010593,50000,1.030497797210062
83,1,0.6,fit,1278,sim,clean,optimum,0.0001578694982099911,0.0001621921179600691,8.165108249087818e-07,0.38928,0.0030744989168404514,50000,1.027380968452362
83,7,1.8,fit,1240,sim,clean,optimum,0.00010502949675647436,0.0001070533841198976,7.111196438385371e-07,0.5969,0.002677657794640752,50000,1.0192697044727912
83,9,2.0,fit,1239,sim,clean,optimum,9.899961365384596e-05,0.00010095577633177344,6.863359137239459e-07,0.61986,0.0025843368623664135,50000,1.0197592960793487
71,23,20.0,fit,1282,sim,clean,optimum,4.230999992212224e-05,4.7240525842836486e-05,4.826653264136457e-07,0.82212,0.0018174333737963361,50000,1.1165333474306216
83,3,1.0,fit,1276,sim,clean,optimum,0.00013529335968882195,0.00013790791690841087,7.70799574717823e-07,0.48072,0.0029023772683427398,50000,1.0193250964097755
83,11,3.0,fit,1239,sim,clean,optimum,8.717418764138568e-05,8.941387587568127e-05,6.501034499251293e-07,0.66332,0.002447906741288267,50000,1.0256921033036654
83,5,1.4,fit,1276,sim,clean,optimum,0.00011804417866900294,0.00012098546184485375,7.418266457480941e-07,0.54444,0.002793282280232719,50000,1.0249167998711584
71,25,26.0,fit,1282,sim,clean,optimum,4.089269606288592e-05,4.614104429915904e-05,4.780213057877015e-07,0.82626,0.0017999467270199806,50000,1.128344392558565
71,29,40.0,fit,1281,sim,clean,optimum,4.010951084511709e-05,4.4807856533637114e-05,4.720434854862802e-07,0.83128,0.0017774377761510932,50000,1.1171379453282961
71,27,30.0,fit,1280,sim,clean,optimum,4.0676575645954604e-05,4.4600707837002235e-05,4.6929544750359084e-07,0.83206,0.0017670902834498682,50000,1.0964715472905817
71,21,10.0,fit,1283,sim,clean,optimum,5.676263530085168e-05,5.993502289302527e-05,5.407086940423869e-07,0.77432,0.0020359905140819815,50000,1.0558886594211032
83,13,4.0,fit,1238,sim,clean,optimum,7.961347137239202e-05,8.214773697833472e-05,6.264470549654135e-07,0.69068,0.002358830689310485,50000,1.0318321203969196
83,7,1.8,fit,1241,sim,clean,optimum,0.00010502949675647436,0.00010686216993838847,7.018553750335461e-07,0.59762,0.0026427740141232734,50000,1.0174491284687712
83,9,2.0,fit,1240,sim,clean,optimum,9.899961365384596e-05,0.00010103544890740224,6.923533510957708e-07,0.61956,0.002606994987791631,50000,1.0205640727111787
83,1,0.6,fit,1279,sim,clean,optimum,0.0001578694982099911,0.00016157598337520642,8.106229469304105e-07,0.3916,0.0030523286357924152,50000,1.0234781589049273
71,23,20.0,fit,1283,sim,clean,optimum,4.230999992212224e-05,4.665094878318337e-05,4.821530044933953e-07,0.82434,0.001815504271155156,50000,1.1025986497057736
83,11,3.0,fit,1240,sim,clean,optimum,8.717418764138568e-05,8.954135199668736e-05,6.518836781413876e-07,0.66284,0.0024546100323600373,50000,1.0271544182899603
83,3,1.0,fit,1277,sim,clean,optimum,0.00013529335968882195,0.0001391030055428429,7.773610332034528e-07,0.47622,0.0029270838569041544,50000,1.0281584097163616
71,25,26.0,fit,1283,sim,clean,optimum,4.089269606288592e-05,4.545054864370943e-05,4.7532008751686855e-07,0.82886,0.0017897755297811037,50000,1.1114588427677725
83,5,1.4,fit,1277,sim,clean,optimum,0.00011804417866900294,0.00012156441589442304,7.333921262714032e-07,0.54226,0.002761522847039592,50000,1.0298213538787955
71,29,40.0,fit,1282,sim,clean,optimum,4.010951084511709e-05,4.548241767396095e-05,4.746213598401389e-07,0.82874,0.0017871445328368663,50000,1.1339559300434092
83,13,4.0,fit,1239,sim,clean,optimum,7.961347137239202e-05,8.172812808002304e-05,6.251652198117005e-07,0.69226,0.0023540040530045927,50000,1.0265615438088325
71,27,30.0,fit,1281,sim,clean,optimum,4.0676575645954604e-05,4.530182650253567e-05,4.7467820214100314e-07,0.82942,0.0017873585674670347,50000,1.113707970327661
83,15,5.0,fit,1234,sim,clean,optimum,7.42057595820962e-05,7.70221346128819e-05,6.102807968622272e-07,0.70998,0.002297958081732794,50000,1.0379535907542305
83,7,1.8,fit,1242,sim,clean,optimum,0.00010502949675647436,0.00010789260191652094,7.053357363804896e-07,0.59374,0.0026558790053431832,50000,1.0272600102682115
83,9,2.0,fit,1241,sim,clean,optimum,9.899961365384596e-05,0.00010120010556370175,6.855632472348131e-07,0.61894,0.0025814274553978248,50000,1.0222272777502934
83,1,0.6,fit,1280,sim,clean,optimum,0.0001578694982099911,0.00016105545588109823,8.105236413939076e-07,0.39356,0.0030519547096237716,50000,1.0201809577355425
83,17,6.0,fit,1234,sim,clean,optimum,7.08719205072052e-05,7.407956081965823e-05,5.985495331375404e-07,0.72106,0.002253785051180812,50000,1.0452596781559902
83,11,3.0,fit,1241,sim,clean,optimum,8.717418764138568e-05,8.881367580594433e-05,6.484786605005034e-07,0.66558,0.0024417887411666344,50000,1.0188070369098605
83,3,1.0,fit,1278,sim,clean,optimum,0.00013529335968882195,0.00013852936299831552,7.757292504684759e-07,0.47838,0.0029209395240941565,50000,1.0239184193292004
83,19,8.0,fit,1234,sim,clean,optimum,6.197744857794712e-05,6.583079348955648e-05,5.640472271527445e-07,0.75212,0.0021238696855264702,50000,1.0621733388518426
71,29,40.0,fit,1283,sim,clean,optimum,4.010951084511709e-05,4.457415031179263e-05,4.721286737671133e-07,0.83216,0.0017777585450486498,50000,1.1113112419624303
83,5,1.4,fit,1278,sim,clean,optimum,0.00011804417866900294,0.00012047024585578753,7.363989605984354e-07,0.54638,0.0027728448143663716,50000,1.0205521967634448
83,13,4.0,fit,1240,sim,clean,optimum,7.961347137239202e-05,8.173343958506496e-05,6.273369552074097e-07,0.69224,0.002362181529552461,50000,1.0266282599681753
83,9,2.0,fit,1242,sim,clean,optimum,9.899961365384596e-05,0.00010125322061412097,6.936044615819684e-07,0.61874,0.002611705933093663,50000,1.022763795504847
83,7,1.8,fit,1243,sim,clean,optimum,0.00010502949675647436,0.00010691528498880769,7.001058719326879e-07,0.59742,0.002636186415741833,50000,1.0179548440254436
83,15,5.0,fit,1235,sim,clean,optimum,7.42057595820962e-05,7.592796457424641e-05,6.067268580705871e-07,0.7141,0.002284576041186503,50000,1.0232085083671287
71,27,30.0,fit,1282,sim,clean,optimum,4.0676575645954604e-05,4.592858409748223e-05,4.762997183981852e-07,0.82706,0.0017934642427676682,50000,1.129116287891111
83,17,6.0,fit,1235,sim,clean,optimum,7.08719205072052e-05,7.25551588726272e-05,5.958708048608863e-07,0.7268,0.0022436985380154748,50000,1.023750426873939
83,11,3.0,fit,1242,sim,clean,optimum,8.717418764138568e-05,8.914298911854335e-05,6.493445644450091e-07,0.66434,0.0024450492254838732,50000,1.0225846839577888
83,1,0.6,fit,1281,sim,clean,optimum,0.0001578694982099911,0.0001616237869205837,8.067352180132453e-07,0.39142,0.003037689738205076,50000,1.0237809630939525
83,3,1.0,fit,1279,sim,clean,optimum,0.00013529335968882195,0.00013890116835124994,7.71312527183582e-07,0.47698,0.0029043087452469717,50000,1.026666561246805
83,19,8.0,fit,1235,sim,clean,optimum,6.197744857794712e-05,6.412048886605823e-05,5.615102043339831e-07,0.75856,0.002114316751664077,50000,1.0345777429901115
83,21,10.0,fit,1234,sim,clean,optimum,6.054454077078799e-05,6.473131194587903e-05,5.604522876345683e-07,0.75626,0.0021103332603897005,50000,1.0691519189309155
83,5,1.4,fit,1279,sim,clean,optimum,0.00011804417866900294,0.00012097483883476993,7.361596073974003e-07,0.54448,0.002771943551168291,50000,1.0248268080545047
83,13,4.0,fit,1241,sim,clean,optimum,7.961347137239202e-05,8.152629088843009e-05,6.247946567685915e-07,0.69302,0.002352608730811789,50000,1.0240263297538033
83,9,2.0,fit,1243,sim,clean,optimum,9.899961365384596e-05,0.00010112574449311488,6.88490683572838e-07,0.61922,0.002592450456656115,50000,1.0214761528939191
83,7,1.8,fit,1244,sim,clean,optimum,0.00010502949675647436,0.00010764827268459265,7.049681649676242e-07,0.59466,0.002654494947868082,50000,1.0249337187075198
83,15,5.0,fit,1236,sim,clean,optimum,7.42057595820962e-05,7.641662303810304e-05,6.07161700985755e-07,0.71226,0.0022862134035225488,50000,1.0297936907924363
71,27,30.0,fit,1283,sim,clean,optimum,4.0676575645954604e-05,4.514248135127809e-05,4.740178557704987e-07,0.83002,0.0017848720919189827,50000,1.1097906014555978
83,11,3.0,fit,1243,sim,clean,optimum,8.717418764138568e-05,8.898364396728576e-05,6.475439670901932e-07,0.66494,0.0024382692362318434,50000,1.0207567902249202
83,17,6.0,fit,1236,sim,clean,optimum,7.08719205072052e-05,7.340499967933439e-05,5.948709342915329e-07,0.7236,0.0022399336142830783,50000,1.0357416471008665
83,1,0.6,fit,1282,sim,clean,optimum,0.0001578694982099911,0.00016148568778949376,8.148964214561009e-07,0.39194,0.003068420024172782,50000,1.0229061954367686
83,19,8.0,fit,1236,sim,clean,optimum,6.197744857794712e-05,6.497564117780736e-05,5.652035057383362e-07,0.75534,0.002128223549738086,50000,1.0483755409209772
83,3,1.0,fit,1280,sim,clean,optimum,0.00013529335968882195,0.0001378494903529498,7.834179419777577e-07,0.48094,0.0029498906083860865,50000,1.0188932455370094
83,21,10.0,fit,1235,sim,clean,optimum,6.054454077078799e-05,6.297851528204545e-05,5.575662913735375e-07,0.76286,0.002099466298056977,50000,1.0402013869503461
83,5,1.4,fit,1280,sim,clean,optimum,0.00011804417866900294,0.00012052867241124864,7.433343174038596e-07,0.54616,0.0027989592838084157,50000,1.0210471517550412
83,13,4.0,fit,1242,sim,clean,optimum,7.961347137239202e-05,8.203619537245438e-05,6.293571956994782e-07,0.6911,0.0023697885655097808,50000,1.0304310810507191
83,9,2.0,fit,1244,sim,clean,optimum,9.899961365384596e-05,0.00010177374810822912,6.868503389938386e-07,0.61678,0.0025862738849836667,50000,1.0280216694994686
83,7,1.8,fit,1245,sim,clean,optimum,0.00010502949675647436,0.00010717554873586177,7.035275803980323e-07,0.59644,0.002649070554750793,50000,1.0204328502531372
83,15,5.0,fit,1237,sim,clean,optimum,7.42057595820962e-05,7.62997699271808e-05,6.047991016691209e-07,0.7127,0.0022773172458497694,50000,1.0282189732559497
83,23,20.0,fit,1234,sim,clean,optimum,5.812152032183378e-05,6.251110283835648e-05,5.491835851583011e-07,0.76462,0.0020679019630932423,50000,1.07552422049899
83,11,3.0,fit,1244,sim,clean,optimum,8.717418764138568e-05,8.970600865298687e-05,6.517914639234703e-07,0.66222,0.002454262807921052,50000,1.0290432418139244
83,17,6.0,fit,1237,sim,clean,optimum,7.08719205072052e-05,7.336781914404095e-05,5.94596684739216e-07,0.72374,0.002238900951976811,50000,1.0352170312159383
83,1,0.6,fit,1283,sim,clean,optimum,0.0001578694982099911,0.000162133691404608,8.22780781578181e-07,0.3895,0.0030981078812296965,50000,1.0270108744435538
83,19,8.0,fit,1237,sim,clean,optimum,6.197744857794712e-05,6.543243061141249e-05,5.641947830877008e-07,0.75362,0.0021244252942806434,50000,1.0557457932318743
83,3,1.0,fit,1281,sim,clean,optimum,0.00013529335968882195,0.0001377273257369856,7.790517605101072e-07,0.4814,0.0029334501402581595,50000,1.0179902846212248
83,21,10.0,fit,1236,sim,clean,optimum,6.054454077078799e-05,6.322284451397377e-05,5.579473219134886e-07,0.76194,0.0021009010346784954,50000,1.0442369156506681
83,13,4.0,fit,1243,sim,clean,optimum,7.961347137239202e-05,8.16909475447296e-05,6.251727187164006e-07,0.6924,0.0023540322894635285,50000,1.0260945306934324
83,9,2.0,fit,1245,sim,clean,optimum,9.899961365384596e-05,0.00010169407553260032,6.876822615416926e-07,0.61708,0.002589406415373032,50000,1.0272168928676388
83,7,1.8,fit,1246,sim,clean,optimum,0.00010502949675647436,0.00010782355235097601,7.038776796440294e-07,0.594,0.002650388822334967,50000,1.026602580044538
83,5,1.4,fit,1281,sim,clean,optimum,0.00011804417866900294,0.00012091110077426688,7.346474102737605e-07,0.54472,0.002766249507345664,50000,1.0242868571545813
83,15,5.0,fit,1238,sim,clean,optimum,7.42057595820962e-05,7.718147976413951e-05,6.103735078212584e-07,0.70938,0.0022983071766062785,50000,1.04010093284944
83,11,3.0,fit,1245,sim,clean,optimum,8.717418764138568e-05,8.891990590678271e-05,6.525609657926839e-07,0.66518,0.0024571602987946955,50000,1.0200256327317727
83,23,20.0,fit,1235,sim,clean,optimum,5.812152032183378e-05,6.092296283082241e-05,5.474944670893305e-07,0.7706,0.0020615417391806616,50000,1.0481997458682486
83,17,6.0,fit,1238,sim,clean,optimum,7.08719205072052e-05,7.38564776078976e-05,5.969175258149558e-07,0.7219,0.0022476398727061453,50000,1.0421119828464218
83,25,26.0,fit,1234,sim,clean,optimum,5.77733777627131e-05,6.229864263667968e-05,5.488980911553072e-07,0.76542,0.002066826960807673,50000,1.0783278570374186
83,19,8.0,fit,1238,sim,clean,optimum,6.197744857794712e-05,6.533682352065792e-05,5.614481906087164e-07,0.75398,0.0021140832444951022,50000,1.0542031822830817
83,9,2.0,fit,1246,sim,clean,optimum,9.899961365384596e-05,0.00010182686315864831,6.835982469613034e-07,0.61658,0.0025740284215721903,50000,1.028558187254022
83,3,1.0,fit,1282,sim,clean,optimum,0.00013529335968882195,0.00013675000880927234,7.64887015204844e-07,0.48508,0.002880114051170525,50000,1.0107665972949502
83,13,4.0,fit,1244,sim,clean,optimum,7.961347137239202e-05,8.178655463548417e-05,6.256558655331429e-07,0.69204,0.002355851535846349,50000,1.0272954215616041
83,21,10.0,fit,1237,sim,clean,optimum,6.054454077078799e-05,6.392927468454913e-05,5.576027842588347e-07,0.75928,0.002099603708772054,50000,1.0559048573276855
83,7,1.8,fit,1247,sim,clean,optimum,0.00010502949675647436,0.00010672938231234048,7.014964080330874e-07,0.59812,0.002641422355798088,50000,1.0161848395770907
83,5,1.4,fit,1282,sim,clean,optimum,0.00011804417866900294,0.0001194026333423616,7.375456973859416e-07,0.5504,0.0027771627497856386,50000,1.0115080191897288
83,15,5.0,fit,1239,sim,clean,optimum,7.42057595820962e-05,7.606606370533632e-05,6.037185574264021e-07,0.71358,0.0022732485525728515,50000,1.0250695381829764
83,11,3.0,fit,1246,sim,clean,optimum,8.717418764138568e-05,8.963695908744193e-05,6.453484843782528e-07,0.66248,0.0024300023412760336,50000,1.0282511545296817
83,23,20.0,fit,1236,sim,clean,optimum,5.812152032183378e-05,6.115666905266689e-05,5.462153572144571e-07,0.76972,0.002056725364669941,50000,1.052220738790498
83,17,6.0,fit,1239,sim,clean,optimum,7.08719205072052e-05,7.321378549782529e-05,5.913694678451587e-07,0.72432,0.0022267491536876742,50000,1.033043622549808
83,25,26.0,fit,1235,sim,clean,optimum,5.77733777627131e-05,6.063614155855871e-05,5.46834182804105e-07,0.77168,0.0020590554974092077,50000,1.0495516084865864
83,19,8.0,fit,1239,sim,clean,optimum,6.197744857794712e-05,6.494908365259775e-05,5.632964169501927e-07,0.75544,0.002121042576461803,50000,1.0479470378796458
83,9,2.0,fit,1247,sim,clean,optimum,9.899961365384596e-05,0.00010098233385698304,6.841738250347285e-07,0.61976,0.0025761957096341707,50000,1.0200275549566253
83,13,4.0,fit,1245,sim,clean,optimum,7.961347137239202e-05,8.159534045397502e-05,6.225561998927954e-07,0.69276,0.002344180020462728,50000,1.0248936398252604
83,21,10.0,fit,1238,sim,clean,optimum,6.054454077078799e-05,6.403550478538751e-05,5.575953849494167e-07,0.75888,0.002099575847330298,50000,1.0576594350234774
83,7,1.8,fit,1248,sim,clean,optimum,0.00010502949675647436,0.00010736145141232895,7.056217113430492e-07,0.59574,0.0026569558186392366,50000,1.0222028547014896
83,3,1.0,fit,1283,sim,clean,optimum,0.00013529335968882195,0.0001387683807252019,7.764628436363828e-07,0.47748,0.0029237018039456005,50000,1.0256850819905174
83,15,5.0,fit,1240,sim,clean,optimum,7.42057595820962e-05,7.638475400785151e-05,6.069444409890173e-07,0.71238,0.002285395330320987,50000,1.0293642223733943
83,5,1.4,fit,1283,sim,clean,optimum,0.00011804417866900294,0.00012100139635997952,7.414202354425734e-07,0.54438,0.002791751978360413,50000,1.0250517875961394
83,11,3.0,fit,1247,sim,clean,optimum,8.717418764138568e-05,8.9498859956352e-05,6.515566467943386e-07,0.663,0.002453378624898431,50000,1.0266669799611954
83,23,20.0,fit,1237,sim,clean,optimum,5.812152032183378e-05,6.109293099216384e-05,5.458214191798952e-07,0.76996,0.0020552420260250455,50000,1.0511241043571573
83,17,6.0,fit,1240,sim,clean,optimum,7.08719205072052e-05,7.333595011378946e-05,5.949421015676279e-07,0.72386,0.0022402015883338728,50000,1.034767360457429
83,19,8.0,fit,1240,sim,clean,optimum,6.197744857794712e-05,6.478973850134015e-05,5.608416722068506e-07,0.75604,0.0021117994533772218,50000,1.0453760196316584
83,25,26.0,fit,1236,sim,clean,optimum,5.77733777627131e-05,6.084860176023552e-05,5.443331599032949e-07,0.77088,0.0020496381180371793,50000,1.0532290843397278
83,9,2.0,fit,1248,sim,clean,optimum,9.899961365384596e-05,0.00010100357987715071,6.876088091954226e-07,0.61968,0.0025891298370936543,50000,1.0202421620584465
83,13,4.0,fit,1246,sim,clean,optimum,7.961347137239202e-05,8.255672286656256e-05,6.211023775408532e-07,0.68914,0.0023387057816529437,50000,1.0369692646663211
83,7,1.8,fit,1249,sim,clean,optimum,0.00010502949675647436,0.000106761251342592,7.019398431299718e-07,0.598,0.002643092071230474,50000,1.0164882689110941
83,21,10.0,fit,1239,sim,clean,optimum,6.054454077078799e-05,6.367963394757888e-05,5.561007991769452e-07,0.76022,0.002093948117484705,50000,1.051781599742574
83,27,30.0,fit,1234,sim,clean,optimum,5.674351719980805e-05,6.115135754762497e-05,5.437141024547952e-07,0.76974,0.0020473071122540203,50000,1.0776800692896038
83,11,3.0,fit,1248,sim,clean,optimum,8.717418764138568e-05,8.847373948326144e-05,6.455843032244392e-07,0.66686,0.0024308902961751636,50000,1.0149075302797408
83,15,5.0,fit,1241,sim,clean,optimum,7.42057595820962e-05,7.616167079609089e-05,6.057051583091122e-07,0.71322,0.002280728921571963,50000,1.026357943440102
83,29,40.0,fit,1234,sim,clean,optimum,5.286789306522355e-05,5.7900716461969916e-05,5.313733779647635e-07,0.78198,0.002000839211376077,50000,1.0951962165493776
83,23,20.0,fit,1238,sim,clean,optimum,5.812152032183378e-05,6.186309922324225e-05,5.472850641081974e-07,0.76706,0.0020607532508728076,50000,1.0643751037600255
83,17,6.0,fit,1241,sim,clean,optimum,7.08719205072052e-05,7.295352175077121e-05,5.929473274943001e-07,0.7253,0.0022326904439121525,50000,1.0293713113553116
83,19,8.0,fit,1241,sim,clean,optimum,6.197744857794712e-05,6.4269211007232e-05,5.605426215455448e-07,0.758,0.002110673404700074,50000,1.0369773600215666
83,9,2.0,fit,1249,sim,clean,optimum,9.899961365384596e-05,0.0001008176772006835,6.824155009920301e-07,0.62038,0.0025695748967804835,50000,1.0183643499175101
83,25,26.0,fit,1237,sim,clean,optimum,5.77733777627131e-05,6.082735574006784e-05,5.444952719491501e-07,0.77096,0.0020502485365327876,50000,1.0528613367544137
83,13,4.0,fit,1247,sim,clean,optimum,7.961347137239202e-05,8.187153871615487e-05,6.26037846442223e-07,0.69172,0.002357289850998327,50000,1.02836288011109
83,7,1.8,fit,1250,sim,clean,optimum,0.00010502949675647436,0.00010706400712998145,7.059064218428196e-07,0.59686,0.0026580278707130775,50000,1.0193708475841257
83,11,3.0,fit,1249,sim,clean,optimum,8.717418764138568e-05,8.840468991771647e-05,6.493035938901424e-07,0.66712,0.0024448949545021327,50000,1.0141154429954975
83,21,10.0,fit,1240,sim,clean,optimum,6.054454077078799e-05,6.345655073581825e-05,5.556887366667733e-07,0.76106,0.002092396532738311,50000,1.0480969865814107
83,27,30.0,fit,1235,sim,clean,optimum,5.674351719980805e-05,5.952072549975551e-05,5.405938303279078e-07,0.77588,0.002035558004977415,50000,1.0489431821818205
83,15,5.0,fit,1242,sim,clean,optimum,7.42057595820962e-05,7.622540885659394e-05,6.07215384644074e-07,0.71298,0.0022864155445650415,50000,1.0272168802781856
83,29,40.0,fit,1235,sim,clean,optimum,5.286789306522355e-05,5.59567056166272e-05,5.260720563388147e-07,0.7893,0.0019808775561235294,50000,1.0584251115812948
83,23,20.0,fit,1239,sim,clean,optimum,5.812152032183378e-05,6.119916109300223e-05,5.494839220715047e-07,0.76956,0.002069032855037553,50000,1.052951828412725
83,17,6.0,fit,1242,sim,clean,optimum,7.08719205072052e-05,7.31872279726157e-05,5.937078932087034e-07,0.72442,0.0022355542864893533,50000,1.0326688969177167
83,9,2.0,fit,1250,sim,clean,optimum,9.899961365384596e-05,0.000100653020544384,6.88728301796021e-07,0.621,0.0025933451869493466,50000,1.0167011448783951
83,13,4.0,fit,1248,sim,clean,optimum,7.961347137239202e-05,8.10535669396992e-05,6.250014194107921e-07,0.6948,0.0023533872771581404,50000,1.0180885915722873
83,19,8.0,fit,1242,sim,clean,optimum,6.197744857794712e-05,6.544305362149631e-05,5.648918707145736e-07,0.75358,0.0021270501157629584,50000,1.0559171944484067
83,25,26.0,fit,1238,sim,clean,optimum,5.77733777627131e-05,6.155503193081088e-05,5.459801553527832e-07,0.76822,0.002055839732971138,50000,1.0654566915514234
83,7,1.8,fit,1251,sim,clean,optimum,0.00010502949675647436,0.00010755797709888,7.164294110247857e-07,0.595,0.0026976512508997304,50000,1.024074002261177
83,11,3.0,fit,1250,sim,clean,optimum,8.717418764138568e-05,8.925984222946558e-05,6.506961354378431e-07,0.6639,0.0024501384458919004,50000,1.0239251393618922
83,21,10.0,fit,1241,sim,clean,optimum,6.054454077078799e-05,6.289353120137473e-05,5.554178278002462e-07,0.76318,0.002091376449487372,50000,1.0387977247937126
83,27,30.0,fit,1236,sim,clean,optimum,5.674351719980805e-05,5.992971138798335e-05,5.405192931674384e-07,0.77434,0.002035277341926618,50000,1.0561508053326325
83,15,5.0,fit,1243,sim,clean,optimum,7.42057595820962e-05,7.583766898853377e-05,6.069123237264584e-07,0.71444,0.0022852743956243036,50000,1.0219916811798435
83,29,40.0,fit,1236,sim,clean,optimum,5.286789306522355e-05,5.630195344435199e-05,5.271997843587904e-07,0.788,0.0019851239157186924,50000,1.0649554990756263
83,9,2.0,fit,1251,sim,clean,optimum,9.899961365384596e-05,0.00010143381178554622,6.899852596729953e-07,0.61806,0.0025980781500814683,50000,1.0245879558703277
83,17,6.0,fit,1243,sim,clean,optimum,7.08719205072052e-05,7.256578188271105e-05,5.927572503452739e-07,0.72676,0.002231974725306876,50000,1.0239003171267758
83,23,20.0,fit,1240,sim,clean,optimum,5.812152032183378e-05,6.152316290055935e-05,5.462478777863659e-07,0.76834,0.0020568478179921242,50000,1.0585263867822075
83,13,4.0,fit,1249,sim,clean,optimum,7.961347137239202e-05,8.121822359599871e-05,6.231037768878941e-07,0.69418,0.0023462418729537906,50000,1.0201567925119164
83,19,8.0,fit,1243,sim,clean,optimum,6.197744857794712e-05,6.42426534820224e-05,5.629373186122548e-07,0.7581,0.002119690423597017,50000,1.0365488569802355
83,25,26.0,fit,1239,sim,clean,optimum,5.77733777627131e-05,6.0885782295528965e-05,5.478442729521649e-07,0.77074,0.002062858902056621,50000,1.0538726426140277
83,7,1.8,fit,1252,sim,clean,optimum,0.00010502949675647436,0.00010725522131149055,7.042186168292242e-07,0.59614,0.002651672590993771,50000,1.0211914235881454
83,11,3.0,fit,1251,sim,clean,optimum,8.717418764138568e-05,8.99503378849152e-05,6.514596610919323e-07,0.6613,0.002453013433858826,50000,1.0318460122043231
83,21,10.0,fit,1242,sim,clean,optimum,6.054454077078799e-05,6.387084812908801e-05,5.570579622525543e-07,0.7595,0.002097552229946446,50000,1.0549398395949998
83,27,30.0,fit,1237,sim,clean,optimum,5.674351719980805e-05,5.980223526697729e-05,5.431501922840521e-07,0.77482,0.002045183758642219,50000,1.0539042734414705
83,15,5.0,fit,1244,sim,clean,optimum,7.42057595820962e-05,7.68309204313728e-05,6.052490534738498e-07,0.7107,0.002279011499366156,50000,1.03537678023998
83,29,40.0,fit,1237,sim,clean,optimum,5.286789306522355e-05,5.6317887959477766e-05,5.261596983900696e-07,0.78794,0.0019812075644754495,50000,1.065256901575365
83,9,2.0,fit,1252,sim,clean,optimum,9.899961365384596e-05,0.00010155597640151038,6.915793647203904e-07,0.6176,0.0026040806109087255,50000,1.0258219467058003
83,13,4.0,fit,1250,sim,clean,optimum,7.961347137239202e-05,8.140943777750784e-05,6.230849607991279e-07,0.69346,0.0023461710226444425,50000,1.02255857424826
83,17,6.0,fit,1244,sim,clean,optimum,7.08719205072052e-05,7.327752355832833e-05,5.923203859197744e-07,0.72408,0.0022303297511534047,50000,1.0339429640668276
83,23,20.0,fit,1241,sim,clean,optimum,5.812152032183378e-05,6.098138938628353e-05,5.471147239363229e-07,0.77038,0.00206011185010022,50000,1.049204994098811
83,7,1.8,fit,1253,sim,clean,optimum,0.00010502949675647436,0.00010705869562493953,7.084990012204766e-07,0.59688,0.0026677899978585686,50000,1.0193202760284585
83,19,8.0,fit,1244,sim,clean,optimum,6.197744857794712e-05,6.496501816772351e-05,5.665429050752583e-07,0.75538,0.0021332669388579354,50000,1.0482041397044446
83,11,3.0,fit,1252,sim,clean,optimum,8.717418764138568e-05,8.979099273365759e-05,6.516135323613367e-07,0.6619,0.00245359282244338,50000,1.0300181184714543
83,25,26.0,fit,1240,sim,clean,optimum,5.77733777627131e-05,6.117791507283456e-05,5.45158241217658e-07,0.76964,0.002052744888370075,50000,1.0589291719120972
83,21,10.0,fit,1243,sim,clean,optimum,6.054454077078799e-05,6.314848344338687e-05,5.560154811346347e-07,0.76222,0.0020936268599818426,50000,1.0430087112636133
83,27,30.0,fit,1238,sim,clean,optimum,5.674351719980805e-05,6.0375877811504634e-05,5.415071803010359e-07,0.77266,0.002038997143097099,50000,1.0640136669517002
83,15,5.0,fit,1245,sim,clean,optimum,7.42057595820962e-05,7.616167079609089e-05,6.031479354084479e-07,0.71322,0.0022710999260971134,50000,1.026357943440102
83,29,40.0,fit,1238,sim,clean,optimum,5.286789306522355e-05,5.734300843256832e-05,5.292072978748976e-07,0.78408,0.0019926830293795603,50000,1.0846471290585342
83,9,2.0,fit,1253,sim,clean,optimum,9.899961365384596e-05,0.00010085485773597695,6.873993274824456e-07,0.62024,0.0025883410523280417,50000,1.0187399123456975
83,13,4.0,fit,1251,sim,clean,optimum,7.961347137239202e-05,8.185560420102913e-05,6.298159653411624e-07,0.69178,0.0023715160218072463,50000,1.0281627316330617
83,17,6.0,fit,1245,sim,clean,optimum,7.08719205072052e-05,7.302788282135808e-05,5.921020129205707e-07,0.72502,0.002229507487040012,50000,1.0304205431251674
83,7,1.8,fit,1254,sim,clean,optimum,0.00010502949675647436,0.00010687810445351424,7.059155211089242e-07,0.59756,0.0026580621331905967,50000,1.017600843135773
83,23,20.0,fit,1242,sim,clean,optimum,5.812152032183378e-05,6.122571861821182e-05,5.443432653191636e-07,0.76946,0.0020496761690821804,50000,1.0534087594266168
83,19,8.0,fit,1245,sim,clean,optimum,6.197744857794712e-05,6.458258980470526e-05,5.644354531045375e-07,0.75682,0.0021253315158315496,50000,1.0420336959092749
83,11,3.0,fit,1253,sim,clean,optimum,8.717418764138568e-05,8.863308463451904e-05,6.531894611102334e-07,0.66626,0.0024595268420346595,50000,1.0167354240126094
83,25,26.0,fit,1241,sim,clean,optimum,5.77733777627131e-05,6.072643714427135e-05,5.452470124748982e-07,0.77134,0.002053079148646737,50000,1.0511145357241714
83,21,10.0,fit,1244,sim,clean,optimum,6.054454077078799e-05,6.341405869548288e-05,5.597194295059349e-07,0.76122,0.00210757374826329,50000,1.0473951555030938
83,15,5.0,fit,1246,sim,clean,optimum,7.42057595820962e-05,7.723990631960064e-05,6.04334789732933e-07,0.70916,0.0022755689205351047,50000,1.0408882916176831
83,27,30.0,fit,1239,sim,clean,optimum,5.674351719980805e-05,5.981816978210304e-05,5.442224259205852e-07,0.77476,0.0020492211590704243,50000,1.0541850899278657
83,9,2.0,fit,1254,sim,clean,optimum,9.899961365384596e-05,0.00010052023291833598,6.920157504751954e-07,0.6215,0.002605723782670254,50000,1.0153598504920118
83,29,40.0,fit,1239,sim,clean,optimum,5.286789306522355e-05,5.647723311073535e-05,5.28148067645388e-07,0.78734,0.0019886945921243947,50000,1.0682709265727484
83,13,4.0,fit,1252,sim,clean,optimum,7.961347137239202e-05,8.231239363463424e-05,6.287197031744789e-07,0.69006,0.0023673881440850883,50000,1.033900321336549
83,7,1.8,fit,1255,sim,clean,optimum,0.00010502949675647436,0.00010775450278543103,7.023948479227258e-07,0.59426,0.0026448053513240177,50000,1.025945149820864
83,17,6.0,fit,1246,sim,clean,optimum,7.08719205072052e-05,7.392552717344258e-05,5.923580596043427e-07,0.72164,0.0022304716080631544,50000,1.04308626948986
83,11,3.0,fit,1254,sim,clean,optimum,8.717418764138568e-05,8.825065627150081e-05,6.511970728369894e-07,0.6677,0.002452024681131038,50000,1.012348479053725
83,19,8.0,fit,1246,sim,clean,optimum,6.197744857794712e-05,6.546961114670591e-05,5.639470128623978e-07,0.75348,0.0021234923375260226,50000,1.0563456974897378
83,23,20.0,fit,1243,sim,clean,optimum,5.812152032183378e-05,6.080610971990017e-05,5.447127244713377e-07,0.77104,0.0020510673346718134,50000,1.0461892494071239
83,25,26.0,fit,1242,sim,clean,optimum,5.77733777627131e-05,6.0790175204774394e-05,5.426690246992402e-07,0.7711,0.0020433719648812626,50000,1.0522177784801139
83,21,10.0,fit,1245,sim,clean,optimum,6.054454077078799e-05,6.328658257447678e-05,5.560276034153111e-07,0.7617,0.0020936725053519616,50000,1.045289662268143
83,9,2.0,fit,1255,sim,clean,optimum,9.899961365384596e-05,0.00010112043298807295,6.919855637199459e-07,0.61924,0.0026056101171272063,50000,1.0214225011184637
83,15,5.0,fit,1247,sim,clean,optimum,7.42057595820962e-05,7.62466548767616e-05,6.064570969076544e-07,0.7129,0.002283560279511408,50000,1.0275031925575466
83,27,30.0,fit,1240,sim,clean,optimum,5.674351719980805e-05,6.000407245857025e-05,5.405945535930415e-07,0.77406,0.002035560728367972,50000,1.057461282269144
83,13,4.0,fit,1253,sim,clean,optimum,7.961347137239202e-05,8.179186614052609e-05,6.246914883407459e-07,0.69202,0.002352220259269236,50000,1.027362137720947
83,29,40.0,fit,1240,sim,clean,optimum,5.286789306522355e-05,5.655159418132224e-05,5.271810629397173e-07,0.78706,0.001985053421879657,50000,1.0696774715715278
83,7,1.8,fit,1256,sim,clean,optimum,0.00010502949675647436,0.00010801476653248511,7.033968950759884e-07,0.59328,0.002648578470789608,50000,1.0284231560485577
83,11,3.0,fit,1255,sim,clean,optimum,8.717418764138568e-05,8.928639975467522e-05,6.488951664567558e-07,0.6638,0.0024433570573141866,50000,1.0242297883173708
83,17,6.0,fit,1247,sim,clean,optimum,7.08719205072052e-05,7.254453586254335e-05,5.911438112761681e-07,0.72684,0.002225899463939817,50000,1.0236005366211023
83,19,8.0,fit,1247,sim,clean,optimum,6.197744857794712e-05,6.430108003748352e-05,5.653243295734068e-07,0.75788,0.0021286785011468373,50000,1.0374915636711641
83,23,20.0,fit,1244,sim,clean,optimum,5.812152032183378e-05,6.10026354064512e-05,5.456998580518166e-07,0.7703,0.002054784298405024,50000,1.0495705389099244
83,25,26.0,fit,1243,sim,clean,optimum,5.77733777627131e-05,6.037056630646271e-05,5.42401603641691e-07,0.77268,0.0020423650146649355,50000,1.0449547636701593
83,21,10.0,fit,1246,sim,clean,optimum,6.054454077078799e-05,6.432232605765119e-05,5.573708335261243e-07,0.7578,0.002098730318910311,50000,1.062396794802116
83,9,2.0,fit,1256,sim,clean,optimum,9.899961365384596e-05,0.00010203932336032512,6.91721208907216e-07,0.61578,0.0026046147125831326,50000,1.0307042582722348
83,15,5.0,fit,1248,sim,clean,optimum,7.42057595820962e-05,7.628383541205505e-05,6.049379139897576e-07,0.71276,0.0022778399313015995,50000,1.0280042390464288
83,13,4.0,fit,1254,sim,clean,optimum,7.961347137239202e-05,8.095795984894463e-05,6.220089482176179e-07,0.69516,0.0023421193929349052,50000,1.0168877007041155
83,27,30.0,fit,1241,sim,clean,optimum,5.674351719980805e-05,5.990846536781568e-05,5.413151264736957e-07,0.77442,0.0020382739814853736,50000,1.0557763833507723
83,7,1.8,fit,1257,sim,clean,optimum,0.00010502949675647436,0.00010743050097787391,7.048466896724834e-07,0.59548,0.002654037543444356,50000,1.0228602849251636
83,29,40.0,fit,1241,sim,clean,optimum,5.286789306522355e-05,5.625414989897472e-05,5.273683149143721e-07,0.78818,0.001985758502542019,50000,1.0640512915764113
83,11,3.0,fit,1256,sim,clean,optimum,8.717418764138568e-05,8.99503378849152e-05,6.507814706398277e-07,0.6613,0.0024504597680079904,50000,1.0318460122043231
83,19,8.0,fit,1248,sim,clean,optimum,6.197744857794712e-05,6.460914732991489e-05,5.63243958533522e-07,0.75672,0.002120845048957803,50000,1.0424621989506064
83,17,6.0,fit,1248,sim,clean,optimum,7.08719205072052e-05,7.27941765995136e-05,5.912709452046148e-07,0.7259,0.002226378175444158,50000,1.0271229575627625
83,23,20.0,fit,1245,sim,clean,optimum,5.812152032183378e-05,6.070519112410368e-05,5.442197954040688e-07,0.77142,0.002049211254094356,50000,1.044452911554334
83,25,26.0,fit,1244,sim,clean,optimum,5.77733777627131e-05,6.084329025519359e-05,5.450470844931394e-07,0.7709,0.0020523263376066234,50000,1.0531371474433993
83,21,10.0,fit,1247,sim,clean,optimum,6.054454077078799e-05,6.292540023162625e-05,5.583490955136859e-07,0.76306,0.0021024138774491464,50000,1.0393240981024503
83,9,2.0,fit,1257,sim,clean,optimum,9.899961365384596e-05,0.00010143912329058815,6.891776006039718e-07,0.61804,0.0025950369816644223,50000,1.0246416076457832
83,13,4.0,fit,1255,sim,clean,optimum,7.961347137239202e-05,8.185029269598721e-05,6.266852617607748e-07,0.6918,0.0023597276358199256,50000,1.0280960154737186
83,15,5.0,fit,1249,sim,clean,optimum,7.42057595820962e-05,7.578986544315647e-05,6.059929769812584e-07,0.71462,0.0022818126771925436,50000,1.0213474785512806
83,7,1.8,fit,1258,sim,clean,optimum,0.00010502949675647436,0.00010632039642411264,7.08668549007956e-07,0.59966,0.0026684284149781656,50000,1.012290829790715
83,27,30.0,fit,1242,sim,clean,optimum,5.674351719980805e-05,5.988721934764801e-05,5.406820525465707e-07,0.7745,0.0020358901978981283,50000,1.055401961368912
83,11,3.0,fit,1257,sim,clean,optimum,8.717418764138568e-05,8.945636791601664e-05,6.528195423288338e-07,0.66316,0.0024581339457520426,50000,1.0261795416324304
83,29,40.0,fit,1242,sim,clean,optimum,5.286789306522355e-05,5.6493167625861125e-05,5.245934681509848e-07,0.78728,0.001975310063760591,50000,1.0685723290724871
83,19,8.0,fit,1249,sim,clean,optimum,6.197744857794712e-05,6.408330833076479e-05,5.580196954670979e-07,0.7587,0.002101173550860022,50000,1.0339778387322478
83,17,6.0,fit,1249,sim,clean,optimum,7.08719205072052e-05,7.252328984237567e-05,5.94709805021866e-07,0.72692,0.0022393268963438306,50000,1.023300756115429
83,23,20.0,fit,1246,sim,clean,optimum,5.812152032183378e-05,6.21180514652544e-05,5.493139381341923e-07,0.7661,0.0020683927956345366,50000,1.0687616414933885
83,21,10.0,fit,1248,sim,clean,optimum,6.054454077078799e-05,6.312723742321921e-05,5.571515322040136e-07,0.7623,0.0020979045592795474,50000,1.0426577957244552
83,9,2.0,fit,1258,sim,clean,optimum,9.899961365384596e-05,0.0001008920382712704,6.891018369781515e-07,0.6201,0.002594751700467389,50000,1.0191154747738849
83,25,26.0,fit,1245,sim,clean,optimum,5.77733777627131e-05,6.043430436696575e-05,5.41165514349484e-07,0.77244,0.002037710630333371,50000,1.0460580064261018
83,13,4.0,fit,1256,sim,clean,optimum,7.961347137239202e-05,8.271075651277826e-05,6.264793711864688e-07,0.68856,0.002358952373167698,50000,1.0389040332872648
83,15,5.0,fit,1250,sim,clean,optimum,7.42057595820962e-05,7.65919027044864e-05,6.069381212984869e-07,0.7116,0.0022853715340881656,50000,1.0321557670971664
83,7,1.8,fit,1259,sim,clean,optimum,0.00010502949675647436,0.00010734020539216127,7.037855210054313e-07,0.59582,0.002650041807174967,50000,1.022000568478821
83,11,3.0,fit,1258,sim,clean,optimum,8.717418764138568e-05,8.874993774544129e-05,6.449519661614337e-07,0.66582,0.002428509287184247,50000,1.018075879416713
83,27,30.0,fit,1243,sim,clean,optimum,5.674351719980805e-05,5.96747591459712e-05,5.395868662983702e-07,0.7753,0.0020317663714513605,50000,1.0516577415503081
83,29,40.0,fit,1243,sim,clean,optimum,5.286789306522355e-05,5.615854280822015e-05,5.248407537696716e-07,0.78854,0.0019762411957720835,50000,1.0622428765779808
83,19,8.0,fit,1250,sim,clean,optimum,6.197744857794712e-05,6.491721462234624e-05,5.648184750626681e-07,0.75556,0.0021267737509611698,50000,1.0474328342300485
83,17,6.0,fit,1250,sim,clean,optimum,7.08719205072052e-05,7.321909700286718e-05,5.936302337966384e-07,0.7243,0.0022352618668777663,50000,1.033118567676226
83,23,20.0,fit,1247,sim,clean,optimum,5.812152032183378e-05,6.108230798207999e-05,5.458099702594048e-07,0.77,0.0020551989161328396,50000,1.0509413319516003
83,9,2.0,fit,1259,sim,clean,optimum,9.899961365384596e-05,0.00010114699051328254,6.875626692947748e-07,0.61914,0.0025889561013999716,50000,1.0216907599957403
83,21,10.0,fit,1249,sim,clean,optimum,6.054454077078799e-05,6.264920196944639e-05,5.528031077241183e-07,0.7641,0.002081530953510274,50000,1.0347621960933904
83,25,26.0,fit,1246,sim,clean,optimum,5.77733777627131e-05,6.173562310223615e-05,5.480993600678207e-07,0.76754,0.0020638194099113346,50000,1.0685825460265936
83,13,4.0,fit,1257,sim,clean,optimum,7.961347137239202e-05,8.202026085732863e-05,6.307876105531534e-07,0.69116,0.0023751746654659548,50000,1.0302309325726906
83,15,5.0,fit,1251,sim,clean,optimum,7.42057595820962e-05,7.626790089692928e-05,6.091507995436376e-07,0.71282,0.0022937031772954585,50000,1.027789504836908
83,7,1.8,fit,1260,sim,clean,optimum,0.00010502949675647436,0.00010771201074509569,6.985652923974295e-07,0.59442,0.00263038550047168,50000,1.0255405773755264
83,11,3.0,fit,1259,sim,clean,optimum,8.717418764138568e-05,8.988659982441216e-05,6.542585271618894e-07,0.66154,0.0024635523152036335,50000,1.0311148547111757
83,19,8.0,fit,1251,sim,clean,optimum,6.197744857794712e-05,6.468881990554369e-05,5.633131642513102e-07,0.75642,0.002121105636935192,50000,1.0437477080746
83,27,30.0,fit,1244,sim,clean,optimum,5.674351719980805e-05,5.94091838938752e-05,5.403667562788926e-07,0.7763,0.0020347029778345505,50000,1.0469774667770535
83,29,40.0,fit,1244,sim,clean,optimum,5.286789306522355e-05,5.5993886151920646e-05,5.247474625145191e-07,0.78916,0.001975889915845147,50000,1.0591283840806844
83,17,6.0,fit,1251,sim,clean,optimum,7.08719205072052e-05,7.258702790287873e-05,5.91628550752396e-07,0.72668,0.00222772470734033,50000,1.024200097632449
83,23,20.0,fit,1248,sim,clean,optimum,5.812152032183378e-05,6.0917651325780487e-05,5.477669357973685e-07,0.77062,0.002062567695876128,50000,1.0481083596654701
83,21,10.0,fit,1250,sim,clean,optimum,6.054454077078799e-05,6.351497729127937e-05,5.56314029572184e-07,0.76084,0.002094751017580087,50000,1.0490620043140964
83,9,2.0,fit,1260,sim,clean,optimum,9.899961365384596e-05,0.00010170469854268415,6.853869090328945e-07,0.61704,0.0025807634695763793,50000,1.0273241964185493
83,13,4.0,fit,1258,sim,clean,optimum,7.961347137239202e-05,8.169625904977151e-05,6.214137626419825e-07,0.69238,0.002339878274566616,50000,1.0261612468527752
83,15,5.0,fit,1252,sim,clean,optimum,7.42057595820962e-05,7.705400364313343e-05,6.094151647923918e-07,0.70986,0.0022946986211354542,50000,1.0383830591732726
83,7,1.8,fit,1261,sim,clean,optimum,0.00010502949675647436,0.00010734551689720319,6.996536737320297e-07,0.5958,0.002634483703621297,50000,1.022051140034488
83,25,26.0,fit,1247,sim,clean,optimum,5.77733777627131e-05,6.064676456864256e-05,5.445248394373786e-07,0.77164,0.0020503598702809253,50000,1.0497354822792435
83,11,3.0,fit,1260,sim,clean,optimum,8.717418764138568e-05,8.96582051076096e-05,6.483603917689272e-07,0.6624,0.002441343410772922,50000,1.028494873694064
83,19,8.0,fit,1252,sim,clean,optimum,6.197744857794712e-05,6.528370847023872e-05,5.664872317996936e-07,0.75418,0.0021330573060885966,50000,1.0533461762004195
83,17,6.0,fit,1252,sim,clean,optimum,7.08719205072052e-05,7.342093419446016e-05,5.948302528400903e-07,0.72354,0.002239780431894578,50000,1.0359664824801216
83,27,30.0,fit,1245,sim,clean,optimum,5.674351719980805e-05,5.9637578610677754e-05,5.384075921841574e-07,0.77544,0.002027325919621208,50000,1.0510025030820525
83,29,40.0,fit,1245,sim,clean,optimum,5.286789306522355e-05,5.604700120233984e-05,5.240532107616373e-07,0.78896,0.001973275772594213,50000,1.0601330590798121
83,21,10.0,fit,1251,sim,clean,optimum,6.054454077078799e-05,6.294664625179392e-05,5.549636224552635e-07,0.76298,0.0020896661796433336,50000,1.0396750136416084
83,9,2.0,fit,1261,sim,clean,optimum,9.899961365384596e-05,0.00010152941887630079,6.865620424406029e-07,0.6177,0.002585188329944331,50000,1.0255536878285236
83,23,20.0,fit,1249,sim,clean,optimum,5.812152032183378e-05,6.057240349805566e-05,5.431841509009796e-07,0.77192,0.002045311626795066,50000,1.0421682564848738
83,13,4.0,fit,1259,sim,clean,optimum,7.961347137239202e-05,8.188216172623872e-05,6.238729701754637e-07,0.69168,0.0023491382018906884,50000,1.028496312429776
83,15,5.0,fit,1253,sim,clean,optimum,7.42057595820962e-05,7.650160711877376e-05,6.068486121977876e-07,0.71194,0.0022850344955275587,50000,1.0309389399098812
83,7,1.8,fit,1262,sim,clean,optimum,0.00010502949675647436,0.00010751548505854463,7.040299522917408e-07,0.59516,0.002650962191451666,50000,1.023669429815839
83,25,26.0,fit,1248,sim,clean,optimum,5.77733777627131e-05,6.07370601543552e-05,5.476892768210749e-07,0.7713,0.0020622752779053993,50000,1.0512984095168287
83,11,3.0,fit,1261,sim,clean,optimum,8.717418764138568e-05,9.008843701600511e-05,6.516389603039993e-07,0.66078,0.002453688569100728,50000,1.033430186772809
83,19,8.0,fit,1253,sim,clean,optimum,6.197744857794712e-05,6.401425876521985e-05,5.609307265190932e-07,0.75896,0.0021121347794723295,50000,1.032863730824787
83,17,6.0,fit,1253,sim,clean,optimum,7.08719205072052e-05,7.32456545280768e-05,5.943722521908089e-07,0.7242,0.0022380558711696356,50000,1.0334932933083179
83,27,30.0,fit,1246,sim,clean,optimum,5.674351719980805e-05,6.065738757872641e-05,5.429925038974161e-07,0.7716,0.002044589997042102,50000,1.0689747582113505
83,29,40.0,fit,1246,sim,clean,optimum,5.286789306522355e-05,5.726864736198145e-05,5.297794148890634e-07,0.78436,0.0019948372851306155,50000,1.0832405840597554
83,21,10.0,fit,1252,sim,clean,optimum,6.054454077078799e-05,6.339812418035712e-05,5.581597158894784e-07,0.76128,0.002101700785311559,50000,1.047131968848725
83,9,2.0,fit,1262,sim,clean,optimum,9.899961365384596e-05,0.0001012850896443725,6.846449599595654e-07,0.61862,0.002577969726305975,50000,1.0230857061575789
83,13,4.0,fit,1260,sim,clean,optimum,7.961347137239202e-05,8.174937410019072e-05,6.231905095048757e-07,0.69218,0.0023465684569118103,50000,1.026828408446204
83,23,20.0,fit,1250,sim,clean,optimum,5.812152032183378e-05,6.1007946911493125e-05,5.452323743089734e-07,0.77028,0.002053024029934397,50000,1.0496619251127028
83,15,5.0,fit,1254,sim,clean,optimum,7.42057595820962e-05,7.622540885659394e-05,6.059736743971174e-07,0.71298,0.002281739995028115,50000,1.0272168802781856
83,7,1.8,fit,1263,sim,clean,optimum,0.00010502949675647436,0.00010708525315014913,7.025786116110467e-07,0.59678,0.002645497297154326,50000,1.0195731338067946
83,19,8.0,fit,1254,sim,clean,optimum,6.197744857794712e-05,6.468881990554369e-05,5.61545989869214e-07,0.75642,0.0021144514989153685,50000,1.0437477080746
83,11,3.0,fit,1262,sim,clean,optimum,8.717418764138568e-05,8.969007413786112e-05,6.532279007080242e-07,0.66228,0.0024596715829225523,50000,1.0288604524406377
83,25,26.0,fit,1249,sim,clean,optimum,5.77733777627131e-05,6.027495921570817e-05,5.427144857868589e-07,0.77304,0.0020435431445648363,50000,1.0432998995362461
83,17,6.0,fit,1254,sim,clean,optimum,7.08719205072052e-05,7.322972001295103e-05,5.94507085226817e-07,0.72426,0.002238563572978987,50000,1.0332684579290627
83,29,40.0,fit,1247,sim,clean,optimum,5.286789306522355e-05,5.634444548468736e-05,5.25513866204453e-07,0.78784,0.001978775740800165,50000,1.0657592390749289
83,27,30.0,fit,1247,sim,clean,optimum,5.674351719980805e-05,5.987128483252223e-05,5.400581209497449e-07,0.77456,0.0020335408389427984,50000,1.0551211448825164
83,9,2.0,fit,1263,sim,clean,optimum,9.899961365384596e-05,0.00010161971446201343,6.908492492395621e-07,0.61736,0.002601331425978782,50000,1.026465768011264
83,21,10.0,fit,1253,sim,clean,optimum,6.054454077078799e-05,6.272887454507519e-05,5.529578846944844e-07,0.7638,0.002082113752431275,50000,1.0360781293652346
83,15,5.0,fit,1255,sim,clean,optimum,7.42057595820962e-05,7.623603186667775e-05,6.021833070635486e-07,0.71294,0.002267467703827583,50000,1.0273600364178659
83,13,4.0,fit,1261,sim,clean,optimum,7.961347137239202e-05,8.192465376657408e-05,6.250132802519421e-07,0.69152,0.0023534319381009667,50000,1.0290300417045188
83,7,1.8,fit,1264,sim,clean,optimum,0.00010502949675647436,0.00010703213809972992,7.018707617865275e-07,0.59698,0.002642831951573619,50000,1.0190674182501223
83,23,20.0,fit,1251,sim,clean,optimum,5.812152032183378e-05,6.087515928544511e-05,5.43485841619389e-07,0.77078,0.002046447616372515,50000,1.0473772700432427
83,19,8.0,fit,1255,sim,clean,optimum,6.197744857794712e-05,6.49597066626816e-05,5.655592147061358e-07,0.7554,0.0021295629402309584,50000,1.0481184390961784
83,11,3.0,fit,1263,sim,clean,optimum,8.717418764138568e-05,8.899426697736958e-05,6.512796083940513e-07,0.6649,0.002452335461433082,50000,1.0208786498071114
83,17,6.0,fit,1255,sim,clean,optimum,7.08719205072052e-05,7.33518846289152e-05,5.939980777020048e-07,0.7238,0.0022366469503991536,50000,1.0349921958366837
83,25,26.0,fit,1250,sim,clean,optimum,5.77733777627131e-05,6.0907028315696635e-05,5.436994440144118e-07,0.77066,0.0020472519172000095,50000,1.0542403901993418
83,29,40.0,fit,1248,sim,clean,optimum,5.286789306522355e-05,5.634444548468736e-05,5.28094119344481e-07,0.78784,0.0019884914545937656,50000,1.0657592390749289
83,27,30.0,fit,1248,sim,clean,optimum,5.674351719980805e-05,5.974912021655807e-05,5.434950415333472e-07,0.77502,0.0020464822578305786,50000,1.0529682184868192
83,9,2.0,fit,1264,sim,clean,optimum,9.899961365384596e-05,0.0001010832524527795,6.836218844609995e-07,0.61938,0.0025741174264757327,50000,1.0210469386902763
83,21,10.0,fit,1254,sim,clean,optimum,6.054454077078799e-05,6.280323561566209e-05,5.537778092845733e-07,0.76352,0.00208520110557739,50000,1.0373063337522892
83,13,4.0,fit,1262,sim,clean,optimum,7.961347137239202e-05,8.269482199765247e-05,6.261673805894129e-07,0.68862,0.0023577776003129475,50000,1.0387038848092358
83,7,1.8,fit,1265,sim,clean,optimum,0.00010502949675647436,0.00010671875930225663,7.010321259419486e-07,0.59816,0.002639674142862302,50000,1.0160836964657562
83,15,5.0,fit,1256,sim,clean,optimum,7.42057595820962e-05,7.759577715740927e-05,6.121303494055789e-07,0.70782,0.002304922407394746,50000,1.0456840222969834
83,19,8.0,fit,1256,sim,clean,optimum,6.197744857794712e-05,6.632476345845502e-05,5.700621047109971e-07,0.75026,0.002146518172201269,50000,1.0701434954206033
83,23,20.0,fit,1252,sim,clean,optimum,5.812152032183378e-05,6.10291929316608e-05,5.456352717970199e-07,0.7702,0.002054541104604822,50000,1.0500274699238163
83,11,3.0,fit,1264,sim,clean,optimum,8.717418764138568e-05,8.970600865298687e-05,6.464391524374539e-07,0.66222,0.002434109154883827,50000,1.0290432418139244
83,17,6.0,fit,1256,sim,clean,optimum,7.08719205072052e-05,7.452572724317952e-05,5.990972766418053e-07,0.71938,0.002255847530647336,50000,1.0515550687751272
83,25,26.0,fit,1251,sim,clean,optimum,5.77733777627131e-05,6.040243533671423e-05,5.430253865993589e-07,0.77256,0.002044713813932732,50000,1.0455063850481305
83,29,40.0,fit,1249,sim,clean,optimum,5.286789306522355e-05,5.59567056166272e-05,5.251531859449388e-07,0.7893,0.001977417631350329,50000,1.0584251115812948
83,9,2.0,fit,1265,sim,clean,optimum,9.899961365384596e-05,0.00010087610375614463,6.887910588111771e-07,0.62016,0.0025935814929103156,50000,1.0189545194475187
83,27,30.0,fit,1249,sim,clean,optimum,5.674351719980805e-05,5.951541399471359e-05,5.383071897990737e-07,0.7759,0.0020269478633667517,50000,1.0488495766863553
83,21,10.0,fit,1255,sim,clean,optimum,6.054454077078799e-05,6.364776491732735e-05,5.574413415594277e-07,0.76034,0.002098995810640986,50000,1.0512552264338362
83,13,4.0,fit,1263,sim,clean,optimum,7.961347137239202e-05,8.152097938338816e-05,6.240002594401916e-07,0.69304,0.002349617498299986,50000,1.0239596135944602
83,7,1.8,fit,1266,sim,clean,optimum,0.00010502949675647436,0.0001072445983014067,7.014346192205815e-07,0.59618,0.0026411896955181174,50000,1.021090280476811
83,15,5.0,fit,1257,sim,clean,optimum,7.42057595820962e-05,7.632101594734847e-05,6.115890153450425e-07,0.71262,0.002302884062118731,50000,1.0285052855353107
83,19,8.0,fit,1257,sim,clean,optimum,6.197744857794712e-05,6.483223054167552e-05,5.620832505373913e-07,0.75588,0.0021164745061946124,50000,1.0460616244977885
83,11,3.0,fit,1265,sim,clean,optimum,8.717418764138568e-05,8.889334838157312e-05,6.446706784891785e-07,0.66528,0.0024274501234630977,50000,1.0197209837762946
83,23,20.0,fit,1253,sim,clean,optimum,5.812152032183378e-05,6.053522296276225e-05,5.443363846786147e-07,0.77206,0.002049650260641938,50000,1.0415285530654252
83,17,6.0,fit,1257,sim,clean,optimum,7.08719205072052e-05,7.313411292219646e-05,5.973706636796931e-07,0.72462,0.002249346123048227,50000,1.0319194456535332
83,25,26.0,fit,1252,sim,clean,optimum,5.77733777627131e-05,6.069456811401983e-05,5.44552196640829e-07,0.77146,0.0020504628813982433,50000,1.0505629143462
83,9,2.0,fit,1266,sim,clean,optimum,9.899961365384596e-05,0.0001010566949275699,6.904253207189047e-07,0.61948,0.0025997351608248883,50000,1.0207786798129996
83,29,40.0,fit,1250,sim,clean,optimum,5.286789306522355e-05,5.6317887959477766e-05,5.269841917820909e-07,0.78794,0.0019843121210390375,50000,1.065256901575365
83,27,30.0,fit,1250,sim,clean,optimum,5.674351719980805e-05,5.99137768728576e-05,5.398693646891334e-07,0.7744,0.0020328300940254088,50000,1.0558699888462373
83,21,10.0,fit,1256,sim,clean,optimum,6.054454077078799e-05,6.455603227949567e-05,5.617252946943579e-07,0.75692,0.0021151266552928124,50000,1.0662568657328586
83,13,4.0,fit,1264,sim,clean,optimum,7.961347137239202e-05,8.148379884809471e-05,6.235807422355701e-07,0.69318,0.002348037843564424,50000,1.02349260047906
83,7,1.8,fit,1267,sim,clean,optimum,0.00010502949675647436,0.00010754204258375423,7.005678264109858e-07,0.59506,0.0026379258642584094,50000,1.0239222875941751
83,15,5.0,fit,1258,sim,clean,optimum,7.42057595820962e-05,7.591203005912064e-05,6.035304422080566e-07,0.71416,0.0022725402214431216,50000,1.0229937741576076
83,19,8.0,fit,1258,sim,clean,optimum,6.197744857794712e-05,6.468350840050176e-05,5.650125313067347e-07,0.75644,0.0021275044524950476,50000,1.0436620074663336
83,11,3.0,fit,1266,sim,clean,optimum,8.717418764138568e-05,8.971663166307072e-05,6.472380405007564e-07,0.66218,0.002437117296858644,50000,1.0291651013961158
83,23,20.0,fit,1254,sim,clean,optimum,5.812152032183378e-05,6.039181232663041e-05,5.464420292012442e-07,0.7726,0.0020575788778832323,50000,1.0390611255904085
83,17,6.0,fit,1258,sim,clean,optimum,7.08719205072052e-05,7.309162088186112e-05,5.922571768322888e-07,0.72478,0.002230091742954272,50000,1.0313198846421872
83,25,26.0,fit,1253,sim,clean,optimum,5.77733777627131e-05,6.0306828245959665e-05,5.420107852363553e-07,0.77292,0.0020408934227065315,50000,1.0438515209142167
83,9,2.0,fit,1267,sim,clean,optimum,9.899961365384596e-05,0.00010161440295697151,6.915589140911673e-07,0.61738,0.0026040036058826107,50000,1.0264121162358089
83,29,40.0,fit,1251,sim,clean,optimum,5.286789306522355e-05,5.5993886151920646e-05,5.254803798925827e-07,0.78916,0.001978649651070019,50000,1.0591283840806844
83,27,30.0,fit,1251,sim,clean,optimum,5.674351719980805e-05,5.957915205521664e-05,5.393335223491581e-07,0.77566,0.002030812427334909,50000,1.0499728426319366
83,21,10.0,fit,1257,sim,clean,optimum,6.054454077078799e-05,6.364245341228543e-05,5.586620253646184e-07,0.76036,0.0021035921869808623,50000,1.0511674975490466
83,13,4.0,fit,1265,sim,clean,optimum,7.961347137239202e-05,8.10323209195315e-05,6.196309009054144e-07,0.69488,0.00233316506720826,50000,1.0178217269349155
83,7,1.8,fit,1268,sim,clean,optimum,0.00010502949675647436,0.00010760046913921535,7.015470392453331e-07,0.59484,0.002641613003126279,50000,1.0244785747065146
83,15,5.0,fit,1259,sim,clean,optimum,7.42057595820962e-05,7.68309204313728e-05,6.072039884575224e-07,0.7107,0.0022863726332377934,50000,1.03537678023998
83,19,8.0,fit,1259,sim,clean,optimum,6.197744857794712e-05,6.537400405595136e-05,5.672121129577922e-07,0.75384,0.0021357867816416743,50000,1.0548030865409457
83,11,3.0,fit,1267,sim,clean,optimum,8.717418764138568e-05,8.937138383534592e-05,6.47630344051228e-07,0.66348,0.0024385944809990163,50000,1.0252046649749005
83,23,20.0,fit,1255,sim,clean,optimum,5.812152032183378e-05,6.097076637619968e-05,5.430907642271335e-07,0.77042,0.002044959987577522,50000,1.0490222216932539
83,17,6.0,fit,1259,sim,clean,optimum,7.08719205072052e-05,7.333063860874753e-05,5.939327758066113e-07,0.72388,0.002236401061917911,50000,1.0346924153310104
83,25,26.0,fit,1254,sim,clean,optimum,5.77733777627131e-05,5.997220342831873e-05,5.43541132285836e-07,0.77418,0.002046655808461238,50000,1.0380594964455192
83,9,2.0,fit,1268,sim,clean,optimum,9.899961365384596e-05,0.00010171001004772608,6.848087468466474e-07,0.61702,0.002578586451267316,50000,1.0273778481940048
83,29,40.0,fit,1252,sim,clean,optimum,5.286789306522355e-05,5.638162601998081e-05,5.277881674906998e-07,0.7877,0.001987339420089923,50000,1.0664625115743185
83,13,4.0,fit,1266,sim,clean,optimum,7.961347137239202e-05,8.223803256404737e-05,6.263216964512511e-07,0.69034,0.0023583586629707825,50000,1.0329662951057488
83,7,1.8,fit,1269,sim,clean,optimum,0.00010502949675647436,0.00010670813629217281,6.928597582820909e-07,0.5982,0.0026089018190280635,50000,1.015982553354422
83,27,30.0,fit,1252,sim,clean,optimum,5.674351719980805e-05,5.9876596337564155e-05,5.417996083730794e-07,0.77454,0.0020400982550031806,50000,1.0552147503779816
83,21,10.0,fit,1258,sim,clean,optimum,6.054454077078799e-05,6.299976130221311e-05,5.578506445742166e-07,0.76278,0.0021005370047528565,50000,1.0405523024895043
83,11,3.0,fit,1268,sim,clean,optimum,8.717418764138568e-05,9.002469895550207e-05,6.475412147030094e-07,0.66102,0.0024382588723626123,50000,1.0326990292796616
83,15,5.0,fit,1260,sim,clean,optimum,7.42057595820962e-05,7.669813280532478e-05,6.068075631473471e-07,0.7112,0.0022848799289777143,50000,1.033587328493972
83,19,8.0,fit,1260,sim,clean,optimum,6.197744857794712e-05,6.48269190366336e-05,5.654172871310515e-07,0.7559,0.0021290285245654773,50000,1.0459759238895223
83,23,20.0,fit,1256,sim,clean,optimum,5.812152032183378e-05,6.235175768709888e-05,5.513364761672335e-07,0.76522,0.0020760084827781194,50000,1.072782634415638
83,17,6.0,fit,1260,sim,clean,optimum,7.08719205072052e-05,7.362808289109505e-05,5.964235620195112e-07,0.72276,0.002245779895951737,50000,1.0388893424104353
83,9,2.0,fit,1269,sim,clean,optimum,9.899961365384596e-05,0.00010082830021076736,6.80012958443822e-07,0.62034,0.002560528336420486,50000,1.0184716534684208
83,25,26.0,fit,1255,sim,clean,optimum,5.77733777627131e-05,6.086453627536129e-05,5.413314908043024e-07,0.77082,0.002038335599917353,50000,1.0535048950287136
83,29,40.0,fit,1253,sim,clean,optimum,5.286789306522355e-05,5.59301480914176e-05,5.253460298355919e-07,0.7894,0.0019781437678752165,50000,1.057922774081731
83,13,4.0,fit,1267,sim,clean,optimum,7.961347137239202e-05,8.185560420102913e-05,6.286251429401065e-07,0.69178,0.0023670320859297215,50000,1.0281627316330617
83,7,1.8,fit,1270,sim,clean,optimum,0.00010502949675647436,0.00010688872746359807,7.083244741246198e-07,0.59752,0.002667132831595977,50000,1.0177019862471073
83,21,10.0,fit,1259,sim,clean,optimum,6.054454077078799e-05,6.396114371480065e-05,5.606533871327545e-07,0.75916,0.0021110904826707644,50000,1.0564312306364232
83,27,30.0,fit,1253,sim,clean,optimum,5.674351719980805e-05,5.939856088379135e-05,5.388544983635741e-07,0.77634,0.002029008705106262,50000,1.0467902557861233
83,11,3.0,fit,1269,sim,clean,optimum,8.717418764138568e-05,8.928639975467522e-05,6.512135491708973e-07,0.6638,0.00245208672130149,50000,1.0242297883173708
83,19,8.0,fit,1261,sim,clean,optimum,6.197744857794712e-05,6.47472464610048e-05,5.635286644145992e-07,0.7562,0.0021219170836403655,50000,1.0446904147655287
83,15,5.0,fit,1261,sim,clean,optimum,7.42057595820962e-05,7.669813280532478e-05,6.087024392281793e-07,0.7112,0.0022920149163904243,50000,1.033587328493972
83,23,20.0,fit,1257,sim,clean,optimum,5.812152032183378e-05,6.180998417282302e-05,5.480527174588041e-07,0.76726,0.0020636437813139844,50000,1.0634612417322409
83,17,6.0,fit,1261,sim,clean,optimum,7.08719205072052e-05,7.314473593228032e-05,5.982460324919453e-07,0.72458,0.002252642246483462,50000,1.03206933590637
83,9,2.0,fit,1270,sim,clean,optimum,9.899961365384596e-05,0.00010159315693680383,6.899525466055058e-07,0.61746,0.002597954971934291,50000,1.0261975091339874
83,25,26.0,fit,1256,sim,clean,optimum,5.77733777627131e-05,6.194277179887104e-05,5.500000515776832e-07,0.76676,0.0020709762948050202,50000,1.0721680849834068
83,13,4.0,fit,1268,sim,clean,optimum,7.961347137239202e-05,8.24876733010176e-05,6.235596293574914e-07,0.6894,0.0023479583448991225,50000,1.0361019545948638
83,7,1.8,fit,1271,sim,clean,optimum,0.00010502949675647436,0.00010590078752580096,7.034246903481725e-07,0.60124,0.002648683131415795,50000,1.0082956768930047
83,29,40.0,fit,1254,sim,clean,optimum,5.286789306522355e-05,5.5579588758650886e-05,5.251954629634804e-07,0.79072,0.0019775768217048816,50000,1.0512919190874865
83,11,3.0,fit,1270,sim,clean,optimum,8.717418764138568e-05,8.956790952189696e-05,6.536097642813437e-07,0.66274,0.002461109456257156,50000,1.0274590672454385
83,21,10.0,fit,1260,sim,clean,optimum,6.054454077078799e-05,6.349373127111167e-05,5.574326954317514e-07,0.76092,0.0020989632544159307,50000,1.0487110887749376
83,27,30.0,fit,1254,sim,clean,optimum,5.674351719980805e-05,5.907455907623423e-05,5.402722923538076e-07,0.77756,0.0020343472823232426,50000,1.0410803205627526
83,19,8.0,fit,1262,sim,clean,optimum,6.197744857794712e-05,6.577767843913728e-05,5.643052810990023e-07,0.75232,0.0021248413647180406,50000,1.0613163327691804
83,15,5.0,fit,1262,sim,clean,optimum,7.42057595820962e-05,7.753203909690623e-05,6.061874803551439e-07,0.70806,0.0022825450623540013,50000,1.0448250854588998
83,23,20.0,fit,1258,sim,clean,optimum,5.812152032183378e-05,6.041305834679808e-05,5.472406079422431e-07,0.77252,0.002060585855132416,50000,1.039426670401522
83,17,6.0,fit,1262,sim,clean,optimum,7.08719205072052e-05,7.386710061798145e-05,5.939591988805184e-07,0.72186,0.0022365005556534852,50000,1.0422618730992586
83,9,2.0,fit,1271,sim,clean,optimum,9.899961365384596e-05,0.00010003157445447935,6.847670489040344e-07,0.62334,0.002578429441371688,50000,1.010423887150122
83,25,26.0,fit,1257,sim,clean,optimum,5.77733777627131e-05,6.149129387030783e-05,5.464949284175388e-07,0.76846,0.0020577780651790255,50000,1.0643534487954809
83,13,4.0,fit,1269,sim,clean,optimum,7.961347137239202e-05,8.224865557413118e-05,6.239591241443888e-07,0.6903,0.0023494626070008975,50000,1.0330997274244342
83,7,1.8,fit,1272,sim,clean,optimum,0.00010502949675647436,0.0001074464354929997,7.047637458602526e-07,0.59542,0.0026537252258937703,50000,1.0230119995921654
83,29,40.0,fit,1255,sim,clean,optimum,5.286789306522355e-05,5.649847913090305e-05,5.251642471934627e-07,0.78726,0.0019774592814982123,50000,1.0686727965724
83,21,10.0,fit,1261,sim,clean,optimum,6.054454077078799e-05,6.316972946355455e-05,5.560225770923131e-07,0.76214,0.002093653579179593,50000,1.0433596268027716
83,11,3.0,fit,1271,sim,clean,optimum,8.717418764138568e-05,8.83303288471296e-05,6.466421035695265e-07,0.6674,0.002434873349327665,50000,1.013262425920159
83,27,30.0,fit,1255,sim,clean,optimum,5.674351719980805e-05,5.971725118630654e-05,5.380395125845865e-07,0.77514,0.0020259399486142493,50000,1.0524065855140285
83,19,8.0,fit,1263,sim,clean,optimum,6.197744857794712e-05,6.48534765618432e-05,5.634828924719071e-07,0.7558,0.002121744733459651,50000,1.0464044269308534
83,15,5.0,fit,1263,sim,clean,optimum,7.42057595820962e-05,7.62466548767616e-05,6.069013094426588e-07,0.7129,0.002285232922317914,50000,1.0275031925575466
83,9,2.0,fit,1272,sim,clean,optimum,9.899961365384596e-05,0.00010143381178554622,6.846506610787357e-07,0.61806,0.0025779911933633353,50000,1.0245879558703277
83,17,6.0,fit,1263,sim,clean,optimum,7.08719205072052e-05,7.2900406700352e-05,5.921428214523276e-07,0.7255,0.0022296611479381374,50000,1.0286218600911283
83,23,20.0,fit,1259,sim,clean,optimum,5.812152032183378e-05,6.12682106585472e-05,5.476826224805999e-07,0.7693,0.002062250221577965,50000,1.0541398490488445
83,13,4.0,fit,1270,sim,clean,optimum,7.961347137239202e-05,8.190871925144832e-05,6.27973682531993e-07,0.69158,0.0023645790696830192,50000,1.0288298932264903
83,7,1.8,fit,1273,sim,clean,optimum,0.00010502949675647436,0.00010624072384848382,7.115417838584229e-07,0.59996,0.0026792473253540025,50000,1.0115322564557065
83,25,26.0,fit,1258,sim,clean,optimum,5.77733777627131e-05,6.016341760982783e-05,5.452256491477634e-07,0.77346,0.0020529987069377816,50000,1.0413692247133464
83,11,3.0,fit,1272,sim,clean,optimum,8.717418764138568e-05,8.907393955299841e-05,6.502720013382605e-07,0.6646,0.0024485414066488416,50000,1.021792596673546
83,29,40.0,fit,1256,sim,clean,optimum,5.286789306522355e-05,5.769887927037696e-05,5.327989140869227e-07,0.78274,0.002006206940902486,50000,1.0913784515526916
83,21,10.0,fit,1262,sim,clean,optimum,6.054454077078799e-05,6.4269211007232e-05,5.576656010615246e-07,0.758,0.0020998402398576654,50000,1.06151950595422
83,19,8.0,fit,1264,sim,clean,optimum,6.197744857794712e-05,6.465695087529216e-05,5.655779798424335e-07,0.75654,0.002129633598683317,50000,1.0432335044250025
83,27,30.0,fit,1256,sim,clean,optimum,5.674351719980805e-05,6.101325841653505e-05,5.460756827942365e-07,0.77026,0.0020561994330587753,50000,1.0752463264075116
83,15,5.0,fit,1264,sim,clean,optimum,7.42057595820962e-05,7.588547253391103e-05,6.051695513769378e-07,0.71426,0.002278712141288607,50000,1.022635883808406
83,9,2.0,fit,1273,sim,clean,optimum,9.899961365384596e-05,0.00010025465766623998,6.925785901879932e-07,0.6225,0.0026078431055678347,50000,1.0126772617192457
83,23,20.0,fit,1260,sim,clean,optimum,5.812152032183378e-05,6.110886550728959e-05,5.475006633186345e-07,0.7699,0.0020615650705312115,50000,1.051398262965492
83,17,6.0,fit,1264,sim,clean,optimum,7.08719205072052e-05,7.297476777093889e-05,5.942904069609972e-07,0.72522,0.0022377476902334763,50000,1.0296710918609846
83,13,4.0,fit,1271,sim,clean,optimum,7.961347137239202e-05,8.120760058591489e-05,6.205081151078672e-07,0.69422,0.002336468139296226,50000,1.0200233601932307
83,7,1.8,fit,1274,sim,clean,optimum,0.00010502949675647436,0.00010602295214176513,6.998041848803449e-07,0.60078,0.0026350504399686313,50000,1.0094588226733507
83,25,26.0,fit,1259,sim,clean,optimum,5.77733777627131e-05,6.0917651325780487e-05,5.455931252079144e-07,0.77062,0.0020543824053707144,50000,1.054424263991999
83,11,3.0,fit,1273,sim,clean,optimum,8.717418764138568e-05,8.854810055384834e-05,6.46353909697698e-07,0.66658,0.002433788180926039,50000,1.0157605473550797
83,29,40.0,fit,1257,sim,clean,optimum,5.286789306522355e-05,5.6923399534256635e-05,5.284889058051965e-07,0.78566,0.0019899779879119107,50000,1.0767101965654233
83,21,10.0,fit,1263,sim,clean,optimum,6.054454077078799e-05,6.347248525094399e-05,5.554420189365993e-07,0.761,0.0020914675390605237,50000,1.0483601732357792
83,19,8.0,fit,1265,sim,clean,optimum,6.197744857794712e-05,6.47738039862144e-05,5.632699520091472e-07,0.7561,0.0021209429250792417,50000,1.0451189178068598
83,27,30.0,fit,1257,sim,clean,optimum,5.674351719980805e-05,6.084329025519359e-05,5.43678885283741e-07,0.7709,0.0020471745051275046,50000,1.0722509505526283
83,15,5.0,fit,1265,sim,clean,optimum,7.42057595820962e-05,7.60076371498752e-05,6.024640715532844e-07,0.7138,0.0022685248975514707,50000,1.024282179414733
83,9,2.0,fit,1274,sim,clean,optimum,9.899961365384596e-05,0.00010024934616119809,6.852468418997065e-07,0.62252,0.0025802360592394502,50000,1.0126236099437906
83,23,20.0,fit,1261,sim,clean,optimum,5.812152032183378e-05,6.082735574006784e-05,5.464352010691592e-07,0.77096,0.002057553167158942,50000,1.0465547942182372
83,17,6.0,fit,1265,sim,clean,optimum,7.08719205072052e-05,7.286322616505857e-05,5.94532348424472e-07,0.72564,0.002238658699303657,50000,1.0280972442062004
83,13,4.0,fit,1272,sim,clean,optimum,7.961347137239202e-05,8.178655463548417e-05,6.275122650366821e-07,0.69204,0.002362841643128138,50000,1.0272954215616041
83,7,1.8,fit,1275,sim,clean,optimum,0.00010502949675647436,0.00010661252920141824,7.042186444166024e-07,0.59856,0.0026516726948715907,50000,1.015072265352412
83,11,3.0,fit,1274,sim,clean,optimum,8.717418764138568e-05,8.814973767570432e-05,6.496710542537289e-07,0.66808,0.002446278593831048,50000,1.011190813022908
83,25,26.0,fit,1260,sim,clean,optimum,5.77733777627131e-05,6.089109380057089e-05,5.456947566199962e-07,0.77072,0.002054765089417062,50000,1.0539645795103565
83,29,40.0,fit,1258,sim,clean,optimum,5.286789306522355e-05,5.564863832419582e-05,5.242757747621757e-07,0.79046,0.0019741138175505177,50000,1.0525979965863523
83,21,10.0,fit,1264,sim,clean,optimum,6.054454077078799e-05,6.288290819129087e-05,5.562109526790516e-07,0.76322,0.002094362890703358,50000,1.0386222670241332
83,19,8.0,fit,1266,sim,clean,optimum,6.197744857794712e-05,6.503406773326847e-05,5.63574608764396e-07,0.75512,0.0021220900830047048,50000,1.0493182476119058
83,27,30.0,fit,1258,sim,clean,optimum,5.674351719980805e-05,5.918078917707265e-05,5.412764718574682e-07,0.77716,0.002038128430964674,50000,1.0429524304720548
83,9,2.0,fit,1275,sim,clean,optimum,9.899961365384596e-05,0.0001008176772006835,6.89095470199698e-07,0.62038,0.0025947277269291803,50000,1.0183643499175101
83,15,5.0,fit,1266,sim,clean,optimum,7.42057595820962e-05,7.684685494649854e-05,6.063880165122052e-07,0.71064,0.0022833001634241447,50000,1.0355915144495007
83,23,20.0,fit,1262,sim,clean,optimum,5.812152032183378e-05,6.179404965769728e-05,5.497240852670613e-07,0.76732,0.002069937168197989,50000,1.0631870831239059
83,13,4.0,fit,1273,sim,clean,optimum,7.961347137239202e-05,8.06286465363456e-05,6.23304102078091e-07,0.6964,0.0023469961796469627,50000,1.012751298824857
83,17,6.0,fit,1266,sim,clean,optimum,7.08719205072052e-05,7.326158904320255e-05,5.962134948986192e-07,0.72414,0.0022449889068846683,50000,1.0337181286875725
83,7,1.8,fit,1276,sim,clean,optimum,0.00010502949675647436,0.00010744112398795776,7.059419959734817e-07,0.59544,0.00265816182193926,50000,1.022961428036498
83,11,3.0,fit,1275,sim,clean,optimum,8.717418764138568e-05,8.896770945215999e-05,6.464872263267161e-07,0.665,0.00243429017283969,50000,1.0205740008516333
83,25,26.0,fit,1261,sim,clean,optimum,5.77733777627131e-05,6.0492730922426875e-05,5.447939886353094e-07,0.77222,0.002051373327656214,50000,1.0470693122857158
83,29,40.0,fit,1259,sim,clean,optimum,5.286789306522355e-05,5.645067558552575e-05,5.274071957743373e-07,0.78744,0.0019859049049633978,50000,1.0677685890731845
83,21,10.0,fit,1265,sim,clean,optimum,6.054454077078799e-05,6.31803524736384e-05,5.582850329050263e-07,0.7621,0.0021021726553919176,50000,1.043535084572351
83,19,8.0,fit,1267,sim,clean,optimum,6.197744857794712e-05,6.49384606425139e-05,5.617050000736958e-07,0.75548,0.0021150502377030632,50000,1.0477756366631132
83,27,30.0,fit,1259,sim,clean,optimum,5.674351719980805e-05,6.004656449890559e-05,5.445061572781694e-07,0.7739,0.0020502895242714165,50000,1.0582101262328645
83,9,2.0,fit,1276,sim,clean,optimum,9.899961365384596e-05,0.0001011576135233664,6.896446550720292e-07,0.6191,0.002596795633739008,50000,1.021798063546651
83,15,5.0,fit,1267,sim,clean,optimum,7.42057595820962e-05,7.640600002801919e-05,6.061119194197332e-07,0.7123,0.002282260544369685,50000,1.0296505346527556
83,13,4.0,fit,1274,sim,clean,optimum,7.961347137239202e-05,8.058615449601025e-05,6.223013757581409e-07,0.69656,0.0023432205028395938,50000,1.0122175695501143
83,23,20.0,fit,1263,sim,clean,optimum,5.812152032183378e-05,6.10026354064512e-05,5.422478765876583e-07,0.7703,0.0020417861691105423,50000,1.0495705389099244
83,17,6.0,fit,1267,sim,clean,optimum,7.08719205072052e-05,7.298007927598081e-05,5.951774830564696e-07,0.7252,0.0022410878964028063,50000,1.029746036987403
83,7,1.8,fit,1277,sim,clean,optimum,0.00010502949675647436,0.00010839719489550335,7.05036549464812e-07,0.59184,0.002654752443612313,50000,1.0320643080565974
83,11,3.0,fit,1276,sim,clean,optimum,8.717418764138568e-05,8.991315734962175e-05,6.466959438243614e-07,0.66144,0.0024350760800204156,50000,1.0314195036666536
83,29,40.0,fit,1260,sim,clean,optimum,5.286789306522355e-05,5.618510033342975e-05,5.266493540133644e-07,0.78844,0.0019830513191906583,50000,1.0627452140775446
83,25,26.0,fit,1262,sim,clean,optimum,5.77733777627131e-05,6.147004785014016e-05,5.486020243965299e-07,0.76854,0.0020657121477502035,50000,1.0639857012101668
83,19,8.0,fit,1268,sim,clean,optimum,6.197744857794712e-05,6.567144833829889e-05,5.638459938365916e-07,0.75272,0.00212311195936575,50000,1.0596023206038554
83,21,10.0,fit,1266,sim,clean,optimum,6.054454077078799e-05,6.364776491732735e-05,5.566901582541405e-07,0.76034,0.0020961672966911407,50000,1.0512552264338362
83,9,2.0,fit,1277,sim,clean,optimum,9.899961365384596e-05,0.00010228365259225345,6.920297535987951e-07,0.61486,0.0026057765101871787,50000,1.03317223994318
83,27,30.0,fit,1260,sim,clean,optimum,5.674351719980805e-05,5.974380871151617e-05,5.42040339950833e-07,0.77504,0.002041004708356246,50000,1.0528746129913547
83,15,5.0,fit,1268,sim,clean,optimum,7.42057595820962e-05,7.712836471372032e-05,6.017309178744102e-07,0.70958,0.0022657642725569054,50000,1.0393851521510369
83,13,4.0,fit,1275,sim,clean,optimum,7.961347137239202e-05,8.144661831280126e-05,6.221109585330383e-07,0.69332,0.0023425035037080866,50000,1.0230255873636598
83,7,1.8,fit,1278,sim,clean,optimum,0.00010502949675647436,0.00010724990980644863,7.028278917548131e-07,0.59616,0.0026464359393726764,50000,1.0211408520324783
83,17,6.0,fit,1268,sim,clean,optimum,7.08719205072052e-05,7.383523158772992e-05,5.936817991081509e-07,0.72198,0.0022354560314736976,50000,1.0418122023407488
83,23,20.0,fit,1264,sim,clean,optimum,5.812152032183378e-05,6.031745125604352e-05,5.429271160025153e-07,0.77288,0.0020443437847373607,50000,1.0377817187515108
83,11,3.0,fit,1277,sim,clean,optimum,8.717418764138568e-05,8.951479447147777e-05,6.429304448753257e-07,0.66294,0.0024208974285108444,50000,1.0268497693344822
83,29,40.0,fit,1261,sim,clean,optimum,5.286789306522355e-05,5.5940771101501454e-05,5.271406636759622e-07,0.78936,0.001984901302043805,50000,1.0581237090815567
83,25,26.0,fit,1263,sim,clean,optimum,5.77733777627131e-05,6.064145306360063e-05,5.410011369060802e-07,0.77166,0.0020370916816847056,50000,1.0496435453829147
83,19,8.0,fit,1269,sim,clean,optimum,6.197744857794712e-05,6.517747836940031e-05,5.663905829426146e-07,0.75458,0.0021326933834101233,50000,1.0516321640350945
83,9,2.0,fit,1278,sim,clean,optimum,9.899961365384596e-05,0.00010122666308891137,6.921734850582503e-07,0.61884,0.0026063177182188793,50000,1.0224955366275703
83,21,10.0,fit,1267,sim,clean,optimum,6.054454077078799e-05,6.372212598791424e-05,5.558677813933045e-07,0.76006,0.0020930707097375537,50000,1.0524834308208908
83,27,30.0,fit,1261,sim,clean,optimum,5.674351719980805e-05,5.971725118630654e-05,5.4192626267975e-07,0.77514,0.0020405751605343664,50000,1.0524065855140285
83,15,5.0,fit,1269,sim,clean,optimum,7.42057595820962e-05,7.676718237086975e-05,6.088181022104851e-07,0.71094,0.002292450435066931,50000,1.0345178434018962
83,13,4.0,fit,1276,sim,clean,optimum,7.961347137239202e-05,8.291259370437121e-05,6.264516254525434e-07,0.6878,0.0023588478990734197,50000,1.041439247342294
83,7,1.8,fit,1279,sim,clean,optimum,0.00010502949675647436,0.00010773856827030529,6.989435432768723e-07,0.59432,0.0026318097705286883,50000,1.0257934351538625
83,17,6.0,fit,1269,sim,clean,optimum,7.08719205072052e-05,7.377680503226881e-05,5.963691058735141e-07,0.7222,0.002245574846175573,50000,1.0409878059501476
83,23,20.0,fit,1265,sim,clean,optimum,5.812152032183378e-05,6.071050262914561e-05,5.444114415900616e-07,0.7714,0.0020499328807688302,50000,1.0445442977571124
83,11,3.0,fit,1278,sim,clean,optimum,8.717418764138568e-05,8.912174309837567e-05,6.504934367316558e-07,0.66442,0.002449375201935291,50000,1.0223409647934063
83,29,40.0,fit,1262,sim,clean,optimum,5.286789306522355e-05,5.700838361492735e-05,5.287633894137292e-07,0.78534,0.0019910115315360487,50000,1.0783176765640279
83,25,26.0,fit,1264,sim,clean,optimum,5.77733777627131e-05,5.9977514933360646e-05,5.422309955920191e-07,0.77416,0.0020417226052223186,50000,1.0381514333418478
83,19,8.0,fit,1270,sim,clean,optimum,6.197744857794712e-05,6.547492265174783e-05,5.66009816826103e-07,0.75346,0.0021312596424515567,50000,1.056431398098004
83,9,2.0,fit,1279,sim,clean,optimum,9.899961365384596e-05,0.00010194371626957055,6.904756717215167e-07,0.61614,0.002599924753048616,50000,1.0297385263140388
83,21,10.0,fit,1268,sim,clean,optimum,6.054454077078799e-05,6.39239631795072e-05,5.556722470022243e-07,0.7593,0.002092334442372515,50000,1.0558171284428957
83,15,5.0,fit,1270,sim,clean,optimum,7.42057595820962e-05,7.660252571457025e-05,6.074408999194432e-07,0.71156,0.0022872647022843294,50000,1.0322989232368471
83,27,30.0,fit,1262,sim,clean,optimum,5.674351719980805e-05,6.06892566089779e-05,5.458006738790464e-07,0.77148,0.0020551639114391226,50000,1.0695363911841405
83,13,4.0,fit,1277,sim,clean,optimum,7.961347137239202e-05,8.268419898756862e-05,6.247186440687511e-07,0.68866,0.002352322511748678,50000,1.03857045249055
83,7,1.8,fit,1280,sim,clean,optimum,0.00010502949675647436,0.00010771201074509569,7.049799985672193e-07,0.59442,0.0026545395062352556,50000,1.0255405773755264
83,17,6.0,fit,1270,sim,clean,optimum,7.08719205072052e-05,7.352716429529856e-05,5.940901727652394e-07,0.72314,0.0022369937261717747,50000,1.0374653850084874
83,23,20.0,fit,1266,sim,clean,optimum,5.812152032183378e-05,6.115666905266689e-05,5.464109943416001e-07,0.76972,0.00205746201887849,50000,1.052220738790498
83,11,3.0,fit,1279,sim,clean,optimum,8.717418764138568e-05,8.941387587568127e-05,6.505538565664595e-07,0.66332,0.0024496027074514372,50000,1.0256921033036654
83,29,40.0,fit,1263,sim,clean,optimum,5.286789306522355e-05,5.636569150485503e-05,5.26102724537588e-07,0.78776,0.0019809930344993616,50000,1.06616110907458
83,19,8.0,fit,1271,sim,clean,optimum,6.197744857794712e-05,6.434357207781889e-05,5.641975236038024e-07,0.75772,0.00212443561345037,50000,1.0381771685372942
83,25,26.0,fit,1265,sim,clean,optimum,5.77733777627131e-05,6.04714849022592e-05,5.445448379962473e-07,0.7723,0.0020504351730763135,50000,1.0467015647004017
83,9,2.0,fit,1280,sim,clean,optimum,9.899961365384596e-05,0.00010121604007882752,6.89559813223946e-07,0.61888,0.002596476169303171,50000,1.0223882330766596
83,21,10.0,fit,1269,sim,clean,optimum,6.054454077078799e-05,6.375399501816577e-05,5.593264139799541e-07,0.75994,0.0021060938832424382,50000,1.0530098041296285
83,15,5.0,fit,1271,sim,clean,optimum,7.42057595820962e-05,7.606075220029439e-05,6.062953611093858e-07,0.7136,0.002282951277742636,50000,1.0249979601131358
83,27,30.0,fit,1263,sim,clean,optimum,5.674351719980805e-05,5.983941580227071e-05,5.392428905811718e-07,0.77468,0.0020304711614704467,50000,1.0545595119097257
83,13,4.0,fit,1278,sim,clean,optimum,7.961347137239202e-05,8.169625904977151e-05,6.240197479729662e-07,0.69238,0.002349690880637462,50000,1.0261612468527752
83,7,1.8,fit,1281,sim,clean,optimum,0.00010502949675647436,0.00010784479837114367,7.047598557339879e-07,0.59392,0.002653710577969184,50000,1.0268048662672067
83,17,6.0,fit,1271,sim,clean,optimum,7.08719205072052e-05,7.302788282135808e-05,5.947955002189994e-07,0.72502,0.002239649573989647,50000,1.0304205431251674
83,11,3.0,fit,1280,sim,clean,optimum,8.717418764138568e-05,8.914830062358526e-05,6.502478775140598e-07,0.66432,0.002448450570533615,50000,1.0226456137488844
83,23,20.0,fit,1267,sim,clean,optimum,5.812152032183378e-05,6.147004785014016e-05,5.450034017111137e-07,0.76854,0.002052161853974655,50000,1.0576125247544235
83,29,40.0,fit,1264,sim,clean,optimum,5.286789306522355e-05,5.5786737455285766e-05,5.245462558781612e-07,0.78994,0.001975132290144823,50000,1.0552101515840855
83,19,8.0,fit,1272,sim,clean,optimum,6.197744857794712e-05,6.49119031173043e-05,5.63738448029411e-07,0.75558,0.0021227070051904958,50000,1.0473471336217821
83,9,2.0,fit,1281,sim,clean,optimum,9.899961365384596e-05,0.00010165158349226496,6.865823453267069e-07,0.61724,0.0025852647786568663,50000,1.0267876786639962
83,25,26.0,fit,1266,sim,clean,optimum,5.77733777627131e-05,6.101325841653505e-05,5.46630118919723e-07,0.77026,0.0020582871129954813,50000,1.0560791281259128
83,21,10.0,fit,1270,sim,clean,optimum,6.054454077078799e-05,6.391334016942336e-05,5.583421769343568e-07,0.75934,0.0021023878261537997,50000,1.0556416706733165
83,15,5.0,fit,1272,sim,clean,optimum,7.42057595820962e-05,7.623603186667775e-05,6.081346645791615e-07,0.71294,0.002289877011429263,50000,1.0273600364178659
83,27,30.0,fit,1264,sim,clean,optimum,5.674351719980805e-05,5.916485466194687e-05,5.385877124166641e-07,0.77722,0.0020280041463425808,50000,1.042671613985659
83,13,4.0,fit,1279,sim,clean,optimum,7.961347137239202e-05,8.1929965271616e-05,6.253783219610984e-07,0.6915,0.0023548064702016624,50000,1.0290967578638617
83,7,1.8,fit,1282,sim,clean,optimum,0.00010502949675647436,0.0001062301008384,7.007164591631295e-07,0.6,0.002638485527671964,50000,1.0114311133443723
83,17,6.0,fit,1272,sim,clean,optimum,7.08719205072052e-05,7.304381733648382e-05,5.946688356187324e-07,0.72496,0.002239172629698839,50000,1.030645378504422
83,11,3.0,fit,1281,sim,clean,optimum,8.717418764138568e-05,8.98228617639091e-05,6.524045734821154e-07,0.66178,0.0024565714174537793,50000,1.030383697218028
83,23,20.0,fit,1268,sim,clean,optimum,5.812152032183378e-05,6.175155761736191e-05,5.484215528924128e-07,0.76748,0.002065032598346813,50000,1.0624559935016786
83,29,40.0,fit,1265,sim,clean,optimum,5.286789306522355e-05,5.620634635359745e-05,5.280163208064683e-07,0.78836,0.001988198511115792,50000,1.0631470840771964
83,9,2.0,fit,1282,sim,clean,optimum,9.899961365384596e-05,0.00010058397097883902,6.84712623414141e-07,0.62126,0.0025782245070283564,50000,1.0160036717974759
83,19,8.0,fit,1273,sim,clean,optimum,6.197744857794712e-05,6.395583220975873e-05,5.640875403306668e-07,0.75918,0.0021240214812137718,50000,1.0319210241338583
83,25,26.0,fit,1267,sim,clean,optimum,5.77733777627131e-05,6.12204071131699e-05,5.442444497650894e-07,0.76948,0.0020493040878988085,50000,1.0596646670827252
83,21,10.0,fit,1271,sim,clean,optimum,6.054454077078799e-05,6.2941334746752e-05,5.570538900589718e-07,0.763,0.0020975368964635615,50000,1.0395872847568188
83,15,5.0,fit,1273,sim,clean,optimum,7.42057595820962e-05,7.538087955492863e-05,6.04249696702868e-07,0.71616,0.002275248510295847,50000,1.0158359671735773
83,27,30.0,fit,1265,sim,clean,optimum,5.674351719980805e-05,5.9377314863623676e-05,5.384239970722231e-07,0.77642,0.002027387690768694,50000,1.046415833804263
83,13,4.0,fit,1280,sim,clean,optimum,7.961347137239202e-05,8.143068379767552e-05,6.261192405678128e-07,0.69338,0.002357596333341646,50000,1.0228254388856315
83,7,1.8,fit,1283,sim,clean,optimum,0.00010502949675647436,0.00010780761783585022,6.998966735066762e-07,0.59406,0.002635398697668102,50000,1.026450865377536
83,17,6.0,fit,1273,sim,clean,optimum,7.08719205072052e-05,7.22630260953216e-05,5.943541784839284e-07,0.7279,0.002237987816233275,50000,1.0196284449209327
83,11,3.0,fit,1282,sim,clean,optimum,8.717418764138568e-05,8.96316475824e-05,6.463261364353419e-07,0.6625,0.0024336836031759023,50000,1.028190224738586
83,23,20.0,fit,1269,sim,clean,optimum,5.812152032183378e-05,6.135319473921792e-05,5.468704529853645e-07,0.76898,0.002059192069552031,50000,1.0556020282932987
83,19,8.0,fit,1274,sim,clean,optimum,6.197744857794712e-05,6.397176672488447e-05,5.599821826670793e-07,0.75912,0.0021085631219307185,50000,1.0321781259586567
83,9,2.0,fit,1283,sim,clean,optimum,9.899961365384596e-05,0.0001022730295821696,6.9240027398209e-07,0.6149,0.0026071716717482453,50000,1.033064936392269
83,29,40.0,fit,1266,sim,clean,optimum,5.286789306522355e-05,5.656752869644799e-05,5.26953841918336e-07,0.787,0.0019841978413254148,50000,1.0699788740712661
83,21,10.0,fit,1272,sim,clean,optimum,6.054454077078799e-05,6.327064805935104e-05,5.568531760605529e-07,0.76176,0.0020967811257475975,50000,1.0450264756137744
83,25,26.0,fit,1268,sim,clean,optimum,5.77733777627131e-05,6.140099828459518e-05,5.482547624558023e-07,0.7688,0.0020644045637867622,50000,1.0627905215578954
83,15,5.0,fit,1274,sim,clean,optimum,7.42057595820962e-05,7.542868310030593e-05,6.025659069587479e-07,0.71598,0.00226890834971676,50000,1.0164801698021402
83,27,30.0,fit,1266,sim,clean,optimum,5.674351719980805e-05,6.008905653924096e-05,5.418777352342962e-07,0.77374,0.0020403924347529886,50000,1.0589589701965854
83,13,4.0,fit,1281,sim,clean,optimum,7.961347137239202e-05,8.212649095816703e-05,6.263738401717364e-07,0.69076,0.0023585550055142757,50000,1.031565255759548
91,1,0.6,fit,1234,sim,clean,optimum,0.00011268816608633165,0.0001219787132876928,7.77214809598248e-07,0.5407,0.0029265332649192058,50000,1.082444745744141
83,17,6.0,fit,1274,sim,clean,optimum,7.08719205072052e-05,7.229489512557312e-05,5.88885871378192e-07,0.72778,0.002217397392002934,50000,1.0200781156794425
83,11,3.0,fit,1283,sim,clean,optimum,8.717418764138568e-05,9.065145655044863e-05,6.516999597913649e-07,0.65866,0.00245391825724706,50000,1.0398887446289449
83,23,20.0,fit,1270,sim,clean,optimum,5.812152032183378e-05,6.143817881988863e-05,5.458159347049124e-07,0.76866,0.0020552213747221113,50000,1.057064207537753
83,19,8.0,fit,1275,sim,clean,optimum,6.197744857794712e-05,6.484285355175937e-05,5.627161892134242e-07,0.75584,0.0021188577805058956,50000,1.0462330257143213
83,29,40.0,fit,1267,sim,clean,optimum,5.286789306522355e-05,5.682248093846017e-05,5.289714583921129e-07,0.78604,0.0019917949967751536,50000,1.0748013140670807
91,3,1.0,fit,1234,sim,clean,optimum,0.00014104037720950104,0.00014610888069313535,7.987589444963789e-07,0.44984,0.003007655789431931,50000,1.0359365423144435
83,21,10.0,fit,1273,sim,clean,optimum,6.054454077078799e-05,6.234113467701503e-05,5.566893730614704e-07,0.76526,0.0020961643401179514,50000,1.0296739207755934
83,25,26.0,fit,1269,sim,clean,optimum,5.77733777627131e-05,6.131601420392448e-05,5.469600031818107e-07,0.76912,0.002059529262855019,50000,1.0613195312166392
83,15,5.0,fit,1275,sim,clean,optimum,7.42057595820962e-05,7.616167079609089e-05,6.078210928961989e-07,0.71322,0.0022886962851361016,50000,1.026357943440102
91,1,0.6,fit,1235,sim,clean,optimum,0.00011268816608633165,0.00012162815395492609,7.836758882986721e-07,0.54202,0.002950861882323995,50000,1.079333866004576
83,13,4.0,fit,1282,sim,clean,optimum,7.961347137239202e-05,8.182373517077761e-05,6.230507917661903e-07,0.6919,0.0023460423621888167,50000,1.0277624346770045
83,27,30.0,fit,1267,sim,clean,optimum,5.674351719980805e-05,6.048210791234305e-05,5.421228469341635e-07,0.77226,0.002041315381066445,50000,1.0658857768610024
83,17,6.0,fit,1275,sim,clean,optimum,7.08719205072052e-05,7.296945626589696e-05,5.958196260850645e-07,0.72524,0.002243505828885321,50000,1.0295961467345662
91,5,1.4,fit,1234,sim,clean,optimum,0.00014501116445230254,0.00014917361910232318,8.12559816305962e-07,0.4383,0.0030596217452228507,50000,1.0287043736648964
83,19,8.0,fit,1276,sim,clean,optimum,6.197744857794712e-05,6.571925188367616e-05,5.690821558574054e-07,0.75254,0.002142828261918373,50000,1.0603736260782515
83,23,20.0,fit,1271,sim,clean,optimum,5.812152032183378e-05,6.062551854847489e-05,5.436841427065563e-07,0.77172,0.0020471943014856884,50000,1.0430821185126582
91,3,1.0,fit,1235,sim,clean,optimum,0.00014104037720950104,0.0001455139921284403,8.004925347472368e-07,0.45208,0.003014183469391475,50000,1.0317186823195614
83,29,40.0,fit,1268,sim,clean,optimum,5.286789306522355e-05,5.7077433180472316e-05,5.293697277308262e-07,0.78508,0.001993294644560744,50000,1.0796237540628943
83,21,10.0,fit,1274,sim,clean,optimum,6.054454077078799e-05,6.264920196944639e-05,5.549622006399279e-07,0.7641,0.002089660825924098,50000,1.0347621960933904
83,15,5.0,fit,1276,sim,clean,optimum,7.42057595820962e-05,7.767544973303807e-05,6.108718867619817e-07,0.70752,0.0023001837781976915,50000,1.0467576933445881
83,25,26.0,fit,1270,sim,clean,optimum,5.77733777627131e-05,6.091233982073856e-05,5.439925980456878e-07,0.77064,0.0020483557626410375,50000,1.0543323270956704
91,1,0.6,fit,1236,sim,clean,optimum,0.00011268816608633165,0.0001221858619843277,7.778847202254486e-07,0.53992,0.002929055753825508,50000,1.0842829928629751
83,13,4.0,fit,1283,sim,clean,optimum,7.961347137239202e-05,8.247705029093375e-05,6.269539386356925e-07,0.68944,0.0023607393147049016,50000,1.0359685222761779
83,27,30.0,fit,1268,sim,clean,optimum,5.674351719980805e-05,6.058833801318144e-05,5.445182809920235e-07,0.77186,0.002050335175038039,50000,1.067757886770304
83,17,6.0,fit,1276,sim,clean,optimum,7.08719205072052e-05,7.405300329444863e-05,5.978059446140936e-07,0.72116,0.0022509851347067497,50000,1.0448849525238988
91,5,1.4,fit,1235,sim,clean,optimum,0.00014501116445230254,0.0001485627960225024,8.023165257228143e-07,0.4406,0.003021051545242602,50000,1.0244921250278496
83,19,8.0,fit,1277,sim,clean,optimum,6.197744857794712e-05,6.55174146920832e-05,5.646524855282704e-07,0.7533,0.0021261487321271944,50000,1.0571170029641344
91,3,1.0,fit,1236,sim,clean,optimum,0.00014104037720950104,0.0001456627142696141,8.059610362018803e-07,0.45152,0.0030347746254253466,50000,1.0327731473182822
83,23,20.0,fit,1272,sim,clean,optimum,5.812152032183378e-05,6.064676456864256e-05,5.429345379215364e-07,0.77164,0.0020443717313135667,50000,1.0434476633237715
83,29,40.0,fit,1269,sim,clean,optimum,5.286789306522355e-05,5.6753431372915196e-05,5.271473667101227e-07,0.7863,0.001984926541722983,50000,1.073495236568214
83,21,10.0,fit,1275,sim,clean,optimum,6.054454077078799e-05,6.380711006858496e-05,5.593956900620169e-07,0.75974,0.002106354736170247,50000,1.0538870929775246
83,15,5.0,fit,1277,sim,clean,optimum,7.42057595820962e-05,7.710711869355265e-05,6.085600661693012e-07,0.70966,0.0022914788232953243,50000,1.0390988398716758
83,25,26.0,fit,1271,sim,clean,optimum,5.77733777627131e-05,6.0306828245959665e-05,5.430427857297444e-07,0.77292,0.0020447793288112764,50000,1.0438515209142167
91,1,0.6,fit,1237,sim,clean,optimum,0.00011268816608633165,0.0001220849433885312,7.759397827233431e-07,0.5403,0.002921732264581855,50000,1.0833874365743124
91,7,1.8,fit,1234,sim,clean,optimum,0.0001425584755281829,0.00014620448778388992,8.048988476815179e-07,0.44948,0.0030307750489889907,50000,1.0255755558706592
83,17,6.0,fit,1277,sim,clean,optimum,7.08719205072052e-05,7.389365814319105e-05,5.967584092225221e-07,0.72176,0.0022470407333240756,50000,1.04263659873135
83,27,30.0,fit,1269,sim,clean,optimum,5.674351719980805e-05,6.007312202411518e-05,5.420409900223229e-07,0.7738,0.002041007156142645,50000,1.0586781537101897
91,5,1.4,fit,1236,sim,clean,optimum,0.00014501116445230254,0.00014834502431578368,8.014796464472923e-07,0.44142,0.0030179003507358956,50000,1.02299036681812
83,19,8.0,fit,1278,sim,clean,optimum,6.197744857794712e-05,6.576705542905343e-05,5.667874860070455e-07,0.75236,0.0021341878866113755,50000,1.0611449315526476
91,3,1.0,fit,1237,sim,clean,optimum,0.00014104037720950104,0.00014581143641078783,7.873056783463714e-07,0.45096,0.0029645295340311926,50000,1.0338276123170025
83,23,20.0,fit,1273,sim,clean,optimum,5.812152032183378e-05,6.0200598145121276e-05,5.445001779266855e-07,0.77332,0.0020502670095550166,50000,1.0357712222903859
83,29,40.0,fit,1270,sim,clean,optimum,5.286789306522355e-05,5.654097117123839e-05,5.25963484742976e-07,0.7871,0.0019804687394322836,50000,1.069476536571702
83,21,10.0,fit,1276,sim,clean,optimum,6.054454077078799e-05,6.451885174420225e-05,5.622392193557225e-07,0.75706,0.002117061792913161,50000,1.0656427635393317
83,15,5.0,fit,1278,sim,clean,optimum,7.42057595820962e-05,7.681498591624705e-05,6.074951892979752e-07,0.71076,0.002287469124112431,50000,1.0351620460304591
91,1,0.6,fit,1238,sim,clean,optimum,0.00011268816608633165,0.0001217131380355968,7.774597914561952e-07,0.5417,0.002927455722324456,50000,1.080088018668713
91,7,1.8,fit,1235,sim,clean,optimum,0.0001425584755281829,0.0001451687443007155,7.994330118972629e-07,0.45338,0.0030101939302999673,50000,1.0183101619378399
83,25,26.0,fit,1272,sim,clean,optimum,5.77733777627131e-05,6.05245999526784e-05,5.434476370258055e-07,0.7721,0.0020463037603720706,50000,1.047620933663687
91,5,1.4,fit,1237,sim,clean,optimum,0.00014501116445230254,0.0001489824049208141,7.87302700285365e-07,0.43902,0.0029645183204072465,50000,1.0273857567002558
83,17,6.0,fit,1278,sim,clean,optimum,7.08719205072052e-05,7.355903332555007e-05,5.954410728884185e-07,0.72302,0.002242080420479762,50000,1.0379150557669972
83,27,30.0,fit,1270,sim,clean,optimum,5.674351719980805e-05,6.018466362999553e-05,5.421873147662736e-07,0.77338,0.002041558128956549,50000,1.0606438691149573
83,19,8.0,fit,1279,sim,clean,optimum,6.197744857794712e-05,6.479505000638207e-05,5.628392817940891e-07,0.75602,0.0021193212746744724,50000,1.0454617202399248
91,3,1.0,fit,1238,sim,clean,optimum,0.00014104037720950104,0.0001459070435015424,7.955843616528561e-07,0.4506,0.002995702179980493,50000,1.0345054826733229
83,29,40.0,fit,1271,sim,clean,optimum,5.286789306522355e-05,5.638693752502271e-05,5.265935657610161e-07,0.78768,0.0019828412534864635,50000,1.066562979074231
83,23,20.0,fit,1274,sim,clean,optimum,5.812152032183378e-05,6.0721125639229425e-05,5.430113964864414e-07,0.77136,0.002044661135406374,50000,1.044727070162669
83,21,10.0,fit,1277,sim,clean,optimum,6.054454077078799e-05,6.401957027026177e-05,5.580014705916837e-07,0.75894,0.0021011049267119874,50000,1.0573962483691088
83,15,5.0,fit,1279,sim,clean,optimum,7.42057595820962e-05,7.656003367423487e-05,6.077817808577193e-07,0.71172,0.0022885482591503623,50000,1.0317262986781244
91,1,0.6,fit,1239,sim,clean,optimum,0.00011268816608633165,0.00012060834498687744,7.754460438801148e-07,0.54586,0.0029198731348650175,50000,1.070284034034932
91,7,1.8,fit,1236,sim,clean,optimum,0.0001425584755281829,0.00014480756195786498,7.978075420948234e-07,0.45474,0.003004073368276169,50000,1.0157765886689596
83,25,26.0,fit,1273,sim,clean,optimum,5.77733777627131e-05,5.992971138798335e-05,5.43363532842957e-07,0.77434,0.002045987073549091,50000,1.0373240012748908
91,5,1.4,fit,1238,sim,clean,optimum,0.00014501116445230254,0.00014873276418384383,8.054596024058346e-07,0.43996,0.003032886521047818,50000,1.0256642289964193
83,17,6.0,fit,1279,sim,clean,optimum,7.08719205072052e-05,7.346342623479552e-05,5.977285756481499e-07,0.72338,0.00225069380874421,50000,1.0365660434914679
83,27,30.0,fit,1271,sim,clean,optimum,5.674351719980805e-05,5.9478233459420174e-05,5.384695268763982e-07,0.77604,0.0020275591291983508,50000,1.0481943382181
83,19,8.0,fit,1280,sim,clean,optimum,6.197744857794712e-05,6.406737381563904e-05,5.613397502662353e-07,0.75876,0.002113674922026705,50000,1.0337207369074493
91,3,1.0,fit,1239,sim,clean,optimum,0.00014104037720950104,0.00014495097259399682,8.086401478507035e-07,0.4542,0.0030448625821445016,50000,1.0277267791101197
83,29,40.0,fit,1272,sim,clean,optimum,5.286789306522355e-05,5.6339133979645436e-05,5.269612005702611e-07,0.78786,0.0019842255496749957,50000,1.0656587715750159
83,23,20.0,fit,1275,sim,clean,optimum,5.812152032183378e-05,6.136381774930177e-05,5.465158007041174e-07,0.76894,0.002057856657918424,50000,1.055784800698856
83,15,5.0,fit,1280,sim,clean,optimum,7.42057595820962e-05,7.558271674652159e-05,6.027594605073699e-07,0.7154,0.0022696371583956353,50000,1.0185559338275085
83,21,10.0,fit,1278,sim,clean,optimum,6.054454077078799e-05,6.446573669378303e-05,5.602578455675008e-07,0.75726,0.002109601106073615,50000,1.0647654746914352
91,1,0.6,fit,1240,sim,clean,optimum,0.00011268816608633165,0.00012182467964147712,7.689052503414732e-07,0.54128,0.002895244358324208,50000,1.0810778440403928
91,7,1.8,fit,1237,sim,clean,optimum,0.0001425584755281829,0.00014574769835028477,8.005329936825875e-07,0.4512,0.003014335813915414,50000,1.0223713308541336
91,5,1.4,fit,1239,sim,clean,optimum,0.00014501116445230254,0.00014743144544857343,8.017602876955725e-07,0.44486,0.0030189570804050395,50000,1.0166903079870584
83,25,26.0,fit,1274,sim,clean,optimum,5.77733777627131e-05,6.014217158966016e-05,5.415351528208293e-07,0.77354,0.0020391024711334,50000,1.0410014771280325
83,17,6.0,fit,1280,sim,clean,optimum,7.08719205072052e-05,7.241705974153729e-05,5.916307824530916e-07,0.72732,0.0022277331106108837,50000,1.0218018535870634
83,19,8.0,fit,1281,sim,clean,optimum,6.197744857794712e-05,6.55705297425024e-05,5.666270859249827e-07,0.7531,0.0021335839143632206,50000,1.0579740090467966
91,3,1.0,fit,1240,sim,clean,optimum,0.00014104037720950104,0.00014560428771415296,8.030197346286033e-07,0.45174,0.0030236994158564447,50000,1.0323588932116416
83,27,30.0,fit,1272,sim,clean,optimum,5.674351719980805e-05,5.9223281217407995e-05,5.373867841148483e-07,0.777,0.0020234821575942402,50000,1.0437012744357752
91,1,0.6,fit,1241,sim,clean,optimum,0.00011268816608633165,0.00012213274693390847,7.821594277889356e-07,0.54012,0.0029451517851000705,50000,1.0838116474478894
83,15,5.0,fit,1281,sim,clean,optimum,7.42057595820962e-05,7.734082491539713e-05,6.110054708414963e-07,0.70878,0.002300686777172409,50000,1.0422482749446491
83,29,40.0,fit,1273,sim,clean,optimum,5.286789306522355e-05,5.5622080798986226e-05,5.237265127249147e-07,0.79056,0.001972045620183007,50000,1.0520956590867885
83,21,10.0,fit,1279,sim,clean,optimum,6.054454077078799e-05,6.327595956439297e-05,5.585827528884944e-07,0.76174,0.0021032936935199754,50000,1.0451142044985642
91,7,1.8,fit,1238,sim,clean,optimum,0.0001425584755281829,0.00014548212309818882,7.929556500014207e-07,0.4522,0.0029858039999705378,50000,1.0205084093328982
83,23,20.0,fit,1276,sim,clean,optimum,5.812152032183378e-05,6.16984425669427e-05,5.495998485486997e-07,0.76768,0.002069469365880638,50000,1.0615421314738946
91,5,1.4,fit,1240,sim,clean,optimum,0.00014501116445230254,0.0001484512544166221,8.082051480164289e-07,0.44102,0.0030432246289435107,50000,1.023722931798476
83,17,6.0,fit,1281,sim,clean,optimum,7.08719205072052e-05,7.402644576923904e-05,6.003346957271627e-07,0.72126,0.0022605069221967792,50000,1.0445102268918074
83,25,26.0,fit,1275,sim,clean,optimum,5.77733777627131e-05,6.116729206275071e-05,5.460083657301767e-07,0.76968,0.0020559459566390843,50000,1.05874529811944
91,3,1.0,fit,1241,sim,clean,optimum,0.00014104037720950104,0.00014595484704691967,8.051845783424926e-07,0.45042,0.003031850942389146,50000,1.034844417851483
83,19,8.0,fit,1282,sim,clean,optimum,6.197744857794712e-05,6.521465890469376e-05,5.640004503722481e-07,0.75444,0.0021236935517183414,50000,1.0522320682929582
83,27,30.0,fit,1273,sim,clean,optimum,5.674351719980805e-05,5.8915213924976645e-05,5.379829762991906e-07,0.77816,0.00202572706625812,50000,1.0382721556988002
91,1,0.6,fit,1242,sim,clean,optimum,0.00011268816608633165,0.0001209960848549376,7.844687736674659e-07,0.5444,0.002953847421686327,50000,1.073724855565057
83,15,5.0,fit,1282,sim,clean,optimum,7.42057595820962e-05,7.665564076498944e-05,6.062957637130097e-07,0.71136,0.0022829527937107867,50000,1.03301470393525
91,7,1.8,fit,1239,sim,clean,optimum,0.0001425584755281829,0.00014474382389736192,7.926115266111165e-07,0.45498,0.0029845082339396735,50000,1.015329487503863
83,21,10.0,fit,1280,sim,clean,optimum,6.054454077078799e-05,6.27501205652429e-05,5.55469008943544e-07,0.76372,0.002091569167532046,50000,1.0364290449043934
83,29,40.0,fit,1274,sim,clean,optimum,5.286789306522355e-05,5.588234454604033e-05,5.246964788788573e-07,0.78958,0.0019756979414979163,50000,1.0570185665825158
83,23,20.0,fit,1277,sim,clean,optimum,5.812152032183378e-05,6.170375407198464e-05,5.472539341170228e-07,0.76766,0.0020606360336587453,50000,1.0616335176766731
91,5,1.4,fit,1241,sim,clean,optimum,0.00014501116445230254,0.0001482759747502387,8.103004298918162e-07,0.44168,0.003051114226557937,50000,1.0225141995808884
83,17,6.0,fit,1282,sim,clean,optimum,7.08719205072052e-05,7.350591827513088e-05,5.946935598970011e-07,0.72322,0.0022392657267704735,50000,1.0371656045028144
91,3,1.0,fit,1242,sim,clean,optimum,0.00014104037720950104,0.00014617261875363838,7.997508320405055e-07,0.4496,0.003011390653792591,50000,1.0363884558853238
83,19,8.0,fit,1283,sim,clean,optimum,6.197744857794712e-05,6.555459522737663e-05,5.659024887210988e-07,0.75316,0.002130855508014492,50000,1.0577169072219976
83,25,26.0,fit,1276,sim,clean,optimum,5.77733777627131e-05,6.134788323417599e-05,5.48055696895787e-07,0.769,0.0020636550001190477,50000,1.0618711525946103
83,27,30.0,fit,1274,sim,clean,optimum,5.674351719980805e-05,5.923390422749184e-05,5.388843954714855e-07,0.77696,0.0020291212800080103,50000,1.0438884854267056
91,1,0.6,fit,1243,sim,clean,optimum,0.00011268816608633165,0.00012186186017677057,7.750847703948519e-07,0.54114,0.002918512791676367,50000,1.0814077858309528
83,15,5.0,fit,1283,sim,clean,optimum,7.42057595820962e-05,7.715492223892992e-05,6.077641783129295e-07,0.70948,0.0022884819783329634,50000,1.0397430425002385
91,7,1.8,fit,1240,sim,clean,optimum,0.0001425584755281829,0.00014664534270236927,8.020180946442757e-07,0.44782,0.0030199278295492786,50000,1.02866800559591
83,21,10.0,fit,1281,sim,clean,optimum,6.054454077078799e-05,6.443917916857343e-05,5.610647054004813e-07,0.75736,0.0021126392650384004,50000,1.0643268302674873
83,29,40.0,fit,1275,sim,clean,optimum,5.286789306522355e-05,5.6769365888040946e-05,5.299359595369142e-07,0.78624,0.0019954267400840242,50000,1.073796639067952
91,5,1.4,fit,1242,sim,clean,optimum,0.00014501116445230254,0.00014875932170905346,7.979420039151509e-07,0.43986,0.003004579672305879,50000,1.0258473702415083
83,23,20.0,fit,1278,sim,clean,optimum,5.812152032183378e-05,6.19268372837453e-05,5.491980554080055e-07,0.76682,0.002067956449531983,50000,1.0654717381933663
83,17,6.0,fit,1283,sim,clean,optimum,7.08719205072052e-05,7.387241212302334e-05,5.946474133547506e-07,0.72184,0.002239091966068426,50000,1.0423368182256765
91,3,1.0,fit,1243,sim,clean,optimum,0.00014104037720950104,0.00014600265059229697,8.119711193721224e-07,0.45024,0.0030574050592583513,50000,1.0351833530296433
91,9,2.0,fit,1234,sim,clean,optimum,0.00014020674727345373,0.00014407457426208,8.079710930937959e-07,0.4575,0.0030423433159416937,50000,1.0275865966784223
83,25,26.0,fit,1277,sim,clean,optimum,5.77733777627131e-05,6.122571861821182e-05,5.459956299165648e-07,0.76946,0.0020558980010652447,50000,1.0597566039790538
91,1,0.6,fit,1244,sim,clean,optimum,0.00011268816608633165,0.00012172376104568063,7.744824722820306e-07,0.54166,0.002916244891681666,50000,1.08018228775173
83,27,30.0,fit,1275,sim,clean,optimum,5.674351719980805e-05,6.000407245857025e-05,5.427692358331231e-07,0.77406,0.002043749300996326,50000,1.057461282269144
91,7,1.8,fit,1241,sim,clean,optimum,0.0001425584755281829,0.00014547681159314687,7.935689653483606e-07,0.45222,0.002988113384380792,50000,1.0204711509024733
91,11,3.0,fit,1234,sim,clean,optimum,0.00013429217429879252,0.00013830096828151297,7.942414170526849e-07,0.47924,0.0029906454414870814,50000,1.029851285107657
83,21,10.0,fit,1282,sim,clean,optimum,6.054454077078799e-05,6.378586404841726e-05,5.578605146703711e-07,0.75982,0.002100574169722396,50000,1.0535361774383658
91,5,1.4,fit,1243,sim,clean,optimum,0.00014501116445230254,0.00014929578371828734,8.101040454858045e-07,0.43784,0.003050374758537247,50000,1.029546823392306
83,29,40.0,fit,1276,sim,clean,optimum,5.286789306522355e-05,5.686497297879551e-05,5.287415855804893e-07,0.78588,0.0019909294311405198,50000,1.0756050540663826
83,23,20.0,fit,1279,sim,clean,optimum,5.812152032183378e-05,6.090171681065471e-05,5.457214780165585e-07,0.77068,0.0020548657064600713,50000,1.0478342010571347
91,3,1.0,fit,1244,sim,clean,optimum,0.00014104037720950104,0.00014526966289651197,8.102344925049591e-07,0.453,0.003050865945190089,50000,1.0299863469645203
91,13,4.0,fit,1234,sim,clean,optimum,0.00013395329596541046,0.00013901802146217216,8.011462118741674e-07,0.47654,0.0030166448324957986,50000,1.0378096370101226
91,9,2.0,fit,1235,sim,clean,optimum,0.00014020674727345373,0.00014324066797049857,7.938254282388627e-07,0.46064,0.0029890790725933722,50000,1.0216389065151592
83,25,26.0,fit,1278,sim,clean,optimum,5.77733777627131e-05,6.15072283854336e-05,5.480470759140496e-07,0.7684,0.00206362253857879,50000,1.0646292594844666
91,1,0.6,fit,1245,sim,clean,optimum,0.00011268816608633165,0.00012327472051792127,7.928667777944406e-07,0.53582,0.002985469359576605,50000,1.0939455738722303
91,7,1.8,fit,1242,sim,clean,optimum,0.0001425584755281829,0.00014584861694608126,8.050600061673135e-07,0.45082,0.0030313818769389734,50000,1.0230792410322032
83,27,30.0,fit,1276,sim,clean,optimum,5.674351719980805e-05,6.0476796407301125e-05,5.450044975211185e-07,0.77228,0.0020521659801498015,50000,1.0657921713655372
91,11,3.0,fit,1235,sim,clean,optimum,0.00013429217429879252,0.00013768483369665024,7.860299642117769e-07,0.48156,0.0029597259458785836,50000,1.0252632695506831
91,5,1.4,fit,1244,sim,clean,optimum,0.00014501116445230254,0.0001483503358208256,8.067861343507184e-07,0.4414,0.0030378814591469606,50000,1.0230269950671378
83,21,10.0,fit,1283,sim,clean,optimum,6.054454077078799e-05,6.390802866438143e-05,5.565632075295297e-07,0.75936,0.002095689275024555,50000,1.0555539417885267
83,29,40.0,fit,1277,sim,clean,optimum,5.286789306522355e-05,5.674811986787327e-05,5.295735019466115e-07,0.78632,0.001994061938253123,50000,1.073394769068301
91,3,1.0,fit,1245,sim,clean,optimum,0.00014104037720950104,0.00014515280978558975,8.027638609632518e-07,0.45344,0.003022735946318783,50000,1.0291578387512401
83,23,20.0,fit,1280,sim,clean,optimum,5.812152032183378e-05,6.0540534467804175e-05,5.44833626966015e-07,0.77204,0.0020515225822663207,50000,1.041619939268204
91,13,4.0,fit,1235,sim,clean,optimum,0.00013395329596541046,0.00013808850807983615,7.914419984596259e-07,0.48004,0.0029801044796656574,50000,1.0308705514457328
91,9,2.0,fit,1236,sim,clean,optimum,0.00014020674727345373,0.00014362309633351677,7.945620451434507e-07,0.4592,0.002991852738056454,50000,1.0243665096473562
91,1,0.6,fit,1246,sim,clean,optimum,0.00011268816608633165,0.00012228678058012415,7.824335724257894e-07,0.53954,0.002946184052356489,50000,1.0851785491516377
83,25,26.0,fit,1279,sim,clean,optimum,5.77733777627131e-05,6.066269908376831e-05,5.446818818625736e-07,0.77158,0.002050951199570668,50000,1.0500112929682288
91,7,1.8,fit,1243,sim,clean,optimum,0.0001425584755281829,0.00014626291433935103,8.021013917379119e-07,0.44926,0.0030202414773495864,50000,1.025985398605331
91,5,1.4,fit,1245,sim,clean,optimum,0.00014501116445230254,0.0001481697446494003,7.949998250088042e-07,0.44208,0.0029935011592173055,50000,1.0217816346005324
83,27,30.0,fit,1277,sim,clean,optimum,5.674351719980805e-05,6.0237778680414723e-05,5.423813128615833e-07,0.77318,0.002042288611536453,50000,1.061579924069608
91,11,3.0,fit,1236,sim,clean,optimum,0.00013429217429879252,0.00013796103195883006,7.781093874309389e-07,0.48052,0.0029299017182130675,50000,1.0273199661796715
91,15,5.0,fit,1234,sim,clean,optimum,0.00013496817388899626,0.00014000064989492739,7.988103975892932e-07,0.47284,0.0030078495314787073,50000,1.0372863902720508
83,29,40.0,fit,1278,sim,clean,optimum,5.286789306522355e-05,5.718897478635263e-05,5.304443473635701e-07,0.78466,0.0019973410292455467,50000,1.081733571561063
91,3,1.0,fit,1246,sim,clean,optimum,0.00014104037720950104,0.0001467781303284173,7.975773714897131e-07,0.44732,0.003003206681326637,50000,1.040681634808686
83,23,20.0,fit,1281,sim,clean,optimum,5.812152032183378e-05,6.21180514652544e-05,5.513377460943336e-07,0.7661,0.002076013264575708,50000,1.0687616414933885
91,13,4.0,fit,1236,sim,clean,optimum,0.00013395329596541046,0.00013851342848318976,7.880596824304727e-07,0.47844,0.002967368669372873,50000,1.0340427048465968
91,9,2.0,fit,1237,sim,clean,optimum,0.00014020674727345373,0.00014455792122089473,7.956163858302272e-07,0.45568,0.0029958227641731774,50000,1.031033983970505
91,1,0.6,fit,1247,sim,clean,optimum,0.00011268816608633165,0.00012261078238768127,7.828089510858557e-07,0.53832,0.0029475975073267983,50000,1.0880537561836598
91,7,1.8,fit,1244,sim,clean,optimum,0.0001425584755281829,0.0001451953018259251,7.942588666149497e-07,0.45328,0.0029907111462623838,50000,1.0184964540899635
83,25,26.0,fit,1280,sim,clean,optimum,5.77733777627131e-05,6.032276276108544e-05,5.440189649457417e-07,0.77286,0.0020484550448589614,50000,1.0441273316032027
91,5,1.4,fit,1246,sim,clean,optimum,0.00014501116445230254,0.00014918424211240704,7.939669337817309e-07,0.43826,0.002989611899134066,50000,1.028777630162932
91,11,3.0,fit,1237,sim,clean,optimum,0.00013429217429879252,0.00013806726205966847,7.856818555107134e-07,0.48012,0.0029584151735143815,50000,1.028111003344667
83,27,30.0,fit,1278,sim,clean,optimum,5.674351719980805e-05,6.041836985184001e-05,5.425563489263113e-07,0.7725,0.002042947694276078,50000,1.0647625109154213
91,15,5.0,fit,1235,sim,clean,optimum,0.00013496817388899626,0.00013944825337056766,7.944230262636402e-07,0.47492,0.00299132927482442,50000,1.0331935992944234
91,3,1.0,fit,1247,sim,clean,optimum,0.00014104037720950104,0.00014582737092591359,8.077335445985767e-07,0.4509,0.0030414488482029102,50000,1.0339405907097226
83,29,40.0,fit,1279,sim,clean,optimum,5.286789306522355e-05,5.627008441410047e-05,5.255453784638351e-07,0.78812,0.001978894397411176,50000,1.0643526940761494
83,23,20.0,fit,1282,sim,clean,optimum,5.812152032183378e-05,6.165595052660737e-05,5.453600592772476e-07,0.76784,0.0020535048163302172,50000,1.0608110418516676
91,13,4.0,fit,1237,sim,clean,optimum,0.00013395329596541046,0.00013898084092687872,7.910167252713559e-07,0.47668,0.0029785031512854204,50000,1.037532073587547
91,9,2.0,fit,1238,sim,clean,optimum,0.00014020674727345373,0.00014359653880830717,7.968512402314106e-07,0.4593,0.0030004724986323846,50000,1.024177092763176
91,1,0.6,fit,1248,sim,clean,optimum,0.00011268816608633165,0.00012194684425744129,7.868773909307538e-07,0.54082,0.0029629168558458667,50000,1.0821619384950898
91,7,1.8,fit,1245,sim,clean,optimum,0.0001425584755281829,0.00014562553373432066,7.952825003882284e-07,0.45166,0.002994565548226422,50000,1.0215143869543655
83,25,26.0,fit,1281,sim,clean,optimum,5.77733777627131e-05,6.191090276861951e-05,5.511275820605454e-07,0.76688,0.0020752219105917447,50000,1.0716164636054353
91,5,1.4,fit,1247,sim,clean,optimum,0.00014501116445230254,0.00014956135897038335,7.975431128336883e-07,0.43684,0.0030030776834032444,50000,1.031378235843196
91,11,3.0,fit,1238,sim,clean,optimum,0.00013429217429879252,0.00013833814881680637,7.765210160504537e-07,0.4791,0.002923920846998791,50000,1.0301281481154054
83,27,30.0,fit,1279,sim,clean,optimum,5.674351719980805e-05,5.9648201620761606e-05,5.405178263906427e-07,0.7754,0.002035271818909002,50000,1.051189714072983
91,3,1.0,fit,1248,sim,clean,optimum,0.00014104037720950104,0.00014616730724859646,7.970410250547257e-07,0.44962,0.0030011871165111868,50000,1.0363507964210836
83,29,40.0,fit,1280,sim,clean,optimum,5.286789306522355e-05,5.581860648553729e-05,5.24014593085453e-07,0.78982,0.001973130361167962,50000,1.0558129565835623
91,15,5.0,fit,1236,sim,clean,optimum,0.00013496817388899626,0.00013968195959241216,7.868585564505524e-07,0.47404,0.002962845936285205,50000,1.0349251647080349
91,1,0.6,fit,1249,sim,clean,optimum,0.00011268816608633165,0.00012058178746166783,7.770224297717357e-07,0.54596,0.0029258088757865815,50000,1.070048361327389
83,23,20.0,fit,1283,sim,clean,optimum,5.812152032183378e-05,6.12682106585472e-05,5.450666815622801e-07,0.7693,0.002052400128628136,50000,1.0541398490488445
91,13,4.0,fit,1238,sim,clean,optimum,0.00013395329596541046,0.00013894897189662718,7.838034311464704e-07,0.4768,0.0029513421335777986,50000,1.0372941620824823
91,9,2.0,fit,1239,sim,clean,optimum,0.00014020674727345373,0.00014315037238478594,7.989221860529632e-07,0.46098,0.003008270460999767,50000,1.0209948891089462
91,7,1.8,fit,1246,sim,clean,optimum,0.0001425584755281829,0.0001460398311275904,7.94605872960692e-07,0.4501,0.0029920177678056325,50000,1.024420544527493
91,5,1.4,fit,1248,sim,clean,optimum,0.00014501116445230254,0.00014860528806283778,7.978276188863928e-07,0.44044,0.003004148965649836,50000,1.0247851510199921
83,25,26.0,fit,1282,sim,clean,optimum,5.77733777627131e-05,6.132663721400833e-05,5.447671609177541e-07,0.76908,0.0020512723102709585,50000,1.0615034050092964
91,3,1.0,fit,1249,sim,clean,optimum,0.00014104037720950104,0.0001446588398166912,8.094975246603859e-07,0.4553,0.003048090958293694,50000,1.0256555085769183
91,11,3.0,fit,1239,sim,clean,optimum,0.00013429217429879252,0.00013733427436388352,7.875401134285959e-07,0.48288,0.002965412278490152,50000,1.022652846906198
83,27,30.0,fit,1280,sim,clean,optimum,5.674351719980805e-05,5.9276396267827186e-05,5.376250471766805e-07,0.7768,0.0020243793159700745,50000,1.044637329390426
83,29,40.0,fit,1281,sim,clean,optimum,5.286789306522355e-05,5.7077433180472316e-05,5.296130135468334e-07,0.78508,0.001994210715670861,50000,1.0796237540628943
91,15,5.0,fit,1237,sim,clean,optimum,0.00013496817388899626,0.0001402024870865203,7.969932705871616e-07,0.47208,0.003001007301309329,50000,1.0387818331292604
91,1,0.6,fit,1250,sim,clean,optimum,0.00011268816608633165,0.00012230271509524994,7.74669507199606e-07,0.53948,0.002916949155034893,50000,1.0853199527761634
91,7,1.8,fit,1247,sim,clean,optimum,0.0001425584755281829,0.00014589110898641661,8.079025436645423e-07,0.45066,0.003042085199160433,50000,1.0233773084756008
91,13,4.0,fit,1239,sim,clean,optimum,0.00013395329596541046,0.00013857716654369282,7.953098845576086e-07,0.4782,0.0029946686608815507,50000,1.0345185278567266
91,17,6.0,fit,1234,sim,clean,optimum,0.00013800666580655155,0.00014281043606210304,8.017648964922451e-07,0.46226,0.003018974434419151,50000,1.0348082480471275
91,9,2.0,fit,1240,sim,clean,optimum,0.00014020674727345373,0.00014456854423097854,8.038598573236084e-07,0.45564,0.0030268628231708487,50000,1.0311097507241769
91,5,1.4,fit,1249,sim,clean,optimum,0.00014501116445230254,0.0001481644331443584,8.038354362788766e-07,0.4421,0.0030267708678981377,50000,1.0217450063515148
91,3,1.0,fit,1250,sim,clean,optimum,0.00014104037720950104,0.0001467037692578304,7.975456491095536e-07,0.4476,0.0030030872335245202,50000,1.0401544023093257
83,25,26.0,fit,1283,sim,clean,optimum,5.77733777627131e-05,6.1007946911493125e-05,5.441097992274245e-07,0.77028,0.002048797073270743,50000,1.0559871912295842
91,11,3.0,fit,1240,sim,clean,optimum,0.00013429217429879252,0.00013905520199746562,7.898503528903208e-07,0.4764,0.0029741112797844814,50000,1.0354676489791255
83,27,30.0,fit,1281,sim,clean,optimum,5.674351719980805e-05,6.089640530561278e-05,5.454786740610443e-07,0.7707,0.0020539514497527993,50000,1.073187005507279
91,1,0.6,fit,1251,sim,clean,optimum,0.00011268816608633165,0.00012199464780281855,7.80176711723461e-07,0.54064,0.002937686044034868,50000,1.0825861493686666
83,29,40.0,fit,1282,sim,clean,optimum,5.286789306522355e-05,5.6976514584675826e-05,5.281654392019012e-07,0.78546,0.0019887600031759747,50000,1.0777148715645513
91,15,5.0,fit,1238,sim,clean,optimum,0.00013496817388899626,0.0001405158658839936,7.921693023723002e-07,0.4709,0.0029828430778856886,50000,1.0411037049338758
91,7,1.8,fit,1248,sim,clean,optimum,0.0001425584755281829,0.00014587517447129088,7.985812825026214e-07,0.45072,0.0030069868189900118,50000,1.0232655331843268
91,13,4.0,fit,1240,sim,clean,optimum,0.00013395329596541046,0.00013972976313778946,7.932368219331393e-07,0.47386,0.0029868627278809867,50000,1.0431229939565698
91,5,1.4,fit,1250,sim,clean,optimum,0.00014501116445230254,0.00014792010391243007,7.863096233430038e-07,0.44302,0.0029607789774732814,50000,1.020060106896696
91,9,2.0,fit,1241,sim,clean,optimum,0.00014020674727345373,0.00014368683439401983,7.986103036113702e-07,0.45896,0.003007096095394796,50000,1.0248211101693891
91,17,6.0,fit,1235,sim,clean,optimum,0.00013800666580655155,0.0001433575210814208,7.94489657028332e-07,0.4602,0.002991580167044858,50000,1.0387724407628958
91,3,1.0,fit,1251,sim,clean,optimum,0.00014104037720950104,0.00014577425587549437,8.041555706607469e-07,0.4511,0.0030279763054505593,50000,1.0335639960673222
91,19,8.0,fit,1234,sim,clean,optimum,0.00014020375549444547,0.00014688436042925568,8.001152875808237e-07,0.44692,0.0030127629787266414,50000,1.0476492581190158
91,11,3.0,fit,1241,sim,clean,optimum,0.00013429217429879252,0.00013845500192772865,7.859274959179288e-07,0.47866,0.002959340110628351,50000,1.0309982889969007
83,27,30.0,fit,1282,sim,clean,optimum,5.674351719980805e-05,6.053522296276225e-05,5.420112014562922e-07,0.77206,0.0020408949899456985,50000,1.0668218318156533
91,1,0.6,fit,1252,sim,clean,optimum,0.00011268816608633165,0.00012186186017677057,7.86766296149133e-07,0.54114,0.00296249853832289,50000,1.0814077858309528
83,29,40.0,fit,1283,sim,clean,optimum,5.286789306522355e-05,5.654097117123839e-05,5.283080262661567e-07,0.7871,0.0019892969020892963,50000,1.069476536571702
91,15,5.0,fit,1239,sim,clean,optimum,0.00013496817388899626,0.00014041494728819713,7.979284935026835e-07,0.47128,0.003004528800048917,50000,1.040355983505271
91,7,1.8,fit,1249,sim,clean,optimum,0.0001425584755281829,0.00014520592483600897,7.911036539950518e-07,0.45324,0.0029788304736658375,50000,1.018570970950813
91,13,4.0,fit,1241,sim,clean,optimum,0.00013395329596541046,0.00013876306922015999,7.880931280471492e-07,0.4775,0.002967494605868885,50000,1.0359063449696042
91,9,2.0,fit,1242,sim,clean,optimum,0.00014020674727345373,0.00014438795305955326,8.030440513728304e-07,0.45632,0.003023790978394879,50000,1.0298217159117504
91,5,1.4,fit,1251,sim,clean,optimum,0.00014501116445230254,0.00014912050405190398,8.051864702754134e-07,0.4385,0.003031858066294351,50000,1.0283380911747184
91,17,6.0,fit,1236,sim,clean,optimum,0.00013800666580655155,0.000143676211383936,7.995820818758177e-07,0.459,0.0030107552400507,50000,1.0410816792381001
91,3,1.0,fit,1252,sim,clean,optimum,0.00014104037720950104,0.00014709682063093245,7.990188992179179e-07,0.44612,0.0030086346258238286,50000,1.0429412026630869
91,11,3.0,fit,1242,sim,clean,optimum,0.00013429217429879252,0.00013892241437141759,8.005573757301205e-07,0.4769,0.0030144276223476405,50000,1.0344788525228807
91,19,8.0,fit,1235,sim,clean,optimum,0.00014020375549444547,0.00014804758003343619,8.167947409400822e-07,0.44254,0.0030755679774139033,50000,1.0559458946825533
91,15,5.0,fit,1240,sim,clean,optimum,0.00013496817388899626,0.00014105763939826943,8.031145875473211e-07,0.46886,0.0030240565760886926,50000,1.045117788392702
91,1,0.6,fit,1253,sim,clean,optimum,0.00011268816608633165,0.00012240894519608832,7.844070870188581e-07,0.53908,0.0029536151460954315,50000,1.0862626436063347
83,27,30.0,fit,1283,sim,clean,optimum,5.674351719980805e-05,6.02324671753728e-05,5.395641942705824e-07,0.7732,0.0020316810019464504,50000,1.0614863185741428
91,21,10.0,fit,1234,sim,clean,optimum,0.00014375094482051937,0.0001515425503510195,8.10442239331025e-07,0.42938,0.003051648197393283,50000,1.0542021170033238
91,7,1.8,fit,1250,sim,clean,optimum,0.0001425584755281829,0.00014576894437045248,7.958911576816269e-07,0.45112,0.002996857393150204,50000,1.0225203645758325
91,13,4.0,fit,1242,sim,clean,optimum,0.00013395329596541046,0.00013959697551174142,7.976663025986317e-07,0.47436,0.003003541543510582,50000,1.0421316960187996
91,9,2.0,fit,1243,sim,clean,optimum,0.00014020674727345373,0.0001439949016864512,7.978965353598463e-07,0.4578,0.0030044084645033985,50000,1.0270183460258813
91,5,1.4,fit,1252,sim,clean,optimum,0.00014501116445230254,0.00015001814840398848,8.109744182001504e-07,0.43512,0.0030536520696100096,50000,1.0345282652587267
91,17,6.0,fit,1237,sim,clean,optimum,0.00013800666580655155,0.00014403739372678654,7.967199968692404e-07,0.45764,0.0029999783134207194,50000,1.0436988161766654
91,3,1.0,fit,1253,sim,clean,optimum,0.00014104037720950104,0.00014619386477380609,8.031175085177954e-07,0.44952,0.003024067574743316,50000,1.036539093742284
91,11,3.0,fit,1243,sim,clean,optimum,0.00013429217429879252,0.00013877369223024382,7.858033015195793e-07,0.47746,0.0029588724676632427,50000,1.033371400491887
91,19,8.0,fit,1236,sim,clean,optimum,0.00014020375549444547,0.00014913112706198782,8.160811680508034e-07,0.43846,0.0030728810821416706,50000,1.063674268467766
91,1,0.6,fit,1254,sim,clean,optimum,0.00011268816608633165,0.00012334908158850814,7.777348273095103e-07,0.53554,0.0029284913453772234,50000,1.0946054574533501
91,15,5.0,fit,1241,sim,clean,optimum,0.00013496817388899626,0.00014021311009660415,7.888682805405149e-07,0.47204,0.0029704133736653867,50000,1.0388605406480609
91,23,20.0,fit,1234,sim,clean,optimum,0.00014607256533094302,0.00015686998990806526,8.306240507845253e-07,0.40932,0.0031276410140967195,50000,1.073918223813346
91,7,1.8,fit,1251,sim,clean,optimum,0.0001425584755281829,0.00014687373741917182,7.95278616766519e-07,0.44696,0.0029945509247941604,50000,1.0302701181041727
91,21,10.0,fit,1235,sim,clean,optimum,0.00014375094482051937,0.00015253580179385855,8.398031139190953e-07,0.42564,0.0031622039602376946,50000,1.0611116468438349
91,13,4.0,fit,1243,sim,clean,optimum,0.00013395329596541046,0.00013936858079493887,7.973405201270179e-07,0.47522,0.0030023148385783915,50000,1.0404266635658352
91,9,2.0,fit,1244,sim,clean,optimum,0.00014020674727345373,0.00014340001312175617,7.946958930732564e-07,0.46004,0.0029923567305359844,50000,1.0227754078202413
91,5,1.4,fit,1253,sim,clean,optimum,0.00014501116445230254,0.00014912050405190398,8.0120470934488e-07,0.4385,0.0030168650995208734,50000,1.0283380911747184
91,3,1.0,fit,1254,sim,clean,optimum,0.00014104037720950104,0.0001466294081872435,7.861575431300505e-07,0.44788,0.0029602063329525552,50000,1.0396271698099653
91,17,6.0,fit,1238,sim,clean,optimum,0.00013800666580655155,0.00014473320088727808,8.094861616752176e-07,0.45502,0.003048048171983303,50000,1.0487406535141957
91,11,3.0,fit,1244,sim,clean,optimum,0.00013429217429879252,0.00013779106379748862,7.941938405433174e-07,0.48116,0.002990466296370991,50000,1.0260543067156787
91,1,0.6,fit,1255,sim,clean,optimum,0.00011268816608633165,0.000122031828338112,7.821998753594031e-07,0.5405,0.002945304086830553,50000,1.0829160911592266
91,15,5.0,fit,1242,sim,clean,optimum,0.00013496817388899626,0.0001411851155192755,8.095101428713514e-07,0.46838,0.0030481384710452242,50000,1.0460622786183085
91,19,8.0,fit,1237,sim,clean,optimum,0.00014020375549444547,0.00014912050405190398,8.14234339348118e-07,0.4385,0.0030659270128595754,50000,1.0635985000973227
91,7,1.8,fit,1252,sim,clean,optimum,0.0001425584755281829,0.00014697465601496833,7.961275875308741e-07,0.44658,0.002997747648727037,50000,1.0309780282822425
91,23,20.0,fit,1235,sim,clean,optimum,0.00014607256533094302,0.0001583147192794675,8.415677463865692e-07,0.40388,0.0031688485269040045,50000,1.0838087146671833
91,13,4.0,fit,1244,sim,clean,optimum,0.00013395329596541046,0.00013824785323109375,7.97303849731127e-07,0.47944,0.0030021767594629566,50000,1.0320601089710568
91,21,10.0,fit,1236,sim,clean,optimum,0.00014375094482051937,0.0001531306903585536,8.300020393461844e-07,0.4234,0.0031252988853274466,50000,1.0652499748766544
91,5,1.4,fit,1254,sim,clean,optimum,0.00014501116445230254,0.00014969414659643136,7.97853566633159e-07,0.43634,0.0030042466695833214,50000,1.032293942068641
91,9,2.0,fit,1245,sim,clean,optimum,0.00014020674727345373,0.00014368152288897793,7.915657155673583e-07,0.45898,0.0029805703254353823,50000,1.0247832267925532
91,3,1.0,fit,1255,sim,clean,optimum,0.00014104037720950104,0.00014598140457212927,8.015945259925222e-07,0.45032,0.003018332919449747,50000,1.035032715172683
91,17,6.0,fit,1239,sim,clean,optimum,0.00013800666580655155,0.00014383024503015167,7.994645775988364e-07,0.45842,0.0030103127881427987,50000,1.0421978111677823
91,11,3.0,fit,1245,sim,clean,optimum,0.00013429217429879252,0.00013781230981765633,7.835667243330755e-07,0.48108,0.002950450835117092,50000,1.0262125141486778
91,1,0.6,fit,1256,sim,clean,optimum,0.00011268816608633165,0.00012223897703474688,7.834175685450109e-07,0.53972,0.00294988920225828,50000,1.0847543382780607
91,15,5.0,fit,1243,sim,clean,optimum,0.00013496817388899626,0.00014044150481340673,7.97562218709046e-07,0.47118,0.0030031496248782387,50000,1.0405527523022722
91,19,8.0,fit,1238,sim,clean,optimum,0.00014020375549444547,0.00014929047221324542,8.171646121637034e-07,0.43786,0.003076960694621934,50000,1.064810794024415
91,7,1.8,fit,1253,sim,clean,optimum,0.0001425584755281829,0.0001465231780864051,8.000828093165196e-07,0.44828,0.0030126406847099823,50000,1.0278110616961418
91,5,1.4,fit,1255,sim,clean,optimum,0.00014501116445230254,0.0001489664704056883,8.04119890250707e-07,0.43908,0.0030278419540388283,50000,1.0272758719532022
91,23,20.0,fit,1236,sim,clean,optimum,0.00014607256533094302,0.00015856967152147968,8.385303722731638e-07,0.40292,0.0031574115647268683,50000,1.0855540954060958
91,13,4.0,fit,1245,sim,clean,optimum,0.00013395329596541046,0.00013833814881680637,7.926905237869377e-07,0.4791,0.0029848056907817466,50000,1.0327341915687402
91,21,10.0,fit,1237,sim,clean,optimum,0.00014375094482051937,0.00015373089042829054,8.198759151355091e-07,0.42114,0.0030871698649057137,50000,1.0694252522669097
91,9,2.0,fit,1246,sim,clean,optimum,0.00014020674727345373,0.00014448356015030786,8.045831187662309e-07,0.45596,0.0030295861998293075,50000,1.0305036166948
91,3,1.0,fit,1256,sim,clean,optimum,0.00014104037720950104,0.00014688967193429757,8.056857819786187e-07,0.4469,0.0030337381801199604,50000,1.0414724835577263
91,1,0.6,fit,1257,sim,clean,optimum,0.00011268816608633165,0.00012290291516498688,7.785910705779248e-07,0.53722,0.0029317154532775523,50000,1.090646155966631
91,17,6.0,fit,1240,sim,clean,optimum,0.00013800666580655155,0.0001441542468377088,8.073972328899174e-07,0.4572,0.003040182496364759,50000,1.0445455369509071
91,11,3.0,fit,1246,sim,clean,optimum,0.00013429217429879252,0.00013915080908822016,7.831720450796143e-07,0.47604,0.0029489647054783317,50000,1.0361795824276212
91,15,5.0,fit,1244,sim,clean,optimum,0.00013496817388899626,0.00013936326928989695,8.025844531000906e-07,0.47524,0.0030220604019608453,50000,1.0325639391440193
91,19,8.0,fit,1239,sim,clean,optimum,0.00014020375549444547,0.0001484246968914125,8.138130787280791e-07,0.44112,0.003064340793448263,50000,1.0586356718332892
91,7,1.8,fit,1254,sim,clean,optimum,0.0001425584755281829,0.000145933601026752,7.91846121059717e-07,0.4505,0.002981626167386564,50000,1.0236753759189987
91,5,1.4,fit,1256,sim,clean,optimum,0.00014501116445230254,0.00014920548813257472,7.965535113909431e-07,0.43818,0.0029993514271540837,50000,1.0289241431590035
91,13,4.0,fit,1246,sim,clean,optimum,0.00013395329596541046,0.00013939513832014847,7.864059198944671e-07,0.47512,0.0029611415735762816,50000,1.0406249231533893
91,23,20.0,fit,1237,sim,clean,optimum,0.00014607256533094302,0.00015868121312735998,8.237769904759819e-07,0.4025,0.003101859017263414,50000,1.0863176994793697
91,21,10.0,fit,1238,sim,clean,optimum,0.00014375094482051937,0.00015417174534676988,8.265435581519234e-07,0.41948,0.0031122762818771416,50000,1.0724920489340883
91,9,2.0,fit,1247,sim,clean,optimum,0.00014020674727345373,0.00014385680255536127,7.972073793857933e-07,0.45832,0.003001813508954589,50000,1.0260333782281434
91,3,1.0,fit,1257,sim,clean,optimum,0.00014104037720950104,0.00014637976745027328,8.011070874786717e-07,0.44882,0.0030164975130630317,50000,1.0378571749906846
91,1,0.6,fit,1258,sim,clean,optimum,0.00011268816608633165,0.0001226214053977651,7.90197528088742e-07,0.53828,0.0029754185371274797,50000,1.088148025266677
91,11,3.0,fit,1247,sim,clean,optimum,0.00013429217429879252,0.00013851342848318976,7.906520374603919e-07,0.47844,0.0029771299517569036,50000,1.0314333594376481
91,17,6.0,fit,1241,sim,clean,optimum,0.00013800666580655155,0.00014340001312175617,7.951157074005867e-07,0.46004,0.00299393750406069,50000,1.0390803392262562
91,15,5.0,fit,1245,sim,clean,optimum,0.00013496817388899626,0.00014031402869240064,8.013819871332093e-07,0.47166,0.0030175326232714118,50000,1.039608262076666
91,7,1.8,fit,1255,sim,clean,optimum,0.0001425584755281829,0.00014655504711665664,7.956559580655445e-07,0.44816,0.0029959717699069763,50000,1.02803461227869
91,19,8.0,fit,1240,sim,clean,optimum,0.00014020375549444547,0.00014870089515359232,8.125515736915977e-07,0.44008,0.003059590708391296,50000,1.060605649464814
91,5,1.4,fit,1257,sim,clean,optimum,0.00014501116445230254,0.00014957198198046716,7.880813384933264e-07,0.4368,0.0029674502133521506,50000,1.0314514923412312
91,13,4.0,fit,1247,sim,clean,optimum,0.00013395329596541046,0.00013920392413863935,7.971113923329353e-07,0.47584,0.0030014520782410702,50000,1.0391974541230005
91,23,20.0,fit,1238,sim,clean,optimum,0.00014607256533094302,0.0001590530184802944,8.376194855931605e-07,0.4011,0.003153981701918439,50000,1.088863046390284
91,9,2.0,fit,1248,sim,clean,optimum,0.00014020674727345373,0.0001429113546578995,7.910635925539257e-07,0.46188,0.00297867962587106,50000,1.0192901371513228
91,3,1.0,fit,1258,sim,clean,optimum,0.00014104037720950104,0.00014621511079397374,8.083352449629803e-07,0.44944,0.0030437144974290896,50000,1.0366897315992438
91,21,10.0,fit,1239,sim,clean,optimum,0.00014375094482051937,0.00015280668855099648,8.212183060203854e-07,0.42462,0.0030922245184334114,50000,1.0629960640730653
91,1,0.6,fit,1259,sim,clean,optimum,0.00011268816608633165,0.00012252048680196862,7.77237126747144e-07,0.53866,0.0029266172981592003,50000,1.0872524689780143
91,11,3.0,fit,1248,sim,clean,optimum,0.00013429217429879252,0.00013747768500001537,7.856036286645315e-07,0.48234,0.0029581206172800767,50000,1.023720747078942
91,17,6.0,fit,1242,sim,clean,optimum,0.00013800666580655155,0.0001446322822914816,8.07089566537714e-07,0.4554,0.0030390240060695402,50000,1.0480093946637141
91,7,1.8,fit,1256,sim,clean,optimum,0.0001425584755281829,0.00014688436042925568,7.962979597505991e-07,0.44692,0.002998389170172956,50000,1.0303446349650223
91,15,5.0,fit,1246,sim,clean,optimum,0.00013496817388899626,0.00014079737565121533,7.952517815241722e-07,0.46984,0.0029944498790749714,50000,1.0431894541820894
91,5,1.4,fit,1258,sim,clean,optimum,0.00014501116445230254,0.0001494338828493773,8.07378984717648e-07,0.43732,0.0030401137844944873,50000,1.0304991578667688
91,19,8.0,fit,1241,sim,clean,optimum,0.00014020375549444547,0.00014764390565025022,8.194855877470743e-07,0.44406,0.003085700121827794,50000,1.053066696605709
91,13,4.0,fit,1248,sim,clean,optimum,0.00013395329596541046,0.0001383912638672256,7.92619072722686e-07,0.4789,0.0029845366481518784,50000,1.0331307107438483
91,3,1.0,fit,1259,sim,clean,optimum,0.00014104037720950104,0.00014509438323012864,7.987890154890546e-07,0.45366,0.003007769019081299,50000,1.0287435846446
91,9,2.0,fit,1249,sim,clean,optimum,0.00014020674727345373,0.00014405332824191233,7.93158031496456e-07,0.45758,0.002986566049496757,50000,1.0274350631710782
91,23,20.0,fit,1239,sim,clean,optimum,0.00014607256533094302,0.00015856967152147968,8.397454978002005e-07,0.40292,0.003161987011864531,50000,1.0855540954060958
91,21,10.0,fit,1240,sim,clean,optimum,0.00014375094482051937,0.00015326878948964352,8.267416775861474e-07,0.42288,0.003113022282992307,50000,1.0662106581699875
91,1,0.6,fit,1260,sim,clean,optimum,0.00011268816608633165,0.00012291353817507072,7.78356397704915e-07,0.53718,0.002930831813438532,50000,1.090740425049648
91,11,3.0,fit,1249,sim,clean,optimum,0.00013429217429879252,0.00013793447443362047,7.950728260048447e-07,0.48062,0.002993776037977523,50000,1.0271222068884225
91,7,1.8,fit,1257,sim,clean,optimum,0.0001425584755281829,0.0001464488170158182,7.986680876208179e-07,0.44856,0.00300731367594491,50000,1.0272894436701956
91,15,5.0,fit,1247,sim,clean,optimum,0.00013496817388899626,0.00014064865351004163,8.011961531529137e-07,0.4704,0.003016832881940738,50000,1.0420875489188826
91,17,6.0,fit,1243,sim,clean,optimum,0.00013800666580655155,0.00014416486984779263,8.035563696828087e-07,0.45716,0.0030257200674418997,50000,1.0446225115667473
91,5,1.4,fit,1259,sim,clean,optimum,0.00014501116445230254,0.00014876463321409535,7.989559343081088e-07,0.43984,0.0030083975370540274,50000,1.025883998490526
91,19,8.0,fit,1242,sim,clean,optimum,0.00014020375549444547,0.00014901958545610752,8.154068672182579e-07,0.43888,0.0030703420623074667,50000,1.062878700578112
91,13,4.0,fit,1249,sim,clean,optimum,0.00013395329596541046,0.0001384231328974771,7.925482252880046e-07,0.47878,0.0029842698784354905,50000,1.0333686222489131
91,9,2.0,fit,1250,sim,clean,optimum,0.00014020674727345373,0.00014393116362594816,7.914444634410471e-07,0.45804,0.0029801137613340426,50000,1.0265637455038485
91,3,1.0,fit,1260,sim,clean,optimum,0.00014104037720950104,0.00014591235500658432,7.998403644553444e-07,0.45058,0.003011727780140518,50000,1.0345431421375628
91,23,20.0,fit,1240,sim,clean,optimum,0.00014607256533094302,0.00015893085386433026,8.366967346196447e-07,0.40156,0.003150507165167619,50000,1.0880267181195553
91,21,10.0,fit,1241,sim,clean,optimum,0.00014375094482051937,0.00015224366901655294,8.232430835420279e-07,0.42674,0.003099848638172214,50000,1.0590794321848611
91,1,0.6,fit,1261,sim,clean,optimum,0.00011268816608633165,0.00012269576646835198,7.72767037732524e-07,0.538,0.002909785575401373,50000,1.0888079088477969
91,11,3.0,fit,1250,sim,clean,optimum,0.00013429217429879252,0.00013809913108991999,7.895647260948531e-07,0.48,0.0029730357774806577,50000,1.0283483144941656
91,7,1.8,fit,1258,sim,clean,optimum,0.0001425584755281829,0.0001452218593511347,7.952406106963996e-07,0.45318,0.0029944078163161698,50000,1.0186827462420869
91,15,5.0,fit,1248,sim,clean,optimum,0.00013496817388899626,0.00013949074541090301,8.080498021393423e-07,0.47476,0.003042639687854834,50000,1.0335084293696255
91,17,6.0,fit,1244,sim,clean,optimum,0.00013800666580655155,0.000143277848505792,8.099084099393379e-07,0.4605,0.0030496381102805945,50000,1.0381951311440945
91,5,1.4,fit,1260,sim,clean,optimum,0.00014501116445230254,0.00014830253227544833,7.996255579634002e-07,0.44158,0.0030109189453931197,50000,1.0226973408259776
91,19,8.0,fit,1243,sim,clean,optimum,0.00014020375549444547,0.00014852030398216701,8.215285398009841e-07,0.44076,0.003093392676151987,50000,1.0593175871672782
91,13,4.0,fit,1250,sim,clean,optimum,0.00013395329596541046,0.00013838595236218367,7.925395084824006e-07,0.47892,0.0029842370560789824,50000,1.0330910588263376
91,3,1.0,fit,1261,sim,clean,optimum,0.00014104037720950104,0.0001463532099250637,8.005281401736154e-07,0.44892,0.003014317538458896,50000,1.0376688776694845
91,9,2.0,fit,1251,sim,clean,optimum,0.00014020674727345373,0.00014443044509988864,8.013050098992153e-07,0.45616,0.0030172427723407,50000,1.030124782926439
91,23,20.0,fit,1241,sim,clean,optimum,0.00014607256533094302,0.0001579163564013235,8.388818185572373e-07,0.40538,0.0031587349044631566,50000,1.0810815572626324
91,1,0.6,fit,1262,sim,clean,optimum,0.00011268816608633165,0.00012158566191459072,7.706816989822801e-07,0.54218,0.0029019334177406504,50000,1.0789567896725074
91,21,10.0,fit,1242,sim,clean,optimum,0.00014375094482051937,0.0001536830868829133,8.196873114372578e-07,0.42132,0.003086459694448328,50000,1.069092708049987
91,11,3.0,fit,1251,sim,clean,optimum,0.00013429217429879252,0.0001385559205235251,8.003096187065589e-07,0.47828,0.0030134947153030037,50000,1.0317497743036463
91,7,1.8,fit,1259,sim,clean,optimum,0.0001425584755281829,0.0001456467797544883,7.984515822140306e-07,0.45158,0.0030064984440847176,50000,1.021663420676064
91,15,5.0,fit,1249,sim,clean,optimum,0.00013496817388899626,0.0001391030055428429,7.941032029856378e-07,0.47622,0.0029901250087059537,50000,1.0306356049334067
91,5,1.4,fit,1261,sim,clean,optimum,0.00014501116445230254,0.00014830784378049025,7.970808105387874e-07,0.44156,0.003001336925214173,50000,1.0227339690749955
91,17,6.0,fit,1245,sim,clean,optimum,0.00013800666580655155,0.00014401614770661887,8.037054487700427e-07,0.45772,0.0030262814114905548,50000,1.0435448669449852
91,13,4.0,fit,1251,sim,clean,optimum,0.00013395329596541046,0.0001400696994604723,7.992228914515994e-07,0.47258,0.0030094027404432124,50000,1.0456607166772607
91,19,8.0,fit,1244,sim,clean,optimum,0.00014020375549444547,0.00014822817120486146,8.180620309750031e-07,0.44186,0.0030803398453681614,50000,1.0572339569800888
91,3,1.0,fit,1262,sim,clean,optimum,0.00014104037720950104,0.00014534402396709886,7.994710887373855e-07,0.45272,0.003010337305256113,50000,1.0305135794638807
91,9,2.0,fit,1252,sim,clean,optimum,0.00014020674727345373,0.00014531746644188927,7.969739559609967e-07,0.45282,0.00300093457380173,50000,1.036451306858063
91,1,0.6,fit,1263,sim,clean,optimum,0.00011268816608633165,0.00012191497522718976,7.794812798018897e-07,0.54094,0.00293506745696366,50000,1.0818791312460383
91,23,20.0,fit,1242,sim,clean,optimum,0.00014607256533094302,0.00015863872108702463,8.190639325898926e-07,0.40266,0.003084112416821948,50000,1.0860268026895512
91,21,10.0,fit,1243,sim,clean,optimum,0.00014375094482051937,0.00015365121785266176,8.341377270181308e-07,0.42144,0.003140871449560395,50000,1.0688710119053715
91,11,3.0,fit,1252,sim,clean,optimum,0.00013429217429879252,0.00013955979497644802,7.87452210285774e-07,0.4745,0.00296508128702115,50000,1.039225075512854
91,7,1.8,fit,1260,sim,clean,optimum,0.0001425584755281829,0.0001456467797544883,8.081139916876322e-07,0.45158,0.003042881387891955,50000,1.021663420676064
91,15,5.0,fit,1250,sim,clean,optimum,0.00013496817388899626,0.00013976163216804094,7.903793933927002e-07,0.47374,0.0029761033347602524,50000,1.0355154710990389
91,5,1.4,fit,1262,sim,clean,optimum,0.00014501116445230254,0.00014850968097208318,7.986821003493961e-07,0.4408,0.003007366439628527,50000,1.0241258425376716
91,17,6.0,fit,1246,sim,clean,optimum,0.00013800666580655155,0.00014369214589906175,7.87805741010719e-07,0.45894,0.0029664124755342165,50000,1.0411971411618604
91,13,4.0,fit,1252,sim,clean,optimum,0.00013395329596541046,0.00014013874902601726,7.99191297203939e-07,0.47232,0.0030092837751126288,50000,1.0461761916049008
91,3,1.0,fit,1263,sim,clean,optimum,0.00014104037720950104,0.00014560428771415296,7.990685852068416e-07,0.45174,0.0030088217139976384,50000,1.0323588932116416
91,19,8.0,fit,1245,sim,clean,optimum,0.00014020375549444547,0.00014841407388132863,8.062213356970879e-07,0.44116,0.0030357547600318403,50000,1.0585599034628457
91,9,2.0,fit,1253,sim,clean,optimum,0.00014020674727345373,0.0001435221777377203,7.885052906126606e-07,0.45958,0.002969046567364764,50000,1.0236467254874708
91,1,0.6,fit,1264,sim,clean,optimum,0.00011268816608633165,0.0001221593044591181,7.872192091835256e-07,0.54002,0.002964203942086298,50000,1.0840473201554324
91,23,20.0,fit,1243,sim,clean,optimum,0.00014607256533094302,0.00015903708396516864,8.354784007060603e-07,0.40116,0.003145919637135662,50000,1.0887539600941019
91,11,3.0,fit,1253,sim,clean,optimum,0.00013429217429879252,0.000138497493968064,7.907726810194781e-07,0.4785,0.0029775842243524634,50000,1.031314703862899
91,21,10.0,fit,1244,sim,clean,optimum,0.00014375094482051937,0.00015313600186359552,8.232680024320331e-07,0.42338,0.0030999424680370393,50000,1.0652869242340903
91,7,1.8,fit,1261,sim,clean,optimum,0.0001425584755281829,0.00014578487888557823,7.865010020211456e-07,0.45106,0.0029614995968707267,50000,1.0226321398671065
91,15,5.0,fit,1251,sim,clean,optimum,0.00013496817388899626,0.00014122760755961087,8.065413964672587e-07,0.46822,0.0030369599204059516,50000,1.0463771086935105
91,5,1.4,fit,1263,sim,clean,optimum,0.00014501116445230254,0.00014919486512249085,8.185114960787515e-07,0.43822,0.0030820322662552775,50000,1.0288508866609676
91,17,6.0,fit,1247,sim,clean,optimum,0.00013800666580655155,0.00014353280074780414,7.975868945804072e-07,0.45954,0.0030032425396779665,50000,1.040042521924258
91,13,4.0,fit,1253,sim,clean,optimum,0.00013395329596541046,0.0001387683807252019,7.890488081386517e-07,0.47748,0.002971093134285821,50000,1.035945996887115
91,3,1.0,fit,1264,sim,clean,optimum,0.00014104037720950104,0.00014603451962254846,8.023944653390882e-07,0.45012,0.003021345019938225,50000,1.0354093098150832
91,9,2.0,fit,1254,sim,clean,optimum,0.00014020674727345373,0.00014416486984779263,7.889236994899272e-07,0.45716,0.0029706220487922103,50000,1.0282306140846356
91,19,8.0,fit,1246,sim,clean,optimum,0.00014020375549444547,0.00014817505615444224,8.070786060595237e-07,0.44206,0.003038982735363389,50000,1.0568551151278724
91,1,0.6,fit,1265,sim,clean,optimum,0.00011268816608633165,0.00012314724439691519,7.817819115588111e-07,0.5363,0.002943730281299754,50000,1.0928143448760248
91,23,20.0,fit,1244,sim,clean,optimum,0.00014607256533094302,0.0001591008220256717,8.410289664873685e-07,0.40092,0.0031668197990954135,50000,1.08919030527883
91,11,3.0,fit,1254,sim,clean,optimum,0.00013429217429879252,0.00013773794874706943,7.795347064026891e-07,0.48136,0.002935268630078918,50000,1.025658788133181
91,21,10.0,fit,1245,sim,clean,optimum,0.00014375094482051937,0.00015347062668123645,8.22603841747921e-07,0.42212,0.003097441630030221,50000,1.067614733752551
91,7,1.8,fit,1262,sim,clean,optimum,0.0001425584755281829,0.00014698527902505217,7.922896950033229e-07,0.44654,0.002983296405633935,50000,1.031052545143092
91,5,1.4,fit,1264,sim,clean,optimum,0.00014501116445230254,0.00014900365094098176,7.993367472925526e-07,0.43894,0.0030098314544896253,50000,1.0275322696963272
91,15,5.0,fit,1252,sim,clean,optimum,0.00013496817388899626,0.0001418702996696832,8.027671307844159e-07,0.4658,0.003022748258539663,50000,1.051138913580942
91,3,1.0,fit,1265,sim,clean,optimum,0.00014104037720950104,0.0001458539284511232,7.926824646341383e-07,0.4508,0.0029847753447584035,50000,1.0341288880309227
91,17,6.0,fit,1248,sim,clean,optimum,0.00013800666580655155,0.00014364434235368447,7.983988970966109e-07,0.45912,0.0030063000629592025,50000,1.0408507553905797
91,13,4.0,fit,1254,sim,clean,optimum,0.00013395329596541046,0.00013882149577562112,7.87019040841359e-07,0.47728,0.002963450225990439,50000,1.036342516062223
91,9,2.0,fit,1255,sim,clean,optimum,0.00014020674727345373,0.00014429234596879871,7.925161538609391e-07,0.45668,0.002984149116328282,50000,1.0291398151287012
91,1,0.6,fit,1266,sim,clean,optimum,0.00011268816608633165,0.00012361996834564607,7.819462199816666e-07,0.53452,0.002944348970057681,50000,1.0970093190702868
91,19,8.0,fit,1247,sim,clean,optimum,0.00014020375549444547,0.00014809538357881343,8.091528764053076e-07,0.44236,0.0030467932159311873,50000,1.0562868523495479
91,23,20.0,fit,1245,sim,clean,optimum,0.00014607256533094302,0.00015771451920973056,8.262426140930203e-07,0.40614,0.00311114310377968,50000,1.0796997975109937
91,11,3.0,fit,1255,sim,clean,optimum,0.00013429217429879252,0.00013819473818067453,7.850052005507259e-07,0.47964,0.0029558672894225953,50000,1.0290602479426614
91,7,1.8,fit,1263,sim,clean,optimum,0.0001425584755281829,0.00014580612490574594,7.97147602975646e-07,0.45098,0.003001588426196781,50000,1.0227811735888057
91,21,10.0,fit,1246,sim,clean,optimum,0.00014375094482051937,0.00015280668855099648,8.187837941444811e-07,0.42462,0.003083057580412303,50000,1.0629960640730653
91,5,1.4,fit,1265,sim,clean,optimum,0.00014501116445230254,0.0001486212225779635,8.058401778060386e-07,0.44038,0.003034319543881084,50000,1.0248950357670454
91,15,5.0,fit,1253,sim,clean,optimum,0.00013496817388899626,0.0001399847153798016,7.941051058530767e-07,0.4729,0.0029901321737841146,50000,1.0371683289938498
91,3,1.0,fit,1266,sim,clean,optimum,0.00014104037720950104,0.00014724554277210624,8.074933821855484e-07,0.44556,0.003040544537989015,50000,1.0439956676618076
91,17,6.0,fit,1249,sim,clean,optimum,0.00013800666580655155,0.00014226335104278526,7.958846720323975e-07,0.46432,0.002996832972014657,50000,1.0308440553313594
91,13,4.0,fit,1255,sim,clean,optimum,0.00013395329596541046,0.00013899146393696256,7.83527790616656e-07,0.47664,0.002950304233669434,50000,1.0376113774225686
91,1,0.6,fit,1267,sim,clean,optimum,0.00011268816608633165,0.00012120854505661441,7.750857806797987e-07,0.5436,0.0029185165958145118,50000,1.0756102372253995
91,9,2.0,fit,1256,sim,clean,optimum,0.00014020674727345373,0.00014423923091837952,7.985272591237412e-07,0.45688,0.0030067833987599494,50000,1.0287609813603407
91,19,8.0,fit,1248,sim,clean,optimum,0.00014020375549444547,0.00014801039949814272,8.112807836027706e-07,0.44268,0.003054805661295237,50000,1.0556807053860018
91,23,20.0,fit,1246,sim,clean,optimum,0.00014607256533094302,0.0001578366838256947,8.347902769720011e-07,0.40568,0.003143328568394775,50000,1.0805361257817223
91,11,3.0,fit,1256,sim,clean,optimum,0.00013429217429879252,0.00013885336480587264,7.859909050875173e-07,0.47716,0.002959578872218853,50000,1.0339646783656338
91,7,1.8,fit,1264,sim,clean,optimum,0.0001425584755281829,0.00014636914444018942,7.935469538512679e-07,0.44886,0.002988030502045488,50000,1.026730567213825
91,21,10.0,fit,1247,sim,clean,optimum,0.00014375094482051937,0.00015245081771318784,8.173225566925116e-07,0.42596,0.0030775554207026273,50000,1.0605204571248608
91,5,1.4,fit,1266,sim,clean,optimum,0.00014501116445230254,0.0001494976209098803,8.111893706010081e-07,0.43708,0.003054461453764449,50000,1.0309386968549823
91,15,5.0,fit,1254,sim,clean,optimum,0.00013496817388899626,0.00014064334200499965,7.97437176199207e-07,0.47042,0.0030026787884247204,50000,1.0420481951594818
91,3,1.0,fit,1267,sim,clean,optimum,0.00014104037720950104,0.00014560959921919487,7.943857856698264e-07,0.45172,0.0029911890486794012,50000,1.0323965526758818
91,17,6.0,fit,1250,sim,clean,optimum,0.00013800666580655155,0.0001437824414847744,8.045314043175359e-07,0.4586,0.003029391473670575,50000,1.0418514253965017
91,13,4.0,fit,1256,sim,clean,optimum,0.00013395329596541046,0.00013943763036048382,7.956874873876342e-07,0.47496,0.002996090490766096,50000,1.0409421384934756
91,1,0.6,fit,1268,sim,clean,optimum,0.00011268816608633165,0.00012284980011456766,7.815211148389282e-07,0.53742,0.0029427482744379526,50000,1.0901748105515452
91,9,2.0,fit,1257,sim,clean,optimum,0.00014020674727345373,0.00014382493352510978,7.87056767909922e-07,0.45844,0.0029635922839128742,50000,1.0258060779671272
91,19,8.0,fit,1249,sim,clean,optimum,0.00014020375549444547,0.00014645944002590207,8.143700411481795e-07,0.44852,0.0030664379859227297,50000,1.044618523301285
91,7,1.8,fit,1265,sim,clean,optimum,0.0001425584755281829,0.00014598140457212927,7.935342867442122e-07,0.45032,0.0029879828051800773,50000,1.024010701792821
91,23,20.0,fit,1247,sim,clean,optimum,0.00014607256533094302,0.00015823504670383872,8.391160430248462e-07,0.40418,0.0031596168558715066,50000,1.0832632831862732
91,11,3.0,fit,1257,sim,clean,optimum,0.00013429217429879252,0.00013835408333193216,7.891054920559686e-07,0.47904,0.0029713065725368235,50000,1.0302468036901549
91,5,1.4,fit,1267,sim,clean,optimum,0.00014501116445230254,0.00014919486512249085,7.895576218106109e-07,0.43822,0.0029730090269299717,50000,1.0288508866609676
91,21,10.0,fit,1248,sim,clean,optimum,0.00014375094482051937,0.00015332190454006272,8.202588788447591e-07,0.42268,0.0030886118807043525,50000,1.0665801517443463
91,15,5.0,fit,1255,sim,clean,optimum,0.00013496817388899626,0.00014053180039911938,7.90380049151902e-07,0.47084,0.0029761058039632243,50000,1.0412217662120766
91,3,1.0,fit,1268,sim,clean,optimum,0.00014104037720950104,0.00014704370558051325,8.050179537908125e-07,0.44632,0.003031223532454052,50000,1.0425646080206867
91,1,0.6,fit,1269,sim,clean,optimum,0.00011268816608633165,0.00012163877696500991,7.768600494641325e-07,0.54198,0.002925197447175212,50000,1.079428135087593
91,13,4.0,fit,1257,sim,clean,optimum,0.00013395329596541046,0.00013874713470503423,7.993366097009326e-07,0.47756,0.0030098309364006135,50000,1.035787389217072
91,17,6.0,fit,1251,sim,clean,optimum,0.00013800666580655155,0.00014521123634105089,8.09257991855244e-07,0.45322,0.003047189018812317,50000,1.0522045112270026
91,9,2.0,fit,1258,sim,clean,optimum,0.00014020674727345373,0.00014397365566628349,7.984700445479703e-07,0.45788,0.003006567962361718,50000,1.0268668125185367
91,19,8.0,fit,1250,sim,clean,optimum,0.00014020375549444547,0.0001474473799636992,8.038476582034138e-07,0.4448,0.0030268168884683556,50000,1.0516649817525088
91,7,1.8,fit,1266,sim,clean,optimum,0.0001425584755281829,0.0001460929461780096,8.120521819412876e-07,0.4499,0.003057710293155431,50000,1.02479312883174
91,5,1.4,fit,1268,sim,clean,optimum,0.00014501116445230254,0.00014977381917206017,8.021548777845188e-07,0.43604,0.003020442874302747,50000,1.032843365803908
91,11,3.0,fit,1258,sim,clean,optimum,0.00013429217429879252,0.00013826909925126143,7.889330957935702e-07,0.47936,0.002970657429738171,50000,1.0296139739581585
91,23,20.0,fit,1248,sim,clean,optimum,0.00014607256533094302,0.00015893085386433026,8.4191566522426e-07,0.40156,0.0031701585843545575,50000,1.0880267181195553
91,21,10.0,fit,1249,sim,clean,optimum,0.00014375094482051937,0.00015150536981572608,8.243247098940429e-07,0.42952,0.003103921406035478,50000,1.0539434715012728
91,3,1.0,fit,1269,sim,clean,optimum,0.00014104037720950104,0.0001462735373494349,7.938480215488798e-07,0.44922,0.0029891641456935157,50000,1.0371039857058844
91,15,5.0,fit,1256,sim,clean,optimum,0.00013496817388899626,0.00014087173672180223,7.926734472629828e-07,0.46956,0.0029847413906490343,50000,1.043740406813693
91,1,0.6,fit,1270,sim,clean,optimum,0.00011268816608633165,0.00012255235583222016,7.746237364602972e-07,0.53854,0.0029167768093854114,50000,1.0875352762270658
91,13,4.0,fit,1258,sim,clean,optimum,0.00013395329596541046,0.00013925703918905855,7.887255366708779e-07,0.47564,0.002969875884315342,50000,1.0395939732981085
91,17,6.0,fit,1252,sim,clean,optimum,0.00013800666580655155,0.0001443932645645952,8.012371587573079e-07,0.4563,0.0030169872848983576,50000,1.0462774658073108
91,9,2.0,fit,1259,sim,clean,optimum,0.00014020674727345373,0.00014362309633351677,8.018362113679431e-07,0.4592,0.0030192429642431286,50000,1.0243665096473562
91,7,1.8,fit,1267,sim,clean,optimum,0.0001425584755281829,0.00014714462417630974,7.858557013240179e-07,0.44594,0.002959069774468094,50000,1.0321702980558332
91,19,8.0,fit,1251,sim,clean,optimum,0.00014020375549444547,0.00014805820304352,8.125870488225991e-07,0.4425,0.0030597242868430586,50000,1.0560216630529964
91,5,1.4,fit,1269,sim,clean,optimum,0.00014501116445230254,0.00014853092699225088,7.865212423034428e-07,0.44072,0.0029615758098541934,50000,1.024272355533743
91,11,3.0,fit,1259,sim,clean,optimum,0.00013429217429879252,0.000138364706342016,8.007789602668488e-07,0.479,0.0030152619792200505,50000,1.0303259074066544
91,23,20.0,fit,1249,sim,clean,optimum,0.00014607256533094302,0.0001566628412114304,8.314448261746806e-07,0.4101,0.0031307315708548416,50000,1.0725001019629796
91,3,1.0,fit,1270,sim,clean,optimum,0.00014104037720950104,0.00014698527902505217,8.062632487157623e-07,0.44654,0.0030359125797772557,50000,1.0421503539140469
91,1,0.6,fit,1271,sim,clean,optimum,0.00011268816608633165,0.00011987535729109248,7.783738497693872e-07,0.54862,0.002930897527635674,50000,1.0637794673067502
91,21,10.0,fit,1250,sim,clean,optimum,0.00014375094482051937,0.00015215868493588224,8.086025858368084e-07,0.42706,0.003044721145720744,50000,1.0584882424658868
91,15,5.0,fit,1257,sim,clean,optimum,0.00013496817388899626,0.00013959697551174142,8.040580985266782e-07,0.47436,0.003027609282795777,50000,1.0342955045576308
91,13,4.0,fit,1259,sim,clean,optimum,0.00013395329596541046,0.000139692582602496,8.094472035999877e-07,0.474,0.0030479014788147097,50000,1.042845430533994
91,7,1.8,fit,1268,sim,clean,optimum,0.0001425584755281829,0.0001474473799636992,7.937048455581385e-07,0.4448,0.0029886250292298715,50000,1.034294028590042
91,17,6.0,fit,1253,sim,clean,optimum,0.00013800666580655155,0.00014363371934360063,7.887893318361616e-07,0.45916,0.0029701160993383167,50000,1.0407737807747395
91,9,2.0,fit,1260,sim,clean,optimum,0.00014020674727345373,0.0001435115547276365,7.940496324158726e-07,0.45962,0.002989923293488356,50000,1.0235709587337989
91,5,1.4,fit,1270,sim,clean,optimum,0.00014501116445230254,0.0001493382757586227,8.139404595483856e-07,0.43768,0.003064820434601952,50000,1.0298398493844483
91,19,8.0,fit,1252,sim,clean,optimum,0.00014020375549444547,0.00014917893060736512,8.196951869529712e-07,0.43828,0.0030864893490025504,50000,1.0640152261347608
91,11,3.0,fit,1260,sim,clean,optimum,0.00013429217429879252,0.0001379929009890816,7.779596817338105e-07,0.4804,0.0029293380147205664,50000,1.0275572773291701
91,3,1.0,fit,1271,sim,clean,optimum,0.00014104037720950104,0.0001459867160771712,8.061039819635739e-07,0.4503,0.00303531287498198,50000,1.0350703746369232
91,1,0.6,fit,1272,sim,clean,optimum,0.00011268816608633165,0.00012307819483137024,7.80759621993564e-07,0.53656,0.002939880940831548,50000,1.0922015958364135
91,23,20.0,fit,1250,sim,clean,optimum,0.00014607256533094302,0.00015710900763495167,8.217207141428333e-07,0.40842,0.003094116291550382,50000,1.0755545182560764
91,21,10.0,fit,1251,sim,clean,optimum,0.00014375094482051937,0.0001528704266114995,8.317469495897474e-07,0.42438,0.0031318691897130836,50000,1.0634394563622958
91,15,5.0,fit,1258,sim,clean,optimum,0.00013496817388899626,0.00014055304641928703,8.004634681454726e-07,0.47076,0.0030140740216867854,50000,1.0413791812496775
91,7,1.8,fit,1269,sim,clean,optimum,0.0001425584755281829,0.0001454608770780211,7.965805888593409e-07,0.45228,0.0029994533849539316,50000,1.020359375611199
91,13,4.0,fit,1260,sim,clean,optimum,0.00013395329596541046,0.00013846031343277057,7.933757923903782e-07,0.47864,0.002987386008782133,50000,1.033646185671489
91,5,1.4,fit,1271,sim,clean,optimum,0.00014501116445230254,0.0001477182667208371,8.133977113493638e-07,0.44378,0.003062776764513198,50000,1.0186682334340194
91,17,6.0,fit,1254,sim,clean,optimum,0.00013800666580655155,0.00014356466977805569,7.983628567751937e-07,0.45942,0.0030061643563331795,50000,1.0402734457717786
91,9,2.0,fit,1261,sim,clean,optimum,0.00014020674727345373,0.00014401083620157695,7.872484554856662e-07,0.45774,0.002964314066436778,50000,1.0271319961563894
91,19,8.0,fit,1253,sim,clean,optimum,0.00014020375549444547,0.000148323778295616,8.061122232037084e-07,0.4415,0.0030353439066389946,50000,1.0579158723140782
91,3,1.0,fit,1272,sim,clean,optimum,0.00014104037720950104,0.00014525372838138624,8.136648971113092e-07,0.45306,0.003063782828744849,50000,1.0298733685718005
91,11,3.0,fit,1261,sim,clean,optimum,0.00013429217429879252,0.00013829034527142913,7.925423418951149e-07,0.47928,0.002984247725042645,50000,1.0297721813911578
91,1,0.6,fit,1273,sim,clean,optimum,0.00011268816608633165,0.00012100670786502145,7.920844877878639e-07,0.54436,0.0029825237161086897,50000,1.0738191246480742
91,23,20.0,fit,1251,sim,clean,optimum,0.00014607256533094302,0.0001584421954004736,8.31362783017646e-07,0.4034,0.0031304226446413216,50000,1.0846814050366396
91,15,5.0,fit,1259,sim,clean,optimum,0.00013496817388899626,0.00014099921284280834,8.11849971084048e-07,0.46908,0.0030569488861506605,50000,1.0446848970392997
91,21,10.0,fit,1252,sim,clean,optimum,0.00014375094482051937,0.00015361934882241024,8.307215216962265e-07,0.42156,0.0031280080321487856,50000,1.0686493157607562
91,7,1.8,fit,1270,sim,clean,optimum,0.0001425584755281829,0.0001467037692578304,7.965485870800357e-07,0.4476,0.0029993328850991723,50000,1.029077848330582
91,5,1.4,fit,1272,sim,clean,optimum,0.00014501116445230254,0.0001481166295989811,7.959231703225911e-07,0.44228,0.0029969779339035748,50000,1.0214153521103544
91,13,4.0,fit,1261,sim,clean,optimum,0.00013395329596541046,0.00013890647985629183,7.879603005717559e-07,0.47696,0.002966994455819718,50000,1.036976946742396
91,17,6.0,fit,1255,sim,clean,optimum,0.00013800666580655155,0.0001439205406158643,8.022661603400336e-07,0.45808,0.0030208618988716274,50000,1.0428520954024236
91,9,2.0,fit,1262,sim,clean,optimum,0.00014020674727345373,0.00014467477433181697,7.938326051130716e-07,0.45524,0.0029891060964751244,50000,1.0318674182608985
91,3,1.0,fit,1273,sim,clean,optimum,0.00014104037720950104,0.00014534402396709886,8.131023567454163e-07,0.45272,0.003061664633011424,50000,1.0305135794638807
91,1,0.6,fit,1274,sim,clean,optimum,0.00011268816608633165,0.00012160159642971646,7.856656696465094e-07,0.54212,0.0029583542270817742,50000,1.079098193297033
91,19,8.0,fit,1254,sim,clean,optimum,0.00014020375549444547,0.0001473092808326093,8.180083487569994e-07,0.44532,0.003080137709749048,50000,1.0506799929367465
91,11,3.0,fit,1262,sim,clean,optimum,0.00013429217429879252,0.00013865152761427968,7.801274306385606e-07,0.47792,0.0029375004804911586,50000,1.0324617077521423
91,23,20.0,fit,1252,sim,clean,optimum,0.00014607256533094302,0.0001588724273088691,8.410989727039102e-07,0.40178,0.0031670834012796877,50000,1.0876267350335542
91,7,1.8,fit,1271,sim,clean,optimum,0.0001425584755281829,0.00014492972657382912,7.986346301605026e-07,0.45428,0.003007187694852729,50000,1.016633532568728
91,15,5.0,fit,1260,sim,clean,optimum,0.00013496817388899626,0.0001399050428041728,7.969939467596717e-07,0.4732,0.0030010098473767983,50000,1.0365780226028458
91,5,1.4,fit,1273,sim,clean,optimum,0.00014501116445230254,0.0001493010952233293,8.187404976532834e-07,0.43782,0.0030828945513241028,50000,1.0295834516413238
91,21,10.0,fit,1253,sim,clean,optimum,0.00014375094482051937,0.00015298196821737984,8.224732537930669e-07,0.42396,0.003096949912696533,50000,1.0642153928684495
91,13,4.0,fit,1262,sim,clean,optimum,0.00013395329596541046,0.00013935264627981314,7.875084549149338e-07,0.47528,0.002965293071171653,50000,1.0403077078133032
91,3,1.0,fit,1274,sim,clean,optimum,0.00014104037720950104,0.00014496159560408063,8.127190517318382e-07,0.45416,0.0030602213320616825,50000,1.0278020980385993
91,9,2.0,fit,1263,sim,clean,optimum,0.00014020674727345373,0.0001437558839595648,7.945629520419541e-07,0.4587,0.0029918561529021386,50000,1.025313594068258
91,17,6.0,fit,1256,sim,clean,optimum,0.00013800666580655155,0.00014445700262509823,8.037592358891598e-07,0.45606,0.0030264839421054843,50000,1.0467393135023515
91,1,0.6,fit,1275,sim,clean,optimum,0.00011268816608633165,0.00012179812211626753,7.845975385144909e-07,0.54138,0.0029543322742695733,50000,1.08084217133285
91,19,8.0,fit,1255,sim,clean,optimum,0.00014020375549444547,0.00014833971281074174,8.142338617291902e-07,0.44144,0.0030659252144279673,50000,1.0580295248697429
91,11,3.0,fit,1263,sim,clean,optimum,0.00013429217429879252,0.00013852405149327362,7.822923931870015e-07,0.4784,0.0029456524544847987,50000,1.031512463154148
91,7,1.8,fit,1272,sim,clean,optimum,0.0001425584755281829,0.00014517405580575745,7.946588587970857e-07,0.45336,0.0029922172812617076,50000,1.0183474203682648
91,23,20.0,fit,1253,sim,clean,optimum,0.00014607256533094302,0.0001590742645004621,8.438166528792576e-07,0.40102,0.003177316584356419,50000,1.0890084947851935
91,5,1.4,fit,1274,sim,clean,optimum,0.00014501116445230254,0.00014714462417630974,8.044489639924433e-07,0.44594,0.0030290810519560444,50000,1.0147123825400972
91,15,5.0,fit,1261,sim,clean,optimum,0.00013496817388899626,0.00013950136842098688,7.912830070195119e-07,0.47472,0.002979505811533521,50000,1.0335871368884262
91,21,10.0,fit,1254,sim,clean,optimum,0.00014375094482051937,0.00015165940346194176,8.2632194505072e-07,0.42894,0.0031114418174477405,50000,1.0550150028669134
91,3,1.0,fit,1275,sim,clean,optimum,0.00014104037720950104,0.00014492972657382912,7.969762524123083e-07,0.45428,0.0030009432208849707,50000,1.0275761412531594
91,13,4.0,fit,1263,sim,clean,optimum,0.00013395329596541046,0.00013859841256386047,7.868708515180197e-07,0.47812,0.002962892232268623,50000,1.0346771355267694
91,1,0.6,fit,1276,sim,clean,optimum,0.00011268816608633165,0.00012154848137929727,7.658033223465388e-07,0.54232,0.002883564324245531,50000,1.0786268478819474
91,9,2.0,fit,1264,sim,clean,optimum,0.00014020674727345373,0.00014390991760578046,7.917350147458411e-07,0.45812,0.0029812078064399058,50000,1.026412211996504
91,17,6.0,fit,1257,sim,clean,optimum,0.00013800666580655155,0.00014362840783855874,8.072171827547373e-07,0.45918,0.003039504533588638,50000,1.0407352934668197
91,19,8.0,fit,1256,sim,clean,optimum,0.00014020375549444547,0.00014974726164685055,8.122231239501958e-07,0.43614,0.003058353960091861,50000,1.0680688339534754
91,11,3.0,fit,1264,sim,clean,optimum,0.00013429217429879252,0.00013837001784705792,7.83569288206547e-07,0.47898,0.0029504604891547,50000,1.0303654592649043
91,7,1.8,fit,1273,sim,clean,optimum,0.0001425584755281829,0.00014581143641078783,7.994284827734307e-07,0.45096,0.003010176876286853,50000,1.0228184320192302
91,5,1.4,fit,1275,sim,clean,optimum,0.00014501116445230254,0.00014724554277210624,8.052048019784181e-07,0.44556,0.00303192709269218,50000,1.0154083192714354
91,23,20.0,fit,1254,sim,clean,optimum,0.00014607256533094302,0.00015802789800720385,8.311778519102507e-07,0.40496,0.0031297263029982816,50000,1.0818451613359068
91,15,5.0,fit,1262,sim,clean,optimum,0.00013496817388899626,0.0001408558022066765,7.945531907779957e-07,0.46962,0.002991819397730558,50000,1.0436223455354925
91,21,10.0,fit,1255,sim,clean,optimum,0.00014375094482051937,0.0001536087258123264,8.363269376532604e-07,0.4216,0.003149114727568612,50000,1.0685754170458843
91,3,1.0,fit,1276,sim,clean,optimum,0.00014104037720950104,0.00014520061333096705,7.978483612343856e-07,0.45326,0.003004227069117042,50000,1.0294967739294003
91,1,0.6,fit,1277,sim,clean,optimum,0.00011268816608633165,0.00012286042312465153,7.84368268350653e-07,0.53738,0.002953468977851596,50000,1.0902690796345624
91,13,4.0,fit,1264,sim,clean,optimum,0.00013395329596541046,0.00013872057717982463,8.00420692120921e-07,0.47766,0.0030139129523694677,50000,1.0355891296295179
91,9,2.0,fit,1265,sim,clean,optimum,0.00014020674727345373,0.00014385680255536127,7.951541647907112e-07,0.45832,0.0029940823119440334,50000,1.0260333782281434
91,17,6.0,fit,1258,sim,clean,optimum,0.00013800666580655155,0.00014375057245452288,8.17875443316723e-07,0.45872,0.003079637266130045,50000,1.0416205015489812
91,19,8.0,fit,1257,sim,clean,optimum,0.00014020375549444547,0.00014825472873007106,8.171853694489164e-07,0.44176,0.0030770388543339146,50000,1.057423377906197
91,7,1.8,fit,1274,sim,clean,optimum,0.0001425584755281829,0.0001456733372796979,7.855933587500232e-07,0.45148,0.0029580819468300735,50000,1.0218497128281876
91,5,1.4,fit,1276,sim,clean,optimum,0.00014501116445230254,0.0001485999765577958,7.901583500390212e-07,0.44046,0.0029752710156644986,50000,1.024748522770974
91,11,3.0,fit,1265,sim,clean,optimum,0.00013429217429879252,0.0001375945381109376,7.729788290425844e-07,0.4819,0.002910583056749461,50000,1.0245908879604368
91,23,20.0,fit,1255,sim,clean,optimum,0.00014607256533094302,0.00015932921674247422,8.453622818539419e-07,0.40006,0.0031831365128417947,50000,1.0907538755241057
91,3,1.0,fit,1277,sim,clean,optimum,0.00014104037720950104,0.00014677281882337532,8.000949219855245e-07,0.44734,0.003012686293888207,50000,1.0406439753444456
91,15,5.0,fit,1263,sim,clean,optimum,0.00013496817388899626,0.00014079206414617344,7.897457993639759e-07,0.46986,0.0029737175927766757,50000,1.0431501004226893
91,1,0.6,fit,1278,sim,clean,optimum,0.00011268816608633165,0.0001225045522868429,7.903479533412359e-07,0.53872,0.0029759849500417355,50000,1.0871110653534888
91,21,10.0,fit,1256,sim,clean,optimum,0.00014375094482051937,0.00015494191357784832,8.155121691597513e-07,0.41658,0.0030707385674059737,50000,1.0778497057622922
91,13,4.0,fit,1265,sim,clean,optimum,0.00013395329596541046,0.0001382531647361357,7.804239496594493e-07,0.47942,0.0029386169965013986,50000,1.0320997608885678
91,9,2.0,fit,1266,sim,clean,optimum,0.00014020674727345373,0.0001443985760696371,8.067060186951139e-07,0.45628,0.0030375797907687056,50000,1.0298974826654226
91,17,6.0,fit,1259,sim,clean,optimum,0.00013800666580655155,0.0001437665069696486,8.164377911625725e-07,0.45866,0.0030742239147623857,50000,1.0417359634727414
91,7,1.8,fit,1275,sim,clean,optimum,0.0001425584755281829,0.0001451634327956736,7.907969760880034e-07,0.4534,0.0029776757052729693,50000,1.0182729035074152
91,5,1.4,fit,1277,sim,clean,optimum,0.00014501116445230254,0.00014948699789979649,7.991631999591493e-07,0.43712,0.003009177977435444,50000,1.0308654403569468
91,19,8.0,fit,1258,sim,clean,optimum,0.00014020375549444547,0.0001477395127410048,8.131835217091469e-07,0.4437,0.0030619702524661363,50000,1.0537486119396986
91,11,3.0,fit,1266,sim,clean,optimum,0.00013429217429879252,0.0001387418231999923,7.84643870954877e-07,0.47758,0.002954506734954522,50000,1.0331340893423884
91,3,1.0,fit,1278,sim,clean,optimum,0.00014104037720950104,0.00014643288250069247,8.271883198868772e-07,0.44862,0.0031147040748656265,50000,1.0382337696330848
91,1,0.6,fit,1279,sim,clean,optimum,0.00011268816608633165,0.00012275419302381312,7.804908042371121e-07,0.53778,0.0029388687314696807,50000,1.0893263888043911
91,23,20.0,fit,1256,sim,clean,optimum,0.00014607256533094302,0.0001599559743374208,8.251128365491287e-07,0.3977,0.0031068890268844307,50000,1.0950446031739323
91,15,5.0,fit,1264,sim,clean,optimum,0.00013496817388899626,0.00013978818969325054,8.012060490815177e-07,0.47364,0.003016870144180069,50000,1.03571223989604
91,21,10.0,fit,1257,sim,clean,optimum,0.00014375094482051937,0.00015299259122746365,8.329245520637328e-07,0.42392,0.0031363033471305817,50000,1.064289291583321
91,13,4.0,fit,1266,sim,clean,optimum,0.00013395329596541046,0.00013946418788569342,8.023188685306985e-07,0.47486,0.0030210603668773955,50000,1.0411403980810296
91,9,2.0,fit,1267,sim,clean,optimum,0.00014020674727345373,0.00014445700262509823,7.862881503235383e-07,0.45606,0.0029606981227276075,50000,1.0303141998106196
91,5,1.4,fit,1278,sim,clean,optimum,0.00014501116445230254,0.0001483981393662029,8.123898860714736e-07,0.44122,0.0030589818880330435,50000,1.023356649308298
91,7,1.8,fit,1276,sim,clean,optimum,0.0001425584755281829,0.0001461195037032192,7.887641412323666e-07,0.4498,0.0029700212463593728,50000,1.0249794209838636
91,17,6.0,fit,1260,sim,clean,optimum,0.00013800666580655155,0.00014296978121336064,8.031374359571471e-07,0.46166,0.0030241426097444854,50000,1.0359628672847299
91,19,8.0,fit,1259,sim,clean,optimum,0.00014020375549444547,0.00014825472873007106,8.222163945335344e-07,0.44176,0.0030959827319916094,50000,1.057423377906197
91,11,3.0,fit,1267,sim,clean,optimum,0.00013429217429879252,0.00013925703918905855,7.990829776003366e-07,0.47564,0.003008875907275745,50000,1.0369706195926167
91,3,1.0,fit,1279,sim,clean,optimum,0.00014104037720950104,0.00014600796209733886,8.113506545683514e-07,0.45022,0.003055068754204043,50000,1.0352210124938832
91,1,0.6,fit,1280,sim,clean,optimum,0.00011268816608633165,0.00012244612573138175,7.792657245306728e-07,0.53894,0.0029342558027544833,50000,1.0865925853968945
91,15,5.0,fit,1265,sim,clean,optimum,0.00013496817388899626,0.00013954386046132223,7.873180751525609e-07,0.47456,0.002964576213102724,50000,1.0339019669636282
91,23,20.0,fit,1257,sim,clean,optimum,0.00014607256533094302,0.00015936108577272576,8.460357485022824e-07,0.39994,0.0031856723916295405,50000,1.09097204811647
91,21,10.0,fit,1258,sim,clean,optimum,0.00014375094482051937,0.0001526260973795712,8.212818007736641e-07,0.4253,0.0030924636022816904,50000,1.061739785920245
91,13,4.0,fit,1267,sim,clean,optimum,0.00013395329596541046,0.00013974569765291519,7.963298198995949e-07,0.4738,0.0029985091367313774,50000,1.043241949709102
91,5,1.4,fit,1279,sim,clean,optimum,0.00014501116445230254,0.0001488071252544307,8.095939711255316e-07,0.43968,0.0030484541188833367,50000,1.0261770244826682
91,7,1.8,fit,1277,sim,clean,optimum,0.0001425584755281829,0.00014663471969228545,7.998452616791856e-07,0.44786,0.003011746220201489,50000,1.028593488735061
91,9,2.0,fit,1268,sim,clean,optimum,0.00014020674727345373,0.00014526435139147008,7.953625983879978e-07,0.45302,0.0029948671501232,50000,1.0360724730897022
91,17,6.0,fit,1261,sim,clean,optimum,0.00013800666580655155,0.00014304945378898945,8.110413673750324e-07,0.46136,0.0030539041607757097,50000,1.0365401769035312
91,11,3.0,fit,1268,sim,clean,optimum,0.00013429217429879252,0.0001394801224008192,7.777023853001919e-07,0.4748,0.0029283691878754896,50000,1.0386317976391073
91,3,1.0,fit,1280,sim,clean,optimum,0.00014104037720950104,0.00014610888069313535,7.993415258599905e-07,0.44984,0.00300984944776046,50000,1.0359365423144435
91,19,8.0,fit,1260,sim,clean,optimum,0.00014020375549444547,0.00014699590203513598,8.237247897199723e-07,0.4465,0.003101662459957725,50000,1.0484448260086698
91,1,0.6,fit,1281,sim,clean,optimum,0.00011268816608633165,0.00012198933629777663,7.695606579527522e-07,0.54066,0.0028977122374134914,50000,1.082539014827158
91,15,5.0,fit,1266,sim,clean,optimum,0.00013496817388899626,0.00014111075444868862,8.128784426486037e-07,0.46866,0.0030608215043876337,50000,1.0455113259867048
91,23,20.0,fit,1258,sim,clean,optimum,0.00014607256533094302,0.0001588193122584499,8.493223431105736e-07,0.40198,0.0031980477714224705,50000,1.0872631140462807
91,21,10.0,fit,1259,sim,clean,optimum,0.00014375094482051937,0.0001525464248039424,8.267376813117322e-07,0.4256,0.0031130072353762975,50000,1.0611855455587067
91,5,1.4,fit,1280,sim,clean,optimum,0.00014501116445230254,0.0001488071252544307,8.058063032421802e-07,0.43968,0.0030341919922225956,50000,1.0261770244826682
91,13,4.0,fit,1268,sim,clean,optimum,0.00013395329596541046,0.00014008032247055617,7.854034085556815e-07,0.47254,0.0029573667062613735,50000,1.0457400205122824
91,7,1.8,fit,1278,sim,clean,optimum,0.0001425584755281829,0.0001451634327956736,7.972189657121123e-07,0.4534,0.003001857136236226,50000,1.0182729035074152
91,9,2.0,fit,1269,sim,clean,optimum,0.00014020674727345373,0.0001433787671015885,7.815064445462206e-07,0.46012,0.0029426930347550683,50000,1.0226238743128973
91,3,1.0,fit,1281,sim,clean,optimum,0.00014104037720950104,0.00014544494256289535,8.072804415774686e-07,0.45234,0.003039742729061416,50000,1.0312291092844412
91,17,6.0,fit,1262,sim,clean,optimum,0.00013800666580655155,0.00014378775298981632,8.038898984983801e-07,0.45858,0.0030269759405435505,50000,1.0418899127044219
91,1,0.6,fit,1282,sim,clean,optimum,0.00011268816608633165,0.00012220179649945345,7.799456982685498e-07,0.53986,0.002936816183409347,50000,1.0844243964875007
91,11,3.0,fit,1269,sim,clean,optimum,0.00013429217429879252,0.0001381522461403392,7.85289462798455e-07,0.4798,0.002956937653643228,50000,1.0287438330766634
91,19,8.0,fit,1261,sim,clean,optimum,0.00014020375549444547,0.00014725616578219007,8.191966816041368e-07,0.44552,0.0030846122714326333,50000,1.05030115108453
91,15,5.0,fit,1267,sim,clean,optimum,0.00013496817388899626,0.00014070176856046082,8.011873958851086e-07,0.4702,0.003016799907227409,50000,1.042481086512885
91,23,20.0,fit,1259,sim,clean,optimum,0.00014607256533094302,0.00015824566971392256,8.532859417326312e-07,0.40414,0.003212972349638158,50000,1.083336007383728
91,5,1.4,fit,1281,sim,clean,optimum,0.00014501116445230254,0.00014906207749644287,7.971757959160745e-07,0.43872,0.0030016945842073865,50000,1.0279351804355228
91,7,1.8,fit,1279,sim,clean,optimum,0.0001425584755281829,0.0001453227779469312,8.023298754414943e-07,0.4528,0.0030211018124213945,50000,1.0193906564201565
91,21,10.0,fit,1260,sim,clean,optimum,0.00014375094482051937,0.00015178687958294782,8.259344789573461e-07,0.42846,0.0031099828483219807,50000,1.0559017874453747
91,13,4.0,fit,1269,sim,clean,optimum,0.00013395329596541046,0.0001391083170478848,7.915066196571702e-07,0.4762,0.0029803478050396686,50000,1.0384837196078063
91,9,2.0,fit,1270,sim,clean,optimum,0.00014020674727345373,0.0001445313636956851,8.028345083552813e-07,0.45578,0.0030230019627923506,50000,1.0308445670863244
91,3,1.0,fit,1282,sim,clean,optimum,0.00014104037720950104,0.00014507313720996093,7.9824956009994e-07,0.45374,0.0030057377477754935,50000,1.0285929467876398
91,1,0.6,fit,1283,sim,clean,optimum,0.00011268816608633165,0.0001227488815187712,7.741737112205529e-07,0.5378,0.002915082279356004,50000,1.0892792542628826
91,17,6.0,fit,1263,sim,clean,optimum,0.00013800666580655155,0.0001429060431528576,7.991062999886749e-07,0.4619,0.0030089637256554857,50000,1.035501019589689
91,11,3.0,fit,1270,sim,clean,optimum,0.00013429217429879252,0.00013831690279663872,7.882618277466489e-07,0.47918,0.002968129829588596,50000,1.0299699406824065
91,19,8.0,fit,1262,sim,clean,optimum,0.00014020375549444547,0.0001484512544166221,8.07987093287941e-07,0.44102,0.003042403563250202,50000,1.0588250927593974
91,15,5.0,fit,1268,sim,clean,optimum,0.00013496817388899626,0.00014121698454952703,7.847610253986311e-07,0.46826,0.0029549478695965097,50000,1.04629840117471
91,5,1.4,fit,1282,sim,clean,optimum,0.00014501116445230254,0.00014780856230654974,8.025280003451755e-07,0.44344,0.003021847834131315,50000,1.019290913667322
91,7,1.8,fit,1280,sim,clean,optimum,0.0001425584755281829,0.00014639039046035712,8.052031419748206e-07,0.44878,0.0030319208420962213,50000,1.026879600935524
91,23,20.0,fit,1260,sim,clean,optimum,0.00014607256533094302,0.00015739051740217344,8.268249461294e-07,0.40736,0.0031133358232886842,50000,1.0774817094886258
91,13,4.0,fit,1270,sim,clean,optimum,0.00013395329596541046,0.00013966071357224448,8.03558735707802e-07,0.47412,0.0030257289764986537,50000,1.0426075190289292
91,21,10.0,fit,1261,sim,clean,optimum,0.00014375094482051937,0.0001519143557039539,8.317629183964245e-07,0.42798,0.0031319293188348716,50000,1.056788572023836
91,9,2.0,fit,1271,sim,clean,optimum,0.00014020674727345373,0.00014268295994109698,8.022528883636657e-07,0.46274,0.003020811924424599,50000,1.017661151947372
91,3,1.0,fit,1283,sim,clean,optimum,0.00014104037720950104,0.00014682062236875262,8.03773149933573e-07,0.44716,0.003026536334202652,50000,1.040982910522606
91,25,26.0,fit,1234,sim,clean,optimum,0.000150779361868818,0.00016447606512809472,8.323907644307564e-07,0.38068,0.003134293417256606,50000,1.090839376752325
91,11,3.0,fit,1271,sim,clean,optimum,0.00013429217429879252,0.00013676594332439807,7.820824612015745e-07,0.48502,0.002944861974258308,50000,1.0184207980734719
91,17,6.0,fit,1264,sim,clean,optimum,0.00013800666580655155,0.00014341063613184,8.019089760483993e-07,0.46,0.0030195169531780234,50000,1.0391573138420964
91,19,8.0,fit,1263,sim,clean,optimum,0.00014020375549444547,0.00014699590203513598,8.062542998829125e-07,0.4465,0.003035878883742782,50000,1.0484448260086698
91,5,1.4,fit,1283,sim,clean,optimum,0.00014501116445230254,0.00014976850766701823,8.074969132567699e-07,0.43606,0.0030405578339237588,50000,1.03280673755489
91,7,1.8,fit,1281,sim,clean,optimum,0.0001425584755281829,0.0001460185851074227,7.949406292263535e-07,0.45018,0.002993278262761467,50000,1.024271510805794
91,15,5.0,fit,1269,sim,clean,optimum,0.00013496817388899626,0.00014010687999576577,7.981625337242422e-07,0.47244,0.0030054100576951456,50000,1.0380734654600559
91,13,4.0,fit,1271,sim,clean,optimum,0.00013395329596541046,0.0001369890265361587,7.794435741598357e-07,0.48418,0.00293492547972084,50000,1.0226626045209977
91,23,20.0,fit,1261,sim,clean,optimum,0.00014607256533094302,0.00015792697941140736,8.3546617651102e-07,0.40534,0.0031458736080160667,50000,1.0811542814600872
91,21,10.0,fit,1262,sim,clean,optimum,0.00014375094482051937,0.00015348656119636224,8.079298009951644e-07,0.42206,0.0030421878342154953,50000,1.067725581824859
91,27,30.0,fit,1234,sim,clean,optimum,0.00015031785225513364,0.00016881025324230143,8.47011360364525e-07,0.36436,0.0031893459713571047,50000,1.123021987806084
91,9,2.0,fit,1272,sim,clean,optimum,0.00014020674727345373,0.00014336814409150462,7.956134824464997e-07,0.46016,0.002995811831739886,50000,1.0225481075592249
91,25,26.0,fit,1235,sim,clean,optimum,0.000150779361868818,0.00016509751121799936,8.472416090831857e-07,0.37834,0.0031902129524362657,50000,1.0949609361103314
91,11,3.0,fit,1272,sim,clean,optimum,0.00013429217429879252,0.0001380247700193331,7.928636407890093e-07,0.48028,0.0029854575474615587,50000,1.0277945884786686
91,17,6.0,fit,1265,sim,clean,optimum,0.00013800666580655155,0.00014292197766798334,8.000057756642392e-07,0.46184,0.0030123506213412293,50000,1.035616481513449
91,29,40.0,fit,1234,sim,clean,optimum,0.00014730019198400639,0.00016532590593480191,8.416490420612169e-07,0.37748,0.0031691546385390536,50000,1.122374001744361
91,7,1.8,fit,1282,sim,clean,optimum,0.0001425584755281829,0.00014489254603853566,7.898275993913034e-07,0.45442,0.0029740256035068998,50000,1.0163727235557547
91,19,8.0,fit,1264,sim,clean,optimum,0.00014020375549444547,0.00014818567916452606,8.2913920707913e-07,0.44202,0.003122049967138554,50000,1.0569308834983155
91,15,5.0,fit,1270,sim,clean,optimum,0.00013496817388899626,0.00014105763939826943,8.04894106962719e-07,0.46886,0.0030307571982338415,50000,1.045117788392702
91,13,4.0,fit,1272,sim,clean,optimum,0.00013395329596541046,0.00013849218246302206,7.967233630964089e-07,0.47852,0.002999990988649838,50000,1.0338840971765535
91,27,30.0,fit,1235,sim,clean,optimum,0.00015031785225513364,0.00016843844788936704,8.471808690839414e-07,0.36576,0.0031899842413693836,50000,1.1205485267543431
91,23,20.0,fit,1262,sim,clean,optimum,0.00014607256533094302,0.00015919111761138432,8.253802916514103e-07,0.40058,0.0031078961052931706,50000,1.089808460957195
91,25,26.0,fit,1236,sim,clean,optimum,0.000150779361868818,0.00016530997141967616,8.480397584753615e-07,0.37754,0.003193218313010629,50000,1.0963700162327266
91,9,2.0,fit,1273,sim,clean,optimum,0.00014020674727345373,0.00014413300081754111,8.097277575891312e-07,0.45728,0.0030489578799173323,50000,1.028003313823619
91,21,10.0,fit,1263,sim,clean,optimum,0.00014375094482051937,0.00015130884412917504,8.071201604141917e-07,0.43026,0.0030391392045913766,50000,1.0525763452761447
91,11,3.0,fit,1273,sim,clean,optimum,0.00013429217429879252,0.00013739801242438655,7.948999707971504e-07,0.48264,0.0029931251670611628,50000,1.0231274692051953
91,29,40.0,fit,1235,sim,clean,optimum,0.00014730019198400639,0.0001655118086112691,8.535913563329791e-07,0.37678,0.003214122361161963,50000,1.12363606850723
91,17,6.0,fit,1266,sim,clean,optimum,0.00013800666580655155,0.00014347437419234306,8.09643091633327e-07,0.45976,0.0030486390777882334,50000,1.0396191615371375
91,7,1.8,fit,1283,sim,clean,optimum,0.0001425584755281829,0.0001472083622368128,7.915900931199656e-07,0.4457,0.0029806621169423653,50000,1.03261739922093
91,15,5.0,fit,1271,sim,clean,optimum,0.00013496817388899626,0.0001385559205235251,7.933380409068174e-07,0.47828,0.0029872438589271942,50000,1.0265821677151798
91,19,8.0,fit,1265,sim,clean,optimum,0.00014020375549444547,0.00014838220485107712,8.247754694736417e-07,0.44128,0.00310561870115632,50000,1.058332598351516
91,13,4.0,fit,1273,sim,clean,optimum,0.00013395329596541046,0.00013773794874706943,7.935501695603888e-07,0.48136,0.0029880426105122807,50000,1.0282535248900202
91,27,30.0,fit,1236,sim,clean,optimum,0.00015031785225513364,0.00016854467799020542,8.538619906550586e-07,0.36536,0.003215141410640194,50000,1.1212552299119833
91,25,26.0,fit,1237,sim,clean,optimum,0.000150779361868818,0.00016545869356084992,8.263698988810199e-07,0.37698,0.003111622383332255,50000,1.0973563723184034
91,9,2.0,fit,1274,sim,clean,optimum,0.00014020674727345373,0.00014282637057722882,7.917854238990502e-07,0.4622,0.0029813976176245372,50000,1.018684003121946
91,23,20.0,fit,1263,sim,clean,optimum,0.00014607256533094302,0.0001576454696441856,8.21718571874814e-07,0.4064,0.00309410822503062,50000,1.079227090227538
91,21,10.0,fit,1264,sim,clean,optimum,0.00014375094482051937,0.00015393803912492542,8.352068387491303e-07,0.42036,0.0031448970947308757,50000,1.0708662772069093
91,11,3.0,fit,1274,sim,clean,optimum,0.00013429217429879252,0.00013785480185799168,7.845220007214991e-07,0.48092,0.0029540478434259775,50000,1.026528929014676
91,29,40.0,fit,1236,sim,clean,optimum,0.00014730019198400639,0.00016578269536840704,8.476469312098625e-07,0.37576,0.003191739156867883,50000,1.1254750800759816
91,17,6.0,fit,1267,sim,clean,optimum,0.00013800666580655155,0.00014416486984779263,8.134936730248919e-07,0.45716,0.0030631380996706376,50000,1.0446225115667473
91,15,5.0,fit,1272,sim,clean,optimum,0.00013496817388899626,0.00013972445163274748,8.02540393107764e-07,0.47388,0.003021894497977026,50000,1.0352399947832367
91,27,30.0,fit,1237,sim,clean,optimum,0.00015031785225513364,0.00016997347284648193,8.445898370442403e-07,0.35998,0.003180227940587395,50000,1.1307603873822447
91,19,8.0,fit,1266,sim,clean,optimum,0.00014020375549444547,0.0001471818047116032,8.067150556810298e-07,0.4458,0.0030376138187357114,50000,1.0497707724914271
91,25,26.0,fit,1238,sim,clean,optimum,0.000150779361868818,0.00016649443704402428,8.395237947025561e-07,0.37308,0.0031611522085615326,50000,1.10422563791508
91,13,4.0,fit,1274,sim,clean,optimum,0.00013395329596541046,0.00013826378774621953,7.842151990632334e-07,0.47938,0.002952892609058903,50000,1.0321790647235893
91,9,2.0,fit,1275,sim,clean,optimum,0.00014020674727345373,0.00014350093171755266,7.924235103419931e-07,0.45966,0.002983800275394442,50000,1.023495191980127
91,23,20.0,fit,1264,sim,clean,optimum,0.00014607256533094302,0.0001594566928634803,8.47970946055382e-07,0.39958,0.0031929592059611713,50000,1.091626565893562
91,21,10.0,fit,1265,sim,clean,optimum,0.00014375094482051937,0.00015265796640982272,8.185778199514177e-07,0.42518,0.0030822820029010782,50000,1.0619614820648604
91,29,40.0,fit,1237,sim,clean,optimum,0.00014730019198400639,0.00016581987590370045,8.376348401649284e-07,0.37562,0.0031540395181932864,50000,1.125727493428555
91,11,3.0,fit,1275,sim,clean,optimum,0.00013429217429879252,0.00013847624794789633,7.912322652548942e-07,0.47858,0.0029793147479302024,50000,1.0311564964298998
91,27,30.0,fit,1238,sim,clean,optimum,0.00015031785225513364,0.00017033996669437438,8.446144222234518e-07,0.3586,0.0031803205138938966,50000,1.133198513276103
91,15,5.0,fit,1273,sim,clean,optimum,0.00013496817388899626,0.00013893303738150142,8.051551511696737e-07,0.47686,0.0030317401369862077,50000,1.0293762846325982
91,25,26.0,fit,1239,sim,clean,optimum,0.000150779361868818,0.00016618636975159295,8.464455162907283e-07,0.37424,0.0031872153358052943,50000,1.1021824717376072
91,17,6.0,fit,1268,sim,clean,optimum,0.00013800666580655155,0.0001447066433620685,7.939900250393925e-07,0.45512,0.002989698847211793,50000,1.0485482169745954
91,13,4.0,fit,1275,sim,clean,optimum,0.00013395329596541046,0.00013931015423947776,7.924389534912355e-07,0.47544,0.002983858425199894,50000,1.0399904924732166
91,19,8.0,fit,1267,sim,clean,optimum,0.00014020375549444547,0.00014924798017291004,8.226200833148981e-07,0.43802,0.0030975027862066677,50000,1.0645077205426419
91,9,2.0,fit,1276,sim,clean,optimum,0.00014020674727345373,0.0001432512909805824,7.857389012160696e-07,0.4606,0.00295862997404608,50000,1.0217146732688314
91,29,40.0,fit,1238,sim,clean,optimum,0.00014730019198400639,0.0001672592937700608,8.468180602168683e-07,0.3702,0.003188618116837035,50000,1.1354994960781961
91,23,20.0,fit,1265,sim,clean,optimum,0.00014607256533094302,0.0001579163564013235,8.45184585119813e-07,0.40538,0.0031824674115880952,50000,1.0810815572626324
91,21,10.0,fit,1266,sim,clean,optimum,0.00014375094482051937,0.00015227553804680449,8.227884887301051e-07,0.42662,0.0030981369018250387,50000,1.0593011283294764
91,11,3.0,fit,1276,sim,clean,optimum,0.00013429217429879252,0.00013806726205966847,7.776003592511696e-07,0.48012,0.002927985017858829,50000,1.028111003344667
91,27,30.0,fit,1239,sim,clean,optimum,0.00015031785225513364,0.0001692457966557389,8.427793484717419e-07,0.36272,0.0031734107068345906,50000,1.1259194707524092
91,25,26.0,fit,1240,sim,clean,optimum,0.000150779361868818,0.0001663616494179763,8.270695908939727e-07,0.37358,0.003114257011398803,50000,1.1033449628385832
91,15,5.0,fit,1274,sim,clean,optimum,0.00013496817388899626,0.0001396713365823283,7.906970879431742e-07,0.47408,0.0029772995853444713,50000,1.0348464571892342
91,17,6.0,fit,1269,sim,clean,optimum,0.00013800666580655155,0.00014368152288897793,8.138705215264065e-07,0.45898,0.00306455708919824,50000,1.0411201665460204
91,13,4.0,fit,1276,sim,clean,optimum,0.00013395329596541046,0.00013941638434031615,7.852027306082276e-07,0.47504,0.0029566110712921133,50000,1.0407835308234323
91,19,8.0,fit,1268,sim,clean,optimum,0.00014020375549444547,0.00014904614298131712,8.148607016849302e-07,0.43878,0.0030682855245502123,50000,1.0630681215042201
91,9,2.0,fit,1277,sim,clean,optimum,0.00014020674727345373,0.00014512625226038015,7.962936015815182e-07,0.45354,0.002998372759874758,50000,1.0350875052919644
91,29,40.0,fit,1239,sim,clean,optimum,0.00014730019198400639,0.00016580394138857472,8.422092188443261e-07,0.37568,0.0031712639344116476,50000,1.1256193162774522
91,11,3.0,fit,1277,sim,clean,optimum,0.00013429217429879252,0.00013895428340166913,7.982956104460245e-07,0.47678,0.0030059111462594303,50000,1.0347161636723796
91,23,20.0,fit,1266,sim,clean,optimum,0.00014607256533094302,0.00015845812991559935,8.282700116116483e-07,0.40334,0.003118777088884192,50000,1.0847904913328215
91,21,10.0,fit,1267,sim,clean,optimum,0.00014375094482051937,0.00015450105865936898,8.242872431057093e-07,0.41824,0.0031037803281751056,50000,1.0747829090951138
91,27,30.0,fit,1240,sim,clean,optimum,0.00015031785225513364,0.00017024435960361984,8.449696405167998e-07,0.35896,0.0031816580567957465,50000,1.1325624804342271
91,25,26.0,fit,1241,sim,clean,optimum,0.000150779361868818,0.0001651346917532928,8.313532819687089e-07,0.3782,0.0031303868692862686,50000,1.0952075251317506
91,15,5.0,fit,1275,sim,clean,optimum,0.00013496817388899626,0.00014107888541843713,7.997771832768763e-07,0.46878,0.003011489877030309,50000,1.0452752034303034
91,13,4.0,fit,1277,sim,clean,optimum,0.00013395329596541046,0.00013946949939073536,7.992612890180587e-07,0.47484,0.003009547323065864,50000,1.0411800499985406
91,17,6.0,fit,1270,sim,clean,optimum,0.00013800666580655155,0.00014499346463433215,8.091848437989603e-07,0.45404,0.0030469135863098293,50000,1.0506265316022794
91,9,2.0,fit,1278,sim,clean,optimum,0.00014020674727345373,0.00014448356015030786,8.024106962699466e-07,0.45596,0.0030214061360653126,50000,1.0305036166948
91,19,8.0,fit,1269,sim,clean,optimum,0.00014020375549444547,0.00014833440130569985,8.187623884470988e-07,0.44146,0.0030829769791619476,50000,1.0579916406845213
91,29,40.0,fit,1240,sim,clean,optimum,0.00014730019198400639,0.0001675514265473664,8.395596412167179e-07,0.3691,0.0031612871854235663,50000,1.1374827438484185
91,11,3.0,fit,1278,sim,clean,optimum,0.00013429217429879252,0.00013803539302941696,7.970112203300338e-07,0.48024,0.003001074889470238,50000,1.0278736921951683
91,23,20.0,fit,1267,sim,clean,optimum,0.00014607256533094302,0.00015909019901558783,8.283798561455103e-07,0.40096,0.0031191906987103903,50000,1.0891175810813754
91,27,30.0,fit,1241,sim,clean,optimum,0.00015031785225513364,0.0001693095347162419,8.642424183149916e-07,0.36248,0.0032542279880904933,50000,1.126343492646993
91,21,10.0,fit,1268,sim,clean,optimum,0.00014375094482051937,0.00015367777537787135,8.183295355133844e-07,0.42134,0.0030813471099241396,50000,1.0690557586925509
91,25,26.0,fit,1242,sim,clean,optimum,0.000150779361868818,0.00016621292727680257,8.296319217962763e-07,0.37414,0.003123905240599683,50000,1.1023586067529068
91,15,5.0,fit,1276,sim,clean,optimum,0.00013496817388899626,0.00014015999504618496,7.977258450992172e-07,0.47224,0.003003765745502731,50000,1.0384670030540584
91,13,4.0,fit,1278,sim,clean,optimum,0.00013395329596541046,0.00013809381958487807,8.018258640395867e-07,0.48002,0.0030192040022981627,50000,1.0309102033632438
91,9,2.0,fit,1279,sim,clean,optimum,0.00014020674727345373,0.00014319286442512127,7.991909989151586e-07,0.46082,0.0030092826519327468,50000,1.0212979561236346
91,17,6.0,fit,1271,sim,clean,optimum,0.00013800666580655155,0.00014208275987135998,7.958143049928409e-07,0.465,0.0029965680111834004,50000,1.0295354868620767
91,29,40.0,fit,1241,sim,clean,optimum,0.00014730019198400639,0.00016648381403394047,8.41416376971352e-07,0.37312,0.0031682785588289576,50000,1.130234874724515
91,19,8.0,fit,1270,sim,clean,optimum,0.00014020375549444547,0.00014905676599140095,8.297345880249804e-07,0.43874,0.0031242918211560177,50000,1.0631438898746632
91,11,3.0,fit,1279,sim,clean,optimum,0.00013429217429879252,0.00013719617523279357,7.914542226972295e-07,0.4834,0.002980150508945521,50000,1.0216244985917036
91,27,30.0,fit,1242,sim,clean,optimum,0.00015031785225513364,0.00017070114903722496,8.350527460138799e-07,0.35724,0.003144316872236369,50000,1.13560130401208
91,25,26.0,fit,1243,sim,clean,optimum,0.000150779361868818,0.00016603764761041919,8.363892708425976e-07,0.3748,0.003149349437651141,50000,1.1011961156519305
91,23,20.0,fit,1268,sim,clean,optimum,0.00014607256533094302,0.00015853780249122814,8.330227692722243e-07,0.40304,0.00313667317529686,50000,1.0853359228137316
91,21,10.0,fit,1269,sim,clean,optimum,0.00014375094482051937,0.00015275888500561918,8.382470771895006e-07,0.4248,0.003156344842276537,50000,1.062663519856142
91,15,5.0,fit,1277,sim,clean,optimum,0.00013496817388899626,0.00014105232789322753,8.086947230173414e-07,0.46888,0.0030450680800823073,50000,1.0450784346333022
91,13,4.0,fit,1279,sim,clean,optimum,0.00013395329596541046,0.0001375148655353088,7.930109921820344e-07,0.4822,0.002986012386031275,50000,1.0265881443545668
91,9,2.0,fit,1280,sim,clean,optimum,0.00014020674727345373,0.00014436139553434366,8.041860467541887e-07,0.45642,0.003028091060470845,50000,1.0296322990275701
91,29,40.0,fit,1242,sim,clean,optimum,0.00014730019198400639,0.00016695122647762944,8.365628951618715e-07,0.37136,0.003150003204588774,50000,1.1334080711568708
91,17,6.0,fit,1272,sim,clean,optimum,0.00013800666580655155,0.00014324066797049857,7.943151426583079e-07,0.46064,0.002990923048700258,50000,1.0379257199886538
91,11,3.0,fit,1280,sim,clean,optimum,0.00013429217429879252,0.00013782824433278208,7.93062167387519e-07,0.48102,0.002986205081717642,50000,1.0263311697234272
91,19,8.0,fit,1271,sim,clean,optimum,0.00014020375549444547,0.0001469693445099264,8.154254581964009e-07,0.4466,0.0030704120649827768,50000,1.0482554050825619
91,27,30.0,fit,1243,sim,clean,optimum,0.00015031785225513364,0.00016973445511959552,8.514564117488676e-07,0.36088,0.0032060834171441684,50000,1.1291703052775541
91,25,26.0,fit,1244,sim,clean,optimum,0.000150779361868818,0.00016637227242806017,8.369619704517069e-07,0.37354,0.003151505887111659,50000,1.1034154168447032
91,15,5.0,fit,1278,sim,clean,optimum,0.00013496817388899626,0.0001401493720361011,8.075909832804346e-07,0.47228,0.0030409120462342896,50000,1.0383882955352577
91,23,20.0,fit,1269,sim,clean,optimum,0.00014607256533094302,0.00015863340958198273,8.414064468377849e-07,0.40268,0.0031682411677938795,50000,1.085990440590824
91,21,10.0,fit,1270,sim,clean,optimum,0.00014375094482051937,0.00015428859845769213,8.424269669629895e-07,0.41904,0.0031720838455929225,50000,1.0733049347976777
91,13,4.0,fit,1280,sim,clean,optimum,0.00013395329596541046,0.00013864621610923774,7.968672658429615e-07,0.47794,0.0030005328416478744,50000,1.0350340027843665
91,9,2.0,fit,1281,sim,clean,optimum,0.00014020674727345373,0.0001444198220898048,7.962568706990994e-07,0.4562,0.0029982344530026803,50000,1.030049016172767
91,29,40.0,fit,1243,sim,clean,optimum,0.00014730019198400639,0.0001658304989137843,8.497066843260207e-07,0.37558,0.0031994949740982237,50000,1.1257996115292905
91,11,3.0,fit,1281,sim,clean,optimum,0.00013429217429879252,0.00013851873998823165,7.845366990756197e-07,0.47842,0.0029541031887716173,50000,1.0314729112958978
91,17,6.0,fit,1273,sim,clean,optimum,0.00013800666580655155,0.00014310256883940864,8.084806114599777e-07,0.46116,0.003044261862049287,50000,1.0369250499827318
91,19,8.0,fit,1272,sim,clean,optimum,0.00014020375549444547,0.00014793072692251394,8.055692919833409e-07,0.44298,0.0030332995473996358,50000,1.0551124426076774
91,27,30.0,fit,1244,sim,clean,optimum,0.00015031785225513364,0.00017009563746244605,8.512889818984669e-07,0.35952,0.003205452974928339,50000,1.1315730960135306
91,25,26.0,fit,1245,sim,clean,optimum,0.000150779361868818,0.00016554898914656257,8.220194433348885e-07,0.37664,0.0030952411297636476,50000,1.0979552313704215
91,15,5.0,fit,1279,sim,clean,optimum,0.00013496817388899626,0.00013957041798653183,8.022819292814576e-07,0.47446,0.003020921275418574,50000,1.0340987357606295
91,23,20.0,fit,1270,sim,clean,optimum,0.00014607256533094302,0.0001595310539340672,8.362020763155647e-07,0.3993,0.0031486445733026917,50000,1.0921356352757448
91,13,4.0,fit,1281,sim,clean,optimum,0.00013395329596541046,0.00013943231885544193,7.81494552201638e-07,0.47498,0.0029426482551888674,50000,1.040902486575965
91,21,10.0,fit,1271,sim,clean,optimum,0.00014375094482051937,0.00015167533797706754,8.144822636352085e-07,0.42888,0.0030668605497201594,50000,1.0551258509392212
91,29,40.0,fit,1244,sim,clean,optimum,0.00014730019198400639,0.0001663032228625152,8.443417269142527e-07,0.3738,0.0031792937039519047,50000,1.129008867012014
91,9,2.0,fit,1282,sim,clean,optimum,0.00014020674727345373,0.00014302820776882175,7.966022897202284e-07,0.46144,0.002999535097616223,50000,1.0201235714417163
91,11,3.0,fit,1282,sim,clean,optimum,0.00013429217429879252,0.00013739270091934463,7.829141751164781e-07,0.48266,0.002947993719058848,50000,1.0230879173469456
91,27,30.0,fit,1245,sim,clean,optimum,0.00015031785225513364,0.00016955917545321216,8.282950930408253e-07,0.36154,0.003118871530775818,50000,1.1280042450674477
91,25,26.0,fit,1246,sim,clean,optimum,0.000150779361868818,0.00016574020332807166,8.401970693550238e-07,0.37592,0.0031636873644058892,50000,1.099223403480577
91,17,6.0,fit,1274,sim,clean,optimum,0.00013800666580655155,0.00014328316001083392,7.968241638272528e-07,0.46048,0.003000370544839838,50000,1.0382336184520145
91,19,8.0,fit,1273,sim,clean,optimum,0.00014020375549444547,0.0001472827233073997,8.266614854087954e-07,0.44542,0.003112720326478215,50000,1.0504905720106383
91,15,5.0,fit,1280,sim,clean,optimum,0.00013496817388899626,0.00014005376494534658,8.084865781399726e-07,0.47264,0.003044284329052322,50000,1.0376799278660533
91,13,4.0,fit,1282,sim,clean,optimum,0.00013395329596541046,0.0001379982124941235,7.902441805740656e-07,0.48038,0.0029755942029131865,50000,1.0301964688480492
91,29,40.0,fit,1245,sim,clean,optimum,0.00014730019198400639,0.00016631915737764095,8.388461380336709e-07,0.37374,0.003158600552623952,50000,1.129117044163117
91,23,20.0,fit,1271,sim,clean,optimum,0.00014607256533094302,0.00015751268201813758,8.189583426378874e-07,0.4069,0.003083714827245465,50000,1.0783180377593544
91,21,10.0,fit,1272,sim,clean,optimum,0.00014375094482051937,0.0001526526549047808,8.097931199038068e-07,0.4252,0.00304920399590201,50000,1.0619245327074245
91,9,2.0,fit,1283,sim,clean,optimum,0.00014020674727345373,0.0001451315637654221,7.986950034646433e-07,0.45352,0.0030074150251618004,50000,1.0351253886688006
91,11,3.0,fit,1283,sim,clean,optimum,0.00013429217429879252,0.00013965009056216064,7.876006805645348e-07,0.47416,0.0029656403386556264,50000,1.0398974571031
91,27,30.0,fit,1246,sim,clean,optimum,0.00015031785225513364,0.00016998409585656577,8.456393445415136e-07,0.35994,0.003184179767758753,50000,1.1308310576980087
91,25,26.0,fit,1247,sim,clean,optimum,0.000150779361868818,0.00016530465991463424,8.396496889890079e-07,0.37756,0.0031616262523041557,50000,1.0963347892296667
91,17,6.0,fit,1275,sim,clean,optimum,0.00013800666580655155,0.00014510500624021248,8.035681444028314e-07,0.45362,0.0030257644041032784,50000,1.0514347650686011
91,19,8.0,fit,1274,sim,clean,optimum,0.00014020375549444547,0.00014781918531663358,8.163470023879012e-07,0.4434,0.0030738820577032103,50000,1.054316874718023
91,15,5.0,fit,1281,sim,clean,optimum,0.00013496817388899626,0.0001402980941772749,7.868946429142927e-07,0.47172,0.0029629818166560435,50000,1.0394902007984654
91,13,4.0,fit,1283,sim,clean,optimum,0.00013395329596541046,0.0001405477349142451,7.97147376269079e-07,0.47078,0.0030015875725533593,50000,1.0492293892532325
91,29,40.0,fit,1246,sim,clean,optimum,0.00014730019198400639,0.00016677594681124608,8.409483256439483e-07,0.37202,0.0031665161531691318,50000,1.1322181224947374
91,23,20.0,fit,1272,sim,clean,optimum,0.00014607256533094302,0.00015765078114922753,8.123670264868486e-07,0.40638,0.0030588958122995382,50000,1.0792634523262656
91,21,10.0,fit,1273,sim,clean,optimum,0.00014375094482051937,0.00015217993095604991,8.344357771658621e-07,0.42698,0.003141993730892631,50000,1.0586360398956305
91,27,30.0,fit,1247,sim,clean,optimum,0.00015031785225513364,0.00016886336829272062,8.534989223287357e-07,0.36416,0.0032137743091371082,50000,1.123375339384904
91,25,26.0,fit,1248,sim,clean,optimum,0.000150779361868818,0.00016632978038772482,8.338180715846718e-07,0.3737,0.003139667815445634,50000,1.1031336008202242
91,15,5.0,fit,1282,sim,clean,optimum,0.00013496817388899626,0.00013888523383612415,7.939093049198766e-07,0.47704,0.0029893949027784213,50000,1.0290221007979958
91,17,6.0,fit,1276,sim,clean,optimum,0.00013800666580655155,0.00014407457426208,7.937565593335954e-07,0.4575,0.0029888197528535857,50000,1.043968227332106
91,19,8.0,fit,1275,sim,clean,optimum,0.00014020375549444547,0.00014932765274853888,8.115065075617709e-07,0.43772,0.0030556556047941844,50000,1.0650759833209666
91,29,40.0,fit,1247,sim,clean,optimum,0.00014730019198400639,0.00016563928473227517,8.440661089284355e-07,0.3763,0.0031782558889309575,50000,1.124501485716054
91,23,20.0,fit,1273,sim,clean,optimum,0.00014607256533094302,0.00015819786616854526,8.330589977636087e-07,0.40432,0.0031368095904601647,50000,1.0830087484951816
91,21,10.0,fit,1274,sim,clean,optimum,0.00014375094482051937,0.00015266858941990653,8.2175825094271e-07,0.42514,0.0030942576330329954,50000,1.062035380779732
91,25,26.0,fit,1249,sim,clean,optimum,0.000150779361868818,0.0001638864880684416,8.447199519418083e-07,0.3829,0.0031807178766659304,50000,1.086929179412678
91,27,30.0,fit,1248,sim,clean,optimum,0.00015031785225513364,0.00017001596488681726,8.461251156159734e-07,0.35982,0.0031860088955506915,50000,1.1310430686453006
91,15,5.0,fit,1283,sim,clean,optimum,0.00013496817388899626,0.00014208275987135998,8.060307038095963e-07,0.465,0.0030350369526081925,50000,1.0527130639569524
91,17,6.0,fit,1277,sim,clean,optimum,0.00013800666580655155,0.0001450306451696256,8.064989308472409e-07,0.4539,0.003036800019889308,50000,1.05089594275772
91,19,8.0,fit,1276,sim,clean,optimum,0.00014020375549444547,0.00014872745267880191,8.171561330332936e-07,0.43998,0.0030769287672102385,50000,1.0607950703909221
91,29,40.0,fit,1248,sim,clean,optimum,0.00014730019198400639,0.0001669459149725875,8.478127623786131e-07,0.37138,0.003192363579390094,50000,1.133372012106503
91,23,20.0,fit,1274,sim,clean,optimum,0.00014607256533094302,0.00015800665198703614,8.290396664501547e-07,0.40504,0.0031216751557501072,50000,1.0816997129409973
91,21,10.0,fit,1275,sim,clean,optimum,0.00014375094482051937,0.00015389023557954814,8.215968617114925e-07,0.42054,0.0030936499362316417,50000,1.0705337329899862
91,25,26.0,fit,1250,sim,clean,optimum,0.000150779361868818,0.0001650019041272448,8.302639885230356e-07,0.3787,0.0031262852316634995,50000,1.0943268500552534
91,27,30.0,fit,1249,sim,clean,optimum,0.00015031785225513364,0.00016767359116333055,8.557955810358481e-07,0.36864,0.003222422173307382,50000,1.1154602640193336
91,17,6.0,fit,1278,sim,clean,optimum,0.00013800666580655155,0.00014334158656629503,8.118512728164243e-07,0.46026,0.003056953787708189,50000,1.0386569788391353
91,19,8.0,fit,1277,sim,clean,optimum,0.00014020375549444547,0.00014901427395106557,8.231783644221403e-07,0.4389,0.0030996049440803254,50000,1.0628408163928902
91,29,40.0,fit,1249,sim,clean,optimum,0.00014730019198400639,0.00016486380499615487,8.44819992437496e-07,0.37922,0.003181094570258041,50000,1.1192368643623731
91,21,10.0,fit,1276,sim,clean,optimum,0.00014375094482051937,0.00015288636112662527,8.257468967080954e-07,0.42432,0.0031092765240399917,50000,1.0635503044346035
91,23,20.0,fit,1275,sim,clean,optimum,0.00014607256533094302,0.00015920174062146816,8.316979242875215e-07,0.40054,0.003131684589296294,50000,1.0898811851546495
91,25,26.0,fit,1251,sim,clean,optimum,0.000150779361868818,0.00016517718379362818,8.319007319948074e-07,0.37804,0.0031324482436868493,50000,1.0954893411562296
91,27,30.0,fit,1250,sim,clean,optimum,0.00015031785225513364,0.00016844907089945087,8.427699196190767e-07,0.36572,0.0031733752033281802,50000,1.1206191970701072
91,17,6.0,fit,1279,sim,clean,optimum,0.00013800666580655155,0.0001420083988007731,8.061823695443925e-07,0.46528,0.003035608036448269,50000,1.0289966645511959
91,19,8.0,fit,1278,sim,clean,optimum,0.00014020375549444547,0.00014789885789226237,8.180459193678345e-07,0.4431,0.003080279178543819,50000,1.0548851374963473
91,29,40.0,fit,1250,sim,clean,optimum,0.00014730019198400639,0.00016548525108605952,8.417119615662283e-07,0.37688,0.003169391556341126,50000,1.1234557732553916
91,21,10.0,fit,1277,sim,clean,optimum,0.00014375094482051937,0.00015338033109552383,8.191802185148751e-07,0.42246,0.003084550281133719,50000,1.066986594676141
91,23,20.0,fit,1276,sim,clean,optimum,0.00014607256533094302,0.0001577835687752755,8.15496350158724e-07,0.40588,0.003070679002364041,50000,1.080172504794449
91,25,26.0,fit,1252,sim,clean,optimum,0.000150779361868818,0.00016664315918519807,8.405486431134351e-07,0.37252,0.003165011184135463,50000,1.1052119940007572
91,27,30.0,fit,1251,sim,clean,optimum,0.00015031785225513364,0.00016948481438262527,8.427398161740166e-07,0.36182,0.003173261851482244,50000,1.1275095528570993
91,17,6.0,fit,1280,sim,clean,optimum,0.00013800666580655155,0.0001435487352629299,8.131353599633328e-07,0.45948,0.0030617889036942385,50000,1.0401579838480182
91,19,8.0,fit,1279,sim,clean,optimum,0.00014020375549444547,0.00014756423307462144,8.223246655135802e-07,0.44436,0.0030963904167408142,50000,1.0524984338273846
91,29,40.0,fit,1251,sim,clean,optimum,0.00014730019198400639,0.0001664678795188147,8.556616712229526e-07,0.37318,0.003221917947812579,50000,1.1301266975734119
91,21,10.0,fit,1278,sim,clean,optimum,0.00014375094482051937,0.00015227553804680449,8.218283054176552e-07,0.42662,0.0030945214169299977,50000,1.0593011283294764
91,23,20.0,fit,1277,sim,clean,optimum,0.00014607256533094302,0.00015928672470213887,8.366138363737878e-07,0.40022,0.003150195019193163,50000,1.090462978734287
91,25,26.0,fit,1253,sim,clean,optimum,0.000150779361868818,0.00016649443704402428,8.541726521150393e-07,0.37308,0.003216311178747459,50000,1.10422563791508
91,27,30.0,fit,1252,sim,clean,optimum,0.00015031785225513364,0.00017093485525906943,8.637870088033217e-07,0.35636,0.0032525131840638543,50000,1.1371560509588885
91,17,6.0,fit,1281,sim,clean,optimum,0.00013800666580655155,0.0001442604769385472,8.014518915503262e-07,0.4568,0.003017795842139003,50000,1.0453152831093089
91,29,40.0,fit,1252,sim,clean,optimum,0.00014730019198400639,0.00016738676989106686,8.364255982969319e-07,0.36972,0.003149486225450635,50000,1.1363649132870204
91,19,8.0,fit,1280,sim,clean,optimum,0.00014020375549444547,0.00014797853046789118,8.19319785355649e-07,0.4428,0.0030850758076640433,50000,1.0554534002746718
91,23,20.0,fit,1278,sim,clean,optimum,0.00014607256533094302,0.00015752330502822145,8.353690642247908e-07,0.40686,0.003145507940336331,50000,1.0783907619568092
91,25,26.0,fit,1254,sim,clean,optimum,0.000150779361868818,0.0001655277431263949,8.286909322443164e-07,0.37672,0.0031203620281032877,50000,1.0978143233581819
91,21,10.0,fit,1279,sim,clean,optimum,0.00014375094482051937,0.00015224366901655294,8.242222700194082e-07,0.42674,0.0031035356777952667,50000,1.0590794321848611
91,27,30.0,fit,1253,sim,clean,optimum,0.00015031785225513364,0.00017012219498765564,8.536628241155373e-07,0.35942,0.0032143914667431277,50000,1.1317497718029406
91,17,6.0,fit,1282,sim,clean,optimum,0.00013800666580655155,0.0001428847971326899,8.086947596949853e-07,0.46198,0.0030450682181887142,50000,1.0353470703580085
91,29,40.0,fit,1253,sim,clean,optimum,0.00014730019198400639,0.00016701496453813247,8.465634641121055e-07,0.37112,0.003187659457840184,50000,1.1338407797612828
91,19,8.0,fit,1281,sim,clean,optimum,0.00014020375549444547,0.00014916299609223936,8.187323808425492e-07,0.43834,0.003082863988194933,50000,1.063901573579096
91,25,26.0,fit,1255,sim,clean,optimum,0.000150779361868818,0.00016705214507342593,8.448381668506571e-07,0.37098,0.0031811630043949483,50000,1.1079244732363682
91,23,20.0,fit,1279,sim,clean,optimum,0.00014607256533094302,0.00015790042188619776,8.329546156283753e-07,0.40544,0.0031364165488103513,50000,1.0809724709664505
91,21,10.0,fit,1280,sim,clean,optimum,0.00014375094482051937,0.00015347593818627842,8.151640944353371e-07,0.4221,0.003069427922977823,50000,1.0676516831099874
91,27,30.0,fit,1254,sim,clean,optimum,0.00015031785225513364,0.00016882087625238527,8.306396406465209e-07,0.36432,0.0031276997163360003,50000,1.1230926581218479
91,17,6.0,fit,1283,sim,clean,optimum,0.00013800666580655155,0.00014472788938223616,8.048714889304353e-07,0.45504,0.0030306720320442014,50000,1.0487021662062757
91,29,40.0,fit,1254,sim,clean,optimum,0.00014730019198400639,0.00016611200868100608,8.41006371697331e-07,0.37452,0.003166734720422385,50000,1.1277107411987777
91,19,8.0,fit,1282,sim,clean,optimum,0.00014020375549444547,0.0001478138738115917,8.10176870434196e-07,0.44342,0.003050648974405694,50000,1.0542789905328014
91,25,26.0,fit,1256,sim,clean,optimum,0.000150779361868818,0.00016706276808350974,8.385037017975022e-07,0.37094,0.0031573111394219834,50000,1.1079949272424878
91,23,20.0,fit,1280,sim,clean,optimum,0.00014607256533094302,0.00015886180429878526,8.284984644614061e-07,0.40182,0.0031196373077786665,50000,1.0875540108360995
91,21,10.0,fit,1281,sim,clean,optimum,0.00014375094482051937,0.0001536087258123264,8.266857503968365e-07,0.4216,0.003112811694133332,50000,1.0685754170458843
91,27,30.0,fit,1255,sim,clean,optimum,0.00015031785225513364,0.00017055773840109312,8.404720765060976e-07,0.35778,0.0031647228793829185,50000,1.1346472547492659
91,19,8.0,fit,1283,sim,clean,optimum,0.00014020375549444547,0.00014920017662753283,8.167765065566769e-07,0.4382,0.0030754993174643736,50000,1.0641667628756475
91,29,40.0,fit,1255,sim,clean,optimum,0.00014730019198400639,0.00016747175397173762,8.356321470015727e-07,0.3694,0.0031464985551421364,50000,1.1369418580929034
91,25,26.0,fit,1257,sim,clean,optimum,0.000150779361868818,0.0001668396848717491,8.478676698871262e-07,0.37178,0.0031925703287316825,50000,1.1065153931139728
91,23,20.0,fit,1281,sim,clean,optimum,0.00014607256533094302,0.00015901583794500094,8.284971585492432e-07,0.40124,0.0031196323904825233,50000,1.0886085116991924
91,21,10.0,fit,1282,sim,clean,optimum,0.00014375094482051937,0.00015261016286444544,8.159230130721769e-07,0.42536,0.003072285563630897,50000,1.0616289378479373
91,27,30.0,fit,1256,sim,clean,optimum,0.00015031785225513364,0.00017067459151201537,8.427196158423826e-07,0.35734,0.0031731857889294476,50000,1.13542462822267
91,29,40.0,fit,1256,sim,clean,optimum,0.00014730019198400639,0.0001675248690221568,8.332492743849322e-07,0.3692,0.003137526060160642,50000,1.1373024485965801
91,23,20.0,fit,1282,sim,clean,optimum,0.00014607256533094302,0.00015713025365511938,8.202630893143154e-07,0.40834,0.0030886277348531224,50000,1.0756999666509859
91,25,26.0,fit,1258,sim,clean,optimum,0.000150779361868818,0.00016599515557008383,8.444940458275066e-07,0.37496,0.003179867247277391,50000,1.1009142996274515
91,21,10.0,fit,1283,sim,clean,optimum,0.00014375094482051937,0.00015412925330643456,8.340433086740929e-07,0.41964,0.0031405159256804676,50000,1.0721964540746014
91,27,30.0,fit,1257,sim,clean,optimum,0.00015031785225513364,0.00016987786575572736,8.449565394709754e-07,0.36034,0.0031816087259724825,50000,1.1301243545403683
91,29,40.0,fit,1257,sim,clean,optimum,0.00014730019198400639,0.0001673708353759411,8.466048927609143e-07,0.36978,0.0031878154537339346,50000,1.1362567361359173
91,23,20.0,fit,1283,sim,clean,optimum,0.00014607256533094302,0.00015966384156011518,8.435200897661694e-07,0.3988,0.003176199902320922,50000,1.0930446877439284
91,25,26.0,fit,1259,sim,clean,optimum,0.000150779361868818,0.0001658836139642035,8.586901291873784e-07,0.37538,0.00323332133702345,50000,1.1001745325631938
91,27,30.0,fit,1258,sim,clean,optimum,0.00015031785225513364,0.00017022842508849408,8.548050066105498e-07,0.35902,0.0032186922533789233,50000,1.132456474960581
91,29,40.0,fit,1258,sim,clean,optimum,0.00014730019198400639,0.00016655286359948545,8.441267784709723e-07,0.37286,0.003178484334699371,50000,1.1307036423792949
91,25,26.0,fit,1260,sim,clean,optimum,0.000150779361868818,0.00016422642439112447,8.207570541554748e-07,0.38162,0.0030904877155450766,50000,1.0891837076085105
91,27,30.0,fit,1259,sim,clean,optimum,0.00015031785225513364,0.0001694954373927091,8.559623465871918e-07,0.36178,0.0032230501141641728,50000,1.1275802231728633
91,29,40.0,fit,1259,sim,clean,optimum,0.00014730019198400639,0.00016645194500368896,8.514165576985893e-07,0.37324,0.0032059333502611896,50000,1.130018520422309
91,25,26.0,fit,1261,sim,clean,optimum,0.000150779361868818,0.00016577738386336512,8.286552505174594e-07,0.37578,0.0031202276717331987,50000,1.0994699925019964
91,27,30.0,fit,1260,sim,clean,optimum,0.00015031785225513364,0.00016791260889021696,8.497661907352945e-07,0.36774,0.0031997190401917477,50000,1.1170503461240242
91,29,40.0,fit,1260,sim,clean,optimum,0.00014730019198400639,0.00016510813422808318,8.282113838008087e-07,0.3783,0.003118556331074958,50000,1.1208955806792862
91,25,26.0,fit,1262,sim,clean,optimum,0.000150779361868818,0.00016648381403394047,8.229556531173908e-07,0.37312,0.00309876634446311,50000,1.1041551839089607
91,27,30.0,fit,1261,sim,clean,optimum,0.00015031785225513364,0.00016897490989860098,8.377093341928688e-07,0.36374,0.00315432001883238,50000,1.1241173777004265
91,29,40.0,fit,1261,sim,clean,optimum,0.00014730019198400639,0.0001664625680137728,8.363334802469688e-07,0.3732,0.0031491393631235317,50000,1.1300906385230443
91,25,26.0,fit,1263,sim,clean,optimum,0.000150779361868818,0.00016461416425918462,8.338007274611275e-07,0.38016,0.0031396025076904596,50000,1.0917552788318818
91,27,30.0,fit,1262,sim,clean,optimum,0.00015031785225513364,0.00017032934368429054,8.205281361803041e-07,0.35864,0.003089625745262213,50000,1.133127842960339
91,29,40.0,fit,1262,sim,clean,optimum,0.00014730019198400639,0.00016677594681124608,8.223986472383088e-07,0.37202,0.0030966689883477117,50000,1.1322181224947374
91,25,26.0,fit,1264,sim,clean,optimum,0.000150779361868818,0.0001668609308919168,8.350130822472101e-07,0.3717,0.0031441675218494007,50000,1.1066563011262125
91,27,30.0,fit,1263,sim,clean,optimum,0.00015031785225513364,0.0001690439594641459,8.348853774050915e-07,0.36348,0.0031436866606203867,50000,1.1245767347528923
91,29,40.0,fit,1263,sim,clean,optimum,0.00014730019198400639,0.00016574551483311358,8.425834176007107e-07,0.3759,0.0031726729465595465,50000,1.1252226667234075
91,25,26.0,fit,1265,sim,clean,optimum,0.000150779361868818,0.00016515593777346048,8.393029010819024e-07,0.37812,0.003160320453272173,50000,1.09534843314399
91,27,30.0,fit,1264,sim,clean,optimum,0.00015031785225513364,0.00017058429592630271,8.45469351987326e-07,0.35768,0.00318353967590966,50000,1.1348239305386758
91,29,40.0,fit,1264,sim,clean,optimum,0.00014730019198400639,0.00016777450975912704,8.547107728182262e-07,0.36826,0.0032183374244120675,50000,1.138997223963861
91,25,26.0,fit,1266,sim,clean,optimum,0.000150779361868818,0.00016604827062050305,8.467533077793653e-07,0.37476,0.0031883742972906278,50000,1.1012665696580504
91,27,30.0,fit,1265,sim,clean,optimum,0.00015031785225513364,0.00016879431872717567,8.47328901396231e-07,0.36442,0.003190541643880052,50000,1.122915982332438
91,29,40.0,fit,1265,sim,clean,optimum,0.00014730019198400639,0.00016571364580286206,8.30733382637672e-07,0.37602,0.0031280526934692656,50000,1.1250063124212015
91,25,26.0,fit,1267,sim,clean,optimum,0.000150779361868818,0.00016677594681124608,8.211938240869881e-07,0.37202,0.0030921323338898438,50000,1.1060926690772541
91,27,30.0,fit,1266,sim,clean,optimum,0.00015031785225513364,0.0001691979931103616,8.398560627421177e-07,0.3629,0.003162403334323211,50000,1.125601454331471
91,29,40.0,fit,1266,sim,clean,optimum,0.00014730019198400639,0.00016612263169108995,8.37692654872215e-07,0.37448,0.0031542572143333837,50000,1.1277828592995132
91,25,26.0,fit,1268,sim,clean,optimum,0.000150779361868818,0.00016528872539950845,8.269266455828604e-07,0.37762,0.003113718763538793,50000,1.096229108220487
91,27,30.0,fit,1267,sim,clean,optimum,0.00015031785225513364,0.00017073301806747648,8.265948551539759e-07,0.35712,0.0031124694361776557,50000,1.135813314959372
91,29,40.0,fit,1267,sim,clean,optimum,0.00014730019198400639,0.0001676895256784563,8.343806037623705e-07,0.36858,0.003141785980347141,50000,1.138420279157978
91,25,26.0,fit,1269,sim,clean,optimum,0.000150779361868818,0.00016534184044992767,8.402865676318389e-07,0.37742,0.0031640243622101227,50000,1.0965813782510858
91,27,30.0,fit,1268,sim,clean,optimum,0.00015031785225513364,0.00016945825685741567,8.291842388570671e-07,0.36192,0.003122219530294691,50000,1.1273328770676894
91,29,40.0,fit,1268,sim,clean,optimum,0.00014730019198400639,0.00016568708827765247,8.26852643198729e-07,0.37612,0.0031134401141407514,50000,1.1248260171693631
91,25,26.0,fit,1270,sim,clean,optimum,0.000150779361868818,0.0001663616494179763,8.332769173927116e-07,0.37358,0.003137630147448751,50000,1.1033449628385832
91,27,30.0,fit,1269,sim,clean,optimum,0.00015031785225513364,0.0001696282250187571,8.368420341567696e-07,0.36128,0.00315105427765637,50000,1.1284636021199137
91,29,40.0,fit,1269,sim,clean,optimum,0.00014730019198400639,0.00016610669717596416,8.338188040872291e-07,0.37454,0.0031396705736188883,50000,1.1276746821484098
91,25,26.0,fit,1271,sim,clean,optimum,0.000150779361868818,0.00016405114472474113,8.355634978805745e-07,0.38228,0.003146240062980475,50000,1.0880212165075345
91,27,30.0,fit,1270,sim,clean,optimum,0.00015031785225513364,0.00017032403217924865,8.521427639037006e-07,0.35866,0.003208667815160987,50000,1.1330925078024574
91,29,40.0,fit,1270,sim,clean,optimum,0.00014730019198400639,0.0001669459149725875,8.439069659945935e-07,0.37138,0.003177656650362657,50000,1.133372012106503
91,25,26.0,fit,1272,sim,clean,optimum,0.000150779361868818,0.00016444950760288512,8.09211442006385e-07,0.38078,0.003047013739495093,50000,1.0906632417370257
91,27,30.0,fit,1271,sim,clean,optimum,0.00015031785225513364,0.00016799228146584575,8.412390724903937e-07,0.36744,0.003167610934569698,50000,1.1175803734922543
91,29,40.0,fit,1271,sim,clean,optimum,0.00014730019198400639,0.0001650231501474125,8.438481319392852e-07,0.37862,0.0031774351159582124,50000,1.1203186358734036
91,25,26.0,fit,1273,sim,clean,optimum,0.000150779361868818,0.00016538964399530494,8.326935794070724e-07,0.37724,0.0031354336401272463,50000,1.0968984212786248
91,27,30.0,fit,1272,sim,clean,optimum,0.00015031785225513364,0.00016812506909189375,8.224050506757583e-07,0.36694,0.0030966930999221107,50000,1.1184637524393046
91,29,40.0,fit,1272,sim,clean,optimum,0.00014730019198400639,0.00016450793415834623,8.142420188843744e-07,0.38056,0.003065955929470577,50000,1.1168209079877387
91,25,26.0,fit,1274,sim,clean,optimum,0.000150779361868818,0.00016562335021714944,8.30698325635859e-07,0.37636,0.003127920689445787,50000,1.0984484094132596
91,27,30.0,fit,1273,sim,clean,optimum,0.00015031785225513364,0.00016939983030195456,8.435236878307613e-07,0.36214,0.0031762134505132463,50000,1.1269441903309874
91,29,40.0,fit,1273,sim,clean,optimum,0.00014730019198400639,0.00016620761577176062,8.474590008647298e-07,0.37416,0.003191031521861799,50000,1.1283598041053957
91,25,26.0,fit,1275,sim,clean,optimum,0.000150779361868818,0.00016670158574065918,8.245856752622341e-07,0.3723,0.0031049040479274904,50000,1.1055994910344158
91,27,30.0,fit,1274,sim,clean,optimum,0.00015031785225513364,0.00016969196307926014,8.464444143157067e-07,0.36104,0.0031872111864163248,50000,1.1288876240144978
91,29,40.0,fit,1274,sim,clean,optimum,0.00014730019198400639,0.00016627135383226365,8.37391556317425e-07,0.37392,0.003153123454495395,50000,1.1287925127098077
91,25,26.0,fit,1276,sim,clean,optimum,0.000150779361868818,0.00016523561034908926,8.267509350948873e-07,0.37782,0.003113057141318401,50000,1.0958768381898882
91,27,30.0,fit,1275,sim,clean,optimum,0.00015031785225513364,0.00017067990301705726,8.248500172449156e-07,0.35732,0.0031058994041611577,50000,1.135459963380552
91,29,40.0,fit,1275,sim,clean,optimum,0.00014730019198400639,0.0001669406034675456,8.261945834700713e-07,0.3714,0.0031109622487392723,50000,1.1333359530561355
91,25,26.0,fit,1277,sim,clean,optimum,0.000150779361868818,0.00016640414145831169,8.265610187228074e-07,0.37342,0.003112342028104421,50000,1.1036267788630625
91,27,30.0,fit,1276,sim,clean,optimum,0.00015031785225513364,0.00016865090809104385,8.397260210817691e-07,0.36496,0.0031619136740129138,50000,1.1219619330696238
91,29,40.0,fit,1276,sim,clean,optimum,0.00014730019198400639,0.00016583581041882623,8.428564644664699e-07,0.37556,0.003173701080256509,50000,1.1258356705796582
91,25,26.0,fit,1278,sim,clean,optimum,0.000150779361868818,0.00016522498733900545,8.37492082520229e-07,0.37786,0.003153501976974469,50000,1.0958063841837686
91,27,30.0,fit,1277,sim,clean,optimum,0.00015031785225513364,0.0001698300622103501,8.245667067150384e-07,0.36052,0.003104832623549481,50000,1.1298063381194303
91,29,40.0,fit,1277,sim,clean,optimum,0.00014730019198400639,0.00016706807958855166,8.310208077793392e-07,0.37092,0.0031291349672858157,50000,1.1342013702649596
91,25,26.0,fit,1279,sim,clean,optimum,0.000150779361868818,0.00016525154486421505,8.355706297473117e-07,0.37776,0.0031462669173905936,50000,1.095982519199068
91,27,30.0,fit,1278,sim,clean,optimum,0.00015031785225513364,0.0001689855329086848,8.390700982376401e-07,0.3637,0.0031594438548601415,50000,1.1241880480161903
91,29,40.0,fit,1278,sim,clean,optimum,0.00014730019198400639,0.00016613856620621568,8.441897911536608e-07,0.37442,0.0031787216033537023,50000,1.127891036450616
91,25,26.0,fit,1280,sim,clean,optimum,0.000150779361868818,0.0001663032228625152,8.375798924579025e-07,0.3738,0.0031538326174877715,50000,1.1029574658049246
91,27,30.0,fit,1279,sim,clean,optimum,0.00015031785225513364,0.00016917143558515198,8.516822785555558e-07,0.363,0.003206933898523384,50000,1.1254247785420608
91,29,40.0,fit,1279,sim,clean,optimum,0.00014730019198400639,0.0001662872883473894,8.277641229018097e-07,0.37386,0.003116872209924854,50000,1.1289006898609109
91,25,26.0,fit,1281,sim,clean,optimum,0.000150779361868818,0.00016738676989106686,8.185256435124498e-07,0.36972,0.003082085537159048,50000,1.1101437744291407
91,27,30.0,fit,1280,sim,clean,optimum,0.00015031785225513364,0.00016998409585656577,8.541069345206267e-07,0.35994,0.003216063724988519,50000,1.1308310576980087
91,29,40.0,fit,1280,sim,clean,optimum,0.00014730019198400639,0.0001660057785801677,8.467252055398312e-07,0.37492,0.0031882684808061763,50000,1.1269895601914242
91,25,26.0,fit,1282,sim,clean,optimum,0.000150779361868818,0.0001650337731574963,8.269364475785211e-07,0.37858,0.003113755672081978,50000,1.0945382120736127
91,27,30.0,fit,1281,sim,clean,optimum,0.00015031785225513364,0.00017149787479351297,8.354492213782009e-07,0.35424,0.0031458097649708834,50000,1.1409015776943818
91,29,40.0,fit,1281,sim,clean,optimum,0.00014730019198400639,0.00016737614688098305,8.299940857137134e-07,0.36976,0.0031252689366315185,50000,1.1362927951862851
91,25,26.0,fit,1283,sim,clean,optimum,0.000150779361868818,0.00016708932560871933,8.325686690194026e-07,0.37084,0.00313496330116801,50000,1.1081710622577872
91,27,30.0,fit,1282,sim,clean,optimum,0.00015031785225513364,0.00016893772936330751,8.359754817486582e-07,0.36388,0.0031477913516070777,50000,1.1238700315952523
91,29,40.0,fit,1282,sim,clean,optimum,0.00014730019198400639,0.00016586767944907775,8.338578460551047e-07,0.37544,0.00313981758267778,50000,1.1260520248818644
91,27,30.0,fit,1283,sim,clean,optimum,0.00015031785225513364,0.00017072770656243456,8.343859027189494e-07,0.35714,0.0031418059330970195,50000,1.1357779798014902
91,29,40.0,fit,1283,sim,clean,optimum,0.00014730019198400639,0.0001676789026683725,8.403045712694712e-07,0.36862,0.0031640921533069594,50000,1.1383481610572428
