channel,wp,vbias,gen,seed,train,nps,filter,BI_analytic,BI_mc,sigma_BI,rp,sigma_rp,nsim,ratio
31,3,1.0,fit,1234,sim,clean,wiener,5.2235757070955985e-05,5.3391248681379835e-05,5.22700576069025e-07,0.79896,0.001968182546919242,50000,1.0221207018949539
31,5,1.4,fit,1234,sim,clean,wiener,5.0029901787158204e-05,5.0894841311677447e-05,5.097126621552144e-07,0.80836,0.0019192777118063836,50000,1.0172884513785165
31,1,0.6,fit,1234,sim,clean,wiener,9.106180659366077e-05,9.395521268652287e-05,6.680062379147154e-07,0.64622,0.002515318097761778,50000,1.0317740905995108
31,7,1.8,fit,1234,sim,clean,wiener,6.515801833935848e-05,6.806693711220479e-05,5.877769999634975e-07,0.7437,0.0022132220352784537,50000,1.044644064490973
31,11,3.0,fit,1234,sim,clean,wiener,6.785579569937846e-05,7.050491792644609e-05,5.963191427468649e-07,0.73452,0.0022453867144642974,50000,1.0390404710425036
31,9,2.0,fit,1234,sim,clean,wiener,6.605289664010302e-05,6.907081156512767e-05,5.901830665133743e-07,0.73992,0.002222281864953423,50000,1.0456893653198605
31,3,1.0,fit,1235,sim,clean,wiener,5.2235757070955985e-05,5.2376751218373106e-05,5.16465881083207e-07,0.80278,0.0019447063572644759,50000,1.0026991883591463
31,1,0.6,fit,1235,sim,clean,wiener,9.106180659366077e-05,9.223959655798271e-05,6.638627427672689e-07,0.65268,0.0024997161351739813,50000,1.0129339621997344
31,5,1.4,fit,1235,sim,clean,wiener,5.0029901787158204e-05,5.019372264614399e-05,5.066265328622001e-07,0.811,0.001907657166335156,50000,1.0032744589362323
31,7,1.8,fit,1235,sim,clean,wiener,6.515801833935848e-05,6.664345376097025e-05,5.796397062603913e-07,0.74906,0.002182581779310007,50000,1.0227974309144159
31,9,2.0,fit,1235,sim,clean,wiener,6.605289664010302e-05,6.748798306263553e-05,5.800353776541833e-07,0.74588,0.002184071644764974,50000,1.021726320805456
31,11,3.0,fit,1235,sim,clean,wiener,6.785579569937846e-05,6.899113898949888e-05,5.8714716667372e-07,0.74022,0.0022108504540230218,50000,1.0167317069738646
31,13,4.0,fit,1234,sim,clean,wiener,7.635463255644927e-05,7.900863749855999e-05,6.175390574531618e-07,0.7025,0.002325288416670444,50000,1.0347589249434028
31,15,5.0,fit,1234,sim,clean,wiener,7.24806190753785e-05,7.480192550535937e-05,6.061006578888111e-07,0.71834,0.002282218140076238,50000,1.0320265811687777
31,17,6.0,fit,1234,sim,clean,wiener,6.828891507152129e-05,7.062177103736832e-05,5.845025230916591e-07,0.73408,0.0022008922837447728,50000,1.0341615614101316
31,21,10.0,fit,1234,sim,clean,wiener,6.313191515359509e-05,6.556521823746048e-05,5.689833404847054e-07,0.75312,0.0021424561814179493,50000,1.038543153299648
31,23,20.0,fit,1234,sim,clean,wiener,5.431081304287334e-05,5.634444548468736e-05,5.3240800976313e-07,0.78784,0.0020047350254257705,50000,1.037444338021761
31,19,8.0,fit,1234,sim,clean,wiener,6.308086495623161e-05,6.523590492486143e-05,5.646354207477465e-07,0.75436,0.0021260844762133273,50000,1.034163132831566
31,13,4.0,fit,1235,sim,clean,wiener,7.635463255644927e-05,7.689465849187584e-05,6.101503174493553e-07,0.71046,0.0022974667731042895,50000,1.007072602111304
31,17,6.0,fit,1235,sim,clean,wiener,6.828891507152129e-05,6.898582748445695e-05,5.816726020153374e-07,0.74024,0.002190236467534538,50000,1.010205351955083
31,23,20.0,fit,1235,sim,clean,wiener,5.431081304287334e-05,5.5000634709081587e-05,5.29637922091011e-07,0.7929,0.0019943045065793927,50000,1.0127013687985797
31,15,5.0,fit,1235,sim,clean,wiener,7.24806190753785e-05,7.299601379110655e-05,5.996065032382287e-07,0.72514,0.002257764978121844,50000,1.0071107935100838
31,21,10.0,fit,1235,sim,clean,wiener,6.313191515359509e-05,6.39770782299264e-05,5.655981265807e-07,0.7591,0.0021297094594350525,50000,1.0133872554677787
31,19,8.0,fit,1235,sim,clean,wiener,6.308086495623161e-05,6.37646180282496e-05,5.628110597344974e-07,0.7599,0.0021192150070182473,50000,1.0108393103438327
31,17,6.0,fit,1236,sim,clean,wiener,6.828891507152129e-05,6.927796026176256e-05,5.809976578854967e-07,0.73914,0.002187695025421563,50000,1.0144832465006275
31,13,4.0,fit,1236,sim,clean,wiener,7.635463255644927e-05,7.798351702546944e-05,6.109109804736791e-07,0.70636,0.0023003309820933443,50000,1.021333145278591
31,23,20.0,fit,1236,sim,clean,wiener,5.431081304287334e-05,5.564332681915393e-05,5.305137357798331e-07,0.79048,0.0019976023051577986,50000,1.024534962774884
31,21,10.0,fit,1236,sim,clean,wiener,6.313191515359509e-05,6.439137562319616e-05,5.651323230099662e-07,0.75754,0.0021279555175031236,50000,1.0199496635978316
31,19,8.0,fit,1236,sim,clean,wiener,6.308086495623161e-05,6.41682924114355e-05,5.648271947322239e-07,0.75838,0.0021268065841016336,50000,1.0172386262610444
31,5,1.4,fit,1236,sim,clean,wiener,5.0029901787158204e-05,5.202088038056449e-05,5.097816090963494e-07,0.80412,0.0019195373253832924,50000,1.0397957725737
31,3,1.0,fit,1236,sim,clean,wiener,5.2235757070955985e-05,5.395957972086528e-05,5.194830250111259e-07,0.79682,0.0019560671444767883,50000,1.0330008168076839
31,9,2.0,fit,1236,sim,clean,wiener,6.605289664010302e-05,6.828470881892352e-05,5.808848295890701e-07,0.74288,0.002187270180502708,50000,1.0337882559637133
31,11,3.0,fit,1236,sim,clean,wiener,6.785579569937846e-05,7.035088428023041e-05,5.910329185072195e-07,0.7351,0.0022254819070775967,50000,1.036770456453063
31,15,5.0,fit,1236,sim,clean,wiener,7.24806190753785e-05,7.380336255747841e-05,5.986027114153474e-07,0.7221,0.0022539852892579197,50000,1.0182496162280883
31,7,1.8,fit,1236,sim,clean,wiener,6.515801833935848e-05,6.765795122397695e-05,5.824074677180207e-07,0.74524,0.0021930035390025438,50000,1.038367233202186
31,1,0.6,fit,1236,sim,clean,wiener,9.106180659366077e-05,9.362589937392383e-05,6.638001051404972e-07,0.64746,0.0024994802787593595,50000,1.028157719203888
31,17,6.0,fit,1237,sim,clean,wiener,6.828891507152129e-05,6.986753732141567e-05,5.849048118317615e-07,0.73692,0.002202407066228936,50000,1.0231168154925443
31,13,4.0,fit,1237,sim,clean,wiener,7.635463255644927e-05,7.761702317757695e-05,6.200989346890035e-07,0.70774,0.002334927406808412,50000,1.0165332551393575
31,23,20.0,fit,1237,sim,clean,wiener,5.431081304287334e-05,5.523965243596799e-05,5.281330052261654e-07,0.792,0.0019886378759239815,50000,1.017102292178197
31,19,8.0,fit,1237,sim,clean,wiener,6.308086495623161e-05,6.473662345092095e-05,5.688988871395971e-07,0.75624,0.0021421381798555233,50000,1.0262481894602773
31,21,10.0,fit,1237,sim,clean,wiener,6.313191515359509e-05,6.412048886605823e-05,5.646456794373125e-07,0.75856,0.002126123104396808,50000,1.0156588582820276
31,9,2.0,fit,1237,sim,clean,wiener,6.605289664010302e-05,6.70365051340723e-05,5.807565307006762e-07,0.74758,0.0021867870824452598,50000,1.0148912242157764
31,11,3.0,fit,1237,sim,clean,wiener,6.785579569937846e-05,6.946917444327169e-05,5.866508687956391e-07,0.73842,0.0022089816884879655,50000,1.0237765798376453
31,15,5.0,fit,1237,sim,clean,wiener,7.24806190753785e-05,7.425484048604159e-05,6.031893742991574e-07,0.7204,0.002271255960555831,50000,1.0244785631427615
31,5,1.4,fit,1237,sim,clean,wiener,5.0029901787158204e-05,5.001313147471873e-05,5.050863859751316e-07,0.81168,0.0019018578801632967,50000,0.9996647942162505
31,3,1.0,fit,1237,sim,clean,wiener,5.2235757070955985e-05,5.267950700576255e-05,5.174451345739058e-07,0.80164,0.001948393649220222,50000,1.0084951374248061
31,7,1.8,fit,1237,sim,clean,wiener,6.515801833935848e-05,6.654784667021568e-05,5.78913686928512e-07,0.74942,0.00217984801806475,50000,1.02133011970405
31,1,0.6,fit,1237,sim,clean,wiener,9.106180659366077e-05,9.264327094116864e-05,6.607137858657075e-07,0.65116,0.0024878590179286475,50000,1.0173669335879172
31,13,4.0,fit,1238,sim,clean,wiener,7.635463255644927e-05,7.782948337925375e-05,6.13434785572238e-07,0.70694,0.0023098341458054755,50000,1.0193158001476088
31,17,6.0,fit,1238,sim,clean,wiener,6.828891507152129e-05,6.9846291301248e-05,5.846591135653754e-07,0.737,0.0022014819112514037,50000,1.022805695889232
31,11,3.0,fit,1238,sim,clean,wiener,6.785579569937846e-05,6.90230080197504e-05,5.86783215232783e-07,0.7401,0.0022094800272303722,50000,1.017201365164783
31,21,10.0,fit,1238,sim,clean,wiener,6.313191515359509e-05,6.458258980470526e-05,5.660810209645198e-07,0.75682,0.002131527755304147,50000,1.0229784673501634
31,23,20.0,fit,1238,sim,clean,wiener,5.431081304287334e-05,5.6424118060316156e-05,5.342685176231997e-07,0.78754,0.0020117406023588092,50000,1.0389113124816334
31,9,2.0,fit,1238,sim,clean,wiener,6.605289664010302e-05,6.799257604161792e-05,5.867589090223227e-07,0.74398,0.0022093885043559004,50000,1.0293655464056857
31,19,8.0,fit,1238,sim,clean,wiener,6.308086495623161e-05,6.450291722907648e-05,5.631242279044278e-07,0.75712,0.002120394213918961,50000,1.0225433223503126
31,15,5.0,fit,1238,sim,clean,wiener,7.24806190753785e-05,7.449385821292799e-05,6.055857470067117e-07,0.7195,0.0022802792889293952,50000,1.027776240921118
31,5,1.4,fit,1238,sim,clean,wiener,5.0029901787158204e-05,5.139943429065985e-05,5.107786653819848e-07,0.80646,0.001923291652180561,50000,1.0273742792725846
31,3,1.0,fit,1238,sim,clean,wiener,5.2235757070955985e-05,5.342842921667328e-05,5.20462906214141e-07,0.79882,0.0019597568000274527,50000,1.022832485113544
31,7,1.8,fit,1238,sim,clean,wiener,6.515801833935848e-05,6.698339008365312e-05,5.782975492247055e-07,0.74778,0.0021775280063206447,50000,1.0280145374401608
31,1,0.6,fit,1238,sim,clean,wiener,9.106180659366077e-05,9.343999669745665e-05,6.635582649821275e-07,0.64816,0.002498569651144546,50000,1.0261162192224882
31,13,4.0,fit,1239,sim,clean,wiener,7.635463255644927e-05,7.773918779354112e-05,6.115881211205963e-07,0.70728,0.0023028806949960826,50000,1.018133218519102
31,17,6.0,fit,1239,sim,clean,wiener,6.828891507152129e-05,6.908674608025345e-05,5.845219658442547e-07,0.73986,0.002200965493701055,50000,1.011683170070817
31,11,3.0,fit,1239,sim,clean,wiener,6.785579569937846e-05,6.971350367519999e-05,5.912207874622777e-07,0.7375,0.002226189310924813,50000,1.0273772926346887
31,23,20.0,fit,1239,sim,clean,wiener,5.431081304287334e-05,5.5298078991429105e-05,5.307969562228124e-07,0.79178,0.001998668746555271,50000,1.01817807344877
31,19,8.0,fit,1239,sim,clean,wiener,6.308086495623161e-05,6.371681448287233e-05,5.620462114412815e-07,0.76008,0.0021163350387712835,50000,1.0100814966167944
31,21,10.0,fit,1239,sim,clean,wiener,6.313191515359509e-05,6.417891542151936e-05,5.670911957540245e-07,0.75834,0.002135331478661395,50000,1.0165843260952403
31,9,2.0,fit,1239,sim,clean,wiener,6.605289664010302e-05,6.797664152649215e-05,5.83018887028607e-07,0.74404,0.0021953057840564815,50000,1.0291243077025203
31,15,5.0,fit,1239,sim,clean,wiener,7.24806190753785e-05,7.325096603311871e-05,5.982431236917562e-07,0.72418,0.0022526312936549664,50000,1.010628316473664
31,5,1.4,fit,1239,sim,clean,wiener,5.0029901787158204e-05,5.0698315625126385e-05,5.111682914017335e-07,0.8091,0.00192475875431705,50000,1.0133602868303002
31,3,1.0,fit,1239,sim,clean,wiener,5.2235757070955985e-05,5.262108045030143e-05,5.1433167383103e-07,0.80186,0.0019366701896045256,50000,1.007376620938451
31,1,0.6,fit,1239,sim,clean,wiener,9.106180659366077e-05,9.223428505294082e-05,6.721220452593523e-07,0.6527,0.0025308158043897628,50000,1.0128756336288376
31,7,1.8,fit,1239,sim,clean,wiener,6.515801833935848e-05,6.667532279122174e-05,5.768359166138261e-07,0.74894,0.002172024358675227,50000,1.0232865346512041
31,13,4.0,fit,1240,sim,clean,wiener,7.635463255644927e-05,7.771794177337344e-05,6.16559037940028e-07,0.70736,0.002321598240325324,50000,1.017854964018277
31,17,6.0,fit,1240,sim,clean,wiener,6.828891507152129e-05,6.89114664138701e-05,5.84844021067162e-07,0.74052,0.0022021781640096227,50000,1.0091164333434905
31,11,3.0,fit,1240,sim,clean,wiener,6.785579569937846e-05,6.964976561469698e-05,5.918886760616034e-07,0.73774,0.002228704186064927,50000,1.0264379762528515
31,21,10.0,fit,1240,sim,clean,wiener,6.313191515359509e-05,6.422671896689666e-05,5.667056081446253e-07,0.75816,0.00213387958280003,50000,1.0173415270333237
31,19,8.0,fit,1240,sim,clean,wiener,6.308086495623161e-05,6.394520919967487e-05,5.641324581717291e-07,0.75922,0.0021241906153507363,50000,1.0137021622015328
31,23,20.0,fit,1240,sim,clean,wiener,5.431081304287334e-05,5.571237638469887e-05,5.293941362624166e-07,0.79022,0.0019933865527163334,50000,1.0258063406401066
31,9,2.0,fit,1240,sim,clean,wiener,6.605289664010302e-05,6.714804673995262e-05,5.839048020245508e-07,0.74716,0.0021986416182087675,50000,1.0165798951379323
31,15,5.0,fit,1240,sim,clean,wiener,7.24806190753785e-05,7.334657312387327e-05,6.027334794509962e-07,0.72382,0.002269539329037784,50000,1.0119473875850067
31,5,1.4,fit,1240,sim,clean,wiener,5.0029901787158204e-05,5.0884218301593595e-05,5.071954991321221e-07,0.8084,0.001909799558238888,50000,1.017076118159694
31,3,1.0,fit,1240,sim,clean,wiener,5.2235757070955985e-05,5.312567342928384e-05,5.158435231454657e-07,0.79996,0.0019423629237825175,50000,1.017036536047884
31,1,0.6,fit,1240,sim,clean,wiener,9.106180659366077e-05,9.159159294286847e-05,6.695001806261758e-07,0.65512,0.002520943406218307,50000,1.0058178765502834
31,7,1.8,fit,1240,sim,clean,wiener,6.515801833935848e-05,6.68984060029824e-05,5.763152843366065e-07,0.7481,0.002170063964123737,50000,1.0267102608087244
31,17,6.0,fit,1241,sim,clean,wiener,6.828891507152129e-05,6.833782386934272e-05,5.808662540513668e-07,0.74268,0.0021872002359670005,50000,1.0007162040540578
31,13,4.0,fit,1241,sim,clean,wiener,7.635463255644927e-05,7.73886284607744e-05,6.15596073959026e-07,0.7086,0.0023179722850700736,50000,1.0135420192554878
31,21,10.0,fit,1241,sim,clean,wiener,6.313191515359509e-05,6.386022511900416e-05,5.6363781956687e-07,0.75954,0.0021223280976614737,50000,1.0115363198413534
31,11,3.0,fit,1241,sim,clean,wiener,6.785579569937846e-05,6.996314441217025e-05,5.897308273278941e-07,0.73656,0.002220578998508184,50000,1.0310562817968854
31,19,8.0,fit,1241,sim,clean,wiener,6.308086495623161e-05,6.335563214002176e-05,5.598157972811484e-07,0.76144,0.002107936612552989,50000,1.004355792901394
31,23,20.0,fit,1241,sim,clean,wiener,5.431081304287334e-05,5.530870200151296e-05,5.296350461990861e-07,0.79174,0.0019942936776640393,50000,1.0183736700434198
31,9,2.0,fit,1241,sim,clean,wiener,6.605289664010302e-05,6.816254420295936e-05,5.829535222983135e-07,0.74334,0.0021950596589760097,50000,1.0319387592394471
31,15,5.0,fit,1241,sim,clean,wiener,7.24806190753785e-05,7.32456545280768e-05,6.018844448695558e-07,0.7242,0.0022663423648073464,50000,1.0105550347452563
31,5,1.4,fit,1241,sim,clean,wiener,5.0029901787158204e-05,5.068238111000064e-05,5.058745187228013e-07,0.80916,0.0019048255239533314,50000,1.0130417870020667
31,3,1.0,fit,1241,sim,clean,wiener,5.2235757070955985e-05,5.3322199115834866e-05,5.200144068725324e-07,0.79922,0.00195806801563181,50000,1.0207988187747155
31,1,0.6,fit,1241,sim,clean,wiener,9.106180659366077e-05,9.317442144536065e-05,6.615665961712154e-07,0.64916,0.0024910701993123693,50000,1.0231997906776313
31,7,1.8,fit,1241,sim,clean,wiener,6.515801833935848e-05,6.731270339625217e-05,5.837074650314635e-07,0.74654,0.0021978985633061368,50000,1.0330686093869765
31,17,6.0,fit,1242,sim,clean,wiener,6.828891507152129e-05,6.937356735251711e-05,5.81923226858074e-07,0.73878,0.002191180173097306,50000,1.015883284715533
31,13,4.0,fit,1242,sim,clean,wiener,7.635463255644927e-05,7.785072939942143e-05,6.16551743282936e-07,0.70686,0.002321570772942598,50000,1.019594054648434
31,21,10.0,fit,1242,sim,clean,wiener,6.313191515359509e-05,6.406737381563904e-05,5.634503279682715e-07,0.75876,0.0021216221147164565,50000,1.01481752390638
31,19,8.0,fit,1242,sim,clean,wiener,6.308086495623161e-05,6.399832425009407e-05,5.618094557858323e-07,0.75902,0.002115443556400164,50000,1.0145441774537973
31,23,20.0,fit,1242,sim,clean,wiener,5.431081304287334e-05,5.5409620597309454e-05,5.279823085765207e-07,0.79136,0.0019880704410878843,50000,1.0202318376925918
31,11,3.0,fit,1242,sim,clean,wiener,6.785579569937846e-05,6.885303985840897e-05,5.864274537739737e-07,0.74074,0.0022081404390872695,50000,1.0146965214798835
31,9,2.0,fit,1242,sim,clean,wiener,6.605289664010302e-05,6.777480433489919e-05,5.817041686000114e-07,0.7448,0.0021903553287026057,50000,1.0260686174624283
31,15,5.0,fit,1242,sim,clean,wiener,7.24806190753785e-05,7.397333071881983e-05,5.986064250041103e-07,0.72146,0.0022539992724462383,50000,1.0205946315371417
31,5,1.4,fit,1242,sim,clean,wiener,5.0029901787158204e-05,5.102762893772543e-05,5.081665580271674e-07,0.80786,0.001913455994173266,50000,1.0199426166137973
31,3,1.0,fit,1242,sim,clean,wiener,5.2235757070955985e-05,5.3093804399032316e-05,5.186551728282545e-07,0.80008,0.001952949940684877,50000,1.0164264361462356
31,1,0.6,fit,1242,sim,clean,wiener,9.106180659366077e-05,9.329658606132478e-05,6.742760964735678e-07,0.6487,0.002538926692724482,50000,1.0245413478082652
31,7,1.8,fit,1242,sim,clean,wiener,6.515801833935848e-05,6.650535462988031e-05,5.781079478535676e-07,0.74958,0.002176814079214706,50000,1.0206779813883318
31,17,6.0,fit,1243,sim,clean,wiener,6.828891507152129e-05,6.837500440463617e-05,5.818701996449889e-07,0.74254,0.0021909805038409784,50000,1.0012606633598544
31,21,10.0,fit,1243,sim,clean,wiener,6.313191515359509e-05,6.353622331144703e-05,5.593935329144336e-07,0.76076,0.00210634661362281,50000,1.006404180149902
31,19,8.0,fit,1243,sim,clean,wiener,6.308086495623161e-05,6.330251708960257e-05,5.634639102839677e-07,0.76164,0.002121673257718634,50000,1.0035137776491294
31,23,20.0,fit,1243,sim,clean,wiener,5.431081304287334e-05,5.4984700193955836e-05,5.270456328110289e-07,0.79296,0.001984543471770904,50000,1.0124079739066054
31,13,4.0,fit,1243,sim,clean,wiener,7.635463255644927e-05,7.743112050110977e-05,6.125013413042038e-07,0.70844,0.0023063193444048664,50000,1.014098528257138
31,11,3.0,fit,1243,sim,clean,wiener,6.785579569937846e-05,7.005343999788288e-05,5.894333810582424e-07,0.73622,0.0022194589910251666,50000,1.0323869800044885
31,9,2.0,fit,1243,sim,clean,wiener,6.605289664010302e-05,6.822628226346241e-05,5.863232404020133e-07,0.7431,0.0022077480329005562,50000,1.0329037140521078
31,15,5.0,fit,1243,sim,clean,wiener,7.24806190753785e-05,7.306506335665153e-05,5.968529151871599e-07,0.72488,0.002247396587131582,50000,1.008063455979387
31,5,1.4,fit,1243,sim,clean,wiener,5.0029901787158204e-05,5.094264485705472e-05,5.085279495250048e-07,0.80818,0.0019148167817277734,50000,1.0182439508632175
31,17,6.0,fit,1244,sim,clean,wiener,6.828891507152129e-05,6.926733725167873e-05,5.867516060012656e-07,0.73918,0.0022093610054794073,50000,1.0143276866989717
31,3,1.0,fit,1243,sim,clean,wiener,5.2235757070955985e-05,5.291852473264896e-05,5.160924324360195e-07,0.80074,0.0019433001695860679,50000,1.0130708866871694
31,1,0.6,fit,1243,sim,clean,wiener,9.106180659366077e-05,9.301507629410304e-05,6.667125513983718e-07,0.64976,0.0025104468362035816,50000,1.021449933550717
31,7,1.8,fit,1243,sim,clean,wiener,6.515801833935848e-05,6.664876526601214e-05,5.776567183425858e-07,0.74904,0.0021751150146090224,50000,1.0228789482038803
31,21,10.0,fit,1244,sim,clean,wiener,6.313191515359509e-05,6.447104819882495e-05,5.646593780401934e-07,0.75724,0.002126174685268041,50000,1.021211665161303
31,19,8.0,fit,1244,sim,clean,wiener,6.308086495623161e-05,6.419484993664513e-05,5.649731350333842e-07,0.75828,0.0021273561093303906,50000,1.0176596338871773
31,23,20.0,fit,1244,sim,clean,wiener,5.431081304287334e-05,5.508561878975233e-05,5.266108929497275e-07,0.79258,0.0019829064974750303,50000,1.0142661415557774
31,11,3.0,fit,1244,sim,clean,wiener,6.785579569937846e-05,6.980911076595455e-05,5.912467498530138e-07,0.73714,0.002226287069998865,50000,1.0287862672074448
31,13,4.0,fit,1244,sim,clean,wiener,7.635463255644927e-05,7.756921963219968e-05,6.16670906453122e-07,0.70792,0.0023220194712653725,50000,1.0159071825125012
31,9,2.0,fit,1244,sim,clean,wiener,6.605289664010302e-05,6.778011583994112e-05,5.844868388135181e-07,0.74478,0.0022008332259898906,50000,1.0261490303634835
31,15,5.0,fit,1244,sim,clean,wiener,7.24806190753785e-05,7.350591827513088e-05,6.000349553937216e-07,0.72322,0.0022593782766205236,50000,1.0141458394372445
31,17,6.0,fit,1245,sim,clean,wiener,6.828891507152129e-05,6.89486469491635e-05,5.857817756633224e-07,0.74038,0.002205709195567569,50000,1.0096608926492865
31,21,10.0,fit,1245,sim,clean,wiener,6.313191515359509e-05,6.388678264421375e-05,5.603008252831724e-07,0.75944,0.0021097629423717356,50000,1.0119569870291774
31,19,8.0,fit,1245,sim,clean,wiener,6.308086495623161e-05,6.347248525094399e-05,5.615866747078977e-07,0.761,0.0021146046940582236,50000,1.0062082264563763
31,23,20.0,fit,1245,sim,clean,wiener,5.431081304287334e-05,5.503250373933311e-05,5.261744017991273e-07,0.79278,0.001981262928855005,50000,1.0132881585825286
31,5,1.4,fit,1244,sim,clean,wiener,5.0029901787158204e-05,5.075143067554561e-05,5.065836466767622e-07,0.8089,0.0019074956822168153,50000,1.0144219529244132
31,1,0.6,fit,1244,sim,clean,wiener,9.106180659366077e-05,9.315317542519295e-05,6.69795709468672e-07,0.64924,0.002522056193799845,50000,1.0229664763940425
31,3,1.0,fit,1244,sim,clean,wiener,5.2235757070955985e-05,5.261576894525951e-05,5.162699000077235e-07,0.80188,0.0019439684079490304,50000,1.0072749376215093
31,7,1.8,fit,1244,sim,clean,wiener,6.515801833935848e-05,6.640443603408385e-05,5.764389975525912e-07,0.74996,0.002170529795239431,50000,1.0191291528885016
31,11,3.0,fit,1245,sim,clean,wiener,6.785579569937846e-05,7.025527718947584e-05,5.952577413924343e-07,0.73546,0.0022413901020312725,50000,1.0353614818803067
31,13,4.0,fit,1245,sim,clean,wiener,7.635463255644927e-05,7.779230284396031e-05,6.138385947626665e-07,0.70708,0.002311354653410162,50000,1.0188288547711648
31,9,2.0,fit,1245,sim,clean,wiener,6.605289664010302e-05,6.823159376850433e-05,5.872144079186046e-07,0.74308,0.002211103644952349,50000,1.0329841269531628
31,15,5.0,fit,1245,sim,clean,wiener,7.24806190753785e-05,7.370244396168192e-05,6.046636321171458e-07,0.72248,0.002276807147296136,50000,1.0168572633883377
31,17,6.0,fit,1246,sim,clean,wiener,6.828891507152129e-05,6.991002936175104e-05,5.843541459279277e-07,0.73676,0.0022003335827266604,50000,1.023739054699169
31,21,10.0,fit,1246,sim,clean,wiener,6.313191515359509e-05,6.439137562319616e-05,5.607783669795112e-07,0.75754,0.002111561083172017,50000,1.0199496635978316
31,19,8.0,fit,1246,sim,clean,wiener,6.308086495623161e-05,6.413111187614208e-05,5.617653273201799e-07,0.75852,0.002115277394586124,50000,1.0166492155844595
31,23,20.0,fit,1246,sim,clean,wiener,5.431081304287334e-05,5.609480474771711e-05,5.323624932669855e-07,0.78878,0.0020045636371063195,50000,1.032847818047494
31,1,0.6,fit,1245,sim,clean,wiener,9.106180659366077e-05,9.237769568907265e-05,6.682477530746534e-07,0.65216,0.002516227501623892,50000,1.0144505050430603
31,5,1.4,fit,1245,sim,clean,wiener,5.0029901787158204e-05,5.101169442259969e-05,5.108625066553616e-07,0.80792,0.0019236073490413003,50000,1.019624116785564
31,7,1.8,fit,1245,sim,clean,wiener,6.515801833935848e-05,6.757296714330623e-05,5.820373315795668e-07,0.74556,0.0021916098242812636,50000,1.0370629565707496
31,11,3.0,fit,1246,sim,clean,wiener,6.785579569937846e-05,7.043586836090111e-05,5.911257195862213e-07,0.73478,0.002225831341289818,50000,1.0380228782955128
31,3,1.0,fit,1245,sim,clean,wiener,5.2235757070955985e-05,5.321065750995455e-05,5.186712474300162e-07,0.79964,0.0019530104681686501,50000,1.0186634691189462
31,13,4.0,fit,1246,sim,clean,wiener,7.635463255644927e-05,7.808974712630783e-05,6.108554998450193e-07,0.70596,0.002300122074718798,50000,1.0227244177827166
31,9,2.0,fit,1246,sim,clean,wiener,6.605289664010302e-05,6.827408580883967e-05,5.825604565781514e-07,0.74292,0.0021935796049534304,50000,1.0336274301616029
31,15,5.0,fit,1246,sim,clean,wiener,7.24806190753785e-05,7.429733252637695e-05,6.004234251511414e-07,0.72024,0.0022608410249540145,50000,1.025064816970025
31,17,6.0,fit,1247,sim,clean,wiener,6.828891507152129e-05,6.866713718194176e-05,5.844666005562505e-07,0.74144,0.0022007570206314924,50000,1.0055385579053986
31,21,10.0,fit,1247,sim,clean,wiener,6.313191515359509e-05,6.344061622069248e-05,5.645124460160549e-07,0.76112,0.0021256214257945813,50000,1.0048897782737358
31,19,8.0,fit,1247,sim,clean,wiener,6.308086495623161e-05,6.322815601901567e-05,5.631738714579555e-07,0.76192,0.00212058114230606,50000,1.0023349562959585
31,23,20.0,fit,1247,sim,clean,wiener,5.431081304287334e-05,5.521840641580032e-05,5.321639606347907e-07,0.79208,0.0020038160801309317,50000,1.0167110989888977
31,5,1.4,fit,1246,sim,clean,wiener,5.0029901787158204e-05,5.0953267867138564e-05,5.080636467122624e-07,0.80814,0.0019130684907666315,50000,1.0184562840820401
31,7,1.8,fit,1246,sim,clean,wiener,6.515801833935848e-05,6.73817529617971e-05,5.843488800580216e-07,0.74628,0.002200313754561707,50000,1.034128334150018
31,11,3.0,fit,1247,sim,clean,wiener,6.785579569937846e-05,6.99259638768768e-05,5.879336206285523e-07,0.7367,0.0022138117764678856,50000,1.0305083472408134
31,1,0.6,fit,1246,sim,clean,wiener,9.106180659366077e-05,9.337094713191167e-05,6.681870501151414e-07,0.64842,0.002515998930026829,50000,1.0253579478008252
31,3,1.0,fit,1246,sim,clean,wiener,5.2235757070955985e-05,5.312567342928384e-05,5.202660218411886e-07,0.79996,0.0019590154494256986,50000,1.017036536047884
31,13,4.0,fit,1247,sim,clean,wiener,7.635463255644927e-05,7.70433806330496e-05,6.120182015444608e-07,0.7099,0.002304500124594549,50000,1.0090203836170797
31,9,2.0,fit,1247,sim,clean,wiener,6.605289664010302e-05,6.800319905170175e-05,5.842235417164149e-07,0.74394,0.0021998418041799697,50000,1.0295263722077954
31,15,5.0,fit,1247,sim,clean,wiener,7.24806190753785e-05,7.23639446911181e-05,5.945324521296546e-07,0.72752,0.002238659089796301,50000,0.9983902678295413
31,17,6.0,fit,1248,sim,clean,wiener,6.828891507152129e-05,6.915048414075646e-05,5.857007222895481e-07,0.73962,0.002205403996294916,50000,1.0126165288807534
31,21,10.0,fit,1248,sim,clean,wiener,6.313191515359509e-05,6.410986585597438e-05,5.649238932701954e-07,0.7586,0.0021271706938490904,50000,1.015490591406898
31,23,20.0,fit,1248,sim,clean,wiener,5.431081304287334e-05,5.5600834778818556e-05,5.342424906210669e-07,0.79064,0.002011642599996287,50000,1.0237525763962851
31,19,8.0,fit,1248,sim,clean,wiener,6.308086495623161e-05,6.382835608875264e-05,5.660548142880272e-07,0.75966,0.0021314290763937973,50000,1.0118497286465504
31,5,1.4,fit,1247,sim,clean,wiener,5.0029901787158204e-05,5.0783299705797104e-05,5.077335124347051e-07,0.80878,0.0019118253994960714,50000,1.01505895258088
31,11,3.0,fit,1248,sim,clean,wiener,6.785579569937846e-05,6.887428587857663e-05,5.836379995586245e-07,0.74066,0.0021976369972441985,50000,1.0150096269404958
31,7,1.8,fit,1247,sim,clean,wiener,6.515801833935848e-05,6.69780785786112e-05,5.760573073953098e-07,0.7478,0.002169092574887501,50000,1.027933020150696
31,3,1.0,fit,1247,sim,clean,wiener,5.2235757070955985e-05,5.306724687382272e-05,5.175930465739327e-07,0.80018,0.0019489505987057615,50000,1.0159180195615287
31,13,4.0,fit,1248,sim,clean,wiener,7.635463255644927e-05,7.734082491539713e-05,6.113848510415417e-07,0.70878,0.0023021152995857407,50000,1.0129159466286313
31,1,0.6,fit,1247,sim,clean,wiener,9.106180659366077e-05,9.333376659661823e-05,6.678993366200153e-07,0.64856,0.0025149155704409665,50000,1.0249496478045452
31,9,2.0,fit,1248,sim,clean,wiener,6.605289664010302e-05,6.707899717440769e-05,5.795379270053167e-07,0.74742,0.0021821985385740146,50000,1.0155345274242171
31,15,5.0,fit,1248,sim,clean,wiener,7.24806190753785e-05,7.351654128521471e-05,6.002103244190302e-07,0.72318,0.002260038613093612,50000,1.01429240289406
31,17,6.0,fit,1249,sim,clean,wiener,6.828891507152129e-05,6.86830716970675e-05,5.786486065793582e-07,0.74138,0.0021788498815777783,50000,1.0057718976078827
31,21,10.0,fit,1249,sim,clean,wiener,6.313191515359509e-05,6.331314009968638e-05,5.603971605775627e-07,0.7616,0.0021101256843577827,50000,1.0028705757721808
31,23,20.0,fit,1249,sim,clean,wiener,5.431081304287334e-05,5.521309491075839e-05,5.291533274088963e-07,0.7921,0.001992479808388239,50000,1.0166133006915727
31,19,8.0,fit,1249,sim,clean,wiener,6.308086495623161e-05,6.348310826102784e-05,5.599371643344386e-07,0.76096,0.0021083936094016503,50000,1.0063766295068295
31,5,1.4,fit,1248,sim,clean,wiener,5.0029901787158204e-05,5.009280405034752e-05,5.033098590716396e-07,0.81138,0.001895168526055671,50000,1.001257293357419
31,11,3.0,fit,1249,sim,clean,wiener,6.785579569937846e-05,6.87096292222771e-05,5.868804304748816e-07,0.74128,0.0022098460825812805,50000,1.012583059620749
31,13,4.0,fit,1249,sim,clean,wiener,7.635463255644927e-05,7.652816464398335e-05,6.10736105285323e-07,0.71184,0.0022996725051193942,50000,1.0022727119720705
31,1,0.6,fit,1248,sim,clean,wiener,9.106180659366077e-05,9.1756249599168e-05,6.62653027638163e-07,0.6545,0.0024951610604086994,50000,1.0076260622480948
31,3,1.0,fit,1248,sim,clean,wiener,5.2235757070955985e-05,5.249360432929535e-05,5.168275831582092e-07,0.80234,0.0019460683142696845,50000,1.0049362213318571
31,7,1.8,fit,1248,sim,clean,wiener,6.515801833935848e-05,6.685060245760514e-05,5.812654544818124e-07,0.74828,0.0021887033896957273,50000,1.025976605203542
31,9,2.0,fit,1249,sim,clean,wiener,6.605289664010302e-05,6.759952466851583e-05,5.877449328121097e-07,0.74546,0.0022131012892709296,50000,1.0234149917276116
31,17,6.0,fit,1250,sim,clean,wiener,6.828891507152129e-05,6.92354682214272e-05,5.828079847195551e-07,0.7393,0.0021945116501626517,50000,1.013861007294003
31,15,5.0,fit,1249,sim,clean,wiener,7.24806190753785e-05,7.274637305413633e-05,5.970625854622391e-07,0.72608,0.0022481860819110254,50000,1.0036665522749115
31,21,10.0,fit,1250,sim,clean,wiener,6.313191515359509e-05,6.420547294672895e-05,5.625653042817983e-07,0.75824,0.0021182896367107373,50000,1.0170049932830643
31,23,20.0,fit,1250,sim,clean,wiener,5.431081304287334e-05,5.5754868425034244e-05,5.304701466443109e-07,0.79006,0.0019974381741434135,50000,1.0265887270187053
31,19,8.0,fit,1250,sim,clean,wiener,6.308086495623161e-05,6.412048886605823e-05,5.648452428190949e-07,0.75856,0.0021268745425681267,50000,1.0164808125340064
31,11,3.0,fit,1250,sim,clean,wiener,6.785579569937846e-05,7.006406300796674e-05,5.912601281100517e-07,0.73618,0.002226337444636307,50000,1.0325435327347947
31,5,1.4,fit,1249,sim,clean,wiener,5.0029901787158204e-05,5.0400871342778866e-05,5.061108339865267e-07,0.81022,0.0019057153480685695,50000,1.0074149567032706
31,13,4.0,fit,1250,sim,clean,wiener,7.635463255644927e-05,7.800476304563711e-05,6.157584494081308e-07,0.70628,0.0023185836953871996,50000,1.021611399779416
31,3,1.0,fit,1249,sim,clean,wiener,5.2235757070955985e-05,5.286540968222976e-05,5.196150290721927e-07,0.80094,0.0019565641940325167,50000,1.0120540535177553
31,9,2.0,fit,1250,sim,clean,wiener,6.605289664010302e-05,6.841749644497151e-05,5.856873257948792e-07,0.74238,0.0022053535529852957,50000,1.0357985784900894
31,7,1.8,fit,1249,sim,clean,wiener,6.515801833935848e-05,6.6659388276096e-05,5.809176282429168e-07,0.749,0.0021873936809177047,50000,1.02304198278281
31,1,0.6,fit,1249,sim,clean,wiener,9.106180659366077e-05,9.225021956806656e-05,6.652902581977101e-07,0.65264,0.00250509131760975,50000,1.0130506193415287
31,17,6.0,fit,1251,sim,clean,wiener,6.828891507152129e-05,6.887959738361857e-05,5.837404446327752e-07,0.74064,0.0021980227450627255,50000,1.008649753938522
31,15,5.0,fit,1250,sim,clean,wiener,7.24806190753785e-05,7.401051125411328e-05,6.021447896146391e-07,0.72132,0.002267322669798224,50000,1.0211076036359972
31,21,10.0,fit,1251,sim,clean,wiener,6.313191515359509e-05,6.363714190724354e-05,5.640971011106378e-07,0.76038,0.002124057481480723,50000,1.008002715463633
31,19,8.0,fit,1251,sim,clean,wiener,6.308086495623161e-05,6.342999321060865e-05,5.620970067516162e-07,0.76116,0.002116526303996239,50000,1.005534614254565
31,23,20.0,fit,1251,sim,clean,wiener,5.431081304287334e-05,5.4883781598159345e-05,5.25494382093238e-07,0.79334,0.001978702375111679,50000,1.0105498062574334
31,11,3.0,fit,1251,sim,clean,wiener,6.785579569937846e-05,6.9580716049152e-05,5.905022888357504e-07,0.738,0.0022234838682269084,50000,1.0254203835058608
31,5,1.4,fit,1250,sim,clean,wiener,5.0029901787158204e-05,5.106480947301888e-05,5.103179202330895e-07,0.80772,0.0019215567572863305,50000,1.020685782879676
31,13,4.0,fit,1251,sim,clean,wiener,7.635463255644927e-05,7.788259842967295e-05,6.171043957028954e-07,0.70674,0.0023236517364947275,50000,1.0200114363996715
31,9,2.0,fit,1251,sim,clean,wiener,6.605289664010302e-05,6.798726453657599e-05,5.808353458088856e-07,0.744,0.0021870838537279276,50000,1.0292851335046305
31,17,6.0,fit,1252,sim,clean,wiener,6.828891507152129e-05,6.979848775587073e-05,5.84535051355602e-07,0.73718,0.002201014766030626,50000,1.0221056767817793
31,7,1.8,fit,1250,sim,clean,wiener,6.515801833935848e-05,6.673374934668286e-05,5.774344416928898e-07,0.74872,0.0021742780516467667,50000,1.0241832248353167
31,1,0.6,fit,1250,sim,clean,wiener,9.106180659366077e-05,9.27707470621747e-05,6.695719540374659e-07,0.65068,0.0025212136626172887,50000,1.0187668192894483
31,21,10.0,fit,1252,sim,clean,wiener,6.313191515359509e-05,6.382835608875264e-05,5.673894393344033e-07,0.75966,0.002136454488347068,50000,1.011031519215965
31,3,1.0,fit,1250,sim,clean,wiener,5.2235757070955985e-05,5.3162853964577285e-05,5.177085245634988e-07,0.79982,0.0019493854208085541,50000,1.017748319266474
31,19,8.0,fit,1252,sim,clean,wiener,6.308086495623161e-05,6.401957027026177e-05,5.65876390582994e-07,0.75894,0.002130757237795792,50000,1.0148809835547035
31,23,20.0,fit,1252,sim,clean,wiener,5.431081304287334e-05,5.528214447630336e-05,5.280139310364933e-07,0.79184,0.001988189512649421,50000,1.0178846785567957
31,15,5.0,fit,1251,sim,clean,wiener,7.24806190753785e-05,7.310755539698687e-05,5.984864459862491e-07,0.72472,0.0022535475021215777,50000,1.00864970980665
31,11,3.0,fit,1252,sim,clean,wiener,6.785579569937846e-05,6.997376742225408e-05,5.986786769006203e-07,0.73652,0.0022542713305387743,50000,1.0312128345271916
31,13,4.0,fit,1252,sim,clean,wiener,7.635463255644927e-05,7.78932214397568e-05,6.190483335636693e-07,0.7067,0.0023309714616778225,50000,1.0201505636500843
31,17,6.0,fit,1253,sim,clean,wiener,6.828891507152129e-05,6.859808761639679e-05,5.851895293920711e-07,0.7417,0.0022034791448886097,50000,1.0045274191946334
31,5,1.4,fit,1251,sim,clean,wiener,5.0029901787158204e-05,5.093202184697087e-05,5.106229977327784e-07,0.80822,0.0019227054994875755,50000,1.0180316176443949
31,9,2.0,fit,1252,sim,clean,wiener,6.605289664010302e-05,6.799788754665984e-05,5.845013736155039e-07,0.74396,0.0022008879554945076,50000,1.0294459593067407
31,21,10.0,fit,1253,sim,clean,wiener,6.313191515359509e-05,6.389209414925568e-05,5.612513582375892e-07,0.75942,0.0021133420897015975,50000,1.0120411204667423
31,19,8.0,fit,1253,sim,clean,wiener,6.308086495623161e-05,6.332376310977023e-05,5.625837881247616e-07,0.76156,0.0021183592359780537,50000,1.003850583750035
31,23,20.0,fit,1253,sim,clean,wiener,5.431081304287334e-05,5.553178521327359e-05,5.313240995723592e-07,0.7909,0.0020006536579707224,50000,1.0224811985310622
31,7,1.8,fit,1251,sim,clean,wiener,6.515801833935848e-05,6.747736005255168e-05,5.806701740509189e-07,0.74592,0.0021864619141583968,50000,1.035595645360384
31,1,0.6,fit,1251,sim,clean,wiener,9.106180659366077e-05,9.294602672855806e-05,6.673354589694645e-07,0.65002,0.002512792339281058,50000,1.020691662129054
31,3,1.0,fit,1251,sim,clean,wiener,5.2235757070955985e-05,5.3704627478853103e-05,5.188457200448196e-07,0.79778,0.0019536674292876793,50000,1.0281200175944962
31,15,5.0,fit,1252,sim,clean,wiener,7.24806190753785e-05,7.408487232470015e-05,6.032116377523222e-07,0.72104,0.002271339791609324,50000,1.022133547833708
31,11,3.0,fit,1253,sim,clean,wiener,6.785579569937846e-05,6.904425403991807e-05,5.889416020096171e-07,0.74002,0.002217607240740665,50000,1.0175144706253956
31,17,6.0,fit,1254,sim,clean,wiener,6.828891507152129e-05,6.840687343488768e-05,5.838822254546103e-07,0.74242,0.002198556608141895,50000,1.0017273427648228
31,13,4.0,fit,1253,sim,clean,wiener,7.635463255644927e-05,7.688934698683392e-05,6.152811682964202e-07,0.71048,0.0023167865357951677,50000,1.0070030384860975
31,19,8.0,fit,1254,sim,clean,wiener,6.308086495623161e-05,6.302631882742272e-05,5.629901790330218e-07,0.76268,0.0021198894648117,50000,0.9991352983373526
31,21,10.0,fit,1254,sim,clean,wiener,6.313191515359509e-05,6.332907461481216e-05,5.612441589600956e-07,0.76154,0.0021133149814622685,50000,1.0031229760848754
31,9,2.0,fit,1253,sim,clean,wiener,6.605289664010302e-05,6.767388573910272e-05,5.827973858493194e-07,0.74518,0.0021944717410591033,50000,1.0245407723423827
31,23,20.0,fit,1254,sim,clean,wiener,5.431081304287334e-05,5.488909310320127e-05,5.254471439859551e-07,0.79332,0.001978524504218551,50000,1.0106476045547583
31,5,1.4,fit,1252,sim,clean,wiener,5.0029901787158204e-05,5.143661482595327e-05,5.102327846519058e-07,0.80632,0.0019212361868246185,50000,1.028117445538463
31,7,1.8,fit,1252,sim,clean,wiener,6.515801833935848e-05,6.667001128617985e-05,5.840792158704161e-07,0.74896,0.002199298358038585,50000,1.0232050173617397
31,1,0.6,fit,1252,sim,clean,wiener,9.106180659366077e-05,9.36683914142592e-05,6.733454166924874e-07,0.6473,0.002535422300753712,50000,1.0286243477710653
31,3,1.0,fit,1252,sim,clean,wiener,5.2235757070955985e-05,5.3401871691463686e-05,5.202729661961019e-07,0.79892,0.0019590415977767156,50000,1.022324068528837
31,15,5.0,fit,1253,sim,clean,wiener,7.24806190753785e-05,7.342624569950207e-05,6.001471269908207e-07,0.72352,0.002259800648796447,50000,1.0130466135111256
31,11,3.0,fit,1254,sim,clean,wiener,6.785579569937846e-05,6.947448594831362e-05,5.879925587649516e-07,0.7384,0.0022140337027804244,50000,1.0238548562027987
31,17,6.0,fit,1255,sim,clean,wiener,6.828891507152129e-05,6.900707350462463e-05,5.850677408683965e-07,0.74016,0.002203020561030689,50000,1.0105164715583954
31,21,10.0,fit,1255,sim,clean,wiener,6.313191515359509e-05,6.418422692656128e-05,5.659704650671728e-07,0.75832,0.0021311114669019917,50000,1.016668459532805
31,19,8.0,fit,1255,sim,clean,wiener,6.308086495623161e-05,6.399832425009407e-05,5.658586097438513e-07,0.75902,0.0021306902856268587,50000,1.0145441774537973
31,13,4.0,fit,1254,sim,clean,wiener,7.635463255644927e-05,7.704869213809154e-05,6.148230914806928e-07,0.70988,0.002315061688272245,50000,1.009089947242286
31,9,2.0,fit,1254,sim,clean,wiener,6.605289664010302e-05,6.708962018449151e-05,5.792861134391217e-07,0.74738,0.002181250356978751,50000,1.015695353226327
31,23,20.0,fit,1255,sim,clean,wiener,5.431081304287334e-05,5.552647370823169e-05,5.320545699088279e-07,0.79092,0.002003404179078031,50000,1.022383400233738
31,1,0.6,fit,1253,sim,clean,wiener,9.106180659366077e-05,9.283448512267775e-05,6.637091367827412e-07,0.65044,0.002499137745496045,50000,1.019466762140214
31,5,1.4,fit,1253,sim,clean,wiener,5.0029901787158204e-05,5.0623954554539524e-05,5.104534844920631e-07,0.80938,0.001922067212450747,50000,1.011873954298543
31,15,5.0,fit,1254,sim,clean,wiener,7.24806190753785e-05,7.235332168103424e-05,5.985638742444539e-07,0.72756,0.0022538390513438555,50000,0.9982437043727252
31,3,1.0,fit,1253,sim,clean,wiener,5.2235757070955985e-05,5.2998197308277745e-05,5.212318254064837e-07,0.80044,0.001962652096883143,50000,1.01459613644129
31,7,1.8,fit,1253,sim,clean,wiener,6.515801833935848e-05,6.728083436600064e-05,5.826308617121644e-07,0.74666,0.002193844709225976,50000,1.0325795056501876
31,17,6.0,fit,1256,sim,clean,wiener,6.828891507152129e-05,7.049960642140417e-05,5.881738595546393e-07,0.73454,0.002214716374784901,50000,1.032372623691086
31,11,3.0,fit,1255,sim,clean,wiener,6.785579569937846e-05,6.924609123151103e-05,5.900826020760574e-07,0.73926,0.0022219035750467996,50000,1.020488972501214
31,21,10.0,fit,1256,sim,clean,wiener,6.313191515359509e-05,6.544305362149631e-05,5.689464467155224e-07,0.75358,0.0021423172612102426,50000,1.036608084235658
31,19,8.0,fit,1256,sim,clean,wiener,6.308086495623161e-05,6.522528191477761e-05,5.664064602362385e-07,0.7544,0.002132753167947645,50000,1.0339947297811134
31,13,4.0,fit,1255,sim,clean,wiener,7.635463255644927e-05,7.772325327841536e-05,6.158697639350046e-07,0.70734,0.00231900284034139,50000,1.0179245276434834
31,23,20.0,fit,1256,sim,clean,wiener,5.431081304287334e-05,5.675874287795712e-05,5.366751645581869e-07,0.78628,0.002020802617422311,50000,1.0450726052130976
31,9,2.0,fit,1255,sim,clean,wiener,6.605289664010302e-05,6.781198487019263e-05,5.823428729108704e-07,0.74466,0.0021927603129992153,50000,1.0266315077698138
31,15,5.0,fit,1255,sim,clean,wiener,7.24806190753785e-05,7.344749171966976e-05,6.050251940812986e-07,0.72344,0.0022781685767263977,50000,1.0133397404247573
31,3,1.0,fit,1254,sim,clean,wiener,5.2235757070955985e-05,5.3162853964577285e-05,5.173225822617721e-07,0.79982,0.001947932189384765,50000,1.017748319266474
31,5,1.4,fit,1254,sim,clean,wiener,5.0029901787158204e-05,5.093202184697087e-05,5.088165433310486e-07,0.80822,0.0019159034560461302,50000,1.0180316176443949
31,7,1.8,fit,1254,sim,clean,wiener,6.515801833935848e-05,6.643099355929345e-05,5.804713817397611e-07,0.74986,0.002185713379384961,50000,1.0195367393358252
31,1,0.6,fit,1254,sim,clean,wiener,9.106180659366077e-05,9.297258425376766e-05,6.653276002643831e-07,0.64992,0.0025052319258417983,50000,1.0209833049835397
31,17,6.0,fit,1257,sim,clean,wiener,6.828891507152129e-05,6.899113898949888e-05,5.806399119541087e-07,0.74022,0.002186347964923401,50000,1.0102831318559113
31,11,3.0,fit,1256,sim,clean,wiener,6.785579569937846e-05,7.034026127014656e-05,5.944137414987088e-07,0.73514,0.002238212095469801,50000,1.0366139037227566
31,21,10.0,fit,1257,sim,clean,wiener,6.313191515359509e-05,6.429045702739967e-05,5.654893762815511e-07,0.75792,0.0021292999698523806,50000,1.0183511282841007
31,19,8.0,fit,1257,sim,clean,wiener,6.308086495623161e-05,6.399301274505215e-05,5.59326612369534e-07,0.75904,0.0021060946302607626,50000,1.0144599759285708
31,23,20.0,fit,1257,sim,clean,wiener,5.431081304287334e-05,5.6238215383848946e-05,5.322899036430788e-07,0.78824,0.002004290307331298,50000,1.0354883720752643
31,13,4.0,fit,1256,sim,clean,wiener,7.635463255644927e-05,7.806318960109824e-05,6.149974705289182e-07,0.70606,0.002315718297074643,50000,1.0223765996566851
31,9,2.0,fit,1256,sim,clean,wiener,6.605289664010302e-05,6.911330360546305e-05,5.83711486287396e-07,0.73976,0.002197913704987829,50000,1.0463326685283012
31,15,5.0,fit,1256,sim,clean,wiener,7.24806190753785e-05,7.483910604065281e-05,6.047104832339667e-07,0.7182,0.002276983561011085,50000,1.0325395532676334
31,7,1.8,fit,1255,sim,clean,wiener,6.515801833935848e-05,6.699932459877886e-05,5.819890352360064e-07,0.74772,0.0021914279686935188,50000,1.0282590893085548
31,5,1.4,fit,1255,sim,clean,wiener,5.0029901787158204e-05,5.1394122785617926e-05,5.11936542188686e-07,0.80648,0.0019276515343516704,50000,1.0272681126631733
31,3,1.0,fit,1255,sim,clean,wiener,5.2235757070955985e-05,5.3184099984744955e-05,5.214538586863878e-07,0.79974,0.0019634881434580846,50000,1.0181550525342393
31,1,0.6,fit,1255,sim,clean,wiener,9.106180659366077e-05,9.357278432350463e-05,6.727290959874052e-07,0.64766,0.002533101599934573,50000,1.0275744334949166
31,17,6.0,fit,1258,sim,clean,wiener,6.828891507152129e-05,6.883179383824127e-05,5.82839309987922e-07,0.74082,0.0021946296026756195,50000,1.0079497348310689
31,11,3.0,fit,1257,sim,clean,wiener,6.785579569937846e-05,6.933107531218175e-05,5.918307222360627e-07,0.73894,0.002228485966087413,50000,1.021741394343664
31,21,10.0,fit,1258,sim,clean,wiener,6.313191515359509e-05,6.302100732238078e-05,5.634567070526434e-07,0.7627,0.002121646134591507,50000,0.998243236706118
31,19,8.0,fit,1258,sim,clean,wiener,6.308086495623161e-05,6.338218966523135e-05,5.645364074278753e-07,0.76134,0.0021257116503604298,50000,1.0047768005275264
31,23,20.0,fit,1258,sim,clean,wiener,5.431081304287334e-05,5.42835815284224e-05,5.262837078694742e-07,0.7956,0.001981674511144711,50000,0.9994985986597283
31,13,4.0,fit,1257,sim,clean,wiener,7.635463255644927e-05,7.767013822799617e-05,6.171482458323794e-07,0.70754,0.0023238168502586714,50000,1.0172288913914207
31,9,2.0,fit,1257,sim,clean,wiener,6.605289664010302e-05,6.773231229456385e-05,5.842273843894656e-07,0.74496,0.0021998562734236978,50000,1.0254253142539882
31,15,5.0,fit,1257,sim,clean,wiener,7.24806190753785e-05,7.342093419446016e-05,6.002865111279064e-07,0.72354,0.0022603254873722767,50000,1.0129733317827179
31,5,1.4,fit,1256,sim,clean,wiener,5.0029901787158204e-05,5.2084618441067506e-05,5.127767773947966e-07,0.80388,0.0019308153653166383,50000,1.0410697718866342
31,3,1.0,fit,1256,sim,clean,wiener,5.2235757070955985e-05,5.358246286288897e-05,5.179260103367571e-07,0.79824,0.0019502043441515305,50000,1.0257813013048447
31,1,0.6,fit,1256,sim,clean,wiener,9.106180659366077e-05,9.41995419184512e-05,6.689838030629963e-07,0.6453,0.0025189990324142567,50000,1.0344572048607792
31,17,6.0,fit,1259,sim,clean,wiener,6.828891507152129e-05,6.952228949369088e-05,5.867390897410987e-07,0.73822,0.0022093138766145445,50000,1.0180611219387192
31,7,1.8,fit,1256,sim,clean,wiener,6.515801833935848e-05,6.744017951725825e-05,5.791714453525872e-07,0.74606,0.0021808185844938164,50000,1.035025024334131
31,21,10.0,fit,1259,sim,clean,wiener,6.313191515359509e-05,6.406206231059711e-05,5.684475980681786e-07,0.75878,0.0021404388909803105,50000,1.014733390468815
31,19,8.0,fit,1259,sim,clean,wiener,6.308086495623161e-05,6.405143930051327e-05,5.670102241827666e-07,0.75882,0.002135026587408845,50000,1.0153861927060621
31,11,3.0,fit,1258,sim,clean,wiener,6.785579569937846e-05,6.984097979620608e-05,5.902904207073761e-07,0.73702,0.0022226860976262888,50000,1.0292559253983635
31,23,20.0,fit,1259,sim,clean,wiener,5.431081304287334e-05,5.508030728471041e-05,5.282082145033605e-07,0.7926,0.0019889210697705524,50000,1.0141683432584525
31,9,2.0,fit,1258,sim,clean,wiener,6.605289664010302e-05,6.710024319457536e-05,5.814429167782165e-07,0.74734,0.0021893716081950168,50000,1.0158561790284373
31,13,4.0,fit,1258,sim,clean,wiener,7.635463255644927e-05,7.717085675405566e-05,6.125735994470894e-07,0.70942,0.0023065914260175743,50000,1.01068991062203
31,15,5.0,fit,1258,sim,clean,wiener,7.24806190753785e-05,7.321378549782529e-05,5.984621970342906e-07,0.72432,0.002253456194848904,50000,1.010115344374809
31,17,6.0,fit,1260,sim,clean,wiener,6.828891507152129e-05,6.912392661554686e-05,5.843641260535241e-07,0.73972,0.0022003711620022805,50000,1.012227629376613
31,5,1.4,fit,1257,sim,clean,wiener,5.0029901787158204e-05,5.0969202382264314e-05,5.082328066058659e-07,0.80808,0.0019137054473063256,50000,1.0187747839102737
31,3,1.0,fit,1257,sim,clean,wiener,5.2235757070955985e-05,5.312036192424191e-05,5.179704479580775e-07,0.79998,0.0019503716700637523,50000,1.0169348527309425
31,1,0.6,fit,1257,sim,clean,wiener,9.106180659366077e-05,9.325409402098944e-05,6.689458061442989e-07,0.64886,0.0025188559583951323,50000,1.0240747192410882
31,7,1.8,fit,1257,sim,clean,wiener,6.515801833935848e-05,6.707368566936575e-05,5.83600921488281e-07,0.74744,0.002197497383066858,50000,1.0294003313610618
31,19,8.0,fit,1260,sim,clean,wiener,6.308086495623161e-05,6.391865167446528e-05,5.616184702093677e-07,0.75932,0.0021147244171921343,50000,1.0132811545754004
31,21,10.0,fit,1260,sim,clean,wiener,6.313191515359509e-05,6.382835608875264e-05,5.636250837068374e-07,0.75966,0.002122280141912841,50000,1.011031519215965
31,23,20.0,fit,1260,sim,clean,wiener,5.431081304287334e-05,5.508561878975233e-05,5.29127018424394e-07,0.79258,0.001992380744246175,50000,1.0142661415557774
31,11,3.0,fit,1259,sim,clean,wiener,6.785579569937846e-05,6.962320808948734e-05,5.895581813769665e-07,0.73784,0.002219928915529574,50000,1.0260465944270853
31,13,4.0,fit,1259,sim,clean,wiener,7.635463255644927e-05,7.831814184311041e-05,6.213854392965219e-07,0.7051,0.0023397716255274563,50000,1.0257156536665868
31,9,2.0,fit,1259,sim,clean,wiener,6.605289664010302e-05,6.78863459407795e-05,5.857512397753323e-07,0.74438,0.002205594215396227,50000,1.0277572883845842
31,15,5.0,fit,1259,sim,clean,wiener,7.24806190753785e-05,7.389365814319105e-05,6.067301220852105e-07,0.72176,0.00228458833154337,50000,1.019495405611023
31,17,6.0,fit,1261,sim,clean,wiener,6.828891507152129e-05,6.883179383824127e-05,5.83429664815124e-07,0.74082,0.002196852531290175,50000,1.0079497348310689
31,5,1.4,fit,1258,sim,clean,wiener,5.0029901787158204e-05,5.062926605958145e-05,5.073336644370277e-07,0.80936,0.0019103198074105075,50000,1.0119801209079546
31,3,1.0,fit,1258,sim,clean,wiener,5.2235757070955985e-05,5.2270521117534716e-05,5.133457405694511e-07,0.80318,0.0019329577455654155,50000,1.0006655220203184
31,19,8.0,fit,1261,sim,clean,wiener,6.308086495623161e-05,6.370619147278847e-05,5.632315847772032e-07,0.76012,0.0021207984566785107,50000,1.0099130935663412
31,21,10.0,fit,1261,sim,clean,wiener,6.313191515359509e-05,6.386022511900416e-05,5.635289525246927e-07,0.75954,0.0021219181684933074,50000,1.0115363198413534
31,23,20.0,fit,1261,sim,clean,wiener,5.431081304287334e-05,5.514404534521345e-05,5.285691617224282e-07,0.79236,0.0019902801844328528,50000,1.0153419228263505
31,1,0.6,fit,1258,sim,clean,wiener,9.106180659366077e-05,9.329658606132478e-05,6.74251890144726e-07,0.6487,0.0025388355459453646,50000,1.0245413478082652
31,7,1.8,fit,1258,sim,clean,wiener,6.515801833935848e-05,6.592640058031105e-05,5.800411047591445e-07,0.75176,0.00218409320966952,50000,1.0117925968366726
31,11,3.0,fit,1260,sim,clean,wiener,6.785579569937846e-05,6.919297618109184e-05,5.868522047818083e-07,0.73946,0.0022097398012435035,50000,1.019706208849683
31,13,4.0,fit,1260,sim,clean,wiener,7.635463255644927e-05,7.72611523397683e-05,6.150868901873389e-07,0.70908,0.002316054998848303,50000,1.0118724922505369
31,9,2.0,fit,1260,sim,clean,wiener,6.605289664010302e-05,6.811474065758209e-05,5.859137808462503e-07,0.74352,0.0022062062493475652,50000,1.0312150431299518
31,17,6.0,fit,1262,sim,clean,wiener,6.828891507152129e-05,7.026590019955969e-05,5.871555573944643e-07,0.73542,0.002210882048535982,50000,1.0289503080546505
31,15,5.0,fit,1260,sim,clean,wiener,7.24806190753785e-05,7.36174598810112e-05,6.041343784925672e-07,0.7228,0.002274814289827672,50000,1.015684755733811
31,3,1.0,fit,1259,sim,clean,wiener,5.2235757070955985e-05,5.3300953095667196e-05,5.20355334530255e-07,0.7993,0.0019593517484157645,50000,1.0203920855069502
31,19,8.0,fit,1262,sim,clean,wiener,6.308086495623161e-05,6.4800361511424e-05,5.661532580197177e-07,0.756,0.0021317997575130416,50000,1.0272586077629953
31,21,10.0,fit,1262,sim,clean,wiener,6.313191515359509e-05,6.500219870301696e-05,5.682913104058243e-07,0.75524,0.002139850403682941,50000,1.0296250089177812
31,23,20.0,fit,1262,sim,clean,wiener,5.431081304287334e-05,5.667375879728641e-05,5.356185725561824e-07,0.7866,0.0020168241141782567,50000,1.0435078324559004
31,5,1.4,fit,1259,sim,clean,wiener,5.0029901787158204e-05,5.1123236028479996e-05,5.110860939306235e-07,0.8075,0.001924449247047599,50000,1.0218536155831996
31,11,3.0,fit,1261,sim,clean,wiener,6.785579569937846e-05,6.99525214020864e-05,5.901027676301994e-07,0.7366,0.002221979506648042,50000,1.030899729066579
31,1,0.6,fit,1259,sim,clean,wiener,9.106180659366077e-05,9.323815950586367e-05,6.656568261641837e-07,0.64892,0.0025064715966966774,50000,1.0238997335283968
31,7,1.8,fit,1259,sim,clean,wiener,6.515801833935848e-05,6.715866975003647e-05,5.787144522466265e-07,0.74712,0.00217909781758367,50000,1.030704607992498
31,13,4.0,fit,1261,sim,clean,wiener,7.635463255644927e-05,7.744174351119359e-05,6.105575087749857e-07,0.7084,0.00229900001583838,50000,1.0142376555075505
31,9,2.0,fit,1261,sim,clean,wiener,6.605289664010302e-05,6.834313537438464e-05,5.828832549724976e-07,0.74266,0.002194795073607978,50000,1.0346727978753187
31,17,6.0,fit,1263,sim,clean,wiener,6.828891507152129e-05,6.909736909033727e-05,5.826542647218747e-07,0.73982,0.002193932831178325,50000,1.0118387298724727
31,15,5.0,fit,1261,sim,clean,wiener,7.24806190753785e-05,7.357496784067582e-05,6.019922781282685e-07,0.72296,0.0022667484013557883,50000,1.0150985019065473
31,19,8.0,fit,1263,sim,clean,wiener,6.308086495623161e-05,6.37911755534592e-05,5.644384421037449e-07,0.7598,0.0021253427706423187,50000,1.0112603179699649
31,21,10.0,fit,1263,sim,clean,wiener,6.313191515359509e-05,6.381773307866879e-05,5.645579616298409e-07,0.7597,0.00212579281079159,50000,1.0108632523408352
31,23,20.0,fit,1263,sim,clean,wiener,5.431081304287334e-05,5.512279932504575e-05,5.311416191951085e-07,0.79244,0.0019999665443341526,50000,1.0149507296370506
31,3,1.0,fit,1260,sim,clean,wiener,5.2235757070955985e-05,5.320534600491263e-05,5.211140416225217e-07,0.79966,0.001962208592516556,50000,1.0185617858020048
31,5,1.4,fit,1260,sim,clean,wiener,5.0029901787158204e-05,5.068238111000064e-05,5.092015650201574e-07,0.80916,0.0019173532209849564,50000,1.0130417870020667
31,11,3.0,fit,1262,sim,clean,wiener,6.785579569937846e-05,7.078642769366783e-05,5.906627431543418e-07,0.73346,0.00222408804469789,50000,1.0431891183956186
31,7,1.8,fit,1260,sim,clean,wiener,6.515801833935848e-05,6.725427684079104e-05,5.824793750831517e-07,0.74676,0.0021932742997928037,50000,1.032171919202864
31,1,0.6,fit,1260,sim,clean,wiener,9.106180659366077e-05,9.320629047561217e-05,6.68041202487641e-07,0.64904,0.0025154497537524987,50000,1.023549762103014
31,13,4.0,fit,1262,sim,clean,wiener,7.635463255644927e-05,7.905644104393726e-05,6.167119216579794e-07,0.70232,0.0023221739103726833,50000,1.0353849975702591
31,9,2.0,fit,1262,sim,clean,wiener,6.605289664010302e-05,6.831126634413311e-05,5.850883614828398e-07,0.74278,0.0022030982061210375,50000,1.0341903204689884
31,17,6.0,fit,1264,sim,clean,wiener,6.828891507152129e-05,6.834844687942656e-05,5.822732770354852e-07,0.74264,0.0021924982559180834,50000,1.0008717638557139
31,15,5.0,fit,1262,sim,clean,wiener,7.24806190753785e-05,7.473287593981439e-05,6.040218126580872e-07,0.7186,0.0022743904331859422,50000,1.0310739186994746
31,21,10.0,fit,1264,sim,clean,wiener,6.313191515359509e-05,6.347779675598592e-05,5.653492515877537e-07,0.76098,0.002128772342776094,50000,1.0054787123366895
31,19,8.0,fit,1264,sim,clean,wiener,6.308086495623161e-05,6.295726926187777e-05,5.624703412759066e-07,0.76294,0.002117932061955024,50000,0.9980406785094086
31,23,20.0,fit,1264,sim,clean,wiener,5.431081304287334e-05,5.479348601244671e-05,5.263664874258688e-07,0.79368,0.0019819862102045493,50000,1.0088872352029115
31,5,1.4,fit,1261,sim,clean,wiener,5.0029901787158204e-05,5.095857937218049e-05,5.076919523608833e-07,0.80812,0.001911668908733119,50000,1.0185624506914515
31,3,1.0,fit,1261,sim,clean,wiener,5.2235757070955985e-05,5.2737933561223674e-05,5.148656489836628e-07,0.80142,0.0019386808255670955,50000,1.0096136539111618
31,11,3.0,fit,1263,sim,clean,wiener,6.785579569937846e-05,6.99525214020864e-05,5.895887095522503e-07,0.7366,0.002220043866659406,50000,1.030899729066579
31,7,1.8,fit,1261,sim,clean,wiener,6.515801833935848e-05,6.642568205425153e-05,5.790624317961418e-07,0.74988,0.0021804081036392,50000,1.0194552220463604
31,1,0.6,fit,1261,sim,clean,wiener,9.106180659366077e-05,9.341875067728894e-05,6.677457281692993e-07,0.64824,0.0025143371714768173,50000,1.0258829049388996
31,9,2.0,fit,1263,sim,clean,wiener,6.605289664010302e-05,6.789165744582143e-05,5.846018546136651e-07,0.74436,0.0022012663077595183,50000,1.0278377012856394
31,17,6.0,fit,1265,sim,clean,wiener,6.828891507152129e-05,6.856090708110334e-05,5.829661758363494e-07,0.74184,0.002195107304748483,50000,1.0039829598888368
31,13,4.0,fit,1263,sim,clean,wiener,7.635463255644927e-05,7.754266210699008e-05,6.141978723259935e-07,0.70802,0.0023127074811322163,50000,1.0155593643864698
31,21,10.0,fit,1265,sim,clean,wiener,6.313191515359509e-05,6.341405869548288e-05,5.617139469613613e-07,0.76122,0.002115083926413118,50000,1.004469111085912
31,19,8.0,fit,1265,sim,clean,wiener,6.308086495623161e-05,6.367432244253695e-05,5.630857893591003e-07,0.76024,0.002120249476994025,50000,1.0094078844149823
31,15,5.0,fit,1263,sim,clean,wiener,7.24806190753785e-05,7.365464041630465e-05,5.997290031643802e-07,0.72266,0.002258226240702543,50000,1.0161977278326664
31,23,20.0,fit,1265,sim,clean,wiener,5.431081304287334e-05,5.5000634709081587e-05,5.278128909980236e-07,0.7929,0.001987432514258633,50000,1.0127013687985797
31,11,3.0,fit,1264,sim,clean,wiener,6.785579569937846e-05,6.919297618109184e-05,5.867152369368089e-07,0.73946,0.0022092240610006968,50000,1.019706208849683
31,3,1.0,fit,1262,sim,clean,wiener,5.2235757070955985e-05,5.368869296372736e-05,5.206134284196139e-07,0.79784,0.0019603235780095312,50000,1.0278149676436725
31,5,1.4,fit,1262,sim,clean,wiener,5.0029901787158204e-05,5.1521598906623984e-05,5.094775345455536e-07,0.806,0.001918392359696934,50000,1.0298161112890427
31,1,0.6,fit,1262,sim,clean,wiener,9.106180659366077e-05,9.33762586369536e-05,6.681745032977525e-07,0.6484,0.0025159516861014636,50000,1.0254162763717225
31,7,1.8,fit,1262,sim,clean,wiener,6.515801833935848e-05,6.767388573910272e-05,5.826628731992085e-07,0.74518,0.002193965245634363,50000,1.0386117850705805
31,17,6.0,fit,1266,sim,clean,wiener,6.828891507152129e-05,7.012248956342785e-05,5.857710094127744e-07,0.73596,0.0022056686562083364,50000,1.0268502507322923
31,13,4.0,fit,1264,sim,clean,wiener,7.635463255644927e-05,7.692652752212737e-05,6.163249726193163e-07,0.71034,0.0023207168881704664,50000,1.0074899838625415
31,9,2.0,fit,1264,sim,clean,wiener,6.605289664010302e-05,6.783323089036031e-05,5.825635225406944e-07,0.74458,0.002193591149562798,50000,1.026953159374034
31,21,10.0,fit,1266,sim,clean,wiener,6.313191515359509e-05,6.473662345092095e-05,5.664768158162744e-07,0.75624,0.002133018085629096,50000,1.025418337039542
31,19,8.0,fit,1266,sim,clean,wiener,6.308086495623161e-05,6.486409957192705e-05,5.664288914003554e-07,0.75576,0.0021328376305018173,50000,1.028269026065713
31,23,20.0,fit,1266,sim,clean,wiener,5.431081304287334e-05,5.557427725360896e-05,5.298954027299207e-07,0.79074,0.0019952740270331153,50000,1.0232635849096612
31,15,5.0,fit,1264,sim,clean,wiener,7.24806190753785e-05,7.259765091296256e-05,6.002422177864273e-07,0.72664,0.0022601587047329703,50000,1.0016146638794898
31,11,3.0,fit,1265,sim,clean,wiener,6.785579569937846e-05,6.940012487772672e-05,5.867529325913305e-07,0.73868,0.002209366000636352,50000,1.0227589870906548
31,3,1.0,fit,1263,sim,clean,wiener,5.2235757070955985e-05,5.320534600491263e-05,5.196676049827297e-07,0.79966,0.0019567621639492243,50000,1.0185617858020048
31,5,1.4,fit,1263,sim,clean,wiener,5.0029901787158204e-05,5.118166258394112e-05,5.112224816041132e-07,0.80728,0.001924962802706168,50000,1.0230214482867235
31,17,6.0,fit,1267,sim,clean,wiener,6.828891507152129e-05,6.944792842310398e-05,5.846968353291906e-07,0.7385,0.0022016239491992828,50000,1.0169722033271258
31,1,0.6,fit,1263,sim,clean,wiener,9.106180659366077e-05,9.331783208149248e-05,6.716880722062912e-07,0.64862,0.0025291817174421423,50000,1.024774662091854
31,7,1.8,fit,1263,sim,clean,wiener,6.515801833935848e-05,6.700463610382079e-05,5.826263638167208e-07,0.7477,0.002193827772800582,50000,1.0283406065980198
31,13,4.0,fit,1265,sim,clean,wiener,7.635463255644927e-05,7.699026558263041e-05,6.139760288922725e-07,0.7101,0.0023118721494061983,50000,1.008324747365017
31,9,2.0,fit,1265,sim,clean,wiener,6.605289664010302e-05,6.765263971893503e-05,5.812412776928669e-07,0.74526,0.002188612354146463,50000,1.0242191207381623
31,21,10.0,fit,1267,sim,clean,wiener,6.313191515359509e-05,6.430639154252544e-05,5.629035997626788e-07,0.75786,0.0021195634582668143,50000,1.0186035285967951
31,19,8.0,fit,1267,sim,clean,wiener,6.308086495623161e-05,6.39239631795072e-05,5.631555602901443e-07,0.7593,0.002120512193231676,50000,1.0133653561006268
31,23,20.0,fit,1267,sim,clean,wiener,5.431081304287334e-05,5.5383063072099824e-05,5.309632630259924e-07,0.79146,0.0019992949600366383,50000,1.0197428462059672
31,15,5.0,fit,1265,sim,clean,wiener,7.24806190753785e-05,7.305444034656768e-05,6.012149504566999e-07,0.72492,0.0022638214431191543,50000,1.007916892522571
31,11,3.0,fit,1266,sim,clean,wiener,6.785579569937846e-05,6.957009303906815e-05,5.908137747868405e-07,0.73804,0.0022246567408821414,50000,1.0252638307755544
31,3,1.0,fit,1264,sim,clean,wiener,5.2235757070955985e-05,5.3322199115834866e-05,5.169246814506223e-07,0.79922,0.0019464339292569498,50000,1.0207988187747155
31,5,1.4,fit,1264,sim,clean,wiener,5.0029901787158204e-05,5.10966785032704e-05,5.074942969507835e-07,0.8076,0.0019109246548595377,50000,1.0213227825361435
31,17,6.0,fit,1268,sim,clean,wiener,6.828891507152129e-05,7.017029310880512e-05,5.893620155415123e-07,0.73578,0.0022191902705168856,50000,1.0275502698397447
31,1,0.6,fit,1264,sim,clean,wiener,9.106180659366077e-05,9.201120184118016e-05,6.626662876449769e-07,0.65354,0.002495210989785436,50000,1.0104258336511576
31,13,4.0,fit,1266,sim,clean,wiener,7.635463255644927e-05,7.756921963219968e-05,6.164671824266724e-07,0.70792,0.002321252366556475,50000,1.0159071825125012
31,21,10.0,fit,1268,sim,clean,wiener,6.313191515359509e-05,6.478442699629825e-05,5.661864724621979e-07,0.75606,0.0021319248235431706,50000,1.0261755379776254
31,9,2.0,fit,1266,sim,clean,wiener,6.605289664010302e-05,6.835906988951039e-05,5.839230299644146e-07,0.7426,0.0021987102538957148,50000,1.0349140365784837
31,19,8.0,fit,1268,sim,clean,wiener,6.308086495623161e-05,6.471537743075328e-05,5.66255866586482e-07,0.75632,0.002132186120948469,50000,1.0259113833593716
31,23,20.0,fit,1268,sim,clean,wiener,5.431081304287334e-05,5.621696936368127e-05,5.331949655725067e-07,0.78832,0.0020076982375593026,50000,1.035097178885965
31,7,1.8,fit,1264,sim,clean,wiener,6.515801833935848e-05,6.720116179037185e-05,5.8150124325408e-07,0.74696,0.00218959123135419,50000,1.0313567463082165
31,15,5.0,fit,1266,sim,clean,wiener,7.24806190753785e-05,7.41751679104128e-05,6.01266351114648e-07,0.7207,0.0022640149877267276,50000,1.0233793372166429
31,11,3.0,fit,1267,sim,clean,wiener,6.785579569937846e-05,6.993658688696064e-05,5.91960648390589e-07,0.73666,0.0022289751914708056,50000,1.0306648999711197
31,17,6.0,fit,1269,sim,clean,wiener,6.828891507152129e-05,6.985160280628993e-05,5.859535209247796e-07,0.73698,0.0022063558870800562,50000,1.0228834757900602
31,5,1.4,fit,1265,sim,clean,wiener,5.0029901787158204e-05,5.0560216494036474e-05,5.072163291515283e-07,0.80962,0.0019098779918250066,50000,1.0105999549856082
31,3,1.0,fit,1265,sim,clean,wiener,5.2235757070955985e-05,5.3269084065415674e-05,5.167524807817865e-07,0.79942,0.0019457855229484677,50000,1.0197819856053016
31,21,10.0,fit,1269,sim,clean,wiener,6.313191515359509e-05,6.466757388537601e-05,5.658122405048093e-07,0.7565,0.002130515686379843,50000,1.0243246023512003
31,19,8.0,fit,1269,sim,clean,wiener,6.308086495623161e-05,6.44338676635315e-05,5.668476393220073e-07,0.75738,0.0021344143885707527,50000,1.0214487025223682
31,1,0.6,fit,1265,sim,clean,wiener,9.106180659366077e-05,9.34293736873728e-05,6.738684643993634e-07,0.6482,0.002537391790390822,50000,1.0259995620806939
31,23,20.0,fit,1269,sim,clean,wiener,5.431081304287334e-05,5.6121362272926705e-05,5.338921115203489e-07,0.78868,0.002010323278644043,50000,1.033336809534118
31,13,4.0,fit,1267,sim,clean,wiener,7.635463255644927e-05,7.728770986497791e-05,6.121164438893254e-07,0.70898,0.0023048700474096054,50000,1.0122203103765683
31,9,2.0,fit,1267,sim,clean,wiener,6.605289664010302e-05,6.756765563826431e-05,5.831982940118949e-07,0.74558,0.002195981325101334,50000,1.0229325143212815
31,7,1.8,fit,1265,sim,clean,wiener,6.515801833935848e-05,6.76951317592704e-05,5.821634534227278e-07,0.7451,0.002192084724868444,50000,1.0389378542284395
31,15,5.0,fit,1267,sim,clean,wiener,7.24806190753785e-05,7.335719613395712e-05,5.997930293255073e-07,0.72378,0.0022584673255198287,50000,1.0120939510418228
31,11,3.0,fit,1268,sim,clean,wiener,6.785579569937846e-05,7.06164595323264e-05,5.924590442298007e-07,0.7341,0.002230851856691974,50000,1.040684274710719
31,17,6.0,fit,1270,sim,clean,wiener,6.828891507152129e-05,6.996845591721216e-05,5.910039183015951e-07,0.73654,0.0022253727093816686,50000,1.0245946336082778
31,3,1.0,fit,1266,sim,clean,wiener,5.2235757070955985e-05,5.3821480589775345e-05,5.229764237489959e-07,0.79734,0.0019692212268331037,50000,1.030357050567207
31,5,1.4,fit,1266,sim,clean,wiener,5.0029901787158204e-05,5.136756526040833e-05,5.117121814498524e-07,0.80658,0.001926806723937059,50000,1.0267372796161172
31,21,10.0,fit,1270,sim,clean,wiener,6.313191515359509e-05,6.429576853244159e-05,5.646785704826509e-07,0.7579,0.0021262469527037527,50000,1.0184352617216654
31,19,8.0,fit,1270,sim,clean,wiener,6.308086495623161e-05,6.439668712823808e-05,5.66510932739944e-07,0.75752,0.0021331465498719056,50000,1.020859291845783
31,23,20.0,fit,1270,sim,clean,wiener,5.431081304287334e-05,5.535119404184833e-05,5.281541365744013e-07,0.79158,0.0019887174441370176,50000,1.0191560564220186
31,1,0.6,fit,1266,sim,clean,wiener,9.106180659366077e-05,9.324347101090559e-05,6.725641450911745e-07,0.6489,0.0025324804920002727,50000,1.0239580620992939
31,13,4.0,fit,1268,sim,clean,wiener,7.635463255644927e-05,7.867932418596095e-05,6.170772289698078e-07,0.70374,0.0023235494425766262,50000,1.0304459801806134
31,9,2.0,fit,1268,sim,clean,wiener,6.605289664010302e-05,6.862995664664831e-05,5.825442642901771e-07,0.74158,0.0021935186343326873,50000,1.0390150945322914
31,7,1.8,fit,1266,sim,clean,wiener,6.515801833935848e-05,6.754109811305472e-05,5.851969034478546e-07,0.74568,0.00220350691124005,50000,1.0365738528339612
31,15,5.0,fit,1268,sim,clean,wiener,7.24806190753785e-05,7.472225292973057e-05,6.056528727035315e-07,0.71864,0.002280532044772758,50000,1.030927355242659
31,17,6.0,fit,1271,sim,clean,wiener,6.828891507152129e-05,6.866182567689983e-05,5.807950961311932e-07,0.74146,0.0021869322971450962,50000,1.0054607780045703
31,11,3.0,fit,1269,sim,clean,wiener,6.785579569937846e-05,6.946917444327169e-05,5.864973347893681e-07,0.73842,0.002208403569837755,50000,1.0237765798376453
31,21,10.0,fit,1271,sim,clean,wiener,6.313191515359509e-05,6.36583879274112e-05,5.652452159432698e-07,0.7603,0.002128380605806392,50000,1.0083392492138918
31,3,1.0,fit,1267,sim,clean,wiener,5.2235757070955985e-05,5.365151242843391e-05,5.20857721281757e-07,0.79798,0.0019612434410623387,50000,1.0271031844250824
31,19,8.0,fit,1271,sim,clean,wiener,6.308086495623161e-05,6.349904277615359e-05,5.613671383361071e-07,0.7609,0.0021137780493687883,50000,1.0066292340825087
31,23,20.0,fit,1271,sim,clean,wiener,5.431081304287334e-05,5.556365424352511e-05,5.324068924693521e-07,0.79078,0.002004730818355386,50000,1.0230679883150113
31,5,1.4,fit,1267,sim,clean,wiener,5.0029901787158204e-05,5.128258117973761e-05,5.107756821837425e-07,0.8069,0.00192328041921281,50000,1.0250386138655372
31,13,4.0,fit,1269,sim,clean,wiener,7.635463255644927e-05,7.772856478345729e-05,6.124400034807266e-07,0.70732,0.0023060883822839866,50000,1.0179940912686898
31,1,0.6,fit,1267,sim,clean,wiener,9.106180659366077e-05,9.325409402098944e-05,6.740097327098277e-07,0.64886,0.002537923723653991,50000,1.0240747192410882
31,9,2.0,fit,1269,sim,clean,wiener,6.605289664010302e-05,6.814129818279169e-05,5.834509288507471e-07,0.74342,0.0021969325991257707,50000,1.031617107635227
31,7,1.8,fit,1267,sim,clean,wiener,6.515801833935848e-05,6.711617770970111e-05,5.794032581255512e-07,0.74728,0.0021816914548804,50000,1.0300524696767797
31,15,5.0,fit,1269,sim,clean,wiener,7.24806190753785e-05,7.400519974907136e-05,5.980955769820894e-07,0.72134,0.0022520757196378,50000,1.0210343219075892
31,17,6.0,fit,1272,sim,clean,wiener,6.828891507152129e-05,6.949573196848128e-05,5.842351537777696e-07,0.73832,0.0021998855283645955,50000,1.0176722224345789
31,21,10.0,fit,1272,sim,clean,wiener,6.313191515359509e-05,6.423203047193855e-05,5.62379526538335e-07,0.75814,0.002117590107134856,50000,1.017425660470888
31,11,3.0,fit,1270,sim,clean,wiener,6.785579569937846e-05,6.988347183654144e-05,5.89081317617914e-07,0.73686,0.0022181333274418702,50000,1.0298821363195887
31,19,8.0,fit,1272,sim,clean,wiener,6.308086495623161e-05,6.409924284589056e-05,5.61522994882861e-07,0.75864,0.0021143649133386947,50000,1.0161440064331004
31,23,20.0,fit,1272,sim,clean,wiener,5.431081304287334e-05,5.5462735647728645e-05,5.272116524953693e-07,0.79116,0.0019851686041318078,50000,1.02120982066584
31,3,1.0,fit,1268,sim,clean,wiener,5.2235757070955985e-05,5.341780620658944e-05,5.185016279661697e-07,0.79886,0.0019523717811580654,50000,1.022629118479661
31,5,1.4,fit,1268,sim,clean,wiener,5.0029901787158204e-05,5.142599181586945e-05,5.110567814885697e-07,0.80636,0.0019243388736531562,50000,1.0279051123196408
31,13,4.0,fit,1270,sim,clean,wiener,7.635463255644927e-05,7.81322391666432e-05,6.178757712320844e-07,0.7058,0.0023265562824684245,50000,1.0232809267843668
31,1,0.6,fit,1268,sim,clean,wiener,9.106180659366077e-05,9.288228866805505e-05,6.715134897225912e-07,0.65026,0.0025285243426215512,50000,1.0199917192782886
31,9,2.0,fit,1270,sim,clean,wiener,6.605289664010302e-05,6.879992480798974e-05,5.882443901905703e-07,0.74094,0.0022149819516237607,50000,1.0415883073660528
31,17,6.0,fit,1273,sim,clean,wiener,6.828891507152129e-05,6.842811945505536e-05,5.82085885059967e-07,0.74234,0.0021917926480949173,50000,1.002038462368135
31,15,5.0,fit,1270,sim,clean,wiener,7.24806190753785e-05,7.401051125411328e-05,6.048826945065735e-07,0.72132,0.0022776320072471243,50000,1.0211076036359972
31,7,1.8,fit,1268,sim,clean,wiener,6.515801833935848e-05,6.740299898196481e-05,5.803006062149778e-07,0.7462,0.002185070339329702,50000,1.0344544033078775
31,21,10.0,fit,1273,sim,clean,wiener,6.313191515359509e-05,6.328127106943489e-05,5.62406703195984e-07,0.76172,0.0021176924384230106,50000,1.0023657751467927
31,19,8.0,fit,1273,sim,clean,wiener,6.308086495623161e-05,6.288290819129087e-05,5.60087682040766e-07,0.76322,0.0021089603704425963,50000,0.9968618571562377
31,23,20.0,fit,1273,sim,clean,wiener,5.431081304287334e-05,5.451197624522496e-05,5.23363433495229e-07,0.79474,0.0019706784776242774,50000,1.0037039254446958
31,11,3.0,fit,1271,sim,clean,wiener,6.785579569937846e-05,6.91292381205888e-05,5.89402193279957e-07,0.7397,0.002219341556218876,50000,1.0187668924678455
31,3,1.0,fit,1269,sim,clean,wiener,5.2235757070955985e-05,5.336469115617024e-05,5.206358487384854e-07,0.79906,0.001960407999726896,50000,1.021612285310247
31,5,1.4,fit,1269,sim,clean,wiener,5.0029901787158204e-05,5.074080766546176e-05,5.0762031236964e-07,0.80894,0.0019113991547154616,50000,1.0142096197055903
31,13,4.0,fit,1271,sim,clean,wiener,7.635463255644927e-05,7.688934698683392e-05,6.105268858288222e-07,0.71048,0.0022988847078572266,50000,1.0070030384860975
31,9,2.0,fit,1271,sim,clean,wiener,6.605289664010302e-05,6.704712814415616e-05,5.829972874054647e-07,0.74754,0.0021952244525959186,50000,1.0150520500178868
31,1,0.6,fit,1269,sim,clean,wiener,9.106180659366077e-05,9.262733642604287e-05,6.608941738246843e-07,0.65122,0.00248853825275024,50000,1.0171919478752256
31,17,6.0,fit,1274,sim,clean,wiener,6.828891507152129e-05,6.876805577773823e-05,5.864786398173795e-07,0.74106,0.002208333175582865,50000,1.007016376021132
31,15,5.0,fit,1271,sim,clean,wiener,7.24806190753785e-05,7.286853767010047e-05,6.037225729613068e-07,0.72562,0.0022732636727125217,50000,1.0053520320282936
31,7,1.8,fit,1269,sim,clean,wiener,6.515801833935848e-05,6.671781483155712e-05,5.815736875225975e-07,0.74878,0.0021898640138064166,50000,1.0239386729669224
31,21,10.0,fit,1274,sim,clean,wiener,6.313191515359509e-05,6.325471354422527e-05,5.630421151047879e-07,0.76182,0.0021200850254724027,50000,1.0019451079589683
31,19,8.0,fit,1274,sim,clean,wiener,6.308086495623161e-05,6.316972946355455e-05,5.635194771385181e-07,0.76214,0.0021218824897691045,50000,1.0014087395184672
31,23,20.0,fit,1274,sim,clean,wiener,5.431081304287334e-05,5.435794259900927e-05,5.26398040292208e-07,0.79532,0.001982105019717447,50000,1.0008677748222756
31,11,3.0,fit,1272,sim,clean,wiener,6.785579569937846e-05,7.031901524997888e-05,5.92653849057401e-07,0.73522,0.0022315853769505935,50000,1.0363007982621444
31,3,1.0,fit,1270,sim,clean,wiener,5.2235757070955985e-05,5.3476232762050554e-05,5.199502137282821e-07,0.79864,0.0019578263020544203,50000,1.0237476349660164
31,5,1.4,fit,1270,sim,clean,wiener,5.0029901787158204e-05,5.086828378646785e-05,5.090287417853018e-07,0.80846,0.0019167024704594777,50000,1.0167576183314604
31,13,4.0,fit,1272,sim,clean,wiener,7.635463255644927e-05,7.770200725824767e-05,6.153236099951634e-07,0.70742,0.002316946346238378,50000,1.017646273142658
31,9,2.0,fit,1272,sim,clean,wiener,6.605289664010302e-05,6.773231229456385e-05,5.824283870087036e-07,0.74496,0.0021930823087317176,50000,1.0254253142539882
31,17,6.0,fit,1275,sim,clean,wiener,6.828891507152129e-05,6.944792842310398e-05,5.858328922439004e-07,0.7385,0.002205901670507062,50000,1.0169722033271258
31,1,0.6,fit,1270,sim,clean,wiener,9.106180659366077e-05,9.327534004115711e-05,6.68531910185381e-07,0.64878,0.002517297469960493,50000,1.0243080335246768
31,15,5.0,fit,1272,sim,clean,wiener,7.24806190753785e-05,7.391490416335872e-05,6.018440579544527e-07,0.72168,0.002266190291469246,50000,1.0197885325246545
31,7,1.8,fit,1270,sim,clean,wiener,6.515801833935848e-05,6.756765563826431e-05,5.87045735970857e-07,0.74558,0.0022104685257293933,50000,1.036981439281285
31,21,10.0,fit,1275,sim,clean,wiener,6.313191515359509e-05,6.471006592571135e-05,5.66627609586838e-07,0.75634,0.002133585886165379,50000,1.0249976698517183
31,19,8.0,fit,1275,sim,clean,wiener,6.308086495623161e-05,6.459852431983104e-05,5.681711295455645e-07,0.75676,0.0021393978733386734,50000,1.024058949804389
31,23,20.0,fit,1275,sim,clean,wiener,5.431081304287334e-05,5.5861098525872634e-05,5.317015219881844e-07,0.78966,0.002002074808521636,50000,1.0285446929652018
31,11,3.0,fit,1273,sim,clean,wiener,6.785579569937846e-05,6.840156192984577e-05,5.847061987099276e-07,0.74244,0.002201659206176968,50000,1.0080430304418684
31,3,1.0,fit,1271,sim,clean,wiener,5.2235757070955985e-05,5.261576894525951e-05,5.147471951498301e-07,0.80188,0.0019382347981872932,50000,1.0072749376215093
31,5,1.4,fit,1271,sim,clean,wiener,5.0029901787158204e-05,5.034775629235967e-05,5.095436630385873e-07,0.81042,0.0019186413606580995,50000,1.0063532906091583
31,13,4.0,fit,1273,sim,clean,wiener,7.635463255644927e-05,7.666095227003136e-05,6.121625878661554e-07,0.71134,0.0023050437984517896,50000,1.0040118026022276
31,17,6.0,fit,1276,sim,clean,wiener,6.828891507152129e-05,7.023403116930816e-05,5.830368011342148e-07,0.73554,0.00219537323802844,50000,1.0284836286496817
31,9,2.0,fit,1273,sim,clean,wiener,6.605289664010302e-05,6.737112995171328e-05,5.83337429994655e-07,0.74632,0.0021965052292741137,50000,1.0199572369822447
31,1,0.6,fit,1271,sim,clean,wiener,9.106180659366077e-05,9.25051718100787e-05,6.619638890734606e-07,0.65168,0.0024925661704132515,50000,1.0158503907445915
31,15,5.0,fit,1273,sim,clean,wiener,7.24806190753785e-05,7.302788282135808e-05,5.989125666173757e-07,0.72502,0.002255152021472547,50000,1.0075504838805314
31,7,1.8,fit,1271,sim,clean,wiener,6.515801833935848e-05,6.672312633659904e-05,5.808559095797614e-07,0.74876,0.0021871612847788767,50000,1.0240201902563872
31,21,10.0,fit,1276,sim,clean,wiener,6.313191515359509e-05,6.451354023916033e-05,5.644896969440046e-07,0.75708,0.002125535766186351,50000,1.0218847326618217
31,19,8.0,fit,1276,sim,clean,wiener,6.308086495623161e-05,6.486941107696897e-05,5.647920846822926e-07,0.75574,0.0021266743803301817,50000,1.0283532275909395
31,23,20.0,fit,1276,sim,clean,wiener,5.431081304287334e-05,5.586641003091455e-05,5.288094916430485e-07,0.78964,0.0019911851253816932,50000,1.0286424912625265
31,11,3.0,fit,1274,sim,clean,wiener,6.785579569937846e-05,6.864589116177409e-05,5.886469384966117e-07,0.74152,0.0022164977114803902,50000,1.0116437432389118
31,5,1.4,fit,1272,sim,clean,wiener,5.0029901787158204e-05,5.113385903856385e-05,5.081492456544839e-07,0.80746,0.001913390805973135,50000,1.0220659488020225
31,3,1.0,fit,1272,sim,clean,wiener,5.2235757070955985e-05,5.3577151357847045e-05,5.186335662101976e-07,0.79826,0.0019528685828855855,50000,1.025679617987903
31,17,6.0,fit,1277,sim,clean,wiener,6.828891507152129e-05,6.932576380713986e-05,5.876052313263476e-07,0.73896,0.002212575255746874,50000,1.0151832656080806
31,13,4.0,fit,1274,sim,clean,wiener,7.635463255644927e-05,7.671406732045056e-05,6.123047494519757e-07,0.71114,0.002305579095263892,50000,1.0047074388542903
31,9,2.0,fit,1274,sim,clean,wiener,6.605289664010302e-05,6.661158473071872e-05,5.83096691243524e-07,0.74918,0.0021955987489103335,50000,1.0084581921313729
31,1,0.6,fit,1272,sim,clean,wiener,9.106180659366077e-05,9.270700900167166e-05,6.652884862164448e-07,0.65092,0.0025050846453718387,50000,1.0180668764386827
31,15,5.0,fit,1274,sim,clean,wiener,7.24806190753785e-05,7.32722120532864e-05,6.029657582324197e-07,0.7241,0.00227041395413779,50000,1.010921443387296
31,21,10.0,fit,1277,sim,clean,wiener,6.313191515359509e-05,6.399832425009407e-05,5.660018206472394e-07,0.75902,0.00213122953355097,50000,1.0137237892180375
31,19,8.0,fit,1277,sim,clean,wiener,6.308086495623161e-05,6.431170304756736e-05,5.66101262694592e-07,0.75784,0.0021316039737390817,50000,1.0195120674421596
31,23,20.0,fit,1277,sim,clean,wiener,5.431081304287334e-05,5.560614628386048e-05,5.303569554586564e-07,0.79062,0.0019970119627974346,50000,1.02385037469361
31,7,1.8,fit,1272,sim,clean,wiener,6.515801833935848e-05,6.68984060029824e-05,5.778061465269421e-07,0.7481,0.0021756776731518533,50000,1.0267102608087244
31,11,3.0,fit,1275,sim,clean,wiener,6.785579569937846e-05,6.999501344242176e-05,5.923444992590374e-07,0.73644,0.0022304205477885306,50000,1.031525939987804
31,5,1.4,fit,1273,sim,clean,wiener,5.0029901787158204e-05,5.066644659487486e-05,5.069932779248611e-07,0.80922,0.0019090381122620322,50000,1.0127232871738328
31,17,6.0,fit,1278,sim,clean,wiener,6.828891507152129e-05,6.961258507940353e-05,5.846948621782327e-07,0.73788,0.0022016165194747796,50000,1.0193833802527967
31,3,1.0,fit,1273,sim,clean,wiener,5.2235757070955985e-05,5.2737933561223674e-05,5.167197052263706e-07,0.80142,0.0019456621095085586,50000,1.0096136539111618
31,13,4.0,fit,1275,sim,clean,wiener,7.635463255644927e-05,7.78666639145472e-05,6.196465342824538e-07,0.7068,0.0023332239332995693,50000,1.0198027455240528
31,9,2.0,fit,1275,sim,clean,wiener,6.605289664010302e-05,6.833782386934272e-05,5.864763025515505e-07,0.74268,0.0022083243748161874,50000,1.0345923849742638
31,19,8.0,fit,1278,sim,clean,wiener,6.308086495623161e-05,6.457196679462144e-05,5.666460175152876e-07,0.75686,0.0021336551995833433,50000,1.0236379421782569
31,23,20.0,fit,1278,sim,clean,wiener,5.431081304287334e-05,5.6100116252759035e-05,5.337607642106561e-07,0.78876,0.0020098287020272228,50000,1.032945616344819
31,21,10.0,fit,1278,sim,clean,wiener,6.313191515359509e-05,6.439668712823808e-05,5.675654703465549e-07,0.75752,0.0021371173174727577,50000,1.0200337970353963
31,15,5.0,fit,1275,sim,clean,wiener,7.24806190753785e-05,7.413798737511935e-05,6.044355025371171e-07,0.72084,0.002275948145645085,50000,1.0228663651177872
31,1,0.6,fit,1273,sim,clean,wiener,9.106180659366077e-05,9.17828071243776e-05,6.672723802088444e-07,0.6544,0.00251255482181615,50000,1.0079177051025805
31,7,1.8,fit,1273,sim,clean,wiener,6.515801833935848e-05,6.569269435846656e-05,5.762791098130521e-07,0.75264,0.0021699277521714977,50000,1.0082058361002229
31,11,3.0,fit,1276,sim,clean,wiener,6.785579569937846e-05,7.009062053317633e-05,5.908019667026319e-07,0.73608,0.0022246122785908873,50000,1.0329349145605604
31,17,6.0,fit,1279,sim,clean,wiener,6.828891507152129e-05,6.915579564579839e-05,5.870141606971588e-07,0.7396,0.0022103496318435774,50000,1.0126943087815816
31,13,4.0,fit,1276,sim,clean,wiener,7.635463255644927e-05,7.855184806495489e-05,6.154803909562451e-07,0.70422,0.0023175366910082483,50000,1.0287764531756631
31,5,1.4,fit,1274,sim,clean,wiener,5.0029901787158204e-05,4.9731621707496955e-05,5.085099352716452e-07,0.81274,0.0019147489506583593,50000,0.9940379639174545
31,3,1.0,fit,1274,sim,clean,wiener,5.2235757070955985e-05,5.186153522930688e-05,5.144002148615555e-07,0.80472,0.0019369282747611226,50000,0.9928359066158309
31,9,2.0,fit,1276,sim,clean,wiener,6.605289664010302e-05,6.852903805085185e-05,5.875742316782668e-07,0.74196,0.0022124585293281426,50000,1.0374872494122458
31,19,8.0,fit,1279,sim,clean,wiener,6.308086495623161e-05,6.375930652320766e-05,5.61755199915565e-07,0.75992,0.002115239260744454,50000,1.010755108818606
31,23,20.0,fit,1279,sim,clean,wiener,5.431081304287334e-05,5.5622080798986226e-05,5.287510545789969e-07,0.79056,0.00199096508581253,50000,1.0241437695855844
31,21,10.0,fit,1279,sim,clean,wiener,6.313191515359509e-05,6.388147113917183e-05,5.63062661238516e-07,0.75946,0.00212016239011224,50000,1.0118728535916126
31,15,5.0,fit,1276,sim,clean,wiener,7.24806190753785e-05,7.42495289809997e-05,5.997608186100913e-07,0.72042,0.00225834603893472,50000,1.0244052814143538
31,1,0.6,fit,1274,sim,clean,wiener,9.106180659366077e-05,9.185716819496446e-05,6.631397341694453e-07,0.65412,0.0024969937105801332,50000,1.0087343050951403
31,11,3.0,fit,1277,sim,clean,wiener,6.785579569937846e-05,6.959133905923585e-05,5.893301989307128e-07,0.73796,0.0022190704678976716,50000,1.025576936236167
31,7,1.8,fit,1274,sim,clean,wiener,6.515801833935848e-05,6.579892445930495e-05,5.766820291693034e-07,0.75224,0.0021714449091847035,50000,1.0098361818895178
31,17,6.0,fit,1280,sim,clean,wiener,6.828891507152129e-05,6.826346279875585e-05,5.794761549063298e-07,0.74296,0.002181965941227314,50000,0.9996272854424648
31,13,4.0,fit,1277,sim,clean,wiener,7.635463255644927e-05,7.744705501623551e-05,6.159969360282071e-07,0.70838,0.0023194816955517256,50000,1.0143072191327567
31,5,1.4,fit,1275,sim,clean,wiener,5.0029901787158204e-05,5.099575990747391e-05,5.120907837478637e-07,0.80798,0.0019282323172294432,50000,1.0193056169573298
31,19,8.0,fit,1280,sim,clean,wiener,6.308086495623161e-05,6.319097548372225e-05,5.600928602114413e-07,0.76206,0.0021089798683838934,50000,1.0017455456193736
31,21,10.0,fit,1280,sim,clean,wiener,6.313191515359509e-05,6.315910645347072e-05,5.6296753020523e-07,0.76218,0.002119804182664313,50000,1.0004307060828026
31,23,20.0,fit,1280,sim,clean,wiener,5.431081304287334e-05,5.497938868891391e-05,5.283502931467317e-07,0.79298,0.0019894560542702373,50000,1.0123101756092805
31,3,1.0,fit,1275,sim,clean,wiener,5.2235757070955985e-05,5.330626460070912e-05,5.216663392584674e-07,0.79928,0.0019642882201610255,50000,1.0204937688238918
31,9,2.0,fit,1277,sim,clean,wiener,6.605289664010302e-05,6.904956554495999e-05,5.821173809990005e-07,0.74,0.0021919112432531064,50000,1.0453677137156403
31,15,5.0,fit,1277,sim,clean,wiener,7.24806190753785e-05,7.327752355832833e-05,6.008094933016318e-07,0.72408,0.0022622947302501344,50000,1.010994725115704
31,11,3.0,fit,1278,sim,clean,wiener,6.785579569937846e-05,7.017029310880512e-05,5.874713814953366e-07,0.73578,0.002212071256108524,50000,1.0341090600378569
31,1,0.6,fit,1275,sim,clean,wiener,9.106180659366077e-05,9.23405151537792e-05,6.729822162858805e-07,0.6523,0.00253405470191406,50000,1.01404220504678
31,7,1.8,fit,1275,sim,clean,wiener,6.515801833935848e-05,6.725958834583296e-05,5.837789128251923e-07,0.74674,0.0021981675936211414,50000,1.0322534364923288
31,17,6.0,fit,1281,sim,clean,wiener,6.828891507152129e-05,6.986222581637374e-05,5.84234807634274e-07,0.73694,0.002199884224992038,50000,1.023039035591716
31,13,4.0,fit,1278,sim,clean,wiener,7.635463255644927e-05,7.78666639145472e-05,6.113771426391199e-07,0.7068,0.0023020862742817606,50000,1.0198027455240528
31,5,1.4,fit,1276,sim,clean,wiener,5.0029901787158204e-05,5.153753342174976e-05,5.103695717574182e-07,0.80594,0.0019217512465089558,50000,1.0301346111172767
31,21,10.0,fit,1281,sim,clean,wiener,6.313191515359509e-05,6.517747836940031e-05,5.694551192822044e-07,0.75458,0.0021442326225350173,50000,1.032401412357419
31,19,8.0,fit,1281,sim,clean,wiener,6.308086495623161e-05,6.458790130974718e-05,5.654949538375076e-07,0.7568,0.002129320971643445,50000,1.0238905467539359
31,23,20.0,fit,1281,sim,clean,wiener,5.431081304287334e-05,5.602575518217217e-05,5.333451881654974e-07,0.78904,0.002008263887377217,50000,1.0315764401822716
31,9,2.0,fit,1278,sim,clean,wiener,6.605289664010302e-05,6.797133002145022e-05,5.812082343595689e-07,0.74406,0.0021884879324127466,50000,1.029043894801465
31,3,1.0,fit,1276,sim,clean,wiener,5.2235757070955985e-05,5.375774252927233e-05,5.210944066739013e-07,0.79758,0.0019621346588632304,50000,1.0291368507639107
31,15,5.0,fit,1278,sim,clean,wiener,7.24806190753785e-05,7.369182095159807e-05,5.990615732788528e-07,0.72252,0.0022557130928084535,50000,1.0167106999315216
31,17,6.0,fit,1282,sim,clean,wiener,6.828891507152129e-05,6.976661872561921e-05,5.853582276734547e-07,0.7373,0.0022041143632685316,50000,1.021638997376811
31,11,3.0,fit,1279,sim,clean,wiener,6.785579569937846e-05,6.967632313990657e-05,5.937709192117198e-07,0.73764,0.002235791605300195,50000,1.026829358078617
31,1,0.6,fit,1276,sim,clean,wiener,9.106180659366077e-05,9.307881435460608e-05,6.647827858967549e-07,0.64952,0.0025031804757788562,50000,1.0221498764014827
31,7,1.8,fit,1276,sim,clean,wiener,6.515801833935848e-05,6.765795122397695e-05,5.799195853226266e-07,0.74524,0.0021836356390353634,50000,1.038367233202186
31,21,10.0,fit,1282,sim,clean,wiener,6.313191515359509e-05,6.455603227949567e-05,5.645022850058436e-07,0.75692,0.0021255831654140257,50000,1.0225578001623397
31,13,4.0,fit,1279,sim,clean,wiener,7.635463255644927e-05,7.724521782464256e-05,6.128370138988056e-07,0.70914,0.0023075832897158565,50000,1.0116638013749182
31,19,8.0,fit,1282,sim,clean,wiener,6.308086495623161e-05,6.472600044083714e-05,5.673455621150728e-07,0.75628,0.0021362892725787152,50000,1.0260797864098248
31,23,20.0,fit,1282,sim,clean,wiener,5.431081304287334e-05,5.588765605108223e-05,5.319793822762464e-07,0.78956,0.0020031210667323276,50000,1.0290336844518257
31,5,1.4,fit,1277,sim,clean,wiener,5.0029901787158204e-05,5.164376352258815e-05,5.144921702830206e-07,0.80554,0.001937274524725076,50000,1.0322579433055012
31,9,2.0,fit,1279,sim,clean,wiener,6.605289664010302e-05,6.810942915254016e-05,5.85660841070946e-07,0.74354,0.0022052538271120294,50000,1.0311346302288966
31,15,5.0,fit,1279,sim,clean,wiener,7.24806190753785e-05,7.354309881042433e-05,6.024180281883927e-07,0.72308,0.0022683515253545954,50000,1.0146588115361002
31,3,1.0,fit,1277,sim,clean,wiener,5.2235757070955985e-05,5.379492306456575e-05,5.237648684888302e-07,0.79744,0.001972190045401896,50000,1.0298486339825002
31,17,6.0,fit,1283,sim,clean,wiener,6.828891507152129e-05,6.983566829116415e-05,5.889853991207424e-07,0.73704,0.0022177721548686936,50000,1.0226501360875757
31,11,3.0,fit,1280,sim,clean,wiener,6.785579569937846e-05,6.937887885755905e-05,5.922973809444798e-07,0.73876,0.0022302431279642597,50000,1.0224458816300424
31,1,0.6,fit,1277,sim,clean,wiener,9.106180659366077e-05,9.4013639241984e-05,6.728278568615446e-07,0.646,0.002533473475225512,50000,1.0324157048793792
31,7,1.8,fit,1277,sim,clean,wiener,6.515801833935848e-05,6.810411764749824e-05,5.850466292921481e-07,0.74356,0.0022029410672673136,50000,1.0452146855172264
31,21,10.0,fit,1283,sim,clean,wiener,6.313191515359509e-05,6.385491361396224e-05,5.647652397147118e-07,0.75956,0.0021265732979914888,50000,1.0114521864037886
31,13,4.0,fit,1280,sim,clean,wiener,7.635463255644927e-05,7.725584083472641e-05,6.199535390617382e-07,0.7091,0.0023343799325007807,50000,1.011802928625331
31,19,8.0,fit,1283,sim,clean,wiener,6.308086495623161e-05,6.426389950219008e-05,5.669452806376723e-07,0.75802,0.002134782048263794,50000,1.0187542537151213
31,23,20.0,fit,1283,sim,clean,wiener,5.431081304287334e-05,5.526089845613569e-05,5.277865882523508e-07,0.79192,0.001987333473608327,50000,1.0174934853674966
31,9,2.0,fit,1280,sim,clean,wiener,6.605289664010302e-05,6.826346279875585e-05,5.874488458114175e-07,0.74296,0.0022119863999943293,50000,1.0334666043594933
31,5,1.4,fit,1278,sim,clean,wiener,5.0029901787158204e-05,5.129851569486336e-05,5.134016203733698e-07,0.80684,0.0019331681559989092,50000,1.0253571136937707
31,15,5.0,fit,1280,sim,clean,wiener,7.24806190753785e-05,7.273575004405247e-05,5.989444348008764e-07,0.72612,0.002255272018284182,50000,1.0035199888180957
31,3,1.0,fit,1278,sim,clean,wiener,5.2235757070955985e-05,5.357183985280512e-05,5.232566482913771e-07,0.79828,0.0019702763874332335,50000,1.0255779346709617
31,11,3.0,fit,1281,sim,clean,wiener,6.785579569937846e-05,6.947979745335551e-05,5.889684021168189e-07,0.73838,0.0022177081541615894,50000,1.0239331325679513
31,25,26.0,fit,1234,sim,clean,wiener,5.585310678067772e-05,5.8006946562808305e-05,5.393177104148039e-07,0.78158,0.002030752888901906,50000,1.0385625779168959
31,1,0.6,fit,1278,sim,clean,wiener,9.106180659366077e-05,9.351435776804352e-05,6.689631597641111e-07,0.64788,0.0025189213019076594,50000,1.0269328192150482
31,7,1.8,fit,1278,sim,clean,wiener,6.515801833935848e-05,6.691434051810815e-05,5.812244043524909e-07,0.74804,0.0021885488190834523,50000,1.0269548126771189
31,27,30.0,fit,1234,sim,clean,wiener,5.708932094756114e-05,5.907455907623423e-05,5.446563382527633e-07,0.77756,0.0020508550173789584,50000,1.0347742466668437
31,29,40.0,fit,1234,sim,clean,wiener,5.39474306147568e-05,5.6440052575441927e-05,5.350752322057685e-07,0.78748,0.002014778214396083,50000,1.046204646491603
31,13,4.0,fit,1281,sim,clean,wiener,7.635463255644927e-05,7.78188603691699e-05,6.173483007274821e-07,0.70698,0.002324570139179698,50000,1.019176672897196
34,1,0.6,fit,1234,sim,clean,wiener,0.00015110082773178154,0.0002393098596637056,5.092772037769442e-07,0.0989,0.0019176380319987456,50000,1.5837759677167589
31,9,2.0,fit,1281,sim,clean,wiener,6.605289664010302e-05,6.727021135591679e-05,5.804153668775515e-07,0.7467,0.0021855024604014806,50000,1.0184293918621987
31,5,1.4,fit,1279,sim,clean,wiener,5.0029901787158204e-05,5.0777988200755206e-05,5.068531014207362e-07,0.8088,0.0019085102900985639,50000,1.0149527859714693
31,15,5.0,fit,1281,sim,clean,wiener,7.24806190753785e-05,7.394146168856832e-05,5.992734457122594e-07,0.72158,0.002256510879619289,50000,1.0201549411666941
31,25,26.0,fit,1235,sim,clean,wiener,5.585310678067772e-05,5.663657826199296e-05,5.36598417580367e-07,0.78674,0.0020205136335007517,50000,1.0140273572317429
31,11,3.0,fit,1282,sim,clean,wiener,6.785579569937846e-05,6.999501344242176e-05,5.834870519793127e-07,0.73644,0.0021970686175547495,50000,1.031525939987804
31,3,1.0,fit,1279,sim,clean,wiener,5.2235757070955985e-05,5.293445924777473e-05,5.187032765328758e-07,0.80068,0.0019531310709078238,50000,1.0133759366379937
31,1,0.6,fit,1279,sim,clean,wiener,9.106180659366077e-05,9.353029228316929e-05,6.698629773207785e-07,0.64782,0.0025223094849163006,50000,1.0271078049277396
31,27,30.0,fit,1235,sim,clean,wiener,5.708932094756114e-05,5.8001635057766406e-05,5.430261047218336e-07,0.7816,0.0020447165179590635,50000,1.0159804687647846
31,29,40.0,fit,1235,sim,clean,wiener,5.39474306147568e-05,5.492096213345279e-05,5.316575806383862e-07,0.7932,0.0020019093512757087,50000,1.018045929298247
34,1,0.6,fit,1235,sim,clean,wiener,0.00015110082773178154,0.00023915051451244799,4.808974180411872e-07,0.0995,0.0018107764720010607,50000,1.5827214059804033
31,7,1.8,fit,1279,sim,clean,wiener,6.515801833935848e-05,6.688778299289854e-05,5.804751481056423e-07,0.74814,0.0021857275613008267,50000,1.0265472262297948
31,13,4.0,fit,1282,sim,clean,wiener,7.635463255644927e-05,7.737800545069055e-05,6.107298401709041e-07,0.70864,0.002299648914388069,50000,1.013402892005075
31,9,2.0,fit,1282,sim,clean,wiener,6.605289664010302e-05,6.823690527354622e-05,5.82370922238492e-07,0.74306,0.0021928659302485644,50000,1.0330645398542175
31,5,1.4,fit,1280,sim,clean,wiener,5.0029901787158204e-05,5.125071214948609e-05,5.099704686181856e-07,0.80702,0.001920248459121642,50000,1.0244016142090697
31,25,26.0,fit,1236,sim,clean,wiener,5.585310678067772e-05,5.7348319937610246e-05,5.368039749186332e-07,0.78406,0.0020212876413822985,50000,1.0267704563472877
31,15,5.0,fit,1282,sim,clean,wiener,7.24806190753785e-05,7.391490416335872e-05,6.017478538838124e-07,0.72168,0.0022658280435945625,50000,1.0197885325246545
31,11,3.0,fit,1283,sim,clean,wiener,6.785579569937846e-05,6.991534086679297e-05,5.923510665416724e-07,0.73674,0.0022304452763074085,50000,1.0303517945105074
31,3,1.0,fit,1280,sim,clean,wiener,5.2235757070955985e-05,5.329564159062527e-05,5.192957805141561e-07,0.79932,0.001955362091970984,50000,1.0202904021900085
31,27,30.0,fit,1236,sim,clean,wiener,5.708932094756114e-05,5.864963867288065e-05,5.412068067553393e-07,0.77916,0.0020378661132163934,50000,1.0273311663095928
31,29,40.0,fit,1236,sim,clean,wiener,5.39474306147568e-05,5.5568965748567034e-05,5.310506445776866e-07,0.79076,0.001999623987500623,50000,1.030057689779329
31,1,0.6,fit,1280,sim,clean,wiener,9.106180659366077e-05,9.267513997142017e-05,6.649412805451784e-07,0.65104,0.0025037772732860505,50000,1.0177169050133001
34,1,0.6,fit,1236,sim,clean,wiener,0.00015110082773178154,0.00023911864548219647,5.251862768702243e-07,0.09962,0.0019775422322874433,50000,1.5825104936331322
31,7,1.8,fit,1280,sim,clean,wiener,6.515801833935848e-05,6.753578660801279e-05,5.835176806272267e-07,0.7457,0.002197183947005337,50000,1.0364923355444962
31,13,4.0,fit,1283,sim,clean,wiener,7.635463255644927e-05,7.812161615655935e-05,6.163144560795481e-07,0.70584,0.002320677289074974,50000,1.023141799533954
31,9,2.0,fit,1283,sim,clean,wiener,6.605289664010302e-05,6.787041142565376e-05,5.798073258170768e-07,0.74444,0.002183212935847985,50000,1.0275160496814193
31,25,26.0,fit,1237,sim,clean,wiener,5.585310678067772e-05,5.681185792837632e-05,5.362526827007706e-07,0.78608,0.002019211799550232,50000,1.0171655831333322
31,5,1.4,fit,1281,sim,clean,wiener,5.0029901787158204e-05,5.0560216494036474e-05,5.06808008801868e-07,0.80962,0.0019083404978513106,50000,1.0105999549856082
31,15,5.0,fit,1283,sim,clean,wiener,7.24806190753785e-05,7.416454490032895e-05,6.018009370023902e-07,0.72074,0.0022660279233580527,50000,1.0232327737598268
34,3,1.0,fit,1234,sim,clean,wiener,0.00015901743906661178,0.00024170534843761152,4.72749172237665e-07,0.08988,0.0017800949768722273,50000,1.5199927118456618
31,3,1.0,fit,1281,sim,clean,wiener,5.2235757070955985e-05,5.30088203183616e-05,5.199243318392092e-07,0.8004,0.0019577288461022236,50000,1.014799503075173
31,27,30.0,fit,1237,sim,clean,wiener,5.708932094756114e-05,5.829907934011393e-05,5.442137518647755e-07,0.78048,0.0020491884976844657,50000,1.0211906250148606
34,1,0.6,fit,1237,sim,clean,wiener,0.00015110082773178154,0.00023962323846117887,5.182311306693068e-07,0.09772,0.0019513532476361048,50000,1.5858499391315917
31,29,40.0,fit,1237,sim,clean,wiener,5.39474306147568e-05,5.545742414268672e-05,5.305035382976705e-07,0.79118,0.0019975639074453536,50000,1.027990091663733
31,1,0.6,fit,1281,sim,clean,wiener,9.106180659366077e-05,9.33762586369536e-05,6.630839789073169e-07,0.6484,0.002496783769097678,50000,1.0254162763717225
34,5,1.4,fit,1234,sim,clean,wiener,0.0001450993190411761,0.00017981569168915967,1.0220491425080193e-06,0.32292,0.003848435177757337,50000,1.2392593768006024
31,7,1.8,fit,1281,sim,clean,wiener,6.515801833935848e-05,6.671250332651519e-05,5.791494985473413e-07,0.7488,0.0021807359457499103,50000,1.0238571556774576
31,25,26.0,fit,1238,sim,clean,wiener,5.585310678067772e-05,5.810255365356287e-05,5.409405640583857e-07,0.78122,0.002036863600012123,50000,1.040274337499581
34,7,1.8,fit,1234,sim,clean,wiener,0.00013400334890310448,0.00015116543349304317,8.809565322254337e-07,0.4308,0.003317163498001636,50000,1.128072057380807
34,9,2.0,fit,1234,sim,clean,wiener,0.00012735660529162115,0.00013511937676140287,7.903977257302629e-07,0.49122,0.0029761723635474526,50000,1.0609530338218935
31,5,1.4,fit,1282,sim,clean,wiener,5.0029901787158204e-05,5.125071214948609e-05,5.080996287435765e-07,0.80702,0.001913203977906454,50000,1.0244016142090697
34,3,1.0,fit,1235,sim,clean,wiener,0.00015901743906661178,0.00024198685820483326,4.7501764547309655e-07,0.08882,0.0017886367111548008,50000,1.521763019359568
31,27,30.0,fit,1238,sim,clean,wiener,5.708932094756114e-05,5.918078917707265e-05,5.452786686994662e-07,0.77716,0.0020531983473458556,50000,1.0366350167561567
34,1,0.6,fit,1238,sim,clean,wiener,0.00015110082773178154,0.0002392620561183283,5.124630537596601e-07,0.09908,0.0019296340668610765,50000,1.583459599195852
31,29,40.0,fit,1238,sim,clean,wiener,5.39474306147568e-05,5.638162601998081e-05,5.346430208445698e-07,0.7877,0.002013150760942542,50000,1.0451216189072434
31,3,1.0,fit,1282,sim,clean,wiener,5.2235757070955985e-05,5.324252654020608e-05,5.187658603546725e-07,0.79952,0.0019533667247245965,50000,1.0192735690205947
31,1,0.6,fit,1282,sim,clean,wiener,9.106180659366077e-05,9.333907810166016e-05,6.742399557966383e-07,0.64854,0.0025387906082186998,50000,1.0250079763754425
34,5,1.4,fit,1235,sim,clean,wiener,0.0001450993190411761,0.00017821692867154174,1.0339399284305728e-06,0.32894,0.003893208874962584,50000,1.22824097210937
31,7,1.8,fit,1282,sim,clean,wiener,6.515801833935848e-05,6.68240449323955e-05,5.787150107352349e-07,0.74838,0.0021790999205228705,50000,1.0255690187562176
31,25,26.0,fit,1239,sim,clean,wiener,5.585310678067772e-05,5.7077433180472316e-05,5.379455864336457e-07,0.78508,0.0020255862780436686,50000,1.021920470863013
34,7,1.8,fit,1235,sim,clean,wiener,0.00013400334890310448,0.0001509317272711987,8.610776929809849e-07,0.43168,0.0032423114962147268,50000,1.1263280246849265
34,9,2.0,fit,1235,sim,clean,wiener,0.00012735660529162115,0.00013455635722695936,7.978502890645963e-07,0.49334,0.003004234328190301,50000,1.0565322224069353
31,5,1.4,fit,1283,sim,clean,wiener,5.0029901787158204e-05,5.096389087722239e-05,5.06601056481585e-07,0.8081,0.0019075612372890045,50000,1.0186686173008623
31,27,30.0,fit,1239,sim,clean,wiener,5.708932094756114e-05,5.8500916531706885e-05,5.436376683499686e-07,0.77972,0.0020470193064279,50000,1.0247260881845548
34,3,1.0,fit,1236,sim,clean,wiener,0.00015901743906661178,0.00024213558034600702,4.6986957623635746e-07,0.08826,0.0017692521141484572,50000,1.5226982761593675
34,1,0.6,fit,1239,sim,clean,wiener,0.00015110082773178154,0.00023921425257295102,5.034281925924043e-07,0.09926,0.0018956141004073123,50000,1.5831432306749453
31,29,40.0,fit,1239,sim,clean,wiener,5.39474306147568e-05,5.530339049647103e-05,5.309227782841744e-07,0.79176,0.0019991425183407403,50000,1.025134837123148
31,3,1.0,fit,1283,sim,clean,wiener,5.2235757070955985e-05,5.3279707075499526e-05,5.184569344067816e-07,0.79938,0.0019522034915338048,50000,1.0199853522391849
31,1,0.6,fit,1283,sim,clean,wiener,9.106180659366077e-05,9.363121087896575e-05,6.696790252375052e-07,0.64744,0.002521616829701549,50000,1.028216047774785
31,25,26.0,fit,1240,sim,clean,wiener,5.585310678067772e-05,5.721553231156223e-05,5.365889343650013e-07,0.78456,0.0020204779252964255,50000,1.0243930124824467
34,5,1.4,fit,1236,sim,clean,wiener,0.0001450993190411761,0.00017909332700345856,1.033032522685599e-06,0.32564,0.0038897921193055255,50000,1.2342809613919394
31,7,1.8,fit,1283,sim,clean,wiener,6.515801833935848e-05,6.680279891222784e-05,5.795295540874131e-07,0.74846,0.002182167011096068,50000,1.0252429495983588
34,7,1.8,fit,1236,sim,clean,wiener,0.00013400334890310448,0.00015165940346194176,8.757246903303716e-07,0.42894,0.0032974634624984376,50000,1.1317583083061906
34,9,2.0,fit,1236,sim,clean,wiener,0.00012735660529162115,0.00013530527943787007,7.887468462921303e-07,0.49052,0.002969956123799572,50000,1.062412735704191
31,27,30.0,fit,1240,sim,clean,wiener,5.708932094756114e-05,5.8554031582126083e-05,5.436177531938535e-07,0.77952,0.0020469443176781657,50000,1.025656473229211
31,29,40.0,fit,1240,sim,clean,wiener,5.39474306147568e-05,5.523434093092609e-05,5.296417064509232e-07,0.79202,0.001994318756250182,50000,1.023854895432541
34,1,0.6,fit,1240,sim,clean,wiener,0.00015110082773178154,0.00023924081009816064,5.201291173269853e-07,0.09916,0.001958499947649374,50000,1.5833189909643381
34,11,3.0,fit,1234,sim,clean,wiener,0.0001130654547465052,0.00011648661707434752,7.304222211524191e-07,0.56138,0.0027503399333624148,50000,1.0302582458586722
34,3,1.0,fit,1237,sim,clean,wiener,0.00015901743906661178,0.00024143977318551553,4.759448782326264e-07,0.09088,0.0017921281236723899,50000,1.5183226104174485
34,13,4.0,fit,1234,sim,clean,wiener,0.00010180040160591021,0.0001036274633678592,6.914689698728559e-07,0.6098,0.0026036649289253202,50000,1.0179474907085524
31,25,26.0,fit,1241,sim,clean,wiener,5.585310678067772e-05,5.684903846366977e-05,5.354709972905451e-07,0.78594,0.002016268432636123,50000,1.0178312674154877
34,15,5.0,fit,1234,sim,clean,wiener,9.328857662885902e-05,9.522466239154176e-05,6.67433379910744e-07,0.64144,0.0025131610518794897,50000,1.0207537281910228
34,5,1.4,fit,1237,sim,clean,wiener,0.0001450993190411761,0.00017896585088245247,1.035379553848229e-06,0.32612,0.0038986296564785363,50000,1.233402417496293
34,7,1.8,fit,1237,sim,clean,wiener,0.00013400334890310448,0.00015080956265523456,8.702009710803752e-07,0.43214,0.0032766643887654693,50000,1.125416371230262
34,17,6.0,fit,1234,sim,clean,wiener,8.82047367883482e-05,9.005125648071169e-05,6.536231170107234e-07,0.66092,0.002461159734772471,50000,1.0209344731314636
31,27,30.0,fit,1241,sim,clean,wiener,5.708932094756114e-05,5.827783331994623e-05,5.421626071998584e-07,0.78056,0.0020414650948119136,50000,1.0208184709969976
34,9,2.0,fit,1237,sim,clean,wiener,0.00012735660529162115,0.00013429078197486335,7.982147730765759e-07,0.49434,0.0030056067603318613,50000,1.054446934003653
31,29,40.0,fit,1241,sim,clean,wiener,5.39474306147568e-05,5.5361817051932155e-05,5.309589866681452e-07,0.79154,0.0019992788577913667,50000,1.0262178647075078
34,1,0.6,fit,1241,sim,clean,wiener,0.00015110082773178154,0.0002391239569872384,5.202598997437161e-07,0.0996,0.0019589923972119696,50000,1.5825456456910107
34,3,1.0,fit,1238,sim,clean,wiener,0.00015901743906661178,0.00024238522108297727,4.7182918751170666e-07,0.08732,0.0017766308561806433,50000,1.5242681715018884
34,11,3.0,fit,1235,sim,clean,wiener,0.0001130654547465052,0.00011581205593402368,7.305810884092755e-07,0.56392,0.0027509381338935357,50000,1.0242921340888462
31,25,26.0,fit,1242,sim,clean,wiener,5.585310678067772e-05,5.7178351776268814e-05,5.34923862377889e-07,0.7847,0.0020142082447671935,50000,1.0237273282002919
34,13,4.0,fit,1235,sim,clean,wiener,0.00010180040160591021,0.00010356372530735615,6.915338402000355e-07,0.61004,0.0026039091923748237,50000,1.0173213825646006
34,5,1.4,fit,1238,sim,clean,wiener,0.0001450993190411761,0.00017857811101439232,1.015321394010399e-06,0.32758,0.0038231024389402866,50000,1.2307301798137018
34,15,5.0,fit,1235,sim,clean,wiener,9.328857662885902e-05,9.510249777557759e-05,6.675425037323266e-07,0.6419,0.002513571947927677,50000,1.0194441936222813
34,7,1.8,fit,1238,sim,clean,wiener,0.00013400334890310448,0.00015129822111909118,8.643546567691492e-07,0.4303,0.003254650612010726,50000,1.1290629850489209
31,27,30.0,fit,1242,sim,clean,wiener,5.708932094756114e-05,5.8453112986329586e-05,5.401514257021873e-07,0.7799,0.0020338921696925797,50000,1.0238887416443636
34,17,6.0,fit,1235,sim,clean,wiener,8.82047367883482e-05,8.877118376560895e-05,6.485081327204472e-07,0.66574,0.0024418997161905166,50000,1.0064219564377814
31,29,40.0,fit,1242,sim,clean,wiener,5.39474306147568e-05,5.53989975872256e-05,5.290448858077416e-07,0.7914,0.001992071481180418,50000,1.0269070640793732
34,1,0.6,fit,1242,sim,clean,wiener,0.00015110082773178154,0.0002393098596637056,4.896377039907476e-07,0.0989,0.0018436872416626893,50000,1.5837759677167589
34,9,2.0,fit,1238,sim,clean,wiener,0.00012735660529162115,0.00013500783515552254,7.99042827397047e-07,0.49164,0.0030087247252549324,50000,1.0600772126925149
34,3,1.0,fit,1239,sim,clean,wiener,0.00015901743906661178,0.00024155131479139584,4.752842761886794e-07,0.09046,0.0017896406854087214,50000,1.519024053017298
34,11,3.0,fit,1236,sim,clean,wiener,0.0001130654547465052,0.00011668845426594047,7.302270934145824e-07,0.56062,0.00274960519721401,50000,1.0320433816638168
31,25,26.0,fit,1243,sim,clean,wiener,5.585310678067772e-05,5.670562782753793e-05,5.351169584347369e-07,0.78648,0.0020149353308014676,50000,1.01526362804146
34,13,4.0,fit,1236,sim,clean,wiener,0.00010180040160591021,0.00010415861387205119,6.906408759568184e-07,0.6078,0.0026005468149086644,50000,1.0231650585748187
34,5,1.4,fit,1239,sim,clean,wiener,0.0001450993190411761,0.00017917299957908737,1.0331936256445192e-06,0.32534,0.0038903987381739957,50000,1.2348300513267185
34,15,5.0,fit,1236,sim,clean,wiener,9.328857662885902e-05,9.544243409826048e-05,6.699589049837656e-07,0.64062,0.002522670692002541,50000,1.023088115900518
31,27,30.0,fit,1243,sim,clean,wiener,5.708932094756114e-05,5.815566870398207e-05,5.427214180439196e-07,0.78102,0.002043569247362465,50000,1.018678585394288
31,29,40.0,fit,1243,sim,clean,wiener,5.39474306147568e-05,5.496876567883009e-05,5.272280559447793e-07,0.79302,0.001985230369862163,50000,1.01893204277636
34,7,1.8,fit,1239,sim,clean,wiener,0.00013400334890310448,0.00015147881229051648,8.803978482933915e-07,0.42962,0.0033150598233270085,50000,1.1304106466775559
34,17,6.0,fit,1236,sim,clean,wiener,8.82047367883482e-05,8.944574490593279e-05,6.466165529851671e-07,0.6632,0.0024347771408739114,50000,1.0140696312099706
34,1,0.6,fit,1243,sim,clean,wiener,0.00015110082773178154,0.0002391239569872384,5.185579912559576e-07,0.0996,0.0019525840121146134,50000,1.5825456456910107
34,9,2.0,fit,1239,sim,clean,wiener,0.00012735660529162115,0.00013503439268073216,7.790959659304757e-07,0.49154,0.002933616591838341,50000,1.0602857415328433
34,3,1.0,fit,1240,sim,clean,wiener,0.00015901743906661178,0.00024198685820483326,4.6985511330609744e-07,0.08882,0.0017691976552704333,50000,1.521763019359568
34,11,3.0,fit,1237,sim,clean,wiener,0.0001130654547465052,0.00011544556208613118,7.223319167252118e-07,0.5653,0.002719876611334642,50000,1.0210507032847675
31,25,26.0,fit,1244,sim,clean,wiener,5.585310678067772e-05,5.657815170653184e-05,5.327052248049115e-07,0.78696,0.0020058541622408007,50000,1.012981281931213
34,13,4.0,fit,1237,sim,clean,wiener,0.00010180040160591021,0.0001031228703888768,6.886814488392675e-07,0.6117,0.0025931687663062948,50000,1.0129908012355995
31,27,30.0,fit,1244,sim,clean,wiener,5.708932094756114e-05,5.7916650977095694e-05,5.386518219620697e-07,0.78192,0.0020282455451359534,50000,1.0144918526933346
34,5,1.4,fit,1240,sim,clean,wiener,0.0001450993190411761,0.00017723430023878654,1.0377025204170482e-06,0.33264,0.003907376580563087,50000,1.221468862913762
31,29,40.0,fit,1244,sim,clean,wiener,5.39474306147568e-05,5.461289484102145e-05,5.248892199224908e-07,0.79436,0.001976423690761495,50000,1.0123354202170773
34,15,5.0,fit,1237,sim,clean,wiener,9.328857662885902e-05,9.419423041340927e-05,6.630660009832545e-07,0.64532,0.0024967160748230028,50000,1.009708088785118
34,1,0.6,fit,1244,sim,clean,wiener,0.00015110082773178154,0.00023927267912841215,5.253948179758233e-07,0.09904,0.001978327475279601,50000,1.5835299033116093
34,17,6.0,fit,1237,sim,clean,wiener,8.82047367883482e-05,8.91270546034176e-05,6.441023700875601e-07,0.6644,0.0024253102087039738,50000,1.0104565565144483
34,7,1.8,fit,1240,sim,clean,wiener,0.00013400334890310448,0.00015086267770565375,8.740820915747709e-07,0.43194,0.0032912784029244116,50000,1.1258127422975075
34,9,2.0,fit,1240,sim,clean,wiener,0.00012735660529162115,0.00013424297842948605,7.995449409002877e-07,0.49452,0.0030106153890094725,50000,1.0540715820910622
34,3,1.0,fit,1241,sim,clean,wiener,0.00015901743906661178,0.00024264548483003137,4.6887038459837066e-07,0.08634,0.0017654897468717592,50000,1.5259048709015377
31,25,26.0,fit,1245,sim,clean,wiener,5.585310678067772e-05,5.64347410704e-05,5.318323459154659e-07,0.7875,0.002002567414388519,50000,1.0104136425571852
34,11,3.0,fit,1238,sim,clean,wiener,0.0001130654547465052,0.00011584923646931713,7.263692447765007e-07,0.56378,0.0027350788111609628,50000,1.0246209748950572
34,13,4.0,fit,1238,sim,clean,wiener,0.00010180040160591021,0.00010371775895357183,6.910142532729121e-07,0.60946,0.0026019527339961805,50000,1.0188344772458178
31,27,30.0,fit,1245,sim,clean,wiener,5.708932094756114e-05,5.7645764219957764e-05,5.370325114770367e-07,0.78294,0.002022148175474236,50000,1.0097468889655867
31,29,40.0,fit,1245,sim,clean,wiener,5.39474306147568e-05,5.46022718309376e-05,5.260743105470856e-07,0.7944,0.0019808860441443564,50000,1.01213850611083
34,5,1.4,fit,1241,sim,clean,wiener,0.0001450993190411761,0.00017812132158078722,1.0305509935057455e-06,0.3293,0.003880448141806611,50000,1.2275820641876354
34,1,0.6,fit,1245,sim,clean,wiener,0.00015110082773178154,0.00023936297471412478,4.99215939516236e-07,0.0987,0.0018797532359520446,50000,1.584127488295544
34,15,5.0,fit,1238,sim,clean,wiener,9.328857662885902e-05,9.463508533188863e-05,6.662927195899937e-07,0.64366,0.002508865996855545,50000,1.014433800489706
34,7,1.8,fit,1241,sim,clean,wiener,0.00013400334890310448,0.000150846743190528,8.877016240998825e-07,0.432,0.0033425615417621694,50000,1.1256938309773339
34,17,6.0,fit,1238,sim,clean,wiener,8.82047367883482e-05,8.90208245025792e-05,6.523795226490907e-07,0.6648,0.0024564770907692444,50000,1.0092521982826075
34,9,2.0,fit,1241,sim,clean,wiener,0.00012735660529162115,0.00013467321033788158,7.844749426951009e-07,0.4929,0.0029538706506114106,50000,1.0574497493043793
34,3,1.0,fit,1242,sim,clean,wiener,0.00015901743906661178,0.0002420930883056717,4.709923045099292e-07,0.08842,0.0017734796476430537,50000,1.5224310599308537
31,25,26.0,fit,1246,sim,clean,wiener,5.585310678067772e-05,5.776792883592193e-05,5.386733405426576e-07,0.78248,0.0020283265714379824,50000,1.0342831789601834
34,11,3.0,fit,1239,sim,clean,wiener,0.0001130654547465052,0.00011596608958023937,7.280116881719247e-07,0.56334,0.0027412632857400565,50000,1.02565447457172
31,27,30.0,fit,1246,sim,clean,wiener,5.708932094756114e-05,5.915423165186305e-05,5.446368288844125e-07,0.77726,0.0020507815565869725,50000,1.0361698242338286
31,29,40.0,fit,1246,sim,clean,wiener,5.39474306147568e-05,5.593545959645953e-05,5.33178653256117e-07,0.78938,0.002007636814982233,50000,1.036851226444859
34,13,4.0,fit,1239,sim,clean,wiener,0.00010180040160591021,0.00010311224737879297,6.90853131453025e-07,0.61174,0.0026013460441084166,50000,1.0128864498782744
34,1,0.6,fit,1246,sim,clean,wiener,0.00015110082773178154,0.00023936828621916672,4.942509796662951e-07,0.09868,0.001861058121061798,50000,1.5841626403534228
34,5,1.4,fit,1242,sim,clean,wiener,0.0001450993190411761,0.00017572052130183935,1.0228107474830859e-06,0.33834,0.0038513029335781666,50000,1.2110361541529606
34,7,1.8,fit,1242,sim,clean,wiener,0.00013400334890310448,0.00015045369181742593,8.688743263051381e-07,0.43348,0.0032716690258136625,50000,1.122760685079717
34,15,5.0,fit,1239,sim,clean,wiener,9.328857662885902e-05,9.453416673609218e-05,6.658415038610082e-07,0.64404,0.002507166984144743,50000,1.013352011063355
34,9,2.0,fit,1242,sim,clean,wiener,0.00012735660529162115,0.00013486973602443264,7.981213108700574e-07,0.49216,0.0030052548367027546,50000,1.0589928627228082
34,17,6.0,fit,1239,sim,clean,wiener,8.82047367883482e-05,8.880305279586048e-05,6.453230347416372e-07,0.66562,0.002429906512932034,50000,1.0067832639073337
31,25,26.0,fit,1247,sim,clean,wiener,5.585310678067772e-05,5.661002073678336e-05,5.380488751656041e-07,0.78684,0.0020259752025806625,50000,1.0135518684587748
34,3,1.0,fit,1243,sim,clean,wiener,0.00015901743906661178,0.00024180095552836606,4.7221416721359174e-07,0.08952,0.001778080463020312,50000,1.5205939483598185
34,11,3.0,fit,1240,sim,clean,wiener,0.0001130654547465052,0.00011567926830797567,7.231203192619871e-07,0.56442,0.002722845270991568,50000,1.023117702638093
31,27,30.0,fit,1247,sim,clean,wiener,5.708932094756114e-05,5.791133947205377e-05,5.442779540966081e-07,0.78194,0.002049430245480339,50000,1.014398814188869
31,29,40.0,fit,1247,sim,clean,wiener,5.39474306147568e-05,5.468194440656639e-05,5.305993353318993e-07,0.7941,0.0019979246226606183,50000,1.0136153619076842
34,1,0.6,fit,1247,sim,clean,wiener,0.00015110082773178154,0.0002391558260174899,5.504513674330899e-07,0.09948,0.002072675684532959,50000,1.5827565580382819
34,5,1.4,fit,1243,sim,clean,wiener,0.0001450993190411761,0.00017955011643706369,1.0264535951106961e-06,0.32392,0.0038650197524415955,50000,1.2374290770180059
34,13,4.0,fit,1240,sim,clean,wiener,0.00010180040160591021,0.00010311755888383486,6.957462314125403e-07,0.61172,0.002619770576970185,50000,1.0129386255569368
34,7,1.8,fit,1243,sim,clean,wiener,0.00013400334890310448,0.00015182406011824128,8.527268070196369e-07,0.42832,0.003210866977587933,50000,1.1329870586146518
34,15,5.0,fit,1240,sim,clean,wiener,9.328857662885902e-05,9.44173136251699e-05,6.723737268713442e-07,0.64448,0.0025317634891232066,50000,1.0120994127802108
34,9,2.0,fit,1243,sim,clean,wiener,0.00012735660529162115,0.00013500783515552254,7.906176542950389e-07,0.49164,0.0029770004850047057,50000,1.0600772126925149
31,25,26.0,fit,1248,sim,clean,wiener,5.585310678067772e-05,5.709336769559807e-05,5.390369954527477e-07,0.78502,0.002029695881670092,50000,1.0222057641267936
34,17,6.0,fit,1240,sim,clean,wiener,8.82047367883482e-05,8.924921921938177e-05,6.509038552127238e-07,0.66394,0.002450920596236262,50000,1.0118415684810653
34,3,1.0,fit,1244,sim,clean,wiener,0.00015901743906661178,0.000241939054659456,4.72782858144188e-07,0.089,0.0017802218181582927,50000,1.5214624011024895
31,27,30.0,fit,1248,sim,clean,wiener,5.708932094756114e-05,5.83734404107008e-05,5.467680793060315e-07,0.7802,0.0020588065905643425,50000,1.0224931640773793
31,29,40.0,fit,1248,sim,clean,wiener,5.39474306147568e-05,5.5377751567057926e-05,5.338630383269969e-07,0.79148,0.0020102138061193157,50000,1.0265132358668787
34,1,0.6,fit,1248,sim,clean,wiener,0.00015110082773178154,0.00023940546675446016,5.170977297972698e-07,0.09854,0.0019470855274208668,50000,1.5844087047585724
34,11,3.0,fit,1241,sim,clean,wiener,0.0001130654547465052,0.00011649724008443137,7.421848451421308e-07,0.56134,0.0027946310482041686,50000,1.0303522003747325
34,5,1.4,fit,1244,sim,clean,wiener,0.0001450993190411761,0.0001792951641950515,1.0517528836701673e-06,0.32488,0.003960281974202853,50000,1.2356719892267127
34,13,4.0,fit,1241,sim,clean,wiener,0.00010180040160591021,0.00010331939607542784,6.873689424076346e-07,0.61096,0.0025882266400303173,50000,1.014921301346118
34,7,1.8,fit,1244,sim,clean,wiener,0.00013400334890310448,0.00015134602466446845,8.795642709852263e-07,0.43012,0.003311921062084813,50000,1.1294197190094417
34,15,5.0,fit,1241,sim,clean,wiener,9.328857662885902e-05,9.453416673609218e-05,6.679711142999951e-07,0.64404,0.0025151858429133195,50000,1.013352011063355
31,25,26.0,fit,1249,sim,clean,wiener,5.585310678067772e-05,5.674811986787327e-05,5.359185674826002e-07,0.78632,0.0020179537184017307,50000,1.0160244100782085
34,9,2.0,fit,1244,sim,clean,wiener,0.00012735660529162115,0.00013560803522525954,7.991629021785102e-07,0.48938,0.003009176856168922,50000,1.064789964483933
34,3,1.0,fit,1245,sim,clean,wiener,0.00015901743906661178,0.0002416416103771085,4.766604551290769e-07,0.09012,0.0017948225648554555,50000,1.5195918875028906
34,17,6.0,fit,1241,sim,clean,wiener,8.82047367883482e-05,8.905800503787263e-05,6.479483175289957e-07,0.66466,0.002439791781859161,50000,1.0096737236637516
31,27,30.0,fit,1249,sim,clean,wiener,5.708932094756114e-05,5.7879470441802246e-05,5.421830576968689e-07,0.78206,0.002041542099340193,50000,1.013840583162075
31,29,40.0,fit,1249,sim,clean,wiener,5.39474306147568e-05,5.476161698219521e-05,5.277709085218314e-07,0.7938,0.0019872744329771097,50000,1.0150922177045387
34,1,0.6,fit,1249,sim,clean,wiener,0.00015110082773178154,0.00023915051451244799,4.844142461849991e-07,0.0995,0.0018240187757023886,50000,1.5827214059804033
34,11,3.0,fit,1242,sim,clean,wiener,0.0001130654547465052,0.00011660347018526976,7.281742605585017e-07,0.56094,0.0027418754376077248,50000,1.0312917455353348
34,5,1.4,fit,1245,sim,clean,wiener,0.0001450993190411761,0.00017714931615811586,1.0233718983104259e-06,0.33296,0.003853415897127711,50000,1.2208831669833313
34,13,4.0,fit,1242,sim,clean,wiener,0.00010180040160591021,0.00010374962798382336,6.965250645602508e-07,0.60934,0.0026227032039433827,50000,1.0191475313177938
34,7,1.8,fit,1245,sim,clean,wiener,0.00013400334890310448,0.00015087330071573762,8.706160473545395e-07,0.4319,0.003278227321572229,50000,1.1258920165109567
31,25,26.0,fit,1250,sim,clean,wiener,5.585310678067772e-05,5.740674649307136e-05,5.37610139009096e-07,0.78384,0.0020243231805904902,50000,1.0278165316478174
34,9,2.0,fit,1245,sim,clean,wiener,0.00012735660529162115,0.0001348591130143488,8.00490326334802e-07,0.4922,0.003014175153810797,50000,1.058909451186677
34,15,5.0,fit,1242,sim,clean,wiener,9.328857662885902e-05,9.440669061508608e-05,6.678645960341606e-07,0.64452,0.002514784757853647,50000,1.0119855402090159
34,3,1.0,fit,1246,sim,clean,wiener,0.00015901743906661178,0.00024147695372080894,4.772562047366863e-07,0.09074,0.001797065807035996,50000,1.5185564246173981
34,17,6.0,fit,1242,sim,clean,wiener,8.82047367883482e-05,8.830377132192e-05,6.462016314070197e-07,0.6675,0.0024332147905612497,50000,1.001122780217682
31,27,30.0,fit,1250,sim,clean,wiener,5.708932094756114e-05,5.838937492582657e-05,5.424143965876095e-07,0.78014,0.0020424131853653965,50000,1.0227722795907763
31,29,40.0,fit,1250,sim,clean,wiener,5.39474306147568e-05,5.5568965748567034e-05,5.318722771247313e-07,0.79076,0.0020027177718068036,50000,1.030057689779329
34,1,0.6,fit,1250,sim,clean,wiener,0.00015110082773178154,0.00023927799063345407,4.810199473269039e-07,0.09902,0.001811237845132592,50000,1.5835650553694878
34,5,1.4,fit,1246,sim,clean,wiener,0.0001450993190411761,0.0001782594207118771,1.035362614349517e-06,0.32878,0.003898565872302193,50000,1.2285338200745854
34,11,3.0,fit,1243,sim,clean,wiener,0.0001130654547465052,0.00011644943653905407,7.281290820539394e-07,0.56152,0.002741705321965526,50000,1.0299294050524612
34,7,1.8,fit,1246,sim,clean,wiener,0.00013400334890310448,0.00015101671135186944,8.65696368853295e-07,0.43136,0.003259702709574624,50000,1.1269622183925196
34,13,4.0,fit,1243,sim,clean,wiener,0.00010180040160591021,0.00010358497132752386,6.883987636716107e-07,0.60996,0.0025921043404404593,50000,1.0175300852792515
31,25,26.0,fit,1251,sim,clean,wiener,5.585310678067772e-05,5.6753431372915196e-05,5.340281845164538e-07,0.7863,0.0020108356494128966,50000,1.0161195078328022
34,9,2.0,fit,1246,sim,clean,wiener,0.00012735660529162115,0.00013509813074123517,7.960069126033191e-07,0.4913,0.0029972932580162965,50000,1.0607862107496306
34,3,1.0,fit,1247,sim,clean,wiener,0.00015901743906661178,0.00024227367947709695,4.6973113460409553e-07,0.08774,0.001768730824490745,50000,1.5235667289020387
34,15,5.0,fit,1243,sim,clean,wiener,9.328857662885902e-05,9.497502165457153e-05,6.678255851979912e-07,0.64238,0.0025146378660184272,50000,1.018077722767943
31,27,30.0,fit,1251,sim,clean,wiener,5.708932094756114e-05,5.794320850230529e-05,5.406401705279515e-07,0.78182,0.0020357324948806644,50000,1.0149570452156627
34,17,6.0,fit,1243,sim,clean,wiener,8.82047367883482e-05,8.921735018913024e-05,6.48385110691518e-07,0.66406,0.002441436487678227,50000,1.011480261011513
31,29,40.0,fit,1251,sim,clean,wiener,5.39474306147568e-05,5.500594621412351e-05,5.251151198340126e-07,0.79288,0.001977274296794019,50000,1.0196212421482251
34,1,0.6,fit,1251,sim,clean,wiener,0.00015110082773178154,0.00023913457999732223,5.336359118882537e-07,0.09956,0.002009358581707588,50000,1.5826159498067678
34,5,1.4,fit,1247,sim,clean,wiener,0.0001450993190411761,0.00017945982085135103,1.0136632860675229e-06,0.32426,0.0038168589809004657,50000,1.236806775091923
34,7,1.8,fit,1247,sim,clean,wiener,0.00013400334890310448,0.00015120261402833663,8.66113928299923e-07,0.43066,0.0032612749925465217,50000,1.128349517127879
34,11,3.0,fit,1244,sim,clean,wiener,0.0001130654547465052,0.00011590235151973632,7.276086314335662e-07,0.56358,0.0027397456114267404,50000,1.0250907474753583
34,13,4.0,fit,1244,sim,clean,wiener,0.00010180040160591021,0.00010399926872079359,6.946987145658224e-07,0.6084,0.0026158262454165086,50000,1.0215997882149388
31,25,26.0,fit,1252,sim,clean,wiener,5.585310678067772e-05,5.707212167543039e-05,5.365350829331624e-07,0.7851,0.00202027515251766,50000,1.0218253731084193
34,9,2.0,fit,1247,sim,clean,wiener,0.00012735660529162115,0.00013544869007400188,7.885852374162891e-07,0.48998,0.002969347599945916,50000,1.0635387914419632
34,3,1.0,fit,1248,sim,clean,wiener,0.00015901743906661178,0.000241737217467863,4.759148716185113e-07,0.08976,0.0017920151364347679,50000,1.5201931240170472
34,15,5.0,fit,1244,sim,clean,wiener,9.328857662885902e-05,9.544774560330242e-05,6.684381833122478e-07,0.6406,0.0025169445497527803,50000,1.0231450521861156
31,27,30.0,fit,1252,sim,clean,wiener,5.708932094756114e-05,5.8054750108185604e-05,5.419804898947787e-07,0.7814,0.0020407793482913232,50000,1.0169108538094411
31,29,40.0,fit,1252,sim,clean,wiener,5.39474306147568e-05,5.532994802168063e-05,5.287129186826108e-07,0.79166,0.0019908214884852746,50000,1.0256271223887659
34,17,6.0,fit,1244,sim,clean,wiener,8.82047367883482e-05,8.965289360256768e-05,6.48766337043947e-07,0.66242,0.002442871961614222,50000,1.0164181297620603
34,1,0.6,fit,1252,sim,clean,wiener,0.00015110082773178154,0.00023892743130068736,5.236829422489209e-07,0.10034,0.0019718815594294164,50000,1.5812450195495054
34,5,1.4,fit,1248,sim,clean,wiener,0.0001450993190411761,0.00017962978901269247,1.039051480863587e-06,0.32362,0.003912455971191138,50000,1.2379781669527847
34,7,1.8,fit,1248,sim,clean,wiener,0.00013400334890310448,0.00015085736620061184,8.515663393424497e-07,0.43196,0.003206497339724358,50000,1.1257731051907829
31,25,26.0,fit,1253,sim,clean,wiener,5.585310678067772e-05,5.6870284483837437e-05,5.367261473763547e-07,0.78586,0.002020994588691341,50000,1.0182116584338619
34,11,3.0,fit,1245,sim,clean,wiener,0.0001130654547465052,0.00011571644884326911,7.290105869480878e-07,0.56428,0.0027450245502715948,50000,1.0234465434443039
34,9,2.0,fit,1248,sim,clean,wiener,0.00012735660529162115,0.00013467852184292353,7.953681030155177e-07,0.49288,0.0029948878773087204,50000,1.0574914550724452
34,13,4.0,fit,1245,sim,clean,wiener,0.00010180040160591021,0.00010359028283256575,6.926041509022325e-07,0.60994,0.00260793935216475,50000,1.0175822609579137
34,3,1.0,fit,1249,sim,clean,wiener,0.00015901743906661178,0.0002422311874367616,4.704496730805312e-07,0.0879,0.0017714364172399365,50000,1.5232995126735245
31,27,30.0,fit,1253,sim,clean,wiener,5.708932094756114e-05,5.789540495692799e-05,5.408543512950541e-07,0.782,0.0020365389735168033,50000,1.0141196986754717
34,15,5.0,fit,1245,sim,clean,wiener,9.328857662885902e-05,9.48847260688589e-05,6.693496435993422e-07,0.64272,0.002520376572427713,50000,1.0171098059127863
31,29,40.0,fit,1253,sim,clean,wiener,5.39474306147568e-05,5.499001169899776e-05,5.303939702634204e-07,0.79294,0.001997151338753861,50000,1.0193258709888544
34,1,0.6,fit,1253,sim,clean,wiener,0.00015110082773178154,0.0002393098596637056,4.961686445434447e-07,0.0989,0.0018682789176609343,50000,1.5837759677167589
34,17,6.0,fit,1245,sim,clean,wiener,8.82047367883482e-05,8.881898731098622e-05,6.518218827561765e-07,0.66556,0.0024543773473311298,50000,1.0069639176421097
34,5,1.4,fit,1249,sim,clean,wiener,0.0001450993190411761,0.000178200994156416,1.026627424916902e-06,0.329,0.003865674293122001,50000,1.2281311541224145
34,7,1.8,fit,1249,sim,clean,wiener,0.00013400334890310448,0.000149917229808192,8.764026304250472e-07,0.4355,0.003300016185650633,50000,1.1187573373005368
31,25,26.0,fit,1254,sim,clean,wiener,5.585310678067772e-05,5.6328510969561584e-05,5.315159199001629e-07,0.7879,0.002001375940360704,50000,1.0085116874653126
34,9,2.0,fit,1249,sim,clean,wiener,0.00012735660529162115,0.0001341473713387315,7.946654158324662e-07,0.49488,0.00299224197119546,50000,1.0533208782658807
34,13,4.0,fit,1246,sim,clean,wiener,0.00010180040160591021,0.00010356372530735615,6.940627821069966e-07,0.61004,0.0026134316982822903,50000,1.0173213825646006
34,11,3.0,fit,1246,sim,clean,wiener,0.0001130654547465052,0.00011626884536762878,7.334764776129797e-07,0.5622,0.002761840464516788,50000,1.0283321782794368
34,3,1.0,fit,1250,sim,clean,wiener,0.00015901743906661178,0.00024184875907374336,4.765306950275436e-07,0.08934,0.0017943339647298444,50000,1.5208945666168971
31,27,30.0,fit,1254,sim,clean,wiener,5.708932094756114e-05,5.7486419068700157e-05,5.362572528983503e-07,0.78354,0.002019229008222891,50000,1.0069557338316175
31,29,40.0,fit,1254,sim,clean,wiener,5.39474306147568e-05,5.4591648820853746e-05,5.248039263893033e-07,0.79444,0.0019761025255455563,50000,1.0119415920045824
34,15,5.0,fit,1246,sim,clean,wiener,9.328857662885902e-05,9.510249777557759e-05,6.688746474679097e-07,0.6419,0.002518588016725765,50000,1.0194441936222813
34,1,0.6,fit,1254,sim,clean,wiener,0.00015110082773178154,0.00023910271096707071,5.480501764965591e-07,0.09968,0.0020636342135465628,50000,1.5824050374594967
34,17,6.0,fit,1246,sim,clean,wiener,8.82047367883482e-05,9.010968303617282e-05,6.505017626109157e-07,0.6607,0.002449406552293407,50000,1.0215968701589762
34,5,1.4,fit,1250,sim,clean,wiener,0.0001450993190411761,0.0001798528722244531,1.0254308410540112e-06,0.32278,0.003861168662972177,50000,1.239515618770166
31,25,26.0,fit,1255,sim,clean,wiener,5.585310678067772e-05,5.6976514584675826e-05,5.388185201237e-07,0.78546,0.00202887323224277,50000,1.020113613525734
34,7,1.8,fit,1250,sim,clean,wiener,0.00013400334890310448,0.00015231271858209792,8.822791159671169e-07,0.42648,0.003322143569492654,50000,1.1366336724333108
34,9,2.0,fit,1250,sim,clean,wiener,0.00012735660529162115,0.0001356027237202176,7.939674757755014e-07,0.4894,0.0029896139399634217,50000,1.064748258715867
34,13,4.0,fit,1247,sim,clean,wiener,0.00010180040160591021,0.00010361684035777534,6.922498785721555e-07,0.60984,0.002606605371203494,50000,1.017843139351227
34,11,3.0,fit,1247,sim,clean,wiener,0.0001130654547465052,0.00011638569847855103,7.270436037395266e-07,0.56176,0.002737618049880323,50000,1.0293656779560996
34,3,1.0,fit,1251,sim,clean,wiener,0.00015901743906661178,0.00024188062810399488,4.7242775700107723e-07,0.08922,0.0017788847163752455,50000,1.5210949787882828
31,27,30.0,fit,1255,sim,clean,wiener,5.708932094756114e-05,5.82725218149043e-05,5.442552866196186e-07,0.78058,0.002049344893111055,50000,1.020725432492532
31,29,40.0,fit,1255,sim,clean,wiener,5.39474306147568e-05,5.551053919310591e-05,5.330372911058675e-07,0.79098,0.002007104528373696,50000,1.0289746621949691
34,1,0.6,fit,1255,sim,clean,wiener,0.00015110082773178154,0.0002392089410679091,5.096447333993916e-07,0.09928,0.0019190219321157439,50000,1.5831080786170668
34,15,5.0,fit,1247,sim,clean,wiener,9.328857662885902e-05,9.471475790751743e-05,6.701547236654839e-07,0.64336,0.002523408029838702,50000,1.0152878447736677
34,17,6.0,fit,1247,sim,clean,wiener,8.82047367883482e-05,8.933951480509441e-05,6.491263848887483e-07,0.6636,0.0024442276897626834,50000,1.01286527297813
34,5,1.4,fit,1251,sim,clean,wiener,0.0001450993190411761,0.00017940670580093184,1.0190299497482554e-06,0.32446,0.0038370666758508693,50000,1.2364407151354035
31,25,26.0,fit,1256,sim,clean,wiener,5.585310678067772e-05,5.8261898804820484e-05,5.424314695362782e-07,0.78062,0.002042477472035686,50000,1.0431272701373897
34,7,1.8,fit,1251,sim,clean,wiener,0.00013400334890310448,0.00015144694326026494,8.619336346361849e-07,0.42974,0.003245534468417312,50000,1.1301728240372084
31,27,30.0,fit,1256,sim,clean,wiener,5.708932094756114e-05,5.9446364429168645e-05,5.485574680067156e-07,0.77616,0.0020655443746257778,50000,1.0412869419794386
34,9,2.0,fit,1251,sim,clean,wiener,0.00012735660529162115,0.00013535308298324737,7.816942734368038e-07,0.49034,0.0029434002877430664,50000,1.062788087616782
34,13,4.0,fit,1248,sim,clean,wiener,0.00010180040160591021,0.00010308037834854144,6.9433625082239e-07,0.61186,0.0026144614204165442,50000,1.0125733958062983
31,29,40.0,fit,1256,sim,clean,wiener,5.39474306147568e-05,5.675874287795712e-05,5.370658827421913e-07,0.78628,0.002022273832006203,50000,1.0521120696790203
34,3,1.0,fit,1252,sim,clean,wiener,0.00015901743906661178,0.00024193374315441407,4.740218151634959e-07,0.08902,0.001784887000661292,50000,1.5214289990739254
34,11,3.0,fit,1248,sim,clean,wiener,0.0001130654547465052,0.00011629009138779649,7.298192617413617e-07,0.56212,0.0027480695433080003,50000,1.0285200873115576
34,1,0.6,fit,1256,sim,clean,wiener,0.00015110082773178154,0.0002392354985931187,5.188823934692007e-07,0.09918,0.0019538055198066247,50000,1.5832838389064594
34,15,5.0,fit,1248,sim,clean,wiener,9.328857662885902e-05,9.399770472685825e-05,6.678651463568478e-07,0.64606,0.0025147868300447974,50000,1.0076014462180127
31,25,26.0,fit,1257,sim,clean,wiener,5.585310678067772e-05,5.7645764219957764e-05,5.383574644057649e-07,0.78294,0.002027137167928432,50000,1.03209593060453
34,17,6.0,fit,1248,sim,clean,wiener,8.82047367883482e-05,8.872869172527359e-05,6.479550060132473e-07,0.6659,0.0024398169667519507,50000,1.005940213145045
34,5,1.4,fit,1252,sim,clean,wiener,0.0001450993190411761,0.00017659160812871422,9.995718696796053e-07,0.33506,0.003763799005331568,50000,1.217039537439878
34,7,1.8,fit,1252,sim,clean,wiener,0.00013400334890310448,0.0001507245785745638,8.671718320933809e-07,0.43246,0.003265258435224665,50000,1.124782177522669
31,27,30.0,fit,1257,sim,clean,wiener,5.708932094756114e-05,5.901613252077311e-05,5.44474463053657e-07,0.77778,0.002050170182486886,50000,1.0337508231177215
31,29,40.0,fit,1257,sim,clean,wiener,5.39474306147568e-05,5.6190411838471674e-05,5.338555331979453e-07,0.78842,0.0020101855462231377,50000,1.0415771649947927
34,9,2.0,fit,1252,sim,clean,wiener,0.00012735660529162115,0.0001359001680025651,7.851678513509434e-07,0.48828,0.002956479736549855,50000,1.067083781727543
34,13,4.0,fit,1249,sim,clean,wiener,0.00010180040160591021,0.00010250673580401407,6.894707278994391e-07,0.61402,0.0025961407264341392,50000,1.0069384225107305
34,3,1.0,fit,1253,sim,clean,wiener,0.00015901743906661178,0.00024225243345692927,4.70083152765152e-07,0.08782,0.0017700563175789687,50000,1.5234331207877816
34,11,3.0,fit,1249,sim,clean,wiener,0.0001130654547465052,0.0001152649709147059,7.270701515612622e-07,0.56598,0.002737718013342754,50000,1.0194534765117433
34,1,0.6,fit,1257,sim,clean,wiener,0.00015110082773178154,0.00023905490742169341,5.109802686794573e-07,0.09986,0.0019240507714730452,50000,1.5820886689385898
31,25,26.0,fit,1258,sim,clean,wiener,5.585310678067772e-05,5.588234454604033e-05,5.33460467589073e-07,0.78958,0.0020086979617974267,50000,1.0005234760794492
34,15,5.0,fit,1249,sim,clean,wiener,9.328857662885902e-05,9.418360740332542e-05,6.630620787796959e-07,0.64536,0.002496701306114218,50000,1.009594216213923
34,5,1.4,fit,1253,sim,clean,wiener,0.0001450993190411761,0.00017841345435809278,1.0340340056678473e-06,0.3282,0.003893563114435321,50000,1.2295953939484916
34,17,6.0,fit,1249,sim,clean,wiener,8.82047367883482e-05,8.848436249334528e-05,6.496725387935814e-07,0.66682,0.002446284183733875,50000,1.0031701892118114
34,7,1.8,fit,1253,sim,clean,wiener,0.00013400334890310448,0.00015150005831068416,8.754129397121388e-07,0.42954,0.0032962895932626096,50000,1.130569195104454
31,27,30.0,fit,1258,sim,clean,wiener,5.708932094756114e-05,5.712523672584959e-05,5.385546980321087e-07,0.7849,0.0020278798336127806,50000,1.0006291155279539
31,29,40.0,fit,1258,sim,clean,wiener,5.39474306147568e-05,5.4299516043548154e-05,5.261727432921291e-07,0.79554,0.001981256683894358,50000,1.0065264540827834
34,9,2.0,fit,1253,sim,clean,wiener,0.00012735660529162115,0.00013459353776225277,7.874442935634073e-07,0.4932,0.002965051477306938,50000,1.0568241627833945
34,13,4.0,fit,1250,sim,clean,wiener,0.00010180040160591021,0.00010362215186281726,6.98608402246024e-07,0.60982,0.0026305478267737515,50000,1.0178953150298897
34,3,1.0,fit,1254,sim,clean,wiener,0.00015901743906661178,0.00024235866355776765,4.724920393609262e-07,0.08742,0.00177912676588604,50000,1.524101161359067
34,1,0.6,fit,1258,sim,clean,wiener,0.00015110082773178154,0.00023917707203765758,5.018878750916903e-07,0.0994,0.0018898141718049397,50000,1.582897166269796
34,11,3.0,fit,1250,sim,clean,wiener,0.0001130654547465052,0.00011658222416510209,7.3287650789864e-07,0.56102,0.002759581331899556,50000,1.0311038365032146
31,25,26.0,fit,1259,sim,clean,wiener,5.585310678067772e-05,5.6424118060316156e-05,5.348165760094864e-07,0.78754,0.0020138042674855906,50000,1.010223447047998
34,15,5.0,fit,1250,sim,clean,wiener,9.328857662885902e-05,9.469882339239168e-05,6.728767600525867e-07,0.64342,0.002533657615843496,50000,1.0151170359168755
34,5,1.4,fit,1254,sim,clean,wiener,0.0001450993190411761,0.00017840814285305088,9.978936726606416e-07,0.32822,0.00375747990366182,50000,1.2295587879528398
34,17,6.0,fit,1250,sim,clean,wiener,8.82047367883482e-05,8.850560851351296e-05,6.467529072488241e-07,0.66674,0.0024352905707307254,50000,1.0034110608581794
34,7,1.8,fit,1254,sim,clean,wiener,0.00013400334890310448,0.00015177094506782206,8.670302341589723e-07,0.42852,0.0032647252607918404,50000,1.132590687547406
31,27,30.0,fit,1259,sim,clean,wiener,5.708932094756114e-05,5.77413713107123e-05,5.4060481445711e-07,0.78258,0.002035599364739349,50000,1.011421582045968
31,29,40.0,fit,1259,sim,clean,wiener,5.39474306147568e-05,5.500594621412351e-05,5.276868529536198e-07,0.79288,0.0019869579292082222,50000,1.0196212421482251
34,9,2.0,fit,1254,sim,clean,wiener,0.00012735660529162115,0.00013631446539583486,8.056477537732253e-07,0.48672,0.003033594988293564,50000,1.070336831636663
34,1,0.6,fit,1259,sim,clean,wiener,0.00015110082773178154,0.00023927799063345407,5.386553578077862e-07,0.09902,0.0020282588590486337,50000,1.5835650553694878
34,13,4.0,fit,1251,sim,clean,wiener,0.00010180040160591021,0.00010386116958970368,6.938781004610199e-07,0.60892,0.002612736295964043,50000,1.0202432205697096
34,3,1.0,fit,1255,sim,clean,wiener,0.00015901743906661178,0.000242071842285504,4.730986026525929e-07,0.0885,0.001781410726032475,50000,1.5222974518165964
34,11,3.0,fit,1251,sim,clean,wiener,0.0001130654547465052,0.00011697527553820415,7.291278779488626e-07,0.55954,0.0027454661991069026,50000,1.0345801535974435
31,25,26.0,fit,1260,sim,clean,wiener,5.585310678067772e-05,5.691277652417281e-05,5.37466258754637e-07,0.7857,0.0020237814122844324,50000,1.018972440470611
34,5,1.4,fit,1255,sim,clean,wiener,0.0001450993190411761,0.00018052212185973505,1.0302750621402082e-06,0.32026,0.003879409146782189,50000,1.24412797422231
34,7,1.8,fit,1255,sim,clean,wiener,0.00013400334890310448,0.0001530563292879667,8.570818914490606e-07,0.42368,0.003227265660805033,50000,1.1421828673747483
31,27,30.0,fit,1260,sim,clean,wiener,5.708932094756114e-05,5.811317666364672e-05,5.429680229525754e-07,0.78118,0.0020444978162208567,50000,1.0179342773585631
34,15,5.0,fit,1251,sim,clean,wiener,9.328857662885902e-05,9.490066058398464e-05,6.696380311983529e-07,0.64266,0.0025214624702918197,50000,1.0172806147695785
34,17,6.0,fit,1251,sim,clean,wiener,8.82047367883482e-05,8.932889179501056e-05,6.544819057868424e-07,0.66364,0.0024643934275557448,50000,1.012744837154946
31,29,40.0,fit,1260,sim,clean,wiener,5.39474306147568e-05,5.500594621412351e-05,5.301322286154406e-07,0.79288,0.001996165773849322,50000,1.0196212421482251
34,1,0.6,fit,1260,sim,clean,wiener,0.00015110082773178154,0.00023921425257295102,5.023197713103581e-07,0.09926,0.0018914404386172997,50000,1.5831432306749453
34,9,2.0,fit,1255,sim,clean,wiener,0.00012735660529162115,0.00013624541583028991,7.891181092639678e-07,0.48698,0.0029713540815117737,50000,1.0697946566518097
34,13,4.0,fit,1252,sim,clean,wiener,0.00010180040160591021,0.00010353185627710462,7.003903003112232e-07,0.61016,0.002637257405513246,50000,1.0170083284926243
34,3,1.0,fit,1256,sim,clean,wiener,0.00015901743906661178,0.0002422311874367616,4.7166233646973327e-07,0.0879,0.0017760025934164868,50000,1.5232995126735245
31,25,26.0,fit,1261,sim,clean,wiener,5.585310678067772e-05,5.6599397726699514e-05,5.373837218265559e-07,0.78688,0.002023470626819937,50000,1.0133616729495873
34,11,3.0,fit,1252,sim,clean,wiener,0.0001130654547465052,0.00011634851794325761,7.247959585642135e-07,0.5619,0.002729154741806344,50000,1.029036837149889
31,27,30.0,fit,1261,sim,clean,wiener,5.708932094756114e-05,5.797507753255681e-05,5.438569803591205e-07,0.7817,0.0020478451062997667,50000,1.0155152762424566
34,5,1.4,fit,1256,sim,clean,wiener,0.0001450993190411761,0.00017811069857070336,1.020816173132135e-06,0.32934,0.0038437925411932993,50000,1.2275088521963315
31,29,40.0,fit,1261,sim,clean,wiener,5.39474306147568e-05,5.5244963941009914e-05,5.301130826688396e-07,0.79198,0.001996093681489624,50000,1.024051809538788
34,7,1.8,fit,1256,sim,clean,wiener,0.00013400334890310448,0.00015222242299638527,8.882020311962122e-07,0.42682,0.003344445780193199,50000,1.1359598416189933
34,17,6.0,fit,1252,sim,clean,wiener,8.82047367883482e-05,8.955197500677121e-05,6.546952079745405e-07,0.6628,0.0024651965979792484,50000,1.0152739894418117
34,15,5.0,fit,1252,sim,clean,wiener,9.328857662885902e-05,9.491128359406849e-05,6.719985427769171e-07,0.64262,0.0025303507667725133,50000,1.0173944873407734
34,1,0.6,fit,1261,sim,clean,wiener,0.00015110082773178154,0.0002390442844116096,4.870765906065115e-07,0.0999,0.0018340435969178461,50000,1.582018364822833
34,9,2.0,fit,1256,sim,clean,wiener,0.00012735660529162115,0.00013664909021347582,7.805484976266128e-07,0.48546,0.002939085970798441,50000,1.0729642950247986
34,13,4.0,fit,1253,sim,clean,wiener,0.00010180040160591021,0.00010357965982248192,6.928178602260368e-07,0.60998,0.002608744055623065,50000,1.0174779096005886
34,3,1.0,fit,1257,sim,clean,wiener,0.00015901743906661178,0.00024217276088130048,4.7468566434947485e-07,0.08812,0.0017873866657495848,50000,1.5229320903593175
31,25,26.0,fit,1262,sim,clean,wiener,5.585310678067772e-05,5.8214095259443185e-05,5.414315718867254e-07,0.7808,0.002038712446335207,50000,1.0422713903460468
34,11,3.0,fit,1253,sim,clean,wiener,0.0001130654547465052,0.00011562615325755647,7.272656351886384e-07,0.56462,0.002738454089561579,50000,1.0226479300577918
31,27,30.0,fit,1262,sim,clean,wiener,5.708932094756114e-05,5.954197151992318e-05,5.483820195135569e-07,0.7758,0.0020648837389235656,50000,1.0429616350598196
31,29,40.0,fit,1262,sim,clean,wiener,5.39474306147568e-05,5.632319946451969e-05,5.344419398500638e-07,0.78792,0.002012393608335441,50000,1.0440385913228836
34,5,1.4,fit,1257,sim,clean,wiener,0.0001450993190411761,0.00017958729697235712,1.0220530968739311e-06,0.32378,0.003848450067570603,50000,1.2376853189875694
34,7,1.8,fit,1257,sim,clean,wiener,0.00013400334890310448,0.00015164878045185795,8.76786736488985e-07,0.42898,0.003301462502884285,50000,1.1316790340927418
34,17,6.0,fit,1253,sim,clean,wiener,8.82047367883482e-05,8.871275721014784e-05,6.504404522418619e-07,0.66596,0.0024491756935497177,50000,1.005759559410269
34,1,0.6,fit,1262,sim,clean,wiener,0.00015110082773178154,0.00023922487558303488,4.98433271211689e-07,0.09922,0.0018768061680367553,50000,1.5832135347907026
34,15,5.0,fit,1253,sim,clean,wiener,9.328857662885902e-05,9.46828888772659e-05,6.670991484569902e-07,0.64348,0.0025119025330562336,50000,1.014946227060083
34,9,2.0,fit,1257,sim,clean,wiener,0.00012735660529162115,0.00013553367415467264,7.905035917901225e-07,0.48966,0.0029765709927835134,50000,1.0642060837310137
31,25,26.0,fit,1263,sim,clean,wiener,5.585310678067772e-05,5.693402254434048e-05,5.373544336528568e-07,0.78562,0.0020233603448058263,50000,1.0193528314889853
34,3,1.0,fit,1258,sim,clean,wiener,0.00015901743906661178,0.00024232148302247424,4.719555932900678e-07,0.08756,0.0017771068259005759,50000,1.523867347159117
34,13,4.0,fit,1254,sim,clean,wiener,0.00010180040160591021,0.00010339375714601471,6.929759620202012e-07,0.61068,0.0026093393738724747,50000,1.0156517608473954
34,11,3.0,fit,1254,sim,clean,wiener,0.0001130654547465052,0.00011629540289283838,7.308650589004204e-07,0.5621,0.00275200739953069,50000,1.0285670645695875
31,27,30.0,fit,1263,sim,clean,wiener,5.708932094756114e-05,5.801225806785023e-05,5.425664735052981e-07,0.78156,0.0020429858174780963,50000,1.0161665457737157
31,29,40.0,fit,1263,sim,clean,wiener,5.39474306147568e-05,5.5377751567057926e-05,5.310067804668808e-07,0.79148,0.001999458821091254,50000,1.0265132358668787
34,5,1.4,fit,1258,sim,clean,wiener,0.0001450993190411761,0.00017810538706566144,1.0305272045572106e-06,0.32936,0.0038803585666359313,50000,1.2274722462006795
34,7,1.8,fit,1258,sim,clean,wiener,0.00013400334890310448,0.00015096359630145025,8.724799887994303e-07,0.43156,0.003285245827363638,50000,1.1265658473252742
34,1,0.6,fit,1263,sim,clean,wiener,0.00015110082773178154,0.00023921425257295102,4.984602087363393e-07,0.09926,0.0018769075988908646,50000,1.5831432306749453
34,17,6.0,fit,1254,sim,clean,wiener,8.82047367883482e-05,8.823472175637503e-05,6.452948468036103e-07,0.66776,0.0024298003737575273,50000,1.0003399473669852
34,9,2.0,fit,1258,sim,clean,wiener,0.00012735660529162115,0.0001349653431151872,8.03915023784935e-07,0.4918,0.0030270705475762337,50000,1.0597435665479897
34,15,5.0,fit,1254,sim,clean,wiener,9.328857662885902e-05,9.455010125121792e-05,6.716221530892949e-07,0.64398,0.0025289335048678304,50000,1.0135228199201471
31,25,26.0,fit,1264,sim,clean,wiener,5.585310678067772e-05,5.637100300989696e-05,5.353728395927759e-07,0.78774,0.0020158988285521786,50000,1.0092724695020618
34,3,1.0,fit,1259,sim,clean,wiener,0.00015901743906661178,0.00024208246529558783,4.7296177631739045e-07,0.08846,0.0017808955186322274,50000,1.522364255873725
34,13,4.0,fit,1255,sim,clean,wiener,0.00010180040160591021,0.00010307506684349952,6.854395321359833e-07,0.61188,0.0025809616171924444,50000,1.0125212201276357
31,27,30.0,fit,1264,sim,clean,wiener,5.708932094756114e-05,5.7937896997263363e-05,5.425219884233411e-07,0.78184,0.0020428183128570676,50000,1.014864006711197
34,11,3.0,fit,1255,sim,clean,wiener,0.0001130654547465052,0.00011650786309451518,7.248164030249501e-07,0.5613,0.0027292317236055712,50000,1.0304461548907924
31,29,40.0,fit,1264,sim,clean,wiener,5.39474306147568e-05,5.462351785110527e-05,5.277627508026504e-07,0.79432,0.0019872437158108204,50000,1.0125323343233241
34,7,1.8,fit,1259,sim,clean,wiener,0.00013400334890310448,0.00015168064948210944,8.684400960613862e-07,0.42886,0.003270033970437362,50000,1.1319168567330888
34,5,1.4,fit,1259,sim,clean,wiener,0.0001450993190411761,0.00017773358171272705,1.0192414602712604e-06,0.33076,0.003837863099920265,50000,1.2249098265050442
34,1,0.6,fit,1264,sim,clean,wiener,0.00015110082773178154,0.0002391239569872384,5.059267285509016e-07,0.0996,0.0019050221154191715,50000,1.5825456456910107
34,17,6.0,fit,1255,sim,clean,wiener,8.82047367883482e-05,8.869682269502208e-05,6.495073262457695e-07,0.66602,0.002445662090573808,50000,1.0055789056754931
34,9,2.0,fit,1259,sim,clean,wiener,0.00012735660529162115,0.00013509281923619327,7.927115983611529e-07,0.49132,0.0029848850452172553,50000,1.0607445049815654
31,25,26.0,fit,1265,sim,clean,wiener,5.585310678067772e-05,5.664188976703489e-05,5.349303186721643e-07,0.78672,0.0020142325553692705,50000,1.0141224549863366
34,15,5.0,fit,1255,sim,clean,wiener,9.328857662885902e-05,9.468820038230783e-05,6.668157964455201e-07,0.64346,0.0025108355962493068,50000,1.0150031633456806
34,3,1.0,fit,1260,sim,clean,wiener,0.00015901743906661178,0.00024173190596282111,4.761929503612089e-07,0.08978,0.0017930622172169677,50000,1.520159721988483
31,27,30.0,fit,1265,sim,clean,wiener,5.708932094756114e-05,5.783697840146687e-05,5.403461528451894e-07,0.78222,0.0020346253974367515,50000,1.0130962751263497
34,13,4.0,fit,1256,sim,clean,wiener,0.00010180040160591021,0.00010432858203339263,6.928651409151487e-07,0.60716,0.0026089220868542834,50000,1.0248346802920238
31,29,40.0,fit,1265,sim,clean,wiener,5.39474306147568e-05,5.4910339123368975e-05,5.291238022202237e-07,0.79324,0.001992368633915318,50000,1.0178490151920003
34,7,1.8,fit,1260,sim,clean,wiener,0.00013400334890310448,0.00015053336439305472,8.597567887834882e-07,0.43318,0.0032373377488980177,50000,1.1233552416805852
34,1,0.6,fit,1265,sim,clean,wiener,0.00015110082773178154,0.000239283302138496,4.866051817456638e-07,0.099,0.0018322685487643484,50000,1.5836002074273663
34,11,3.0,fit,1256,sim,clean,wiener,0.0001130654547465052,0.00011704963660879104,7.264593132060396e-07,0.55926,0.0027354179558245866,50000,1.0352378352098655
34,5,1.4,fit,1260,sim,clean,wiener,0.0001450993190411761,0.00017930047570009346,1.0352482117085612e-06,0.32486,0.003898135099328985,50000,1.235708595222365
34,17,6.0,fit,1256,sim,clean,wiener,8.82047367883482e-05,9.03805697933107e-05,6.494551318702377e-07,0.65968,0.0024454655572932415,50000,1.0246679836501698
31,25,26.0,fit,1266,sim,clean,wiener,5.585310678067772e-05,5.7024318130053125e-05,5.366281705295074e-07,0.78528,0.002020625665585464,50000,1.020969493317077
34,9,2.0,fit,1260,sim,clean,wiener,0.00012735660529162115,0.0001354911821143373,7.958953791250285e-07,0.48982,0.002996873288620013,50000,1.0638724375864885
34,15,5.0,fit,1256,sim,clean,wiener,9.328857662885902e-05,9.553804118901503e-05,6.637241914758956e-07,0.64026,0.002499194432604635,50000,1.024112969041272
34,3,1.0,fit,1261,sim,clean,wiener,0.00015901743906661178,0.00024183282455861758,4.7612936036550316e-07,0.0894,0.0017928227747417977,50000,1.5207943605312042
31,27,30.0,fit,1266,sim,clean,wiener,5.708932094756114e-05,5.825127579473663e-05,5.418924780475985e-07,0.78066,0.0020404479475057244,50000,1.0203532784746694
31,29,40.0,fit,1266,sim,clean,wiener,5.39474306147568e-05,5.5276832971261435e-05,5.307849418218025e-07,0.79186,0.0019986235073964445,50000,1.0246425518575297
34,13,4.0,fit,1257,sim,clean,wiener,0.00010180040160591021,0.00010382930055945215,6.938973649828498e-07,0.60904,0.002612808834808223,50000,1.0199301664977336
34,1,0.6,fit,1266,sim,clean,wiener,0.00015110082773178154,0.00023940015524941824,5.21515426091238e-07,0.09856,0.0019637199700472123,50000,1.584373552700694
34,7,1.8,fit,1261,sim,clean,wiener,0.00013400334890310448,0.00015176563356278017,8.840697242371357e-07,0.42854,0.0033288859457339896,50000,1.1325510504406817
34,5,1.4,fit,1261,sim,clean,wiener,0.0001450993190411761,0.00017790886137911038,1.0241469025151444e-06,0.3301,0.003856334106556496,50000,1.2261178243615578
34,11,3.0,fit,1257,sim,clean,wiener,0.0001130654547465052,0.0001169115374777011,7.201175843566141e-07,0.55978,0.002711538739672575,50000,1.034016426501082
31,25,26.0,fit,1267,sim,clean,wiener,5.585310678067772e-05,5.7146482746017285e-05,5.383707948726222e-07,0.78482,0.002027187362616198,50000,1.02315674167273
34,17,6.0,fit,1257,sim,clean,wiener,8.82047367883482e-05,8.93926298555136e-05,6.465361972150041e-07,0.6634,0.0024344745683656343,50000,1.0134674520940503
34,9,2.0,fit,1261,sim,clean,wiener,0.00012735660529162115,0.00013518311482190593,7.965359336986255e-07,0.49098,0.0029992852399164595,50000,1.0614535030386814
34,3,1.0,fit,1262,sim,clean,wiener,0.00015901743906661178,0.00024194967766953982,4.692187442506047e-07,0.08896,0.0017668014641702826,50000,1.521529205159618
31,27,30.0,fit,1267,sim,clean,wiener,5.708932094756114e-05,5.83734404107008e-05,5.438570122826407e-07,0.7802,0.002047845226504944,50000,1.0224931640773793
31,29,40.0,fit,1267,sim,clean,wiener,5.39474306147568e-05,5.526620996117758e-05,5.298544395711658e-07,0.7919,0.0019951197839007764,50000,1.0244456377512823
34,15,5.0,fit,1257,sim,clean,wiener,9.328857662885902e-05,9.486879155373311e-05,6.695303124460457e-07,0.64278,0.002521056864907067,50000,1.0169389970559937
34,13,4.0,fit,1258,sim,clean,wiener,0.00010180040160591021,0.00010286791814686464,6.932248484296793e-07,0.61266,0.002610276533519369,50000,1.0104863686597918
34,1,0.6,fit,1267,sim,clean,wiener,0.00015110082773178154,0.00023927799063345407,4.909624969849858e-07,0.09902,0.001848675631897783,50000,1.5835650553694878
34,7,1.8,fit,1262,sim,clean,wiener,0.00013400334890310448,0.00014980037669726977,8.556714402001366e-07,0.43594,0.003221954732027625,50000,1.1178853209525967
34,5,1.4,fit,1262,sim,clean,wiener,0.0001450993190411761,0.000177138693148032,1.0101897804674958e-06,0.333,0.0038037798043860384,50000,1.2208099549920273
31,25,26.0,fit,1268,sim,clean,wiener,5.585310678067772e-05,5.773605980567041e-05,5.39741468698873e-07,0.7826,0.0020323485130450615,50000,1.0337125924326218
34,11,3.0,fit,1258,sim,clean,wiener,0.0001130654547465052,0.0001155517921869696,7.261200915420443e-07,0.5649,0.002734140646808336,50000,1.0219902484453702
34,9,2.0,fit,1262,sim,clean,wiener,0.00012735660529162115,0.0001353371484681216,7.931635375026314e-07,0.4904,0.0029865867818734825,50000,1.062662970312585
34,17,6.0,fit,1258,sim,clean,wiener,8.82047367883482e-05,8.8834921826112e-05,6.473838380279795e-07,0.6655,0.0024376662844848344,50000,1.007144571376886
31,27,30.0,fit,1268,sim,clean,wiener,5.708932094756114e-05,5.909580509640193e-05,5.475427779464529e-07,0.77748,0.002061723649417934,50000,1.0351464006847064
34,3,1.0,fit,1263,sim,clean,wiener,0.00015901743906661178,0.00024179033251828225,4.736856428242846e-07,0.08956,0.0017836211736064057,50000,1.5205271443026902
31,29,40.0,fit,1268,sim,clean,wiener,5.39474306147568e-05,5.612667377796863e-05,5.337395231672633e-07,0.78866,0.002009748720766826,50000,1.0403956803573091
34,15,5.0,fit,1258,sim,clean,wiener,9.328857662885902e-05,9.379055603022336e-05,6.662925832927419e-07,0.64684,0.002508865483640361,50000,1.0053809310797122
34,1,0.6,fit,1268,sim,clean,wiener,0.00015110082773178154,0.00023919300655278337,4.812263826039245e-07,0.09934,0.0018120151588144628,50000,1.5830026224434315
34,13,4.0,fit,1259,sim,clean,wiener,0.00010180040160591021,0.00010287322965190657,6.877056680860811e-07,0.61264,0.0025894945506348974,50000,1.0105385443384545
34,7,1.8,fit,1263,sim,clean,wiener,0.00013400334890310448,0.00015096359630145025,8.508755953625963e-07,0.43156,0.0032038964046808937,50000,1.1265658473252742
34,5,1.4,fit,1263,sim,clean,wiener,0.0001450993190411761,0.00017742020291525374,1.0167408386077682e-06,0.33194,0.0038284472313716844,50000,1.2227500727615797
31,25,26.0,fit,1269,sim,clean,wiener,5.585310678067772e-05,5.761920669474817e-05,5.395549968860265e-07,0.78304,0.0020316463700126262,50000,1.0316204418315622
34,9,2.0,fit,1263,sim,clean,wiener,0.00012735660529162115,0.00013614449723449342,7.981182624407735e-07,0.48736,0.0030052433581133162,50000,1.0690022470585625
31,27,30.0,fit,1269,sim,clean,wiener,5.708932094756114e-05,5.875055726867711e-05,5.457523254853209e-07,0.77878,0.0020549818598611085,50000,1.0290988978944395
34,11,3.0,fit,1259,sim,clean,wiener,0.0001130654547465052,0.00011615199225670655,7.318206445024485e-07,0.56264,0.0027556055721559116,50000,1.0272986786027742
34,3,1.0,fit,1264,sim,clean,wiener,0.00015901743906661178,0.0002419656121846656,4.7321756052178494e-07,0.0889,0.00178185865131261,50000,1.521629411245311
34,17,6.0,fit,1259,sim,clean,wiener,8.82047367883482e-05,8.917485814879487e-05,6.499413729349593e-07,0.66422,0.0024472964547917245,50000,1.0109985177187766
31,29,40.0,fit,1269,sim,clean,wiener,5.39474306147568e-05,5.5892967556124155e-05,5.323037365877419e-07,0.78954,0.0020043423940545677,50000,1.03606357001987
34,1,0.6,fit,1269,sim,clean,wiener,0.00015110082773178154,0.00023927799063345407,5.111400389591392e-07,0.09902,0.0019246523722563295,50000,1.5835650553694878
34,15,5.0,fit,1259,sim,clean,wiener,9.328857662885902e-05,9.408268880752896e-05,6.596657273563553e-07,0.64574,0.0024839126467924794,50000,1.0085124267875718
34,13,4.0,fit,1260,sim,clean,wiener,0.00010180040160591021,0.00010371775895357183,6.844399065362311e-07,0.60946,0.0025771976158713017,50000,1.0188344772458178
34,7,1.8,fit,1264,sim,clean,wiener,0.00013400334890310448,0.00015083612018044416,8.858578017055438e-07,0.43204,0.003335618792466869,50000,1.1256145567638847
31,25,26.0,fit,1270,sim,clean,wiener,5.585310678067772e-05,5.703494114013694e-05,5.350088763913447e-07,0.78524,0.0020145283574764337,50000,1.0211596888262637
34,5,1.4,fit,1264,sim,clean,wiener,0.0001450993190411761,0.00017777076224802045,1.0227325799276477e-06,0.33062,0.0038510086005978856,50000,1.2251660684746075
34,9,2.0,fit,1264,sim,clean,wiener,0.00012735660529162115,0.00013551773963954689,8.015062446649786e-07,0.48972,0.003018000503959799,50000,1.0640809664268167
31,27,30.0,fit,1270,sim,clean,wiener,5.708932094756114e-05,5.841593245103617e-05,5.419768449435647e-07,0.78004,0.002040765623551592,50000,1.0232374721131046
31,29,40.0,fit,1270,sim,clean,wiener,5.39474306147568e-05,5.5372440062016e-05,5.294888218280663e-07,0.7915,0.001993743082795482,50000,1.026414778813755
34,3,1.0,fit,1265,sim,clean,wiener,0.00015901743906661178,0.0002420983998107136,4.7401168524212645e-07,0.0884,0.0017848488573430064,50000,1.5224644619594176
34,11,3.0,fit,1260,sim,clean,wiener,0.0001130654547465052,0.00011649192857938944,7.2767089541545e-07,0.56136,0.002739980060914757,50000,1.0303052231167023
34,17,6.0,fit,1260,sim,clean,wiener,8.82047367883482e-05,8.969007413786112e-05,6.502911230151423e-07,0.66228,0.00244861340762307,50000,1.0168396551432046
34,1,0.6,fit,1270,sim,clean,wiener,0.00015110082773178154,0.0002391717605326157,5.234494667180455e-07,0.09942,0.0019710024280757505,50000,1.5828620142119174
34,15,5.0,fit,1260,sim,clean,wiener,9.328857662885902e-05,9.501751369490687e-05,6.65298895812261e-07,0.64222,0.002505123841779388,50000,1.0185332130527223
34,13,4.0,fit,1261,sim,clean,wiener,0.00010180040160591021,0.00010379743152920063,6.957921625820445e-07,0.60916,0.0026199435267053044,50000,1.0196171124257576
34,7,1.8,fit,1265,sim,clean,wiener,0.00013400334890310448,0.0001510592033922048,8.698696556677134e-07,0.4312,0.0032754168500356857,50000,1.1272793152463159
34,5,1.4,fit,1265,sim,clean,wiener,0.0001450993190411761,0.000177802631278272,1.0071915210801544e-06,0.3305,0.003792490125232284,50000,1.2253857044485192
31,25,26.0,fit,1271,sim,clean,wiener,5.585310678067772e-05,5.7300516392232947e-05,5.390555389025857e-07,0.78424,0.002029765705381796,50000,1.0259145765559448
34,9,2.0,fit,1265,sim,clean,wiener,0.00012735660529162115,0.00013514593428661247,7.900266611439509e-07,0.49112,0.0029747751528383095,50000,1.0611615626622217
31,27,30.0,fit,1271,sim,clean,wiener,5.708932094756114e-05,5.858058910733568e-05,5.442712819786607e-07,0.77942,0.002049405122213413,50000,1.0261216657515393
34,3,1.0,fit,1266,sim,clean,wiener,0.00015901743906661178,0.00024202403874012672,4.7370776438803703e-07,0.08868,0.0017837044703879314,50000,1.521996833559518
31,29,40.0,fit,1271,sim,clean,wiener,5.39474306147568e-05,5.5754868425034244e-05,5.319118770259019e-07,0.79006,0.002002866881713913,50000,1.033503686638656
34,11,3.0,fit,1261,sim,clean,wiener,0.0001130654547465052,0.00011630071439788031,7.183190226168987e-07,0.56208,0.0027047664153482236,50000,1.0286140418276177
34,17,6.0,fit,1261,sim,clean,wiener,8.82047367883482e-05,8.937138383534592e-05,6.51205367337136e-07,0.66348,0.0024520559133338928,50000,1.0132265804476823
34,1,0.6,fit,1271,sim,clean,wiener,0.00015110082773178154,0.00023937890922925054,4.904798288659388e-07,0.09864,0.001846858188008574,50000,1.5842329444691796
34,7,1.8,fit,1266,sim,clean,wiener,0.00013400334890310448,0.00015182406011824128,8.750025461261287e-07,0.42832,0.003294744292701766,50000,1.1329870586146518
34,5,1.4,fit,1266,sim,clean,wiener,0.0001450993190411761,0.000178732144660608,1.0357862425544038e-06,0.327,0.003900161006643753,50000,1.231791753687608
31,25,26.0,fit,1272,sim,clean,wiener,5.585310678067772e-05,5.70190066250112e-05,5.337417289189611e-07,0.7853,0.0020097570263287352,50000,1.0208743955624833
34,13,4.0,fit,1262,sim,clean,wiener,0.00010180040160591021,0.00010363808637794305,6.927430847550339e-07,0.60976,0.0026084624952351417,50000,1.018051842065878
34,15,5.0,fit,1261,sim,clean,wiener,9.328857662885902e-05,9.490066058398464e-05,6.707584658356009e-07,0.64266,0.0025256813673027617,50000,1.0172806147695785
34,9,2.0,fit,1266,sim,clean,wiener,0.00012735660529162115,0.00013601702111348734,7.943842306895084e-07,0.48784,0.002991183193539264,50000,1.068001308624987
31,27,30.0,fit,1272,sim,clean,wiener,5.708932094756114e-05,5.811317666364672e-05,5.378635821663618e-07,0.78118,0.0020252774982660476,50000,1.0179342773585631
34,3,1.0,fit,1267,sim,clean,wiener,0.00015901743906661178,0.00024197092368970753,4.7634993764845e-07,0.08888,0.0017936533388896465,50000,1.5216628132738754
31,29,40.0,fit,1272,sim,clean,wiener,5.39474306147568e-05,5.529276748638721e-05,5.280426985243874e-07,0.7918,0.001988297834067426,50000,1.024937923016901
34,11,3.0,fit,1262,sim,clean,wiener,0.0001130654547465052,0.00011631133740796416,7.287975318777834e-07,0.56204,0.002744222310346666,50000,1.028707996343678
34,1,0.6,fit,1272,sim,clean,wiener,0.00015110082773178154,0.00023941077825950208,5.081684640872398e-07,0.09852,0.0019134631712730045,50000,1.584443856816451
34,17,6.0,fit,1262,sim,clean,wiener,8.82047367883482e-05,8.915892363366912e-05,6.465378285611006e-07,0.66428,0.002434480711054321,50000,1.0108178639840004
34,7,1.8,fit,1267,sim,clean,wiener,0.00013400334890310448,0.00015035808472667136,8.736139120515819e-07,0.43384,0.003289515514554754,50000,1.1220472171586748
34,5,1.4,fit,1267,sim,clean,wiener,0.0001450993190411761,0.000178732144660608,1.0346406598923738e-06,0.327,0.003895847416981355,50000,1.231791753687608
31,25,26.0,fit,1273,sim,clean,wiener,5.585310678067772e-05,5.5946082606543346e-05,5.301742095665727e-07,0.78934,0.001996323849388367,50000,1.0016646491345722
34,13,4.0,fit,1263,sim,clean,wiener,0.00010180040160591021,0.00010357434831744,6.910484795929959e-07,0.61,0.002602081610161462,50000,1.017425733921926
34,15,5.0,fit,1262,sim,clean,wiener,9.328857662885902e-05,9.494315262432e-05,6.658818091360137e-07,0.6425,0.002507318750074315,50000,1.017736105054358
34,9,2.0,fit,1267,sim,clean,wiener,0.00012735660529162115,0.0001344341926109952,7.754136070357959e-07,0.4938,0.00291975099681163,50000,1.0555729897414254
31,27,30.0,fit,1273,sim,clean,wiener,5.708932094756114e-05,5.7358942947694064e-05,5.377984687231511e-07,0.78402,0.0020250323193847447,50000,1.0047228097244418
34,3,1.0,fit,1268,sim,clean,wiener,0.00015901743906661178,0.00024230554850734846,4.7156075595470286e-07,0.08762,0.0017756201010184615,50000,1.5237671410734241
31,29,40.0,fit,1273,sim,clean,wiener,5.39474306147568e-05,5.429420453850623e-05,5.237107730771159e-07,0.79556,0.0019719863539386013,50000,1.0064279970296597
34,1,0.6,fit,1273,sim,clean,wiener,0.00015110082773178154,0.00023913989150236417,5.020760354554628e-07,0.09954,0.001890522672925761,50000,1.5826511018646463
34,11,3.0,fit,1263,sim,clean,wiener,0.0001130654547465052,0.00011650255158947326,7.256051047737722e-07,0.56132,0.0027322015099188568,50000,1.0303991776327623
34,7,1.8,fit,1268,sim,clean,wiener,0.00013400334890310448,0.00015044306880734206,8.654050820162386e-07,0.43352,0.0032586058948874215,50000,1.1226814108662677
31,25,26.0,fit,1274,sim,clean,wiener,5.585310678067772e-05,5.568581885948927e-05,5.323789141319145e-07,0.79032,0.0020046254684132634,50000,0.997004859159485
34,17,6.0,fit,1263,sim,clean,wiener,8.82047367883482e-05,8.881367580594433e-05,6.551058099421906e-07,0.66558,0.0024667426831826308,50000,1.006903699730518
34,5,1.4,fit,1268,sim,clean,wiener,0.0001450993190411761,0.0001783815853278413,1.0231772941026212e-06,0.32832,0.0038526831322850956,50000,1.22937575797458
34,13,4.0,fit,1264,sim,clean,wiener,0.00010180040160591021,0.00010329283855021822,6.888225802629716e-07,0.61106,0.0025937001841345383,50000,1.0146604229528047
34,9,2.0,fit,1268,sim,clean,wiener,0.00012735660529162115,0.00013529996793282817,7.890235356668801e-07,0.49054,0.0029709979730402902,50000,1.0623710299361255
34,15,5.0,fit,1263,sim,clean,wiener,9.328857662885902e-05,9.443324814029567e-05,6.652789737124726e-07,0.64442,0.0025050488268838693,50000,1.0122702216370032
31,27,30.0,fit,1274,sim,clean,wiener,5.708932094756114e-05,5.729520488719105e-05,5.40401959065993e-07,0.78426,0.002034835530799567,50000,1.0036063476708545
34,3,1.0,fit,1269,sim,clean,wiener,0.00015901743906661178,0.0002421462033560909,4.7122878047720914e-07,0.08822,0.0017743700768732382,50000,1.5227650802164963
31,29,40.0,fit,1274,sim,clean,wiener,5.39474306147568e-05,5.436856560909312e-05,5.273425087863949e-07,0.79528,0.001985661331861492,50000,1.0078063957733907
34,1,0.6,fit,1274,sim,clean,wiener,0.00015110082773178154,0.00023934704019899905,5.20314574782678e-07,0.09876,0.0019591982712101313,50000,1.5840220321219087
34,11,3.0,fit,1264,sim,clean,wiener,0.0001130654547465052,0.00011574831787352064,7.223599575499505e-07,0.56416,0.002719982196567142,50000,1.0237284069924848
34,7,1.8,fit,1269,sim,clean,wiener,0.00013400334890310448,0.0001502359201107072,8.638971408898725e-07,0.4343,0.0032529278766441363,50000,1.1211355637040101
31,25,26.0,fit,1275,sim,clean,wiener,5.585310678067772e-05,5.738550047290369e-05,5.36900253213633e-07,0.78392,0.002021650168742209,50000,1.027436140629443
34,5,1.4,fit,1269,sim,clean,wiener,0.0001450993190411761,0.000179130507538752,1.0194728420296734e-06,0.3255,0.0038387343473598773,50000,1.234537203361503
34,17,6.0,fit,1264,sim,clean,wiener,8.82047367883482e-05,8.927577674459136e-05,6.48040513252635e-07,0.66384,0.0024401389366595864,50000,1.0121426580390256
31,27,30.0,fit,1275,sim,clean,wiener,5.708932094756114e-05,5.8500916531706885e-05,5.426426476151534e-07,0.77972,0.002043272644316268,50000,1.0247260881845548
34,9,2.0,fit,1269,sim,clean,wiener,0.00012735660529162115,0.00013481662097401343,8.000743691384484e-07,0.49236,0.003012608903969855,50000,1.0585758050421519
34,15,5.0,fit,1264,sim,clean,wiener,9.328857662885902e-05,9.430046051424767e-05,6.605628710876637e-07,0.64492,0.0024872907617494566,50000,1.010846814497067
31,29,40.0,fit,1275,sim,clean,wiener,5.39474306147568e-05,5.5600834778818556e-05,5.321369522428418e-07,0.79064,0.0020037143824323104,50000,1.0306484320980707
34,13,4.0,fit,1265,sim,clean,wiener,0.00010180040160591021,0.00010343093768130816,6.897450136361611e-07,0.61054,0.0025971735249895665,50000,1.016016990598034
34,3,1.0,fit,1270,sim,clean,wiener,0.00015901743906661178,0.00024213558034600702,4.694376231238125e-07,0.08826,0.0017676256331072614,50000,1.5226982761593675
34,1,0.6,fit,1275,sim,clean,wiener,0.00015110082773178154,0.000239283302138496,5.445675048971887e-07,0.099,0.0020505205232765394,50000,1.5836002074273663
31,25,26.0,fit,1276,sim,clean,wiener,5.585310678067772e-05,5.719428629139456e-05,5.352323178429757e-07,0.78464,0.002015369706396815,50000,1.0240126214640726
34,7,1.8,fit,1270,sim,clean,wiener,0.00013400334890310448,0.00015031028118129406,8.766444034460532e-07,0.43402,0.0033009265604656726,50000,1.1216904831981538
34,11,3.0,fit,1265,sim,clean,wiener,0.0001130654547465052,0.00011681593038694656,7.298939769965122e-07,0.56014,0.0027483508769584847,50000,1.03317083585654
34,5,1.4,fit,1270,sim,clean,wiener,0.0001450993190411761,0.00017776545074297854,1.0289796506587702e-06,0.33064,0.0038745313900212935,50000,1.2251294624789555
34,17,6.0,fit,1265,sim,clean,wiener,8.82047367883482e-05,8.898364396728576e-05,6.449277060806498e-07,0.66494,0.002428417938006971,50000,1.008830672901463
31,27,30.0,fit,1276,sim,clean,wiener,5.708932094756114e-05,5.846373599641344e-05,5.417892573136985e-07,0.77986,0.002040059279009374,50000,1.024074818653295
34,9,2.0,fit,1270,sim,clean,wiener,0.00012735660529162115,0.00013512999977148674,7.903718632420207e-07,0.49118,0.0029760749806473593,50000,1.061036445358025
31,29,40.0,fit,1276,sim,clean,wiener,5.39474306147568e-05,5.577080294015999e-05,5.289542514702658e-07,0.79,0.0019917302056407715,50000,1.0337990577980265
34,13,4.0,fit,1266,sim,clean,wiener,0.00010180040160591021,0.00010357965982248192,6.937157927607159e-07,0.60998,0.0026121251407490026,50000,1.0174779096005886
34,3,1.0,fit,1271,sim,clean,wiener,0.00015901743906661178,0.00024234272904264192,4.741039727124615e-07,0.08748,0.0017851963576074575,50000,1.5240009552733742
34,15,5.0,fit,1265,sim,clean,wiener,9.328857662885902e-05,9.452885523105024e-05,6.636302162221888e-07,0.64406,0.002498840577141955,50000,1.0132950747777574
34,1,0.6,fit,1276,sim,clean,wiener,0.00015110082773178154,0.00023918769504774142,4.91439646033733e-07,0.09936,0.0018504722942184677,50000,1.582967470385553
31,25,26.0,fit,1277,sim,clean,wiener,5.585310678067772e-05,5.738018896786177e-05,5.382357194697977e-07,0.78394,0.002026678748196148,50000,1.0273410428748493
34,7,1.8,fit,1271,sim,clean,wiener,0.00013400334890310448,0.00015008188646449154,8.556542087498787e-07,0.43488,0.003221889848533693,50000,1.1199860876089982
34,5,1.4,fit,1271,sim,clean,wiener,0.0001450993190411761,0.00017735646485475074,1.0260471559118065e-06,0.33218,0.0038634893417738773,50000,1.2223108008137569
34,11,3.0,fit,1266,sim,clean,wiener,0.0001130654547465052,0.00011643350202392833,7.304277855879144e-07,0.56158,0.002750360885749549,50000,1.0297884732783709
34,17,6.0,fit,1266,sim,clean,wiener,8.82047367883482e-05,8.946167942105857e-05,6.511309123787839e-07,0.66314,0.00245177555980786,50000,1.014250284944747
31,27,30.0,fit,1277,sim,clean,wiener,5.708932094756114e-05,5.854340857204223e-05,5.444469561591717e-07,0.77956,0.0020500666077212844,50000,1.0254703962202796
31,29,40.0,fit,1277,sim,clean,wiener,5.39474306147568e-05,5.569644186957312e-05,5.319073313725478e-07,0.79028,0.002002849765460353,50000,1.032420659054296
34,9,2.0,fit,1271,sim,clean,wiener,0.00012735660529162115,0.0001341739288639411,7.940110727956378e-07,0.49478,0.0029897781006666207,50000,1.053529407106209
34,3,1.0,fit,1272,sim,clean,wiener,0.00015901743906661178,0.00024156193780147967,4.771950401362905e-07,0.09042,0.0017968354971712285,50000,1.5190908570744266
34,13,4.0,fit,1267,sim,clean,wiener,0.00010180040160591021,0.00010362215186281726,6.910562816105442e-07,0.60982,0.0026021109879648782,50000,1.0178953150298897
34,15,5.0,fit,1266,sim,clean,wiener,9.328857662885902e-05,9.432701803945729e-05,6.666340281642796e-07,0.64482,0.002510151163946952,50000,1.0111314959250544
34,1,0.6,fit,1277,sim,clean,wiener,0.00015110082773178154,0.00023922487558303488,5.157459759712414e-07,0.09922,0.0019419956185707014,50000,1.5832135347907026
31,25,26.0,fit,1278,sim,clean,wiener,5.585310678067772e-05,5.7475796058616305e-05,5.394364005905669e-07,0.78358,0.002031199806206234,50000,1.029052802457534
34,7,1.8,fit,1272,sim,clean,wiener,0.00013400334890310448,0.00015053336439305472,8.646078182262128e-07,0.43318,0.003255603868969217,50000,1.1233552416805852
34,5,1.4,fit,1272,sim,clean,wiener,0.0001450993190411761,0.0001773511533497088,1.0309552718129484e-06,0.3322,0.0038819704158288035,50000,1.2222741948181046
31,27,30.0,fit,1278,sim,clean,wiener,5.708932094756114e-05,5.8490293521623034e-05,5.427005605741131e-07,0.77976,0.002043490710414305,50000,1.0245400111756233
34,11,3.0,fit,1267,sim,clean,wiener,0.0001130654547465052,0.00011617854978191614,7.281567381454476e-07,0.56254,0.002741809458519252,50000,1.0275335648929247
34,17,6.0,fit,1267,sim,clean,wiener,8.82047367883482e-05,8.941387587568127e-05,6.506982993653652e-07,0.66332,0.002450146593968594,50000,1.0137083237404185
31,29,40.0,fit,1278,sim,clean,wiener,5.39474306147568e-05,5.583454100066303e-05,5.326128841772434e-07,0.78976,0.0020055064618171377,50000,1.03498054243551
34,9,2.0,fit,1272,sim,clean,wiener,0.00012735660529162115,0.00013561865823534335,7.97223886274592e-07,0.48934,0.003001875664176766,50000,1.064873376020064
34,3,1.0,fit,1273,sim,clean,wiener,0.00015901743906661178,0.00024231617151743233,4.730575035135917e-07,0.08758,0.0017812559708786084,50000,1.523833945130553
34,13,4.0,fit,1268,sim,clean,wiener,0.00010180040160591021,0.00010365402089306879,6.881763304490753e-07,0.6097,0.0025912667879170975,50000,1.0182083691018657
34,1,0.6,fit,1278,sim,clean,wiener,0.00015110082773178154,0.00023939484374437632,5.378145907190514e-07,0.09858,0.0020250930253269323,50000,1.5843384006428154
34,15,5.0,fit,1267,sim,clean,wiener,9.328857662885902e-05,9.464039683693056e-05,6.609801274362976e-07,0.64364,0.002488861903432805,50000,1.0144907367753035
31,25,26.0,fit,1279,sim,clean,wiener,5.585310678067772e-05,5.7263335856939526e-05,5.368706165375902e-07,0.78438,0.0020215385744735076,50000,1.0252488922737897
34,7,1.8,fit,1273,sim,clean,wiener,0.00013400334890310448,0.00014958791649559295,8.688317191598834e-07,0.43674,0.0032715085923963223,50000,1.1162998366836145
34,5,1.4,fit,1273,sim,clean,wiener,0.0001450993190411761,0.00017874276767069184,1.0453616754466885e-06,0.32696,0.003936216447866956,50000,1.2318649656789118
31,27,30.0,fit,1279,sim,clean,wiener,5.708932094756114e-05,5.868150770313217e-05,5.434666397824365e-07,0.77904,0.0020463753135626676,50000,1.0278893973363865
31,29,40.0,fit,1279,sim,clean,wiener,5.39474306147568e-05,5.545211263764479e-05,5.305144795158695e-07,0.7912,0.0019976051056297198,50000,1.0278916346106093
34,9,2.0,fit,1273,sim,clean,wiener,0.00012735660529162115,0.00013426422444965376,7.882113941528956e-07,0.49444,0.0029679399263752683,50000,1.054238405163325
34,11,3.0,fit,1268,sim,clean,wiener,0.0001130654547465052,0.00011750111453735425,7.350780801339213e-07,0.55756,0.0027678711564140986,50000,1.0392309021424262
34,17,6.0,fit,1268,sim,clean,wiener,8.82047367883482e-05,8.980692724878336e-05,6.47612239368706e-07,0.66184,0.002438526309426631,50000,1.0181644491982296
34,3,1.0,fit,1274,sim,clean,wiener,0.00015901743906661178,0.0002420983998107136,4.7215008852082246e-07,0.0884,0.0017778391803997984,50000,1.5224644619594176
34,1,0.6,fit,1279,sim,clean,wiener,0.00015110082773178154,0.0002392886136435379,4.7351421638078605e-07,0.09898,0.0017829756825745962,50000,1.5836353594852448
34,13,4.0,fit,1269,sim,clean,wiener,0.00010180040160591021,0.00010296352523761921,6.879735505805775e-07,0.6123,0.0025905032383510235,50000,1.0114255308757198
34,15,5.0,fit,1268,sim,clean,wiener,9.328857662885902e-05,9.539463055288318e-05,6.645458095376392e-07,0.6408,0.0025022881623677027,50000,1.022575689330141
31,25,26.0,fit,1280,sim,clean,wiener,5.585310678067772e-05,5.6424118060316156e-05,5.343329983194866e-07,0.78754,0.0020119833986878273,50000,1.010223447047998
34,7,1.8,fit,1274,sim,clean,wiener,0.00013400334890310448,0.00014990129529306626,8.742926137533075e-07,0.43556,0.0032920711054705834,50000,1.1186384259803634
34,5,1.4,fit,1274,sim,clean,wiener,0.0001450993190411761,0.00017771233569255934,1.0221999102011729e-06,0.33084,0.0038490028801014507,50000,1.2247634025224363
31,27,30.0,fit,1280,sim,clean,wiener,5.708932094756114e-05,5.7762617330880005e-05,5.388748100454989e-07,0.7825,0.002029085186938679,50000,1.011793736063831
31,29,40.0,fit,1280,sim,clean,wiener,5.39474306147568e-05,5.487315858807553e-05,5.307323150182687e-07,0.79338,0.0019984253458466823,50000,1.0171598158201347
34,9,2.0,fit,1274,sim,clean,wiener,0.00012735660529162115,0.00013344625267319807,7.98830541581877e-07,0.49752,0.0030079253818918197,50000,1.0478157168812159
34,3,1.0,fit,1275,sim,clean,wiener,0.00015901743906661178,0.0002419124971342464,4.763610736799195e-07,0.0891,0.0017936952706260625,50000,1.5212953909596683
34,11,3.0,fit,1269,sim,clean,wiener,0.0001130654547465052,0.00011527028241974782,7.242419989430434e-07,0.56596,0.0027270688561042756,50000,1.0195004537697734
34,17,6.0,fit,1269,sim,clean,wiener,8.82047367883482e-05,8.874993774544129e-05,6.432866586468798e-07,0.66582,0.002422238719797374,50000,1.0061810847914134
34,1,0.6,fit,1280,sim,clean,wiener,0.00015110082773178154,0.00023908677645194496,5.02090895410602e-07,0.09974,0.0018905786267656688,50000,1.5822995812858611
34,13,4.0,fit,1270,sim,clean,wiener,0.00010180040160591021,0.0001038133660443264,6.926565427065724e-07,0.6091,0.002608136628845941,50000,1.0197736394617458
34,15,5.0,fit,1269,sim,clean,wiener,9.328857662885902e-05,9.447042867558912e-05,6.554173037514289e-07,0.64428,0.002467915585427022,50000,1.0126687756361854
31,25,26.0,fit,1281,sim,clean,wiener,5.585310678067772e-05,5.762982970483199e-05,5.39673966770706e-07,0.783,0.0020320943405360108,50000,1.0318106373407492
34,7,1.8,fit,1275,sim,clean,wiener,0.00013400334890310448,0.00015144163175522305,8.846175119384517e-07,0.42976,0.00333094859162058,50000,1.130133186930484
34,5,1.4,fit,1275,sim,clean,wiener,0.0001450993190411761,0.00017961385449756672,1.0620123730666262e-06,0.32368,0.003998913169374421,50000,1.237868348965829
31,27,30.0,fit,1281,sim,clean,wiener,5.708932094756114e-05,5.8862098874557426e-05,5.453882533222875e-07,0.77836,0.0020536109785001385,50000,1.031052706488218
31,29,40.0,fit,1281,sim,clean,wiener,5.39474306147568e-05,5.5776114445201914e-05,5.312818346979237e-07,0.78998,0.0020004945133437215,50000,1.0338975148511502
34,9,2.0,fit,1275,sim,clean,wiener,0.00012735660529162115,0.00013459353776225277,7.935045462348602e-07,0.4932,0.0029878708199362817,50000,1.0568241627833945
34,3,1.0,fit,1276,sim,clean,wiener,0.00015901743906661178,0.00024197092368970753,4.780652606207363e-07,0.08888,0.001800112235035837,50000,1.5216628132738754
34,17,6.0,fit,1270,sim,clean,wiener,8.82047367883482e-05,8.913767761350145e-05,6.465011433249356e-07,0.66436,0.002434342576059153,50000,1.0105769923376327
34,11,3.0,fit,1270,sim,clean,wiener,0.0001130654547465052,0.00011670970028610815,7.364730556470501e-07,0.56054,0.002773123812684287,50000,1.0322312906959372
34,1,0.6,fit,1281,sim,clean,wiener,0.00015110082773178154,0.00023917707203765758,5.557133634818759e-07,0.0994,0.002092489262821059,50000,1.582897166269796
34,13,4.0,fit,1271,sim,clean,wiener,0.00010180040160591021,0.00010202338884519935,6.870579615643036e-07,0.61584,0.002587055669313443,50000,1.0021904357524283
31,25,26.0,fit,1282,sim,clean,wiener,5.585310678067772e-05,5.765638723004159e-05,5.400924797334214e-07,0.7829,0.0020336702138879607,50000,1.032286126113717
34,7,1.8,fit,1276,sim,clean,wiener,0.00013400334890310448,0.00015203120881487615,8.638051608118049e-07,0.42754,0.0032525815338379387,50000,1.1345329057769094
34,15,5.0,fit,1270,sim,clean,wiener,9.328857662885902e-05,9.52618429268352e-05,6.684563439707528e-07,0.6413,0.0025170129320977526,50000,1.021152282190205
34,5,1.4,fit,1276,sim,clean,wiener,0.0001450993190411761,0.00017776013923793664,1.0073771465284452e-06,0.33066,0.003793189081354234,50000,1.2250928564833037
31,27,30.0,fit,1282,sim,clean,wiener,5.708932094756114e-05,5.89045909148928e-05,5.453009381847519e-07,0.7782,0.002053282201112763,50000,1.0317970145239432
31,29,40.0,fit,1282,sim,clean,wiener,5.39474306147568e-05,5.596732862671105e-05,5.328582887948463e-07,0.78926,0.0020064305110862853,50000,1.037441968763601
34,9,2.0,fit,1276,sim,clean,wiener,0.00012735660529162115,0.00013567708479080449,7.953993889353513e-07,0.48912,0.0029950056816582847,50000,1.065332139468786
34,3,1.0,fit,1277,sim,clean,wiener,0.00015901743906661178,0.0002420187272350848,4.742222467641432e-07,0.0887,0.0017856417080335545,50000,1.5219634315309538
34,1,0.6,fit,1282,sim,clean,wiener,0.00015110082773178154,0.00023926736762337023,5.413233116383212e-07,0.09906,0.0020383048019950445,50000,1.5834947512537307
34,17,6.0,fit,1271,sim,clean,wiener,8.82047367883482e-05,8.825065627150081e-05,6.48104040925555e-07,0.6677,0.0024403781444638476,50000,1.0005206011017618
34,11,3.0,fit,1271,sim,clean,wiener,0.0001130654547465052,0.00011484005051135232,7.242424826910371e-07,0.56758,0.0027270706776143373,50000,1.0156952958693335
31,25,26.0,fit,1283,sim,clean,wiener,5.585310678067772e-05,5.6546282676280316e-05,5.341956345305653e-07,0.78708,0.0020114661675533856,50000,1.0124106954036511
34,13,4.0,fit,1272,sim,clean,wiener,0.00010180040160591021,0.00010396208818550017,6.928462911568281e-07,0.60854,0.002608851109765222,50000,1.0212345584643003
34,7,1.8,fit,1277,sim,clean,wiener,0.00013400334890310448,0.00015177094506782206,8.67687430728152e-07,0.42852,0.0032671998760430464,50000,1.132590687547406
34,5,1.4,fit,1277,sim,clean,wiener,0.0001450993190411761,0.00017862060305472765,1.0199490837441502e-06,0.32742,0.0038405275931940363,50000,1.231023027778917
34,15,5.0,fit,1271,sim,clean,wiener,9.328857662885902e-05,9.321691348569599e-05,6.634958048071073e-07,0.649,0.002498334462908717,50000,0.9992318122351879
31,27,30.0,fit,1283,sim,clean,wiener,5.708932094756114e-05,5.785822442163457e-05,5.411403955278293e-07,0.78214,0.0020376160476436945,50000,1.0134684291442124
31,29,40.0,fit,1283,sim,clean,wiener,5.39474306147568e-05,5.5059061264542704e-05,5.289831790106831e-07,0.79268,0.0019918391297223228,50000,1.020605812679461
34,9,2.0,fit,1277,sim,clean,wiener,0.00012735660529162115,0.00013680312385969153,7.90583915821615e-07,0.48488,0.0029768734457826483,50000,1.0741737622987024
34,3,1.0,fit,1278,sim,clean,wiener,0.00015901743906661178,0.0002421037113157555,4.757933984884472e-07,0.08838,0.001791557740163446,50000,1.522497863987982
34,1,0.6,fit,1283,sim,clean,wiener,0.00015110082773178154,0.00023911864548219647,4.884551051048858e-07,0.09962,0.0018392342707004919,50000,1.5825104936331322
34,17,6.0,fit,1272,sim,clean,wiener,8.82047367883482e-05,8.916954664375294e-05,6.518161986053668e-07,0.66424,0.002454355944166622,50000,1.0109382998071845
34,11,3.0,fit,1272,sim,clean,wiener,0.0001130654547465052,0.00011667783125585662,7.328853902609641e-07,0.56066,0.0027596147776451745,50000,1.0319494271477565
34,19,8.0,fit,1234,sim,clean,wiener,8.136488096516389e-05,8.309318487579649e-05,6.271515462956038e-07,0.68712,0.0023614833887793934,50000,1.021241399116316
34,7,1.8,fit,1278,sim,clean,wiener,0.00013400334890310448,0.00015118136800816896,8.709819534754767e-07,0.43074,0.0032796051085386326,50000,1.1281909687009808
34,13,4.0,fit,1273,sim,clean,wiener,0.00010180040160591021,0.0001022995871073792,6.950709787366131e-07,0.6148,0.002617227973054354,50000,1.0049035710428869
34,21,10.0,fit,1234,sim,clean,wiener,7.766900497123414e-05,7.924765522544639e-05,6.137881676632356e-07,0.7016,0.002311164774650628,50000,1.020325357004341
34,23,20.0,fit,1234,sim,clean,wiener,6.796565255820095e-05,6.916110715084031e-05,5.752925077092237e-07,0.73958,0.002166212789666363,50000,1.0175890990175613
34,5,1.4,fit,1278,sim,clean,wiener,0.0001450993190411761,0.00017866309509506303,1.039120289062955e-06,0.32726,0.003912715062348258,50000,1.2313158757441327
34,15,5.0,fit,1272,sim,clean,wiener,9.328857662885902e-05,9.497502165457153e-05,6.636866052704195e-07,0.64238,0.0024990529050896294,50000,1.018077722767943
34,9,2.0,fit,1278,sim,clean,wiener,0.00012735660529162115,0.00013556023167988224,7.830670320361138e-07,0.48956,0.0029485692881995314,50000,1.0644146125713418
34,3,1.0,fit,1279,sim,clean,wiener,0.00015901743906661178,0.00024199748121491712,4.7387277489041824e-07,0.08878,0.0017843258027638923,50000,1.5218298234166967
34,25,26.0,fit,1234,sim,clean,wiener,6.56130892963676e-05,6.706837416432383e-05,5.653183802806766e-07,0.74746,0.002128656099614002,50000,1.022179794970221
34,19,8.0,fit,1235,sim,clean,wiener,8.136488096516389e-05,8.188747323128063e-05,6.265575533357454e-07,0.69166,0.0023592467610997793,50000,1.0064228234579546
34,11,3.0,fit,1273,sim,clean,wiener,0.0001130654547465052,0.00011547211961134079,7.320172566375541e-07,0.5652,0.002756345897670258,50000,1.0212855895749182
34,7,1.8,fit,1279,sim,clean,wiener,0.00013400334890310448,0.00015322098594426623,8.670656210923986e-07,0.42306,0.0032648585071434755,50000,1.1434116176832094
34,17,6.0,fit,1273,sim,clean,wiener,8.82047367883482e-05,8.82772137967104e-05,6.477944901677536e-07,0.6676,0.0024392125586068887,50000,1.0008216906597218
34,21,10.0,fit,1235,sim,clean,wiener,7.766900497123414e-05,7.764889220782846e-05,6.14323143388046e-07,0.70762,0.002313179178178774,50000,0.9997410451773765
34,13,4.0,fit,1274,sim,clean,wiener,0.00010180040160591021,0.00010215086496620543,6.900621814138776e-07,0.61536,0.0025983677920578016,50000,1.0034426520403321
34,23,20.0,fit,1235,sim,clean,wiener,6.796565255820095e-05,6.772168928448e-05,5.732696212221187e-07,0.745,0.0021585957904499834,50000,0.9964104917037022
34,5,1.4,fit,1279,sim,clean,wiener,0.0001450993190411761,0.0001796935270731955,1.0316259135172524e-06,0.32338,0.00388449565754094,50000,1.238417438900608
34,15,5.0,fit,1273,sim,clean,wiener,9.328857662885902e-05,9.408268880752896e-05,6.650049284757133e-07,0.64574,0.0025040169339096688,50000,1.0085124267875718
34,9,2.0,fit,1279,sim,clean,wiener,0.00012735660529162115,0.00013687748493027843,7.975530401403633e-07,0.4846,0.003003115063793912,50000,1.0747576430516215
34,25,26.0,fit,1235,sim,clean,wiener,6.56130892963676e-05,6.565551382317312e-05,5.647541611371107e-07,0.75278,0.0021265315825925064,50000,1.0006465863330087
34,3,1.0,fit,1280,sim,clean,wiener,0.00015901743906661178,0.0002415725608115635,4.77264562356908e-07,0.09038,0.0017970972769118813,50000,1.519157661131555
34,19,8.0,fit,1236,sim,clean,wiener,8.136488096516389e-05,8.222209804892159e-05,6.222231384349807e-07,0.6904,0.0023429259071551583,50000,1.0105354678036673
34,11,3.0,fit,1274,sim,clean,wiener,0.0001130654547465052,0.00011546149660125697,7.303820822704343e-07,0.56524,0.002750188793970969,50000,1.0211916350588581
34,21,10.0,fit,1236,sim,clean,wiener,7.766900497123414e-05,7.846155247924225e-05,6.08737701200807e-07,0.70456,0.0022921476922132824,50000,1.0102041671359334
34,7,1.8,fit,1280,sim,clean,wiener,0.00013400334890310448,0.00015140445121992961,8.73546887564282e-07,0.4299,0.0032892631398068403,50000,1.1298557271834122
34,23,20.0,fit,1236,sim,clean,wiener,6.796565255820095e-05,6.831126634413311e-05,5.74156976145204e-07,0.74278,0.0021619370465199,50000,1.005085124219711
34,17,6.0,fit,1274,sim,clean,wiener,8.82047367883482e-05,8.827190229166847e-05,6.445570091885224e-07,0.66762,0.0024270221118175886,50000,1.0007614727481295
34,13,4.0,fit,1275,sim,clean,wiener,0.00010180040160591021,0.0001027510650359424,6.895783640020884e-07,0.6131,0.0025965460206089533,50000,1.0093385037292133
34,5,1.4,fit,1280,sim,clean,wiener,0.0001450993190411761,0.0001778610578337331,1.023807139794798e-06,0.33028,0.0038550547602406596,50000,1.2257883704006904
34,15,5.0,fit,1274,sim,clean,wiener,9.328857662885902e-05,9.37746215150976e-05,6.656098989201599e-07,0.6469,0.0025062948963315134,50000,1.0052101222229197
34,9,2.0,fit,1280,sim,clean,wiener,0.00012735660529162115,0.00013537432900341507,7.977201353233474e-07,0.49026,0.0030037442458493383,50000,1.0629549106890446
34,25,26.0,fit,1236,sim,clean,wiener,6.56130892963676e-05,6.6128237771904e-05,5.657910037909307e-07,0.751,0.002130435721421847,50000,1.007851306516136
34,3,1.0,fit,1281,sim,clean,wiener,0.00015901743906661178,0.00024219931840651008,4.773062979423443e-07,0.08802,0.001797254428548214,50000,1.5230991005021388
34,19,8.0,fit,1237,sim,clean,wiener,8.136488096516389e-05,8.198839182707712e-05,6.231154210226011e-07,0.69128,0.0023462857179077728,50000,1.0076631447685664
34,21,10.0,fit,1237,sim,clean,wiener,7.766900497123414e-05,7.845624097420032e-05,6.111846630021597e-07,0.70458,0.002301361509321769,50000,1.0101357807179034
34,7,1.8,fit,1281,sim,clean,wiener,0.00013400334890310448,0.00015114949897791744,8.69696334350425e-07,0.43086,0.0032747642240250896,50000,1.1279531460606336
34,23,20.0,fit,1237,sim,clean,wiener,6.796565255820095e-05,6.881054781807359e-05,5.724319572029206e-07,0.7409,0.002155441641060735,50000,1.012431209413448
34,11,3.0,fit,1275,sim,clean,wiener,0.0001130654547465052,0.00011582267894410751,7.210420254455097e-07,0.56388,0.0027150196404025924,50000,1.0243860886049063
34,17,6.0,fit,1275,sim,clean,wiener,8.82047367883482e-05,8.952010597651968e-05,6.460689633141302e-07,0.66292,0.0024327152406527306,50000,1.0149126819722594
34,5,1.4,fit,1281,sim,clean,wiener,0.0001450993190411761,0.0001776167286018048,1.0001965440819764e-06,0.3312,0.003766151161255138,50000,1.2241044946007016
34,13,4.0,fit,1276,sim,clean,wiener,0.00010180040160591021,0.0001045569767501952,6.951882265229063e-07,0.6063,0.002617669459169373,50000,1.0270782344745186
34,15,5.0,fit,1275,sim,clean,wiener,9.328857662885902e-05,9.407737730248704e-05,6.644309454623078e-07,0.64576,0.002501855651904379,50000,1.0084554905019742
34,25,26.0,fit,1237,sim,clean,wiener,6.56130892963676e-05,6.652660065004799e-05,5.650749373758418e-07,0.7495,0.0021277394369998708,50000,1.0139226999288837
34,9,2.0,fit,1281,sim,clean,wiener,0.00012735660529162115,0.00013529996793282817,7.952822380569009e-07,0.49054,0.0029945645604411313,50000,1.0623710299361255
34,3,1.0,fit,1282,sim,clean,wiener,0.00015901743906661178,0.00024198685820483326,4.7475753521354564e-07,0.08882,0.0017876572890983477,50000,1.521763019359568
34,19,8.0,fit,1238,sim,clean,wiener,8.136488096516389e-05,8.197776881699327e-05,6.261947886835118e-07,0.69132,0.0023578808030544776,50000,1.0075325846306074
34,21,10.0,fit,1238,sim,clean,wiener,7.766900497123414e-05,7.882804632713471e-05,6.139851368276496e-07,0.70318,0.0023119064445270925,50000,1.0149228299799882
34,23,20.0,fit,1238,sim,clean,wiener,6.796565255820095e-05,6.911330360546305e-05,5.763354599930071e-07,0.73976,0.0021701399337641356,50000,1.0168857504351825
34,7,1.8,fit,1282,sim,clean,wiener,0.00013400334890310448,0.00015135664767455231,8.733218493894696e-07,0.43008,0.0032884157785672804,50000,1.129498993222891
34,11,3.0,fit,1276,sim,clean,wiener,0.0001130654547465052,0.00011706557112391679,7.265378890749435e-07,0.5592,0.00273571382627292,50000,1.0353787669839556
34,5,1.4,fit,1282,sim,clean,wiener,0.0001450993190411761,0.00017846125790347008,1.0347242587557968e-06,0.32802,0.0038961622010689656,50000,1.2299248479093592
34,17,6.0,fit,1276,sim,clean,wiener,8.82047367883482e-05,8.907393955299841e-05,6.497232407985523e-07,0.6646,0.0024464750976257786,50000,1.009854377398528
34,13,4.0,fit,1277,sim,clean,wiener,0.00010180040160591021,0.00010458353427540481,6.93646764871099e-07,0.6062,0.0026118652223677827,50000,1.027339112867832
34,25,26.0,fit,1238,sim,clean,wiener,6.56130892963676e-05,6.67868643971021e-05,5.658002623701515e-07,0.74852,0.0021304705837787417,50000,1.0178893436252128
34,9,2.0,fit,1282,sim,clean,wiener,0.00012735660529162115,0.00013476881742863615,7.917630389946072e-07,0.49254,0.002981313329257054,50000,1.058200453129561
34,15,5.0,fit,1276,sim,clean,wiener,9.328857662885902e-05,9.55805332293504e-05,6.693085591752864e-07,0.6401,0.0025202218726816652,50000,1.0245684593260516
34,3,1.0,fit,1283,sim,clean,wiener,0.00015901743906661178,0.00024203997325525245,4.7562169520905094e-07,0.08862,0.0017909112067306765,50000,1.5220970396452107
34,19,8.0,fit,1239,sim,clean,wiener,8.136488096516389e-05,8.2461115775808e-05,6.222334897313235e-07,0.6895,0.0023429648840412242,50000,1.013473070907748
34,21,10.0,fit,1239,sim,clean,wiener,7.766900497123414e-05,7.844561796411647e-05,6.109440771935744e-07,0.70462,0.002300455604849546,50000,1.0099990078818437
34,23,20.0,fit,1239,sim,clean,wiener,6.796565255820095e-05,6.835375838446849e-05,5.724577073051428e-07,0.74262,0.0021555386007812622,50000,1.0057103229596038
34,7,1.8,fit,1283,sim,clean,wiener,0.00013400334890310448,0.00015128759810900737,8.642426440574262e-07,0.43034,0.0032542288381035606,50000,1.1289837108354719
34,11,3.0,fit,1277,sim,clean,wiener,0.0001130654547465052,0.00011764983667852799,7.262650341846127e-07,0.557,0.002734686415442365,50000,1.0405462653672695
34,5,1.4,fit,1283,sim,clean,wiener,0.0001450993190411761,0.00017928454118496768,9.917269435638952e-07,0.32492,0.0037342596335196414,50000,1.2355987772354091
34,17,6.0,fit,1277,sim,clean,wiener,8.82047367883482e-05,8.972725467315457e-05,6.46333713222647e-07,0.66214,0.002433712132894863,50000,1.017261180524349
34,25,26.0,fit,1239,sim,clean,wiener,6.56130892963676e-05,6.603794218619136e-05,5.619894662263603e-07,0.75134,0.002116121369709602,50000,1.0064751240092467
34,9,2.0,fit,1283,sim,clean,wiener,0.00012735660529162115,0.00013591079101264895,7.990980337873962e-07,0.48824,0.003008932600009502,50000,1.0671671932636744
34,13,4.0,fit,1278,sim,clean,wiener,0.00010180040160591021,0.00010300601727795455,6.907199355337189e-07,0.61214,0.0026008445067164532,50000,1.0118429363050208
34,15,5.0,fit,1277,sim,clean,wiener,9.328857662885902e-05,9.557522172430847e-05,6.664218542791272e-07,0.64012,0.002509352242046369,50000,1.0245115230404542
34,27,30.0,fit,1234,sim,clean,wiener,6.30558384873846e-05,6.45082287341184e-05,5.578207352831079e-07,0.7571,0.002100424383976362,50000,1.0230333983588906
34,19,8.0,fit,1240,sim,clean,wiener,8.136488096516389e-05,8.232301664471809e-05,6.297525055260561e-07,0.69002,0.0023712770695155493,50000,1.0117757891142793
34,21,10.0,fit,1240,sim,clean,wiener,7.766900497123414e-05,7.84243719439488e-05,6.106736572092754e-07,0.7047,0.0022994373624411714,50000,1.009725462209725
34,23,20.0,fit,1240,sim,clean,wiener,6.796565255820095e-05,6.832188935421696e-05,5.71032161310344e-07,0.74274,0.0021501708340803064,50000,1.0052414239046843
34,29,40.0,fit,1234,sim,clean,wiener,6.310955991600546e-05,6.464632786520831e-05,5.57712070854663e-07,0.75658,0.0021000152177321914,50000,1.0243507948914268
34,25,26.0,fit,1240,sim,clean,wiener,6.56130892963676e-05,6.59157775702272e-05,5.629355503576382e-07,0.7518,0.00211968376539147,50000,1.0046132300293373
71,1,0.6,fit,1234,sim,clean,wiener,0.00013345295654269273,0.0001681569381221453,1.0351840323513854e-06,0.36682,0.003897893437665599,50000,1.2600465548198663
34,11,3.0,fit,1278,sim,clean,wiener,0.0001130654547465052,0.00011641225600376063,7.365869274508717e-07,0.56166,0.0027735525868374613,50000,1.0296005642462502
34,17,6.0,fit,1278,sim,clean,wiener,8.82047367883482e-05,8.90526935328307e-05,6.457378306206951e-07,0.66468,0.00243146838993595,50000,1.0096135057521596
34,13,4.0,fit,1279,sim,clean,wiener,0.00010180040160591021,0.00010428608999305729,6.840116699861531e-07,0.60732,0.002575585129215643,50000,1.0244172748627227
71,3,1.0,fit,1234,sim,clean,wiener,6.841286020186424e-05,7.136538174323711e-05,5.961452322883887e-07,0.73128,0.002244731870094938,50000,1.0431574053863693
34,19,8.0,fit,1241,sim,clean,wiener,8.136488096516389e-05,8.20946219279155e-05,6.240298564942879e-07,0.69088,0.0023497289433757704,50000,1.0089687461481576
34,27,30.0,fit,1235,sim,clean,wiener,6.30558384873846e-05,6.321753300893185e-05,5.544715362084619e-07,0.76196,0.002087813272631412,50000,1.0025643068972843
34,21,10.0,fit,1241,sim,clean,wiener,7.766900497123414e-05,7.806318960109824e-05,6.092324779747819e-07,0.70606,0.0022940107301660656,50000,1.0050751857836997
34,15,5.0,fit,1278,sim,clean,wiener,9.328857662885902e-05,9.508125175540991e-05,6.720354977347363e-07,0.64198,0.00253048991738059,50000,1.0192164484798916
34,23,20.0,fit,1241,sim,clean,wiener,6.796565255820095e-05,6.816785570800128e-05,5.734692686752649e-07,0.74332,0.0021593475451845475,50000,1.0029750784725737
34,29,40.0,fit,1235,sim,clean,wiener,6.310955991600546e-05,6.336094364506368e-05,5.551528981542517e-07,0.76142,0.0020903788804597476,50000,1.0039832907944977
34,25,26.0,fit,1241,sim,clean,wiener,6.56130892963676e-05,6.578830144922114e-05,5.658830590637143e-07,0.75228,0.0021307823473670625,50000,1.0026703841372582
71,1,0.6,fit,1235,sim,clean,wiener,0.00013345295654269273,0.00016979819318009855,1.0413500297745157e-06,0.36064,0.003921110952755828,50000,1.2723449339676387
34,11,3.0,fit,1279,sim,clean,wiener,0.0001130654547465052,0.00011739488443651583,7.261140712834645e-07,0.55796,0.002734117978059903,50000,1.0382913569818233
34,17,6.0,fit,1279,sim,clean,wiener,8.82047367883482e-05,9.005125648071169e-05,6.528268140931904e-07,0.66092,0.0024581613269342092,50000,1.0209344731314636
34,19,8.0,fit,1242,sim,clean,wiener,8.136488096516389e-05,8.15103563733043e-05,6.267289441009204e-07,0.69308,0.002359892117788034,50000,1.0017879385604054
34,13,4.0,fit,1280,sim,clean,wiener,0.00010180040160591021,0.0001034468721964339,6.914866421766711e-07,0.61048,0.002603731472414127,50000,1.0161735176340219
71,3,1.0,fit,1235,sim,clean,wiener,6.841286020186424e-05,7.006406300796674e-05,5.941302862388632e-07,0.73618,0.002237144769890296,50000,1.0241358540080086
34,21,10.0,fit,1242,sim,clean,wiener,7.766900497123414e-05,7.827033829773311e-05,6.139708234125442e-07,0.70528,0.0023118525486350906,50000,1.007742256086861
34,27,30.0,fit,1236,sim,clean,wiener,6.30558384873846e-05,6.373806050304e-05,5.579500249554177e-07,0.76,0.002100911212742557,50000,1.010819331437356
34,23,20.0,fit,1242,sim,clean,wiener,6.796565255820095e-05,6.843343096009728e-05,5.74786850081099e-07,0.74232,0.0021643087808246734,50000,1.006882570596902
34,15,5.0,fit,1279,sim,clean,wiener,9.328857662885902e-05,9.545836861338623e-05,6.65014391318102e-07,0.64056,0.0025040525654013612,50000,1.0232589247573103
34,25,26.0,fit,1242,sim,clean,wiener,6.56130892963676e-05,6.61547952971136e-05,5.641567222390329e-07,0.7509,0.0021242819795388983,50000,1.008256066076986
34,29,40.0,fit,1236,sim,clean,wiener,6.310955991600546e-05,6.383366759379456e-05,5.578530942562884e-07,0.75964,0.002100546228812902,50000,1.0114738191607238
34,19,8.0,fit,1243,sim,clean,wiener,8.136488096516389e-05,8.228052460438271e-05,6.242586569345303e-07,0.69018,0.002350590471091311,50000,1.0112535485624425
71,1,0.6,fit,1236,sim,clean,wiener,0.00013345295654269273,0.00016981943920026622,1.0486065800297185e-06,0.36056,0.003948434847576343,50000,1.2725041362867038
34,11,3.0,fit,1280,sim,clean,wiener,0.0001130654547465052,0.00011663533921552128,7.328839768801673e-07,0.56082,0.0027596094556854448,50000,1.0315736090835157
34,21,10.0,fit,1243,sim,clean,wiener,7.766900497123414e-05,7.82862728128589e-05,6.118696431740742e-07,0.70522,0.0023039407412588876,50000,1.0079474153409507
71,3,1.0,fit,1236,sim,clean,wiener,6.841286020186424e-05,7.09882648852608e-05,5.919184439905731e-07,0.7327,0.002228816274554855,50000,1.0376450374359056
34,17,6.0,fit,1280,sim,clean,wiener,8.82047367883482e-05,8.932358028996864e-05,6.502447734211217e-07,0.66366,0.0024484388823476353,50000,1.0126846192433538
34,13,4.0,fit,1281,sim,clean,wiener,0.00010180040160591021,0.00010316005092417024,6.887788897552244e-07,0.61156,0.0025935356714120524,50000,1.0133560309862382
34,23,20.0,fit,1243,sim,clean,wiener,6.796565255820095e-05,6.779605035506686e-05,5.736333515051087e-07,0.74472,0.002159965384492046,50000,0.997504589498514
34,27,30.0,fit,1237,sim,clean,wiener,6.30558384873846e-05,6.347779675598592e-05,5.556274774558258e-07,0.76098,0.002092165866625923,50000,1.0066918191673202
34,15,5.0,fit,1280,sim,clean,wiener,9.328857662885902e-05,9.497502165457153e-05,6.66696058559849e-07,0.64238,0.0025103847338864694,50000,1.018077722767943
34,25,26.0,fit,1243,sim,clean,wiener,6.56130892963676e-05,6.551210318704127e-05,5.647398253457823e-07,0.75332,0.0021264776024448257,50000,0.9984608847044194
34,29,40.0,fit,1237,sim,clean,wiener,6.310955991600546e-05,6.406737381563904e-05,5.576913250326445e-07,0.75876,0.0020999371011838504,50000,1.0151770017238018
34,19,8.0,fit,1244,sim,clean,wiener,8.136488096516389e-05,8.266295296740096e-05,6.320727754342502e-07,0.68874,0.0023800138395642712,50000,1.0159537135289713
71,1,0.6,fit,1237,sim,clean,wiener,0.00013345295654269273,0.00016817818414231294,1.0344391058138207e-06,0.36674,0.0038950884830183355,50000,1.260205757138931
34,21,10.0,fit,1244,sim,clean,wiener,7.766900497123414e-05,7.861558612545791e-05,6.143041478361525e-07,0.70398,0.002313107652116976,50000,1.0121873732587967
34,11,3.0,fit,1281,sim,clean,wiener,0.0001130654547465052,0.00011644412503401214,7.249882803581543e-07,0.56154,0.00272987891242248,50000,1.029882427794431
71,3,1.0,fit,1237,sim,clean,wiener,6.841286020186424e-05,6.987816033149953e-05,5.959033074739261e-07,0.73688,0.002243820923715133,50000,1.0214184895253853
34,23,20.0,fit,1244,sim,clean,wiener,6.796565255820095e-05,6.82793973138816e-05,5.717244786851891e-07,0.7429,0.002152777693602725,50000,1.0046162251647917
34,17,6.0,fit,1281,sim,clean,wiener,8.82047367883482e-05,8.9498859956352e-05,6.465185112174305e-07,0.663,0.002434407973314198,50000,1.0146718103258912
34,13,4.0,fit,1282,sim,clean,wiener,0.00010180040160591021,0.00010302726329812223,6.870679997366392e-07,0.61206,0.0025870934671588987,50000,1.0120516390196714
34,27,30.0,fit,1238,sim,clean,wiener,6.30558384873846e-05,6.431170304756736e-05,5.559651725788088e-07,0.75784,0.0020934374275877136,50000,1.0199167054202922
34,15,5.0,fit,1281,sim,clean,wiener,9.328857662885902e-05,9.477849596802047e-05,6.620627302492323e-07,0.64312,0.002492938348072848,50000,1.0159710802008373
34,25,26.0,fit,1244,sim,clean,wiener,6.56130892963676e-05,6.572987489376001e-05,5.63250207012149e-07,0.7525,0.0021208685770485332,50000,1.0017799131033884
34,29,40.0,fit,1238,sim,clean,wiener,6.310955991600546e-05,6.427983401731585e-05,5.563345595219275e-07,0.75796,0.0020948283212805685,50000,1.0185435313266
34,19,8.0,fit,1245,sim,clean,wiener,8.136488096516389e-05,8.170688205985537e-05,6.249082649419691e-07,0.69234,0.0023530365122879657,50000,1.0042033011126497
71,1,0.6,fit,1238,sim,clean,wiener,0.00013345295654269273,0.00016888461431288832,1.0521986079070086e-06,0.36408,0.003961960309188224,50000,1.265499234247843
34,21,10.0,fit,1245,sim,clean,wiener,7.766900497123414e-05,7.790915595488254e-05,6.095865731097662e-07,0.70664,0.002295344043914955,50000,1.0030919796608357
71,3,1.0,fit,1238,sim,clean,wiener,6.841286020186424e-05,7.10148224104704e-05,5.974123371538141e-07,0.7326,0.002249503040809924,50000,1.0380332323619945
34,23,20.0,fit,1245,sim,clean,wiener,6.796565255820095e-05,6.804569109203712e-05,5.723045930388108e-07,0.74378,0.002154962062624474,50000,1.0011776320953827
34,11,3.0,fit,1282,sim,clean,wiener,0.0001130654547465052,0.00011558897272226303,7.28557035396929e-07,0.56476,0.0027433167422300725,50000,1.0223190892515808
34,13,4.0,fit,1283,sim,clean,wiener,0.00010180040160591021,0.00010408425280146433,6.887033073330121e-07,0.60808,0.0025932510725210946,50000,1.0224345990735417
34,17,6.0,fit,1282,sim,clean,wiener,8.82047367883482e-05,8.921735018913024e-05,6.473608650622392e-07,0.66406,0.0024375797818248198,50000,1.011480261011513
34,27,30.0,fit,1239,sim,clean,wiener,6.30558384873846e-05,6.353622331144703e-05,5.543584146237491e-07,0.76076,0.0020873873233615906,50000,1.0076184035544709
34,25,26.0,fit,1245,sim,clean,wiener,6.56130892963676e-05,6.58361049945984e-05,5.612766350015971e-07,0.7521,0.002113437267109162,50000,1.0033989513467876
34,15,5.0,fit,1282,sim,clean,wiener,9.328857662885902e-05,9.413580385794816e-05,6.628195876914301e-07,0.64554,0.0024957882274807535,50000,1.0090817896435462
34,19,8.0,fit,1246,sim,clean,wiener,8.136488096516389e-05,8.310380788588031e-05,6.22611459102843e-07,0.68708,0.0023443880941051757,50000,1.0213719592542752
34,29,40.0,fit,1239,sim,clean,wiener,6.310955991600546e-05,6.372212598791424e-05,5.548131904291154e-07,0.76006,0.002089099741223485,50000,1.0097063911192548
34,21,10.0,fit,1246,sim,clean,wiener,7.766900497123414e-05,7.91679826498176e-05,6.124541214391491e-07,0.7019,0.002306141542201227,50000,1.0192995607338942
71,1,0.6,fit,1239,sim,clean,wiener,0.00013345295654269273,0.0001692829771910323,1.049007194548297e-06,0.36258,0.00394994332592821,50000,1.268484277730312
34,23,20.0,fit,1246,sim,clean,wiener,6.796565255820095e-05,6.901238500966655e-05,5.729056952791672e-07,0.74014,0.0021572254596677314,50000,1.0154009034279374
71,3,1.0,fit,1239,sim,clean,wiener,6.841286020186424e-05,6.9846291301248e-05,5.920277961388168e-07,0.737,0.0022292280303467843,50000,1.0209526556140784
34,11,3.0,fit,1283,sim,clean,wiener,0.0001130654547465052,0.00011702839058862337,7.272015762864441e-07,0.55934,0.0027382128814607155,50000,1.035049926177745
34,17,6.0,fit,1283,sim,clean,wiener,8.82047367883482e-05,9.044430785381375e-05,6.512047320720749e-07,0.65944,0.002452053521299785,50000,1.0253905985892744
34,27,30.0,fit,1240,sim,clean,wiener,6.30558384873846e-05,6.319628698876414e-05,5.538391461387184e-07,0.76204,0.002085432064048336,50000,1.0022273671201383
71,5,1.4,fit,1234,sim,clean,wiener,9.906178408799946e-05,0.00010177905961327104,6.919568711067457e-07,0.61676,0.002605502077643204,50000,1.027430108899086
34,25,26.0,fit,1246,sim,clean,wiener,6.56130892963676e-05,6.68240449323955e-05,5.65507840766372e-07,0.74838,0.002129369496228333,50000,1.018456007010402
34,15,5.0,fit,1283,sim,clean,wiener,9.328857662885902e-05,9.563364827976959e-05,6.698073053994441e-07,0.6399,0.0025220998572461958,50000,1.025137822182026
34,19,8.0,fit,1247,sim,clean,wiener,8.136488096516389e-05,8.237082019009535e-05,6.290219770922226e-07,0.68984,0.0023685263296477797,50000,1.012363309735095
34,21,10.0,fit,1247,sim,clean,wiener,7.766900497123414e-05,7.814286217672702e-05,6.127071803426843e-07,0.70576,0.002307094413003525,50000,1.0061009820541462
34,29,40.0,fit,1240,sim,clean,wiener,6.310955991600546e-05,6.355746933161471e-05,5.562203862518789e-07,0.76068,0.002094398411983119,50000,1.0070973306770858
34,23,20.0,fit,1247,sim,clean,wiener,6.796565255820095e-05,6.772700078952193e-05,5.7005622631522e-07,0.74498,0.002146496037624607,50000,0.996488641546189
71,1,0.6,fit,1240,sim,clean,wiener,0.00013345295654269273,0.00016928828869607423,1.0823895570023758e-06,0.36256,0.004075641643789589,50000,1.2685240783100782
71,3,1.0,fit,1240,sim,clean,wiener,6.841286020186424e-05,6.917173016092416e-05,5.898806577791823e-07,0.73954,0.0022211431717513823,50000,1.0110925044914179
71,7,1.8,fit,1234,sim,clean,wiener,9.545688033724734e-05,9.896927344609535e-05,6.822532602427393e-07,0.62734,0.0025689639936635313,50000,1.0367955991903233
34,25,26.0,fit,1247,sim,clean,wiener,6.56130892963676e-05,6.524652793494528e-05,5.613152650411715e-07,0.75432,0.0021135827250886603,50000,0.994413289095921
71,9,2.0,fit,1234,sim,clean,wiener,9.642301917317979e-05,9.971288415196416e-05,6.850070720545947e-07,0.62454,0.0025793332272051415,50000,1.034119082839292
34,27,30.0,fit,1241,sim,clean,wiener,6.30558384873846e-05,6.310599140305153e-05,5.53882548433122e-07,0.76238,0.0020855954915291013,50000,1.000795373067269
71,5,1.4,fit,1235,sim,clean,wiener,9.906178408799946e-05,0.00010035557626203647,6.87697654222351e-07,0.62212,0.0025894643751435183,50000,1.0130604570263715
34,19,8.0,fit,1248,sim,clean,wiener,8.136488096516389e-05,8.121822359599871e-05,6.255106636747666e-07,0.69418,0.0023553047911582413,50000,0.9981975347665295
71,11,3.0,fit,1234,sim,clean,wiener,8.432372666007288e-05,8.737425793958399e-05,6.441809566212223e-07,0.671,0.002425606119309506,50000,1.0361764286321034
34,21,10.0,fit,1248,sim,clean,wiener,7.766900497123414e-05,7.763826919774465e-05,6.095565131107971e-07,0.70766,0.002295230855661411,50000,0.9996042723413173
34,23,20.0,fit,1248,sim,clean,wiener,6.796565255820095e-05,6.80138220617856e-05,5.715367746579315e-07,0.7439,0.0021520709107764784,50000,1.0007087330404634
34,29,40.0,fit,1241,sim,clean,wiener,6.310955991600546e-05,6.321222150388991e-05,5.54549965736238e-07,0.76198,0.002088108592045239,50000,1.0016267200725388
71,1,0.6,fit,1241,sim,clean,wiener,0.00013345295654269273,0.00016766827965828863,1.0486211750792739e-06,0.36866,0.003948489803937826,50000,1.2563849014813704
71,3,1.0,fit,1241,sim,clean,wiener,6.841286020186424e-05,7.036150729031422e-05,5.938250544390025e-07,0.73506,0.0022359954466854726,50000,1.0284836371802049
34,25,26.0,fit,1248,sim,clean,wiener,6.56130892963676e-05,6.550679168199935e-05,5.636536554150581e-07,0.75334,0.0021223877261398925,50000,0.9983799327922495
71,7,1.8,fit,1235,sim,clean,wiener,9.545688033724734e-05,9.78697919024179e-05,6.791031335648669e-07,0.63148,0.002557102471729501,50000,1.0252775028541241
34,27,30.0,fit,1242,sim,clean,wiener,6.30558384873846e-05,6.349373127111167e-05,5.533925220332865e-07,0.76092,0.002083750340687793,50000,1.0069445240001793
71,5,1.4,fit,1236,sim,clean,wiener,9.906178408799946e-05,0.00010176312509814527,6.87687810414626e-07,0.61682,0.0025894273091607235,50000,1.027269254587078
71,9,2.0,fit,1235,sim,clean,wiener,9.642301917317979e-05,9.880992829483774e-05,6.824001443991318e-07,0.62794,0.002569517072895249,50000,1.0247545569732779
34,19,8.0,fit,1249,sim,clean,wiener,8.136488096516389e-05,8.166970152456192e-05,6.26377595880765e-07,0.69248,0.00235856914730271,50000,1.0037463406297926
34,21,10.0,fit,1249,sim,clean,wiener,7.766900497123414e-05,7.78666639145472e-05,6.08022136080463e-07,0.7068,0.0022894532953720986,50000,1.0025448883165977
71,11,3.0,fit,1235,sim,clean,wiener,8.432372666007288e-05,8.596139759843328e-05,6.364174798884563e-07,0.67632,0.002396373437907552,50000,1.0194212353180523
34,23,20.0,fit,1249,sim,clean,wiener,6.796565255820095e-05,6.762608219372544e-05,5.693263022934373e-07,0.74536,0.0021437475736166773,50000,0.9950037945389442
34,29,40.0,fit,1242,sim,clean,wiener,6.310955991600546e-05,6.37911755534592e-05,5.555662419566867e-07,0.7598,0.0020919352897982415,50000,1.010800513240164
71,1,0.6,fit,1242,sim,clean,wiener,0.00013345295654269273,0.00016828441424315135,1.048754676100387e-06,0.36634,0.003948992490163518,50000,1.261001768734256
34,25,26.0,fit,1249,sim,clean,wiener,6.56130892963676e-05,6.548554566183168e-05,5.606244189876585e-07,0.75342,0.0021109814056959053,50000,0.9980561251435697
71,3,1.0,fit,1242,sim,clean,wiener,6.841286020186424e-05,6.976130722057728e-05,5.920472739320451e-07,0.73732,0.0022293013722454536,50000,1.0197104318505936
71,7,1.8,fit,1236,sim,clean,wiener,9.545688033724734e-05,9.848592648728063e-05,6.731846502143733e-07,0.62916,0.002534816948873801,50000,1.0317320882405934
34,27,30.0,fit,1243,sim,clean,wiener,6.30558384873846e-05,6.302631882742272e-05,5.523587060874905e-07,0.76268,0.0020798575986584176,50000,0.9995318489029721
34,19,8.0,fit,1250,sim,clean,wiener,8.136488096516389e-05,8.222740955396352e-05,6.249608896448655e-07,0.69038,0.0023532346659279647,50000,1.010600747872647
71,5,1.4,fit,1237,sim,clean,wiener,9.906178408799946e-05,0.00010095046482673152,6.951017096020069e-07,0.61988,0.0026173436873957743,50000,1.0190656846746702
34,21,10.0,fit,1250,sim,clean,wiener,7.766900497123414e-05,7.835532237840383e-05,6.102514987773086e-07,0.70496,0.002297847762398867,50000,1.0088364387753375
34,23,20.0,fit,1250,sim,clean,wiener,6.796565255820095e-05,6.83059548390912e-05,5.748494839427377e-07,0.7428,0.0021645446230620217,50000,1.0050069743772243
71,9,2.0,fit,1236,sim,clean,wiener,9.642301917317979e-05,9.968632662675457e-05,6.874349092209755e-07,0.62464,0.0025884750322009748,50000,1.033843655607939
71,11,3.0,fit,1236,sim,clean,wiener,8.432372666007288e-05,8.751235707067393e-05,6.436914660416007e-07,0.67048,0.002423762986051575,50000,1.0378141542943793
34,29,40.0,fit,1243,sim,clean,wiener,6.310955991600546e-05,6.320159849380608e-05,5.535734776584958e-07,0.76202,0.002084431713006114,50000,1.0014583935923989
34,25,26.0,fit,1250,sim,clean,wiener,6.56130892963676e-05,6.58095474693888e-05,5.64609166287282e-07,0.7522,0.00212598561737668,50000,1.002994191785938
71,1,0.6,fit,1243,sim,clean,wiener,0.00013345295654269273,0.00016866684260616959,1.0245475046521479e-06,0.3649,0.0038578425382866433,50000,1.2638674104774263
71,3,1.0,fit,1243,sim,clean,wiener,6.841286020186424e-05,6.965507711973887e-05,5.918795155776784e-07,0.73772,0.0022286696930771477,50000,1.0181576521462374
71,7,1.8,fit,1237,sim,clean,wiener,9.545688033724734e-05,9.73651989234355e-05,6.739225945098528e-07,0.63338,0.0025375956125092696,50000,1.019991419994516
34,19,8.0,fit,1251,sim,clean,wiener,8.136488096516389e-05,8.19034077464064e-05,6.288607526575194e-07,0.6916,0.0023679192533730487,50000,1.0066186636648935
34,21,10.0,fit,1251,sim,clean,wiener,7.766900497123414e-05,7.828096130781696e-05,6.125773564421711e-07,0.70524,0.0023066055726485273,50000,1.0078790289229207
34,27,30.0,fit,1244,sim,clean,wiener,6.30558384873846e-05,6.322284451397377e-05,5.551791994751772e-07,0.76194,0.002090477915745294,50000,1.0026485418415707
71,5,1.4,fit,1238,sim,clean,wiener,9.906178408799946e-05,0.00010230489861242112,6.886530923989596e-07,0.61478,0.00259306199265143,50000,1.03273830119535
34,23,20.0,fit,1251,sim,clean,wiener,6.796565255820095e-05,6.778542734498304e-05,5.692125720921622e-07,0.74476,0.0021433193326553016,50000,0.9973482898135411
71,11,3.0,fit,1237,sim,clean,wiener,8.432372666007288e-05,8.574893739675646e-05,6.40387532348691e-07,0.67712,0.002411322317477097,50000,1.0169016573760896
71,9,2.0,fit,1237,sim,clean,wiener,9.642301917317979e-05,9.856559906290944e-05,6.767572191388681e-07,0.62886,0.0025482691395289888,50000,1.0222206264448273
34,29,40.0,fit,1244,sim,clean,wiener,6.310955991600546e-05,6.316972946355455e-05,5.546816065873817e-07,0.76214,0.0020886042739662945,50000,1.0009534141519791
34,25,26.0,fit,1251,sim,clean,wiener,6.56130892963676e-05,6.52783969651968e-05,5.601770827827382e-07,0.7542,0.0021092970009880503,50000,0.9948990005689409
71,1,0.6,fit,1244,sim,clean,wiener,0.00013345295654269273,0.0001671743096893901,1.0236514815787798e-06,0.37052,0.0038544686430675057,50000,1.252683447563109
34,19,8.0,fit,1252,sim,clean,wiener,8.136488096516389e-05,8.247173878589184e-05,6.241978747872088e-07,0.68946,0.002350361601319592,50000,1.013603631045707
71,3,1.0,fit,1244,sim,clean,wiener,6.841286020186424e-05,6.918235317100798e-05,5.917117848385785e-07,0.7395,0.0022280381178916733,50000,1.011247782461853
34,21,10.0,fit,1252,sim,clean,wiener,7.766900497123414e-05,7.865276666075135e-05,6.110345903378417e-07,0.70384,0.002300796424046941,50000,1.0126660781850054
71,7,1.8,fit,1238,sim,clean,wiener,9.545688033724734e-05,9.849123799232255e-05,6.807194038179464e-07,0.62914,0.0025631883936680982,50000,1.0317877312180628
34,23,20.0,fit,1252,sim,clean,wiener,6.796565255820095e-05,6.849716902060032e-05,5.756748012520802e-07,0.74208,0.0021676522820130305,50000,1.0078203687067409
34,27,30.0,fit,1245,sim,clean,wiener,6.30558384873846e-05,6.302631882742272e-05,5.527757537952056e-07,0.76268,0.002081427954722937,50000,0.9995318489029721
71,5,1.4,fit,1239,sim,clean,wiener,9.906178408799946e-05,0.00010134882770487551,6.874756998632901e-07,0.61838,0.002588628625737995,50000,1.0230870424748701
71,11,3.0,fit,1238,sim,clean,wiener,8.432372666007288e-05,8.630133392111617e-05,6.440823535604809e-07,0.67504,0.0024252348382508863,50000,1.0234525600251925
71,9,2.0,fit,1238,sim,clean,wiener,9.642301917317979e-05,9.961196555616767e-05,6.821247179042571e-07,0.62492,0.0025684799789164204,50000,1.0330724593601492
34,25,26.0,fit,1252,sim,clean,wiener,6.56130892963676e-05,6.61547952971136e-05,5.655215894345013e-07,0.7509,0.002129421265615807,50000,1.008256066076986
34,29,40.0,fit,1245,sim,clean,wiener,6.310955991600546e-05,6.345655073581825e-05,5.536673342338637e-07,0.76106,0.00208478512159606,50000,1.005498229115757
34,19,8.0,fit,1253,sim,clean,wiener,8.136488096516389e-05,8.174406259514879e-05,6.210580581224827e-07,0.6922,0.002338538900823421,50000,1.0046602615955065
71,1,0.6,fit,1245,sim,clean,wiener,0.00013345295654269273,0.00016674407778099454,1.0467571380970886e-06,0.37214,0.003941470938409229,50000,1.249459600602042
34,21,10.0,fit,1253,sim,clean,wiener,7.766900497123414e-05,7.799414003555329e-05,6.12321202812898e-07,0.70632,0.0023056410489316094,50000,1.0041861623493127
71,3,1.0,fit,1245,sim,clean,wiener,6.841286020186424e-05,7.034557277518848e-05,5.945380463124561e-07,0.73512,0.0022386801541942726,50000,1.0282507202245517
34,23,20.0,fit,1253,sim,clean,wiener,6.796565255820095e-05,6.791821497103103e-05,5.726804910856782e-07,0.74426,0.0021563774732996054,50000,0.9993020358757051
71,7,1.8,fit,1239,sim,clean,wiener,9.545688033724734e-05,9.715273872175873e-05,6.781451879424194e-07,0.63418,0.002553495412657215,50000,1.0177657008957337
34,27,30.0,fit,1246,sim,clean,wiener,6.30558384873846e-05,6.433826057277697e-05,5.551156972884108e-07,0.75774,0.0020902388039068785,50000,1.0203378801417247
71,5,1.4,fit,1240,sim,clean,wiener,9.906178408799946e-05,0.00010033433024186881,6.883233771485707e-07,0.6222,0.0025918204791904177,50000,1.012845984610361
34,25,26.0,fit,1253,sim,clean,wiener,6.56130892963676e-05,6.575643241896961e-05,5.646109288162397e-07,0.7524,0.0021259922540227674,50000,1.0021846726642383
71,11,3.0,fit,1239,sim,clean,wiener,8.432372666007288e-05,8.55949037505408e-05,6.399791894145428e-07,0.6777,0.0024097847384635203,50000,1.015074963368167
71,9,2.0,fit,1239,sim,clean,wiener,9.642301917317979e-05,9.819379370997502e-05,6.802494502939839e-07,0.63026,0.0025614188254562504,50000,1.0183646452058803
34,29,40.0,fit,1246,sim,clean,wiener,6.310955991600546e-05,6.450291722907648e-05,5.56429177348388e-07,0.75712,0.002095184596293823,50000,1.022078387409538
34,21,10.0,fit,1254,sim,clean,wiener,7.766900497123414e-05,7.778699133891842e-05,6.057230169387063e-07,0.7071,0.002280796166653924,50000,1.0015190920461512
34,19,8.0,fit,1254,sim,clean,wiener,8.136488096516389e-05,8.17387510901069e-05,6.220693949374171e-07,0.69222,0.0023423469996841115,50000,1.0045949815265272
71,1,0.6,fit,1246,sim,clean,wiener,0.00013345295654269273,0.0001681941186574387,1.0538542027768523e-06,0.36668,0.003968194304474973,50000,1.2603251588782296
71,3,1.0,fit,1246,sim,clean,wiener,6.841286020186424e-05,7.062708254241023e-05,5.927665655236769e-07,0.73406,0.0022320098007829582,50000,1.032365586441095
34,23,20.0,fit,1254,sim,clean,wiener,6.796565255820095e-05,6.795008400128254e-05,5.713069741878335e-07,0.74414,0.002151205617537427,50000,0.9997709349306244
34,27,30.0,fit,1247,sim,clean,wiener,6.30558384873846e-05,6.306881086775808e-05,5.537701525113156e-07,0.76252,0.002085172274678437,50000,1.0002057284572639
71,7,1.8,fit,1240,sim,clean,wiener,9.545688033724734e-05,9.700401658058496e-05,6.817979486342413e-07,0.63474,0.002567249558282582,50000,1.016207697526586
34,25,26.0,fit,1254,sim,clean,wiener,6.56130892963676e-05,6.586797402484992e-05,5.649245896189487e-07,0.75198,0.00212717331588841,50000,1.0038846628198077
71,5,1.4,fit,1241,sim,clean,wiener,9.906178408799946e-05,0.00010160909145192962,6.86255787472763e-07,0.6174,0.00258403515409145,50000,1.025714329571001
34,29,40.0,fit,1247,sim,clean,wiener,6.310955991600546e-05,6.305287635263231e-05,5.528067877745531e-07,0.76258,0.0020815448104130004,50000,0.9991018228704401
71,11,3.0,fit,1240,sim,clean,wiener,8.432372666007288e-05,8.581798696230143e-05,6.397335193532721e-07,0.67686,0.002408859689689842,50000,1.0177205202072275
71,9,2.0,fit,1240,sim,clean,wiener,9.642301917317979e-05,9.826284327552e-05,6.886475591782299e-07,0.63,0.00259304115780072,50000,1.0190807560073991
34,21,10.0,fit,1255,sim,clean,wiener,7.766900497123414e-05,7.814817368176894e-05,6.112558793635048e-07,0.70574,0.0023016296681987085,50000,1.006169368472176
34,19,8.0,fit,1255,sim,clean,wiener,8.136488096516389e-05,8.196714580690944e-05,6.225605702175553e-07,0.69136,0.0023441964765320545,50000,1.0074020244926483
71,1,0.6,fit,1247,sim,clean,wiener,0.00013345295654269273,0.0001702656056237875,1.0644369453637708e-06,0.35888,0.004008042680795418,50000,1.2758473849870693
34,23,20.0,fit,1255,sim,clean,wiener,6.796565255820095e-05,6.797133002145022e-05,5.719025056542116e-07,0.74406,0.002153448038326555,50000,1.0000835343005705
71,3,1.0,fit,1247,sim,clean,wiener,6.841286020186424e-05,7.022871966426624e-05,5.914448551246432e-07,0.73556,0.00222703301778604,50000,1.0265426625497602
34,27,30.0,fit,1248,sim,clean,wiener,6.30558384873846e-05,6.303163033246464e-05,5.538119895914452e-07,0.76266,0.002085329808484013,50000,0.9996160838472585
71,7,1.8,fit,1241,sim,clean,wiener,9.545688033724734e-05,9.785916889233409e-05,6.840848429772066e-07,0.63152,0.0025758606556077895,50000,1.0251662168991853
34,25,26.0,fit,1255,sim,clean,wiener,6.56130892963676e-05,6.578830144922114e-05,5.633907501226227e-07,0.75228,0.0021213977796356136,50000,1.0026703841372582
71,5,1.4,fit,1242,sim,clean,wiener,9.906178408799946e-05,0.00010107794094773761,6.90888490400021e-07,0.6194,0.0026014791850796364,50000,1.0203525191707343
34,21,10.0,fit,1256,sim,clean,wiener,7.766900497123414e-05,7.911486759939841e-05,6.153429017842514e-07,0.7021,0.0023170189877549947,50000,1.0186156965535966
34,19,8.0,fit,1256,sim,clean,wiener,8.136488096516389e-05,8.347561323881473e-05,6.297294056597773e-07,0.68568,0.0023711900890228395,50000,1.0259415640828449
34,29,40.0,fit,1248,sim,clean,wiener,6.310955991600546e-05,6.322284451397377e-05,5.549149830824625e-07,0.76194,0.002089483032409481,50000,1.001795046552679
71,9,2.0,fit,1241,sim,clean,wiener,9.642301917317979e-05,9.902770000155647e-05,6.8612199868321e-07,0.62712,0.0025835313842992834,50000,1.0270130602703755
71,11,3.0,fit,1241,sim,clean,wiener,8.432372666007288e-05,8.614198876985855e-05,6.396927381785567e-07,0.67564,0.002408706131802224,50000,1.0215628765687204
34,23,20.0,fit,1256,sim,clean,wiener,6.796565255820095e-05,6.96072735743616e-05,5.775847858931643e-07,0.7379,0.0021748441593660967,50000,1.0241536857864328
71,1,0.6,fit,1248,sim,clean,wiener,0.00013345295654269273,0.00016881025324230143,1.0533738573210192e-06,0.36436,0.003966385606367593,50000,1.2649420261311153
71,3,1.0,fit,1248,sim,clean,wiener,6.841286020186424e-05,6.925140273655296e-05,5.88874965595676e-07,0.73924,0.002217356327248481,50000,1.0122570892696847
34,27,30.0,fit,1249,sim,clean,wiener,6.30558384873846e-05,6.281917013078783e-05,5.530271496740104e-07,0.76346,0.0020823745635534688,50000,0.9962466860758006
71,7,1.8,fit,1242,sim,clean,wiener,9.545688033724734e-05,9.814599016459775e-05,6.804707302644019e-07,0.63044,0.002562252035511297,50000,1.0281709376825414
34,25,26.0,fit,1256,sim,clean,wiener,6.56130892963676e-05,6.711617770970111e-05,5.664739115808142e-07,0.74728,0.00213300714998868,50000,1.0229083621797506
34,21,10.0,fit,1257,sim,clean,wiener,7.766900497123414e-05,7.878024278175744e-05,6.156837238254809e-07,0.70336,0.002318302322849434,50000,1.0143073522177202
71,5,1.4,fit,1243,sim,clean,wiener,9.906178408799946e-05,0.00010179499412839679,6.952753142654365e-07,0.6167,0.0026179973803210728,50000,1.027590963211094
34,19,8.0,fit,1257,sim,clean,wiener,8.136488096516389e-05,8.243986975564033e-05,6.240195286615648e-07,0.68958,0.0023496900548398785,50000,1.0132119506318296
34,29,40.0,fit,1249,sim,clean,wiener,6.310955991600546e-05,6.310067989800961e-05,5.542619123030612e-07,0.7624,0.00208702395245287,50000,0.99985929203107
34,23,20.0,fit,1257,sim,clean,wiener,6.796565255820095e-05,6.862995664664831e-05,5.739296627364179e-07,0.74158,0.002161081118089099,50000,1.0097741147689048
71,9,2.0,fit,1242,sim,clean,wiener,9.642301917317979e-05,9.928796374861055e-05,6.844136384951868e-07,0.62614,0.0025770987058981887,50000,1.0297122471376383
71,1,0.6,fit,1249,sim,clean,wiener,0.00013345295654269273,0.00017062678796663807,1.0668816244253028e-06,0.35752,0.004017247902450063,50000,1.2785538244111745
71,3,1.0,fit,1249,sim,clean,wiener,6.841286020186424e-05,6.920891069621761e-05,5.89022192976714e-07,0.7394,0.0022179106988620863,50000,1.0116359773879424
71,11,3.0,fit,1242,sim,clean,wiener,8.432372666007288e-05,8.682717292026624e-05,6.3809534281723e-07,0.67306,0.002402691281590393,50000,1.0296885154315498
34,27,30.0,fit,1250,sim,clean,wiener,6.30558384873846e-05,6.31537949484288e-05,5.542787396793705e-07,0.7622,0.002087087314442274,50000,1.001553487565847
34,25,26.0,fit,1257,sim,clean,wiener,6.56130892963676e-05,6.613354927694592e-05,5.649239871055002e-07,0.75098,0.002127171047177588,50000,1.0079322584283061
71,7,1.8,fit,1243,sim,clean,wiener,9.545688033724734e-05,9.785385738729216e-05,6.811250070473823e-07,0.63154,0.0025647156565671626,50000,1.0251105739217157
34,21,10.0,fit,1258,sim,clean,wiener,7.766900497123414e-05,7.844030645907455e-05,6.109262817437282e-07,0.70464,0.0023003885976653083,50000,1.009930621463814
34,19,8.0,fit,1258,sim,clean,wiener,8.136488096516389e-05,8.237613169513728e-05,6.243365303187963e-07,0.68982,0.0023508836963961966,50000,1.0124285898040748
71,5,1.4,fit,1244,sim,clean,wiener,9.906178408799946e-05,0.00010096108783681537,6.914172420779753e-07,0.61984,0.002603470152512713,50000,1.0191729208826756
34,29,40.0,fit,1250,sim,clean,wiener,6.310955991600546e-05,6.364776491732735e-05,5.569163797377946e-07,0.76034,0.002097019113574938,50000,1.0085281057582751
34,23,20.0,fit,1258,sim,clean,wiener,6.796565255820095e-05,6.799257604161792e-05,5.712063144626673e-07,0.74398,0.0021508265922917692,50000,1.0003961336705172
71,1,0.6,fit,1250,sim,clean,wiener,0.00013345295654269273,0.00016847562842466047,1.0321253923331487e-06,0.36562,0.0038863764006145294,50000,1.2624345896058413
71,3,1.0,fit,1250,sim,clean,wiener,6.841286020186424e-05,6.99259638768768e-05,5.939413120323144e-07,0.7367,0.002236433204316857,50000,1.0221172403923455
71,9,2.0,fit,1243,sim,clean,wiener,9.642301917317979e-05,9.879930528475393e-05,6.81877305410876e-07,0.62798,0.0025675483691695467,50000,1.0246443860807368
71,11,3.0,fit,1243,sim,clean,wiener,8.432372666007288e-05,8.601982415389439e-05,6.402301319526678e-07,0.6761,0.0024107296402800277,50000,1.020114119252092
34,27,30.0,fit,1251,sim,clean,wiener,6.30558384873846e-05,6.320159849380608e-05,5.523911275479527e-07,0.76202,0.0020799796787852607,50000,1.002311602064425
34,25,26.0,fit,1258,sim,clean,wiener,6.56130892963676e-05,6.570331736855039e-05,5.614655146685595e-07,0.7526,0.002114148476702194,50000,1.0013751535425384
71,7,1.8,fit,1244,sim,clean,wiener,9.545688033724734e-05,9.801320253854977e-05,6.850057068376434e-07,0.63094,0.00257932808660209,50000,1.0267798632458027
34,21,10.0,fit,1259,sim,clean,wiener,7.766900497123414e-05,7.890771890276353e-05,6.113271580539566e-07,0.70288,0.002301898061770358,50000,1.015948626250435
34,19,8.0,fit,1259,sim,clean,wiener,8.136488096516389e-05,8.24345582505984e-05,6.232366507839604e-07,0.6896,0.0023467421977958745,50000,1.01314667056285
34,29,40.0,fit,1251,sim,clean,wiener,6.310955991600546e-05,6.343530471565054e-05,5.54869382711715e-07,0.76114,0.0020893113282676695,50000,1.0051615761554769
34,23,20.0,fit,1259,sim,clean,wiener,6.796565255820095e-05,6.867244868698368e-05,5.779778541943916e-07,0.74142,0.002176324223107447,50000,1.0103993135087974
71,5,1.4,fit,1245,sim,clean,wiener,9.906178408799946e-05,0.00010129040114941439,6.82196205754508e-07,0.6186,0.0025687491600606977,50000,1.0224972433308406
71,3,1.0,fit,1251,sim,clean,wiener,6.841286020186424e-05,6.986753732141567e-05,5.889220845059601e-07,0.73692,0.0022175337493159073,50000,1.0212632115549496
71,1,0.6,fit,1251,sim,clean,wiener,0.00013345295654269273,0.00016860310454566656,1.0228865181758495e-06,0.36514,0.0038515882413851467,50000,1.2633898035202313
71,9,2.0,fit,1244,sim,clean,wiener,9.642301917317979e-05,9.864527163853823e-05,6.857651891145505e-07,0.62856,0.002582187849591725,50000,1.0230469081388873
34,25,26.0,fit,1259,sim,clean,wiener,6.56130892963676e-05,6.659033871055103e-05,5.689483439582124e-07,0.74926,0.0021423244051089114,50000,1.0148941228749235
71,11,3.0,fit,1244,sim,clean,wiener,8.432372666007288e-05,8.641287552699648e-05,6.423012893949035e-07,0.67462,0.0024185283994862775,50000,1.024775338444723
34,27,30.0,fit,1252,sim,clean,wiener,6.30558384873846e-05,6.352560030136318e-05,5.55746949894576e-07,0.7608,0.00209261572947198,50000,1.007449933665898
34,21,10.0,fit,1260,sim,clean,wiener,7.766900497123414e-05,7.864745515570942e-05,6.121507302262315e-07,0.70386,0.0023049991495628953,50000,1.0125976917669754
34,19,8.0,fit,1260,sim,clean,wiener,8.136488096516389e-05,8.203619537245438e-05,6.226637184901191e-07,0.6911,0.0023445848721816856,50000,1.0082506653893824
71,7,1.8,fit,1245,sim,clean,wiener,9.545688033724734e-05,9.792821845787903e-05,6.813502890134143e-07,0.63126,0.0025655639357808845,50000,1.0258895756062894
34,23,20.0,fit,1260,sim,clean,wiener,6.796565255820095e-05,6.852903805085185e-05,5.736123150539421e-07,0.74196,0.0021598861736054874,50000,1.0082892677616604
34,29,40.0,fit,1252,sim,clean,wiener,6.310955991600546e-05,6.38761596341299e-05,5.564600381910259e-07,0.75948,0.002095300800053,50000,1.012147125081283
71,5,1.4,fit,1246,sim,clean,wiener,9.906178408799946e-05,0.00010189060121915136,6.926718408908067e-07,0.61634,0.0026081942327985446,50000,1.028556089083142
71,3,1.0,fit,1252,sim,clean,wiener,6.841286020186424e-05,7.038275331048192e-05,6.003080797807033e-07,0.73498,0.002260406702216757,50000,1.0287941931210765
71,1,0.6,fit,1252,sim,clean,wiener,0.00013345295654269273,0.0001690917630095232,1.039058765231147e-06,0.3633,0.003912483399829547,50000,1.267051456858727
71,9,2.0,fit,1245,sim,clean,wiener,9.642301917317979e-05,9.934639030407166e-05,6.843634142010123e-07,0.62592,0.0025769095907838165,50000,1.0303181870466156
34,25,26.0,fit,1260,sim,clean,wiener,6.56130892963676e-05,6.61016802466944e-05,5.667610493966514e-07,0.7511,0.002134088341905363,50000,1.0074465469552865
34,27,30.0,fit,1253,sim,clean,wiener,6.30558384873846e-05,6.301038431229696e-05,5.546345661825151e-07,0.76274,0.0020884271475040384,50000,0.9992791440701129
34,21,10.0,fit,1261,sim,clean,wiener,7.766900497123414e-05,7.803663207588863e-05,6.099006727407163e-07,0.70616,0.002296526758149324,50000,1.0047332536935505
71,11,3.0,fit,1245,sim,clean,wiener,8.432372666007288e-05,8.625884188078079e-05,6.460787161794811e-07,0.6752,0.0024327519642001016,50000,1.0229486444368
34,19,8.0,fit,1261,sim,clean,wiener,8.136488096516389e-05,8.234957416992769e-05,6.257962221499484e-07,0.68992,0.0023563800362081024,50000,1.012102189459177
71,7,1.8,fit,1246,sim,clean,wiener,9.545688033724734e-05,9.877805926458625e-05,6.766061913763412e-07,0.62806,0.0025477004579167713,50000,1.0347924520014193
34,23,20.0,fit,1261,sim,clean,wiener,6.796565255820095e-05,6.81253636676659e-05,5.705417777463004e-07,0.74348,0.002148324338368928,50000,1.002349879732681
34,29,40.0,fit,1253,sim,clean,wiener,6.310955991600546e-05,6.324409053414144e-05,5.543411758816568e-07,0.76186,0.0020873224124109044,50000,1.0021316995129588
71,5,1.4,fit,1247,sim,clean,wiener,9.906178408799946e-05,0.00010164627198722302,6.793665465565756e-07,0.61726,0.002558094329930255,50000,1.0260896562990192
71,3,1.0,fit,1253,sim,clean,wiener,6.841286020186424e-05,6.970288066511617e-05,5.922288100502864e-07,0.73754,0.002229984930358676,50000,1.018856403013198
71,1,0.6,fit,1253,sim,clean,wiener,0.00013345295654269273,0.0001676523451431629,1.0231873800972584e-06,0.36872,0.0038527211102011762,50000,1.256265499742072
34,25,26.0,fit,1261,sim,clean,wiener,6.56130892963676e-05,6.57829899441792e-05,5.616296104440505e-07,0.7523,0.002114766364755376,50000,1.0025894322250881
34,21,10.0,fit,1262,sim,clean,wiener,7.766900497123414e-05,7.904581803385344e-05,6.105465121471801e-07,0.70236,0.002298958609014066,50000,1.0177266731192092
34,27,30.0,fit,1254,sim,clean,wiener,6.30558384873846e-05,6.350435428119552e-05,5.577198419230931e-07,0.76088,0.0021000444789994544,50000,1.0071129938887524
71,9,2.0,fit,1246,sim,clean,wiener,9.642301917317979e-05,9.937825933432319e-05,6.857208697621635e-07,0.6258,0.0025820209690106573,50000,1.0306486997242397
34,19,8.0,fit,1262,sim,clean,wiener,8.136488096516389e-05,8.260983791698175e-05,6.230279235400045e-07,0.68894,0.0023459562539162827,50000,1.0153009128391755
71,11,3.0,fit,1246,sim,clean,wiener,8.432372666007288e-05,8.655097465808639e-05,6.403903784046966e-07,0.6741,0.0024113330340479492,50000,1.0264130641069984
71,7,1.8,fit,1247,sim,clean,wiener,9.545688033724734e-05,9.81353671545139e-05,6.808538038651955e-07,0.63048,0.0025636944650967736,50000,1.0280596517276022
34,23,20.0,fit,1262,sim,clean,wiener,6.796565255820095e-05,6.928327176680448e-05,5.736387769867131e-07,0.73912,0.0021599858136606585,50000,1.0193865453947524
34,29,40.0,fit,1254,sim,clean,wiener,6.310955991600546e-05,6.356809234169856e-05,5.574041050414094e-07,0.76064,0.002098855599843013,50000,1.007265657157226
71,3,1.0,fit,1254,sim,clean,wiener,6.841286020186424e-05,7.012248956342785e-05,5.896252375186526e-07,0.73596,0.002220181409469265,50000,1.0249898828454043
71,1,0.6,fit,1254,sim,clean,wiener,0.00013345295654269273,0.00016877838421204991,1.063762417880353e-06,0.36448,0.004005502807527505,50000,1.2647032226525179
71,5,1.4,fit,1248,sim,clean,wiener,9.906178408799946e-05,0.00010114167900824062,6.944346498432675e-07,0.61916,0.0026148319331811974,50000,1.020995936418766
34,25,26.0,fit,1262,sim,clean,wiener,6.56130892963676e-05,6.670719182147327e-05,5.645124916535391e-07,0.74882,0.0021256215976384707,50000,1.0166750649426628
34,21,10.0,fit,1263,sim,clean,wiener,7.766900497123414e-05,7.813755067168513e-05,6.143975580258465e-07,0.70578,0.0023134593798813546,50000,1.0060325956361167
34,27,30.0,fit,1255,sim,clean,wiener,6.30558384873846e-05,6.354153481648897e-05,5.550389489776192e-07,0.76074,0.0020899498149661326,50000,1.0077026384987575
34,19,8.0,fit,1263,sim,clean,wiener,8.136488096516389e-05,8.193527677665792e-05,6.261733707867901e-07,0.69148,0.0023578001558685947,50000,1.0070103440787708
71,9,2.0,fit,1247,sim,clean,wiener,9.642301917317979e-05,9.884179732508926e-05,6.850903765197893e-07,0.62782,0.0025796469027623975,50000,1.025085069650902
71,11,3.0,fit,1247,sim,clean,wiener,8.432372666007288e-05,8.63438259614515e-05,6.444329486249013e-07,0.67488,0.0024265549727952515,50000,1.0239564756135848
34,23,20.0,fit,1263,sim,clean,wiener,6.796565255820095e-05,6.819972473825281e-05,5.70685393629131e-07,0.7432,0.002148865111207124,50000,1.0034439775274933
71,7,1.8,fit,1248,sim,clean,wiener,9.545688033724734e-05,9.701995109571071e-05,6.751419017698471e-07,0.63468,0.0025421868055905948,50000,1.0163746264589946
34,29,40.0,fit,1255,sim,clean,wiener,6.310955991600546e-05,6.373274899799807e-05,5.555093170435777e-07,0.76002,0.00209172094409901,50000,1.0098747175993943
71,3,1.0,fit,1255,sim,clean,wiener,6.841286020186424e-05,6.998970193737984e-05,5.904564915842192e-07,0.73646,0.00222331142274801,50000,1.0230489082149592
71,1,0.6,fit,1255,sim,clean,wiener,0.00013345295654269273,0.0001710835774002432,1.0398010881994573e-06,0.3558,0.00391527855096826,50000,1.2819766742710725
34,25,26.0,fit,1263,sim,clean,wiener,6.56130892963676e-05,6.555990673241855e-05,5.622658772851473e-07,0.75314,0.0021171621709763066,50000,0.999189451913949
71,5,1.4,fit,1249,sim,clean,wiener,9.906178408799946e-05,0.00010125322061412097,6.945830233622829e-07,0.61874,0.0026153906204754553,50000,1.0221219166028221
34,21,10.0,fit,1264,sim,clean,wiener,7.766900497123414e-05,7.843499495403264e-05,6.083474889562126e-07,0.70466,0.0022906783826992564,50000,1.0098622350457844
34,19,8.0,fit,1264,sim,clean,wiener,8.136488096516389e-05,8.231239363463424e-05,6.203338534893233e-07,0.69006,0.002335811972664853,50000,1.01164522897632
34,27,30.0,fit,1256,sim,clean,wiener,6.30558384873846e-05,6.474193495596288e-05,5.586290461331162e-07,0.75622,0.002103468006616758,50000,1.0267397359074943
71,9,2.0,fit,1248,sim,clean,wiener,9.642301917317979e-05,9.82894008007296e-05,6.796674691322951e-07,0.6299,0.002559227427134699,50000,1.0193561832387523
34,23,20.0,fit,1264,sim,clean,wiener,6.796565255820095e-05,6.819441323321088e-05,5.764422949018417e-07,0.74322,0.002170542211114873,50000,1.0033658276850066
71,11,3.0,fit,1248,sim,clean,wiener,8.432372666007288e-05,8.587641351776256e-05,6.404420002664694e-07,0.67664,0.0024115274115788575,50000,1.0184134041412674
34,29,40.0,fit,1256,sim,clean,wiener,6.310955991600546e-05,6.489596860217856e-05,5.595813262949825e-07,0.75564,0.0021070537329009307,50000,1.0283064671747149
71,7,1.8,fit,1249,sim,clean,wiener,9.545688033724734e-05,9.740769096377087e-05,6.790165684569912e-07,0.63322,0.0025567765185121262,50000,1.0204365638142725
34,25,26.0,fit,1264,sim,clean,wiener,6.56130892963676e-05,6.603794218619136e-05,5.676036971246745e-07,0.75134,0.0021372612570071,50000,1.0064751240092467
34,21,10.0,fit,1265,sim,clean,wiener,7.766900497123414e-05,7.807912411622401e-05,6.098930368186102e-07,0.706,0.0022964980057635282,50000,1.0052803450377892
71,3,1.0,fit,1256,sim,clean,wiener,6.841286020186424e-05,7.181154816675838e-05,5.942006798584611e-07,0.7296,0.002237409830806335,50000,1.0496790801446645
71,1,0.6,fit,1256,sim,clean,wiener,0.00013345295654269273,0.00016791792039525885,1.057998045566817e-06,0.36772,0.003983797576079764,50000,1.2582555287303843
71,5,1.4,fit,1250,sim,clean,wiener,9.906178408799946e-05,0.00010176312509814527,6.882616170505798e-07,0.61682,0.0025915879270324003,50000,1.027269254587078
34,19,8.0,fit,1265,sim,clean,wiener,8.136488096516389e-05,8.183966968590336e-05,6.238375254855107e-07,0.69184,0.0023490047380619874,50000,1.0058353028371387
34,27,30.0,fit,1257,sim,clean,wiener,6.30558384873846e-05,6.397176672488447e-05,5.54845170657652e-07,0.75912,0.002089220159930741,50000,1.0145256689859594
34,23,20.0,fit,1265,sim,clean,wiener,6.796565255820095e-05,6.848654601051647e-05,5.781068596313962e-07,0.74212,0.002176809981610871,50000,1.0076640690217675
71,9,2.0,fit,1249,sim,clean,wiener,9.642301917317979e-05,9.81353671545139e-05,6.848397777540521e-07,0.63048,0.002578703295390252,50000,1.0177587052969028
71,11,3.0,fit,1249,sim,clean,wiener,8.432372666007288e-05,8.534526301357055e-05,6.395032387036801e-07,0.67864,0.002407992588377598,50000,1.012114459286361
34,29,40.0,fit,1257,sim,clean,wiener,6.310955991600546e-05,6.422671896689666e-05,5.570964873114175e-07,0.75816,0.002097697292630409,50000,1.0177018989259006
34,25,26.0,fit,1265,sim,clean,wiener,6.56130892963676e-05,6.6128237771904e-05,5.674489826551548e-07,0.751,0.0021366786934274794,50000,1.007851306516136
34,21,10.0,fit,1266,sim,clean,wiener,7.766900497123414e-05,7.850935602461951e-05,6.102713378891414e-07,0.70438,0.0022979224648106175,50000,1.0108196448982012
71,7,1.8,fit,1250,sim,clean,wiener,9.545688033724734e-05,9.801320253854977e-05,6.785573214170619e-07,0.63094,0.002555047264614014,50000,1.0267798632458027
71,3,1.0,fit,1257,sim,clean,wiener,6.841286020186424e-05,7.072268963316479e-05,5.943423051834627e-07,0.7337,0.0022379431083760027,50000,1.0337630881750155
71,1,0.6,fit,1257,sim,clean,wiener,0.00013345295654269273,0.00016818880715239678,1.0176618820029515e-06,0.3667,0.0038319153383881105,50000,1.2602853582984634
34,19,8.0,fit,1266,sim,clean,wiener,8.136488096516389e-05,8.250891932118526e-05,6.249410295824276e-07,0.68932,0.002353159884628573,50000,1.0140605915285636
71,5,1.4,fit,1251,sim,clean,wiener,9.906178408799946e-05,0.00010163033747209728,6.888130523111041e-07,0.61732,0.0025936643074788925,50000,1.0259288019870114
34,27,30.0,fit,1258,sim,clean,wiener,6.30558384873846e-05,6.330782859464449e-05,5.533567940315931e-07,0.76162,0.002083615810073922,50000,1.003996300950154
34,23,20.0,fit,1266,sim,clean,wiener,6.796565255820095e-05,6.8518415040768e-05,5.73147770046799e-07,0.742,0.002158136970682863,50000,1.008132968076687
71,9,2.0,fit,1250,sim,clean,wiener,9.642301917317979e-05,9.89533389309696e-05,6.807037377542755e-07,0.6274,0.002563129404498184,50000,1.0262418640225863
71,11,3.0,fit,1250,sim,clean,wiener,8.432372666007288e-05,8.608887371943936e-05,6.377667217854576e-07,0.67584,0.0024014538883122966,50000,1.02093298208323
34,29,40.0,fit,1258,sim,clean,wiener,6.310955991600546e-05,6.34193702005248e-05,5.545616061177766e-07,0.7612,0.0020881524228669995,50000,1.0049090864352672
34,25,26.0,fit,1266,sim,clean,wiener,6.56130892963676e-05,6.610699175173632e-05,5.649014429613465e-07,0.75108,0.002127086159207132,50000,1.0075274988674563
34,21,10.0,fit,1267,sim,clean,wiener,7.766900497123414e-05,7.866870117587713e-05,6.134898611411379e-07,0.70378,0.002310041527963509,50000,1.012871237439095
71,3,1.0,fit,1258,sim,clean,wiener,6.841286020186424e-05,7.001625946258944e-05,5.939643499891298e-07,0.73636,0.002236519951694987,50000,1.023437103141048
71,1,0.6,fit,1258,sim,clean,wiener,0.00013345295654269273,0.00016857123551541507,1.0597304945959824e-06,0.36526,0.0039903209588704885,50000,1.2631510000416342
71,7,1.8,fit,1251,sim,clean,wiener,9.545688033724734e-05,9.777949631670526e-05,6.767132221035938e-07,0.63182,0.0025481034726043523,50000,1.0243315722371416
34,19,8.0,fit,1267,sim,clean,wiener,8.136488096516389e-05,8.268951049261055e-05,6.248953754895686e-07,0.68864,0.0023529879782009273,50000,1.016280113873869
34,27,30.0,fit,1259,sim,clean,wiener,6.30558384873846e-05,6.389209414925568e-05,5.581136354544058e-07,0.75942,0.0021015272735302125,50000,1.013262144821663
71,5,1.4,fit,1252,sim,clean,wiener,9.906178408799946e-05,0.0001021083729258701,6.959715276702871e-07,0.61552,0.0026206189099980885,50000,1.0307544313472514
34,23,20.0,fit,1267,sim,clean,wiener,6.796565255820095e-05,6.843343096009728e-05,5.735107752942771e-07,0.74232,0.002159503834668167,50000,1.006882570596902
71,9,2.0,fit,1251,sim,clean,wiener,9.642301917317979e-05,9.828408929568766e-05,6.76118544021801e-07,0.62992,0.002545864265159007,50000,1.0193010977924817
34,21,10.0,fit,1268,sim,clean,wiener,7.766900497123414e-05,7.904581803385344e-05,6.081100952330518e-07,0.70236,0.0022897844977408984,50000,1.0177266731192092
34,25,26.0,fit,1267,sim,clean,wiener,6.56130892963676e-05,6.605387670131713e-05,5.648626302633136e-07,0.75128,0.002126940013443449,50000,1.0067179797457568
34,29,40.0,fit,1259,sim,clean,wiener,6.310955991600546e-05,6.38974056542976e-05,5.582236082176491e-07,0.7594,0.002101941366192746,50000,1.0124837780415632
71,11,3.0,fit,1251,sim,clean,wiener,8.432372666007288e-05,8.635976047657728e-05,6.407776290842394e-07,0.67482,0.0024127911920520796,50000,1.0241454439592321
34,19,8.0,fit,1268,sim,clean,wiener,8.136488096516389e-05,8.297633176487425e-05,6.214231928579039e-07,0.68756,0.0023399137832062463,50000,1.0198052375987658
71,3,1.0,fit,1259,sim,clean,wiener,6.841286020186424e-05,7.032963826006273e-05,5.961504142824858e-07,0.73518,0.00224475138243299,50000,1.0280178032688985
71,1,0.6,fit,1259,sim,clean,wiener,0.00013345295654269273,0.00016964415953388287,1.0491093354500868e-06,0.36122,0.003950327928412755,50000,1.2711907171544174
71,7,1.8,fit,1252,sim,clean,wiener,9.545688033724734e-05,9.744487149906432e-05,6.807094156153641e-07,0.63308,0.0025631507839793057,50000,1.0208260646565595
34,27,30.0,fit,1260,sim,clean,wiener,6.30558384873846e-05,6.330251708960257e-05,5.56185712072051e-07,0.76164,0.0020942678494417894,50000,1.0039120660058676
34,23,20.0,fit,1268,sim,clean,wiener,6.796565255820095e-05,6.874149825252863e-05,5.721094018673399e-07,0.74116,0.0021542270876223593,50000,1.0114152614611227
71,5,1.4,fit,1253,sim,clean,wiener,9.906178408799946e-05,0.00010052554442337791,6.855650174452256e-07,0.62148,0.002581434120967747,50000,1.0147762363544568
34,21,10.0,fit,1269,sim,clean,wiener,7.766900497123414e-05,7.867932418596095e-05,6.081186103156914e-07,0.70374,0.0022898165605275186,50000,1.0130080102751542
34,25,26.0,fit,1268,sim,clean,wiener,6.56130892963676e-05,6.625040238786817e-05,5.627268220267198e-07,0.75054,0.0021188978174190177,50000,1.0097132004960456
71,9,2.0,fit,1252,sim,clean,wiener,9.642301917317979e-05,9.924016020323328e-05,6.833685708932868e-07,0.62632,0.0025731635967581163,50000,1.0292164781212025
34,29,40.0,fit,1260,sim,clean,wiener,6.310955991600546e-05,6.359996137195009e-05,5.553577336196252e-07,0.76052,0.002091150170193098,50000,1.0077706365976458
34,19,8.0,fit,1269,sim,clean,wiener,8.136488096516389e-05,8.256734587664639e-05,6.24149305233058e-07,0.6891,0.0023501787169816594,50000,1.0147786722873389
71,11,3.0,fit,1252,sim,clean,wiener,8.432372666007288e-05,8.652972863791872e-05,6.406909024234007e-07,0.67418,0.002412464630521387,50000,1.0261611063128022
71,3,1.0,fit,1260,sim,clean,wiener,6.841286020186424e-05,6.942137089789439e-05,5.903731212226147e-07,0.7386,0.0022229974990636814,50000,1.0147415367966541
71,1,0.6,fit,1260,sim,clean,wiener,0.00013345295654269273,0.00016878900722213375,1.0423511205996315e-06,0.36444,0.003924880471252807,50000,1.2647828238120504
34,23,20.0,fit,1269,sim,clean,wiener,6.796565255820095e-05,6.869900621219328e-05,5.723686954098919e-07,0.74132,0.0021552034344035657,50000,1.0107900627212303
71,7,1.8,fit,1253,sim,clean,wiener,9.545688033724734e-05,9.719523076209407e-05,6.706025433782094e-07,0.63402,0.0025250942551522096,50000,1.01821084471549
34,27,30.0,fit,1261,sim,clean,wiener,6.30558384873846e-05,6.328658257447678e-05,5.5293565026847e-07,0.7617,0.0020820300306769366,50000,1.0036593611730078
71,5,1.4,fit,1254,sim,clean,wiener,9.906178408799946e-05,0.00010199151981494785,6.955090668811741e-07,0.61596,0.0026188775550131525,50000,1.0295748330591927
34,21,10.0,fit,1270,sim,clean,wiener,7.766900497123414e-05,7.820660023723007e-05,6.120529475366109e-07,0.70552,0.0023046309575387933,50000,1.0069216190705035
34,25,26.0,fit,1269,sim,clean,wiener,6.56130892963676e-05,6.647879710467072e-05,5.642336345941554e-07,0.74968,0.002124571586173988,50000,1.013194132719354
71,9,2.0,fit,1253,sim,clean,wiener,9.642301917317979e-05,9.772106976124414e-05,6.713627152679967e-07,0.63204,0.0025279566148178325,50000,1.0134620404877905
34,19,8.0,fit,1270,sim,clean,wiener,8.136488096516389e-05,8.224334406908927e-05,6.279541582614985e-07,0.69032,0.0023645055527783364,50000,1.0107965880795855
34,29,40.0,fit,1261,sim,clean,wiener,6.310955991600546e-05,6.337156665514753e-05,5.547769741170521e-07,0.76138,0.002088963371920331,50000,1.0041516172746376
71,3,1.0,fit,1261,sim,clean,wiener,6.841286020186424e-05,7.019685063401471e-05,5.933913702489916e-07,0.73568,0.0022343624474259853,50000,1.0260768286384532
71,11,3.0,fit,1253,sim,clean,wiener,8.432372666007288e-05,8.589765953793022e-05,6.40069618520648e-07,0.67656,0.0024101252412226876,50000,1.0186653619354633
71,1,0.6,fit,1261,sim,clean,wiener,0.00013345295654269273,0.0001675301805271987,1.0326208204891444e-06,0.36918,0.0038882418912883987,50000,1.2553500864074478
34,23,20.0,fit,1270,sim,clean,wiener,6.796565255820095e-05,6.860339912143872e-05,5.716688802806269e-07,0.74168,0.0021525683427534898,50000,1.0093833655564721
71,7,1.8,fit,1254,sim,clean,wiener,9.545688033724734e-05,9.820972822510081e-05,6.802970488602561e-07,0.6302,0.0025615980536256547,50000,1.0288386534121763
34,27,30.0,fit,1262,sim,clean,wiener,6.30558384873846e-05,6.426389950219008e-05,5.570195711661504e-07,0.75802,0.002097407671723867,50000,1.019158590921714
34,21,10.0,fit,1271,sim,clean,wiener,7.766900497123414e-05,7.778699133891842e-05,6.08761153612436e-07,0.7071,0.002292236000184164,50000,1.0015190920461512
71,5,1.4,fit,1255,sim,clean,wiener,9.906178408799946e-05,0.00010181092864352257,6.922917983842183e-07,0.61664,0.002606763216528809,50000,1.0277518175231022
34,25,26.0,fit,1270,sim,clean,wiener,6.56130892963676e-05,6.631414044837121e-05,5.644525111651217e-07,0.7503,0.002125395746442081,50000,1.0106846234420852
34,19,8.0,fit,1271,sim,clean,wiener,8.136488096516389e-05,8.128196165650175e-05,6.224119591708419e-07,0.69394,0.002343636894848368,50000,0.9989808955942843
71,9,2.0,fit,1254,sim,clean,wiener,9.642301917317979e-05,9.892678140576001e-05,6.80417126205195e-07,0.6275,0.0025620501941921838,50000,1.0259664367912331
34,29,40.0,fit,1262,sim,clean,wiener,6.310955991600546e-05,6.430639154252544e-05,5.573995215152237e-07,0.75786,0.0020988383409826727,50000,1.0189643475269499
71,3,1.0,fit,1262,sim,clean,wiener,6.841286020186424e-05,7.070144361299713e-05,5.910904273962038e-07,0.73378,0.002225698451686066,50000,1.0334525322341446
34,23,20.0,fit,1271,sim,clean,wiener,6.796565255820095e-05,6.779073885002497e-05,5.725557447112139e-07,0.74474,0.002155907751917512,50000,0.9974264396560278
71,1,0.6,fit,1262,sim,clean,wiener,0.00013345295654269273,0.000166914045942336,1.0311816784560957e-06,0.3715,0.0038828229299142105,50000,1.2507332191545624
71,11,3.0,fit,1254,sim,clean,wiener,8.432372666007288e-05,8.639694101187072e-05,6.412159733461477e-07,0.67468,0.002414441738397979,50000,1.0245863700990756
71,7,1.8,fit,1255,sim,clean,wiener,9.545688033724734e-05,9.858153357803519e-05,6.860948728417926e-07,0.6288,0.0025834292443551307,50000,1.0327336618350453
34,27,30.0,fit,1263,sim,clean,wiener,6.30558384873846e-05,6.36318304022016e-05,5.538568644300304e-07,0.7604,0.002085498780698973,50000,1.009134632551627
34,21,10.0,fit,1272,sim,clean,wiener,7.766900497123414e-05,7.837656839857153e-05,6.11801730436099e-07,0.70488,0.0023036850218820285,50000,1.009109984447457
34,25,26.0,fit,1271,sim,clean,wiener,6.56130892963676e-05,6.542711910637057e-05,5.618600366211853e-07,0.75364,0.0021156340140386443,50000,0.9971656541097002
71,5,1.4,fit,1256,sim,clean,wiener,9.906178408799946e-05,0.0001029422792174515,6.893940405120082e-07,0.61238,0.0025958519668948916,50000,1.0391724736756698
34,19,8.0,fit,1272,sim,clean,wiener,8.136488096516389e-05,8.188216172623872e-05,6.27211736963637e-07,0.69168,0.00236171003138844,50000,1.0063575433889753
71,9,2.0,fit,1255,sim,clean,wiener,9.642301917317979e-05,9.931983277886207e-05,6.825976035333604e-07,0.62602,0.002570260587709488,50000,1.0300427598152624
34,29,40.0,fit,1263,sim,clean,wiener,6.310955991600546e-05,6.357871535178239e-05,5.539362626564349e-07,0.7606,0.002085797747661361,50000,1.0074339836373656
34,23,20.0,fit,1272,sim,clean,wiener,6.796565255820095e-05,6.817847871808511e-05,5.739538961947733e-07,0.74328,0.0021611723670219873,50000,1.0031313781575468
71,3,1.0,fit,1263,sim,clean,wiener,6.841286020186424e-05,7.055803297686528e-05,5.925328930683688e-07,0.73432,0.0022311299279278492,50000,1.0313562796332638
71,1,0.6,fit,1263,sim,clean,wiener,0.00013345295654269273,0.00016844907089945087,1.050779080323902e-06,0.36572,0.0039566152042814105,50000,1.26223558670701
71,11,3.0,fit,1255,sim,clean,wiener,8.432372666007288e-05,8.544087010432512e-05,6.393349809122331e-07,0.67828,0.0024073590286233697,50000,1.013248269360244
34,21,10.0,fit,1273,sim,clean,wiener,7.766900497123414e-05,7.710180718851073e-05,6.087461586830658e-07,0.70968,0.00229217953811079,50000,0.9926972441203092
34,27,30.0,fit,1264,sim,clean,wiener,6.30558384873846e-05,6.296258076691966e-05,5.53639263238335e-07,0.76292,0.002084679422758133,50000,0.9985210295715345
71,7,1.8,fit,1256,sim,clean,wiener,9.545688033724734e-05,9.947386642507776e-05,6.812258211635483e-07,0.62544,0.002565095263158403,50000,1.0420816820499317
34,25,26.0,fit,1272,sim,clean,wiener,6.56130892963676e-05,6.605387670131713e-05,5.638128015984785e-07,0.75128,0.0021229869769441912,50000,1.0067179797457568
34,19,8.0,fit,1273,sim,clean,wiener,8.136488096516389e-05,8.115979704053759e-05,6.229264999336538e-07,0.6944,0.00234557435234394,50000,0.9974794540077543
71,5,1.4,fit,1257,sim,clean,wiener,9.906178408799946e-05,0.00010262358891493632,6.925732921097182e-07,0.61358,0.002607823156125132,50000,1.0359553874355099
71,9,2.0,fit,1256,sim,clean,wiener,9.642301917317979e-05,0.00010009000100994048,6.789476315006632e-07,0.62312,0.0025565169425321214,50000,1.0380301495245097
34,23,20.0,fit,1273,sim,clean,wiener,6.796565255820095e-05,6.740831048700673e-05,5.685312425241183e-07,0.74618,0.0021407538467424895,50000,0.9917996509969951
34,29,40.0,fit,1264,sim,clean,wiener,6.310955991600546e-05,6.327064805935104e-05,5.546144108987596e-07,0.76176,0.002088351254575023,50000,1.0025525157133084
71,3,1.0,fit,1264,sim,clean,wiener,6.841286020186424e-05,7.003219397771521e-05,5.93507774715624e-07,0.7363,0.0022348007580958,50000,1.0236700200967017
71,1,0.6,fit,1264,sim,clean,wiener,0.00013345295654269273,0.0001684596939095347,1.0490385175723703e-06,0.36568,0.00395006126999049,50000,1.2623151878665426
71,11,3.0,fit,1256,sim,clean,wiener,8.432372666007288e-05,8.695464904127233e-05,6.365738414679989e-07,0.67258,0.0023969622035335224,50000,1.0312002621967273
34,21,10.0,fit,1274,sim,clean,wiener,7.766900497123414e-05,7.748423555152896e-05,6.076732095749157e-07,0.70824,0.002288139443637822,50000,0.9976210662184534
34,27,30.0,fit,1265,sim,clean,wiener,6.30558384873846e-05,6.335032063497982e-05,5.573255333422014e-07,0.76146,0.0020985597450952987,50000,1.0046701805044451
34,25,26.0,fit,1273,sim,clean,wiener,6.56130892963676e-05,6.500219870301696e-05,5.593527269922289e-07,0.75524,0.0021061929625507216,50000,0.9906895011361023
71,7,1.8,fit,1257,sim,clean,wiener,9.545688033724734e-05,9.798664501334015e-05,6.80202833748105e-07,0.63104,0.0025612432949973277,50000,1.0265016483584546
34,19,8.0,fit,1274,sim,clean,wiener,8.136488096516389e-05,8.125540413129216e-05,6.250961959908976e-07,0.69404,0.00235374414994413,50000,0.9986544952493865
71,5,1.4,fit,1258,sim,clean,wiener,9.906178408799946e-05,0.00010177374810822912,7.022346461160682e-07,0.61678,0.0026442021256642724,50000,1.0273764907950835
34,23,20.0,fit,1274,sim,clean,wiener,6.796565255820095e-05,6.775886981977344e-05,5.737875172914573e-07,0.74486,0.0021605458820539683,50000,0.9969575406011083
71,9,2.0,fit,1257,sim,clean,wiener,9.642301917317979e-05,9.920829117298175e-05,6.785124656038249e-07,0.62644,0.0025548783640373107,50000,1.0288859654435782
34,29,40.0,fit,1265,sim,clean,wiener,6.310955991600546e-05,6.355746933161471e-05,5.588281467790776e-07,0.76068,0.0021042177023974837,50000,1.0070973306770858
71,3,1.0,fit,1265,sim,clean,wiener,6.841286020186424e-05,6.976661872561921e-05,5.936883903799075e-07,0.7373,0.00223548085032148,50000,1.0197880708358116
34,21,10.0,fit,1275,sim,clean,wiener,7.766900497123414e-05,7.836063388344575e-05,6.131969434992837e-07,0.70494,0.002308938572625832,50000,1.0089048251933672
71,1,0.6,fit,1265,sim,clean,wiener,0.00013345295654269273,0.00016698309550788095,1.0495382284378396e-06,0.37124,0.003951942886826116,50000,1.2512506266915235
71,11,3.0,fit,1257,sim,clean,wiener,8.432372666007288e-05,8.612605425473281e-05,6.378027943702258e-07,0.6757,0.0024015897164230996,50000,1.0213739082230735
34,25,26.0,fit,1274,sim,clean,wiener,6.56130892963676e-05,6.552803770216703e-05,5.635429400151512e-07,0.75326,0.002121970837145029,50000,0.9987037404409294
34,27,30.0,fit,1266,sim,clean,wiener,6.30558384873846e-05,6.366901093749503e-05,5.547776245030497e-07,0.76026,0.0020889658208909805,50000,1.009724277161632
71,7,1.8,fit,1258,sim,clean,wiener,9.545688033724734e-05,9.771044675116033e-05,6.806903614132831e-07,0.63208,0.002563079037075441,50000,1.0236082135300377
34,19,8.0,fit,1275,sim,clean,wiener,8.136488096516389e-05,8.226459008925697e-05,6.281477590757102e-07,0.69024,0.0023652345394315874,50000,1.0110577083555041
34,23,20.0,fit,1275,sim,clean,wiener,6.796565255820095e-05,6.842280795001343e-05,5.725108816591708e-07,0.74236,0.0021557388240837287,50000,1.0067262709119287
71,5,1.4,fit,1259,sim,clean,wiener,9.906178408799946e-05,0.00010218273399645695,6.895905969856144e-07,0.61524,0.0025965920828208105,50000,1.0315050848032885
71,9,2.0,fit,1258,sim,clean,wiener,9.642301917317979e-05,9.86665176587059e-05,6.835860392508721e-07,0.62848,0.0025739824545239244,50000,1.02326724992397
34,29,40.0,fit,1266,sim,clean,wiener,6.310955991600546e-05,6.390271715933951e-05,5.573301294613931e-07,0.75938,0.002098577051373483,50000,1.0125679412816329
34,21,10.0,fit,1276,sim,clean,wiener,7.766900497123414e-05,7.921578619519488e-05,6.122998407291869e-07,0.70172,0.0023055606119046558,50000,1.0199150384961622
71,3,1.0,fit,1266,sim,clean,wiener,6.841286020186424e-05,6.978255324074495e-05,5.906500980879672e-07,0.73724,0.002224040430824704,50000,1.0200209877914648
71,1,0.6,fit,1266,sim,clean,wiener,0.00013345295654269273,0.00016865621959608575,1.0549818991953196e-06,0.36494,0.003972440545077466,50000,1.263787809317894
34,25,26.0,fit,1275,sim,clean,wiener,6.56130892963676e-05,6.616010680215552e-05,5.637889937848935e-07,0.75088,0.0021228973307388425,50000,1.008337017989156
71,11,3.0,fit,1258,sim,clean,wiener,8.432372666007288e-05,8.539837806398974e-05,6.379866141681911e-07,0.67844,0.0024022818735292854,50000,1.0127443537718512
34,27,30.0,fit,1267,sim,clean,wiener,6.30558384873846e-05,6.332376310977023e-05,5.542921324707938e-07,0.76156,0.002087137743807652,50000,1.004249005783013
34,19,8.0,fit,1276,sim,clean,wiener,8.136488096516389e-05,8.277449457328127e-05,6.262109350477727e-07,0.68832,0.0023579416007535607,50000,1.017324594977542
71,7,1.8,fit,1259,sim,clean,wiener,9.545688033724734e-05,9.807694059905279e-05,6.857366034763533e-07,0.6307,0.0025820802129125856,50000,1.0274475789754371
34,23,20.0,fit,1276,sim,clean,wiener,6.796565255820095e-05,6.930982929201407e-05,5.77751388284683e-07,0.73902,0.002175471485859073,50000,1.019777294607185
71,5,1.4,fit,1260,sim,clean,wiener,9.906178408799946e-05,0.00010166751800739073,6.877165076784139e-07,0.61718,0.0025895353661561002,50000,1.02630412871503
71,9,2.0,fit,1259,sim,clean,wiener,9.642301917317979e-05,9.9059569031808e-05,6.869861253971613e-07,0.627,0.002586785176612879,50000,1.0273435729479996
34,21,10.0,fit,1277,sim,clean,wiener,7.766900497123414e-05,7.907768706410497e-05,6.10660500495864e-07,0.70224,0.002299387822006558,50000,1.018136991627388
34,29,40.0,fit,1267,sim,clean,wiener,6.310955991600546e-05,6.372743749295615e-05,5.557773620577902e-07,0.76004,0.002092730243768678,50000,1.0097905543593244
71,3,1.0,fit,1267,sim,clean,wiener,6.841286020186424e-05,7.005343999788288e-05,5.93928837981646e-07,0.73622,0.0022363862343881082,50000,1.0239805760375729
34,25,26.0,fit,1276,sim,clean,wiener,6.56130892963676e-05,6.730208038616832e-05,5.690880812408027e-07,0.74658,0.0021428505734227415,50000,1.0257416791056997
71,1,0.6,fit,1267,sim,clean,wiener,0.00013345295654269273,0.00017037714722966784,1.0761163399993399e-06,0.35846,0.004052020402903905,50000,1.2766831971621606
71,11,3.0,fit,1259,sim,clean,wiener,8.432372666007288e-05,8.59667091034752e-05,6.384681804206965e-07,0.6763,0.0024040951684379964,50000,1.0194842247666014
34,19,8.0,fit,1277,sim,clean,wiener,8.136488096516389e-05,8.26470184522752e-05,6.212732472215599e-07,0.6888,0.0023393491762439614,50000,1.0157578733220327
34,27,30.0,fit,1268,sim,clean,wiener,6.30558384873846e-05,6.351497729127937e-05,5.522429502634946e-07,0.76084,0.0020794217303947817,50000,1.0072814637773255
34,23,20.0,fit,1277,sim,clean,wiener,6.796565255820095e-05,6.921953370630143e-05,5.743288508663856e-07,0.73936,0.0021625842255014694,50000,1.0184487472849135
71,7,1.8,fit,1260,sim,clean,wiener,9.545688033724734e-05,9.809287511417856e-05,6.820539053739195e-07,0.63064,0.0025682133406292355,50000,1.0276145079078458
71,5,1.4,fit,1261,sim,clean,wiener,9.906178408799946e-05,0.00010167282951243263,6.990025715861763e-07,0.61716,0.002632032036379283,50000,1.0263577468190326
71,9,2.0,fit,1260,sim,clean,wiener,9.642301917317979e-05,9.904894602172415e-05,6.872262709390626e-07,0.62704,0.0025876894233000463,50000,1.0272334020554583
34,21,10.0,fit,1278,sim,clean,wiener,7.766900497123414e-05,7.872181622629632e-05,6.111101614038712e-07,0.70358,0.002301080980177202,50000,1.0135551016193924
34,29,40.0,fit,1268,sim,clean,wiener,6.310955991600546e-05,6.378055254337537e-05,5.543565523850309e-07,0.75984,0.0020873803112672652,50000,1.0106321867600243
71,3,1.0,fit,1268,sim,clean,wiener,6.841286020186424e-05,7.002688247267329e-05,5.895569543610425e-07,0.73632,0.0022199242953102037,50000,1.0235923811114838
34,25,26.0,fit,1277,sim,clean,wiener,6.56130892963676e-05,6.637787850887425e-05,5.644732573294012e-07,0.75006,0.0021254738642791753,50000,1.011656046388125
71,1,0.6,fit,1268,sim,clean,wiener,0.00013345295654269273,0.00016748768848686335,1.0466521093968249e-06,0.36934,0.003941075462176279,50000,1.255031681769318
34,19,8.0,fit,1278,sim,clean,wiener,8.136488096516389e-05,8.247705029093375e-05,6.224401593127457e-07,0.68944,0.002343743079975488,50000,1.0136689111146864
71,11,3.0,fit,1260,sim,clean,wiener,8.432372666007288e-05,8.701838710177534e-05,6.427845416677723e-07,0.67234,0.0024203480429547666,50000,1.0319561355793159
34,27,30.0,fit,1269,sim,clean,wiener,6.30558384873846e-05,6.367432244253695e-05,5.557755363837077e-07,0.76024,0.0020927233693552377,50000,1.0098085121059184
34,23,20.0,fit,1278,sim,clean,wiener,6.796565255820095e-05,6.861933363656449e-05,5.722807377565765e-07,0.74162,0.0021548722376801463,50000,1.009617815083932
71,7,1.8,fit,1261,sim,clean,wiener,9.545688033724734e-05,9.777418481166337e-05,6.794587130247461e-07,0.63184,0.0025584413745718135,50000,1.0242759292596724
34,21,10.0,fit,1279,sim,clean,wiener,7.766900497123414e-05,7.871119321621246e-05,6.155401406264604e-07,0.70362,0.0023177616730792193,50000,1.0134183287833327
71,5,1.4,fit,1262,sim,clean,wiener,9.906178408799946e-05,0.0001024058172082176,6.893026546612904e-07,0.6144,0.0025955078615989475,50000,1.0337570451714007
71,9,2.0,fit,1261,sim,clean,wiener,9.642301917317979e-05,9.955885050574847e-05,6.82882982804907e-07,0.62512,0.002571335157983993,50000,1.0325216048974426
34,29,40.0,fit,1269,sim,clean,wiener,6.310955991600546e-05,6.393458618959102e-05,5.580980546876803e-07,0.75926,0.002101468605538363,50000,1.0130729207220526
34,25,26.0,fit,1278,sim,clean,wiener,6.56130892963676e-05,6.657971570046721e-05,5.652894931293458e-07,0.7493,0.0021285473276139648,50000,1.0147322190505839
71,3,1.0,fit,1269,sim,clean,wiener,6.841286020186424e-05,6.981442227099648e-05,5.892860504044332e-07,0.73712,0.0022189042305471233,50000,1.0204868217027718
34,19,8.0,fit,1279,sim,clean,wiener,8.136488096516389e-05,8.238675470522114e-05,6.281976864631949e-07,0.68978,0.002365422536570216,50000,1.012559149942034
71,1,0.6,fit,1269,sim,clean,wiener,0.00013345295654269273,0.0001696813400691763,1.0373392183277287e-06,0.36108,0.0039060085988462203,50000,1.271469321212781
71,11,3.0,fit,1261,sim,clean,wiener,8.432372666007288e-05,8.597202060851711e-05,6.378018702507607e-07,0.67628,0.0024015862367334152,50000,1.0195472142151505
34,23,20.0,fit,1279,sim,clean,wiener,6.796565255820095e-05,6.846529999034881e-05,5.726820289120969e-07,0.7422,0.00215638326384826,50000,1.0073514696518215
34,27,30.0,fit,1270,sim,clean,wiener,6.30558384873846e-05,6.394520919967487e-05,5.545998051407706e-07,0.75922,0.0020882962578918844,50000,1.0141044942645272
34,21,10.0,fit,1280,sim,clean,wiener,7.766900497123414e-05,7.799414003555329e-05,6.112684935703415e-07,0.70632,0.002301677165873048,50000,1.0041861623493127
71,7,1.8,fit,1262,sim,clean,wiener,9.545688033724734e-05,9.801851404359166e-05,6.816120410715177e-07,0.63092,0.0025665495398838178,50000,1.026835506223272
71,5,1.4,fit,1263,sim,clean,wiener,9.906178408799946e-05,0.00010176843660318719,6.932289116022837e-07,0.6168,0.0026102918330345617,50000,1.0273228726910806
71,9,2.0,fit,1262,sim,clean,wiener,9.642301917317979e-05,9.975006468725761e-05,6.784686784417143e-07,0.6244,0.002554713487371413,50000,1.0345046809631868
34,25,26.0,fit,1279,sim,clean,wiener,6.56130892963676e-05,6.616010680215552e-05,5.660148487142159e-07,0.75088,0.002131278589578871,50000,1.008337017989156
34,29,40.0,fit,1270,sim,clean,wiener,6.310955991600546e-05,6.431701455260927e-05,5.569556696657563e-07,0.75782,0.0020971670563054885,50000,1.0191326740070894
34,19,8.0,fit,1280,sim,clean,wiener,8.136488096516389e-05,8.173343958506496e-05,6.254483151409814e-07,0.69224,0.002355070023297558,50000,1.0045297014575474
71,3,1.0,fit,1270,sim,clean,wiener,6.841286020186424e-05,7.031901524997888e-05,5.948715768853495e-07,0.73522,0.002239936033912963,50000,1.0278625252984628
71,1,0.6,fit,1270,sim,clean,wiener,0.00013345295654269273,0.00016830034875827714,1.0242116874472152e-06,0.36628,0.0038565780484583092,50000,1.261121170473555
34,23,20.0,fit,1280,sim,clean,wiener,6.796565255820095e-05,6.772168928448e-05,5.693296451857541e-07,0.745,0.002143760160980486,50000,0.9964104917037022
71,11,3.0,fit,1262,sim,clean,wiener,8.432372666007288e-05,8.701307559673345e-05,6.396059999924785e-07,0.67236,0.0024083795268742664,50000,1.0318931461307672
34,27,30.0,fit,1271,sim,clean,wiener,6.30558384873846e-05,6.31537949484288e-05,5.54169492426826e-07,0.7622,0.002086675953625774,50000,1.001553487565847
34,21,10.0,fit,1281,sim,clean,wiener,7.766900497123414e-05,7.873243923638014e-05,6.098968717263132e-07,0.70354,0.0022965124457675298,50000,1.013691874455452
71,7,1.8,fit,1263,sim,clean,wiener,9.545688033724734e-05,9.821503973014273e-05,6.838942108857018e-07,0.63018,0.0025751428474159485,50000,1.028894296389646
34,25,26.0,fit,1280,sim,clean,wiener,6.56130892963676e-05,6.531557750049025e-05,5.593561453189689e-07,0.75406,0.0021062058339561445,50000,0.9954656639541308
71,9,2.0,fit,1263,sim,clean,wiener,9.642301917317979e-05,9.918173364777216e-05,6.777708134261437e-07,0.62654,0.0025520857387010725,50000,1.028610538212225
71,5,1.4,fit,1264,sim,clean,wiener,9.906178408799946e-05,0.0001011044984729472,6.891109572237926e-07,0.6193,0.0025947860419414876,50000,1.0206206096907475
34,19,8.0,fit,1281,sim,clean,wiener,8.136488096516389e-05,8.230708212959231e-05,6.215675548470002e-07,0.69008,0.002340457365441251,50000,1.0115799489073403
34,29,40.0,fit,1271,sim,clean,wiener,6.310955991600546e-05,6.342999321060865e-05,5.545276577664904e-07,0.76116,0.002088024593368512,50000,1.0050774129154072
71,3,1.0,fit,1271,sim,clean,wiener,6.841286020186424e-05,7.034557277518848e-05,5.917229971631946e-07,0.73512,0.00222808033690315,50000,1.0282507202245517
34,23,20.0,fit,1281,sim,clean,wiener,6.796565255820095e-05,6.857153009118719e-05,5.721742249468623e-07,0.7418,0.00215447117316501,50000,1.0089144665015526
71,1,0.6,fit,1271,sim,clean,wiener,0.00013345295654269273,0.00016950074889775102,1.0467938704466302e-06,0.36176,0.003941609250805628,50000,1.2701161015007285
71,11,3.0,fit,1263,sim,clean,wiener,8.432372666007288e-05,8.591890555809792e-05,6.37110983011982e-07,0.67648,0.0023989847622612045,50000,1.01891731972966
34,27,30.0,fit,1272,sim,clean,wiener,6.30558384873846e-05,6.337687816018943e-05,5.538782396310846e-07,0.76136,0.002085579267118116,50000,1.0050913552258776
34,21,10.0,fit,1282,sim,clean,wiener,7.766900497123414e-05,7.864745515570942e-05,6.095636754045313e-07,0.70386,0.0022952578246416824,50000,1.0125976917669754
71,7,1.8,fit,1264,sim,clean,wiener,9.545688033724734e-05,9.730146086293249e-05,6.798521394340959e-07,0.63362,0.0025599227867374604,50000,1.0193237042648815
34,25,26.0,fit,1281,sim,clean,wiener,6.56130892963676e-05,6.621322185257472e-05,5.650534936036363e-07,0.75068,0.0021276586923821544,50000,1.0091465371108557
34,19,8.0,fit,1282,sim,clean,wiener,8.136488096516389e-05,8.254078835143679e-05,6.252248926218586e-07,0.6892,0.0023542287456658523,50000,1.0144522719424411
71,5,1.4,fit,1265,sim,clean,wiener,9.906178408799946e-05,0.00010199683131998974,6.942280030932122e-07,0.61594,0.0026140538232164155,50000,1.0296284511631952
71,9,2.0,fit,1264,sim,clean,wiener,9.642301917317979e-05,9.820972822510081e-05,6.809042171989139e-07,0.6302,0.002563884292022741,50000,1.0185299015446925
34,29,40.0,fit,1272,sim,clean,wiener,6.310955991600546e-05,6.374337200808192e-05,5.544243351022685e-07,0.75998,0.002087635541062597,50000,1.0100430440795345
71,3,1.0,fit,1272,sim,clean,wiener,6.841286020186424e-05,7.006406300796674e-05,5.879631926378942e-07,0.73618,0.002213923127239874,50000,1.0241358540080086
34,23,20.0,fit,1282,sim,clean,wiener,6.796565255820095e-05,6.867776019202561e-05,5.747770482679987e-07,0.7414,0.002164271872968904,50000,1.0104774633512843
71,1,0.6,fit,1272,sim,clean,wiener,0.00013345295654269273,0.00016844375939440895,1.0531754459658646e-06,0.36574,0.003965638506050117,50000,1.2621957861272437
71,11,3.0,fit,1264,sim,clean,wiener,8.432372666007288e-05,8.595608609339134e-05,6.402259814848275e-07,0.67634,0.0024107140120623854,50000,1.0193582458695032
34,27,30.0,fit,1273,sim,clean,wiener,6.30558384873846e-05,6.264920196944639e-05,5.521385204815913e-07,0.7641,0.002079028509335669,50000,0.9935511678586344
34,21,10.0,fit,1283,sim,clean,wiener,7.766900497123414e-05,7.93007702758656e-05,6.146103912952945e-07,0.7014,0.002314260784634878,50000,1.0210092211846387
71,7,1.8,fit,1265,sim,clean,wiener,9.545688033724734e-05,9.809287511417856e-05,6.800454338545964e-07,0.63064,0.0025606506196924326,50000,1.0276145079078458
34,25,26.0,fit,1282,sim,clean,wiener,6.56130892963676e-05,6.6393813024e-05,5.637917752565075e-07,0.75,0.00212290780412291,50000,1.0118989021246347
34,19,8.0,fit,1283,sim,clean,wiener,8.136488096516389e-05,8.31569229362995e-05,6.290924234443072e-07,0.68688,0.002368791589123309,50000,1.0220247599440706
71,5,1.4,fit,1266,sim,clean,wiener,9.906178408799946e-05,0.00010165158349226496,6.867001939302813e-07,0.61724,0.002585708527095941,50000,1.026143274403022
34,29,40.0,fit,1273,sim,clean,wiener,6.310955991600546e-05,6.279792411062015e-05,5.517385892350153e-07,0.76354,0.0020775226037837787,50000,0.9950619873470823
71,9,2.0,fit,1265,sim,clean,wiener,9.642301917317979e-05,9.926671772844288e-05,6.854803275971869e-07,0.62622,0.002581115228874563,50000,1.0294919053525557
71,3,1.0,fit,1273,sim,clean,wiener,6.841286020186424e-05,6.930451778697215e-05,5.882439849208417e-07,0.73904,0.0022149804256166297,50000,1.0130334791218627
34,23,20.0,fit,1283,sim,clean,wiener,6.796565255820095e-05,6.867776019202561e-05,5.730093558694539e-07,0.7414,0.002157615784404199,50000,1.0104774633512843
71,1,0.6,fit,1273,sim,clean,wiener,0.00013345295654269273,0.00016751955751711486,1.0080598110570919e-06,0.36922,0.0037957595939425073,50000,1.2552704852479153
71,11,3.0,fit,1265,sim,clean,wiener,8.432372666007288e-05,8.664127024379903e-05,6.437275326520688e-07,0.67376,0.002423898791666682,50000,1.0274838847323324
34,27,30.0,fit,1274,sim,clean,wiener,6.30558384873846e-05,6.295726926187777e-05,5.543728721787875e-07,0.76294,0.0020874417619996953,50000,0.9984367946272485
71,13,4.0,fit,1234,sim,clean,wiener,7.276659515772531e-05,7.475943346502399e-05,6.009053815161724e-07,0.7185,0.0022626557887967568,50000,1.0273867191804027
34,25,26.0,fit,1283,sim,clean,wiener,6.56130892963676e-05,6.67390608517248e-05,5.673869695655666e-07,0.7487,0.0021364451886520955,50000,1.0171607764156827
71,7,1.8,fit,1266,sim,clean,wiener,9.545688033724734e-05,9.810349812426238e-05,6.784708003824839e-07,0.6306,0.0025547214773507234,50000,1.0277257938627848
71,15,5.0,fit,1234,sim,clean,wiener,7.843963342340341e-05,8.074018814222591e-05,6.162145530031637e-07,0.69598,0.0023203011129230323,50000,1.0293289835561126
71,5,1.4,fit,1267,sim,clean,wiener,9.906178408799946e-05,0.00010165158349226496,6.896968829384742e-07,0.61724,0.0025969922931266313,50000,1.026143274403022
34,29,40.0,fit,1274,sim,clean,wiener,6.310955991600546e-05,6.346186224086014e-05,5.569453960580198e-07,0.76104,0.0020971283719489627,50000,1.0055823923558265
71,3,1.0,fit,1274,sim,clean,wiener,6.841286020186424e-05,6.960196206931968e-05,5.898502198786525e-07,0.73792,0.00222102856054311,50000,1.0173812622940597
71,9,2.0,fit,1266,sim,clean,wiener,9.642301917317979e-05,9.923484869819136e-05,6.787489568414343e-07,0.62634,0.0025557688507665635,50000,1.0291613926749317
71,17,6.0,fit,1234,sim,clean,wiener,6.929229284987159e-05,7.183279418692609e-05,5.872002786724622e-07,0.72952,0.002211050442532203,50000,1.0366635484635893
71,1,0.6,fit,1274,sim,clean,wiener,0.00013345295654269273,0.00017006376843219456,1.0953378017454438e-06,0.35964,0.004124397108166923,50000,1.2743349629559515
34,27,30.0,fit,1275,sim,clean,wiener,6.30558384873846e-05,6.352028879632126e-05,5.524675613402034e-07,0.76082,0.0020802674834344043,50000,1.0073656987216115
71,11,3.0,fit,1266,sim,clean,wiener,8.432372666007288e-05,8.618448081019392e-05,6.391458500794754e-07,0.67548,0.002406646873287867,50000,1.022066792157113
71,13,4.0,fit,1235,sim,clean,wiener,7.276659515772531e-05,7.320316248774144e-05,5.962135487212864e-07,0.72436,0.002244989109549136,50000,1.005999556926772
71,19,8.0,fit,1234,sim,clean,wiener,6.551822299162364e-05,6.746142553742592e-05,5.715358342968368e-07,0.74598,0.0021520673699303816,50000,1.0296589629125124
71,7,1.8,fit,1267,sim,clean,wiener,9.545688033724734e-05,9.832126983098111e-05,6.759031686034393e-07,0.62978,0.002545053288169766,50000,1.030007155939037
71,15,5.0,fit,1235,sim,clean,wiener,7.843963342340341e-05,7.914142512460801e-05,6.152417357391947e-07,0.702,0.0023166380560068053,50000,1.008946901847647
34,29,40.0,fit,1275,sim,clean,wiener,6.310955991600546e-05,6.367432244253695e-05,5.538710238898085e-07,0.76024,0.002085552096885878,50000,1.0089489219586247
71,5,1.4,fit,1268,sim,clean,wiener,9.906178408799946e-05,0.00010127977813933056,6.928368707558159e-07,0.61864,0.0026088156380827594,50000,1.0223900071228356
71,17,6.0,fit,1235,sim,clean,wiener,6.929229284987159e-05,6.959665056427774e-05,5.815972874565377e-07,0.73794,0.0021899528772594454,50000,1.0043923747055907
71,9,2.0,fit,1267,sim,clean,wiener,9.642301917317979e-05,9.877805926458625e-05,6.821457497102288e-07,0.62806,0.002568559172311911,50000,1.0244240442956543
71,3,1.0,fit,1275,sim,clean,wiener,6.841286020186424e-05,7.052085244157183e-05,5.929063919736834e-07,0.73446,0.0022325363048487663,50000,1.030812806736739
71,1,0.6,fit,1275,sim,clean,wiener,0.00013345295654269273,0.0001681410036070195,1.0288883172934957e-06,0.36688,0.00387418748235462,50000,1.2599271530805671
34,27,30.0,fit,1276,sim,clean,wiener,6.30558384873846e-05,6.455072077445378e-05,5.593796116691952e-07,0.75694,0.002106294194411575,50000,1.0237072779131826
71,11,3.0,fit,1267,sim,clean,wiener,8.432372666007288e-05,8.613667726481663e-05,6.364245316138409e-07,0.67566,0.002396399990552533,50000,1.0214998871201715
71,13,4.0,fit,1236,sim,clean,wiener,7.276659515772531e-05,7.452572724317952e-05,5.97503475470162e-07,0.71938,0.0022498462140372057,50000,1.0241749951559669
71,19,8.0,fit,1235,sim,clean,wiener,6.551822299162364e-05,6.596889262064639e-05,5.648551860510843e-07,0.7516,0.0021269119829241496,50000,1.0068785386484058
71,15,5.0,fit,1236,sim,clean,wiener,7.843963342340341e-05,7.999657743635712e-05,6.167237180544002e-07,0.69878,0.0023222183286546114,50000,1.019848945552175
71,7,1.8,fit,1268,sim,clean,wiener,9.545688033724734e-05,9.822035123518462e-05,6.758916118480883e-07,0.63016,0.00254500977223498,50000,1.028949939367115
71,17,6.0,fit,1236,sim,clean,wiener,6.929229284987159e-05,7.096170736005119e-05,5.823352583700526e-07,0.7328,0.0021927316411227593,50000,1.0240923548856515
71,5,1.4,fit,1269,sim,clean,wiener,9.906178408799946e-05,0.0001016409604821811,6.928802639711192e-07,0.61728,0.0026089790313769796,50000,1.0260360381950167
34,29,40.0,fit,1276,sim,clean,wiener,6.310955991600546e-05,6.481098452150784e-05,5.614563233611664e-07,0.75596,0.002114113867651386,50000,1.0269598553335955
71,9,2.0,fit,1268,sim,clean,wiener,9.642301917317979e-05,9.905425752676607e-05,6.780868076797184e-07,0.62702,0.0025532755869684875,50000,1.027288487501729
71,3,1.0,fit,1276,sim,clean,wiener,6.841286020186424e-05,7.05952135121587e-05,5.924765936462998e-07,0.73418,0.0022309179374595182,50000,1.0318997525297882
71,1,0.6,fit,1276,sim,clean,wiener,0.00013345295654269273,0.00016974507812967933,1.0469076605986839e-06,0.36084,0.003942037717506329,50000,1.271946928169976
71,13,4.0,fit,1237,sim,clean,wiener,7.276659515772531e-05,7.367057493143039e-05,5.957275072791743e-07,0.7226,0.002243158963711841,50000,1.0124230049756437
34,27,30.0,fit,1277,sim,clean,wiener,6.30558384873846e-05,6.36318304022016e-05,5.569732647492136e-07,0.7604,0.002097233309027903,50000,1.009134632551627
71,11,3.0,fit,1268,sim,clean,wiener,8.432372666007288e-05,8.623228435557119e-05,6.40577023038777e-07,0.6753,0.0024120358278233757,50000,1.0226336971940546
71,19,8.0,fit,1236,sim,clean,wiener,6.551822299162364e-05,6.680279891222784e-05,5.635589218846004e-07,0.74846,0.002122031015453524,50000,1.0196063913511273
71,15,5.0,fit,1237,sim,clean,wiener,7.843963342340341e-05,7.982129776997377e-05,6.17365309513116e-07,0.69944,0.002324634184249785,50000,1.0176143651655327
71,7,1.8,fit,1269,sim,clean,wiener,9.545688033724734e-05,9.780605384191489e-05,6.747829501839249e-07,0.63172,0.0025408352053074763,50000,1.0246097871244897
71,17,6.0,fit,1237,sim,clean,wiener,6.929229284987159e-05,7.063770555249408e-05,5.856864577448463e-07,0.73402,0.0022053502844200734,50000,1.019416484103614
71,5,1.4,fit,1270,sim,clean,wiener,9.906178408799946e-05,0.00010200745433007359,6.905747741436621e-07,0.6159,0.002600297914408205,50000,1.0297356873712007
34,29,40.0,fit,1277,sim,clean,wiener,6.310955991600546e-05,6.370619147278847e-05,5.57878838438179e-07,0.76012,0.0021006431662409465,50000,1.0094539013990447
71,9,2.0,fit,1269,sim,clean,wiener,9.642301917317979e-05,9.89533389309696e-05,6.797239771644941e-07,0.6274,0.0025594402031059275,50000,1.0262418640225863
71,13,4.0,fit,1238,sim,clean,wiener,7.276659515772531e-05,7.460008831376641e-05,5.978618326149204e-07,0.7191,0.002251195576004972,50000,1.0251969073455602
71,3,1.0,fit,1277,sim,clean,wiener,6.841286020186424e-05,7.075987016845824e-05,5.952721270683308e-07,0.73356,0.002241444270014859,50000,1.03430656107154
71,1,0.6,fit,1277,sim,clean,wiener,0.00013345295654269273,0.00016875713819188224,1.0635840386593262e-06,0.36456,0.004004831136430071,50000,1.2645440203334528
34,27,30.0,fit,1278,sim,clean,wiener,6.30558384873846e-05,6.407268532068096e-05,5.5559018483433e-07,0.75874,0.002092025444575293,50000,1.016126132927402
71,11,3.0,fit,1269,sim,clean,wiener,8.432372666007288e-05,8.615792328498432e-05,6.381477628898383e-07,0.67558,0.0024028886647132356,50000,1.0217518449143679
71,19,8.0,fit,1237,sim,clean,wiener,6.551822299162364e-05,6.667532279122174e-05,5.65423750177694e-07,0.74894,0.0021290528605929925,50000,1.017660732339246
71,15,5.0,fit,1238,sim,clean,wiener,7.843963342340341e-05,8.01824801128243e-05,6.17217319382616e-07,0.69808,0.002324076940570896,50000,1.0222189550531593
71,17,6.0,fit,1238,sim,clean,wiener,6.929229284987159e-05,7.069082060291327e-05,5.819545033927878e-07,0.73382,0.0021912979421080366,50000,1.0201830202973905
71,7,1.8,fit,1270,sim,clean,wiener,9.545688033724734e-05,9.803976006375937e-05,6.785576107372979e-07,0.63084,0.0025550483540236397,50000,1.0270580781331504
71,5,1.4,fit,1271,sim,clean,wiener,9.906178408799946e-05,0.00010139131974521088,6.955090490603851e-07,0.61822,0.002618877487910556,50000,1.0235159873068915
34,29,40.0,fit,1278,sim,clean,wiener,6.310955991600546e-05,6.424796498706432e-05,5.570713470512265e-07,0.75808,0.00209760262921583,50000,1.0180385518861803
71,13,4.0,fit,1239,sim,clean,wiener,7.276659515772531e-05,7.419110242553857e-05,5.954604977620746e-07,0.72064,0.0022421535631144875,50000,1.0195763903027972
71,9,2.0,fit,1270,sim,clean,wiener,9.642301917317979e-05,9.961196555616767e-05,6.828711951914621e-07,0.62492,0.00257129077277358,50000,1.0330724593601492
71,3,1.0,fit,1278,sim,clean,wiener,6.841286020186424e-05,7.10732489659315e-05,5.943587807947095e-07,0.73238,0.0022380051458253383,50000,1.0388872611993902
71,1,0.6,fit,1278,sim,clean,wiener,0.00013345295654269273,0.00016839595584903166,1.0319936333238056e-06,0.36592,0.003885880273779279,50000,1.2618375809093474
34,27,30.0,fit,1279,sim,clean,wiener,6.30558384873846e-05,6.348310826102784e-05,5.546383497946901e-07,0.76096,0.0020884413943592895,50000,1.0067760541116066
71,19,8.0,fit,1238,sim,clean,wiener,6.551822299162364e-05,6.710024319457536e-05,5.708938739645837e-07,0.74734,0.002149650125374699,50000,1.0241462623788498
71,11,3.0,fit,1270,sim,clean,wiener,8.432372666007288e-05,8.697589506144e-05,6.427942044676288e-07,0.6725,0.002420384427368526,50000,1.0314522199909237
71,15,5.0,fit,1239,sim,clean,wiener,7.843963342340341e-05,8.000720044644095e-05,6.14613386641734e-07,0.69874,0.0023142720633455858,50000,1.019984374666517
71,17,6.0,fit,1239,sim,clean,wiener,6.929229284987159e-05,7.06695745827456e-05,5.815651707812594e-07,0.7339,0.0021898319447741146,50000,1.01987640581988
71,7,1.8,fit,1271,sim,clean,wiener,9.545688033724734e-05,9.76042166503219e-05,6.7679585287873e-07,0.63248,0.0025484146114415893,50000,1.0224953539806463
71,13,4.0,fit,1240,sim,clean,wiener,7.276659515772531e-05,7.420703694066432e-05,6.02212042651034e-07,0.72058,0.002267575905127435,50000,1.0197953714862813
71,5,1.4,fit,1272,sim,clean,wiener,9.906178408799946e-05,0.00010158253392671998,6.924608913386092e-07,0.6175,0.0026073999210148497,50000,1.0254462390509873
34,29,40.0,fit,1279,sim,clean,wiener,6.310955991600546e-05,6.366901093749503e-05,5.561704515122196e-07,0.76026,0.00209421038716053,50000,1.0088647587185549
71,3,1.0,fit,1279,sim,clean,wiener,6.841286020186424e-05,7.097233037013504e-05,5.996044051231926e-07,0.73276,0.002257757077856215,50000,1.0374121204802522
71,19,8.0,fit,1239,sim,clean,wiener,6.551822299162364e-05,6.635663248870655e-05,5.647543763637756e-07,0.75014,0.0021265323930093776,50000,1.0127965848095437
71,9,2.0,fit,1271,sim,clean,wiener,9.642301917317979e-05,9.902238849651454e-05,6.741604983880732e-07,0.62714,0.002538491418411148,50000,1.0269579748241047
71,1,0.6,fit,1279,sim,clean,wiener,0.00013345295654269273,0.00016740270440619264,1.0593445362095792e-06,0.36966,0.0039888676668812795,50000,1.2543948724930578
34,27,30.0,fit,1280,sim,clean,wiener,6.30558384873846e-05,6.27873011005363e-05,5.494592795841667e-07,0.76358,0.002068940065942396,50000,0.9957412764100818
71,15,5.0,fit,1240,sim,clean,wiener,7.843963342340341e-05,8.017716860778239e-05,6.167350551628254e-07,0.6981,0.002322261017528427,50000,1.0221512404959885
71,11,3.0,fit,1271,sim,clean,wiener,8.432372666007288e-05,8.586579050767873e-05,6.392832152456118e-07,0.67668,0.00240716410960809,50000,1.0182874252441694
71,17,6.0,fit,1240,sim,clean,wiener,6.929229284987159e-05,7.065364006761985e-05,5.804946180829833e-07,0.73396,0.0021858008737694673,50000,1.019646444961747
71,7,1.8,fit,1272,sim,clean,wiener,9.545688033724734e-05,9.81088096293043e-05,6.823434037969732e-07,0.63058,0.0025693034212025154,50000,1.0277814368402545
71,13,4.0,fit,1241,sim,clean,wiener,7.276659515772531e-05,7.456290777847297e-05,6.012393877780154e-07,0.71924,0.002263913459679894,50000,1.0246859512507636
71,5,1.4,fit,1273,sim,clean,wiener,9.906178408799946e-05,0.00010029714970657536,6.921913246536102e-07,0.62234,0.002606384891629124,50000,1.0124706578823424
34,29,40.0,fit,1280,sim,clean,wiener,6.310955991600546e-05,6.306881086775808e-05,5.51255561313552e-07,0.76252,0.00207570380509056,50000,0.9993543125906502
71,19,8.0,fit,1240,sim,clean,wiener,6.551822299162364e-05,6.641505904416767e-05,5.657629549226647e-07,0.74992,0.0021303301059021605,50000,1.0136883451899892
71,3,1.0,fit,1280,sim,clean,wiener,6.841286020186424e-05,7.010124354326016e-05,5.914053492214651e-07,0.73604,0.002226884261820014,50000,1.024679326904533
71,1,0.6,fit,1280,sim,clean,wiener,0.00013345295654269273,0.0001679816584557619,1.060024187495228e-06,0.36748,0.003991426833370946,50000,1.2587331356875795
34,27,30.0,fit,1281,sim,clean,wiener,6.30558384873846e-05,6.391334016942336e-05,5.555310551256058e-07,0.75934,0.002091802796914197,50000,1.0135990845988088
71,9,2.0,fit,1272,sim,clean,wiener,9.642301917317979e-05,9.897458495113728e-05,6.797875454808059e-07,0.62732,0.002559679563949267,50000,1.026462205807669
71,15,5.0,fit,1241,sim,clean,wiener,7.843963342340341e-05,8.019310312290816e-05,6.242136618508545e-07,0.69804,0.002350421046104153,50000,1.0223543841675016
71,11,3.0,fit,1272,sim,clean,wiener,8.432372666007288e-05,8.643943305220608e-05,6.431606253564842e-07,0.67452,0.0024217641526477584,50000,1.0250902856874682
71,17,6.0,fit,1241,sim,clean,wiener,6.929229284987159e-05,7.052616394661377e-05,5.82539785576374e-07,0.73444,0.0021935017701340555,50000,1.017806758096683
71,13,4.0,fit,1242,sim,clean,wiener,7.276659515772531e-05,7.432389005158655e-05,5.974843124965572e-07,0.72014,0.0022497740575638386,50000,1.0214012334984992
71,7,1.8,fit,1273,sim,clean,wiener,9.545688033724734e-05,9.70465086209203e-05,6.787037480218853e-07,0.63458,0.002555598620975978,50000,1.0166528413463423
34,29,40.0,fit,1281,sim,clean,wiener,6.310955991600546e-05,6.41682924114355e-05,5.559590765412584e-07,0.75838,0.0020934144735003045,50000,1.0167761032851306
71,3,1.0,fit,1281,sim,clean,wiener,6.841286020186424e-05,7.069613210795519e-05,5.973010693689895e-07,0.7338,0.0022490840718587643,50000,1.0333748932489264
71,5,1.4,fit,1274,sim,clean,wiener,9.906178408799946e-05,0.000100653020544384,6.888975525045281e-07,0.621,0.002593982485444486,50000,1.016063070850521
71,19,8.0,fit,1241,sim,clean,wiener,6.551822299162364e-05,6.6261025397952e-05,5.630661892692429e-07,0.7505,0.002120175674598272,50000,1.0113373405506332
34,27,30.0,fit,1282,sim,clean,wiener,6.30558384873846e-05,6.390802866438143e-05,5.543191475126095e-07,0.75936,0.0020872394665457554,50000,1.013514849654522
71,1,0.6,fit,1281,sim,clean,wiener,0.00013345295654269273,0.0001692776656859904,1.0519814113477062e-06,0.3626,0.003961142474854685,50000,1.2684444771505459
71,9,2.0,fit,1273,sim,clean,wiener,9.642301917317979e-05,9.799195651838207e-05,6.80869438998202e-07,0.63102,0.002563753337800021,50000,1.0162713982475948
71,15,5.0,fit,1242,sim,clean,wiener,7.843963342340341e-05,8.018779161786624e-05,6.154030886238486e-07,0.69806,0.0023172456159484055,50000,1.0222866696103305
71,17,6.0,fit,1242,sim,clean,wiener,6.929229284987159e-05,7.028714621972737e-05,5.811071381927834e-07,0.73534,0.0021881072637849747,50000,1.014357345224688
71,11,3.0,fit,1273,sim,clean,wiener,8.432372666007288e-05,8.50903107715584e-05,6.378501406068334e-07,0.6796,0.002401767994467586,50000,1.0090909657560059
71,13,4.0,fit,1243,sim,clean,wiener,7.276659515772531e-05,7.386178911293953e-05,5.985253314804373e-07,0.72188,0.0022536939219927115,50000,1.0150507791774555
34,29,40.0,fit,1282,sim,clean,wiener,6.310955991600546e-05,6.411517736101631e-05,5.545582669973109e-07,0.75858,0.0020881398497057603,50000,1.0159344708844313
71,7,1.8,fit,1274,sim,clean,wiener,9.545688033724734e-05,9.747142902427391e-05,6.803014823213747e-07,0.63298,0.0025616147474293266,50000,1.0211042795439071
71,3,1.0,fit,1282,sim,clean,wiener,6.841286020186424e-05,7.096170736005119e-05,5.962446539948208e-07,0.7328,0.002245106233691122,50000,1.0372568425098165
71,19,8.0,fit,1242,sim,clean,wiener,6.551822299162364e-05,6.621322185257472e-05,5.656669653633456e-07,0.75068,0.0021299686657507855,50000,1.010607718421178
34,27,30.0,fit,1283,sim,clean,wiener,6.30558384873846e-05,6.397176672488447e-05,5.587835146651772e-07,0.75912,0.002104049644140744,50000,1.0145256689859594
71,1,0.6,fit,1282,sim,clean,wiener,0.00013345295654269273,0.00016953792943304446,1.0303446287180917e-06,0.36162,0.0038796710935461837,50000,1.270394705559092
71,5,1.4,fit,1275,sim,clean,wiener,9.906178408799946e-05,0.00010068488957463553,6.931551408905719e-07,0.62088,0.0026100140559784184,50000,1.0163847794745369
71,15,5.0,fit,1243,sim,clean,wiener,7.843963342340341e-05,7.960883756829696e-05,6.166818556276658e-07,0.70024,0.002322060699408648,50000,1.0149057828786934
71,9,2.0,fit,1274,sim,clean,wiener,9.642301917317979e-05,9.830002381081345e-05,6.809383510019294e-07,0.62986,0.0025640128198232276,50000,1.0194663541312938
71,17,6.0,fit,1243,sim,clean,wiener,6.929229284987159e-05,6.983566829116415e-05,5.801148181633602e-07,0.73704,0.002184370770939382,50000,1.0078417875775858
71,11,3.0,fit,1274,sim,clean,wiener,8.432372666007288e-05,8.560021525558273e-05,6.37710499660066e-07,0.67768,0.002401242188897732,50000,1.0151379528167161
71,13,4.0,fit,1244,sim,clean,wiener,7.276659515772531e-05,7.404238028436481e-05,5.986329298745949e-07,0.7212,0.0022540990741795526,50000,1.0175325659236105
34,29,40.0,fit,1283,sim,clean,wiener,6.310955991600546e-05,6.435419508790272e-05,5.589822715461802e-07,0.75768,0.002104798045505082,50000,1.0197218166875792
71,7,1.8,fit,1275,sim,clean,wiener,9.545688033724734e-05,9.771575825620225e-05,6.820367705435901e-07,0.63206,0.002568148820949054,50000,1.0236638565075071
71,19,8.0,fit,1243,sim,clean,wiener,6.551822299162364e-05,6.595826961056256e-05,5.644603845919496e-07,0.75164,0.0021254253931307907,50000,1.0067164003974158
71,3,1.0,fit,1283,sim,clean,wiener,6.841286020186424e-05,7.04039993306496e-05,5.928931128702902e-07,0.7349,0.0022324863035655578,50000,1.0291047490619476
71,1,0.6,fit,1283,sim,clean,wiener,0.00013345295654269273,0.0001689324178582656,1.0610463713160492e-06,0.3639,0.003995275775667918,50000,1.2658574394657391
71,21,10.0,fit,1234,sim,clean,wiener,5.949161659933763e-05,6.13213257089664e-05,5.452642378565405e-07,0.7691,0.002053144009289837,50000,1.0307557470147672
71,5,1.4,fit,1276,sim,clean,wiener,9.906178408799946e-05,0.00010189060121915136,6.940696032462844e-07,0.61634,0.002613457382675824,50000,1.028556089083142
71,15,5.0,fit,1244,sim,clean,wiener,7.843963342340341e-05,7.987972432543489e-05,6.144070742731507e-07,0.69922,0.002313495212464508,50000,1.0183592252944136
71,17,6.0,fit,1244,sim,clean,wiener,6.929229284987159e-05,7.0111866553344e-05,5.81477560867859e-07,0.736,0.0021895020574344286,50000,1.0118277757852245
71,9,2.0,fit,1275,sim,clean,wiener,9.642301917317979e-05,9.89320929108019e-05,6.856578797732635e-07,0.62748,0.002581783785807769,50000,1.0260215222375033
71,13,4.0,fit,1245,sim,clean,wiener,7.276659515772531e-05,7.397333071881983e-05,6.015823012664942e-07,0.72146,0.0022652046699330047,50000,1.016583647461845
71,11,3.0,fit,1275,sim,clean,wiener,8.432372666007288e-05,8.590828254801407e-05,6.39520007591801e-07,0.67652,0.0024080557301349287,50000,1.0187913408325615
71,23,20.0,fit,1234,sim,clean,wiener,4.6361240693016725e-05,4.8154104710046725e-05,4.889604471009281e-07,0.81868,0.0018411370910576372,50000,1.038671614267218
71,19,8.0,fit,1244,sim,clean,wiener,6.551822299162364e-05,6.606981121644288e-05,5.645135160035896e-07,0.75122,0.0021256254547375127,50000,1.0084188520328117
71,7,1.8,fit,1276,sim,clean,wiener,9.545688033724734e-05,9.823097424526847e-05,6.759174605261168e-07,0.63012,0.0025451071031339415,50000,1.0290612253220544
71,25,26.0,fit,1234,sim,clean,wiener,4.504826127586535e-05,4.655003018738688e-05,4.814764529590069e-07,0.82472,0.001812956776503268,50000,1.0333368895710544
71,21,10.0,fit,1235,sim,clean,wiener,5.949161659933763e-05,5.988190784260608e-05,5.409498327430974e-07,0.77452,0.0020368985004203446,50000,1.0065604410432645
71,27,30.0,fit,1234,sim,clean,wiener,4.4830795349856236e-05,4.641724256133889e-05,4.803015656618256e-07,0.82522,0.001808532842842625,50000,1.0353874429195855
71,15,5.0,fit,1245,sim,clean,wiener,7.843963342340341e-05,7.937513134645249e-05,6.164224366766673e-07,0.70112,0.0023210838804130864,50000,1.0119263423631704
71,5,1.4,fit,1277,sim,clean,wiener,9.906178408799946e-05,0.00010314942791408639,6.920967736961636e-07,0.6116,0.0026060288684051965,50000,1.0412635797317737
71,17,6.0,fit,1245,sim,clean,wiener,6.929229284987159e-05,7.041993384577534e-05,5.815044558760051e-07,0.73484,0.002189603328196421,50000,1.0162736857091292
71,9,2.0,fit,1276,sim,clean,wiener,9.642301917317979e-05,9.973944167717376e-05,6.810589473987713e-07,0.62444,0.0025644669148335497,50000,1.0343945100706455
71,13,4.0,fit,1246,sim,clean,wiener,7.276659515772531e-05,7.490284410115583e-05,5.987490540452515e-07,0.71796,0.002254536329419791,50000,1.0293575498317613
71,11,3.0,fit,1276,sim,clean,wiener,8.432372666007288e-05,8.691746850597888e-05,6.398888167211563e-07,0.67272,0.00240944444812143,50000,1.0307593360568839
71,23,20.0,fit,1235,sim,clean,wiener,4.6361240693016725e-05,4.660314523780607e-05,4.823025714477693e-07,0.82452,0.001816067452224151,50000,1.0052178186168728
71,19,8.0,fit,1245,sim,clean,wiener,6.551822299162364e-05,6.605918820635903e-05,5.645974861958902e-07,0.75126,0.002125941637030998,50000,1.0082567137818215
71,25,26.0,fit,1235,sim,clean,wiener,4.504826127586535e-05,4.512654683615231e-05,4.749146038487719e-07,0.83008,0.001788248717079632,50000,1.0017378153577905
71,15,5.0,fit,1246,sim,clean,wiener,7.843963342340341e-05,8.006031549686014e-05,6.146309565131322e-07,0.69854,0.0023143382211342333,50000,1.0206615202382268
71,21,10.0,fit,1236,sim,clean,wiener,5.949161659933763e-05,6.038118931654656e-05,5.400010649838213e-07,0.77264,0.0020333259997758453,50000,1.0149529087972176
71,27,30.0,fit,1235,sim,clean,wiener,4.4830795349856236e-05,4.505218576556544e-05,4.74134199445433e-07,0.83036,0.001785310173683063,50000,1.0049383557436689
71,7,1.8,fit,1277,sim,clean,wiener,9.545688033724734e-05,9.914986461752064e-05,6.906871672024549e-07,0.62666,0.002600721120478446,50000,1.0386874604242884
71,17,6.0,fit,1246,sim,clean,wiener,6.929229284987159e-05,7.065895157266175e-05,5.773138326639073e-07,0.73394,0.0021738239090712424,50000,1.0197230985811243
71,5,1.4,fit,1278,sim,clean,wiener,9.906178408799946e-05,0.00010168345252251647,6.914338814374894e-07,0.61712,0.002603532806541591,50000,1.026464983027038
71,13,4.0,fit,1247,sim,clean,wiener,7.276659515772531e-05,7.409018382974208e-05,5.996805872866174e-07,0.72102,0.0022580439350193865,50000,1.0181895094740634
71,9,2.0,fit,1277,sim,clean,wiener,9.642301917317979e-05,0.00010033964174691073,6.86562643380572e-07,0.62218,0.0025851905927303563,50000,1.0406191654992312
71,23,20.0,fit,1236,sim,clean,wiener,4.6361240693016725e-05,4.778761086215424e-05,4.872093925512769e-07,0.82006,0.0018345436508337034,50000,1.030766436527924
71,11,3.0,fit,1277,sim,clean,wiener,8.432372666007288e-05,8.690153399085311e-05,6.404149948599521e-07,0.67278,0.002411425725121614,50000,1.0305703677112366
71,19,8.0,fit,1246,sim,clean,wiener,6.551822299162364e-05,6.73817529617971e-05,5.668785962685859e-07,0.74628,0.002134530954200774,50000,1.0284429260300865
71,25,26.0,fit,1236,sim,clean,wiener,4.504826127586535e-05,4.6422554066380785e-05,4.828191760913449e-07,0.8252,0.0018180126810792437,50000,1.0305071217310604
71,21,10.0,fit,1237,sim,clean,wiener,5.949161659933763e-05,6.052991145772032e-05,5.432979104589972e-07,0.77208,0.0020457399782966455,50000,1.0174527928090333
71,27,30.0,fit,1236,sim,clean,wiener,4.4830795349856236e-05,4.618353633949441e-05,4.802707348646782e-07,0.8261,0.0018084167522170712,50000,1.030174369628767
71,15,5.0,fit,1247,sim,clean,wiener,7.843963342340341e-05,7.949198445737473e-05,6.150505806187295e-07,0.70068,0.0023159182783959154,50000,1.0134160626209319
71,17,6.0,fit,1247,sim,clean,wiener,6.929229284987159e-05,6.981442227099648e-05,5.795723804107173e-07,0.73712,0.002182328269808867,50000,1.0075351731000752
71,7,1.8,fit,1278,sim,clean,wiener,9.545688033724734e-05,9.796539899317247e-05,6.730644783493985e-07,0.63112,0.0025343644524004802,50000,1.0262790764485763
71,5,1.4,fit,1279,sim,clean,wiener,9.906178408799946e-05,0.00010252267031913985,6.954673921737587e-07,0.61396,0.0026187206326075954,50000,1.0349366434594593
71,13,4.0,fit,1248,sim,clean,wiener,7.276659515772531e-05,7.330408108353793e-05,5.922345426682117e-07,0.72398,0.002230006516021798,50000,1.0073864377555057
71,23,20.0,fit,1237,sim,clean,wiener,4.6361240693016725e-05,4.718741079241727e-05,4.843394142419165e-07,0.82232,0.0018237370026738702,50000,1.0178202758824137
71,9,2.0,fit,1278,sim,clean,wiener,9.642301917317979e-05,9.886835485029889e-05,6.787524572988834e-07,0.62772,0.0025557820314278694,50000,1.0253604968822556
71,19,8.0,fit,1247,sim,clean,wiener,6.551822299162364e-05,6.593702359039486e-05,5.611063769917589e-07,0.75172,0.0021127961757104177,50000,1.0063921238954354
71,11,3.0,fit,1278,sim,clean,wiener,8.432372666007288e-05,8.628539940599038e-05,6.418823750088341e-07,0.6751,0.002416951014610378,50000,1.0232635916795452
71,25,26.0,fit,1237,sim,clean,wiener,4.504826127586535e-05,4.588078055210497e-05,4.775320687542064e-07,0.82724,0.001798104548467447,50000,1.0184806084110873
71,21,10.0,fit,1238,sim,clean,wiener,5.949161659933763e-05,6.088047079048704e-05,5.411328578333871e-07,0.77076,0.002037587665125434,50000,1.0233453765511706
71,27,30.0,fit,1237,sim,clean,wiener,4.4830795349856236e-05,4.529651499749377e-05,4.7439530429423603e-07,0.82944,0.001786293340776918,50000,1.0103883869113428
71,15,5.0,fit,1248,sim,clean,wiener,7.843963342340341e-05,7.885991535738623e-05,6.07558347263211e-07,0.70306,0.0022877069398152777,50000,1.0053580303175846
71,17,6.0,fit,1248,sim,clean,wiener,6.929229284987159e-05,6.989409484662527e-05,5.780342935133666e-07,0.73682,0.0021765367403451395,50000,1.00868497739074
71,13,4.0,fit,1249,sim,clean,wiener,7.276659515772531e-05,7.325096603311871e-05,5.966660792762491e-07,0.72418,0.002246693073120257,50000,1.0066565004772245
71,7,1.8,fit,1279,sim,clean,wiener,9.545688033724734e-05,9.95376044855808e-05,6.864740232873245e-07,0.6252,0.002584856901648269,50000,1.0427493977795665
71,5,1.4,fit,1280,sim,clean,wiener,9.906178408799946e-05,9.964383458641919e-05,6.873678462519494e-07,0.6248,0.002588222512553542,50000,1.0058756310900143
71,23,20.0,fit,1238,sim,clean,wiener,4.6361240693016725e-05,4.804787460920831e-05,4.892054543562945e-07,0.81908,0.0018420596440946113,50000,1.0363802584007558
71,19,8.0,fit,1248,sim,clean,wiener,6.551822299162364e-05,6.622384486265856e-05,5.652949877715867e-07,0.75064,0.0021285680172008054,50000,1.010769856672168
71,9,2.0,fit,1279,sim,clean,wiener,9.642301917317979e-05,0.00010045118335279104,6.931008835087886e-07,0.62176,0.0026098097546312293,50000,1.0417759598709153
71,25,26.0,fit,1238,sim,clean,wiener,4.504826127586535e-05,4.654471868234495e-05,4.830182401159195e-07,0.82474,0.0018187622389653924,50000,1.0332189825777212
71,11,3.0,fit,1279,sim,clean,wiener,8.432372666007288e-05,8.694402603118848e-05,6.480123074932414e-07,0.67262,0.002440032730380308,50000,1.0310742832996291
71,15,5.0,fit,1249,sim,clean,wiener,7.843963342340341e-05,7.879617729688318e-05,6.130783045395316e-07,0.7033,0.0023084918481708393,50000,1.0045454556315327
71,21,10.0,fit,1239,sim,clean,wiener,5.949161659933763e-05,6.0009383963612174e-05,5.423406621222499e-07,0.77404,0.0020421355447916697,50000,1.0087031987676782
71,27,30.0,fit,1238,sim,clean,wiener,4.4830795349856236e-05,4.613573279411711e-05,4.812231142163613e-07,0.82628,0.0018120028519916795,50000,1.0291080591829174
71,17,6.0,fit,1249,sim,clean,wiener,6.929229284987159e-05,6.921422220125951e-05,5.756856559696405e-07,0.73938,0.0021676931544869324,50000,0.9988733141103986
71,13,4.0,fit,1250,sim,clean,wiener,7.276659515772531e-05,7.449916971796991e-05,5.971532145845512e-07,0.71948,0.0022485273378134367,50000,1.0238100265168262
71,7,1.8,fit,1280,sim,clean,wiener,9.545688033724734e-05,9.713680420663295e-05,6.759631098282027e-07,0.63424,0.0025452789915223575,50000,1.017598771963325
71,5,1.4,fit,1281,sim,clean,wiener,9.906178408799946e-05,0.00010159315693680383,6.912591501254322e-07,0.61746,0.0026028748713210533,50000,1.0255534752589928
71,19,8.0,fit,1249,sim,clean,wiener,6.551822299162364e-05,6.57617439240115e-05,5.615417763051741e-07,0.75238,0.0021144356331145955,50000,1.003716842754099
71,23,20.0,fit,1239,sim,clean,wiener,4.6361240693016725e-05,4.670406383360256e-05,4.836636913216377e-07,0.82414,0.0018211926280947415,50000,1.007394606690012
71,15,5.0,fit,1250,sim,clean,wiener,7.843963342340341e-05,8.005500399181825e-05,6.143665315657409e-07,0.69856,0.0023133425525043274,50000,1.020593805681056
71,25,26.0,fit,1239,sim,clean,wiener,4.504826127586535e-05,4.549835218908673e-05,4.771996497315154e-07,0.82868,0.001796852854192218,50000,1.009991304891106
71,21,10.0,fit,1240,sim,clean,wiener,5.949161659933763e-05,6.034400878125311e-05,5.418019499155567e-07,0.77278,0.002040107071873197,50000,1.0143279377942636
71,17,6.0,fit,1250,sim,clean,wiener,6.929229284987159e-05,7.055272147182336e-05,5.807151642354568e-07,0.73434,0.002186631320698286,50000,1.0181900261935712
71,27,30.0,fit,1239,sim,clean,wiener,4.4830795349856236e-05,4.511061232102656e-05,4.746487563637766e-07,0.83014,0.0017872476920108536,50000,1.0062416240663734
71,9,2.0,fit,1280,sim,clean,wiener,9.642301917317979e-05,9.78910379225856e-05,6.812444173293741e-07,0.6314,0.0025651652853674717,50000,1.0152247747684522
71,11,3.0,fit,1280,sim,clean,wiener,8.432372666007288e-05,8.614730027490047e-05,6.380205972699104e-07,0.67562,0.002402409833877439,50000,1.0216258660172695
71,13,4.0,fit,1251,sim,clean,wiener,7.276659515772531e-05,7.41751679104128e-05,5.962362130868675e-07,0.7207,0.002245074450202688,50000,1.0193574091193127
71,7,1.8,fit,1281,sim,clean,wiener,9.545688033724734e-05,9.825222026543615e-05,6.833215764742371e-07,0.63004,0.0025729866434513653,50000,1.0292837972319326
71,5,1.4,fit,1282,sim,clean,wiener,9.906178408799946e-05,0.00010231552162250497,6.872422769897023e-07,0.61474,0.002587749692660664,50000,1.0328455374033554
71,19,8.0,fit,1250,sim,clean,wiener,6.551822299162364e-05,6.631945195341313e-05,5.657531220635811e-07,0.75028,0.0021302930811455015,50000,1.0122291009310789
71,23,20.0,fit,1240,sim,clean,wiener,4.6361240693016725e-05,4.708118069157888e-05,4.846591948534159e-07,0.82272,0.0018249411081354128,50000,1.0155289200159519
71,15,5.0,fit,1251,sim,clean,wiener,7.843963342340341e-05,8.010811904223744e-05,6.182546187586562e-07,0.69836,0.0023279827991471505,50000,1.0212709512527658
71,25,26.0,fit,1240,sim,clean,wiener,4.504826127586535e-05,4.5960453127733754e-05,4.788496978192895e-07,0.82694,0.0018030659635642373,50000,1.0202492133110832
71,17,6.0,fit,1251,sim,clean,wiener,6.929229284987159e-05,7.039337632056575e-05,5.840028440502978e-07,0.73494,0.002199010786739996,50000,1.015890417612241
71,21,10.0,fit,1241,sim,clean,wiener,5.949161659933763e-05,5.9690693661096945e-05,5.37286640493884e-07,0.77524,0.0020231050756930693,50000,1.003346304456644
71,27,30.0,fit,1240,sim,clean,wiener,4.4830795349856236e-05,4.568956637059583e-05,4.777144377955491e-07,0.82796,0.0017987912428785537,50000,1.0191558283549915
71,11,3.0,fit,1281,sim,clean,wiener,8.432372666007288e-05,8.667845077909248e-05,6.423825490419632e-07,0.67362,0.002418834375462647,50000,1.027924810872176
71,13,4.0,fit,1252,sim,clean,wiener,7.276659515772531e-05,7.462133433393408e-05,6.037555332277991e-07,0.71902,0.002273387781665567,50000,1.0254888822568724
71,9,2.0,fit,1281,sim,clean,wiener,9.642301917317979e-05,9.931452127382015e-05,6.784499304422454e-07,0.62604,0.0025546428934462603,50000,1.0299876743689917
71,19,8.0,fit,1251,sim,clean,wiener,6.551822299162364e-05,6.63672554987904e-05,5.625404942736836e-07,0.7501,0.00211819621683099,50000,1.012958723060534
71,5,1.4,fit,1283,sim,clean,wiener,9.906178408799946e-05,0.0001034468721964339,6.988546451317281e-07,0.61048,0.0026314750324669053,50000,1.044266193555923
71,23,20.0,fit,1241,sim,clean,wiener,4.6361240693016725e-05,4.679967092435713e-05,4.833244135289359e-07,0.82378,0.0018199151077308365,50000,1.0094568269698279
71,15,5.0,fit,1252,sim,clean,wiener,7.843963342340341e-05,8.047992439517183e-05,6.1721543883848e-07,0.69696,0.002324069859549147,50000,1.0260109702547344
71,7,1.8,fit,1282,sim,clean,wiener,9.545688033724734e-05,9.827877779064574e-05,6.831788534239881e-07,0.62994,0.002572449232494875,50000,1.0295620121192803
71,17,6.0,fit,1252,sim,clean,wiener,6.929229284987159e-05,7.06164595323264e-05,5.815505975639216e-07,0.7341,0.002189777070619905,50000,1.0191098696261034
71,25,26.0,fit,1241,sim,clean,wiener,4.504826127586535e-05,4.532838402774529e-05,4.7659388497395905e-07,0.82932,0.0017945719008549794,50000,1.0062182811044478
71,21,10.0,fit,1242,sim,clean,wiener,5.949161659933763e-05,5.995626891319295e-05,5.398454331455465e-07,0.77424,0.0020327399819257386,50000,1.0078103830491723
71,27,30.0,fit,1241,sim,clean,wiener,4.4830795349856236e-05,4.5099989310942714e-05,4.7435419168338196e-07,0.83018,0.0017861385348959876,50000,1.006004666189518
71,13,4.0,fit,1253,sim,clean,wiener,7.276659515772531e-05,7.378742804235264e-05,5.9779199716012e-07,0.72216,0.002250932616808853,50000,1.0140288669878619
71,11,3.0,fit,1282,sim,clean,wiener,8.432372666007288e-05,8.543555859928319e-05,6.326445930907555e-07,0.6783,0.0023821669681106713,50000,1.013185279911695
71,9,2.0,fit,1282,sim,clean,wiener,9.642301917317979e-05,9.86930751839155e-05,6.831407473360476e-07,0.62838,0.0025723057474086714,50000,1.0235426771553233
71,19,8.0,fit,1252,sim,clean,wiener,6.551822299162364e-05,6.676030687189248e-05,5.686899781436507e-07,0.74862,0.00214135155160497,50000,1.0189578383471671
71,15,5.0,fit,1253,sim,clean,wiener,7.843963342340341e-05,7.950791897250047e-05,6.181647447105268e-07,0.70062,0.002327644386409442,50000,1.0136192062924445
71,23,20.0,fit,1242,sim,clean,wiener,4.6361240693016725e-05,4.693777005544704e-05,4.835771689924842e-07,0.82326,0.001820866835956842,50000,1.0124355895962283
71,17,6.0,fit,1253,sim,clean,wiener,6.929229284987159e-05,7.021278514914046e-05,5.813869866344516e-07,0.73562,0.0021891610082113077,50000,1.0132841945534001
71,29,40.0,fit,1234,sim,clean,wiener,4.4303233112590984e-05,4.591264958235649e-05,4.775486821864964e-07,0.82712,0.0017981671048696677,50000,1.036327291637506
71,7,1.8,fit,1283,sim,clean,wiener,9.545688033724734e-05,9.839031939652608e-05,6.809943756536997e-07,0.62952,0.0025642237756684284,50000,1.0307305146461414
71,25,26.0,fit,1242,sim,clean,wiener,4.504826127586535e-05,4.5599270784883186e-05,4.778708161528725e-07,0.8283,0.0017993800716797667,50000,1.012231537764434
71,13,4.0,fit,1254,sim,clean,wiener,7.276659515772531e-05,7.375024750705918e-05,5.967298216130825e-07,0.7223,0.002246933089222398,50000,1.013517910893065
71,21,10.0,fit,1243,sim,clean,wiener,5.949161659933763e-05,5.9616332590510084e-05,5.408579228975526e-07,0.77552,0.002036552422068467,50000,1.0020963624507364
71,27,30.0,fit,1242,sim,clean,wiener,4.4830795349856236e-05,4.54664831588352e-05,4.771349220129477e-07,0.8288,0.0017966091277227642,50000,1.0141797129410286
71,19,8.0,fit,1253,sim,clean,wiener,6.551822299162364e-05,6.608043422652673e-05,5.651670640041201e-07,0.75118,0.0021280863316278575,50000,1.0085809902838019
71,11,3.0,fit,1283,sim,clean,wiener,8.432372666007288e-05,8.651379412279297e-05,6.421726220948853e-07,0.67424,0.0024180439142076128,50000,1.0259721379671551
71,9,2.0,fit,1283,sim,clean,wiener,9.642301917317979e-05,9.972350716204799e-05,6.873191384730978e-07,0.6245,0.002588039107742788,50000,1.0342292537318334
71,15,5.0,fit,1254,sim,clean,wiener,7.843963342340341e-05,7.927952425569792e-05,6.169471774915286e-07,0.70148,0.002323059745297784,50000,1.0107074803340925
71,17,6.0,fit,1254,sim,clean,wiener,6.929229284987159e-05,7.027652320964351e-05,5.803654109718578e-07,0.73538,0.0021853143558800713,50000,1.0142040379859323
71,23,20.0,fit,1243,sim,clean,wiener,4.6361240693016725e-05,4.673062135881216e-05,4.814749833041665e-07,0.82404,0.0018129512426486305,50000,1.0079674456566274
71,29,40.0,fit,1235,sim,clean,wiener,4.4303233112590984e-05,4.456883880675071e-05,4.7190374255179247e-07,0.83218,0.001776911586555546,50000,1.0059951763223403
71,25,26.0,fit,1243,sim,clean,wiener,4.504826127586535e-05,4.5678943360512006e-05,4.776735878954123e-07,0.828,0.001798637426211472,50000,1.0140001426644305
71,13,4.0,fit,1255,sim,clean,wiener,7.276659515772531e-05,7.38086740625203e-05,5.967005887657593e-07,0.72208,0.0022468230155348375,50000,1.014320841899174
83,1,0.6,fit,1234,sim,clean,wiener,0.00014757548314132363,0.0002158276958733773,9.745015585778578e-07,0.18732,0.003669398977829439,50000,1.4624901865758615
71,21,10.0,fit,1244,sim,clean,wiener,5.949161659933763e-05,5.995626891319295e-05,5.399359878674855e-07,0.77424,0.0020330809576801596,50000,1.0078103830491723
71,27,30.0,fit,1243,sim,clean,wiener,4.4830795349856236e-05,4.529651499749377e-05,4.7522858280816043e-07,0.82944,0.001789430976935965,50000,1.0103883869113428
71,19,8.0,fit,1254,sim,clean,wiener,6.551822299162364e-05,6.59635811156045e-05,5.631617066329809e-07,0.75162,0.0021205353367391684,50000,1.0067974695229112
71,15,5.0,fit,1255,sim,clean,wiener,7.843963342340341e-05,7.985847830526719e-05,6.144608385676836e-07,0.6993,0.002313697657135495,50000,1.0180883670657295
83,3,1.0,fit,1234,sim,clean,wiener,0.00013180426469587173,0.00014767577468050177,8.454154150097222e-07,0.44394,0.003183336581015922,50000,1.1204172719392071
83,5,1.4,fit,1234,sim,clean,wiener,0.00011732532065729173,0.00012179281061122559,7.507164574560482e-07,0.5414,0.0028267560758435417,50000,1.0380777987982956
71,17,6.0,fit,1255,sim,clean,wiener,6.929229284987159e-05,7.01384240785536e-05,5.83090981234131e-07,0.7359,0.00219557724837763,50000,1.012211043882113
71,23,20.0,fit,1244,sim,clean,wiener,4.6361240693016725e-05,4.696432758065664e-05,4.843983083479446e-07,0.82316,0.001823958763193961,50000,1.0130084285628438
71,13,4.0,fit,1256,sim,clean,wiener,7.276659515772531e-05,7.522684590871295e-05,6.021933084050453e-07,0.71674,0.0022675053629897897,50000,1.033810167229275
71,29,40.0,fit,1236,sim,clean,wiener,4.4303233112590984e-05,4.5599270784883186e-05,4.779479706554744e-07,0.8283,0.0017996705900996605,50000,1.0292537943900955
71,25,26.0,fit,1244,sim,clean,wiener,4.504826127586535e-05,4.547179466387713e-05,4.773123891526164e-07,0.82878,0.0017972773644589362,50000,1.0094017699244406
83,1,0.6,fit,1235,sim,clean,wiener,0.00014757548314132363,0.00021665629065991678,1.0405361883844164e-06,0.1842,0.003918046505358428,50000,1.4681049050162274
71,21,10.0,fit,1245,sim,clean,wiener,5.949161659933763e-05,5.9621644095552003e-05,5.401387523127438e-07,0.7755,0.002033844449171396,50000,1.002185644022587
71,27,30.0,fit,1244,sim,clean,wiener,4.4830795349856236e-05,4.500969372523007e-05,4.7375624346562863e-07,0.83052,0.001783887014044424,50000,1.003990524236247
71,19,8.0,fit,1255,sim,clean,wiener,6.551822299162364e-05,6.653722366013183e-05,5.670687173193876e-07,0.74946,0.002135246838114283,50000,1.015552935076375
71,15,5.0,fit,1256,sim,clean,wiener,7.843963342340341e-05,8.048523590021375e-05,6.16618521959897e-07,0.69694,0.0023218222221135353,50000,1.0260786848119055
83,3,1.0,fit,1235,sim,clean,wiener,0.00013180426469587173,0.00014664003119732735,8.500584886495342e-07,0.44784,0.003200819662000191,50000,1.1125590779303538
71,17,6.0,fit,1256,sim,clean,wiener,6.929229284987159e-05,7.155128441970432e-05,5.844849599996739e-07,0.73058,0.002200826151483402,50000,1.032600906636573
83,5,1.4,fit,1235,sim,clean,wiener,0.00011732532065729173,0.00012079955916838657,7.388365884248651e-07,0.54514,0.0027820234852221504,50000,1.0296120095102328
71,23,20.0,fit,1245,sim,clean,wiener,4.6361240693016725e-05,4.660314523780607e-05,4.817702060874658e-07,0.82452,0.0018140628777914736,50000,1.0052178186168728
71,13,4.0,fit,1257,sim,clean,wiener,7.276659515772531e-05,7.394677319361024e-05,5.976310773876782e-07,0.72156,0.00225032668771278,50000,1.0162186788227048
71,25,26.0,fit,1245,sim,clean,wiener,4.504826127586535e-05,4.525933446220032e-05,4.7307831622558793e-07,0.82958,0.0017813343392952135,50000,1.0046854901911175
71,29,40.0,fit,1237,sim,clean,wiener,4.4303233112590984e-05,4.479723352355329e-05,4.728974356093695e-07,0.83132,0.0017806532494165789,50000,1.0111504370280802
71,21,10.0,fit,1246,sim,clean,wiener,5.949161659933763e-05,6.121509560812801e-05,5.458103637470755e-07,0.7695,0.0020552003977756792,50000,1.0289701155777564
71,27,30.0,fit,1245,sim,clean,wiener,4.4830795349856236e-05,4.5068120280691185e-05,4.723035272131858e-07,0.8303,0.0017784169401539635,50000,1.0052937925589516
71,19,8.0,fit,1256,sim,clean,wiener,6.551822299162364e-05,6.765795122397695e-05,5.67857653216285e-07,0.74524,0.0021382175060913285,50000,1.0326585205558287
71,15,5.0,fit,1257,sim,clean,wiener,7.843963342340341e-05,7.937513134645249e-05,6.185299826971879e-07,0.70112,0.0023290196575756314,50000,1.0119263423631704
83,1,0.6,fit,1236,sim,clean,wiener,0.00014757548314132363,0.00021704403052797696,9.38018915862956e-07,0.18274,0.003532026830285683,50000,1.4707323053120398
71,17,6.0,fit,1257,sim,clean,wiener,6.929229284987159e-05,7.04305568558592e-05,5.807672970662847e-07,0.7348,0.002186827622237743,50000,1.0164269929478849
83,3,1.0,fit,1236,sim,clean,wiener,0.00013180426469587173,0.0001468312453788365,8.4542822169725e-07,0.44712,0.0031833848034591907,50000,1.1140098214396807
83,5,1.4,fit,1236,sim,clean,wiener,0.00011732532065729173,0.00012101201937006335,7.356335538978453e-07,0.54434,0.0027699627434860873,50000,1.0314228735290696
71,13,4.0,fit,1258,sim,clean,wiener,7.276659515772531e-05,7.316598195244799e-05,5.946853049149698e-07,0.7245,0.0022392346433695687,50000,1.005488600831975
71,23,20.0,fit,1246,sim,clean,wiener,4.6361240693016725e-05,4.760170818568703e-05,4.864645082359142e-07,0.82076,0.001831738855170388,50000,1.0267565637616154
71,25,26.0,fit,1246,sim,clean,wiener,4.504826127586535e-05,4.626852042016513e-05,4.80222733290162e-07,0.82578,0.0018082360065559547,50000,1.0270878189244017
71,19,8.0,fit,1257,sim,clean,wiener,6.551822299162364e-05,6.685060245760514e-05,5.670959278943887e-07,0.74828,0.0021353492971152117,50000,1.020336013480583
71,21,10.0,fit,1247,sim,clean,wiener,5.949161659933763e-05,5.966413613588735e-05,5.387530190574087e-07,0.77534,0.0020286265938012195,50000,1.0028998965973912
71,27,30.0,fit,1246,sim,clean,wiener,4.4830795349856236e-05,4.600294516806913e-05,4.787440062236673e-07,0.82678,0.0018026679912577516,50000,1.0261460857222255
71,29,40.0,fit,1238,sim,clean,wiener,4.4303233112590984e-05,4.54664831588352e-05,4.778875001695547e-07,0.8288,0.0017994428938612405,50000,1.0262565497937355
71,15,5.0,fit,1258,sim,clean,wiener,7.843963342340341e-05,7.925296673048832e-05,6.158082933333518e-07,0.70158,0.002318771378256095,50000,1.0103689075482376
83,1,0.6,fit,1237,sim,clean,wiener,0.00014757548314132363,0.00021635353487252734,1.0007699165179695e-06,0.18534,0.0037683101441854674,50000,1.4660533732784011
71,17,6.0,fit,1258,sim,clean,wiener,6.929229284987159e-05,7.019685063401471e-05,5.83070115898955e-07,0.73568,0.00219549868181312,50000,1.0130542336952673
71,13,4.0,fit,1259,sim,clean,wiener,7.276659515772531e-05,7.460008831376641e-05,6.000796386227054e-07,0.7191,0.002259546527346565,50000,1.0251969073455602
71,23,20.0,fit,1247,sim,clean,wiener,4.6361240693016725e-05,4.707586918653695e-05,4.856817220164579e-07,0.82274,0.0018287913432569914,50000,1.0154143522226287
83,3,1.0,fit,1237,sim,clean,wiener,0.00013180426469587173,0.00014634258691497982,8.575915326049563e-07,0.44896,0.0032291846692663762,50000,1.1103023658047344
83,5,1.4,fit,1237,sim,clean,wiener,0.00011732532065729173,0.00012130946365241087,7.385769043455973e-07,0.54322,0.0027810456679096623,50000,1.0339580831554414
71,19,8.0,fit,1258,sim,clean,wiener,6.551822299162364e-05,6.584141649964033e-05,5.659955833406238e-07,0.75208,0.002131206047527456,50000,1.0049328796365251
71,25,26.0,fit,1247,sim,clean,wiener,4.504826127586535e-05,4.572143540084735e-05,4.776166850770344e-07,0.82784,0.0017984231637079868,50000,1.0149433986110947
71,21,10.0,fit,1248,sim,clean,wiener,5.949161659933763e-05,6.0051876003947514e-05,5.404029525850218e-07,0.77388,0.002034839271807138,50000,1.0094174513424825
71,15,5.0,fit,1259,sim,clean,wiener,7.843963342340341e-05,8.04108748296269e-05,6.149867935675428e-07,0.69722,0.0023156780939258517,50000,1.025130681011512
71,27,30.0,fit,1247,sim,clean,wiener,4.4830795349856236e-05,4.5339007037829115e-05,4.775337238650378e-07,0.82928,0.0017981107806401297,50000,1.011336218418764
71,29,40.0,fit,1239,sim,clean,wiener,4.4303233112590984e-05,4.483441405884671e-05,4.7404428202461673e-07,0.83118,0.0017849715976293585,50000,1.0119896655150606
71,17,6.0,fit,1259,sim,clean,wiener,6.929229284987159e-05,7.068550909787134e-05,5.834599910923521e-07,0.73384,0.0021969667221908287,50000,1.0201063666780126
83,1,0.6,fit,1238,sim,clean,wiener,0.00014757548314132363,0.0002169802924674739,9.492309152084416e-07,0.18298,0.0035742446169845458,50000,1.4703004038935499
71,13,4.0,fit,1260,sim,clean,wiener,7.276659515772531e-05,7.415923339528704e-05,5.998950386473918e-07,0.72076,0.0022588514325519384,50000,1.0191384279358284
71,23,20.0,fit,1248,sim,clean,wiener,4.6361240693016725e-05,4.666688329830911e-05,4.837146354507927e-07,0.82428,0.0018213844536837333,50000,1.00659263213675
83,3,1.0,fit,1238,sim,clean,wiener,0.00013180426469587173,0.00014636383293514753,8.551557504530915e-07,0.44888,0.0032200129481340764,50000,1.110463559527993
71,19,8.0,fit,1259,sim,clean,wiener,6.551822299162364e-05,6.704181663911424e-05,5.710908231101256e-07,0.74756,0.00215039171987188,50000,1.023254501998404
83,5,1.4,fit,1238,sim,clean,wiener,0.00011732532065729173,0.00012140507074316543,7.399213064824512e-07,0.54286,0.0027861078946278656,50000,1.034772971963918
71,25,26.0,fit,1248,sim,clean,wiener,4.504826127586535e-05,4.524871145211647e-05,4.759892076005592e-07,0.82962,0.001792295041966105,50000,1.0044496762044512
71,15,5.0,fit,1260,sim,clean,wiener,7.843963342340341e-05,8.036838278929152e-05,6.149227359594683e-07,0.69738,0.002315436890697882,50000,1.024588964554144
71,27,30.0,fit,1248,sim,clean,wiener,4.4830795349856236e-05,4.514248135127809e-05,4.7542716939641705e-07,0.83002,0.0017901787370781066,50000,1.0069524976969397
71,21,10.0,fit,1249,sim,clean,wiener,5.949161659933763e-05,5.9775677741767665e-05,5.387159156025538e-07,0.77492,0.002028486884040758,50000,1.004774809606253
71,17,6.0,fit,1260,sim,clean,wiener,6.929229284987159e-05,7.058459050207488e-05,5.81240142751874e-07,0.73422,0.002188608080627059,50000,1.0186499479098372
71,29,40.0,fit,1240,sim,clean,wiener,4.4303233112590984e-05,4.502031673531392e-05,4.743405046036103e-07,0.83048,0.0017860869974139985,50000,1.0161858079499653
71,13,4.0,fit,1261,sim,clean,wiener,7.276659515772531e-05,7.40476917894067e-05,6.00921094990599e-07,0.72118,0.0022627149564876563,50000,1.0176055596514382
83,1,0.6,fit,1239,sim,clean,wiener,0.00014757548314132363,0.00021634291186244353,9.6758566735141e-07,0.18538,0.003643357804294384,50000,1.465981389708653
71,19,8.0,fit,1260,sim,clean,wiener,6.551822299162364e-05,6.669656881138944e-05,5.64618044069421e-07,0.74886,0.0021260190458760185,50000,1.0179850088412266
71,23,20.0,fit,1249,sim,clean,wiener,4.6361240693016725e-05,4.619947085462016e-05,4.798764763088686e-07,0.82604,0.0018069322066779142,50000,0.9965106663243175
83,3,1.0,fit,1239,sim,clean,wiener,0.00013180426469587173,0.00014623104530909952,8.33186469124182e-07,0.44938,0.0031372895725351783,50000,1.1094560987576272
83,5,1.4,fit,1239,sim,clean,wiener,0.00011732532065729173,0.00012059772197679359,7.323275352567844e-07,0.5459,0.0027575142242247143,50000,1.0278916886923375
71,15,5.0,fit,1261,sim,clean,wiener,7.843963342340341e-05,8.012405355736318e-05,6.155344791978281e-07,0.6983,0.002317740355473051,50000,1.0214740949242784
71,25,26.0,fit,1249,sim,clean,wiener,4.504826127586535e-05,4.512123533111041e-05,4.740663174914505e-07,0.8301,0.0017850545702205916,50000,1.001619908364458
71,21,10.0,fit,1250,sim,clean,wiener,5.949161659933763e-05,6.0189975135037424e-05,5.420517344938624e-07,0.77336,0.002041047613494957,50000,1.011738772210597
71,27,30.0,fit,1249,sim,clean,wiener,4.4830795349856236e-05,4.490346362439168e-05,4.725687394922059e-07,0.83092,0.0017794155734111175,50000,1.0016209454676934
71,17,6.0,fit,1261,sim,clean,wiener,6.929229284987159e-05,7.063239404745215e-05,5.796230491475634e-07,0.73404,0.002182519058432604,50000,1.019339830484236
71,29,40.0,fit,1241,sim,clean,wiener,4.4303233112590984e-05,4.44572972008704e-05,4.702569736036401e-07,0.8326,0.0017707108244922306,50000,1.003477490861398
71,13,4.0,fit,1262,sim,clean,wiener,7.276659515772531e-05,7.520559988854527e-05,6.000985602762945e-07,0.71682,0.002259617775150868,50000,1.0335181923179626
83,1,0.6,fit,1240,sim,clean,wiener,0.00014757548314132363,0.00021641196142798848,1.0077784599250337e-06,0.18512,0.003794700191269112,50000,1.4664492829120168
71,19,8.0,fit,1261,sim,clean,wiener,6.551822299162364e-05,6.606449971140096e-05,5.648967807574263e-07,0.75124,0.002127068604092778,50000,1.0083377829073166
71,23,20.0,fit,1250,sim,clean,wiener,4.6361240693016725e-05,4.7118361226872326e-05,4.845058131536689e-07,0.82258,0.0018243635629818778,50000,1.0163308945692138
83,3,1.0,fit,1240,sim,clean,wiener,0.00013180426469587173,0.00014655504711665664,8.687424624175082e-07,0.44816,0.003271172504068548,50000,1.1119143030373198
71,15,5.0,fit,1262,sim,clean,wiener,7.843963342340341e-05,8.121291209095679e-05,6.165113909628214e-07,0.6942,0.0023214188298688507,50000,1.03535557914433
83,5,1.4,fit,1240,sim,clean,wiener,0.00011732532065729173,0.00012081549368351231,7.558962569212704e-07,0.54508,0.002846260150204167,50000,1.0297478243116456
71,25,26.0,fit,1250,sim,clean,wiener,4.504826127586535e-05,4.594983011764991e-05,4.789917295218182e-07,0.82698,0.0018036007713123532,50000,1.020013399324417
71,17,6.0,fit,1262,sim,clean,wiener,6.929229284987159e-05,7.123259411718912e-05,5.829491498945739e-07,0.73178,0.0021950431950784697,50000,1.0280016894739128
71,21,10.0,fit,1251,sim,clean,wiener,5.949161659933763e-05,5.9945645903109124e-05,5.397981898774899e-07,0.77428,0.0020325620916001766,50000,1.0076318199054712
71,27,30.0,fit,1250,sim,clean,wiener,4.4830795349856236e-05,4.540274509833216e-05,4.7601253292151527e-07,0.82904,0.001792382871388357,50000,1.0127579656798964
71,13,4.0,fit,1263,sim,clean,wiener,7.276659515772531e-05,7.391490416335872e-05,5.967702796827085e-07,0.72168,0.0022470854304865286,50000,1.0157807164557362
71,29,40.0,fit,1242,sim,clean,wiener,4.4303233112590984e-05,4.477067599834367e-05,4.7373786999361825e-07,0.83142,0.001783817830369118,50000,1.0105509881088077
83,1,0.6,fit,1241,sim,clean,wiener,0.00014757548314132363,0.0002153231028943949,1.0148028545332447e-06,0.18922,0.0038211499246413754,50000,1.4590709670128181
71,19,8.0,fit,1262,sim,clean,wiener,6.551822299162364e-05,6.696745556852737e-05,5.670814358317633e-07,0.74784,0.002135294728541856,50000,1.0221195342414737
71,23,20.0,fit,1251,sim,clean,wiener,4.6361240693016725e-05,4.680498242939902e-05,4.829440283666644e-07,0.82376,0.0018184828012215912,50000,1.0095713947631504
71,15,5.0,fit,1263,sim,clean,wiener,7.843963342340341e-05,7.926358974057215e-05,6.155059123406807e-07,0.70154,0.0023176327895122846,50000,1.0105043366625794
83,3,1.0,fit,1241,sim,clean,wiener,0.00013180426469587173,0.00014598140457212927,8.585566539635784e-07,0.45032,0.0032328187479352477,50000,1.1075620725093396
71,25,26.0,fit,1251,sim,clean,wiener,4.504826127586535e-05,4.574268142101502e-05,4.769418018409022e-07,0.82776,0.001795881950884857,50000,1.0154150265844268
83,5,1.4,fit,1241,sim,clean,wiener,0.00011732532065729173,0.00012083673970367999,7.404302432245196e-07,0.545,0.0027880242506815706,50000,1.0299289107135292
71,17,6.0,fit,1263,sim,clean,wiener,6.929229284987159e-05,7.011717805838593e-05,5.792584028711424e-07,0.73598,0.002181146015298716,50000,1.0119044294046025
71,21,10.0,fit,1252,sim,clean,wiener,5.949161659933763e-05,6.0290893730833915e-05,5.440527585285759e-07,0.77298,0.002048582291590604,50000,1.0134351220757578
71,27,30.0,fit,1251,sim,clean,wiener,4.4830795349856236e-05,4.555146723950592e-05,4.7593024009226134e-07,0.82848,0.0017920730050562932,50000,1.0160753759558716
71,13,4.0,fit,1264,sim,clean,wiener,7.276659515772531e-05,7.367057493143039e-05,5.93512066927708e-07,0.7226,0.0022348169200387905,50000,1.0124230049756437
71,29,40.0,fit,1243,sim,clean,wiener,4.4303233112590984e-05,4.491408663447553e-05,4.725178698954195e-07,0.83088,0.001779224028467133,50000,1.0137880122728773
71,19,8.0,fit,1263,sim,clean,wiener,6.551822299162364e-05,6.628758292316162e-05,5.656841083167743e-07,0.7504,0.0021300332160177756,50000,1.0117426861781087
83,1,0.6,fit,1242,sim,clean,wiener,0.00014757548314132363,0.0002170280960128512,9.62840319054698e-07,0.1828,0.0036254896171825945,50000,1.4706243299574173
71,15,5.0,fit,1264,sim,clean,wiener,7.843963342340341e-05,7.971506766913536e-05,6.135950309188677e-07,0.69984,0.0023104375354111146,50000,1.016260074022113
71,23,20.0,fit,1252,sim,clean,wiener,4.6361240693016725e-05,4.70599346714112e-05,4.853891146650263e-07,0.8228,0.001827689556290313,50000,1.0150706488426597
83,3,1.0,fit,1242,sim,clean,wiener,0.00013180426469587173,0.0001465709816317824,8.425625741414915e-07,0.4481,0.0031725944623670075,50000,1.1120351983297636
71,25,26.0,fit,1252,sim,clean,wiener,4.504826127586535e-05,4.569487787563776e-05,4.77684398715113e-07,0.82794,0.0017986781333918867,50000,1.0143538636444296
71,17,6.0,fit,1264,sim,clean,wiener,6.929229284987159e-05,6.957540454411008e-05,5.800482013855058e-07,0.73802,0.002184119931385136,50000,1.0040857602280802
71,21,10.0,fit,1253,sim,clean,wiener,5.949161659933763e-05,5.981816978210304e-05,5.410652139262981e-07,0.77476,0.0020373329580073755,50000,1.0054890621810577
83,5,1.4,fit,1242,sim,clean,wiener,0.00011732532065729173,0.00012220710800449537,7.398918677729944e-07,0.53984,0.002785997045784743,50000,1.0416089836350277
71,13,4.0,fit,1265,sim,clean,wiener,7.276659515772531e-05,7.392021566840064e-05,5.974916422465135e-07,0.72166,0.0022498016570856256,50000,1.0158537101835643
71,27,30.0,fit,1252,sim,clean,wiener,4.4830795349856236e-05,4.5556778744547846e-05,4.770786661000159e-07,0.82846,0.0017963973010842206,50000,1.0161938548942995
71,19,8.0,fit,1264,sim,clean,wiener,6.551822299162364e-05,6.511905181393919e-05,5.622591519772714e-07,0.7548,0.0021171368474274337,50000,0.9939074785691993
71,29,40.0,fit,1244,sim,clean,wiener,4.4303233112590984e-05,4.456352730170879e-05,4.711684370833245e-07,0.8322,0.0017741428591885767,50000,1.0058752865384857
83,1,0.6,fit,1243,sim,clean,wiener,0.00014757548314132363,0.00021520093827843073,1.031822305147991e-06,0.18968,0.003885235152765697,50000,1.4582431559607127
71,15,5.0,fit,1265,sim,clean,wiener,7.843963342340341e-05,7.92210977002368e-05,6.125617016713188e-07,0.7017,0.0023065466260007174,50000,1.0099626202052117
71,23,20.0,fit,1253,sim,clean,wiener,4.6361240693016725e-05,4.6921835540321264e-05,4.848123590336693e-07,0.82332,0.0018255178342386344,50000,1.0120918862162587
83,3,1.0,fit,1243,sim,clean,wiener,0.00013180426469587173,0.00014634789842002174,8.485542710028028e-07,0.44894,0.0031951556641884233,50000,1.110342664235549
71,17,6.0,fit,1265,sim,clean,wiener,6.929229284987159e-05,6.994189839200257e-05,5.815781204911687e-07,0.73664,0.002189880705755445,50000,1.0093748599651393
71,25,26.0,fit,1253,sim,clean,wiener,4.504826127586535e-05,4.547179466387713e-05,4.7766730646911e-07,0.82878,0.0017986137740592,50000,1.0094017699244406
71,21,10.0,fit,1254,sim,clean,wiener,5.949161659933763e-05,5.964289011571968e-05,5.418905005028797e-07,0.77542,0.002040440501236905,50000,1.002542770309989
71,13,4.0,fit,1266,sim,clean,wiener,7.276659515772531e-05,7.452572724317952e-05,5.957696561770222e-07,0.71938,0.0022433176716393126,50000,1.0241749951559669
71,27,30.0,fit,1253,sim,clean,wiener,4.4830795349856236e-05,4.524871145211647e-05,4.752327658170586e-07,0.82962,0.001789446727684068,50000,1.009322076465493
83,5,1.4,fit,1243,sim,clean,wiener,0.00011732532065729173,0.0001212882176322432,7.393658818019338e-07,0.5433,0.002784016492375081,50000,1.0337769967535577
71,19,8.0,fit,1265,sim,clean,wiener,6.551822299162364e-05,6.587859703493375e-05,5.669784610616656e-07,0.75194,0.002134906986200335,50000,1.00550036351499
71,29,40.0,fit,1245,sim,clean,wiener,4.4303233112590984e-05,4.4611330847086086e-05,4.7034309498131844e-07,0.83202,0.001771035106882998,50000,1.006954294593176
71,15,5.0,fit,1266,sim,clean,wiener,7.843963342340341e-05,8.002313496156672e-05,6.136090781262157e-07,0.69868,0.0023104904289214744,50000,1.02018751833803
83,1,0.6,fit,1244,sim,clean,wiener,0.00014757548314132363,0.00021626855079185666,1.044730550607175e-06,0.18566,0.003933840003395823,50000,1.4654775047204152
71,23,20.0,fit,1254,sim,clean,wiener,4.6361240693016725e-05,4.673593286385409e-05,4.825521260472703e-07,0.82402,0.0018170071278811688,50000,1.0080820134499506
71,17,6.0,fit,1266,sim,clean,wiener,6.929229284987159e-05,7.06164595323264e-05,5.811418513762658e-07,0.7341,0.0021882379731910976,50000,1.0191098696261034
83,3,1.0,fit,1244,sim,clean,wiener,0.00013180426469587173,0.00014674094979312384,8.68958673215357e-07,0.44746,0.003271986626604976,50000,1.113324748115832
71,25,26.0,fit,1254,sim,clean,wiener,4.504826127586535e-05,4.5243399947074543e-05,4.761566905672561e-07,0.82964,0.0017929256841866248,50000,1.004331769211118
71,13,4.0,fit,1267,sim,clean,wiener,7.276659515772531e-05,7.46053998188083e-05,5.97340218064668e-07,0.71908,0.002249231482791709,50000,1.0252699010733881
71,21,10.0,fit,1255,sim,clean,wiener,5.949161659933763e-05,5.998813794344447e-05,5.419536080856641e-07,0.77412,0.0020406781272291103,50000,1.0083460724802755
71,27,30.0,fit,1254,sim,clean,wiener,4.4830795349856236e-05,4.5099989310942714e-05,4.7551364551227286e-07,0.83018,0.0017905043552039423,50000,1.006004666189518
71,19,8.0,fit,1266,sim,clean,wiener,6.551822299162364e-05,6.698870158869505e-05,5.659788943847328e-07,0.74776,0.00213114320674783,50000,1.022443810743454
83,5,1.4,fit,1244,sim,clean,wiener,0.00011732532065729173,0.00012182999114651904,7.394907121166203e-07,0.54126,0.002784486529826618,50000,1.038394700001592
71,15,5.0,fit,1267,sim,clean,wiener,7.843963342340341e-05,8.00443809817344e-05,6.122868569869486e-07,0.6986,0.002305511722777616,50000,1.020458376566714
71,29,40.0,fit,1246,sim,clean,wiener,4.4303233112590984e-05,4.54930406840448e-05,4.769547899674607e-07,0.8287,0.0017959308565206646,50000,1.0268559987130077
83,1,0.6,fit,1245,sim,clean,wiener,0.00014757548314132363,0.00021581707286329345,1.0142348520607661e-06,0.18736,0.003819011161831228,50000,1.4624182030061132
71,23,20.0,fit,1255,sim,clean,wiener,4.6361240693016725e-05,4.718741079241727e-05,4.850631128018883e-07,0.82232,0.0018264620252588441,50000,1.0178202758824137
71,17,6.0,fit,1267,sim,clean,wiener,6.929229284987159e-05,7.039337632056575e-05,5.794380183927978e-07,0.73494,0.0021818223415762507,50000,1.015890417612241
71,13,4.0,fit,1268,sim,clean,wiener,7.276659515772531e-05,7.47063184146048e-05,5.978420679417688e-07,0.7187,0.0022511211538854574,50000,1.026656781902122
71,25,26.0,fit,1255,sim,clean,wiener,4.504826127586535e-05,4.601356817815295e-05,4.798183439096438e-07,0.82674,0.0018067133142970692,50000,1.021428283244414
83,3,1.0,fit,1245,sim,clean,wiener,0.00013180426469587173,0.0001464116364805248,8.620848036971691e-07,0.4487,0.003246103682076307,50000,1.1108262454053248
71,21,10.0,fit,1256,sim,clean,wiener,5.949161659933763e-05,6.090171681065471e-05,5.441476786887468e-07,0.77068,0.0020489397050145646,50000,1.0237025028385727
71,27,30.0,fit,1255,sim,clean,wiener,4.4830795349856236e-05,4.558864777479937e-05,4.784809134082217e-07,0.82834,0.0018016773386522501,50000,1.0169047285248658
71,19,8.0,fit,1267,sim,clean,wiener,6.551822299162364e-05,6.666469978113793e-05,5.658250439532447e-07,0.74898,0.0021305638966265974,50000,1.0174985940882564
71,15,5.0,fit,1268,sim,clean,wiener,7.843963342340341e-05,8.063395804138751e-05,6.162756764274869e-07,0.69638,0.0023205312677429596,50000,1.027974692412693
83,5,1.4,fit,1245,sim,clean,wiener,0.00011732532065729173,0.00012155910438938112,7.409940132405001e-07,0.54228,0.0027901470765530744,50000,1.036085848377575
71,29,40.0,fit,1247,sim,clean,wiener,4.4303233112590984e-05,4.457415031179263e-05,4.7178689562632944e-07,0.83216,0.0017764716098463429,50000,1.0061150661061946
83,1,0.6,fit,1246,sim,clean,wiener,0.00014757548314132363,0.00021558336664144896,9.805795957694e-07,0.18824,0.003692285286487992,50000,1.460834564471651
71,23,20.0,fit,1256,sim,clean,wiener,4.6361240693016725e-05,4.7532658620142086e-05,4.88547513053314e-07,0.82102,0.0018395822246144913,50000,1.0252671824484156
71,17,6.0,fit,1268,sim,clean,wiener,6.929229284987159e-05,7.150879237936897e-05,5.824325105670464e-07,0.73074,0.00219309783562404,50000,1.0319876776815515
71,13,4.0,fit,1269,sim,clean,wiener,7.276659515772531e-05,7.411142984990974e-05,5.95149432528305e-07,0.72094,0.002240982274632919,50000,1.0184814843853753
71,25,26.0,fit,1256,sim,clean,wiener,4.504826127586535e-05,4.618884784453631e-05,4.825907359326812e-07,0.82608,0.0018171525099719556,50000,1.0253192140244052
83,3,1.0,fit,1246,sim,clean,wiener,0.00013180426469587173,0.0001464116364805248,8.697621125673714e-07,0.4487,0.003275011906052791,50000,1.1108262454053248
71,21,10.0,fit,1257,sim,clean,wiener,5.949161659933763e-05,6.0508665437552646e-05,5.406315987120199e-07,0.77216,0.0020357002184698773,50000,1.017095666521631
71,27,30.0,fit,1256,sim,clean,wiener,4.4830795349856236e-05,4.5859534531937263e-05,4.800526933828944e-07,0.82732,0.0018075957364030485,50000,1.0229471543846773
71,19,8.0,fit,1268,sim,clean,wiener,6.551822299162364e-05,6.782791938531839e-05,5.718249296388295e-07,0.7446,0.0021531559327377632,50000,1.03525273257167
71,15,5.0,fit,1269,sim,clean,wiener,7.843963342340341e-05,8.033651375904e-05,6.138922460737336e-07,0.6975,0.002311556672651954,50000,1.024182677211118
83,5,1.4,fit,1246,sim,clean,wiener,0.00011732532065729173,0.00012194153275239936,7.393610476641362e-07,0.54084,0.0027839982898589977,50000,1.0393454036114815
83,1,0.6,fit,1247,sim,clean,wiener,0.00014757548314132363,0.00021420768683559166,9.890116612461497e-07,0.19342,0.003724035479362521,50000,1.451512692189248
71,29,40.0,fit,1248,sim,clean,wiener,4.4303233112590984e-05,4.431388656473856e-05,4.7354282482021744e-07,0.83314,0.0017830834051097556,50000,1.0002404666973288
71,17,6.0,fit,1269,sim,clean,wiener,6.929229284987159e-05,7.102013391551231e-05,5.855507379749884e-07,0.73258,0.0022048392436932484,50000,1.024935544698806
71,23,20.0,fit,1257,sim,clean,wiener,4.6361240693016725e-05,4.7622954205854724e-05,4.867278307965725e-07,0.82068,0.0018327303728610618,50000,1.0272148349349082
71,13,4.0,fit,1270,sim,clean,wiener,7.276659515772531e-05,7.42867095162931e-05,5.988887371333274e-07,0.72028,0.0022550622936689953,50000,1.0208902774037025
71,25,26.0,fit,1257,sim,clean,wiener,4.504826127586535e-05,4.6470357611758085e-05,4.809894637994471e-07,0.82502,0.0018111230621201833,50000,1.0315682846710583
83,3,1.0,fit,1247,sim,clean,wiener,0.00013180426469587173,0.0001465444241065728,8.543706933661949e-07,0.4482,0.0032170568854712317,50000,1.1118337061756907
71,21,10.0,fit,1258,sim,clean,wiener,5.949161659933763e-05,5.941980690395905e-05,5.37257098918452e-07,0.77626,0.0020229938395172624,50000,0.9987929442922655
71,19,8.0,fit,1269,sim,clean,wiener,6.551822299162364e-05,6.725427684079104e-05,5.694758024844804e-07,0.74676,0.002144310503294285,50000,1.0264972670182058
71,27,30.0,fit,1257,sim,clean,wiener,4.4830795349856236e-05,4.610386376386559e-05,4.790445857215061e-07,0.8264,0.0018037997966329385,50000,1.0283971855523513
71,15,5.0,fit,1270,sim,clean,wiener,7.843963342340341e-05,7.989565884056063e-05,6.165975423224779e-07,0.69916,0.0023217432251540914,50000,1.0185623689659264
83,5,1.4,fit,1247,sim,clean,wiener,0.00011732532065729173,0.00012109700345073409,7.401854128835928e-07,0.54402,0.0027871023638001897,50000,1.0321472191366046
71,17,6.0,fit,1270,sim,clean,wiener,6.929229284987159e-05,7.038806481552386e-05,5.817547580492482e-07,0.73496,0.0021905458187758994,50000,1.0158137639928637
83,1,0.6,fit,1248,sim,clean,wiener,0.00014757548314132363,0.00021505752764229886,1.0003070221034473e-06,0.19022,0.003766567156422606,50000,1.4572713777691106
71,29,40.0,fit,1249,sim,clean,wiener,4.4303233112590984e-05,4.4297952049612784e-05,4.701506462612736e-07,0.8332,0.001770310458337902,50000,0.9998807973457653
71,23,20.0,fit,1258,sim,clean,wiener,4.6361240693016725e-05,4.607199473361407e-05,4.795759701903102e-07,0.82652,0.0018058006776058837,50000,0.9937610392845629
71,13,4.0,fit,1271,sim,clean,wiener,7.276659515772531e-05,7.372900148689151e-05,5.94683750475354e-07,0.72238,0.002239228790265397,50000,1.0132259359817528
71,25,26.0,fit,1258,sim,clean,wiener,4.504826127586535e-05,4.5004382220188176e-05,4.739759917555985e-07,0.83054,0.0017847144566929224,50000,0.9990259545111304
71,19,8.0,fit,1270,sim,clean,wiener,6.551822299162364e-05,6.694620954835967e-05,5.687800167916741e-07,0.74792,0.002141690584128945,50000,1.0217952577394933
71,21,10.0,fit,1259,sim,clean,wiener,5.949161659933763e-05,6.021122115520513e-05,5.452283857103831e-07,0.77328,0.002053009011221024,50000,1.0120958984979995
71,27,30.0,fit,1258,sim,clean,wiener,4.4830795349856236e-05,4.4653822887421426e-05,4.732931722440932e-07,0.83186,0.0017821433605304739,50000,0.9960524353615917
83,3,1.0,fit,1248,sim,clean,wiener,0.00013180426469587173,0.00014640101347044096,8.59856108816372e-07,0.44874,0.003237711729651495,50000,1.1107456485436955
71,15,5.0,fit,1271,sim,clean,wiener,7.843963342340341e-05,7.928483576073984e-05,6.115418111349078e-07,0.70146,0.0023027063188623014,50000,1.0107751948912633
71,17,6.0,fit,1271,sim,clean,wiener,6.929229284987159e-05,7.026058869451776e-05,5.762457343681248e-07,0.73544,0.0021698020799009684,50000,1.0139740771277994
83,5,1.4,fit,1248,sim,clean,wiener,0.00011732532065729173,0.00012127228311711745,7.492983054477349e-07,0.54336,0.0028214161505413123,50000,1.0336411819521452
71,23,20.0,fit,1259,sim,clean,wiener,4.6361240693016725e-05,4.678904791427328e-05,4.830027182857892e-07,0.82382,0.001818703792894052,50000,1.0092276913831815
71,29,40.0,fit,1250,sim,clean,wiener,4.4303233112590984e-05,4.477598750338559e-05,4.7184646580874835e-07,0.8314,0.0017766959160719748,50000,1.0106708778926623
83,1,0.6,fit,1249,sim,clean,wiener,0.00014757548314132363,0.00021622605875152128,1.0383673363513835e-06,0.18582,0.003909879885856364,50000,1.465189570441422
71,13,4.0,fit,1272,sim,clean,wiener,7.276659515772531e-05,7.41751679104128e-05,5.952214834108633e-07,0.7207,0.002241253575825292,50000,1.0193574091193127
71,25,26.0,fit,1259,sim,clean,wiener,4.504826127586535e-05,4.5323072522703364e-05,4.764655822436746e-07,0.82934,0.0017940887883312337,50000,1.0061003741111145
71,19,8.0,fit,1271,sim,clean,wiener,6.551822299162364e-05,6.609105723661055e-05,5.672707133962624e-07,0.75114,0.0021360074363826853,50000,1.0087431285347919
71,21,10.0,fit,1260,sim,clean,wiener,5.949161659933763e-05,6.0200598145121276e-05,5.409126819755534e-07,0.77332,0.002036758612508159,50000,1.0119173353542983
71,27,30.0,fit,1259,sim,clean,wiener,4.4830795349856236e-05,4.521153091682302e-05,4.7462332182891473e-07,0.82976,0.0017871519205311652,50000,1.0084927238964991
71,15,5.0,fit,1272,sim,clean,wiener,7.843963342340341e-05,7.956103402291966e-05,6.103339797299738e-07,0.70042,0.0022981583370929102,50000,1.0142963518641543
83,3,1.0,fit,1249,sim,clean,wiener,0.00013180426469587173,0.00014550336911835646,8.592678047750314e-07,0.45212,0.0032354965230887694,50000,1.1039352137360225
71,17,6.0,fit,1272,sim,clean,wiener,6.929229284987159e-05,7.085547725921281e-05,5.827015122965512e-07,0.7332,0.0021941107377200816,50000,1.0225592824980985
71,23,20.0,fit,1260,sim,clean,wiener,4.6361240693016725e-05,4.6762490389063684e-05,4.840417443366038e-07,0.82392,0.0018226161531106544,50000,1.0086548524165662
83,5,1.4,fit,1249,sim,clean,wiener,0.00011732532065729173,0.00012059241047175168,7.445245489892781e-07,0.54592,0.002803440995022186,50000,1.0278464170918666
71,29,40.0,fit,1251,sim,clean,wiener,4.4303233112590984e-05,4.515841586640383e-05,4.7525766267495113e-07,0.82996,0.0017895404745889322,50000,1.0193029423301796
83,1,0.6,fit,1250,sim,clean,wiener,0.00014757548314132363,0.00021521156128851454,1.0040659585125233e-06,0.18964,0.0037807210972714213,50000,1.4583151395304608
71,13,4.0,fit,1273,sim,clean,wiener,7.276659515772531e-05,7.31394244272384e-05,5.930538543165522e-07,0.7246,0.0022330915611902553,50000,1.0051236321928347
71,25,26.0,fit,1260,sim,clean,wiener,4.504826127586535e-05,4.568956637059583e-05,4.789828154193991e-07,0.82796,0.001803567206052229,50000,1.0142359566510963
71,19,8.0,fit,1272,sim,clean,wiener,6.551822299162364e-05,6.696745556852737e-05,5.667901239361423e-07,0.74784,0.0021341978194988564,50000,1.0221195342414737
71,27,30.0,fit,1260,sim,clean,wiener,4.4830795349856236e-05,4.5455860148751356e-05,4.773698846656433e-07,0.82884,0.0017974938587014269,50000,1.013942755064173
71,15,5.0,fit,1273,sim,clean,wiener,7.843963342340341e-05,7.92210977002368e-05,6.164007158756518e-07,0.7017,0.002321002092668016,50000,1.0099626202052117
71,21,10.0,fit,1261,sim,clean,wiener,5.949161659933763e-05,5.983941580227071e-05,5.416428663750694e-07,0.77468,0.0020395080569452933,50000,1.0058461884684597
83,3,1.0,fit,1250,sim,clean,wiener,0.00013180426469587173,0.00014701714805530366,8.626972792144339e-07,0.44642,0.0032484099041825876,50000,1.1154202665181927
71,17,6.0,fit,1273,sim,clean,wiener,6.929229284987159e-05,6.957009303906815e-05,5.770612395433418e-07,0.73804,0.002172872792133305,50000,1.0040091066087022
71,13,4.0,fit,1274,sim,clean,wiener,7.276659515772531e-05,7.312880141715457e-05,5.967299671967653e-07,0.72464,0.0022469336374048125,50000,1.0049776447371788
71,23,20.0,fit,1261,sim,clean,wiener,4.6361240693016725e-05,4.6576587712596474e-05,4.814621342477927e-07,0.82462,0.0018129028606692394,50000,1.0046449796502575
83,5,1.4,fit,1250,sim,clean,wiener,0.00011732532065729173,0.00012106513442048256,7.377126565743795e-07,0.54414,0.0027777914197656926,50000,1.031875589533779
71,29,40.0,fit,1252,sim,clean,wiener,4.4303233112590984e-05,4.5115923826068484e-05,4.749625545004259e-07,0.83012,0.0017884292709952384,50000,1.0183438240593445
71,25,26.0,fit,1261,sim,clean,wiener,4.504826127586535e-05,4.527526897732607e-05,4.7534996162772605e-07,0.82952,0.0017898880180894899,50000,1.0050392111711166
83,1,0.6,fit,1251,sim,clean,wiener,0.00014757548314132363,0.0002162632392868147,9.985600523044042e-07,0.18568,0.003759989096963919,50000,1.4654415129355407
71,19,8.0,fit,1273,sim,clean,wiener,6.551822299162364e-05,6.571394037863424e-05,5.627026522878054e-07,0.75256,0.002118806808416019,50000,1.002987220624644
71,15,5.0,fit,1274,sim,clean,wiener,7.843963342340341e-05,7.883335783217663e-05,6.17849002914942e-07,0.70316,0.0023264554887501426,50000,1.0050194575317297
71,27,30.0,fit,1261,sim,clean,wiener,4.4830795349856236e-05,4.49353326546432e-05,4.7307625685255705e-07,0.8308,0.0017813265849091606,50000,1.0023318190982597
71,21,10.0,fit,1262,sim,clean,wiener,5.949161659933763e-05,6.0960143366115826e-05,5.434269212687236e-07,0.77046,0.002046225757030576,50000,1.024684600128929
71,17,6.0,fit,1274,sim,clean,wiener,6.929229284987159e-05,6.942137089789439e-05,5.792682350111952e-07,0.7386,0.002181183037347929,50000,1.0018628052661276
83,3,1.0,fit,1251,sim,clean,wiener,0.00013180426469587173,0.0001467887533385011,8.482683115854813e-07,0.44728,0.003194078909426582,50000,1.1136874339931635
71,13,4.0,fit,1275,sim,clean,wiener,7.276659515772531e-05,7.450448122301184e-05,5.990477476944815e-07,0.71946,0.002255661033799708,50000,1.0238830202446545
71,23,20.0,fit,1262,sim,clean,wiener,4.6361240693016725e-05,4.767606925627392e-05,4.899856094483571e-07,0.82048,0.0018449972487317356,50000,1.0283605128681392
71,29,40.0,fit,1253,sim,clean,wiener,4.4303233112590984e-05,4.466444589750528e-05,4.713673480384777e-07,0.83182,0.001774891840705429,50000,1.0081531924317197
71,19,8.0,fit,1274,sim,clean,wiener,6.551822299162364e-05,6.564489081308927e-05,5.6356434343236e-07,0.75282,0.002122051429809593,50000,1.0019333219932083
83,5,1.4,fit,1251,sim,clean,wiener,0.00011732532065729173,0.00012193622124735744,7.431088805570955e-07,0.54086,0.0027981104214050674,50000,1.0393001320110105
71,25,26.0,fit,1262,sim,clean,wiener,4.504826127586535e-05,4.6380062026045446e-05,4.826434287843496e-07,0.82536,0.0018173509202200962,50000,1.0295638657843962
83,1,0.6,fit,1252,sim,clean,wiener,0.00014757548314132363,0.0002145104426229811,1.0378413737631874e-06,0.19228,0.003907899420492799,50000,1.4535642239270743
71,15,5.0,fit,1275,sim,clean,wiener,7.843963342340341e-05,8.032057924391424e-05,6.175726436099199e-07,0.69756,0.0023254148823576384,50000,1.0239795335396051
71,27,30.0,fit,1262,sim,clean,wiener,4.4830795349856236e-05,4.612510978403327e-05,4.822736656044846e-07,0.82632,0.0018159586098412236,50000,1.0288711013060619
71,21,10.0,fit,1263,sim,clean,wiener,5.949161659933763e-05,6.012623707453441e-05,5.410706702009253e-07,0.7736,0.0020373535031243777,50000,1.0106673933483905
71,17,6.0,fit,1275,sim,clean,wiener,6.929229284987159e-05,7.068019759282945e-05,5.824884161976284e-07,0.73386,0.0021933083433055382,50000,1.0200297130586353
71,13,4.0,fit,1276,sim,clean,wiener,7.276659515772531e-05,7.46532033641856e-05,5.980279834282996e-07,0.7189,0.002251821202120613,50000,1.0259268446238412
71,23,20.0,fit,1263,sim,clean,wiener,4.6361240693016725e-05,4.7107738216788474e-05,4.855132675870012e-07,0.82262,0.0018281570430798205,50000,1.0161017589825674
83,3,1.0,fit,1252,sim,clean,wiener,0.00013180426469587173,0.0001467037692578304,8.493865027285363e-07,0.4476,0.0031982893587596053,50000,1.1130426591001295
71,19,8.0,fit,1275,sim,clean,wiener,6.551822299162364e-05,6.662751924584448e-05,5.655852002343799e-07,0.74912,0.00212966078642724,50000,1.0169311102097909
71,29,40.0,fit,1254,sim,clean,wiener,4.4303233112590984e-05,4.441480516053505e-05,4.7156488315117537e-07,0.83276,0.0017756356416098378,50000,1.0025183725905629
71,15,5.0,fit,1276,sim,clean,wiener,7.843963342340341e-05,8.07667456674355e-05,6.135390826701272e-07,0.69588,0.0023102268672547297,50000,1.0296675563419675
71,25,26.0,fit,1263,sim,clean,wiener,4.504826127586535e-05,4.576923894622465e-05,4.794983395870665e-07,0.82766,0.0018055083664713521,50000,1.0160045615510929
83,5,1.4,fit,1252,sim,clean,wiener,0.00011732532065729173,0.00012156441589442304,7.396063856683051e-07,0.54226,0.002784922088301182,50000,1.0361311199780459
83,1,0.6,fit,1253,sim,clean,wiener,0.00014757548314132363,0.00021574802329774848,9.808274236983304e-07,0.18762,0.0036932184605204914,50000,1.4619503098027493
71,27,30.0,fit,1263,sim,clean,wiener,4.4830795349856236e-05,4.551428670421247e-05,4.778685008612046e-07,0.82862,0.001799371353654839,50000,1.0152460233868776
71,17,6.0,fit,1276,sim,clean,wiener,6.929229284987159e-05,7.133351271298558e-05,5.819205852869363e-07,0.7314,0.0021911702264960442,50000,1.0294581082420882
71,21,10.0,fit,1264,sim,clean,wiener,5.949161659933763e-05,5.9032067035898886e-05,5.382349214184546e-07,0.77772,0.002026675743204769,50000,0.9922753895471742
71,13,4.0,fit,1277,sim,clean,wiener,7.276659515772531e-05,7.496127065661694e-05,5.99092377789223e-07,0.71774,0.0022558290844534846,50000,1.0301604808378702
71,19,8.0,fit,1276,sim,clean,wiener,6.551822299162364e-05,6.783323089036031e-05,5.710662632487415e-07,0.74458,0.002150299241897407,50000,1.0353338016971652
71,15,5.0,fit,1277,sim,clean,wiener,7.843963342340341e-05,8.009218452711167e-05,6.146137161083844e-07,0.69842,0.0023142733039229657,50000,1.0210678075812527
71,23,20.0,fit,1264,sim,clean,wiener,4.6361240693016725e-05,4.634819299579392e-05,4.809672806870516e-07,0.82548,0.0018110395335827144,50000,0.9997185645373642
71,29,40.0,fit,1255,sim,clean,wiener,4.4303233112590984e-05,4.4930021149601274e-05,4.733877282433473e-07,0.83082,0.0017824994027388795,50000,1.0141476816244401
71,25,26.0,fit,1264,sim,clean,wiener,4.504826127586535e-05,4.500969372523007e-05,4.7288150334030463e-07,0.83052,0.0017805932578739215,50000,0.9991438615044629
83,3,1.0,fit,1253,sim,clean,wiener,0.00013180426469587173,0.0001459442240368358,8.621207006643395e-07,0.45046,0.0032462388489146593,50000,1.1072799834936369
83,5,1.4,fit,1253,sim,clean,wiener,0.00011732532065729173,0.00012099077334989567,7.472645255318865e-07,0.54442,0.0028137581330875128,50000,1.031241787127186
83,1,0.6,fit,1254,sim,clean,wiener,0.00014757548314132363,0.00021572146577253888,9.72810312281383e-07,0.18772,0.0036630307402654074,50000,1.4617703508783786
71,17,6.0,fit,1277,sim,clean,wiener,6.929229284987159e-05,7.04305568558592e-05,5.804895012472127e-07,0.7348,0.0021857816067793008,50000,1.0164269929478849
71,27,30.0,fit,1264,sim,clean,wiener,4.4830795349856236e-05,4.4855660079014413e-05,4.719336913737006e-07,0.8311,0.001777024356181751,50000,1.0005546350218446
71,21,10.0,fit,1265,sim,clean,wiener,5.949161659933763e-05,5.9366691853539825e-05,5.378192327390542e-07,0.77646,0.0020251105044405402,50000,0.9979001285737594
71,13,4.0,fit,1278,sim,clean,wiener,7.276659515772531e-05,7.436638209192193e-05,5.97488088035828e-07,0.71998,0.002249788274021287,50000,1.0219851833211242
71,19,8.0,fit,1277,sim,clean,wiener,6.551822299162364e-05,6.617072981223937e-05,5.644105771794584e-07,0.75084,0.002125237847747333,50000,1.0099591654172175
71,15,5.0,fit,1278,sim,clean,wiener,7.843963342340341e-05,7.961946057838078e-05,6.181532116872894e-07,0.7002,0.0023276009598358197,50000,1.0150412119930352
71,23,20.0,fit,1265,sim,clean,wiener,4.6361240693016725e-05,4.651816115713536e-05,4.826800161287774e-07,0.82484,0.0018174886866126308,50000,1.0033847339237034
71,25,26.0,fit,1265,sim,clean,wiener,4.504826127586535e-05,4.5131858341194235e-05,4.760691953179057e-07,0.83006,0.0017925962286042243,50000,1.0018557223511237
71,29,40.0,fit,1256,sim,clean,wiener,4.4303233112590984e-05,4.529651499749377e-05,4.754901010886425e-07,0.82944,0.00179041570077005,50000,1.0224200767103946
83,3,1.0,fit,1254,sim,clean,wiener,0.00013180426469587173,0.0001481166295989811,8.559706141638123e-07,0.44228,0.003223081244988884,50000,1.1237620416968215
83,5,1.4,fit,1254,sim,clean,wiener,0.00011732532065729173,0.00012164939997509376,7.414388836249379e-07,0.54194,0.0027918221964331334,50000,1.0368554655855806
83,1,0.6,fit,1255,sim,clean,wiener,0.00014757548314132363,0.00021760173855737855,9.760766885760652e-07,0.18064,0.003675329989796013,50000,1.4745114427238246
71,17,6.0,fit,1278,sim,clean,wiener,6.929229284987159e-05,7.060052501720063e-05,5.846768341084208e-07,0.73416,0.0022015486363807426,50000,1.01887990876797
71,27,30.0,fit,1265,sim,clean,wiener,4.4830795349856236e-05,4.487690609918208e-05,4.733366406813747e-07,0.83102,0.001782307037066365,50000,1.0010285507755552
71,21,10.0,fit,1266,sim,clean,wiener,5.949161659933763e-05,6.063614155855871e-05,5.422336294213349e-07,0.77168,0.002041732522672439,50000,1.0192384242460444
71,13,4.0,fit,1279,sim,clean,wiener,7.276659515772531e-05,7.44141856372992e-05,6.005098799126333e-07,0.7198,0.002261166562671891,50000,1.0226421268715769
71,19,8.0,fit,1278,sim,clean,wiener,6.551822299162364e-05,6.689309449794048e-05,5.653111676595076e-07,0.74812,0.0021286289411302497,50000,1.020984566484543
71,15,5.0,fit,1279,sim,clean,wiener,7.843963342340341e-05,7.99912659313152e-05,6.177684469589073e-07,0.6988,0.0023261521624597637,50000,1.0197812309950043
71,23,20.0,fit,1266,sim,clean,wiener,4.6361240693016725e-05,4.714491875208192e-05,4.858478553077716e-07,0.82248,0.0018294169033948521,50000,1.0169037335358293
71,25,26.0,fit,1266,sim,clean,wiener,4.504826127586535e-05,4.581704249160192e-05,4.782428931443657e-07,0.82748,0.0018007810945106088,50000,1.0170657244910903
83,3,1.0,fit,1255,sim,clean,wiener,0.00013180426469587173,0.0001468312453788365,8.450768116599668e-07,0.44712,0.0031820616002069687,50000,1.1140098214396807
83,5,1.4,fit,1255,sim,clean,wiener,0.00011732532065729173,0.00012161221943980032,7.421359467194551e-07,0.54208,0.0027944469255410448,50000,1.0365385643822842
71,17,6.0,fit,1279,sim,clean,wiener,6.929229284987159e-05,7.070675511803904e-05,5.825699524303107e-07,0.73376,0.002193615360740479,50000,1.0204129811555236
71,29,40.0,fit,1257,sim,clean,wiener,4.4303233112590984e-05,4.5232776936990725e-05,4.748267448054044e-07,0.82968,0.0017879178916632048,50000,1.0209813993041417
83,1,0.6,fit,1256,sim,clean,wiener,0.00014757548314132363,0.00021633760035740158,9.734488349973728e-07,0.1854,0.0036654350407826822,50000,1.4659453979237789
71,27,30.0,fit,1266,sim,clean,wiener,4.4830795349856236e-05,4.572143540084735e-05,4.773818247421931e-07,0.82784,0.0017975388179981072,50000,1.0198667019855576
71,13,4.0,fit,1280,sim,clean,wiener,7.276659515772531e-05,7.395739620369406e-05,6.006682611514759e-07,0.72152,0.002261762933145392,50000,1.0163646662783608
71,21,10.0,fit,1267,sim,clean,wiener,5.949161659933763e-05,6.027495921570817e-05,5.418938529348155e-07,0.77304,0.0020404531245213015,50000,1.0131672773602065
71,19,8.0,fit,1279,sim,clean,wiener,6.551822299162364e-05,6.641505904416767e-05,5.699464771504193e-07,0.74992,0.0021460827869021295,50000,1.0136883451899892
71,15,5.0,fit,1280,sim,clean,wiener,7.843963342340341e-05,7.980005174980608e-05,6.207403687176921e-07,0.69952,0.002337342669614815,50000,1.0173435069368486
71,23,20.0,fit,1267,sim,clean,wiener,4.6361240693016725e-05,4.699088510586623e-05,4.832305740702023e-07,0.82306,0.0018195617635920552,50000,1.013581267529459
71,25,26.0,fit,1267,sim,clean,wiener,4.504826127586535e-05,4.570018938067968e-05,4.7678715931500466e-07,0.82792,0.0017952996582025493,50000,1.0144717706377628
71,17,6.0,fit,1280,sim,clean,wiener,6.929229284987159e-05,7.00375054827571e-05,5.819959856343462e-07,0.73628,0.0021914541398005212,50000,1.010754625113937
83,5,1.4,fit,1256,sim,clean,wiener,0.00011732532065729173,0.0001225895363675136,7.575968785189287e-07,0.5384,0.002852663689631265,50000,1.0448685388689343
83,3,1.0,fit,1256,sim,clean,wiener,0.00013180426469587173,0.00014770233220571136,8.463443387911511e-07,0.44384,0.0031868343609261266,50000,1.1206187640932803
71,29,40.0,fit,1258,sim,clean,wiener,4.4303233112590984e-05,4.418641044373247e-05,4.6945890301454484e-07,0.83362,0.001767705760643861,50000,0.9973631118848229
83,1,0.6,fit,1257,sim,clean,wiener,0.00014757548314132363,0.00021613576316580863,1.0635096987829963e-06,0.18616,0.004004551216235161,50000,1.4645777100985615
71,13,4.0,fit,1281,sim,clean,wiener,7.276659515772531e-05,7.41751679104128e-05,6.022325990114953e-07,0.7207,0.0022676533082751273,50000,1.0193574091193127
71,27,30.0,fit,1267,sim,clean,wiener,4.4830795349856236e-05,4.529120349245184e-05,4.7348293280588295e-07,0.82946,0.001782857887054659,50000,1.010269907972915
71,21,10.0,fit,1268,sim,clean,wiener,5.949161659933763e-05,6.140099828459518e-05,5.47568035778565e-07,0.7688,0.002061818755539128,50000,1.0320949705925255
71,19,8.0,fit,1280,sim,clean,wiener,6.551822299162364e-05,6.595295810552064e-05,5.640752047022639e-07,0.75166,0.002123975032501757,50000,1.006635331271921
71,15,5.0,fit,1281,sim,clean,wiener,7.843963342340341e-05,7.993815088089601e-05,6.150280605395048e-07,0.699,0.00231583348103981,50000,1.0191040854232944
71,23,20.0,fit,1268,sim,clean,wiener,4.6361240693016725e-05,4.7755741831902716e-05,4.882903854864761e-07,0.82018,0.0018386140336222637,50000,1.0300790297679856
71,25,26.0,fit,1268,sim,clean,wiener,4.504826127586535e-05,4.6178224834452485e-05,4.799592275525593e-07,0.82612,0.001807243799128783,50000,1.0250834000377393
71,17,6.0,fit,1281,sim,clean,wiener,6.929229284987159e-05,7.060052501720063e-05,5.806872388937333e-07,0.73416,0.002186526170306813,50000,1.01887990876797
83,5,1.4,fit,1257,sim,clean,wiener,0.00011732532065729173,0.00012203713984315393,7.39407102345401e-07,0.54048,0.0027841717046666703,50000,1.0401602924199582
71,13,4.0,fit,1282,sim,clean,wiener,7.276659515772531e-05,7.469569540452094e-05,5.991944745741535e-07,0.71874,0.0022562135208199184,50000,1.0265107944464655
83,3,1.0,fit,1257,sim,clean,wiener,0.00013180426469587173,0.00014805820304352,8.453209671760465e-07,0.4425,0.0031829809460953854,50000,1.1233187589578606
71,27,30.0,fit,1268,sim,clean,wiener,4.4830795349856236e-05,4.59976336630272e-05,4.786348953488781e-07,0.8268,0.0018022571439595635,50000,1.0260276067837977
71,29,40.0,fit,1259,sim,clean,wiener,4.4303233112590984e-05,4.4483854726079994e-05,4.7132574162339384e-07,0.8325,0.001774735175448574,50000,1.0040769397806697
71,21,10.0,fit,1269,sim,clean,wiener,5.949161659933763e-05,6.067332209385216e-05,5.430738624143004e-07,0.77154,0.002044896345304006,50000,1.0198633952489986
83,1,0.6,fit,1258,sim,clean,wiener,0.00014757548314132363,0.00021634822336748545,1.0087778263929708e-06,0.18536,0.0037984632168524433,50000,1.4660173814935273
71,19,8.0,fit,1281,sim,clean,wiener,6.551822299162364e-05,6.683466794247935e-05,5.646203143203229e-07,0.74834,0.0021260275943039463,50000,1.0200928061040975
71,15,5.0,fit,1282,sim,clean,wiener,7.843963342340341e-05,8.005500399181825e-05,6.145685744698274e-07,0.69856,0.0023141033270964325,50000,1.020593805681056
71,23,20.0,fit,1269,sim,clean,wiener,4.6361240693016725e-05,4.728301788317183e-05,4.846697068313494e-07,0.82196,0.0018249806900537224,50000,1.0198824961622297
71,25,26.0,fit,1269,sim,clean,wiener,4.504826127586535e-05,4.601356817815295e-05,4.793547124735314e-07,0.82674,0.0018049675513449367,50000,1.021428283244414
71,17,6.0,fit,1282,sim,clean,wiener,6.929229284987159e-05,7.06695745827456e-05,5.784784464346543e-07,0.7339,0.002178209158681496,50000,1.01987640581988
71,13,4.0,fit,1283,sim,clean,wiener,7.276659515772531e-05,7.44141856372992e-05,5.987805303312673e-07,0.7198,0.0022546548505762896,50000,1.0226421268715769
83,5,1.4,fit,1258,sim,clean,wiener,0.00011732532065729173,0.00012121385656165633,7.498819773457232e-07,0.54358,0.0028236139151800797,50000,1.0331431943469649
71,27,30.0,fit,1269,sim,clean,wiener,4.4830795349856236e-05,4.549835218908673e-05,4.764992335982421e-07,0.82868,0.0017942154995149828,50000,1.014890586571595
83,3,1.0,fit,1258,sim,clean,wiener,0.00013180426469587173,0.00014631071788472833,8.618882482554154e-07,0.44908,0.003245363570035737,50000,1.110060575219847
71,21,10.0,fit,1270,sim,clean,wiener,5.949161659933763e-05,6.0407746841756156e-05,5.423342754013093e-07,0.77254,0.0020421114961617984,50000,1.0153993166564703
71,29,40.0,fit,1260,sim,clean,wiener,4.4303233112590984e-05,4.514248135127809e-05,4.755405252058525e-07,0.83002,0.0017906055683002962,50000,1.0189432729786168
83,1,0.6,fit,1259,sim,clean,wiener,0.00014757548314132363,0.00021665097915487486,9.982218365017919e-07,0.18422,0.0037587155754292773,50000,1.4680689132313531
71,19,8.0,fit,1282,sim,clean,wiener,6.551822299162364e-05,6.702057061894656e-05,5.641201034271231e-07,0.74764,0.002124144094658358,50000,1.022930225496424
71,15,5.0,fit,1283,sim,clean,wiener,7.843963342340341e-05,7.996470840610561e-05,6.141903319439783e-07,0.6989,0.0023126790884941384,50000,1.0194426582091494
71,23,20.0,fit,1270,sim,clean,wiener,4.6361240693016725e-05,4.761233119577088e-05,4.85849316063989e-07,0.82072,0.0018294224037425165,50000,1.026985699348262
71,17,6.0,fit,1283,sim,clean,wiener,6.929229284987159e-05,7.075987016845824e-05,5.814277852603923e-07,0.73356,0.002189314631809963,50000,1.0211795173493001
71,25,26.0,fit,1270,sim,clean,wiener,4.504826127586535e-05,4.632163547058432e-05,4.786289838215516e-07,0.82558,0.0018022348846289979,50000,1.0282668888577322
83,7,1.8,fit,1234,sim,clean,wiener,0.00010558768515477806,0.00010802538954256896,7.116818080783145e-07,0.59324,0.0026797745741047293,50000,1.023087014212098
71,27,30.0,fit,1270,sim,clean,wiener,4.4830795349856236e-05,4.6024191188236804e-05,4.78173069887079e-07,0.8267,0.0018005181812431428,50000,1.0266200014759361
83,5,1.4,fit,1259,sim,clean,wiener,0.00011732532065729173,0.00012066146003729663,7.460057864094565e-07,0.54566,0.0028090184628339946,50000,1.0284349478979886
71,21,10.0,fit,1271,sim,clean,wiener,5.949161659933763e-05,5.9690693661096945e-05,5.4144446970409e-07,0.77524,0.002038761011919774,50000,1.003346304456644
83,3,1.0,fit,1259,sim,clean,wiener,0.00013180426469587173,0.00014682593387379457,8.601748516660991e-07,0.44714,0.0032389119275133497,50000,1.1139695230088662
71,19,8.0,fit,1283,sim,clean,wiener,6.551822299162364e-05,6.681342192231169e-05,5.696262107085488e-07,0.74842,0.0021448768520895187,50000,1.0197685296021175
83,9,2.0,fit,1234,sim,clean,wiener,9.986791023554473e-05,0.00010164627198722302,6.905204610381896e-07,0.61726,0.0026000934032384187,50000,1.0178071389246448
71,29,40.0,fit,1261,sim,clean,wiener,4.4303233112590984e-05,4.415454141348095e-05,4.690998483612678e-07,0.83374,0.0017663537722697816,50000,0.9966437731816964
83,1,0.6,fit,1260,sim,clean,wiener,0.00014757548314132363,0.00021569490824732929,1.022976341196758e-06,0.18782,0.0038519264619843907,50000,1.4615903919540079
83,11,3.0,fit,1234,sim,clean,wiener,8.842504411293925e-05,9.089047427733504e-05,6.574146892465769e-07,0.65776,0.0024754365629254304,50000,1.0278815825214276
71,23,20.0,fit,1271,sim,clean,wiener,4.6361240693016725e-05,4.690590102519552e-05,4.834437544516811e-07,0.82338,0.0018203644753650695,50000,1.0117481828362898
71,25,26.0,fit,1271,sim,clean,wiener,4.504826127586535e-05,4.566832035042816e-05,4.78082297985559e-07,0.82804,0.0018001763877183185,50000,1.0137643286777642
83,7,1.8,fit,1235,sim,clean,wiener,0.00010558768515477806,0.00010791915944173056,7.028616915354038e-07,0.59364,0.0026465632094414197,50000,1.0220809300207203
71,27,30.0,fit,1271,sim,clean,wiener,4.4830795349856236e-05,4.5439925633625605e-05,4.768625892513026e-07,0.8289,0.0017955836829213535,50000,1.0135873182488904
71,21,10.0,fit,1272,sim,clean,wiener,5.949161659933763e-05,6.041305834679808e-05,5.387504411393374e-07,0.77252,0.0020286168868799198,50000,1.015488598228321
83,5,1.4,fit,1260,sim,clean,wiener,0.00011732532065729173,0.00012138913622803969,7.4522542303805e-07,0.54292,0.002806080073939519,50000,1.0346371571625055
83,13,4.0,fit,1234,sim,clean,wiener,8.115701564216283e-05,8.318348046150913e-05,6.30832687674305e-07,0.68678,0.002375344399357934,50000,1.0249696813431557
83,9,2.0,fit,1235,sim,clean,wiener,9.986791023554473e-05,0.00010152941887630079,6.9094710252962e-07,0.6177,0.0026016998838425533,50000,1.0166370622639171
83,3,1.0,fit,1260,sim,clean,wiener,0.00013180426469587173,0.00014709150912589055,8.486153536522145e-07,0.44614,0.0031953856654740463,50000,1.1159844445495977
71,29,40.0,fit,1262,sim,clean,wiener,4.4303233112590984e-05,4.5360253057996784e-05,4.771418117554142e-07,0.8292,0.001796635070435468,50000,1.023858754116647
83,11,3.0,fit,1235,sim,clean,wiener,8.842504411293925e-05,8.899426697736958e-05,6.450631038917443e-07,0.6649,0.0024289277664266973,50000,1.0064373489449812
83,1,0.6,fit,1261,sim,clean,wiener,0.00014757548314132363,0.00021521156128851454,1.0190310698327433e-06,0.18964,0.0038370708934294243,50000,1.4583151395304608
71,23,20.0,fit,1272,sim,clean,wiener,4.6361240693016725e-05,4.715023025712385e-05,4.837845013323275e-07,0.82246,0.0018216475274490161,50000,1.0170183013291525
71,25,26.0,fit,1272,sim,clean,wiener,4.504826127586535e-05,4.586484603697919e-05,4.769541965159434e-07,0.8273,0.0017959286219317388,50000,1.0181268874310878
83,7,1.8,fit,1236,sim,clean,wiener,0.00010558768515477806,0.00010836532586525183,7.04646322163084e-07,0.59196,0.0026532830774019895,50000,1.0263064836245068
83,13,4.0,fit,1235,sim,clean,wiener,8.115701564216283e-05,8.204681838253823e-05,6.295034598105023e-07,0.69106,0.0023703393100157908,50000,1.010963965756192
71,27,30.0,fit,1272,sim,clean,wiener,4.4830795349856236e-05,4.581704249160192e-05,4.766718870446427e-07,0.82748,0.0017948656107171297,50000,1.0219993228772561
71,21,10.0,fit,1273,sim,clean,wiener,5.949161659933763e-05,5.9292330782952964e-05,5.376377068110584e-07,0.77674,0.0020244269846977814,50000,0.9966501865678519
83,9,2.0,fit,1236,sim,clean,wiener,9.986791023554473e-05,0.0001019543392796544,6.865595919169278e-07,0.6161,0.0025851791027153032,50000,1.0208918864847447
83,5,1.4,fit,1261,sim,clean,wiener,0.00011732532065729173,0.00012238238767087872,7.486266467094287e-07,0.53918,0.0028188870792780632,50000,1.0431029464505683
83,3,1.0,fit,1261,sim,clean,wiener,0.00013180426469587173,0.00014745800297378303,8.488738635345984e-07,0.44476,0.0031963590614525633,50000,1.118765036275807
83,11,3.0,fit,1236,sim,clean,wiener,8.842504411293925e-05,8.990253433953793e-05,6.527772628999995e-07,0.66148,0.002457974746321747,50000,1.0167089566244556
71,29,40.0,fit,1263,sim,clean,wiener,4.4303233112590984e-05,4.476005298825984e-05,4.7327799344900993e-07,0.83146,0.0017820862061271043,50000,1.0103112085410992
83,1,0.6,fit,1262,sim,clean,wiener,0.00014757548314132363,0.00021670409420529408,1.0366547055332728e-06,0.18402,0.0039034311267773674,50000,1.4684288310800948
71,23,20.0,fit,1273,sim,clean,wiener,4.6361240693016725e-05,4.648629212688383e-05,4.809709760802401e-07,0.82496,0.0018110534482572156,50000,1.0026973271637647
71,25,26.0,fit,1273,sim,clean,wiener,4.504826127586535e-05,4.521153091682302e-05,4.7514159116650207e-07,0.82976,0.0017891034176435543,50000,1.0036243272511196
83,7,1.8,fit,1237,sim,clean,wiener,0.00010558768515477806,0.00010786073288626943,7.04169460495744e-07,0.59386,0.002651487497190443,50000,1.0215275837154623
83,13,4.0,fit,1236,sim,clean,wiener,8.115701564216283e-05,8.206275289766401e-05,6.240894303066947e-07,0.691,0.002349953263269799,50000,1.011160307563486
83,9,2.0,fit,1237,sim,clean,wiener,9.986791023554473e-05,0.00010166751800739073,6.832402300197512e-07,0.61718,0.00257268034060935,50000,1.0180198801356863
71,27,30.0,fit,1273,sim,clean,wiener,4.4830795349856236e-05,4.503093974539777e-05,4.7432840530204297e-07,0.83044,0.0017860414385696714,50000,1.0044644399899583
71,21,10.0,fit,1274,sim,clean,wiener,5.949161659933763e-05,5.952072549975551e-05,5.390367152968075e-07,0.77588,0.0020296948267678073,50000,1.000489294157426
83,5,1.4,fit,1262,sim,clean,wiener,0.00011732532065729173,0.00012138382472299777,7.405017576951922e-07,0.54294,0.002788293532062679,50000,1.0345918855620344
83,11,3.0,fit,1237,sim,clean,wiener,8.842504411293925e-05,8.959446704710655e-05,6.493162663371765e-07,0.66264,0.002444942671474758,50000,1.0132250195167976
83,3,1.0,fit,1262,sim,clean,wiener,0.00013180426469587173,0.00014720305073177088,8.545027623000025e-07,0.44572,0.003217554179299498,50000,1.1168307115967049
71,29,40.0,fit,1264,sim,clean,wiener,4.4303233112590984e-05,4.4255460009277444e-05,4.705334601896934e-07,0.83336,0.0017717519101501417,50000,0.9989216790749305
71,23,20.0,fit,1274,sim,clean,wiener,4.6361240693016725e-05,4.620478235966209e-05,4.823508589464215e-07,0.82602,0.0018162492745071805,50000,0.9966252341176408
83,7,1.8,fit,1238,sim,clean,wiener,0.00010558768515477806,0.00010759515763417342,7.110196432447482e-07,0.59486,0.002677281251295694,50000,1.0190123732370178
71,25,26.0,fit,1274,sim,clean,wiener,4.504826127586535e-05,4.495126716976895e-05,4.7483688620229885e-07,0.83074,0.0017879560781915594,50000,0.9978468845777991
83,1,0.6,fit,1263,sim,clean,wiener,0.00014757548314132363,0.00021642789594311423,1.0063662458959352e-06,0.18506,0.003789382624899682,50000,1.4665572582666393
83,13,4.0,fit,1237,sim,clean,wiener,8.115701564216283e-05,8.26204609270656e-05,6.298218728243075e-07,0.6889,0.0023715382659098066,50000,1.0180322708187717
83,9,2.0,fit,1238,sim,clean,wiener,9.986791023554473e-05,0.00010178968262335487,6.947941564077208e-07,0.61672,0.0026161856231866325,50000,1.0192431420991739
71,27,30.0,fit,1274,sim,clean,wiener,4.4830795349856236e-05,4.4807856533637114e-05,4.7287184558784907e-07,0.83128,0.0017805568924657016,50000,0.9994883245759949
71,21,10.0,fit,1275,sim,clean,wiener,5.949161659933763e-05,6.0099679549324786e-05,5.416824057144954e-07,0.7737,0.002039656938812538,50000,1.0102209854891373
83,11,3.0,fit,1238,sim,clean,wiener,8.842504411293925e-05,8.971663166307072e-05,6.517076587869259e-07,0.66218,0.0024539472471303424,50000,1.0146065807836275
83,5,1.4,fit,1263,sim,clean,wiener,0.00011732532065729173,0.00012177687609609982,7.412969967764031e-07,0.54146,0.0027912879341198535,50000,1.0379419839968826
83,3,1.0,fit,1263,sim,clean,wiener,0.00013180426469587173,0.00014787761187209472,8.51341005786069e-07,0.44318,0.003205648866251765,50000,1.1219486123101632
71,29,40.0,fit,1265,sim,clean,wiener,4.4303233112590984e-05,4.4584773321876484e-05,4.735661676019563e-07,0.83212,0.001783171300279033,50000,1.0063548456739038
83,7,1.8,fit,1239,sim,clean,wiener,0.00010558768515477806,0.00010792978245181439,7.105414585860076e-07,0.5936,0.0026754806894776534,50000,1.0221815384398578
71,23,20.0,fit,1275,sim,clean,wiener,4.6361240693016725e-05,4.7293640893255684e-05,4.832599931660209e-07,0.82192,0.0018196725385817667,50000,1.020111631748876
71,25,26.0,fit,1275,sim,clean,wiener,4.504826127586535e-05,4.607199473361407e-05,4.785554235936515e-07,0.82652,0.0018019579001309338,50000,1.0227252601710777
83,1,0.6,fit,1264,sim,clean,wiener,0.00014757548314132363,0.00021643320744815615,1.0216170343383895e-06,0.18504,0.0038468081128624743,50000,1.4665932500515135
83,13,4.0,fit,1238,sim,clean,wiener,8.115701564216283e-05,8.306662735058686e-05,6.316542641921153e-07,0.68722,0.0023784379726910143,50000,1.0235298414230003
83,9,2.0,fit,1239,sim,clean,wiener,9.986791023554473e-05,0.00010155066489646849,6.905013705835436e-07,0.61762,0.0026000215198287435,50000,1.016849803474959
71,27,30.0,fit,1275,sim,clean,wiener,4.4830795349856236e-05,4.574799292605695e-05,4.772081733382728e-07,0.82774,0.001796884949075646,50000,1.020459096677696
71,21,10.0,fit,1276,sim,clean,wiener,5.949161659933763e-05,6.121509560812801e-05,5.460739742216877e-07,0.7695,0.0020561929995807486,50000,1.0289701155777564
83,11,3.0,fit,1239,sim,clean,wiener,8.842504411293925e-05,8.991846885466367e-05,6.512103160741596e-07,0.66142,0.0024520745473631724,50000,1.016889160267955
83,5,1.4,fit,1264,sim,clean,wiener,0.00011732532065729173,0.00012129352913728511,7.363652997970387e-07,0.54328,0.0027727180676114273,50000,1.0338222683540288
83,3,1.0,fit,1264,sim,clean,wiener,0.00013180426469587173,0.00014700121354017793,8.642707689551112e-07,0.44648,0.0032543347399052644,50000,1.115299371225749
83,7,1.8,fit,1240,sim,clean,wiener,0.00010558768515477806,0.00010792978245181439,7.114090103225362e-07,0.5936,0.0026787473784092523,50000,1.0221815384398578
71,29,40.0,fit,1266,sim,clean,wiener,4.4303233112590984e-05,4.5004382220188176e-05,4.7315731019979937e-07,0.83054,0.0017816317840819095,50000,1.0158261385984024
71,23,20.0,fit,1276,sim,clean,wiener,4.6361240693016725e-05,4.7739807316776965e-05,4.863450591923419e-07,0.82024,0.0018312890804167933,50000,1.0297353263880165
71,25,26.0,fit,1276,sim,clean,wiener,4.504826127586535e-05,4.643317707646464e-05,4.784957202425951e-07,0.82516,0.0018017330924706369,50000,1.0307429357177267
83,13,4.0,fit,1239,sim,clean,wiener,8.115701564216283e-05,8.218491751362814e-05,6.289726682154502e-07,0.69054,0.0023683406614562474,50000,1.0126655947527388
83,9,2.0,fit,1240,sim,clean,wiener,9.986791023554473e-05,0.00010182155165360638,6.957382761453554e-07,0.6166,0.0026197406221188874,50000,1.0195622539157358
83,1,0.6,fit,1265,sim,clean,wiener,0.00014757548314132363,0.0002149672320565862,1.0594834485670228e-06,0.19056,0.003989390729012813,50000,1.4566595174262502
83,11,3.0,fit,1240,sim,clean,wiener,8.842504411293925e-05,9.016810959163393e-05,6.544455565112708e-07,0.66048,0.0024642565575903217,50000,1.0197123506827814
71,27,30.0,fit,1276,sim,clean,wiener,4.4830795349856236e-05,4.614104429915904e-05,4.777234928824513e-07,0.82626,0.0017988253390032144,50000,1.0292265381213452
71,21,10.0,fit,1277,sim,clean,wiener,5.949161659933763e-05,6.0030629983779844e-05,5.396925170015387e-07,0.77396,0.0020321641897809474,50000,1.0090603250550803
83,7,1.8,fit,1241,sim,clean,wiener,0.00010558768515477806,0.00010777574880559871,7.061245733659483e-07,0.59418,0.0026588493008780005,50000,1.02072271636236
83,5,1.4,fit,1265,sim,clean,wiener,0.00011732532065729173,0.0001216918920154291,7.453563212818527e-07,0.54178,0.0028065729596386552,50000,1.0372176383893479
83,3,1.0,fit,1265,sim,clean,wiener,0.00013180426469587173,0.0001466028506620339,8.465145817471088e-07,0.44798,0.0031874753956408226,50000,1.1122769889146515
71,23,20.0,fit,1277,sim,clean,wiener,4.6361240693016725e-05,4.7399870994094074e-05,4.861920153963231e-07,0.82152,0.001830712807609704,50000,1.0224029876153378
71,29,40.0,fit,1267,sim,clean,wiener,4.4303233112590984e-05,4.4754741483217916e-05,4.711597266332553e-07,0.83148,0.00177411006076327,50000,1.0101913187572447
71,25,26.0,fit,1277,sim,clean,wiener,4.504826127586535e-05,4.627383192520702e-05,4.809071369536564e-07,0.82576,0.0018108130677018744,50000,1.0272057259177343
83,13,4.0,fit,1240,sim,clean,wiener,8.115701564216283e-05,8.234957416992769e-05,6.305337449401091e-07,0.68992,0.0023742187570707234,50000,1.0146944600947758
83,9,2.0,fit,1241,sim,clean,wiener,9.986791023554473e-05,0.00010193840476452863,6.891669702434319e-07,0.61616,0.0025949969539869333,50000,1.0207323305764635
83,1,0.6,fit,1266,sim,clean,wiener,0.00014757548314132363,0.0002152752993490176,1.0153260341967084e-06,0.1894,0.0038231199111492848,50000,1.4587470409489507
83,11,3.0,fit,1241,sim,clean,wiener,8.842504411293925e-05,8.989191132945408e-05,6.544986373704699e-07,0.66152,0.0024644564288463225,50000,1.0165888208621225
71,27,30.0,fit,1277,sim,clean,wiener,4.4830795349856236e-05,4.619947085462016e-05,4.802129994317652e-07,0.82604,0.0018081993545775797,50000,1.03052980644405
71,21,10.0,fit,1278,sim,clean,wiener,5.949161659933763e-05,6.0731748649313277e-05,5.437993686137403e-07,0.77132,0.0020476281743946833,50000,1.0208454925393546
83,7,1.8,fit,1242,sim,clean,wiener,0.00010558768515477806,0.00010851935951146751,7.09089861495974e-07,0.59138,0.0026700148296937417,50000,1.0277653057020049
83,5,1.4,fit,1266,sim,clean,wiener,0.00011732532065729173,0.00012102795388518912,7.405634156544965e-07,0.54428,0.002788525699626553,50000,1.0315586883304826
83,13,4.0,fit,1241,sim,clean,wiener,8.115701564216283e-05,8.214773697833472e-05,6.250317024941144e-07,0.69068,0.0023535013054159816,50000,1.0122074638690532
83,9,2.0,fit,1242,sim,clean,wiener,9.986791023554473e-05,0.0001019543392796544,6.942673619684376e-07,0.6161,0.0026142020255617575,50000,1.0208918864847447
83,3,1.0,fit,1266,sim,clean,wiener,0.00013180426469587173,0.00014788823488217856,8.5918344997028e-07,0.44314,0.003235178892571296,50000,1.1220292091717925
71,23,20.0,fit,1278,sim,clean,wiener,4.6361240693016725e-05,4.7553904640309755e-05,4.889207231724611e-07,0.82094,0.0018409875141367704,50000,1.0257254536217078
71,25,26.0,fit,1278,sim,clean,wiener,4.504826127586535e-05,4.62897664403328e-05,4.807108448854868e-07,0.8257,0.0018100739473711194,50000,1.0275594468977338
71,29,40.0,fit,1268,sim,clean,wiener,4.4303233112590984e-05,4.5200907906739204e-05,4.744083607568756e-07,0.8298,0.0017863425037261632,50000,1.020262060601015
83,11,3.0,fit,1242,sim,clean,wiener,8.842504411293925e-05,8.967945112777727e-05,6.520329062598615e-07,0.66232,0.0024551719375725755,50000,1.0141861056154617
83,1,0.6,fit,1267,sim,clean,wiener,0.00014757548314132363,0.00021571084276245502,1.009228112636706e-06,0.18776,0.0038001587296691737,50000,1.4616983673086301
71,27,30.0,fit,1278,sim,clean,wiener,4.4830795349856236e-05,4.606137172353025e-05,4.794526068804244e-07,0.82656,0.0018053361640304956,50000,1.0274493540449303
71,21,10.0,fit,1279,sim,clean,wiener,5.949161659933763e-05,6.0168729114869755e-05,5.415652586834465e-07,0.77344,0.002039215832082433,50000,1.0113816459231948
83,7,1.8,fit,1243,sim,clean,wiener,0.00010558768515477806,0.00010771732225013758,7.0418584798913e-07,0.5944,0.0026515492028398088,50000,1.0201693700571022
83,13,4.0,fit,1242,sim,clean,wiener,8.115701564216283e-05,8.295508574470655e-05,6.338403226516668e-07,0.68764,0.0023866693814623458,50000,1.022155448771943
83,9,2.0,fit,1243,sim,clean,wiener,9.986791023554473e-05,0.00010219866851158273,6.910519700253211e-07,0.61518,0.0026020947530740555,50000,1.0233384104117205
71,23,20.0,fit,1279,sim,clean,wiener,4.6361240693016725e-05,4.673593286385409e-05,4.823036070136071e-07,0.82402,0.001816071351555243,50000,1.0080820134499506
71,25,26.0,fit,1279,sim,clean,wiener,4.504826127586535e-05,4.564176282521856e-05,4.7652463385806577e-07,0.82814,0.0017943111419350623,50000,1.0131747937110989
83,3,1.0,fit,1267,sim,clean,wiener,0.00013180426469587173,0.00014583799393599742,8.42133634783643e-07,0.45086,0.003170979329351174,50000,1.1064740148773444
83,5,1.4,fit,1267,sim,clean,wiener,0.00011732532065729173,0.00012144756278350081,7.403517700983084e-07,0.5427,0.002787728767101712,50000,1.0351351447676855
71,29,40.0,fit,1269,sim,clean,wiener,4.4303233112590984e-05,4.4945955664727025e-05,4.737331305319994e-07,0.83076,0.0017837999843477682,50000,1.0145073509760032
83,11,3.0,fit,1243,sim,clean,wiener,8.842504411293925e-05,8.97963042386995e-05,6.51206281630706e-07,0.66188,0.0024520593560250423,50000,1.015507599001125
83,1,0.6,fit,1268,sim,clean,wiener,0.00014757548314132363,0.00021584363038850305,9.859488921192617e-07,0.18726,0.003712502894519936,50000,1.4625981619304838
71,27,30.0,fit,1279,sim,clean,wiener,4.4830795349856236e-05,4.5477106168919026e-05,4.748589573783221e-07,0.82876,0.0017880391852425706,50000,1.0144166708178837
83,7,1.8,fit,1244,sim,clean,wiener,0.00010558768515477806,0.00010824316124928769,7.085196053985731e-07,0.59242,0.0026678675810593144,50000,1.0251494868044226
71,21,10.0,fit,1280,sim,clean,wiener,5.949161659933763e-05,5.923390422749184e-05,5.390555058170281e-07,0.77696,0.00202976558080107,50000,0.9956680892774956
83,13,4.0,fit,1243,sim,clean,wiener,8.115701564216283e-05,8.220085202875393e-05,6.298748358967977e-07,0.69048,0.0023717376936504267,50000,1.0128619365600329
83,9,2.0,fit,1244,sim,clean,wiener,9.986791023554473e-05,0.0001024323747334272,6.898155243615172e-07,0.6143,0.002597439026856927,50000,1.0256785637331753
71,23,20.0,fit,1280,sim,clean,wiener,4.6361240693016725e-05,4.632163547058432e-05,4.812022225398946e-07,0.82558,0.0018119241862413818,50000,0.9991457255707489
71,25,26.0,fit,1280,sim,clean,wiener,4.504826127586535e-05,4.519559640169728e-05,4.738268042924735e-07,0.82982,0.0017841527045644858,50000,1.0032706062711207
83,3,1.0,fit,1268,sim,clean,wiener,0.00013180426469587173,0.0001471871162166451,8.410284038957591e-07,0.44578,0.0031668176807067273,50000,1.1167098163042608
83,11,3.0,fit,1244,sim,clean,wiener,8.842504411293925e-05,9.010437153113088e-05,6.558324735252476e-07,0.66072,0.0024694788702984177,50000,1.0189915361087831
83,5,1.4,fit,1268,sim,clean,wiener,0.00011732532065729173,0.0001223239611154176,7.328183700785651e-07,0.5394,0.0027593624191069818,50000,1.042604958845388
71,29,40.0,fit,1270,sim,clean,wiener,4.4303233112590984e-05,4.5546155734463994e-05,4.7584111850190793e-07,0.8285,0.0017917374256314407,50000,1.0280548965515515
83,7,1.8,fit,1245,sim,clean,wiener,0.00010558768515477806,0.00010841844091567104,7.084990939632152e-07,0.59176,0.0026677903470731052,50000,1.026809525720196
71,27,30.0,fit,1280,sim,clean,wiener,4.4830795349856236e-05,4.5015005230271994e-05,4.729161362025991e-07,0.8305,0.0017807236648377525,50000,1.0041090031746749
83,1,0.6,fit,1269,sim,clean,wiener,0.00014757548314132363,0.00021541339848010752,9.983546579393515e-07,0.18888,0.0037592157027435177,50000,1.4596828273556783
71,21,10.0,fit,1281,sim,clean,wiener,5.949161659933763e-05,6.065207607368448e-05,5.41666585719896e-07,0.77162,0.0020395973700293984,50000,1.0195062689615964
83,13,4.0,fit,1244,sim,clean,wiener,8.115701564216283e-05,8.234426266488576e-05,6.279960916010629e-07,0.68994,0.0023646634490402563,50000,1.0146290128256776
83,9,2.0,fit,1245,sim,clean,wiener,9.986791023554473e-05,0.00010218273399645695,6.90265667565716e-07,0.61524,0.0025991340010710004,50000,1.0231788545034393
71,25,26.0,fit,1281,sim,clean,wiener,4.504826127586535e-05,4.618353633949441e-05,4.807069413783483e-07,0.8261,0.0018100592490620422,50000,1.0252013070310726
71,23,20.0,fit,1281,sim,clean,wiener,4.6361240693016725e-05,4.7755741831902716e-05,4.877767879716322e-07,0.82018,0.0018366801278430528,50000,1.0300790297679856
83,11,3.0,fit,1245,sim,clean,wiener,8.842504411293925e-05,8.98228617639091e-05,6.548419643291975e-07,0.66178,0.002465749195984894,50000,1.0158079384069576
83,3,1.0,fit,1269,sim,clean,wiener,0.00013180426469587173,0.0001467515728032077,8.365120145676947e-07,0.44742,0.003149811618235094,50000,1.1134053449774615
83,5,1.4,fit,1269,sim,clean,wiener,0.00011732532065729173,0.00012096421582468607,7.412844105621183e-07,0.54452,0.0027912405418489793,50000,1.0310154291248315
83,7,1.8,fit,1246,sim,clean,wiener,0.00010558768515477806,0.00010863090111734782,7.078269181480573e-07,0.59096,0.002665259328802943,50000,1.0288216941029513
71,29,40.0,fit,1271,sim,clean,wiener,4.4303233112590984e-05,4.4924709644559355e-05,4.728044157392044e-07,0.83084,0.0017803029913656839,50000,1.0140277918405858
71,27,30.0,fit,1281,sim,clean,wiener,4.4830795349856236e-05,4.570550088572161e-05,4.793522539351022e-07,0.8279,0.0018049582939370652,50000,1.019511265170275
71,21,10.0,fit,1282,sim,clean,wiener,5.949161659933763e-05,6.062020704343296e-05,5.405910305908633e-07,0.77174,0.002035547462816493,50000,1.0189705795304929
83,1,0.6,fit,1270,sim,clean,wiener,0.00014757548314132363,0.0002160720251053056,1.0341761731403528e-06,0.1864,0.0038940984334132137,50000,1.4641458086800718
83,13,4.0,fit,1245,sim,clean,wiener,8.115701564216283e-05,8.232832814976001e-05,6.267133515339598e-07,0.69,0.002359833405363448,50000,1.014432671018384
83,9,2.0,fit,1246,sim,clean,wiener,9.986791023554473e-05,0.00010245893225863681,6.843574002054696e-07,0.6142,0.002576886945618293,50000,1.0259444902469772
83,11,3.0,fit,1246,sim,clean,wiener,8.842504411293925e-05,9.01893556118016e-05,6.464292221100129e-07,0.6604,0.002434071763118734,50000,1.0199526222074475
71,25,26.0,fit,1282,sim,clean,wiener,4.504826127586535e-05,4.625258590503935e-05,4.79964427170839e-07,0.82584,0.0018072633778291273,50000,1.0267340979444022
71,23,20.0,fit,1282,sim,clean,wiener,4.6361240693016725e-05,4.7915086983160323e-05,4.874784348307064e-07,0.81958,0.001835556705616881,50000,1.0335160635676786
83,7,1.8,fit,1247,sim,clean,wiener,0.00010558768515477806,0.00010769076472492799,7.059610348883397e-07,0.5945,0.002658233511280446,50000,1.0199178490092577
83,3,1.0,fit,1270,sim,clean,wiener,0.00013180426469587173,0.0001471074436410163,8.506546069148211e-07,0.44608,0.0032030642923284395,50000,1.1161053398420415
83,5,1.4,fit,1270,sim,clean,wiener,0.00011732532065729173,0.00012137320171291391,7.4026400202186e-07,0.54298,0.002787398284213131,50000,1.0345013423610925
71,29,40.0,fit,1272,sim,clean,wiener,4.4303233112590984e-05,4.502031673531392e-05,4.71679826155956e-07,0.83048,0.0017760684492749853,50000,1.0161858079499653
71,27,30.0,fit,1282,sim,clean,wiener,4.4830795349856236e-05,4.6077306238655995e-05,4.787957990029744e-07,0.8265,0.0018028630123634397,50000,1.0278047908602128
71,21,10.0,fit,1283,sim,clean,wiener,5.949161659933763e-05,6.0306828245959665e-05,5.434810907366838e-07,0.77292,0.0020464297273460803,50000,1.0137029667913093
83,13,4.0,fit,1246,sim,clean,wiener,8.115701564216283e-05,8.297633176487425e-05,6.236383027917211e-07,0.68756,0.002348254582721016,50000,1.0224172378483352
83,9,2.0,fit,1247,sim,clean,wiener,9.986791023554473e-05,0.00010168345252251647,6.900893059375067e-07,0.61712,0.0025984699270399396,50000,1.018179436043967
83,1,0.6,fit,1271,sim,clean,wiener,0.00014757548314132363,0.00021687937387167744,1.0029527420168342e-06,0.18336,0.003776529379530768,50000,1.4696165599809414
83,11,3.0,fit,1247,sim,clean,wiener,8.842504411293925e-05,8.998220691516672e-05,6.541941941571987e-07,0.66118,0.00246331007499419,50000,1.0176099748419534
71,25,26.0,fit,1283,sim,clean,wiener,4.504826127586535e-05,4.574268142101502e-05,4.785737997531888e-07,0.82776,0.0018020270939258837,50000,1.0154150265844268
71,23,20.0,fit,1283,sim,clean,wiener,4.6361240693016725e-05,4.694308156048897e-05,4.851724050463451e-07,0.82324,0.0018268735554883904,50000,1.0125501573895517
83,7,1.8,fit,1248,sim,clean,wiener,0.00010558768515477806,0.00010806257007786241,7.083048659582479e-07,0.5931,0.0026670589987888263,50000,1.0234391436790804
83,3,1.0,fit,1271,sim,clean,wiener,0.00013180426469587173,0.00014631071788472833,8.525816178116523e-07,0.44908,0.0032103202805337508,50000,1.110060575219847
71,29,40.0,fit,1273,sim,clean,wiener,4.4303233112590984e-05,4.4393559140367355e-05,4.713710408096416e-07,0.83284,0.0017749057455069294,50000,1.0020388134551448
83,5,1.4,fit,1271,sim,clean,wiener,0.00011732532065729173,0.00012067208304738048,7.327029433295748e-07,0.54562,0.0027589277899460214,50000,1.0285254910989305
71,27,30.0,fit,1283,sim,clean,wiener,4.4830795349856236e-05,4.555146723950592e-05,4.771075642655663e-07,0.82848,0.0017965061145573222,50000,1.0160753759558716
83,15,5.0,fit,1234,sim,clean,wiener,7.599850796259355e-05,7.796227100530177e-05,6.131402578636258e-07,0.70644,0.0023087251279045695,50000,1.0258394946868534
83,13,4.0,fit,1247,sim,clean,wiener,8.115701564216283e-05,8.245580427076607e-05,6.285783125248591e-07,0.68952,0.0023668557501647066,50000,1.0160034054767348
83,9,2.0,fit,1248,sim,clean,wiener,9.986791023554473e-05,0.00010180561713848064,6.870804178498744e-07,0.61666,0.002587140226460216,50000,1.019402698007455
83,1,0.6,fit,1272,sim,clean,wiener,0.00014757548314132363,0.00021483975593558014,1.0180627848609503e-06,0.19104,0.0038334249024564292,50000,1.455795714589271
83,11,3.0,fit,1248,sim,clean,wiener,8.842504411293925e-05,8.910580858324992e-05,6.503658082360408e-07,0.66448,0.0024488946281822485,50000,1.007698774449478
83,17,6.0,fit,1234,sim,clean,wiener,7.28254097339436e-05,7.479130249527551e-05,6.017586137625765e-07,0.71838,0.002265868558961409,50000,1.0269945993920804
83,19,8.0,fit,1234,sim,clean,wiener,6.458777180528994e-05,6.631945195341313e-05,5.695131192744743e-07,0.75028,0.0021444510163492457,50000,1.0268112693737697
83,7,1.8,fit,1249,sim,clean,wiener,0.00010558768515477806,0.00010740925495770625,7.078250771434337e-07,0.59556,0.002665252396663713,50000,1.0172517259021068
83,3,1.0,fit,1272,sim,clean,wiener,0.00013180426469587173,0.00014636914444018942,8.504418107276508e-07,0.44886,0.0032022630272049357,50000,1.1105038579588076
71,29,40.0,fit,1274,sim,clean,wiener,4.4303233112590984e-05,4.413329539331328e-05,4.681946918113915e-07,0.83382,0.001762945485756891,50000,0.996164214046279
83,5,1.4,fit,1272,sim,clean,wiener,0.00011732532065729173,0.00012166002298517759,7.354605417741362e-07,0.5419,0.0027693112817164245,50000,1.0369460087865223
83,15,5.0,fit,1235,sim,clean,wiener,7.599850796259355e-05,7.634226196751617e-05,6.08646082301791e-07,0.71254,0.0022918027093946918,50000,1.004523167811292
83,21,10.0,fit,1234,sim,clean,wiener,6.318161984188076e-05,6.511905181393919e-05,5.661060111160966e-07,0.7548,0.002131621853498085,50000,1.030664487186417
83,13,4.0,fit,1248,sim,clean,wiener,8.115701564216283e-05,8.149442185817856e-05,6.264193341422846e-07,0.69314,0.0023587263090155963,50000,1.004157449770004
83,9,2.0,fit,1249,sim,clean,wiener,9.986791023554473e-05,0.00010175250208806145,6.900030801297736e-07,0.61686,0.002598145251427086,50000,1.0188708449798518
83,11,3.0,fit,1249,sim,clean,wiener,8.842504411293925e-05,8.88880368765312e-05,6.521329828921906e-07,0.6653,0.0024555487672339965,50000,1.0052359913216509
83,1,0.6,fit,1273,sim,clean,wiener,0.00014757548314132363,0.00021606671360026365,1.0021769621937969e-06,0.18642,0.0037736082495801624,50000,1.4641098168951976
83,17,6.0,fit,1235,sim,clean,wiener,7.28254097339436e-05,7.303850583144193e-05,5.982462394524042e-07,0.72498,0.00225264302577467,50000,1.002926122877672
83,19,8.0,fit,1235,sim,clean,wiener,6.458777180528994e-05,6.49384606425139e-05,5.668833214505813e-07,0.75548,0.0021345487464534707,50000,1.0054296475543572
83,7,1.8,fit,1250,sim,clean,wiener,0.00010558768515477806,0.00010805725857282048,7.116120959452148e-07,0.59312,0.0026795120792655093,50000,1.0233888394695114
83,3,1.0,fit,1273,sim,clean,wiener,0.00013180426469587173,0.00014569458329986558,8.48376713812921e-07,0.4514,0.0031944870883761803,50000,1.1053859572453493
83,15,5.0,fit,1236,sim,clean,wiener,7.599850796259355e-05,7.693183902716929e-05,6.095476880089498e-07,0.71032,0.0022951976255250277,50000,1.01228091300207
83,21,10.0,fit,1235,sim,clean,wiener,6.318161984188076e-05,6.358933836186624e-05,5.597364913808497e-07,0.76056,0.002107637993236344,50000,1.006453119135056
71,29,40.0,fit,1275,sim,clean,wiener,4.4303233112590984e-05,4.540274509833216e-05,4.7477741259797615e-07,0.82904,0.0017877321356221621,50000,1.0248178723874826
83,5,1.4,fit,1273,sim,clean,wiener,0.00011732532065729173,0.00012090578926922495,7.421496419276568e-07,0.54474,0.0027944984936299146,50000,1.0305174415196512
83,13,4.0,fit,1249,sim,clean,wiener,8.115701564216283e-05,8.172281657498111e-05,6.243154825520829e-07,0.69228,0.0023508044429019527,50000,1.0069716823412163
83,9,2.0,fit,1250,sim,clean,wiener,9.986791023554473e-05,0.00010154535339142656,6.940196384608986e-07,0.61764,0.002613269244718724,50000,1.0167966181721984
83,17,6.0,fit,1236,sim,clean,wiener,7.28254097339436e-05,7.381929707260415e-05,5.983010725629225e-07,0.72204,0.0022528494949772236,50000,1.013647535143181
83,11,3.0,fit,1250,sim,clean,wiener,8.842504411293925e-05,9.004063347062784e-05,6.551394840426008e-07,0.66096,0.002466869480013828,50000,1.018270721534785
83,19,8.0,fit,1236,sim,clean,wiener,6.458777180528994e-05,6.569800586350848e-05,5.684489731432339e-07,0.75262,0.002140444068703176,50000,1.017189539555034
83,1,0.6,fit,1274,sim,clean,wiener,0.00014757548314132363,0.00021381994696753154,1.0643528256926356e-06,0.19488,0.004007725935652671,50000,1.448885291893436
83,7,1.8,fit,1251,sim,clean,wiener,0.00010558768515477806,0.00010857247456188671,7.161998354101983e-07,0.59118,0.0026967868043341133,50000,1.0282683477976937
83,15,5.0,fit,1237,sim,clean,wiener,7.599850796259355e-05,7.747892404648704e-05,6.090708913474745e-07,0.70826,0.0022934022900872853,50000,1.0194795414223414
83,21,10.0,fit,1236,sim,clean,wiener,6.318161984188076e-05,6.405143930051327e-05,5.621075222488182e-07,0.75882,0.002116565899166041,50000,1.0137669699005714
83,3,1.0,fit,1274,sim,clean,wiener,0.00013180426469587173,0.0001460132736023808,8.549394793955687e-07,0.4502,0.003219198598695204,50000,1.1078038630942275
71,29,40.0,fit,1276,sim,clean,wiener,4.4303233112590984e-05,4.542399111849983e-05,4.7460319973061657e-07,0.82896,0.0017870761525590393,50000,1.0252974315229
83,13,4.0,fit,1250,sim,clean,wiener,8.115701564216283e-05,8.21424254732928e-05,6.251868094385402e-07,0.6907,0.002354085346824967,50000,1.0121420165999553
83,9,2.0,fit,1251,sim,clean,wiener,9.986791023554473e-05,0.00010237394817796609,6.923133563355055e-07,0.61452,0.0026068443910777063,50000,1.0250935254028117
83,5,1.4,fit,1274,sim,clean,wiener,0.00011732532065729173,0.0001206561485322547,7.424405387085603e-07,0.54568,0.0027955938395953523,50000,1.0283896762975175
83,17,6.0,fit,1237,sim,clean,wiener,7.28254097339436e-05,7.422297145579006e-05,5.979901411223665e-07,0.72052,0.002251678710282106,50000,1.0191905782192265
83,11,3.0,fit,1251,sim,clean,wiener,8.842504411293925e-05,9.0428373338688e-05,6.537529896684305e-07,0.6595,0.002461648758718347,50000,1.0226556768599406
83,19,8.0,fit,1237,sim,clean,wiener,6.458777180528994e-05,6.6128237771904e-05,5.688440433984036e-07,0.751,0.0021419316706241067,50000,1.0238507371218508
83,1,0.6,fit,1275,sim,clean,wiener,0.00014757548314132363,0.0002157002197523712,1.0191313552840835e-06,0.1878,0.003837448509380266,50000,1.461626383738882
83,7,1.8,fit,1252,sim,clean,wiener,0.00010558768515477806,0.00010829096479466496,7.076514280880155e-07,0.59224,0.002664598536584328,50000,1.0256022246905425
83,15,5.0,fit,1238,sim,clean,wiener,7.599850796259355e-05,7.780823735908608e-05,6.118504540065292e-07,0.70702,0.0023038684861545677,50000,1.023812696393767
83,21,10.0,fit,1237,sim,clean,wiener,6.318161984188076e-05,6.435419508790272e-05,5.617817761411569e-07,0.75768,0.002115339331159081,50000,1.0185588031607367
83,13,4.0,fit,1251,sim,clean,wiener,8.115701564216283e-05,8.238675470522114e-05,6.323827283105685e-07,0.68978,0.002381180939562754,50000,1.0151525909784618
83,9,2.0,fit,1252,sim,clean,wiener,9.986791023554473e-05,0.00010265014644014591,6.986303144906833e-07,0.61348,0.002630630335382842,50000,1.0278591611463492
71,29,40.0,fit,1277,sim,clean,wiener,4.4303233112590984e-05,4.577986195630847e-05,4.778426770501329e-07,0.82762,0.0017992741163901922,50000,1.0333300470411453
83,3,1.0,fit,1275,sim,clean,wiener,0.00013180426469587173,0.00014499346463433215,8.542648615979864e-07,0.45404,0.003216658385357335,50000,1.100066564377818
83,5,1.4,fit,1275,sim,clean,wiener,0.00011732532065729173,0.00012099077334989567,7.314061987366978e-07,0.54442,0.002754045013472526,50000,1.031241787127186
83,11,3.0,fit,1252,sim,clean,wiener,8.842504411293925e-05,9.027965119751424e-05,6.531543014773965e-07,0.66006,0.002459394451563185,50000,1.0209737761872781
83,17,6.0,fit,1238,sim,clean,wiener,7.28254097339436e-05,7.42495289809997e-05,5.994264432618524e-07,0.72042,0.0022570869782895736,50000,1.0195552521058089
83,19,8.0,fit,1238,sim,clean,wiener,6.458777180528994e-05,6.58361049945984e-05,5.648213505432167e-07,0.7521,0.0021267845783275218,50000,1.019327701736975
83,7,1.8,fit,1253,sim,clean,wiener,0.00010558768515477806,0.0001076376496745088,7.085088870923512e-07,0.5947,0.002667827222230179,50000,1.0194148069135691
83,1,0.6,fit,1276,sim,clean,wiener,0.00014757548314132363,0.00021492474001625088,1.0294702038084115e-06,0.19072,0.003876378524292163,50000,1.4563715831472572
83,15,5.0,fit,1239,sim,clean,wiener,7.599850796259355e-05,7.692652752212737e-05,6.113413616087357e-07,0.71034,0.002301951543993069,50000,1.0122110234057566
83,21,10.0,fit,1238,sim,clean,wiener,6.318161984188076e-05,6.459852431983104e-05,5.598248610817321e-07,0.75676,0.002107970741488243,50000,1.0224258966689401
83,13,4.0,fit,1252,sim,clean,wiener,8.115701564216283e-05,8.282760962370049e-05,6.312036328544572e-07,0.68812,0.002376741160453799,50000,1.0205847143135922
83,9,2.0,fit,1253,sim,clean,wiener,9.986791023554473e-05,0.00010182155165360638,6.90268543026377e-07,0.6166,0.002599144828362468,50000,1.0195622539157358
71,29,40.0,fit,1278,sim,clean,wiener,4.4303233112590984e-05,4.553553272438014e-05,4.766311550751566e-07,0.82854,0.0017947122381074283,50000,1.0278151169838423
83,3,1.0,fit,1276,sim,clean,wiener,0.00013180426469587173,0.00014688436042925568,8.426502730323929e-07,0.44692,0.0031729246847435623,50000,1.114412805747827
83,5,1.4,fit,1276,sim,clean,wiener,0.00011732532065729173,0.00012196809027760895,7.439207315236512e-07,0.54074,0.002801167374039578,50000,1.039571761613836
83,11,3.0,fit,1253,sim,clean,wiener,8.842504411293925e-05,8.919610416896256e-05,6.559820751967126e-07,0.66414,0.0024700421820915324,50000,1.008719928429309
83,17,6.0,fit,1239,sim,clean,wiener,7.28254097339436e-05,7.3962707708736e-05,5.961157783333885e-07,0.7215,0.0022446209638460777,50000,1.0156167741307236
83,19,8.0,fit,1239,sim,clean,wiener,6.458777180528994e-05,6.537931556099327e-05,5.673595130127373e-07,0.75382,0.0021363418034435248,50000,1.0122553191351695
83,7,1.8,fit,1254,sim,clean,wiener,0.00010558768515477806,0.0001080413240576947,7.093228316154976e-07,0.59318,0.002670892057965898,50000,1.0232379268408045
83,1,0.6,fit,1277,sim,clean,wiener,0.00014757548314132363,0.00021676783226579708,1.0011006430294945e-06,0.18378,0.0037695554654603777,50000,1.468860732498584
83,15,5.0,fit,1240,sim,clean,wiener,7.599850796259355e-05,7.70964956834688e-05,6.122227119676958e-07,0.7097,0.0023052701904106255,50000,1.0144474904877827
83,21,10.0,fit,1239,sim,clean,wiener,6.318161984188076e-05,6.423203047193855e-05,5.601267497041369e-07,0.75814,0.0021091074762555908,50000,1.0166252564066347
83,13,4.0,fit,1253,sim,clean,wiener,8.115701564216283e-05,8.241331223043073e-05,6.269492212805209e-07,0.68968,0.0023607215519234137,50000,1.0154798273239514
83,9,2.0,fit,1254,sim,clean,wiener,9.986791023554473e-05,0.00010138069673512703,6.968435251135237e-07,0.61826,0.0026239023388430374,50000,1.0151478737866277
83,11,3.0,fit,1254,sim,clean,wiener,8.842504411293925e-05,8.91270546034176e-05,6.548269585622586e-07,0.6644,0.0024656926931036186,50000,1.0079390459741442
83,3,1.0,fit,1277,sim,clean,wiener,0.00013180426469587173,0.00014767046317545982,8.489810263671598e-07,0.44396,0.0031967625735709387,50000,1.1203769735083924
71,29,40.0,fit,1279,sim,clean,wiener,4.4303233112590984e-05,4.515841586640383e-05,4.7479255926634787e-07,0.82996,0.0017877891690552556,50000,1.0193029423301796
83,5,1.4,fit,1277,sim,clean,wiener,0.00011732532065729173,0.00012272232399356158,7.348456524069644e-07,0.5379,0.00276699597047293,50000,1.0460003288807072
83,17,6.0,fit,1240,sim,clean,wiener,7.28254097339436e-05,7.367588643647232e-05,5.98220315108809e-07,0.72258,0.002252545409963744,50000,1.0116782961556385
83,19,8.0,fit,1240,sim,clean,wiener,6.458777180528994e-05,6.545898813662208e-05,5.650691434006711e-07,0.75352,0.0021277176203014967,50000,1.0134888742401358
83,7,1.8,fit,1255,sim,clean,wiener,0.00010558768515477806,0.00010850342499634176,7.069405940079239e-07,0.59144,0.0026619219540545873,50000,1.0276143930732982
83,1,0.6,fit,1278,sim,clean,wiener,0.00014757548314132363,0.00021462198422886143,1.0765781358571603e-06,0.19186,0.004053759254149176,50000,1.4543200514094312
83,15,5.0,fit,1241,sim,clean,wiener,7.599850796259355e-05,7.681498591624705e-05,6.090038859198508e-07,0.71076,0.0022931499871068875,50000,1.010743341883177
83,9,2.0,fit,1255,sim,clean,wiener,9.986791023554473e-05,0.00010186935519898368,6.922550040559333e-07,0.61642,0.0026066246707569622,50000,1.0200409216405792
83,13,4.0,fit,1254,sim,clean,wiener,8.115701564216283e-05,8.168032453464574e-05,6.244506060345538e-07,0.69244,0.002351313238361637,50000,1.0064481041884326
83,21,10.0,fit,1240,sim,clean,wiener,6.318161984188076e-05,6.4136423381184e-05,5.598795317165115e-07,0.7585,0.0021081765989028473,50000,1.0151120459034249
83,11,3.0,fit,1255,sim,clean,wiener,8.842504411293925e-05,8.984941928911871e-05,6.519692778189001e-07,0.66168,0.0024549323503352135,50000,1.0161082778127903
83,17,6.0,fit,1241,sim,clean,wiener,7.28254097339436e-05,7.353778730538241e-05,5.95736407580233e-07,0.7231,0.00224319247700417,50000,1.0097819919454127
83,5,1.4,fit,1278,sim,clean,wiener,0.00011732532065729173,0.00012162284244988417,7.384317431675138e-07,0.54204,0.0027804990763995808,50000,1.0366291075832261
71,29,40.0,fit,1280,sim,clean,wiener,4.4303233112590984e-05,4.431919806978049e-05,4.686879016452447e-07,0.83312,0.0017648026235359598,50000,1.0003603564811834
83,7,1.8,fit,1256,sim,clean,wiener,0.00010558768515477806,0.00010877962325852158,7.085978000134548e-07,0.5904,0.0026681620159295237,50000,1.0302302119708804
83,19,8.0,fit,1241,sim,clean,wiener,6.458777180528994e-05,6.519341288452609e-05,5.648014325798325e-07,0.75452,0.0021267095790072654,50000,1.0093770238902489
83,3,1.0,fit,1278,sim,clean,wiener,0.00013180426469587173,0.0001471074436410163,8.603412674710192e-07,0.44608,0.003239538551431078,50000,1.1161053398420415
83,1,0.6,fit,1279,sim,clean,wiener,0.00014757548314132363,0.00021554618610615552,9.43522705607337e-07,0.18838,0.0035527508612371492,50000,1.460582621977532
83,9,2.0,fit,1256,sim,clean,wiener,9.986791023554473e-05,0.0001027032614905651,6.927438100622961e-07,0.61328,0.002608465226315152,50000,1.0283910141739525
83,15,5.0,fit,1242,sim,clean,wiener,7.599850796259355e-05,7.700088859271424e-05,6.089394609571743e-07,0.71006,0.002292907400637825,50000,1.013189477754143
83,13,4.0,fit,1255,sim,clean,wiener,8.115701564216283e-05,8.230708212959231e-05,6.301784881276013e-07,0.69008,0.0023728810691284016,50000,1.014170881941992
83,21,10.0,fit,1241,sim,clean,wiener,6.318161984188076e-05,6.345123923077633e-05,5.582955756442474e-07,0.76108,0.002102212353139121,50000,1.0042673706304195
83,11,3.0,fit,1256,sim,clean,wiener,8.842504411293925e-05,9.042306183364608e-05,6.518339081676803e-07,0.65952,0.002454422627948992,50000,1.0225956089787742
83,17,6.0,fit,1242,sim,clean,wiener,7.28254097339436e-05,7.38830351331072e-05,5.96450879976284e-07,0.7218,0.0022458827592891795,50000,1.0145227524709777
83,7,1.8,fit,1257,sim,clean,wiener,0.00010558768515477806,0.00010877431175347969,7.102107115533484e-07,0.59042,0.002674235290932236,50000,1.0301799077613119
83,19,8.0,fit,1242,sim,clean,wiener,6.458777180528994e-05,6.614948379207166e-05,5.690972123739559e-07,0.75092,0.002142884955892799,50000,1.0241796851498417
83,5,1.4,fit,1279,sim,clean,wiener,0.00011732532065729173,0.00012198933629777663,7.377625179882569e-07,0.54066,0.0027779791684865687,50000,1.0397528480157197
71,29,40.0,fit,1281,sim,clean,wiener,4.4303233112590984e-05,4.5046874260523516e-05,4.747210423850516e-07,0.83038,0.0017875198785971584,50000,1.016785256869237
83,3,1.0,fit,1279,sim,clean,wiener,0.00013180426469587173,0.00014873807568888575,8.541110782554594e-07,0.43994,0.0032160793278536203,50000,1.1284769581021334
83,9,2.0,fit,1257,sim,clean,wiener,9.986791023554473e-05,0.00010242706322838528,6.926814792921592e-07,0.61432,0.0026082305253419063,50000,1.025625378430415
83,13,4.0,fit,1256,sim,clean,wiener,8.115701564216283e-05,8.300288929008385e-05,6.281725993577499e-07,0.68746,0.0023653280733051075,50000,1.022744474193825
83,15,5.0,fit,1243,sim,clean,wiener,7.599850796259355e-05,7.652816464398335e-05,6.104099574293826e-07,0.71184,0.002298444424365008,50000,1.0069693036822578
83,1,0.6,fit,1280,sim,clean,wiener,0.00014757548314132363,0.0002151478232280115,9.8766018170702e-07,0.18988,0.003718946603315286,50000,1.4578832381119713
83,21,10.0,fit,1242,sim,clean,wiener,6.318161984188076e-05,6.422140746185472e-05,5.594805778950748e-07,0.75818,0.002106674373758418,50000,1.0164571219062783
83,11,3.0,fit,1257,sim,clean,wiener,8.842504411293925e-05,9.004063347062784e-05,6.571426992970601e-07,0.66096,0.00247441240895261,50000,1.018270721534785
83,7,1.8,fit,1258,sim,clean,wiener,0.00010558768515477806,0.00010704276110981375,7.101099191396047e-07,0.59694,0.0026738557660595367,50000,1.013780735441853
83,17,6.0,fit,1243,sim,clean,wiener,7.28254097339436e-05,7.312348991211264e-05,5.955116520224448e-07,0.72466,0.0022423461799338878,50000,1.004093079314734
83,19,8.0,fit,1243,sim,clean,wiener,6.458777180528994e-05,6.518278987444223e-05,5.666815458311003e-07,0.75456,0.0021337889782977845,50000,1.0092125498762532
83,5,1.4,fit,1280,sim,clean,wiener,0.00011732532065729173,0.00012166002298517759,7.510219912352399e-07,0.5419,0.0028279065361246874,50000,1.0369460087865223
71,29,40.0,fit,1282,sim,clean,wiener,4.4303233112590984e-05,4.574799292605695e-05,4.7590781936034974e-07,0.82774,0.0017919885817836627,50000,1.032610708338019
83,3,1.0,fit,1280,sim,clean,wiener,0.00013180426469587173,0.00014691091795446528,8.5413622782136e-07,0.44682,0.0032161740263080213,50000,1.1146142979019
83,9,2.0,fit,1258,sim,clean,wiener,9.986791023554473e-05,0.00010139663125025281,6.968683706259352e-07,0.6182,0.002623995892411058,50000,1.015307429694909
83,13,4.0,fit,1257,sim,clean,wiener,8.115701564216283e-05,8.280636360353279e-05,6.3443608949108e-07,0.6882,0.0023889126885277114,50000,1.0203229252372001
83,15,5.0,fit,1244,sim,clean,wiener,7.599850796259355e-05,7.729833287506175e-05,6.066662410333699e-07,0.70894,0.0022843477931222015,50000,1.0171032951476886
83,11,3.0,fit,1258,sim,clean,wiener,8.842504411293925e-05,8.943512189584894e-05,6.478993860065554e-07,0.66324,0.002439607534561816,50000,1.0114229830818018
83,1,0.6,fit,1281,sim,clean,wiener,0.00014757548314132363,0.00021686343935655166,1.005540607928487e-06,0.18342,0.0037862737585390854,50000,1.4695085846263187
83,21,10.0,fit,1243,sim,clean,wiener,6.318161984188076e-05,6.375930652320766e-05,5.592302874127412e-07,0.75992,0.00210573192720002,50000,1.0091432711407626
83,7,1.8,fit,1259,sim,clean,wiener,0.00010558768515477806,0.00010790853643164673,7.031183940806335e-07,0.59368,0.0026475298000525694,50000,1.0219803216015826
83,17,6.0,fit,1244,sim,clean,wiener,7.28254097339436e-05,7.40476917894067e-05,5.96653257070239e-07,0.72118,0.0022466447922435224,50000,1.0167837305677856
83,19,8.0,fit,1244,sim,clean,wiener,6.458777180528994e-05,6.553334920720895e-05,5.70784508550802e-07,0.75324,0.0021492383196325656,50000,1.0146401923381039
71,29,40.0,fit,1283,sim,clean,wiener,4.4303233112590984e-05,4.4855660079014413e-05,4.7537002322394284e-07,0.8311,0.0017899635582464075,50000,1.012469224650479
83,5,1.4,fit,1281,sim,clean,wiener,0.00011732532065729173,0.00012170782653055489,7.405247323539439e-07,0.54172,0.002788380041097577,50000,1.0373534531907609
83,9,2.0,fit,1259,sim,clean,wiener,9.986791023554473e-05,0.00010201276583511552,6.922183497179986e-07,0.61588,0.0026064866521063336,50000,1.0214769248151083
83,13,4.0,fit,1258,sim,clean,wiener,8.115701564216283e-05,8.230708212959231e-05,6.252294530838723e-07,0.69008,0.0023542459176801034,50000,1.014170881941992
83,3,1.0,fit,1281,sim,clean,wiener,0.00013180426469587173,0.0001474739374889088,8.44738000873829e-07,0.4447,0.00318078583831476,50000,1.1188859315682511
83,15,5.0,fit,1245,sim,clean,wiener,7.599850796259355e-05,7.712305320867839e-05,6.070126076394166e-07,0.7096,0.0022856520057825042,50000,1.0147969384693492
83,11,3.0,fit,1259,sim,clean,wiener,8.842504411293925e-05,9.053460343952639e-05,6.596449771405409e-07,0.6591,0.0024838345136996907,50000,1.023857034483271
83,21,10.0,fit,1244,sim,clean,wiener,6.318161984188076e-05,6.396114371480065e-05,5.62203208351531e-07,0.75916,0.002116926196678545,50000,1.0123378266475398
83,7,1.8,fit,1260,sim,clean,wiener,0.00010558768515477806,0.00010855122854171904,7.026980845903756e-07,0.59126,0.002645947162035884,50000,1.0280671309594183
83,1,0.6,fit,1282,sim,clean,wiener,0.00014757548314132363,0.00021639602691286272,9.566236079061877e-07,0.18518,0.0036020811440683033,50000,1.4663413075573946
83,17,6.0,fit,1245,sim,clean,wiener,7.28254097339436e-05,7.367588643647232e-05,5.966385234000039e-07,0.72258,0.0022465893139181937,50000,1.0116782961556385
83,19,8.0,fit,1245,sim,clean,wiener,6.458777180528994e-05,6.52305934198195e-05,5.674874546998358e-07,0.75438,0.0021368235564912528,50000,1.0099526829392327
83,5,1.4,fit,1282,sim,clean,wiener,0.00011732532065729173,0.00012073050960284159,7.475025401932709e-07,0.5454,0.0028146543561335456,50000,1.0290234787041106
83,23,20.0,fit,1234,sim,clean,wiener,6.0825605745000845e-05,6.28351046459136e-05,5.513659883174876e-07,0.7634,0.0020761196081560346,50000,1.0330370553042607
83,9,2.0,fit,1260,sim,clean,wiener,9.986791023554473e-05,0.00010261827740989438,6.902099455844852e-07,0.6136,0.002598924184904806,50000,1.027540049329787
83,13,4.0,fit,1259,sim,clean,wiener,8.115701564216283e-05,8.2461115775808e-05,6.273819364138113e-07,0.6895,0.002362350902285977,50000,1.016068852745833
83,11,3.0,fit,1260,sim,clean,wiener,8.842504411293925e-05,9.029027420759807e-05,6.508066184724227e-07,0.66002,0.0024505544599357832,50000,1.0210939119496112
83,15,5.0,fit,1246,sim,clean,wiener,7.599850796259355e-05,7.785072939942143e-05,6.074063055202805e-07,0.70686,0.0022871344401500016,50000,1.0243718131642734
83,3,1.0,fit,1282,sim,clean,wiener,0.00013180426469587173,0.00014535995848222462,8.417369727853934e-07,0.45266,0.0031694857338631943,50000,1.1028471561040276
83,7,1.8,fit,1261,sim,clean,wiener,0.00010558768515477806,0.00010829096479466496,7.056216792472409e-07,0.59224,0.002656955697785324,50000,1.0256022246905425
83,21,10.0,fit,1245,sim,clean,wiener,6.318161984188076e-05,6.382304458371071e-05,5.588870969290274e-07,0.75968,0.002104439673945979,50000,1.0101520781429028
83,1,0.6,fit,1283,sim,clean,wiener,0.00014757548314132363,0.00021541339848010752,1.0113120198426454e-06,0.18888,0.0038080054969770937,50000,1.4596828273556783
83,17,6.0,fit,1246,sim,clean,wiener,7.28254097339436e-05,7.429202102133504e-05,5.94910093109335e-07,0.72026,0.0022400810633299794,50000,1.0201387303243397
83,19,8.0,fit,1246,sim,clean,wiener,6.458777180528994e-05,6.610699175173632e-05,5.673632685263632e-07,0.75108,0.002136355944496188,50000,1.02352178909386
83,9,2.0,fit,1261,sim,clean,wiener,9.986791023554473e-05,0.00010213493045107969,6.924004826183922e-07,0.61542,0.0026071724573496916,50000,1.0227001867785963
83,5,1.4,fit,1283,sim,clean,wiener,0.00011732532065729173,0.00012204776285323775,7.450657925487944e-07,0.54044,0.0028054789995246563,50000,1.0402508356209
83,23,20.0,fit,1235,sim,clean,wiener,6.0825605745000845e-05,6.101856992157695e-05,5.492516576520551e-07,0.77024,0.002068158284016283,50000,1.003172416849987
83,13,4.0,fit,1260,sim,clean,wiener,8.115701564216283e-05,8.23601971800115e-05,6.283170868782851e-07,0.68988,0.0023658721282175848,50000,1.0148253546329715
83,11,3.0,fit,1261,sim,clean,wiener,8.842504411293925e-05,9.085860524708351e-05,6.545419940966985e-07,0.65788,0.0024646196847441758,50000,1.0275211752344284
83,15,5.0,fit,1247,sim,clean,wiener,7.599850796259355e-05,7.695308504733696e-05,6.083557446025478e-07,0.71024,0.002290709468601539,50000,1.0125604713873233
83,3,1.0,fit,1283,sim,clean,wiener,0.00013180426469587173,0.0001467568843082496,8.494392101655478e-07,0.4474,0.003198487823927559,50000,1.1134456434082758
83,7,1.8,fit,1262,sim,clean,wiener,0.00010558768515477806,0.00010858309757197055,7.084721737384408e-07,0.59114,0.002667688981360141,50000,1.0283689562168314
83,21,10.0,fit,1246,sim,clean,wiener,6.318161984188076e-05,6.471006592571135e-05,5.605684577763392e-07,0.75634,0.0021107706887300826,50000,1.024191308922685
83,25,26.0,fit,1234,sim,clean,wiener,6.049508539741967e-05,6.250047982827263e-05,5.498175915287405e-07,0.76466,0.0020702892577128865,50000,1.0331497082395804
83,17,6.0,fit,1247,sim,clean,wiener,7.28254097339436e-05,7.3298769578496e-05,5.95550646941434e-07,0.724,0.002242493011834381,50000,1.006499926966175
83,19,8.0,fit,1247,sim,clean,wiener,6.458777180528994e-05,6.489065709713664e-05,5.674255911268261e-07,0.75566,0.002136590614707252,50000,1.0046895144913777
83,9,2.0,fit,1262,sim,clean,wiener,9.986791023554473e-05,0.00010217742249141503,6.868984241050435e-07,0.61526,0.0025864549451947573,50000,1.023125669200679
83,13,4.0,fit,1261,sim,clean,wiener,8.115701564216283e-05,8.232832814976001e-05,6.252878404380254e-07,0.69,0.0023544657700710634,50000,1.014432671018384
83,27,30.0,fit,1234,sim,clean,wiener,5.952774351807648e-05,6.145411333501441e-05,5.455797343988137e-07,0.7686,0.002054331983469596,50000,1.0323608741586678
83,23,20.0,fit,1236,sim,clean,wiener,6.0825605745000845e-05,6.159221246610432e-05,5.486110758979629e-07,0.76808,0.0020657462303740985,50000,1.0126033553092315
83,11,3.0,fit,1262,sim,clean,wiener,8.842504411293925e-05,9.032745474289151e-05,6.552392433360573e-07,0.65988,0.0024672451147639382,50000,1.0215143871177768
83,15,5.0,fit,1248,sim,clean,wiener,7.599850796259355e-05,7.655472216919295e-05,6.07390304418949e-07,0.71174,0.0022870741894255643,50000,1.0073187516638242
83,7,1.8,fit,1263,sim,clean,wiener,0.00010558768515477806,0.00010784479837114367,7.059862485561755e-07,0.59392,0.0026583284511049847,50000,1.0213766710867558
83,29,40.0,fit,1234,sim,clean,wiener,5.6010468024705716e-05,5.813442268381439e-05,5.34376636848051e-07,0.7811,0.002012147715687322,50000,1.0379206732957813
83,21,10.0,fit,1247,sim,clean,wiener,6.318161984188076e-05,6.346186224086014e-05,5.610408025526279e-07,0.76104,0.002112549260989963,50000,1.0044355051307756
83,25,26.0,fit,1235,sim,clean,wiener,6.049508539741967e-05,6.091233982073856e-05,5.488413713561861e-07,0.77064,0.002066613387446927,50000,1.0068973276188926
83,17,6.0,fit,1248,sim,clean,wiener,7.28254097339436e-05,7.350060677008896e-05,5.954087680490922e-07,0.72324,0.002241958779479438,50000,1.0092714485041978
83,19,8.0,fit,1248,sim,clean,wiener,6.458777180528994e-05,6.533682352065792e-05,5.66857441642767e-07,0.75398,0.0021344512983380685,50000,1.0115974230791878
83,9,2.0,fit,1263,sim,clean,wiener,9.986791023554473e-05,0.00010215086496620543,6.921705897425897e-07,0.61536,0.002606306816165176,50000,1.0228597426868773
83,13,4.0,fit,1262,sim,clean,wiener,8.115701564216283e-05,8.345967872368895e-05,6.275649562621554e-07,0.68574,0.0023630400472529857,50000,1.0283729393362493
83,11,3.0,fit,1263,sim,clean,wiener,8.842504411293925e-05,8.93926298555136e-05,6.526028726471244e-07,0.6634,0.0024573180953292363,50000,1.01094244003247
83,27,30.0,fit,1235,sim,clean,wiener,5.952774351807648e-05,6.0014695468654066e-05,5.433333779453521e-07,0.77402,0.002045873527963171,50000,1.0081802521278118
83,7,1.8,fit,1264,sim,clean,wiener,0.00010558768515477806,0.00010784479837114367,7.04725077169542e-07,0.59392,0.0026535796223768563,50000,1.0213766710867558
83,23,20.0,fit,1237,sim,clean,wiener,6.0825605745000845e-05,6.148067086022401e-05,5.487731491850492e-07,0.7685,0.0020663565029270083,50000,1.0107695617199342
83,15,5.0,fit,1249,sim,clean,wiener,7.599850796259355e-05,7.644318056331263e-05,6.107013384391664e-07,0.71216,0.0022995415936512427,50000,1.0058510701412446
83,29,40.0,fit,1235,sim,clean,wiener,5.6010468024705716e-05,5.6471921605693455e-05,5.299606935071006e-07,0.78736,0.0019955198736497128,50000,1.0082387024651214
83,21,10.0,fit,1248,sim,clean,wiener,6.318161984188076e-05,6.370087996774654e-05,5.59971855951925e-07,0.76014,0.0021085242376029326,50000,1.0082185313888008
83,17,6.0,fit,1249,sim,clean,wiener,7.28254097339436e-05,7.302788282135808e-05,5.959574639160978e-07,0.72502,0.0022440248449831896,50000,1.002780253323039
83,25,26.0,fit,1236,sim,clean,wiener,6.049508539741967e-05,6.134788323417599e-05,5.46182554635954e-07,0.769,0.0020566018494769995,50000,1.014096977153663
83,9,2.0,fit,1264,sim,clean,wiener,9.986791023554473e-05,0.00010197027379478014,6.85778045232448e-07,0.61604,0.0025822362581606564,50000,1.0210514423930255
83,19,8.0,fit,1249,sim,clean,wiener,6.458777180528994e-05,6.486941107696897e-05,5.634689611040724e-07,0.75574,0.0021216922761326798,50000,1.0043605664633868
83,13,4.0,fit,1263,sim,clean,wiener,8.115701564216283e-05,8.208399891783168e-05,6.267921555221812e-07,0.69092,0.0023601301347747896,50000,1.0114220966398777
83,11,3.0,fit,1264,sim,clean,wiener,8.842504411293925e-05,9.019997862188545e-05,6.516060928562532e-07,0.66036,0.0024535648096484196,50000,1.0200727579697806
83,27,30.0,fit,1236,sim,clean,wiener,5.952774351807648e-05,6.0189975135037424e-05,5.42132306662814e-07,0.77336,0.0020413510008336334,50000,1.0111247559175471
83,7,1.8,fit,1265,sim,clean,wiener,0.00010558768515477806,0.00010745174699804159,7.029451725582266e-07,0.5954,0.002646877549810727,50000,1.0176541595786577
83,15,5.0,fit,1250,sim,clean,wiener,7.599850796259355e-05,7.727177534985215e-05,6.079690583457123e-07,0.70904,0.0022892534358809305,50000,1.016753847166122
83,23,20.0,fit,1238,sim,clean,wiener,6.0825605745000845e-05,6.241018424255999e-05,5.506890875468565e-07,0.765,0.0020735707984861247,50000,1.0260511749640797
83,21,10.0,fit,1249,sim,clean,wiener,6.318161984188076e-05,6.325471354422527e-05,5.562570928253607e-07,0.76182,0.0020945366273220564,50000,1.0011568823738206
83,29,40.0,fit,1236,sim,clean,wiener,5.6010468024705716e-05,5.659408622165759e-05,5.277806452707572e-07,0.7869,0.001987311095839515,50000,1.0104198057529967
83,17,6.0,fit,1250,sim,clean,wiener,7.28254097339436e-05,7.410611834486783e-05,5.969258302165762e-07,0.72096,0.002247671142192119,50000,1.017586013118266
83,9,2.0,fit,1265,sim,clean,wiener,9.986791023554473e-05,0.00010158784543176191,6.926499286135565e-07,0.61748,0.0026081117240667356,50000,1.017222100594281
83,19,8.0,fit,1250,sim,clean,wiener,6.458777180528994e-05,6.559177576267007e-05,5.667244914852312e-07,0.75302,0.0021339506863402016,50000,1.0155447994150792
83,25,26.0,fit,1237,sim,clean,wiener,6.049508539741967e-05,6.097076637619968e-05,5.464010761386276e-07,0.77042,0.002057424672767005,50000,1.007863134263801
83,13,4.0,fit,1264,sim,clean,wiener,8.115701564216283e-05,8.24080007253888e-05,6.284071265867189e-07,0.6897,0.002366211164734441,50000,1.0154143800548534
83,11,3.0,fit,1265,sim,clean,wiener,8.842504411293925e-05,8.936076082526208e-05,6.48291199331785e-07,0.66352,0.0024410828728026247,50000,1.0105820327454709
83,7,1.8,fit,1266,sim,clean,wiener,0.00010558768515477806,0.00010818473469382658,7.054630453066169e-07,0.59264,0.002656358375785732,50000,1.024596140499165
83,15,5.0,fit,1251,sim,clean,wiener,7.599850796259355e-05,7.667688678515712e-05,6.099255149770356e-07,0.71128,0.00229662029938151,50000,1.0089262123790308
83,27,30.0,fit,1237,sim,clean,wiener,5.952774351807648e-05,6.0168729114869755e-05,5.445176170567697e-07,0.77344,0.0020503326750488703,50000,1.0107678463672762
83,23,20.0,fit,1239,sim,clean,wiener,6.0825605745000845e-05,6.176218062744575e-05,5.544994887900418e-07,0.76744,0.0020879185255921425,50000,1.0153977074453036
83,21,10.0,fit,1250,sim,clean,wiener,6.318161984188076e-05,6.379648705850111e-05,5.581477704761766e-07,0.75978,0.002101655805919814,50000,1.009731741892011
83,17,6.0,fit,1251,sim,clean,wiener,7.28254097339436e-05,7.325627753816063e-05,5.956580535256734e-07,0.72416,0.0022428974417780284,50000,1.0059164487476437
83,29,40.0,fit,1237,sim,clean,wiener,5.6010468024705716e-05,5.687559598887936e-05,5.288012084736695e-07,0.78584,0.0019911539358438363,50000,1.0154458263728852
83,9,2.0,fit,1266,sim,clean,wiener,9.986791023554473e-05,0.00010184279767377408,6.911887330872488e-07,0.61652,0.0026026097222244123,50000,1.0197749951267776
83,19,8.0,fit,1251,sim,clean,wiener,6.458777180528994e-05,6.541118459124478e-05,5.67749607350741e-07,0.7537,0.002137810668990766,50000,1.0127487411771559
83,13,4.0,fit,1265,sim,clean,wiener,8.115701564216283e-05,8.198839182707712e-05,6.235011274397358e-07,0.69128,0.002347738061129103,50000,1.0102440457961144
83,25,26.0,fit,1238,sim,clean,wiener,6.049508539741967e-05,6.200119835433216e-05,5.487384972653824e-07,0.76654,0.0020662260242043365,50000,1.0248964514558192
83,11,3.0,fit,1266,sim,clean,wiener,8.842504411293925e-05,9.015217507650815e-05,6.495908036245654e-07,0.66054,0.0024459764172218568,50000,1.0195321470392817
83,7,1.8,fit,1267,sim,clean,wiener,0.00010558768515477806,0.00010870526218793472,7.092135873171079e-07,0.59068,0.002670480708273005,50000,1.029525953036916
83,15,5.0,fit,1252,sim,clean,wiener,7.599850796259355e-05,7.73886284607744e-05,6.107476636919094e-07,0.7086,0.0022997160272717606,50000,1.0182914182850151
83,27,30.0,fit,1238,sim,clean,wiener,5.952774351807648e-05,6.094952035603201e-05,5.445030216671735e-07,0.7705,0.002050277717406993,50000,1.0238842723397332
83,21,10.0,fit,1251,sim,clean,wiener,6.318161984188076e-05,6.372743749295615e-05,5.594649516788777e-07,0.76004,0.0021066155346306237,50000,1.0086388676396927
83,23,20.0,fit,1240,sim,clean,wiener,6.0825605745000845e-05,6.180998417282302e-05,5.484193247308393e-07,0.76726,0.0020650242084025096,50000,1.0161836189835738
83,17,6.0,fit,1252,sim,clean,wiener,7.28254097339436e-05,7.38830351331072e-05,5.96805551768141e-07,0.7218,0.0022472182443882536,50000,1.0145227524709777
83,9,2.0,fit,1267,sim,clean,wiener,9.986791023554473e-05,0.00010259171988468479,6.946297969024041e-07,0.6137,0.002615566742082239,50000,1.0272741228159854
83,19,8.0,fit,1252,sim,clean,wiener,6.458777180528994e-05,6.57351863988019e-05,5.681586705492736e-07,0.75248,0.0021393509600958448,50000,1.017765198604018
83,29,40.0,fit,1238,sim,clean,wiener,5.6010468024705716e-05,5.7799797866173426e-05,5.325668739718678e-07,0.78236,0.002005333214479472,50000,1.0319463468985557
83,13,4.0,fit,1266,sim,clean,wiener,8.115701564216283e-05,8.233895115984384e-05,6.277724736564183e-07,0.68996,0.0023638214355511237,50000,1.01456356555658
83,11,3.0,fit,1267,sim,clean,wiener,8.842504411293925e-05,8.991315734962175e-05,6.509376198731446e-07,0.66144,0.0024510477340631276,50000,1.0168290923867884
83,25,26.0,fit,1239,sim,clean,wiener,6.049508539741967e-05,6.154440892072702e-05,5.538037363557113e-07,0.76826,0.0020852987316586358,50000,1.017345599504718
83,7,1.8,fit,1268,sim,clean,wiener,0.00010558768515477806,0.00010860434359213823,7.065558560411172e-07,0.59106,0.002660473257446864,50000,1.0285701730551071
83,15,5.0,fit,1253,sim,clean,wiener,7.599850796259355e-05,7.697964257254656e-05,6.107268381792175e-07,0.71014,0.0022996376106552744,50000,1.0129099193688897
83,21,10.0,fit,1252,sim,clean,wiener,6.318161984188076e-05,6.408330833076479e-05,5.624782391404855e-07,0.7587,0.0021179618006619124,50000,1.0142713734016413
83,27,30.0,fit,1239,sim,clean,wiener,5.952774351807648e-05,6.015810610478593e-05,5.481820396049966e-07,0.77348,0.0020641307323576974,50000,1.0105893915921411
83,23,20.0,fit,1241,sim,clean,wiener,6.0825605745000845e-05,6.149660537534975e-05,5.483041301576063e-07,0.76844,0.002064590453478721,50000,1.0110315322326906
83,17,6.0,fit,1253,sim,clean,wiener,7.28254097339436e-05,7.334657312387327e-05,5.945244340595663e-07,0.72382,0.0022386288984662544,50000,1.0071563399620223
83,9,2.0,fit,1268,sim,clean,wiener,9.986791023554473e-05,0.00010285198363173887,6.880921125039127e-07,0.61272,0.002590949672732238,50000,1.0298802026512421
83,13,4.0,fit,1267,sim,clean,wiener,8.115701564216283e-05,8.236550868505343e-05,6.30290869759466e-07,0.68986,0.0023733042321715607,50000,1.0148908019020695
83,19,8.0,fit,1253,sim,clean,wiener,6.458777180528994e-05,6.462508184504063e-05,5.65092252938024e-07,0.75666,0.002127804637209776,50000,1.0005776641414905
83,11,3.0,fit,1268,sim,clean,wiener,8.842504411293925e-05,9.070457160086783e-05,6.503288956790387e-07,0.65846,0.002448755637230679,50000,1.0257792066805993
83,29,40.0,fit,1239,sim,clean,wiener,5.6010468024705716e-05,5.687559598887936e-05,5.32589231018682e-07,0.78584,0.0020054173979515305,50000,1.0154458263728852
83,7,1.8,fit,1269,sim,clean,wiener,0.00010558768515477806,0.00010747830452325118,6.993419531606393e-07,0.5953,0.0026333099475241827,50000,1.017905680626502
83,25,26.0,fit,1240,sim,clean,wiener,6.049508539741967e-05,6.155503193081088e-05,5.472464289249512e-07,0.76822,0.0020606077735252715,50000,1.0175212007128833
83,15,5.0,fit,1254,sim,clean,wiener,7.599850796259355e-05,7.660783721961217e-05,6.05765757412906e-07,0.71154,0.0022809571021095523,50000,1.0080176476269578
83,21,10.0,fit,1253,sim,clean,wiener,6.318161984188076e-05,6.319097548372225e-05,5.559837465360147e-07,0.76206,0.002093507366172199,50000,1.000148075371681
83,9,2.0,fit,1269,sim,clean,wiener,9.986791023554473e-05,0.0001019543392796544,6.843892509742213e-07,0.6161,0.0025770068768562393,50000,1.0208918864847447
83,17,6.0,fit,1254,sim,clean,wiener,7.28254097339436e-05,7.376087051714303e-05,5.963439034572456e-07,0.72226,0.0022454799487178104,50000,1.0128452525927008
83,27,30.0,fit,1240,sim,clean,wiener,5.952774351807648e-05,6.045023888209153e-05,5.437478083641483e-07,0.77238,0.002047434028858964,50000,1.0154968979083663
83,13,4.0,fit,1268,sim,clean,wiener,8.115701564216283e-05,8.314629992621568e-05,6.256044186216964e-07,0.68692,0.00235565781707534,50000,1.0245115504594697
83,23,20.0,fit,1242,sim,clean,wiener,6.0825605745000845e-05,6.161876999131392e-05,5.466783116637475e-07,0.76798,0.0020584685784883847,50000,1.0130399728304926
83,11,3.0,fit,1269,sim,clean,wiener,8.842504411293925e-05,9.011499454121471e-05,6.52339647924079e-07,0.66068,0.002456326946037395,50000,1.0191116718711162
83,19,8.0,fit,1254,sim,clean,wiener,6.458777180528994e-05,6.511374030889727e-05,5.644432645062589e-07,0.75482,0.0021253609289702347,50000,1.0081434687852826
83,7,1.8,fit,1270,sim,clean,wiener,0.00010558768515477806,0.00010818473469382658,7.139755126097107e-07,0.59264,0.0026884113145889937,50000,1.024596140499165
83,29,40.0,fit,1240,sim,clean,wiener,5.6010468024705716e-05,5.709336769559807e-05,5.308803115037363e-07,0.78502,0.0019989826134546376,50000,1.0193338800599683
83,15,5.0,fit,1255,sim,clean,wiener,7.599850796259355e-05,7.677249387591167e-05,6.074766243705729e-07,0.71092,0.0022873992195288685,50000,1.0101842251126703
83,25,26.0,fit,1241,sim,clean,wiener,6.049508539741967e-05,6.12947681837568e-05,5.46489734191763e-07,0.7692,0.0020577585067836747,50000,1.0132189711128374
83,21,10.0,fit,1254,sim,clean,wiener,6.318161984188076e-05,6.335563214002176e-05,5.580870448013938e-07,0.76144,0.0021014271487904182,50000,1.0027541601272092
83,9,2.0,fit,1270,sim,clean,wiener,9.986791023554473e-05,0.00010237925968300798,6.929447336982007e-07,0.6145,0.00260922178640243,50000,1.0251467107055718
83,13,4.0,fit,1269,sim,clean,wiener,8.115701564216283e-05,8.280636360353279e-05,6.282685275486753e-07,0.6882,0.0023656892823792526,50000,1.0203229252372001
83,17,6.0,fit,1255,sim,clean,wiener,7.28254097339436e-05,7.382460857764609e-05,5.97159277941696e-07,0.72202,0.0022485501688456846,50000,1.0137204699204976
83,11,3.0,fit,1270,sim,clean,wiener,8.842504411293925e-05,8.99503378849152e-05,6.536775310810662e-07,0.6613,0.0024613646261165,50000,1.0172495675549542
83,23,20.0,fit,1243,sim,clean,wiener,6.0825605745000845e-05,6.112480002241536e-05,5.461821255312836e-07,0.76984,0.0020566002337215144,50000,1.0049188869350323
83,27,30.0,fit,1241,sim,clean,wiener,5.952774351807648e-05,6.031213975100159e-05,5.421960623155837e-07,0.7729,0.002041591067075749,50000,1.013176985831605
83,19,8.0,fit,1255,sim,clean,wiener,6.458777180528994e-05,6.564489081308927e-05,5.685455294009298e-07,0.75282,0.0021408076427069053,50000,1.0163671694850565
83,7,1.8,fit,1271,sim,clean,wiener,0.00010558768515477806,0.0001064691185652864,7.055606043753283e-07,0.5991,0.0026567257257851824,50000,1.0083478808084132
83,29,40.0,fit,1241,sim,clean,wiener,5.6010468024705716e-05,5.679061190820864e-05,5.298468922471776e-07,0.78616,0.0019950913651233166,50000,1.0139285371291455
83,15,5.0,fit,1256,sim,clean,wiener,7.599850796259355e-05,7.848811000445185e-05,6.15015855090173e-07,0.70446,0.0023157875225055134,50000,1.0327585647218716
83,21,10.0,fit,1255,sim,clean,wiener,6.318161984188076e-05,6.40779968257229e-05,5.602204607318488e-07,0.75872,0.002109460336798779,50000,1.0141873061514632
83,9,2.0,fit,1271,sim,clean,wiener,9.986791023554473e-05,0.00010047242937295872,6.868046032701959e-07,0.62168,0.0025861016711825626,50000,1.0060531870146094
83,13,4.0,fit,1270,sim,clean,wiener,8.115701564216283e-05,8.224865557413118e-05,6.292539765349365e-07,0.6903,0.0023693999029227096,50000,1.0134509619819143
83,25,26.0,fit,1242,sim,clean,wiener,6.049508539741967e-05,6.114073453754112e-05,5.450595318936078e-07,0.76978,0.0020523732071864136,50000,1.010672753594443
83,11,3.0,fit,1271,sim,clean,wiener,8.842504411293925e-05,8.895177493703424e-05,6.479779849733053e-07,0.66506,0.0024399034919830353,50000,1.0059568058956492
83,17,6.0,fit,1256,sim,clean,wiener,7.28254097339436e-05,7.481786002048511e-05,6.008837846636984e-07,0.71828,0.002262574467768899,50000,1.0273592732786623
83,7,1.8,fit,1272,sim,clean,wiener,0.00010558768515477806,0.0001083068993097907,7.104940098431452e-07,0.59218,0.002675302025454978,50000,1.025753137319249
83,19,8.0,fit,1256,sim,clean,wiener,6.458777180528994e-05,6.680279891222784e-05,5.724757461139917e-07,0.74846,0.0021556065243121883,50000,1.0342948370105638
83,23,20.0,fit,1244,sim,clean,wiener,6.0825605745000845e-05,6.128945667871488e-05,5.468983199375864e-07,0.76922,0.002059297000083027,50000,1.0076259155668525
83,27,30.0,fit,1242,sim,clean,wiener,5.952774351807648e-05,6.035994329637889e-05,5.430678747600186e-07,0.77272,0.002044873799324158,50000,1.013980032319715
83,29,40.0,fit,1242,sim,clean,wiener,5.6010468024705716e-05,5.693402254434048e-05,5.267324623049294e-07,0.78562,0.0019833642560735535,50000,1.0164889627279563
83,15,5.0,fit,1257,sim,clean,wiener,7.599850796259355e-05,7.70964956834688e-05,6.149181302214797e-07,0.7097,0.0023154195482009724,50000,1.0144474904877827
83,9,2.0,fit,1272,sim,clean,wiener,9.986791023554473e-05,0.00010239519419813375,6.890821433886354e-07,0.61444,0.002594677546006984,50000,1.0253062666138528
83,21,10.0,fit,1256,sim,clean,wiener,6.318161984188076e-05,6.519341288452609e-05,5.649110853976938e-07,0.75452,0.002127122466943908,50000,1.0318414286889142
83,13,4.0,fit,1271,sim,clean,wiener,8.115701564216283e-05,8.152629088843009e-05,6.23182661975004e-07,0.69302,0.0023465389077357867,50000,1.004550133384592
83,11,3.0,fit,1272,sim,clean,wiener,8.842504411293925e-05,8.97963042386995e-05,6.545317891149474e-07,0.66188,0.0024645812587926965,50000,1.015507599001125
83,17,6.0,fit,1257,sim,clean,wiener,7.28254097339436e-05,7.373431299193343e-05,6.001871654183686e-07,0.72236,0.0022599514099356415,50000,1.0124805787061189
83,25,26.0,fit,1243,sim,clean,wiener,6.049508539741967e-05,6.086984778040319e-05,5.450813165382014e-07,0.7708,0.0020524552353288015,50000,1.006194922786232
83,7,1.8,fit,1273,sim,clean,wiener,0.00010558768515477806,0.0001070799416451072,7.151698935595152e-07,0.5968,0.002692908649865448,50000,1.0141328649088355
83,19,8.0,fit,1257,sim,clean,wiener,6.458777180528994e-05,6.55439722172928e-05,5.659413843729348e-07,0.7532,0.002131001966133345,50000,1.0148046663520995
83,27,30.0,fit,1243,sim,clean,wiener,5.952774351807648e-05,6.008905653924096e-05,5.432145627349604e-07,0.77374,0.002045426139852065,50000,1.0094294355537603
83,23,20.0,fit,1245,sim,clean,wiener,6.0825605745000845e-05,6.12682106585472e-05,5.451359861292016e-07,0.7693,0.002052661088813148,50000,1.0072766215498434
83,9,2.0,fit,1273,sim,clean,wiener,9.986791023554473e-05,0.00010075393914018049,6.960241761012379e-07,0.62062,0.0026208171529839668,50000,1.0088720080609077
83,15,5.0,fit,1258,sim,clean,wiener,7.599850796259355e-05,7.676718237086975e-05,6.081804202911783e-07,0.71094,0.002290049300494813,50000,1.010114335516357
83,29,40.0,fit,1243,sim,clean,wiener,5.6010468024705716e-05,5.6652512777118705e-05,5.270242190995729e-07,0.78668,0.001984462840344267,50000,1.0114629421080679
83,13,4.0,fit,1272,sim,clean,wiener,8.115701564216283e-05,8.249298480605952e-05,6.30459216801401e-07,0.68938,0.0023739381279905664,50000,1.0164615363604206
83,21,10.0,fit,1257,sim,clean,wiener,6.318161984188076e-05,6.429045702739967e-05,5.615262020194193e-07,0.75792,0.0021143769895262646,50000,1.0175499961585965
83,11,3.0,fit,1273,sim,clean,wiener,8.842504411293925e-05,8.895177493703424e-05,6.47197125110309e-07,0.66506,0.00243696323359362,50000,1.0059568058956492
83,17,6.0,fit,1258,sim,clean,wiener,7.28254097339436e-05,7.351654128521471e-05,5.942115141765811e-07,0.72318,0.002237450626467958,50000,1.0094902528361467
83,7,1.8,fit,1274,sim,clean,wiener,0.00010558768515477806,0.00010712243368544257,7.054148543412153e-07,0.59664,0.0026561769169900756,50000,1.0145352985853868
83,19,8.0,fit,1258,sim,clean,wiener,6.458777180528994e-05,6.5331512015616e-05,5.698343382010323e-07,0.754,0.002145660537658264,50000,1.01151518607219
83,25,26.0,fit,1244,sim,clean,wiener,6.049508539741967e-05,6.126289915350527e-05,5.465990055999328e-07,0.76932,0.0020581699585560348,50000,1.012692167488342
83,27,30.0,fit,1244,sim,clean,wiener,5.952774351807648e-05,5.990846536781568e-05,5.432633736837673e-07,0.77442,0.0020456099331401132,50000,1.0063957043764573
83,23,20.0,fit,1246,sim,clean,wiener,6.0825605745000845e-05,6.240487273751807e-05,5.517806425346209e-07,0.76502,0.0020776809517445683,50000,1.0259638514598275
83,9,2.0,fit,1274,sim,clean,wiener,9.986791023554473e-05,0.00010077518516034816,6.865043069982325e-07,0.62054,0.0025849709322692286,50000,1.009084749271949
83,15,5.0,fit,1259,sim,clean,wiener,7.599850796259355e-05,7.727177534985215e-05,6.085527045033423e-07,0.70904,0.002291451103596667,50000,1.016753847166122
83,13,4.0,fit,1273,sim,clean,wiener,8.115701564216283e-05,8.123946961616639e-05,6.257070320004252e-07,0.6941,0.0023560441986297917,50000,1.001015980853302
83,21,10.0,fit,1258,sim,clean,wiener,6.318161984188076e-05,6.357340384674048e-05,5.613915837119358e-07,0.76062,0.0021138700962580817,50000,1.006200917384521
83,29,40.0,fit,1244,sim,clean,wiener,5.6010468024705716e-05,5.669500481745408e-05,5.269235030654322e-07,0.78652,0.0019840836030721727,50000,1.012221586729938
83,11,3.0,fit,1274,sim,clean,wiener,8.842504411293925e-05,8.869682269502208e-05,6.512516053959631e-07,0.66602,0.002452230018633472,50000,1.0030735475996564
83,17,6.0,fit,1259,sim,clean,wiener,7.28254097339436e-05,7.409018382974208e-05,5.96733343446338e-07,0.72102,0.0022469463503724026,50000,1.017367208786317
83,7,1.8,fit,1275,sim,clean,wiener,0.00010558768515477806,0.00010788197890643712,7.071067945264437e-07,0.59378,0.002662547767330516,50000,1.021728800553738
83,19,8.0,fit,1259,sim,clean,wiener,6.458777180528994e-05,6.621322185257472e-05,5.723035028772982e-07,0.75068,0.0021549579577182223,50000,1.0251665292338148
83,25,26.0,fit,1245,sim,clean,wiener,6.049508539741967e-05,6.106106196191232e-05,5.439931323189212e-07,0.77008,0.0020483577743993964,50000,1.0093557445332044
83,27,30.0,fit,1245,sim,clean,wiener,5.952774351807648e-05,6.004125299386366e-05,5.406872656635221e-07,0.77392,0.0020359098274265208,50000,1.0086263890656504
83,23,20.0,fit,1247,sim,clean,wiener,6.0825605745000845e-05,6.149129387030783e-05,5.489243922320993e-07,0.76846,0.002066925995173957,50000,1.0109442087284384
83,15,5.0,fit,1260,sim,clean,wiener,7.599850796259355e-05,7.729833287506175e-05,6.097519873294908e-07,0.70894,0.0022959668964526786,50000,1.0171032951476886
83,9,2.0,fit,1275,sim,clean,wiener,9.986791023554473e-05,0.00010185873218889983,6.956533850093034e-07,0.61646,0.002619420972093586,50000,1.0199345510350584
83,13,4.0,fit,1274,sim,clean,wiener,8.115701564216283e-05,8.14519298178432e-05,6.278887343761905e-07,0.6933,0.0023642592049549164,50000,1.0036338716172204
83,21,10.0,fit,1259,sim,clean,wiener,6.318161984188076e-05,6.4800361511424e-05,5.628830708977765e-07,0.756,0.0021194861586512053,50000,1.025620452175717
83,11,3.0,fit,1275,sim,clean,wiener,8.842504411293925e-05,8.980692724878336e-05,6.506408265001881e-07,0.66184,0.0024499301850045684,50000,1.0156277347634584
83,29,40.0,fit,1245,sim,clean,wiener,5.6010468024705716e-05,5.636569150485503e-05,5.253920475385914e-07,0.78776,0.0019783170434445187,50000,1.0063420909104461
83,17,6.0,fit,1260,sim,clean,wiener,7.28254097339436e-05,7.432389005158655e-05,5.994083086015622e-07,0.72014,0.0022570186938385673,50000,1.020576338988238
83,7,1.8,fit,1276,sim,clean,wiener,0.00010558768515477806,0.00010840781790558719,7.087242587907861e-07,0.5918,0.0026686381852123664,50000,1.0267089173010582
83,19,8.0,fit,1260,sim,clean,wiener,6.458777180528994e-05,6.548554566183168e-05,5.689937160987614e-07,0.75342,0.002142495249870202,50000,1.0139000592751244
83,25,26.0,fit,1246,sim,clean,wiener,6.049508539741967e-05,6.232520016188927e-05,5.511918457569423e-07,0.76532,0.00207546388982697,50000,1.0302522883048557
83,27,30.0,fit,1246,sim,clean,wiener,5.952774351807648e-05,6.0997323901409273e-05,5.454513396288998e-07,0.77032,0.002053848524378809,50000,1.0246873188278425
83,23,20.0,fit,1248,sim,clean,wiener,6.0825605745000845e-05,6.135850624425984e-05,5.516820057345372e-07,0.76896,0.0020773095436434547,50000,1.008761121122132
83,9,2.0,fit,1276,sim,clean,wiener,9.986791023554473e-05,0.00010194902777461248,6.94059921682918e-07,0.61612,0.002613420927609737,50000,1.0208387011819844
83,15,5.0,fit,1261,sim,clean,wiener,7.599850796259355e-05,7.744705501623551e-05,6.116420361401254e-07,0.70838,0.0023030837072086424,50000,1.0190602038444614
83,13,4.0,fit,1275,sim,clean,wiener,8.115701564216283e-05,8.196183430186752e-05,6.237296818889888e-07,0.69138,0.0023485986625874436,50000,1.0099168094506248
83,21,10.0,fit,1260,sim,clean,wiener,6.318161984188076e-05,6.4003635755136e-05,5.599222549179131e-07,0.759,0.00210833746931929,50000,1.0130103646489663
83,11,3.0,fit,1276,sim,clean,wiener,8.842504411293925e-05,9.026902818743039e-05,6.504076399841459e-07,0.6601,0.0024490521419105607,50000,1.020853640424945
83,7,1.8,fit,1277,sim,clean,wiener,0.00010558768515477806,0.00010899739496524032,7.07965150249442e-07,0.58958,0.002665779829490766,50000,1.032292684563205
83,17,6.0,fit,1261,sim,clean,wiener,7.28254097339436e-05,7.392021566840064e-05,6.025776657359355e-07,0.72166,0.0022689526263468106,50000,1.0150332959121926
83,29,40.0,fit,1246,sim,clean,wiener,5.6010468024705716e-05,5.7762617330880005e-05,5.327175019313721e-07,0.7825,0.002005900390668953,50000,1.03128253285442
83,19,8.0,fit,1261,sim,clean,wiener,6.458777180528994e-05,6.552803770216703e-05,5.691107121260765e-07,0.75326,0.002142935788009173,50000,1.0145579553311062
83,25,26.0,fit,1247,sim,clean,wiener,6.049508539741967e-05,6.108761948712191e-05,5.474548553114382e-07,0.76998,0.002061392584552813,50000,1.0097947475536173
83,9,2.0,fit,1277,sim,clean,wiener,9.986791023554473e-05,0.00010311755888383486,6.938764101658658e-07,0.61172,0.002612729931307921,50000,1.0325394677892592
83,27,30.0,fit,1247,sim,clean,wiener,5.952774351807648e-05,6.0179352124953606e-05,5.417814826747872e-07,0.7734,0.0020400300042977813,50000,1.010946301142412
83,13,4.0,fit,1276,sim,clean,wiener,8.115701564216283e-05,8.348623624889854e-05,6.321499567969591e-07,0.68564,0.0023803044591235102,50000,1.028700175681739
83,15,5.0,fit,1262,sim,clean,wiener,7.599850796259355e-05,7.769138424816384e-05,6.091353631286092e-07,0.70746,0.0022936450528470904,50000,1.022275125274874
83,23,20.0,fit,1249,sim,clean,wiener,6.0825605745000845e-05,6.098670089132543e-05,5.451344133270308e-07,0.77036,0.0020526551665664087,50000,1.0026484758244734
83,11,3.0,fit,1277,sim,clean,wiener,8.842504411293925e-05,9.021060163196927e-05,6.456495334051672e-07,0.66032,0.0024311359146212096,50000,1.0201928937321134
83,21,10.0,fit,1261,sim,clean,wiener,6.318161984188076e-05,6.357340384674048e-05,5.597040065839283e-07,0.76062,0.0021075156746216952,50000,1.006200917384521
83,7,1.8,fit,1278,sim,clean,wiener,0.00010558768515477806,0.00010789260191652094,7.064615949372297e-07,0.59374,0.002660118325640743,50000,1.0218294089728757
83,17,6.0,fit,1262,sim,clean,wiener,7.28254097339436e-05,7.473287593981439e-05,5.961195029376744e-07,0.7186,0.002244634988512369,50000,1.0261923168416
83,29,40.0,fit,1247,sim,clean,wiener,5.6010468024705716e-05,5.684372695862784e-05,5.300342085113553e-07,0.78596,0.001995796687862161,50000,1.0148768429064827
83,19,8.0,fit,1262,sim,clean,wiener,6.458777180528994e-05,6.653191215508991e-05,5.681665907219143e-07,0.74948,0.0021393807828017563,50000,1.030100749653679
83,9,2.0,fit,1278,sim,clean,wiener,9.986791023554473e-05,0.00010184810917881599,6.918782099371483e-07,0.6165,0.0026052058860026933,50000,1.0198281804295377
83,27,30.0,fit,1248,sim,clean,wiener,5.952774351807648e-05,6.02324671753728e-05,5.448396666899251e-07,0.7732,0.0020515453243097246,50000,1.0118385750180892
83,13,4.0,fit,1277,sim,clean,wiener,8.115701564216283e-05,8.327908755226367e-05,6.241449608971312e-07,0.68642,0.0023501623587709733,50000,1.0261477321869186
83,25,26.0,fit,1248,sim,clean,wiener,6.049508539741967e-05,6.108761948712191e-05,5.503923709404786e-07,0.76998,0.0020724535384852917,50000,1.0097947475536173
83,15,5.0,fit,1263,sim,clean,wiener,7.599850796259355e-05,7.671406732045056e-05,6.077266728534111e-07,0.71114,0.0022883407548596824,50000,1.009415439553224
83,11,3.0,fit,1278,sim,clean,wiener,8.842504411293925e-05,8.98441077840768e-05,6.5294670159031e-07,0.6617,0.002458612752645654,50000,1.016048209931624
83,23,20.0,fit,1250,sim,clean,wiener,6.0825605745000845e-05,6.159221246610432e-05,5.494846736069545e-07,0.76808,0.0020690356848774715,50000,1.0126033553092315
83,7,1.8,fit,1279,sim,clean,wiener,0.00010558768515477806,0.0001085671630568448,7.025452071239244e-07,0.5912,0.0026453715155279937,50000,1.028218043588125
83,21,10.0,fit,1262,sim,clean,wiener,6.318161984188076e-05,6.491721462234624e-05,5.610905753573784e-07,0.75556,0.0021127366760610496,50000,1.0274699316796403
83,17,6.0,fit,1263,sim,clean,wiener,7.28254097339436e-05,7.343686870958591e-05,5.955544922178084e-07,0.72348,0.002242507490880693,50000,1.008396231176401
83,29,40.0,fit,1248,sim,clean,wiener,5.6010468024705716e-05,5.684372695862784e-05,5.314254597758113e-07,0.78596,0.0020010353208050873,50000,1.0148768429064827
83,19,8.0,fit,1263,sim,clean,wiener,6.458777180528994e-05,6.536338104586752e-05,5.663656378922616e-07,0.75388,0.002132599455040834,50000,1.0120086081141766
83,9,2.0,fit,1279,sim,clean,wiener,9.986791023554473e-05,0.00010264483493510398,6.926922250952728e-07,0.6135,0.0026082709877081425,50000,1.0278059758435887
83,13,4.0,fit,1278,sim,clean,wiener,8.115701564216283e-05,8.218491751362814e-05,6.246149011790784e-07,0.69054,0.0023519318771211897,50000,1.0126655947527388
83,25,26.0,fit,1249,sim,clean,wiener,6.049508539741967e-05,6.072643714427135e-05,5.447540709769551e-07,0.77134,0.0020512230212626804,50000,1.0038243064760026
83,11,3.0,fit,1279,sim,clean,wiener,8.842504411293925e-05,9.009906002608896e-05,6.54312613923893e-07,0.66074,0.0024637559740972115,50000,1.0189314682276167
83,27,30.0,fit,1249,sim,clean,wiener,5.952774351807648e-05,5.9993449448486396e-05,5.417607603169344e-07,0.7741,0.0020399519761016703,50000,1.0078233425775411
83,15,5.0,fit,1264,sim,clean,wiener,7.599850796259355e-05,7.693715053221118e-05,6.088548541547213e-07,0.7103,0.00229258882124541,50000,1.012350802598383
83,7,1.8,fit,1280,sim,clean,wiener,0.00010558768515477806,0.00010877962325852158,7.106458894896945e-07,0.5904,0.002675873914760742,50000,1.0302302119708804
83,23,20.0,fit,1251,sim,clean,wiener,6.0825605745000845e-05,6.114073453754112e-05,5.45914686072583e-07,0.76978,0.0020555932142172877,50000,1.0051808574477892
83,21,10.0,fit,1263,sim,clean,wiener,6.318161984188076e-05,6.380711006858496e-05,5.575241901190759e-07,0.75974,0.0020993077695264407,50000,1.009899876392368
83,17,6.0,fit,1264,sim,clean,wiener,7.28254097339436e-05,7.353247580034048e-05,5.974778701937324e-07,0.72312,0.002249749799645324,50000,1.009709057168096
83,29,40.0,fit,1249,sim,clean,wiener,5.6010468024705716e-05,5.655690568636417e-05,5.274811542622946e-07,0.78704,0.001986183389074299,50000,1.009755991708861
83,19,8.0,fit,1264,sim,clean,wiener,6.458777180528994e-05,6.516685535931649e-05,5.673098907507807e-07,0.75462,0.0021361549552279435,50000,1.0089658388552603
83,9,2.0,fit,1280,sim,clean,wiener,9.986791023554473e-05,0.00010234207914771456,6.968575682895758e-07,0.61464,0.0026239552171739107,50000,1.0247744135862495
83,13,4.0,fit,1279,sim,clean,wiener,8.115701564216283e-05,8.237613169513728e-05,6.273429100786359e-07,0.68982,0.0023622039520906275,50000,1.0150216964402656
83,11,3.0,fit,1280,sim,clean,wiener,8.842504411293925e-05,8.941387587568127e-05,6.511764085524519e-07,0.66332,0.0024519468716048326,50000,1.011182711557136
83,7,1.8,fit,1281,sim,clean,wiener,0.00010558768515477806,0.00010846624446104832,7.050970067890332e-07,0.59158,0.0026549800902915272,50000,1.027262263606316
83,25,26.0,fit,1250,sim,clean,wiener,6.049508539741967e-05,6.128945667871488e-05,5.470264670157224e-07,0.76922,0.0020597795265124464,50000,1.013131170508755
83,15,5.0,fit,1265,sim,clean,wiener,7.599850796259355e-05,7.660252571457025e-05,6.05874843617793e-07,0.71156,0.002281367856515417,50000,1.0079477580306444
83,23,20.0,fit,1252,sim,clean,wiener,6.0825605745000845e-05,6.137975226442752e-05,5.491358660102243e-07,0.76888,0.0020677222808837734,50000,1.009110415139141
83,27,30.0,fit,1250,sim,clean,wiener,5.952774351807648e-05,6.0269647710666245e-05,5.419394423192949e-07,0.77306,0.002040624787295297,50000,1.0124631667310633
83,21,10.0,fit,1264,sim,clean,wiener,6.318161984188076e-05,6.352560030136318e-05,5.595159530679642e-07,0.7608,0.002106807575826797,50000,1.0054443121329157
83,17,6.0,fit,1265,sim,clean,wiener,7.28254097339436e-05,7.334126161883135e-05,5.969925975316827e-07,0.72384,0.002247922548581003,50000,1.007083405184706
83,29,40.0,fit,1250,sim,clean,wiener,5.6010468024705716e-05,5.683310394854399e-05,5.300147232365321e-07,0.786,0.0019957233177922114,50000,1.014687181751015
83,9,2.0,fit,1281,sim,clean,wiener,9.986791023554473e-05,0.00010245893225863681,6.887981024332571e-07,0.6142,0.0025936080150430235,50000,1.0259444902469772
83,19,8.0,fit,1265,sim,clean,wiener,6.458777180528994e-05,6.54961686719155e-05,5.668219464257457e-07,0.75338,0.0021343176442541836,50000,1.0140645332891196
83,13,4.0,fit,1280,sim,clean,wiener,8.115701564216283e-05,8.178655463548417e-05,6.290318666034378e-07,0.69204,0.0023685635677230038,50000,1.007757049570392
83,11,3.0,fit,1281,sim,clean,wiener,8.842504411293925e-05,9.033807775297536e-05,6.55878503799873e-07,0.65984,0.0024696521932050597,50000,1.02163452288011
83,7,1.8,fit,1282,sim,clean,wiener,0.00010558768515477806,0.00010743581248291584,7.048876326969779e-07,0.59546,0.0026541917107629274,50000,1.0175032469499512
83,25,26.0,fit,1251,sim,clean,wiener,6.049508539741967e-05,6.080610971990017e-05,5.450557990775838e-07,0.77104,0.0020523591515995525,50000,1.0051413155372415
83,15,5.0,fit,1266,sim,clean,wiener,7.599850796259355e-05,7.739925147085825e-05,6.10937703273464e-07,0.70856,0.002300431604420063,50000,1.0184311974776419
83,23,20.0,fit,1253,sim,clean,wiener,6.0825605745000845e-05,6.085922477031936e-05,5.461162263961184e-07,0.77084,0.0020563520963870104,50000,1.0005527117224193
83,21,10.0,fit,1265,sim,clean,wiener,6.318161984188076e-05,6.397176672488447e-05,5.62757710890796e-07,0.75912,0.002119014126690429,50000,1.0125059611478961
83,27,30.0,fit,1251,sim,clean,wiener,5.952774351807648e-05,6.002531847873792e-05,5.417020913033499e-07,0.77398,0.002039731063147163,50000,1.0083587069029476
83,17,6.0,fit,1266,sim,clean,wiener,7.28254097339436e-05,7.389896964823294e-05,5.990333927772637e-07,0.72174,0.002255606981635192,50000,1.0147415568029268
83,29,40.0,fit,1251,sim,clean,wiener,5.6010468024705716e-05,5.662595525190911e-05,5.273363182204859e-07,0.78678,0.001985638021835953,50000,1.0109887892193992
83,9,2.0,fit,1282,sim,clean,wiener,9.986791023554473e-05,0.00010123197459395326,6.861505064531791e-07,0.61882,0.002583638727772533,50000,1.0136586853093381
83,19,8.0,fit,1266,sim,clean,wiener,6.458777180528994e-05,6.579892445930495e-05,5.683055650414806e-07,0.75224,0.002139904078246153,50000,1.0187520426879908
83,13,4.0,fit,1281,sim,clean,wiener,8.115701564216283e-05,8.280105209849087e-05,6.283781237641094e-07,0.68822,0.002366101957184488,50000,1.0202574779681022
83,11,3.0,fit,1282,sim,clean,wiener,8.842504411293925e-05,8.974318918828031e-05,6.490729526933312e-07,0.66208,0.0024440264955813903,50000,1.01490692018946
83,7,1.8,fit,1283,sim,clean,wiener,0.00010558768515477806,0.0001085937205820544,7.025495410341239e-07,0.5911,0.0026453878344815302,50000,1.0284695646359694
83,25,26.0,fit,1252,sim,clean,wiener,6.049508539741967e-05,6.135850624425984e-05,5.480194403599747e-07,0.76896,0.002063518479356943,50000,1.0142725783618285
83,15,5.0,fit,1267,sim,clean,wiener,7.599850796259355e-05,7.709118417842687e-05,6.096965700809132e-07,0.70972,0.002295758227730197,50000,1.0143776008914693
83,23,20.0,fit,1254,sim,clean,wiener,6.0825605745000845e-05,6.079548670981632e-05,5.480417664886992e-07,0.77108,0.0020636025464096834,50000,0.9995048296713921
83,21,10.0,fit,1266,sim,clean,wiener,6.318161984188076e-05,6.438606411815423e-05,5.598253317445888e-07,0.75756,0.002107972513727384,50000,1.0190632066618066
83,27,30.0,fit,1252,sim,clean,wiener,5.952774351807648e-05,6.0269647710666245e-05,5.433745080183973e-07,0.77306,0.00204602839959643,50000,1.0124631667310633
83,17,6.0,fit,1267,sim,clean,wiener,7.28254097339436e-05,7.363870590117888e-05,5.987918294734099e-07,0.72272,0.0022546973964914434,50000,1.0111677527144238
83,9,2.0,fit,1283,sim,clean,wiener,9.986791023554473e-05,0.00010316536242921216,6.931886147095893e-07,0.61154,0.0026101400986678377,50000,1.0330181355141024
83,13,4.0,fit,1282,sim,clean,wiener,8.115701564216283e-05,8.27001335026944e-05,6.25023184271588e-07,0.6886,0.0023534692308063965,50000,1.0190139798552411
83,29,40.0,fit,1252,sim,clean,wiener,5.6010468024705716e-05,5.674811986787327e-05,5.308882556051556e-07,0.78632,0.001999012526262238,50000,1.0131698925072752
83,19,8.0,fit,1267,sim,clean,wiener,6.458777180528994e-05,6.58361049945984e-05,5.657533508691303e-07,0.7521,0.002130293942692454,50000,1.019327701736975
83,11,3.0,fit,1283,sim,clean,wiener,8.842504411293925e-05,9.133132919581439e-05,6.559414122096981e-07,0.6561,0.0024698890692291943,50000,1.0328672166582484
91,1,0.6,fit,1234,sim,clean,wiener,0.00011236496689108554,0.0001246132197884851,7.886109774000139e-07,0.53078,0.002969444521566141,50000,1.1090041962035346
83,15,5.0,fit,1268,sim,clean,wiener,7.599850796259355e-05,7.762233468261887e-05,6.045919629418561e-07,0.70772,0.002276537283388546,50000,1.0213665605228008
83,25,26.0,fit,1253,sim,clean,wiener,6.049508539741967e-05,6.062551854847489e-05,5.439550354168149e-07,0.77172,0.002048214323901635,50000,1.002156094998434
83,21,10.0,fit,1267,sim,clean,wiener,6.318161984188076e-05,6.417360391647742e-05,5.592192547557042e-07,0.75836,0.0021056903847108386,50000,1.0157005166546729
83,23,20.0,fit,1255,sim,clean,wiener,6.0825605745000845e-05,6.137444075938559e-05,5.455813975124711e-07,0.7689,0.002054338245776209,50000,1.0090230916348883
83,27,30.0,fit,1253,sim,clean,wiener,5.952774351807648e-05,6.0014695468654066e-05,5.42241915023852e-07,0.77402,0.0020417637213720604,50000,1.0081802521278118
83,17,6.0,fit,1268,sim,clean,wiener,7.28254097339436e-05,7.426546349612544e-05,5.935376330198906e-07,0.72036,0.0022349131868858734,50000,1.0197740564377578
91,3,1.0,fit,1234,sim,clean,wiener,0.00013526125742517757,0.00017348968918423294,1.059495196367785e-06,0.34674,0.0039894349643121085,50000,1.282626618196287
83,13,4.0,fit,1283,sim,clean,wiener,8.115701564216283e-05,8.31569229362995e-05,6.315611008990287e-07,0.68688,0.0023780871745938603,50000,1.0246424449976654
83,19,8.0,fit,1268,sim,clean,wiener,6.458777180528994e-05,6.650535462988031e-05,5.680681706036368e-07,0.74958,0.0021390101905967196,50000,1.0296895646186903
91,5,1.4,fit,1234,sim,clean,wiener,0.00013887160653031511,0.00017399959366825728,1.0066538280237043e-06,0.34482,0.0037904654898334414,50000,1.252952983087107
83,29,40.0,fit,1253,sim,clean,wiener,5.6010468024705716e-05,5.642942956535808e-05,5.28637486189403e-07,0.78752,0.0019905374541386535,50000,1.007480057843251
91,1,0.6,fit,1235,sim,clean,wiener,0.00011236496689108554,0.00012431577550613758,7.906111757263604e-07,0.5319,0.0029769760905303433,50000,1.1063570696962504
83,15,5.0,fit,1269,sim,clean,wiener,7.599850796259355e-05,7.73355134103552e-05,6.121407944912447e-07,0.7088,0.002304961737436169,50000,1.0175925223218818
83,25,26.0,fit,1254,sim,clean,wiener,6.049508539741967e-05,6.055115747788799e-05,5.454733595573054e-07,0.772,0.002053931438461472,50000,1.000926886541278
83,21,10.0,fit,1268,sim,clean,wiener,6.318161984188076e-05,6.441793314840576e-05,5.585103091423292e-07,0.75744,0.00210302091303462,50000,1.0195676101628768
83,23,20.0,fit,1256,sim,clean,wiener,6.0825605745000845e-05,6.265982497953024e-05,5.544763608169086e-07,0.76406,0.0020878314392655715,50000,1.0301553796639362
83,27,30.0,fit,1254,sim,clean,wiener,5.952774351807648e-05,5.952072549975551e-05,5.423328470101666e-07,0.77588,0.002042106117681946,50000,0.9998821050840129
83,17,6.0,fit,1269,sim,clean,wiener,7.28254097339436e-05,7.426015199108351e-05,6.023744942734121e-07,0.72038,0.0022681876022682497,50000,1.0197011216604412
91,3,1.0,fit,1235,sim,clean,wiener,0.00013526125742517757,0.00017141820221788413,1.0398878643041412e-06,0.35454,0.003915605298675357,50000,1.2673119079401394
91,7,1.8,fit,1234,sim,clean,wiener,0.0001374125523158707,0.00016520905282387967,9.444807553153772e-07,0.37792,0.003556358312234481,50000,1.2022850171948851
91,5,1.4,fit,1235,sim,clean,wiener,0.00013887160653031511,0.0001739571016279219,9.889509210480784e-07,0.34498,0.0037238067675469735,50000,1.2526470023225933
83,19,8.0,fit,1269,sim,clean,wiener,6.458777180528994e-05,6.582017047947262e-05,5.702657174781575e-07,0.75216,0.0021472848579732052,50000,1.0190809907159817
91,1,0.6,fit,1236,sim,clean,wiener,0.00011236496689108554,0.00012525060039351554,7.95558731496357e-07,0.52838,0.0029956056719049216,50000,1.1146766101477157
83,29,40.0,fit,1254,sim,clean,wiener,5.6010468024705716e-05,5.602044367713024e-05,5.281967422035483e-07,0.78906,0.0019888778718455892,50000,1.0001781033577533
83,15,5.0,fit,1270,sim,clean,wiener,7.599850796259355e-05,7.734082491539713e-05,6.113186709537577e-07,0.70878,0.00230186610434913,50000,1.0176624119181954
83,21,10.0,fit,1269,sim,clean,wiener,6.318161984188076e-05,6.436481809798657e-05,5.637013034803467e-07,0.75764,0.002122567140693442,50000,1.0187269376610935
83,25,26.0,fit,1255,sim,clean,wiener,6.049508539741967e-05,6.114604604258304e-05,5.450776839601126e-07,0.76976,0.0020524415571789734,50000,1.0107605541985256
83,23,20.0,fit,1257,sim,clean,wiener,6.0825605745000845e-05,6.227739661651201e-05,5.490962770030554e-07,0.7655,0.002067573211997059,50000,1.0238680873577735
91,3,1.0,fit,1236,sim,clean,wiener,0.00013526125742517757,0.00017043557378512895,1.0430519409368616e-06,0.35824,0.003927519347924104,50000,1.2600472376904284
83,17,6.0,fit,1270,sim,clean,wiener,7.28254097339436e-05,7.397864222386177e-05,5.966652666750165e-07,0.72144,0.002246690013342562,50000,1.015835578462673
83,27,30.0,fit,1255,sim,clean,wiener,5.952774351807648e-05,5.981285827706111e-05,5.405053673728498e-07,0.77478,0.0020352249055852092,50000,1.0047896114002381
91,7,1.8,fit,1235,sim,clean,wiener,0.0001374125523158707,0.0001646672793096038,9.229388888075519e-07,0.37996,0.003475244329143773,50000,1.1983423387048555
91,5,1.4,fit,1236,sim,clean,wiener,0.00013887160653031511,0.0001737393299212032,1.0044949569826586e-06,0.3458,0.003782336452869315,50000,1.251078850904462
83,19,8.0,fit,1270,sim,clean,wiener,6.458777180528994e-05,6.614948379207166e-05,5.670098609767106e-07,0.75092,0.0021350252197887333,50000,1.0241796851498417
91,1,0.6,fit,1237,sim,clean,wiener,0.00011236496689108554,0.00012478318794982657,7.881250984935352e-07,0.53014,0.0029676149877423223,50000,1.1105168399219831
83,29,40.0,fit,1255,sim,clean,wiener,5.6010468024705716e-05,5.6679070302328335e-05,5.286417824018634e-07,0.78658,0.001990553631144706,50000,1.011937094996737
83,15,5.0,fit,1271,sim,clean,wiener,7.599850796259355e-05,7.674062484566016e-05,6.094596510439585e-07,0.71104,0.0022948661301605442,50000,1.0097648875347904
83,21,10.0,fit,1270,sim,clean,wiener,6.318161984188076e-05,6.454009776436993e-05,5.613518955170916e-07,0.75698,0.0021137206538889945,50000,1.0215011569169785
91,3,1.0,fit,1237,sim,clean,wiener,0.00013526125742517757,0.00017260797934727423,1.0291775059806645e-06,0.35006,0.003875276396644963,50000,1.2761080492154653
83,25,26.0,fit,1256,sim,clean,wiener,6.049508539741967e-05,6.251641434339841e-05,5.535308640244085e-07,0.7646,0.0020842712551556518,50000,1.0334131100518285
83,23,20.0,fit,1258,sim,clean,wiener,6.0825605745000845e-05,6.0885782295528965e-05,5.493799146891736e-07,0.77074,0.0020686412244864745,50000,1.0009893292436807
83,17,6.0,fit,1271,sim,clean,wiener,7.28254097339436e-05,7.336781914404095e-05,5.980257573901553e-07,0.72374,0.0022518128201718937,50000,1.0074480790712879
91,5,1.4,fit,1237,sim,clean,wiener,0.00013887160653031511,0.00017341532811364607,9.888864986661418e-07,0.34702,0.003723564190795457,50000,1.2487457475750465
91,7,1.8,fit,1236,sim,clean,wiener,0.0001374125523158707,0.00016379619248272894,9.626421062323953e-07,0.38324,0.0036247432644229216,50000,1.1920031301522591
83,27,30.0,fit,1256,sim,clean,wiener,5.952774351807648e-05,6.143286731484671e-05,5.486618958998591e-07,0.76868,0.0020659375885729333,50000,1.0320039646083965
91,1,0.6,fit,1238,sim,clean,wiener,0.00011236496689108554,0.0001254099455447731,7.913889793541382e-07,0.52778,0.002979904840937767,50000,1.1160947136337607
83,19,8.0,fit,1271,sim,clean,wiener,6.458777180528994e-05,6.501813321814273e-05,5.680517833380642e-07,0.75518,0.002138948485805165,50000,1.0066632026593236
83,29,40.0,fit,1256,sim,clean,wiener,5.6010468024705716e-05,5.8107865158604796e-05,5.354999523408645e-07,0.7812,0.0020163774603037645,50000,1.0374465204071128
83,21,10.0,fit,1271,sim,clean,wiener,6.318161984188076e-05,6.351497729127937e-05,5.60817176759155e-07,0.76084,0.0021117072179467652,50000,1.0052761776325596
83,15,5.0,fit,1272,sim,clean,wiener,7.599850796259355e-05,7.705931514817535e-05,6.10638601441734e-07,0.70984,0.002299305363065233,50000,1.0139582633135893
91,3,1.0,fit,1238,sim,clean,wiener,0.00013526125742517757,0.00017220430496408832,1.0458640795550629e-06,0.35158,0.0039381082058692896,50000,1.2731236441399083
91,5,1.4,fit,1238,sim,clean,wiener,0.00013887160653031511,0.00017317099888171773,9.9846509059612e-07,0.34794,0.003759631527094232,50000,1.246986358179094
91,7,1.8,fit,1237,sim,clean,wiener,0.0001374125523158707,0.00016374307743230974,9.395545126633978e-07,0.38344,0.003537808983510889,50000,1.1916165930453935
83,17,6.0,fit,1272,sim,clean,wiener,7.28254097339436e-05,7.370244396168192e-05,5.960317343581918e-07,0.72248,0.002244304503729657,50000,1.0120429700422204
83,25,26.0,fit,1257,sim,clean,wiener,6.049508539741967e-05,6.199057534424831e-05,5.482695889573892e-07,0.76658,0.002064460391660293,50000,1.024720850247654
83,23,20.0,fit,1259,sim,clean,wiener,6.0825605745000845e-05,6.192152577870336e-05,5.517391424871927e-07,0.76684,0.002077524687005664,50000,1.0180174125728718
91,1,0.6,fit,1239,sim,clean,wiener,0.00011236496689108554,0.00012485223751537152,7.94871670583621e-07,0.52988,0.0029930186051232337,50000,1.1111313514326027
83,27,30.0,fit,1257,sim,clean,wiener,5.952774351807648e-05,6.114604604258304e-05,5.458353068183706e-07,0.76976,0.002055294318693002,50000,1.0271856856797392
83,19,8.0,fit,1272,sim,clean,wiener,6.458777180528994e-05,6.587328552989184e-05,5.685065653211051e-07,0.75196,0.0021406609269285443,50000,1.0199033607859596
83,21,10.0,fit,1272,sim,clean,wiener,6.318161984188076e-05,6.409924284589056e-05,5.61667558429292e-07,0.75864,0.0021149092545199233,50000,1.0145235751521764
83,29,40.0,fit,1257,sim,clean,wiener,5.6010468024705716e-05,5.7709502280460814e-05,5.325350208344031e-07,0.7827,0.002005213274322348,50000,1.0303342270770826
83,15,5.0,fit,1273,sim,clean,wiener,7.599850796259355e-05,7.606075220029439e-05,6.07398325781354e-07,0.7136,0.0022871043931525364,50000,1.000819019206686
91,5,1.4,fit,1239,sim,clean,wiener,0.00013887160653031511,0.00017314975286155008,1.0214980792678543e-06,0.34802,0.003846360198120432,50000,1.2468333677968375
91,3,1.0,fit,1239,sim,clean,wiener,0.00013526125742517757,0.00017166253144981246,1.0367492132406997e-06,0.35362,0.003903786987147192,50000,1.2691182583806082
91,7,1.8,fit,1238,sim,clean,wiener,0.0001374125523158707,0.0001639449146239027,9.361223265871738e-07,0.38268,0.0035248853919897056,50000,1.193085434051483
83,17,6.0,fit,1273,sim,clean,wiener,7.28254097339436e-05,7.272512703396864e-05,5.961800887028675e-07,0.72616,0.0022448631188246434,50000,0.9986229710160048
83,25,26.0,fit,1258,sim,clean,wiener,6.049508539741967e-05,6.0423681356881906e-05,5.474968787598507e-07,0.77248,0.0020615508201115886,50000,0.9988196720432961
91,1,0.6,fit,1240,sim,clean,wiener,0.00011236496689108554,0.00012518686233301248,7.84350781779688e-07,0.52862,0.0029534031337233235,50000,1.1141093687532975
83,23,20.0,fit,1260,sim,clean,wiener,6.0825605745000845e-05,6.123103012325376e-05,5.477027437203496e-07,0.76944,0.0020623259863173033,50000,1.0066653570200776
83,19,8.0,fit,1273,sim,clean,wiener,6.458777180528994e-05,6.45082287341184e-05,5.672383914135202e-07,0.7571,0.002135885730830353,50000,0.9987684499875404
83,27,30.0,fit,1258,sim,clean,wiener,5.952774351807648e-05,5.960570958042623e-05,5.442176936794893e-07,0.77556,0.0020492033402373117,50000,1.0013097432850966
91,5,1.4,fit,1240,sim,clean,wiener,0.00013887160653031511,0.00017420674236489215,1.0167777439831782e-06,0.34404,0.003828586195281607,50000,1.25444463931411
83,21,10.0,fit,1273,sim,clean,wiener,6.318161984188076e-05,6.286697367616513e-05,5.59399566990776e-07,0.76328,0.0021063693344007994,50000,0.9950199731108024
91,3,1.0,fit,1240,sim,clean,wiener,0.00013526125742517757,0.00017167315445989632,1.0732794365116578e-06,0.35358,0.004041338295044485,50000,1.2691967953562808
83,29,40.0,fit,1258,sim,clean,wiener,5.6010468024705716e-05,5.611605076788481e-05,5.279189439071467e-07,0.7887,0.001987831847058983,50000,1.0018850537569606
83,15,5.0,fit,1274,sim,clean,wiener,7.599850796259355e-05,7.622540885659394e-05,6.054793911721815e-07,0.71298,0.0022798788154903575,50000,1.002985596692399
91,7,1.8,fit,1239,sim,clean,wiener,0.0001374125523158707,0.0001642901624516275,9.472371001848213e-07,0.38138,0.0035667370837792318,50000,1.1955979252461095
91,1,0.6,fit,1241,sim,clean,wiener,0.00011236496689108554,0.00012439013657672448,7.816365368117218e-07,0.53162,0.0029431828856145686,50000,1.1070188513230714
83,17,6.0,fit,1274,sim,clean,wiener,7.28254097339436e-05,7.296945626589696e-05,5.92671100002729e-07,0.72524,0.0022316503338514785,50000,1.0019779707725587
83,25,26.0,fit,1259,sim,clean,wiener,6.049508539741967e-05,6.143817881988863e-05,5.489449697132649e-07,0.76866,0.002067003477849783,50000,1.0155895874230667
83,19,8.0,fit,1274,sim,clean,wiener,6.458777180528994e-05,6.502875622822655e-05,5.645021889271319e-07,0.75514,0.0021255828036381794,50000,1.0068276766733188
83,27,30.0,fit,1259,sim,clean,wiener,5.952774351807648e-05,6.057240349805566e-05,5.475878567422816e-07,0.77192,0.0020618933896157606,50000,1.0175491278224238
83,23,20.0,fit,1261,sim,clean,wiener,6.0825605745000845e-05,6.127883366863103e-05,5.48427056736438e-07,0.76926,0.002065053322582154,50000,1.0074512685583479
91,5,1.4,fit,1241,sim,clean,wiener,0.00013887160653031511,0.00017350562369935872,9.974599438297931e-07,0.34668,0.0037558467363112275,50000,1.2493959566996378
91,3,1.0,fit,1241,sim,clean,wiener,0.00013526125742517757,0.00017114731546074625,1.045700051310556e-06,0.35556,0.003937490572098024,50000,1.2653092150604897
83,21,10.0,fit,1274,sim,clean,wiener,6.318161984188076e-05,6.312723742321921e-05,5.565912078033887e-07,0.7623,0.0020957947075663226,50000,0.9991392683695408
91,7,1.8,fit,1240,sim,clean,wiener,0.0001374125523158707,0.00016572426881294593,9.310701013388531e-07,0.37598,0.003505861687000453,50000,1.206034427131482
83,15,5.0,fit,1275,sim,clean,wiener,7.599850796259355e-05,7.690528150195966e-05,6.113296403064375e-07,0.71042,0.0023019074084713828,50000,1.0119314650205031
83,29,40.0,fit,1259,sim,clean,wiener,5.6010468024705716e-05,5.7162417261143036e-05,5.318820869216194e-07,0.78476,0.002002754709724816,50000,1.0205666775705071
91,1,0.6,fit,1242,sim,clean,wiener,0.00011236496689108554,0.00012417767637504769,7.981378353564203e-07,0.53242,0.003005317058186995,50000,1.1051280466750113
83,17,6.0,fit,1275,sim,clean,wiener,7.28254097339436e-05,7.355903332555007e-05,5.994744129898124e-07,0.72302,0.002257267604035314,50000,1.010073731054678
83,25,26.0,fit,1260,sim,clean,wiener,6.049508539741967e-05,6.108761948712191e-05,5.463995484327663e-07,0.76998,0.0020574189203264094,50000,1.0097947475536173
83,19,8.0,fit,1275,sim,clean,wiener,6.458777180528994e-05,6.566613683325697e-05,5.678233025136066e-07,0.75274,0.002138088161574446,50000,1.0166961175130478
91,5,1.4,fit,1242,sim,clean,wiener,0.00013887160653031511,0.00017478038490941953,1.0240674905057844e-06,0.34188,0.003856035087695615,50000,1.258575379635042
83,27,30.0,fit,1260,sim,clean,wiener,5.952774351807648e-05,6.025371319554047e-05,5.441194938514524e-07,0.77312,0.0020488335775155904,50000,1.0121954845683598
83,23,20.0,fit,1262,sim,clean,wiener,6.0825605745000845e-05,6.220834705096704e-05,5.514164632484271e-07,0.76576,0.0020763096670208614,50000,1.0227328818024939
91,3,1.0,fit,1242,sim,clean,wiener,0.00013526125742517757,0.00017153505532880637,1.0246127819767099e-06,0.3541,0.003858088334248605,50000,1.2681758146725375
91,7,1.8,fit,1241,sim,clean,wiener,0.0001374125523158707,0.00016467259081464578,9.296329952992416e-07,0.37994,0.0035004503919785356,50000,1.1983809924155424
83,21,10.0,fit,1275,sim,clean,wiener,6.318161984188076e-05,6.434357207781889e-05,5.635655040586534e-07,0.75772,0.002122055800044712,50000,1.01839066866038
83,15,5.0,fit,1276,sim,clean,wiener,7.599850796259355e-05,7.857840559016449e-05,6.151383639588555e-07,0.70412,0.0023162488187585175,50000,1.033946687859198
83,29,40.0,fit,1260,sim,clean,wiener,5.6010468024705716e-05,5.64878561208192e-05,5.282917944423719e-07,0.7873,0.001989235782599974,50000,1.0085231941983221
91,1,0.6,fit,1243,sim,clean,wiener,0.00011236496689108554,0.00012425734895067647,7.959595529169369e-07,0.53212,0.0029971149293278798,50000,1.1058370984180337
83,17,6.0,fit,1276,sim,clean,wiener,7.28254097339436e-05,7.451510423309569e-05,6.013135730957507e-07,0.71942,0.002264192797898157,50000,1.0232019909716283
91,5,1.4,fit,1243,sim,clean,wiener,0.00013887160653031511,0.00017497159909092864,1.0335753015533698e-06,0.34116,0.003891835904874727,50000,1.2599522930753526
83,25,26.0,fit,1261,sim,clean,wiener,6.049508539741967e-05,6.088047079048704e-05,5.478906026096686e-07,0.77076,0.0020630333522628735,50000,1.0063705239943972
83,19,8.0,fit,1276,sim,clean,wiener,6.458777180528994e-05,6.652128914500608e-05,5.738173252574321e-07,0.74952,0.0021606581212996797,50000,1.0299362756396837
83,27,30.0,fit,1261,sim,clean,wiener,5.952774351807648e-05,6.012623707453441e-05,5.450092028525825e-07,0.7736,0.002052183697657088,50000,1.0100540272667347
91,3,1.0,fit,1243,sim,clean,wiener,0.00013526125742517757,0.00017183781111619584,1.017424991228084e-06,0.35296,0.0038310233472368346,50000,1.2704141184792055
83,23,20.0,fit,1263,sim,clean,wiener,6.0825605745000845e-05,6.147535935518209e-05,5.451082498298917e-07,0.76852,0.0020525566502440757,50000,1.010682238215682
91,7,1.8,fit,1242,sim,clean,wiener,0.0001374125523158707,0.00016485849349111295,9.404874131072097e-07,0.37924,0.0035413217371897394,50000,1.199733872289572
83,21,10.0,fit,1276,sim,clean,wiener,6.318161984188076e-05,6.517216686435838e-05,5.648829792116567e-07,0.7546,0.0021270166355992506,50000,1.0315051596882003
83,15,5.0,fit,1277,sim,clean,wiener,7.599850796259355e-05,7.756390812715776e-05,6.118282031805326e-07,0.70794,0.0023037847026475544,50000,1.0205977749633546
91,1,0.6,fit,1244,sim,clean,wiener,0.00011236496689108554,0.00012330658954817281,7.804050230734352e-07,0.5357,0.0029385457301244877,50000,1.0973757476179644
83,29,40.0,fit,1261,sim,clean,wiener,5.6010468024705716e-05,5.640287204014848e-05,5.310716256373368e-07,0.78762,0.001999702989815351,50000,1.0070059049545823
83,17,6.0,fit,1277,sim,clean,wiener,7.28254097339436e-05,7.419641393058046e-05,5.997866357891919e-07,0.72062,0.002258443251227269,50000,1.0188259043326446
91,5,1.4,fit,1244,sim,clean,wiener,0.00013887160653031511,0.00017293198115483135,1.017518483940108e-06,0.34884,0.0038313753857317093,50000,1.245265216378706
91,3,1.0,fit,1244,sim,clean,wiener,0.00013526125742517757,0.00017224679700442364,1.0286066862053889e-06,0.35142,0.003873127025531614,50000,1.2734377920425983
83,25,26.0,fit,1262,sim,clean,wiener,6.049508539741967e-05,6.213398598038014e-05,5.5228290824978e-07,0.76604,0.002079572188639554,50000,1.027091466557883
83,19,8.0,fit,1277,sim,clean,wiener,6.458777180528994e-05,6.622915636770049e-05,5.686808635254559e-07,0.75062,0.0021413172313205203,50000,1.0254132402548082
91,7,1.8,fit,1243,sim,clean,wiener,0.0001374125523158707,0.00016584112192386815,9.588252390870877e-07,0.37554,0.0036103711905373322,50000,1.2068848087665864
83,27,30.0,fit,1262,sim,clean,wiener,5.952774351807648e-05,6.124696463837953e-05,5.479771618115407e-07,0.76938,0.0020633592832417164,50000,1.0288810060435263
83,23,20.0,fit,1264,sim,clean,wiener,6.0825605745000845e-05,6.075830617452287e-05,5.453636640477708e-07,0.77122,0.0020535183897731294,50000,0.9988935651416262
83,21,10.0,fit,1277,sim,clean,wiener,6.318161984188076e-05,6.462508184504063e-05,5.606898051407657e-07,0.75666,0.0021112276114420778,50000,1.0228462329198318
91,1,0.6,fit,1245,sim,clean,wiener,0.00011236496689108554,0.00012563834026157566,8.017864857147651e-07,0.52692,0.003019055726717096,50000,1.1181273286304252
83,15,5.0,fit,1278,sim,clean,wiener,7.599850796259355e-05,7.722928330951679e-05,6.081604449071559e-07,0.7092,0.002289974084962248,50000,1.0161947303956154
91,5,1.4,fit,1245,sim,clean,wiener,0.00013887160653031511,0.0001734737546691072,1.0120156487018843e-06,0.3468,0.0038106549488883153,50000,1.2491664711262527
83,29,40.0,fit,1262,sim,clean,wiener,5.6010468024705716e-05,5.7751994320796153e-05,5.335188542984278e-07,0.78254,0.002008917811760456,50000,1.0310928716989523
83,17,6.0,fit,1278,sim,clean,wiener,7.28254097339436e-05,7.390959265831679e-05,5.974556200092468e-07,0.7217,0.0022496660185538633,50000,1.0148874263575596
91,3,1.0,fit,1245,sim,clean,wiener,0.00013526125742517757,0.00017155098984393216,1.0651394215238032e-06,0.35404,0.004010687792320262,50000,1.2682936201360464
91,7,1.8,fit,1244,sim,clean,wiener,0.0001374125523158707,0.00016360497830121982,9.449379401703595e-07,0.38396,0.00355807980115852,50000,1.1906115965675428
83,19,8.0,fit,1278,sim,clean,wiener,6.458777180528994e-05,6.659033871055103e-05,5.720853868271346e-07,0.74926,0.0021541366611235956,50000,1.031005356730654
83,25,26.0,fit,1263,sim,clean,wiener,6.049508539741967e-05,6.119384958796031e-05,5.434256462455818e-07,0.76958,0.002046220956044295,50000,1.0115507596352686
83,27,30.0,fit,1263,sim,clean,wiener,5.952774351807648e-05,6.019528664007935e-05,5.405626961064181e-07,0.77334,0.0020354407718344773,50000,1.0112139833051148
83,23,20.0,fit,1265,sim,clean,wiener,6.0825605745000845e-05,6.120978410308608e-05,5.492996734735674e-07,0.76952,0.002068339083323196,50000,1.0063160630030685
91,1,0.6,fit,1246,sim,clean,wiener,0.00011236496689108554,0.00012567020929182718,7.873440584789257e-07,0.5268,0.0029646740510080247,50000,1.1184109493276342
83,21,10.0,fit,1278,sim,clean,wiener,6.318161984188076e-05,6.497032967276543e-05,5.62688871073716e-07,0.75536,0.0021187549164796257,50000,1.0283106041814236
91,5,1.4,fit,1246,sim,clean,wiener,0.00013887160653031511,0.00017495035307076097,1.0057476819486746e-06,0.34124,0.0037870534773515622,50000,1.2597993026930958
83,15,5.0,fit,1279,sim,clean,wiener,7.599850796259355e-05,7.730364438010368e-05,6.109597073342342e-07,0.70892,0.002300514458754556,50000,1.017173184744002
83,29,40.0,fit,1263,sim,clean,wiener,5.6010468024705716e-05,5.683310394854399e-05,5.294747582457361e-07,0.786,0.0019936901276265827,50000,1.014687181751015
83,17,6.0,fit,1279,sim,clean,wiener,7.28254097339436e-05,7.423359446587391e-05,6.023651518356239e-07,0.72048,0.0022681524241493756,50000,1.0193364477738593
91,3,1.0,fit,1246,sim,clean,wiener,0.00013526125742517757,0.00017333034403297536,1.0493794054725413e-06,0.34734,0.0039513448530709185,50000,1.281448563561199
91,7,1.8,fit,1245,sim,clean,wiener,0.0001374125523158707,0.00016303133575669247,9.23747957929185e-07,0.38612,0.003478290806988556,50000,1.186436995813394
83,19,8.0,fit,1279,sim,clean,wiener,6.458777180528994e-05,6.541118459124478e-05,5.655408343315053e-07,0.7537,0.00212949373056445,50000,1.0127487411771559
83,23,20.0,fit,1266,sim,clean,wiener,6.0825605745000845e-05,6.163470450643966e-05,5.477838513525466e-07,0.76792,0.0020626313898952225,50000,1.0133019433432493
83,27,30.0,fit,1264,sim,clean,wiener,5.952774351807648e-05,5.960570958042623e-05,5.413644734920682e-07,0.77556,0.00203845979329571,50000,1.0013097432850966
83,25,26.0,fit,1264,sim,clean,wiener,6.049508539741967e-05,6.0301516740917767e-05,5.444962629294008e-07,0.77294,0.0020502522679808153,50000,0.9968002581493974
91,1,0.6,fit,1247,sim,clean,wiener,0.00011236496689108554,0.00012529309243385086,7.973305812772509e-07,0.52822,0.0030022774147232373,50000,1.1150547710773273
91,5,1.4,fit,1247,sim,clean,wiener,0.00013887160653031511,0.0001740580202237184,9.993045244596767e-07,0.3446,0.0037627923406750594,50000,1.2533737066383128
83,21,10.0,fit,1279,sim,clean,wiener,6.318161984188076e-05,6.395583220975873e-05,5.625495047206616e-07,0.75918,0.0021182301448679844,50000,1.0122537593973615
83,15,5.0,fit,1280,sim,clean,wiener,7.599850796259355e-05,7.617760531121664e-05,6.079227876411965e-07,0.71316,0.002289079207656913,50000,1.0023565903255789
83,29,40.0,fit,1264,sim,clean,wiener,5.6010468024705716e-05,5.625946140401664e-05,5.292362183551017e-07,0.78816,0.001992791926876506,50000,1.0044454793557716
83,17,6.0,fit,1280,sim,clean,wiener,7.28254097339436e-05,7.299070228606463e-05,5.931159694843538e-07,0.72516,0.002233325450332076,50000,1.0022697098818243
91,3,1.0,fit,1247,sim,clean,wiener,0.00013526125742517757,0.00017227335452963327,1.0265605696260112e-06,0.35132,0.0038654225554681228,50000,1.2736341344817799
91,7,1.8,fit,1246,sim,clean,wiener,0.0001374125523158707,0.00016564459623731712,9.156393378277774e-07,0.37628,0.0034477585189179923,50000,1.2054546214711834
83,19,8.0,fit,1280,sim,clean,wiener,6.458777180528994e-05,6.481098452150784e-05,5.649781138239517e-07,0.75596,0.002127374856523618,50000,1.0034559593864116
83,23,20.0,fit,1267,sim,clean,wiener,6.0825605745000845e-05,6.175155761736191e-05,5.462950873479251e-07,0.76748,0.002057025581398867,50000,1.015223060436799
91,5,1.4,fit,1248,sim,clean,wiener,0.00013887160653031511,0.00017364903433549056,1.0187132139920455e-06,0.34614,0.003835874035521207,50000,1.250428641779871
83,27,30.0,fit,1265,sim,clean,wiener,5.952774351807648e-05,5.979161225689344e-05,5.422488111370962e-07,0.77486,0.0020417896880733618,50000,1.0044327018499675
83,21,10.0,fit,1280,sim,clean,wiener,6.318161984188076e-05,6.352028879632126e-05,5.593498270103081e-07,0.76082,0.00210618204292663,50000,1.0053602448827375
91,1,0.6,fit,1248,sim,clean,wiener,0.00011236496689108554,0.00012478849945486847,7.857162991892427e-07,0.53012,0.002958544868123565,50000,1.1105641100381844
83,25,26.0,fit,1265,sim,clean,wiener,6.049508539741967e-05,6.10026354064512e-05,5.485204986532301e-07,0.7703,0.0020654051698121,50000,1.0083899378882963
83,15,5.0,fit,1281,sim,clean,wiener,7.599850796259355e-05,7.81587966918528e-05,6.133530944033458e-07,0.7057,0.002309526544972011,50000,1.028425409750446
83,17,6.0,fit,1281,sim,clean,wiener,7.28254097339436e-05,7.464789185914367e-05,6.025354986237946e-07,0.71892,0.002268793849835038,50000,1.0250253604045378
91,7,1.8,fit,1247,sim,clean,wiener,0.0001374125523158707,0.0001641520633205376,9.329726235721061e-07,0.3819,0.003513025465320299,50000,1.194592928768259
91,3,1.0,fit,1248,sim,clean,wiener,0.00013526125742517757,0.00017184843412627968,1.0379206155419524e-06,0.35292,0.0039081977983655095,50000,1.2704926554548779
83,29,40.0,fit,1265,sim,clean,wiener,5.6010468024705716e-05,5.6440052575441927e-05,5.311578309190034e-07,0.78748,0.002000027588139127,50000,1.0076697189987187
83,19,8.0,fit,1281,sim,clean,wiener,6.458777180528994e-05,6.634600947862273e-05,5.714680606189918e-07,0.75018,0.0021518121741720794,50000,1.0272224544087583
91,5,1.4,fit,1249,sim,clean,wiener,0.00013887160653031511,0.00017419080784976637,9.9679269192452e-07,0.3441,0.0037533342585859613,50000,1.2543298965274172
83,23,20.0,fit,1268,sim,clean,wiener,6.0825605745000845e-05,6.203306738458368e-05,5.505280617861933e-07,0.76642,0.0020729644703008274,50000,1.0198512061621692
83,21,10.0,fit,1281,sim,clean,wiener,6.318161984188076e-05,6.490659161226239e-05,5.654565834140912e-07,0.7556,0.0021291764912255086,50000,1.0273017971792835
91,1,0.6,fit,1249,sim,clean,wiener,0.00011236496689108554,0.0001231206868717056,7.843804491576522e-07,0.5364,0.00295351484359738,50000,1.0957212935509115
83,27,30.0,fit,1266,sim,clean,wiener,5.952774351807648e-05,6.052991145772032e-05,5.436570558406607e-07,0.77208,0.0020470923083003977,50000,1.0168353087218822
83,15,5.0,fit,1282,sim,clean,wiener,7.599850796259355e-05,7.730364438010368e-05,6.082320446273113e-07,0.70892,0.0022902436873427044,50000,1.017173184744002
83,25,26.0,fit,1266,sim,clean,wiener,6.049508539741967e-05,6.14594248400563e-05,5.490168136749831e-07,0.76858,0.0020672739999001294,50000,1.0159407898393968
91,7,1.8,fit,1248,sim,clean,wiener,0.0001374125523158707,0.00016483724747094527,9.424403513360583e-07,0.37932,0.003548675352458615,50000,1.1995792574468258
83,17,6.0,fit,1282,sim,clean,wiener,7.28254097339436e-05,7.404238028436481e-05,5.978326413930238e-07,0.7212,0.0022510856590542538,50000,1.0167107957904695
91,3,1.0,fit,1249,sim,clean,wiener,0.00013526125742517757,0.00017207151733804034,1.0634133060248639e-06,0.35208,0.004004188257874502,50000,1.2721419319440017
83,29,40.0,fit,1266,sim,clean,wiener,5.6010468024705716e-05,5.686497297879551e-05,5.289344067917344e-07,0.78588,0.0019916554822681123,50000,1.0152561652174177
83,19,8.0,fit,1282,sim,clean,wiener,6.458777180528994e-05,6.570862887359231e-05,5.674756172693571e-07,0.75258,0.002136778983699228,50000,1.0173540135690293
91,5,1.4,fit,1250,sim,clean,wiener,0.00013887160653031511,0.0001749344185556352,1.0082086728493945e-06,0.3413,0.003796320119786417,50000,1.2596845599064035
91,1,0.6,fit,1250,sim,clean,wiener,0.00011236496689108554,0.00012528778092880895,7.88689461976689e-07,0.52824,0.002969740048261703,50000,1.115007500961126
83,21,10.0,fit,1282,sim,clean,wiener,6.318161984188076e-05,6.45082287341184e-05,5.595221767364962e-07,0.7571,0.00210683101049732,50000,1.0209967534159083
83,23,20.0,fit,1269,sim,clean,wiener,6.0825605745000845e-05,6.193746029382911e-05,5.49250071584698e-07,0.76678,0.0020681523118206637,50000,1.0182793830856283
83,15,5.0,fit,1283,sim,clean,wiener,7.599850796259355e-05,7.7547973612032e-05,6.093115166209098e-07,0.708,0.0022943083431608913,50000,1.0203881061744147
83,27,30.0,fit,1267,sim,clean,wiener,5.952774351807648e-05,6.086453627536129e-05,5.447279439074777e-07,0.77082,0.002051124642105469,50000,1.0224566341386494
83,25,26.0,fit,1267,sim,clean,wiener,6.049508539741967e-05,6.17250000921523e-05,5.463530649001392e-07,0.76758,0.0020572438907170607,50000,1.0203308200435253
91,7,1.8,fit,1249,sim,clean,wiener,0.0001374125523158707,0.00016433265449196288,9.414984963930496e-07,0.38122,0.0035451288814091655,50000,1.1959071549316023
91,3,1.0,fit,1250,sim,clean,wiener,0.00013526125742517757,0.0001735799847699456,1.0393214993559397e-06,0.3464,0.003913472701817285,50000,1.2832941824895039
83,17,6.0,fit,1283,sim,clean,wiener,7.28254097339436e-05,7.462133433393408e-05,5.986451728102778e-07,0.71902,0.0022541451738653717,50000,1.024660686517956
83,29,40.0,fit,1267,sim,clean,wiener,5.6010468024705716e-05,5.740674649307136e-05,5.3246815475504e-07,0.78384,0.002004961496045436,50000,1.0249288841462592
91,5,1.4,fit,1251,sim,clean,wiener,0.00013887160653031511,0.00017298509620525054,1.0012453250135909e-06,0.34864,0.003770100252608105,50000,1.2456476923343476
83,19,8.0,fit,1283,sim,clean,wiener,6.458777180528994e-05,6.63406979735808e-05,5.694028635168219e-07,0.7502,0.002144035858096426,50000,1.0271402174017605
91,1,0.6,fit,1251,sim,clean,wiener,0.00011236496689108554,0.00012518155082797056,7.959879153980303e-07,0.52864,0.0029972217257287852,50000,1.114062098637096
83,21,10.0,fit,1283,sim,clean,wiener,6.318161984188076e-05,6.454009776436993e-05,5.590324987043053e-07,0.75698,0.002104987171403405,50000,1.0215011569169785
83,23,20.0,fit,1270,sim,clean,wiener,6.0825605745000845e-05,6.171437708206849e-05,5.471780332328225e-07,0.76762,0.0020603502356274857,50000,1.0146117959070335
91,9,2.0,fit,1234,sim,clean,wiener,0.00013499348528917741,0.0001669724724977971,9.60537519424787e-07,0.37128,0.0036168186299134998,50000,1.236892818495023
83,25,26.0,fit,1268,sim,clean,wiener,6.049508539741967e-05,6.167188504173311e-05,5.493663659641177e-07,0.76778,0.0020685902079668667,50000,1.0194528140026997
91,7,1.8,fit,1250,sim,clean,wiener,0.0001374125523158707,0.00016455573770372353,9.605375997513223e-07,0.38038,0.0036168189323759273,50000,1.197530610780438
83,27,30.0,fit,1268,sim,clean,wiener,5.952774351807648e-05,6.090171681065471e-05,5.466752131518829e-07,0.77068,0.002058456911317441,50000,1.0230812258516233
91,3,1.0,fit,1251,sim,clean,wiener,0.00013526125742517757,0.00017145538275317759,1.0577171947199496e-06,0.3544,0.003982740057185775,50000,1.2675867873549933
91,11,3.0,fit,1234,sim,clean,wiener,0.00013263686571321248,0.00014183311913438975,8.137841138036436e-07,0.46594,0.003064231728600515,50000,1.0693340676570375
91,5,1.4,fit,1252,sim,clean,wiener,0.00013887160653031511,0.0001751999938077312,1.0338150358042702e-06,0.3403,0.0038927386028821966,50000,1.2615969396846125
83,29,40.0,fit,1268,sim,clean,wiener,5.6010468024705716e-05,5.746517304853248e-05,5.310029829624353e-07,0.78362,0.001999444521925893,50000,1.0259720205013303
91,1,0.6,fit,1252,sim,clean,wiener,0.00011236496689108554,0.00012480974547503617,8.032047436210314e-07,0.53004,0.0030243960507686514,50000,1.1107531905029906
91,13,4.0,fit,1234,sim,clean,wiener,0.00013293176964402845,0.00014318224141503743,8.097052146646931e-07,0.46086,0.0030488729965396076,50000,1.077110774937084
91,15,5.0,fit,1234,sim,clean,wiener,0.00013394409901512573,0.00014539713901751806,8.120114739593259e-07,0.45252,0.00305755701086862,50000,1.085506118497232
83,23,20.0,fit,1271,sim,clean,wiener,6.0825605745000845e-05,6.122571861821182e-05,5.463492863167525e-07,0.76946,0.0020572296627972644,50000,1.006578033515825
91,7,1.8,fit,1251,sim,clean,wiener,0.0001374125523158707,0.00016433265449196288,9.166436411371009e-07,0.38122,0.0034515401337386403,50000,1.1959071549316023
91,9,2.0,fit,1235,sim,clean,wiener,0.00013499348528917741,0.00016598453256,9.664917956777259e-07,0.375,0.003639238927761081,50000,1.2295743917155324
91,3,1.0,fit,1252,sim,clean,wiener,0.00013526125742517757,0.00017181656509602814,1.0282180835523146e-06,0.35304,0.0038716637767913513,50000,1.27025704452786
83,27,30.0,fit,1269,sim,clean,wiener,5.952774351807648e-05,6.0460861892175354e-05,5.449097256897886e-07,0.77234,0.0020518091252449038,50000,1.0156753526835016
91,5,1.4,fit,1253,sim,clean,wiener,0.00013887160653031511,0.0001729638501850829,9.821070492219094e-07,0.34872,0.0036980367766605675,50000,1.245494701952091
83,25,26.0,fit,1269,sim,clean,wiener,6.049508539741967e-05,6.152316290055935e-05,5.481958030771399e-07,0.76834,0.0020641825574883705,50000,1.016994397088388
91,11,3.0,fit,1235,sim,clean,wiener,0.00013263686571321248,0.00014105763939826943,7.936695054645914e-07,0.46886,0.0029884919592496374,50000,1.0634874296808576
91,1,0.6,fit,1253,sim,clean,wiener,0.00011236496689108554,0.00012539932253468927,7.892696471347734e-07,0.52782,0.0029719246838913614,50000,1.1160001734013576
91,13,4.0,fit,1235,sim,clean,wiener,0.00013293176964402845,0.0001425395493049651,8.054507433507982e-07,0.46328,0.003032853163063719,50000,1.0722760231558255
83,29,40.0,fit,1269,sim,clean,wiener,5.6010468024705716e-05,5.700838361492735e-05,5.284028480002585e-07,0.78534,0.001989653944898645,50000,1.0178165908162284
91,15,5.0,fit,1235,sim,clean,wiener,0.00013394409901512573,0.00014470133185702657,8.083626596918755e-07,0.45514,0.003043817725153355,50000,1.0803113606422188
91,7,1.8,fit,1252,sim,clean,wiener,0.0001374125523158707,0.00016655286359948545,9.60196214674451e-07,0.37286,0.003615533477220836,50000,1.2120644059985861
83,23,20.0,fit,1272,sim,clean,wiener,6.0825605745000845e-05,6.113011152745729e-05,5.464396121671335e-07,0.76982,0.002057569776756182,50000,1.0050062104392847
91,3,1.0,fit,1253,sim,clean,wiener,0.00013526125742517757,0.00017245394570105854,1.0421789371593111e-06,0.35064,0.003924232129816768,50000,1.2749692630682132
91,9,2.0,fit,1236,sim,clean,wiener,0.00013499348528917741,0.0001668078158414976,9.927017466264086e-07,0.3719,0.003737930167783734,50000,1.2356730806984415
83,27,30.0,fit,1270,sim,clean,wiener,5.952774351807648e-05,6.078486369973247e-05,5.439908965879312e-07,0.77112,0.002048349355953128,50000,1.0211182233251332
91,5,1.4,fit,1254,sim,clean,wiener,0.00013887160653031511,0.00017385618303212544,9.898235106019766e-07,0.34536,0.0037270924259319754,50000,1.251920298006874
91,11,3.0,fit,1236,sim,clean,wiener,0.00013263686571321248,0.0001423536466284979,7.907174467091638e-07,0.46398,0.0029773762444677476,50000,1.0732585232848841
83,25,26.0,fit,1270,sim,clean,wiener,6.049508539741967e-05,6.139037527451137e-05,5.468227710525491e-07,0.76884,0.00205901252747332,50000,1.014799381986324
91,1,0.6,fit,1254,sim,clean,wiener,0.00011236496689108554,0.00012557991370611455,7.87276519445239e-07,0.52714,0.0029644197387814386,50000,1.1176073573522087
91,13,4.0,fit,1236,sim,clean,wiener,0.00013293176964402845,0.0001433787671015885,8.020638544339417e-07,0.46012,0.0030201001339688538,50000,1.0785891701098658
83,29,40.0,fit,1270,sim,clean,wiener,5.6010468024705716e-05,5.712523672584959e-05,5.29058614530331e-07,0.7849,0.001992123175464735,50000,1.0199028635263707
91,15,5.0,fit,1236,sim,clean,wiener,0.00013394409901512573,0.00014545025406793727,8.024141000325002e-07,0.45232,0.003021418952630586,50000,1.0859026648983783
91,7,1.8,fit,1253,sim,clean,wiener,0.0001374125523158707,0.00016495941208690944,9.410126841483365e-07,0.37886,0.003543299598594299,50000,1.200468292792617
91,3,1.0,fit,1254,sim,clean,wiener,0.00013526125742517757,0.00017139164469267453,1.0051031490998455e-06,0.35464,0.0037846265462134305,50000,1.267115565500958
91,5,1.4,fit,1255,sim,clean,wiener,0.00013887160653031511,0.00017505127166655746,1.016055812292642e-06,0.34086,0.003825867825686403,50000,1.2605260070088156
91,9,2.0,fit,1237,sim,clean,wiener,0.00013499348528917741,0.0001664360104885632,9.826692871634505e-07,0.3733,0.0037001538336419834,50000,1.2329188340609987
83,23,20.0,fit,1273,sim,clean,wiener,6.0825605745000845e-05,6.032276276108544e-05,5.448882264353111e-07,0.77286,0.002051728171713625,50000,0.9917330377929409
83,27,30.0,fit,1271,sim,clean,wiener,5.952774351807648e-05,5.983941580227071e-05,5.397501339029298e-07,0.77468,0.0020323811411005316,50000,1.0052357483380767
91,11,3.0,fit,1237,sim,clean,wiener,0.00013263686571321248,0.00014238551565874945,8.037601786382914e-07,0.46386,0.0030264874919435215,50000,1.073498796078426
83,25,26.0,fit,1271,sim,clean,wiener,6.049508539741967e-05,6.0752994669480946e-05,5.45171104586053e-07,0.77124,0.00205279332424011,50000,1.0042633094964153
91,1,0.6,fit,1255,sim,clean,wiener,0.00011236496689108554,0.00012453885871789824,7.87024868697783e-07,0.53106,0.0029634721702656605,50000,1.1083424145767138
91,13,4.0,fit,1237,sim,clean,wiener,0.00013293176964402845,0.00014424454242342142,8.035657817376267e-07,0.45686,0.00302575550769751,50000,1.0851021001953627
83,29,40.0,fit,1271,sim,clean,wiener,5.6010468024705716e-05,5.6535659666196464e-05,5.281189323267805e-07,0.78712,0.0019885848856725412,50000,1.0093766693979256
91,7,1.8,fit,1254,sim,clean,wiener,0.0001374125523158707,0.00016376432345247745,9.43496577944072e-07,0.38336,0.0035526524798440836,50000,1.19177120788814
91,15,5.0,fit,1237,sim,clean,wiener,0.00013394409901512573,0.00014659222765195007,8.143129297982673e-07,0.44802,0.003066222938212292,50000,1.0944284125230186
91,3,1.0,fit,1255,sim,clean,wiener,0.00013526125742517757,0.00017302758824558592,1.0419812479738308e-06,0.34848,0.003923487748764994,50000,1.2792102597545312
91,5,1.4,fit,1256,sim,clean,wiener,0.00013887160653031511,0.00017584799742284543,1.0143737339074508e-06,0.33786,0.0038195341090772102,50000,1.2662631463434428
91,9,2.0,fit,1238,sim,clean,wiener,0.00013499348528917741,0.0001670733910935936,9.967172840396409e-07,0.3709,0.0037530503168998145,50000,1.2376403997251864
83,23,20.0,fit,1274,sim,clean,wiener,6.0825605745000845e-05,6.106106196191232e-05,5.454045617959477e-07,0.77008,0.0020536723866077518,50000,1.0038710048840052
83,27,30.0,fit,1272,sim,clean,wiener,5.952774351807648e-05,5.995626891319295e-05,5.401029187670916e-07,0.77424,0.0020337095211411323,50000,1.0071987508645668
91,11,3.0,fit,1238,sim,clean,wiener,0.00013263686571321248,0.00014220492448732417,7.993714567447828e-07,0.46454,0.0030099621498460498,50000,1.0721372502483566
91,1,0.6,fit,1256,sim,clean,wiener,0.00011236496689108554,0.000125351518989312,7.925238776517959e-07,0.528,0.0029841781995760463,50000,1.1155747423555442
83,25,26.0,fit,1272,sim,clean,wiener,6.049508539741967e-05,6.0816732729983996e-05,5.449257309800897e-07,0.771,0.0020518693917425342,50000,1.0053169167454064
91,13,4.0,fit,1238,sim,clean,wiener,0.00013293176964402845,0.0001432247334553728,7.909222517554229e-07,0.4607,0.002978147419660627,50000,1.0774304279474154
91,7,1.8,fit,1255,sim,clean,wiener,0.0001374125523158707,0.0001645504261986816,9.216442784088268e-07,0.3804,0.0034703695887886095,50000,1.1974919570697513
91,5,1.4,fit,1257,sim,clean,wiener,0.00013887160653031511,0.00017611357267494144,1.0132057877000495e-06,0.33686,0.003815136311473015,50000,1.2681755261216523
91,3,1.0,fit,1256,sim,clean,wiener,0.00013526125742517757,0.00017364903433549056,1.046192902032567e-06,0.34614,0.0039393463576733794,50000,1.2838046728313754
83,29,40.0,fit,1272,sim,clean,wiener,5.6010468024705716e-05,5.6535659666196464e-05,5.272299674113938e-07,0.78712,0.0019852375673197553,50000,1.0093766693979256
91,15,5.0,fit,1238,sim,clean,wiener,0.00013394409901512573,0.00014543963105785344,8.051990055882452e-07,0.45236,0.00303190526690033,50000,1.0858233556181491
91,9,2.0,fit,1239,sim,clean,wiener,0.00013499348528917741,0.00016618636975159295,9.703877581475874e-07,0.37424,0.00365390882805907,50000,1.2310695541758585
83,27,30.0,fit,1273,sim,clean,wiener,5.952774351807648e-05,5.924983874261759e-05,5.394400937382766e-07,0.7769,0.0020312137124255843,50000,0.9953315083180584
91,1,0.6,fit,1257,sim,clean,wiener,0.00011236496689108554,0.0001254365030699827,7.784634532724425e-07,0.52768,0.0029312349216599593,50000,1.1163310642147681
83,23,20.0,fit,1275,sim,clean,wiener,6.0825605745000845e-05,6.171968858711041e-05,5.497234332772484e-07,0.7676,0.0020699347131883155,50000,1.014699119411286
91,11,3.0,fit,1239,sim,clean,wiener,0.00013263686571321248,0.00014149849431674877,8.088676612409753e-07,0.4672,0.003045719263587807,50000,1.0668112033248502
83,25,26.0,fit,1273,sim,clean,wiener,6.049508539741967e-05,6.026433620562432e-05,5.447441794428974e-07,0.77308,0.002051185775570623,50000,0.9961856539208193
91,5,1.4,fit,1258,sim,clean,wiener,0.00013887160653031511,0.00017398897065817344,1.0031470170224112e-06,0.34486,0.0037772609047916636,50000,1.2528764878959786
91,7,1.8,fit,1256,sim,clean,wiener,0.0001374125523158707,0.00016567646526756863,9.74620076782759e-07,0.37616,0.0036698452475927763,50000,1.2056865437353028
91,3,1.0,fit,1257,sim,clean,wiener,0.00013526125742517757,0.00017294260416491518,1.03711106493615e-06,0.3488,0.003905149507534895,50000,1.2785819639491507
91,13,4.0,fit,1239,sim,clean,wiener,0.00013293176964402845,0.0001434371936570496,8.176543613489722e-07,0.4599,0.003078804801636438,50000,1.0790286929990711
91,15,5.0,fit,1239,sim,clean,wiener,0.00013394409901512573,0.00014634789842002174,8.247084503220193e-07,0.44894,0.0031053663464994255,50000,1.0926042990777467
83,29,40.0,fit,1273,sim,clean,wiener,5.6010468024705716e-05,5.589827906116608e-05,5.247468783754324e-07,0.78952,0.0019758877163213503,50000,0.9979970000698771
91,9,2.0,fit,1240,sim,clean,wiener,0.00013499348528917741,0.0001660110900852096,9.757374359335089e-07,0.3749,0.0036740525641327446,50000,1.229771123618207
91,1,0.6,fit,1258,sim,clean,wiener,0.00011236496689108554,0.0001254258800598989,8.012781751272496e-07,0.52772,0.0030171417283926896,50000,1.1162365239823653
83,23,20.0,fit,1276,sim,clean,wiener,6.0825605745000845e-05,6.202244437449983e-05,5.527129900971131e-07,0.76646,0.002081191623597965,50000,1.0196765591536645
91,11,3.0,fit,1240,sim,clean,wiener,0.00013263686571321248,0.00014284230509235455,8.119097494293755e-07,0.46214,0.0030571739761952174,50000,1.0769427061191892
83,27,30.0,fit,1274,sim,clean,wiener,5.952774351807648e-05,5.96747591459712e-05,5.408539475565943e-07,0.7753,0.002036537453275529,50000,1.0024696993234772
83,25,26.0,fit,1274,sim,clean,wiener,6.049508539741967e-05,6.071050262914561e-05,5.446271850108783e-07,0.7714,0.002050745243438597,50000,1.0035609046637552
91,5,1.4,fit,1259,sim,clean,wiener,0.00013887160653031511,0.00017377119895145473,1.0032167538250117e-06,0.34568,0.003777523492521696,50000,1.251308336477847
91,7,1.8,fit,1257,sim,clean,wiener,0.0001374125523158707,0.000165187806803712,9.254179271570002e-07,0.378,0.003484578927642251,50000,1.202130402352139
91,3,1.0,fit,1258,sim,clean,wiener,0.00013526125742517757,0.00017430766096068862,1.026078883650472e-06,0.34366,0.003863608809752972,50000,1.2886739653230737
91,13,4.0,fit,1240,sim,clean,wiener,0.00013293176964402845,0.00014430296897888258,8.122191633083164e-07,0.45664,0.0030583390466469964,50000,1.0855416230845683
91,15,5.0,fit,1240,sim,clean,wiener,0.00013394409901512573,0.00014679406484354303,8.28835565657443e-07,0.44726,0.0031209066323613466,50000,1.0959352888473737
83,29,40.0,fit,1274,sim,clean,wiener,5.6010468024705716e-05,5.629133043426817e-05,5.268751098309496e-07,0.78804,0.0019839013826502745,50000,1.005014462822174
91,9,2.0,fit,1241,sim,clean,wiener,0.00013499348528917741,0.00016602171309529345,9.69012317867541e-07,0.37486,0.003648729729972215,50000,1.2298498163792768
91,1,0.6,fit,1259,sim,clean,wiener,0.00011236496689108554,0.00012480974547503617,7.933200917850424e-07,0.53004,0.002987176273104971,50000,1.1107531905029906
91,11,3.0,fit,1241,sim,clean,wiener,0.00013263686571321248,0.00014211994040665341,7.925496736890063e-07,0.46486,0.0029842753322606875,50000,1.071496522798912
91,5,1.4,fit,1260,sim,clean,wiener,0.00013887160653031511,0.0001746104167480781,1.0214269878527094e-06,0.34252,0.0038460925097173002,50000,1.257351456576988
83,27,30.0,fit,1275,sim,clean,wiener,5.952774351807648e-05,6.04980424274688e-05,5.459486698694797e-07,0.7722,0.0020557211771830702,50000,1.0162999443964758
83,23,20.0,fit,1277,sim,clean,wiener,6.0825605745000845e-05,6.170375407198464e-05,5.482038516993683e-07,0.76766,0.0020642128638597842,50000,1.0144371488985289
91,7,1.8,fit,1258,sim,clean,wiener,0.0001374125523158707,0.00016442295007767553,9.567053356929086e-07,0.38088,0.0036023888827829455,50000,1.196564268013274
83,25,26.0,fit,1275,sim,clean,wiener,6.049508539741967e-05,6.163470450643966e-05,5.485170912691958e-07,0.76792,0.0020653923396104627,50000,1.0188382097741215
91,3,1.0,fit,1259,sim,clean,wiener,0.00013526125742517757,0.00017267171740777726,1.0603542953089213e-06,0.34982,0.00399266982499418,50000,1.2765792710695005
91,13,4.0,fit,1241,sim,clean,wiener,0.00013293176964402845,0.00014395240964611586,8.045416603515735e-07,0.45796,0.0030294300918549,50000,1.0829044857493364
91,15,5.0,fit,1241,sim,clean,wiener,0.00013394409901512573,0.0001464753745410278,8.058660603361182e-07,0.44846,0.0030344170022469346,50000,1.093556010440497
83,29,40.0,fit,1275,sim,clean,wiener,5.6010468024705716e-05,5.7231466826688005e-05,5.322140465407268e-07,0.7845,0.0020040046741566955,50000,1.021799475081046
91,9,2.0,fit,1242,sim,clean,wiener,0.00013499348528917741,0.00016772670621374976,1.0008822075256695e-06,0.36844,0.003768732965991391,50000,1.2424800045309787
91,1,0.6,fit,1260,sim,clean,wiener,0.00011236496689108554,0.00012547368360527614,7.880831750083736e-07,0.52754,0.0029674571285862802,50000,1.1166619550281787
91,5,1.4,fit,1261,sim,clean,wiener,0.00013887160653031511,0.0001734525086489395,9.939227108408176e-07,0.34688,0.0037425275999795906,50000,1.2490134807439959
91,11,3.0,fit,1242,sim,clean,wiener,0.00013263686571321248,0.0001425554838200909,8.219301126292297e-07,0.46322,0.003094904762933705,50000,1.0747802509773146
91,7,1.8,fit,1259,sim,clean,wiener,0.0001374125523158707,0.0001651453147633766,9.346732593051739e-07,0.37816,0.003519429057973025,50000,1.2018211726666463
83,27,30.0,fit,1276,sim,clean,wiener,5.952774351807648e-05,6.064676456864256e-05,5.460074852593694e-07,0.77164,0.0020559426413045406,50000,1.0187983112483723
91,3,1.0,fit,1260,sim,clean,wiener,0.00013526125742517757,0.00017288417760945407,1.0491777209373446e-06,0.34902,0.0039505854278850065,50000,1.2781500105829517
83,23,20.0,fit,1278,sim,clean,wiener,6.0825605745000845e-05,6.241018424255999e-05,5.521797533286513e-07,0.765,0.002079183767955343,50000,1.0260511749640797
83,25,26.0,fit,1276,sim,clean,wiener,6.049508539741967e-05,6.189496825349377e-05,5.523932716046212e-07,0.76694,0.002079987752040022,50000,1.0231404393741679
91,13,4.0,fit,1242,sim,clean,wiener,0.00013293176964402845,0.000144605724766272,8.25576381622741e-07,0.4555,0.003108634464646247,50000,1.0878191507831776
91,15,5.0,fit,1242,sim,clean,wiener,0.00013394409901512573,0.0001469162294595072,8.37220875359046e-07,0.4468,0.003152480770521524,50000,1.0968473455700096
91,1,0.6,fit,1261,sim,clean,wiener,0.00011236496689108554,0.00012529309243385086,7.882441029798453e-07,0.52822,0.0029680630885550708,50000,1.1150547710773273
91,9,2.0,fit,1243,sim,clean,wiener,0.00013499348528917741,0.00016649443704402428,9.596562448761099e-07,0.37308,0.0036135002689528235,50000,1.2333516442468824
83,29,40.0,fit,1276,sim,clean,wiener,5.6010468024705716e-05,5.7348319937610246e-05,5.332350252034876e-07,0.78406,0.0020078490785381395,50000,1.0238857477911882
91,5,1.4,fit,1262,sim,clean,wiener,0.00013887160653031511,0.00017544963454470144,9.973237077854089e-07,0.33936,0.003755333751598574,50000,1.2633945766761292
91,7,1.8,fit,1260,sim,clean,wiener,0.0001374125523158707,0.00016511344573312512,9.269573547275925e-07,0.37828,0.003490375505291873,50000,1.2015892504025272
91,11,3.0,fit,1243,sim,clean,wiener,0.00013263686571321248,0.0001423802041537075,8.005907413529685e-07,0.46388,0.0030145532576340032,50000,1.0734587506128355
91,3,1.0,fit,1261,sim,clean,wiener,0.00013526125742517757,0.00017183781111619584,9.837315267246634e-07,0.35296,0.003704153602268124,50000,1.2704141184792055
83,27,30.0,fit,1277,sim,clean,wiener,5.952774351807648e-05,6.0593649518223366e-05,5.434831285649433e-07,0.77184,0.0020464374006072122,50000,1.0179060373726951
83,23,20.0,fit,1279,sim,clean,wiener,6.0825605745000845e-05,6.137444075938559e-05,5.482418036290609e-07,0.7689,0.002064355768476811,50000,1.0090230916348883
91,15,5.0,fit,1243,sim,clean,wiener,0.00013394409901512573,0.00014624697982422528,8.161007422135667e-07,0.44932,0.003072954786911256,50000,1.0918508609155693
91,13,4.0,fit,1243,sim,clean,wiener,0.00013293176964402845,0.00014390991760578046,8.102299426115923e-07,0.45812,0.003050848812971138,50000,1.0825848327390049
83,25,26.0,fit,1277,sim,clean,wiener,6.049508539741967e-05,6.139037527451137e-05,5.461475968654259e-07,0.76884,0.0020564702191001017,50000,1.014799381986324
91,1,0.6,fit,1262,sim,clean,wiener,0.00011236496689108554,0.00012471944988932352,7.815627192715857e-07,0.53038,0.002942904932230157,50000,1.109949598527565
91,9,2.0,fit,1244,sim,clean,wiener,0.00013499348528917741,0.00016562866172219136,9.792546014695864e-07,0.37634,0.0036872961382546517,50000,1.2269381842196943
91,5,1.4,fit,1263,sim,clean,wiener,0.00013887160653031511,0.0001734525086489395,1.0050086537932293e-06,0.34688,0.0037842707325377568,50000,1.2490134807439959
83,29,40.0,fit,1277,sim,clean,wiener,5.6010468024705716e-05,5.717304027122689e-05,5.321259545093137e-07,0.78472,0.002003672971444497,50000,1.0207563387259748
91,7,1.8,fit,1261,sim,clean,wiener,0.0001374125523158707,0.000164523868673472,9.320398746536411e-07,0.3805,0.0035095132821966702,50000,1.1972986885163186
91,11,3.0,fit,1244,sim,clean,wiener,0.00013263686571321248,0.00014140288722599425,8.126469902514604e-07,0.46756,0.003059949990964163,50000,1.0660903849442256
91,3,1.0,fit,1262,sim,clean,wiener,0.00013526125742517757,0.00017216712442879486,1.0388591790191232e-06,0.35172,0.003911731875692984,50000,1.2728487647250544
91,15,5.0,fit,1244,sim,clean,wiener,0.00013394409901512573,0.00014535995848222462,8.194730806650251e-07,0.45266,0.0030856530275223176,50000,1.0852285360164298
83,23,20.0,fit,1280,sim,clean,wiener,6.0825605745000845e-05,6.0992012396367354e-05,5.471312376452021e-07,0.77034,0.0020601740310028037,50000,1.0027357993287258
83,27,30.0,fit,1278,sim,clean,wiener,5.952774351807648e-05,6.098670089132543e-05,5.45692570825906e-07,0.77036,0.00205475685900375,50000,1.024508864052707
91,13,4.0,fit,1244,sim,clean,wiener,0.00013293176964402845,0.0001428582396074803,8.121230288846922e-07,0.46208,0.00305797706102196,50000,1.074673420733309
83,25,26.0,fit,1278,sim,clean,wiener,6.049508539741967e-05,6.202775587954176e-05,5.513961205118087e-07,0.76644,0.002076233068254757,50000,1.0253354544762319
91,1,0.6,fit,1263,sim,clean,wiener,0.00011236496689108554,0.00012571270133216256,7.865036857767396e-07,0.52664,0.002961509702313809,50000,1.1187891102572465
91,5,1.4,fit,1264,sim,clean,wiener,0.00013887160653031511,0.0001732081794170112,1.010138523681211e-06,0.3478,0.003803586801514422,50000,1.2472540913480434
91,9,2.0,fit,1245,sim,clean,wiener,0.00013499348528917741,0.00016494347757178368,9.773931839342999e-07,0.37892,0.0036802871360204614,50000,1.2218625011306927
83,29,40.0,fit,1278,sim,clean,wiener,5.6010468024705716e-05,5.749173057374208e-05,5.3468099660843e-07,0.78352,0.002013293755305008,50000,1.026446173389999
91,7,1.8,fit,1262,sim,clean,wiener,0.0001374125523158707,0.00016426891643145982,9.281574254619868e-07,0.38146,0.0034948942649463324,50000,1.1954433104033633
91,3,1.0,fit,1263,sim,clean,wiener,0.00013526125742517757,0.00017090298622881792,1.0499728709106862e-06,0.35648,0.003953579494414421,50000,1.2635028646200208
91,11,3.0,fit,1245,sim,clean,wiener,0.00013263686571321248,0.00014143475625624574,7.940358124305464e-07,0.46744,0.002989871255562317,50000,1.066330657737767
91,15,5.0,fit,1245,sim,clean,wiener,0.00013394409901512573,0.00014557241868390144,8.174556773170783e-07,0.45186,0.003078056674578943,50000,1.0868147216210142
83,27,30.0,fit,1279,sim,clean,wiener,5.952774351807648e-05,5.997220342831873e-05,5.428712383263673e-07,0.77418,0.0020441333823157984,50000,1.0074664330272705
83,23,20.0,fit,1281,sim,clean,wiener,6.0825605745000845e-05,6.250047982827263e-05,5.546153215253635e-07,0.76466,0.002088354683458538,50000,1.0275356745363682
91,13,4.0,fit,1245,sim,clean,wiener,0.00013293176964402845,0.00014321942195033086,8.08430778134637e-07,0.46072,0.003044074219093298,50000,1.0773904713211238
91,5,1.4,fit,1265,sim,clean,wiener,0.00013887160653031511,0.00017500877962622208,1.0285491990743517e-06,0.34102,0.00387291056285076,50000,1.260220026244302
91,1,0.6,fit,1264,sim,clean,wiener,0.00011236496689108554,0.0001251656163128448,7.911865792578521e-07,0.5287,0.0029791427213701916,50000,1.1139202882884915
83,25,26.0,fit,1279,sim,clean,wiener,6.049508539741967e-05,6.106637346695425e-05,5.472029222813127e-07,0.77006,0.0020604439531267398,50000,1.0094435451372872
91,9,2.0,fit,1246,sim,clean,wiener,0.00013499348528917741,0.00016792854340534272,9.57263467862372e-07,0.36768,0.0036044904798446385,50000,1.2439751669913048
91,7,1.8,fit,1263,sim,clean,wiener,0.0001374125523158707,0.000163859930543232,9.382874355068437e-07,0.383,0.0035330379171311945,50000,1.1924669746804981
83,29,40.0,fit,1279,sim,clean,wiener,5.6010468024705716e-05,5.6546282676280316e-05,5.283025614028077e-07,0.78708,0.001989276324632226,50000,1.0095663305533933
91,3,1.0,fit,1264,sim,clean,wiener,0.00013526125742517757,0.00017086049418848254,1.0165076763297097e-06,0.35664,0.003827569279543649,50000,1.2631887167173304
91,11,3.0,fit,1246,sim,clean,wiener,0.00013263686571321248,0.00014275200950664192,8.065812546456622e-07,0.46248,0.003037110002833019,50000,1.0762619332041548
91,15,5.0,fit,1246,sim,clean,wiener,0.00013394409901512573,0.00014588579748137472,8.185090240897061e-07,0.45068,0.0030820229582003067,50000,1.0891543453877761
91,13,4.0,fit,1246,sim,clean,wiener,0.00013293176964402845,0.0001437558839595648,8.029946384267014e-07,0.4587,0.003023604918339437,50000,1.0814260905765547
83,23,20.0,fit,1282,sim,clean,wiener,6.0825605745000845e-05,6.200650985937408e-05,5.473669350948294e-07,0.76652,0.0020610615287939837,50000,1.0194145886409078
83,27,30.0,fit,1280,sim,clean,wiener,5.952774351807648e-05,5.974912021655807e-05,5.413246023149119e-07,0.77502,0.002038309661922995,50000,1.0037188827494252
91,5,1.4,fit,1266,sim,clean,wiener,0.00013887160653031511,0.0001753858964841984,9.809799489903868e-07,0.3396,0.0036937927809470093,50000,1.2629356055293588
91,1,0.6,fit,1265,sim,clean,wiener,0.00011236496689108554,0.00012538869952460544,7.981794349116111e-07,0.52786,0.0030054736976135323,50000,1.1159056331689545
91,9,2.0,fit,1247,sim,clean,wiener,0.00013499348528917741,0.00016605358212554494,9.520816105818717e-07,0.37474,0.0035849786569635404,50000,1.230085894662486
83,25,26.0,fit,1280,sim,clean,wiener,6.049508539741967e-05,6.087515928544511e-05,5.476668323176559e-07,0.77078,0.0020621907651232714,50000,1.0062827233903147
91,7,1.8,fit,1264,sim,clean,wiener,0.0001374125523158707,0.00016444950760288512,9.63865024996882e-07,0.38078,0.0036293480563033206,50000,1.1967575365667067
91,3,1.0,fit,1265,sim,clean,wiener,0.00013526125742517757,0.00017274076697332223,1.0338177269193796e-06,0.34956,0.0038927487360368796,50000,1.2770897614113723
83,29,40.0,fit,1280,sim,clean,wiener,5.6010468024705716e-05,5.6147919798136334e-05,5.260639623787343e-07,0.78858,0.001980847079036465,50000,1.0024540372233632
91,11,3.0,fit,1247,sim,clean,wiener,0.00013263686571321248,0.00014249705726462973,8.138011274631319e-07,0.46344,0.0030642957920226674,50000,1.0743397508558212
91,15,5.0,fit,1247,sim,clean,wiener,0.00013394409901512573,0.00014600265059229697,8.253112085753983e-07,0.45024,0.0031076359791124865,50000,1.0900267474702974
91,5,1.4,fit,1267,sim,clean,wiener,0.00013887160653031511,0.00017474851587916798,1.0069016616512005e-06,0.342,0.0037913986853233836,50000,1.2583458940616568
91,13,4.0,fit,1247,sim,clean,wiener,0.00013293176964402845,0.0001434159476368819,8.081101949921614e-07,0.45998,0.003042867091772716,50000,1.0788688664939052
91,1,0.6,fit,1266,sim,clean,wiener,0.00011236496689108554,0.00012613762173551617,7.85613280181006e-07,0.52504,0.0029581569592072644,50000,1.1225707195533672
83,27,30.0,fit,1281,sim,clean,wiener,5.952774351807648e-05,6.137444075938559e-05,5.466271701570786e-07,0.7689,0.0020582760096919126,50000,1.0310224633451515
83,23,20.0,fit,1283,sim,clean,wiener,6.0825605745000845e-05,6.191621427366144e-05,5.483330457806343e-07,0.76686,0.0020646993326864024,50000,1.0179300890686196
91,7,1.8,fit,1265,sim,clean,wiener,0.0001374125523158707,0.0001642317358961664,9.266279339831526e-07,0.3816,0.0034891351007668276,50000,1.1951727344285576
91,9,2.0,fit,1248,sim,clean,wiener,0.00013499348528917741,0.00016668565122553343,9.764028998152816e-07,0.37236,0.00367655830921449,50000,1.2347681139461388
83,25,26.0,fit,1281,sim,clean,wiener,6.049508539741967e-05,6.217647802071552e-05,5.545414094765927e-07,0.76588,0.002088076374210265,50000,1.027793871390544
91,3,1.0,fit,1266,sim,clean,wiener,0.00013526125742517757,0.0001735746732649037,1.0212853397261668e-06,0.34642,0.0038455591462904577,50000,1.2832549140016678
91,11,3.0,fit,1248,sim,clean,wiener,0.00013263686571321248,0.00014141882174111998,8.012487920686106e-07,0.4675,0.0030170310890977737,50000,1.0662105213409963
91,15,5.0,fit,1248,sim,clean,wiener,0.00013394409901512573,0.00014529622042172156,8.132985359248252e-07,0.4529,0.0030624033282695877,50000,1.0847526803350545
91,5,1.4,fit,1268,sim,clean,wiener,0.00013887160653031511,0.00017677751080518144,1.0272633658656603e-06,0.33436,0.0038680688722243055,50000,1.2729564755671752
83,29,40.0,fit,1281,sim,clean,wiener,5.6010468024705716e-05,5.749173057374208e-05,5.332212908361627e-07,0.78352,0.0020077973629990726,50000,1.026446173389999
91,13,4.0,fit,1248,sim,clean,wiener,0.00013293176964402845,0.00014318224141503743,8.035374038235955e-07,0.46086,0.0030256486531852495,50000,1.077110774937084
91,1,0.6,fit,1267,sim,clean,wiener,0.00011236496689108554,0.0001243688905565568,7.878228288489709e-07,0.5317,0.0029664768182699084,50000,1.1068297708582655
83,27,30.0,fit,1282,sim,clean,wiener,5.952774351807648e-05,6.0768929184606724e-05,5.44565354173227e-07,0.77118,0.002050512424916678,50000,1.0208505411624302
91,7,1.8,fit,1266,sim,clean,wiener,0.0001374125523158707,0.00016592079449949694,9.380071098310252e-07,0.37524,0.0035319823757220983,50000,1.2074646144268848
91,17,6.0,fit,1234,sim,clean,wiener,0.0001366010203877364,0.00014937014478887424,8.150675673429603e-07,0.43756,0.0030690644587935104,50000,1.0934775184320966
91,9,2.0,fit,1249,sim,clean,wiener,0.00013499348528917741,0.00016689811142721025,9.764047395178935e-07,0.37156,0.003676565236451111,50000,1.2363419691675348
91,3,1.0,fit,1267,sim,clean,wiener,0.00013526125742517757,0.00017146069425821953,1.041058761630634e-06,0.35438,0.003920014208456112,50000,1.2676260558428298
83,25,26.0,fit,1282,sim,clean,wiener,6.049508539741967e-05,6.18524762131584e-05,5.475611000796752e-07,0.7671,0.002061792639781598,50000,1.0224380345415072
91,5,1.4,fit,1269,sim,clean,wiener,0.00013887160653031511,0.00017253892978172928,9.873213120317073e-07,0.35032,0.003717670619681125,50000,1.2424348943069563
91,11,3.0,fit,1249,sim,clean,wiener,0.00013263686571321248,0.0001417375120436352,8.146117530030399e-07,0.4663,0.0030673481304220864,50000,1.0686132492764127
91,15,5.0,fit,1249,sim,clean,wiener,0.00013394409901512573,0.00014576894437045248,8.194122497619375e-07,0.45112,0.0030854239741650957,50000,1.0882819433052546
91,1,0.6,fit,1268,sim,clean,wiener,0.00011236496689108554,0.00012616949076576766,7.806983341657752e-07,0.52492,0.0029396501669649885,50000,1.1228543402505757
83,29,40.0,fit,1282,sim,clean,wiener,5.6010468024705716e-05,5.75501571292032e-05,5.314737674317505e-07,0.7833,0.002001217218988589,50000,1.0274893097450701
91,13,4.0,fit,1249,sim,clean,wiener,0.00013293176964402845,0.00014306538830411518,8.152736830502431e-07,0.4613,0.0030698405691639463,50000,1.0762317291586734
91,7,1.8,fit,1267,sim,clean,wiener,0.0001374125523158707,0.00016600046707512575,9.4097555155694e-07,0.37494,0.0035431597791227803,50000,1.2080444200871834
83,27,30.0,fit,1283,sim,clean,wiener,5.952774351807648e-05,6.0668010588810234e-05,5.427952734433858e-07,0.77156,0.002043847343302818,50000,1.0191552207986432
91,17,6.0,fit,1235,sim,clean,wiener,0.0001366010203877364,0.0001492798492031616,8.256841639032501e-07,0.4379,0.0031090403092407957,50000,1.0928165015124842
91,3,1.0,fit,1268,sim,clean,wiener,0.00013526125742517757,0.00017332503252793344,1.0430810864512763e-06,0.34736,0.003927629092767363,50000,1.2814092950733627
91,9,2.0,fit,1250,sim,clean,wiener,0.00013499348528917741,0.00016669096273057535,9.82930276337368e-07,0.37234,0.0037011365651723415,50000,1.2348074603266737
91,5,1.4,fit,1270,sim,clean,wiener,0.00013887160653031511,0.00017362247681028097,9.90621481527278e-07,0.34624,0.00373009711450519,50000,1.2502374038020498
83,25,26.0,fit,1283,sim,clean,wiener,6.049508539741967e-05,6.145411333501441e-05,5.466191237475686e-07,0.7686,0.002058245711652293,50000,1.0158529892353148
91,11,3.0,fit,1250,sim,clean,wiener,0.00013263686571321248,0.00014196059525539584,8.147380371501916e-07,0.46546,0.0030678236421505137,50000,1.070295158831204
91,1,0.6,fit,1269,sim,clean,wiener,0.00011236496689108554,0.00012431577550613758,7.833832082225812e-07,0.5319,0.002949759821519078,50000,1.1063570696962504
91,15,5.0,fit,1250,sim,clean,wiener,0.00013394409901512573,0.00014575832136036864,8.207676469219193e-07,0.45116,0.0030905276016653417,50000,1.0882026340250255
83,29,40.0,fit,1283,sim,clean,wiener,5.6010468024705716e-05,5.72102208065203e-05,5.312082816481796e-07,0.78458,0.002000217555874366,50000,1.0214201527701106
91,7,1.8,fit,1268,sim,clean,wiener,0.0001374125523158707,0.0001665209945692339,9.304508797032096e-07,0.37298,0.0035035300629852016,50000,1.2118324837344665
91,13,4.0,fit,1250,sim,clean,wiener,0.00013293176964402845,0.00014289010863773185,8.249785061581735e-07,0.46196,0.0031063832177403365,50000,1.0749131604910576
91,3,1.0,fit,1269,sim,clean,wiener,0.00013526125742517757,0.00017220430496408832,1.0190136143091265e-06,0.35158,0.003837005166207181,50000,1.2731236441399083
91,17,6.0,fit,1236,sim,clean,wiener,0.0001366010203877364,0.00014953480144517376,8.163408713067783e-07,0.43694,0.003073858971662344,50000,1.0946829022266844
91,19,8.0,fit,1234,sim,clean,wiener,0.00013866568032333795,0.000155095947224064,8.428980411529861e-07,0.416,0.0031738576335730855,50000,1.118488344501785
91,5,1.4,fit,1271,sim,clean,wiener,0.00013887160653031511,0.00017360654229515518,1.0107560160266039e-06,0.3463,0.0038059119140409826,50000,1.250122661015357
91,9,2.0,fit,1251,sim,clean,wiener,0.00013499348528917741,0.0001659579750347904,9.630890097838445e-07,0.3751,0.0036264260400125973,50000,1.229377659812858
91,21,10.0,fit,1234,sim,clean,wiener,0.00014182018678243646,0.00016066771601303808,8.290461117685457e-07,0.39502,0.0031216994250234677,50000,1.1328973657291486
91,1,0.6,fit,1270,sim,clean,wiener,0.00011236496689108554,0.000126281032371648,7.937484189176815e-07,0.5245,0.0029887891008412103,50000,1.1238470126908078
91,11,3.0,fit,1251,sim,clean,wiener,0.00013263686571321248,0.0001424014501738752,8.163712106467059e-07,0.4638,0.003073973211749431,50000,1.0736189324751968
91,15,5.0,fit,1251,sim,clean,wiener,0.00013394409901512573,0.00014688436042925568,8.186554289630041e-07,0.44692,0.0030825742327341443,50000,1.096609417729322
91,7,1.8,fit,1269,sim,clean,wiener,0.0001374125523158707,0.00016444419609784318,9.31710397245863e-07,0.3808,0.003508272664310863,50000,1.19671888285602
91,23,20.0,fit,1234,sim,clean,wiener,0.00014180880535859014,0.00022356655871945473,7.206231858602461e-07,0.15818,0.002713442537182477,50000,1.5765350970563836
91,13,4.0,fit,1251,sim,clean,wiener,0.00013293176964402845,0.0001446535283116493,8.221570389956395e-07,0.45532,0.003095759233990849,50000,1.0881787604198
91,3,1.0,fit,1270,sim,clean,wiener,0.00013526125742517757,0.0001733144095178496,1.0563331935012823e-06,0.3474,0.003977528723645679,50000,1.2813307580976903
91,5,1.4,fit,1272,sim,clean,wiener,0.00013887160653031511,0.00017436608751614975,1.009616918034694e-06,0.34344,0.003801622741827383,50000,1.2555920671810357
91,17,6.0,fit,1237,sim,clean,wiener,0.0001366010203877364,0.00015114418747287552,8.210429456973914e-07,0.43088,0.0030915642147281153,50000,1.1064645567350737
91,9,2.0,fit,1252,sim,clean,wiener,0.00013499348528917741,0.00016827910273810943,9.684781795720063e-07,0.36636,0.0036467184797095526,50000,1.246572028106608
91,19,8.0,fit,1235,sim,clean,wiener,0.00013866568032333795,0.0001556802127786752,8.492649498982691e-07,0.4138,0.0031978316623842546,50000,1.1227018279913465
91,21,10.0,fit,1235,sim,clean,wiener,0.00014182018678243646,0.00016116168598193664,8.455637709667469e-07,0.39316,0.0031838952021820657,50000,1.1363804380625417
91,1,0.6,fit,1271,sim,clean,wiener,0.00011236496689108554,0.0001236783949011072,7.882790889990951e-07,0.5343,0.002968194825300019,50000,1.1006846557520698
91,11,3.0,fit,1252,sim,clean,wiener,0.00013263686571321248,0.00014364434235368447,8.103129552295494e-07,0.45912,0.0030511613896035687,50000,1.0829895714233202
91,15,5.0,fit,1252,sim,clean,wiener,0.00013394409901512573,0.00014787230036705277,8.165582432860408e-07,0.4432,0.0030746774665241466,50000,1.1039851807906385
91,7,1.8,fit,1270,sim,clean,wiener,0.0001374125523158707,0.00016577207235832317,9.522158832944854e-07,0.3758,0.0035854842489249673,50000,1.206382310527661
91,3,1.0,fit,1271,sim,clean,wiener,0.00013526125742517757,0.00017025498261370367,9.931859320678993e-07,0.35892,0.0037397533250157025,50000,1.258712109103995
91,23,20.0,fit,1235,sim,clean,wiener,0.00014180880535859014,0.00022290262058921473,7.348841369476203e-07,0.16068,0.0027671408805891853,50000,1.571853172485049
91,13,4.0,fit,1252,sim,clean,wiener,0.00013293176964402845,0.00014520061333096705,8.10337532728274e-07,0.45326,0.0030512539339898797,50000,1.0922942929278137
91,5,1.4,fit,1273,sim,clean,wiener,0.00013887160653031511,0.00017489723802034177,1.0053711971503348e-06,0.34144,0.003785635857315928,50000,1.2594168267374541
91,17,6.0,fit,1238,sim,clean,wiener,0.0001366010203877364,0.00015062365997876737,8.272389763775548e-07,0.43284,0.003114894817377505,50000,1.1026539886102482
91,9,2.0,fit,1253,sim,clean,wiener,0.00013499348528917741,0.0001665634866095693,9.821388645564346e-07,0.37282,0.0036981565744740844,50000,1.2338631471938364
91,19,8.0,fit,1236,sim,clean,wiener,0.00013866568032333795,0.0001558183119097651,8.380297152076438e-07,0.41328,0.0031555263850590767,50000,1.1236977422706973
91,1,0.6,fit,1272,sim,clean,wiener,0.00011236496689108554,0.00012544181457502463,7.884551164397883e-07,0.52766,0.002968857640977699,50000,1.1163783343309697
91,21,10.0,fit,1236,sim,clean,wiener,0.00014182018678243646,0.00016193716571805697,8.496180837557864e-07,0.39024,0.0031991613565283067,50000,1.1418484871020624
91,7,1.8,fit,1271,sim,clean,wiener,0.0001374125523158707,0.00016412019429028606,9.34569366673552e-07,0.38202,0.00351903785950554,50000,1.1943610065041395
91,15,5.0,fit,1253,sim,clean,wiener,0.00013394409901512573,0.0001459070435015424,8.14745078854109e-07,0.4506,0.003067850157060551,50000,1.0893129639482344
91,11,3.0,fit,1253,sim,clean,wiener,0.00013263686571321248,0.00014277856703185152,8.094361261926737e-07,0.46238,0.003047859767822339,50000,1.076462160532106
91,3,1.0,fit,1272,sim,clean,wiener,0.00013526125742517757,0.00017164128542964478,1.0349004581079044e-06,0.3537,0.0038968256640637927,50000,1.268961184429263
91,5,1.4,fit,1274,sim,clean,wiener,0.00013887160653031511,0.00017359591928507135,1.0147149437752307e-06,0.34634,0.0038208189044980443,50000,1.2500461658242288
91,23,20.0,fit,1236,sim,clean,wiener,0.00014180880535859014,0.00022188281162116607,7.441987679010783e-07,0.16452,0.0028022142952991184,50000,1.5646617363434787
91,13,4.0,fit,1253,sim,clean,wiener,0.00013293176964402845,0.00014350624322259455,8.077896097568296e-07,0.45964,0.00304165995657167,50000,1.079548129140859
91,9,2.0,fit,1254,sim,clean,wiener,0.00013499348528917741,0.00016584643342891004,9.528674897250072e-07,0.37552,0.0035879378150060655,50000,1.2285513858216248
91,17,6.0,fit,1239,sim,clean,wiener,0.0001366010203877364,0.00015014031301995262,8.301726264033696e-07,0.43466,0.0031259412157247216,50000,1.09911560392291
91,1,0.6,fit,1273,sim,clean,wiener,0.00011236496689108554,0.00012500095965654526,8.048508299562448e-07,0.52932,0.003030594242513635,50000,1.1124549146862446
91,19,8.0,fit,1237,sim,clean,wiener,0.00013866568032333795,0.0001566415951912627,8.357148224402292e-07,0.41018,0.0031468098621558888,50000,1.1296349235514431
91,7,1.8,fit,1272,sim,clean,wiener,0.0001374125523158707,0.0001637855694726451,9.559240803178293e-07,0.38328,0.0035994471351279466,50000,1.191925822730886
91,21,10.0,fit,1237,sim,clean,wiener,0.00014182018678243646,0.00016284543308022528,8.401182698049623e-07,0.38682,0.003163390651706044,50000,1.1482528459086239
91,15,5.0,fit,1254,sim,clean,wiener,0.00013394409901512573,0.0001456892717948237,8.092328175173877e-07,0.45142,0.0030470942270813197,50000,1.0876871237035357
91,11,3.0,fit,1254,sim,clean,wiener,0.00013263686571321248,0.00014188092267976705,7.957772001743921e-07,0.46576,0.002996428296288447,50000,1.06969447684735
91,3,1.0,fit,1273,sim,clean,wiener,0.00013526125742517757,0.00017255486429685503,1.040245331085726e-06,0.35026,0.003916951308059754,50000,1.2757153643371026
91,5,1.4,fit,1275,sim,clean,wiener,0.00013887160653031511,0.00017362247681028097,1.0313012581002498e-06,0.34624,0.003883273196432684,50000,1.2502374038020498
91,13,4.0,fit,1254,sim,clean,wiener,0.00013293176964402845,0.00014320879894024702,8.074746597227513e-07,0.46076,0.003040474040219929,50000,1.077310558068541
91,23,20.0,fit,1237,sim,clean,wiener,0.00014180880535859014,0.00022245645416569342,7.414191431857022e-07,0.16236,0.002791747865564275,50000,1.5687069191731118
91,9,2.0,fit,1255,sim,clean,wiener,0.00013499348528917741,0.00016624479630705406,9.667923638371031e-07,0.37402,0.0036403706904422992,50000,1.2315023643617422
91,17,6.0,fit,1240,sim,clean,wiener,0.0001366010203877364,0.00015149474680564224,8.191892938639485e-07,0.42956,0.0030845844535537835,50000,1.109030857717099
91,1,0.6,fit,1274,sim,clean,wiener,0.00011236496689108554,0.0001239492816582451,7.842753485872478e-07,0.53328,0.002953119096743805,50000,1.1030954316783463
91,7,1.8,fit,1273,sim,clean,wiener,0.0001374125523158707,0.00016449731114826237,9.435967485489528e-07,0.3806,0.0035530296633507928,50000,1.1971054199628854
91,19,8.0,fit,1238,sim,clean,wiener,0.00013866568032333795,0.00015710900763495167,8.33844018707046e-07,0.40842,0.003139765517028027,50000,1.1330057103430924
91,15,5.0,fit,1255,sim,clean,wiener,0.00013394409901512573,0.00014610356918809346,8.133411736440479e-07,0.44986,0.003062563876810486,50000,1.090780185632475
91,21,10.0,fit,1238,sim,clean,wiener,0.00014182018678243646,0.00016262766137350657,8.425407708364332e-07,0.38764,0.0031725123639602987,50000,1.1467172978906763
91,5,1.4,fit,1276,sim,clean,wiener,0.00013887160653031511,0.0001739571016279219,1.0341893344382545e-06,0.34498,0.0038941479911103172,50000,1.2526470023225933
91,3,1.0,fit,1274,sim,clean,wiener,0.00013526125742517757,0.0001727035864380288,1.0650273114792352e-06,0.3497,0.004010265651914922,50000,1.2768148819965184
91,11,3.0,fit,1255,sim,clean,wiener,0.00013263686571321248,0.00014181187311422208,7.976095103338642e-07,0.46602,0.003003327697286887,50000,1.0691738857946764
91,13,4.0,fit,1255,sim,clean,wiener,0.00013293176964402845,0.0001437558839595648,8.002444002719741e-07,0.4587,0.003013249141086016,50000,1.0814260905765547
91,23,20.0,fit,1238,sim,clean,wiener,0.00014180880535859014,0.00022336472152786175,7.370707436877084e-07,0.15894,0.0027753743538621307,50000,1.5751117919866977
91,9,2.0,fit,1256,sim,clean,wiener,0.00013499348528917741,0.00016649974854906626,9.973942551732854e-07,0.37306,0.0037555993915153957,50000,1.2333909906274176
91,1,0.6,fit,1275,sim,clean,wiener,0.00011236496689108554,0.00012453885871789824,7.879152126077234e-07,0.53106,0.002966824681099835,50000,1.1083424145767138
91,7,1.8,fit,1274,sim,clean,wiener,0.0001374125523158707,0.00016458229522893313,9.45047760568699e-07,0.38028,0.0035584933201045542,50000,1.197723879333871
91,17,6.0,fit,1241,sim,clean,wiener,0.0001366010203877364,0.00015020405108045568,8.125018412476243e-07,0.43442,0.003059403445295127,50000,1.09958220410146
91,5,1.4,fit,1277,sim,clean,wiener,0.00013887160653031511,0.00017470602383883263,1.0139400178861787e-06,0.34216,0.003817900989959939,50000,1.2580399132971434
91,19,8.0,fit,1239,sim,clean,wiener,0.00013866568032333795,0.00015589267298035198,8.270497028309761e-07,0.413,0.0031141821246657977,50000,1.1242340038057324
91,15,5.0,fit,1256,sim,clean,wiener,0.00013394409901512573,0.00014584861694608126,8.232373499012424e-07,0.45082,0.0030998270486576026,50000,1.0888767629069735
91,3,1.0,fit,1275,sim,clean,wiener,0.00013526125742517757,0.00017041963927000317,1.0424195759341208e-06,0.3583,0.003925138233728599,50000,1.2599294322269194
91,21,10.0,fit,1239,sim,clean,wiener,0.00014182018678243646,0.00016196903474830846,8.285090975820051e-07,0.39012,0.0031196773458489124,50000,1.1420732014461519
91,11,3.0,fit,1256,sim,clean,wiener,0.00013263686571321248,0.0001423536466284979,8.098435773703229e-07,0.46398,0.003049393989006103,50000,1.0732585232848841
91,23,20.0,fit,1239,sim,clean,wiener,0.00014180880535859014,0.00022205809128754943,7.327203715232708e-07,0.16386,0.0027589934142598777,50000,1.5658977644303111
91,13,4.0,fit,1256,sim,clean,wiener,0.00013293176964402845,0.00014390991760578046,8.226252065310487e-07,0.45812,0.0030975220772215878,50000,1.0825848327390049
91,1,0.6,fit,1276,sim,clean,wiener,0.00011236496689108554,0.00012490004106074882,7.876039297351974e-07,0.5297,0.0029656525731188792,50000,1.1115567824784163
91,7,1.8,fit,1275,sim,clean,wiener,0.0001374125523158707,0.00016533121743984383,9.384149610469861e-07,0.37746,0.0035335181032145587,50000,1.2031740525406762
91,9,2.0,fit,1257,sim,clean,wiener,0.00013499348528917741,0.00016706276808350974,9.828127011868734e-07,0.37094,0.0037006938463965263,50000,1.2375617069641165
91,5,1.4,fit,1278,sim,clean,wiener,0.00013887160653031511,0.00017510438671697665,1.0181931246675317e-06,0.34066,0.003833915685409858,50000,1.2609084829644572
91,3,1.0,fit,1276,sim,clean,wiener,0.00013526125742517757,0.00017214587840862718,1.0109275460229424e-06,0.3518,0.003806557794991805,50000,1.2726916907737091
91,17,6.0,fit,1242,sim,clean,wiener,0.0001366010203877364,0.00015112294145270782,8.302943338799824e-07,0.43096,0.0031263994944071374,50000,1.1063090233422235
91,15,5.0,fit,1257,sim,clean,wiener,0.00013394409901512573,0.00014496159560408063,8.099175981879637e-07,0.45416,0.003049672707813886,50000,1.0822544380078345
91,19,8.0,fit,1240,sim,clean,wiener,0.00013866568032333795,0.00015705058107949056,8.285610734895241e-07,0.40864,0.0031198730565076007,50000,1.1325843619941363
91,21,10.0,fit,1240,sim,clean,wiener,0.00014182018678243646,0.00016273920297938687,8.315767877869806e-07,0.38722,0.0031312284605735127,50000,1.147503798094991
91,11,3.0,fit,1257,sim,clean,wiener,0.00013263686571321248,0.00014207213686127614,7.971941368214422e-07,0.46504,0.003001763645255895,50000,1.0711361136085997
91,13,4.0,fit,1257,sim,clean,wiener,0.00013293176964402845,0.0001429910272335283,8.061483437031598e-07,0.46158,0.003035479915168277,50000,1.075672336390594
91,23,20.0,fit,1240,sim,clean,wiener,0.00014180880535859014,0.0002234550171135744,7.260235649025823e-07,0.1586,0.0027337771843294334,50000,1.5757485337283994
91,1,0.6,fit,1277,sim,clean,wiener,0.00011236496689108554,0.00012586673497837824,7.985307074019413e-07,0.52606,0.0030067963829449322,50000,1.1201599436270901
91,7,1.8,fit,1276,sim,clean,wiener,0.0001374125523158707,0.00016361560131130366,9.505149335802677e-07,0.38392,0.003579079474004137,50000,1.190688903988916
91,5,1.4,fit,1279,sim,clean,wiener,0.00013887160653031511,0.00017316568737667581,9.942899421504188e-07,0.34796,0.003743910376826088,50000,1.2469481105835298
91,9,2.0,fit,1258,sim,clean,wiener,0.00013499348528917741,0.00016545869356084992,9.644429710705834e-07,0.37698,0.0036315242608598074,50000,1.2256791000425777
91,3,1.0,fit,1277,sim,clean,wiener,0.00013526125742517757,0.00017258673332710655,1.0573206557125128e-06,0.35014,0.003981246924808766,50000,1.2759509752641203
91,17,6.0,fit,1243,sim,clean,wiener,0.0001366010203877364,0.00015085205469556992,8.296071228687632e-07,0.43198,0.003123811862442956,50000,1.1043259725833858
91,15,5.0,fit,1258,sim,clean,wiener,0.00013394409901512573,0.00014642757099565058,8.051911703110636e-07,0.44864,0.0030318757638607215,50000,1.093199118679466
91,19,8.0,fit,1241,sim,clean,wiener,0.00013866568032333795,0.00015563772073833983,8.36497965321597e-07,0.41396,0.0031497587170480033,50000,1.1223953928284691
91,21,10.0,fit,1241,sim,clean,wiener,0.00014182018678243646,0.00016126791608277503,8.3982776399677e-07,0.39276,0.0031622967779135892,50000,1.1371294858761747
91,11,3.0,fit,1258,sim,clean,wiener,0.00013263686571321248,0.0001420243333158989,7.94687818052656e-07,0.46522,0.0029923263247638478,50000,1.0707757044182875
91,13,4.0,fit,1258,sim,clean,wiener,0.00013293176964402845,0.00014393116362594816,7.925561356824353e-07,0.45804,0.002984299664322422,50000,1.0827446592441705
91,1,0.6,fit,1278,sim,clean,wiener,0.00011236496689108554,0.0001259623420691328,8.025857385639857e-07,0.5257,0.003022065242260854,50000,1.1210108057187174
91,7,1.8,fit,1277,sim,clean,wiener,0.0001374125523158707,0.00016620230426671873,9.42794385763807e-07,0.37418,0.003550008437619806,50000,1.2095132610932728
91,5,1.4,fit,1280,sim,clean,wiener,0.00013887160653031511,0.00017363309982036478,1.0125006386074544e-06,0.3462,0.0038124811352582516,50000,1.2503138989931781
91,23,20.0,fit,1241,sim,clean,wiener,0.00014180880535859014,0.00022236615857998076,7.322904227942668e-07,0.1627,0.0027573744805466996,50000,1.5680701774314103
91,3,1.0,fit,1278,sim,clean,wiener,0.00013526125742517757,0.000171827188106112,1.047580538169609e-06,0.353,0.0039445713781754415,50000,1.2703355815035329
91,9,2.0,fit,1259,sim,clean,wiener,0.00013499348528917741,0.00016612794319613184,9.694268373799517e-07,0.37446,0.0036502905663420918,50000,1.2306367439899746
91,15,5.0,fit,1259,sim,clean,wiener,0.00013394409901512573,0.00014649130905615358,8.325853121676416e-07,0.4484,0.0031350259694629947,50000,1.093674974360841
91,17,6.0,fit,1244,sim,clean,wiener,0.0001366010203877364,0.0001494126368292096,8.325651831395106e-07,0.4374,0.003134950175397199,50000,1.0937885852177966
91,19,8.0,fit,1242,sim,clean,wiener,0.00013866568032333795,0.00015777825727023362,8.262137094946144e-07,0.4059,0.0031110342660842327,50000,1.1378320641584085
91,21,10.0,fit,1242,sim,clean,wiener,0.00014182018678243646,0.00016332878003904,8.375407014439729e-07,0.385,0.003153685047209215,50000,1.1516610134606537
91,11,3.0,fit,1259,sim,clean,wiener,0.00013263686571321248,0.00014185436515455746,8.138451091399134e-07,0.46586,0.003064461401116265,50000,1.0694942495193989
91,13,4.0,fit,1259,sim,clean,wiener,0.00013293176964402845,0.0001435221777377203,8.186869949679541e-07,0.45958,0.0030826930917193128,50000,1.0796679990197333
91,1,0.6,fit,1279,sim,clean,wiener,0.00011236496689108554,0.0001254099455447731,7.846298267233348e-07,0.52778,0.002954453852649294,50000,1.1160947136337607
91,5,1.4,fit,1281,sim,clean,wiener,0.00013887160653031511,0.00017466884330353917,9.837860672322992e-07,0.3423,0.0037043589697005382,50000,1.2577721801281938
91,7,1.8,fit,1278,sim,clean,wiener,0.0001374125523158707,0.00016449731114826237,9.541469123207407e-07,0.3806,0.0035927553670393815,50000,1.1971054199628854
91,23,20.0,fit,1242,sim,clean,wiener,0.00014180880535859014,0.00022332754099256831,7.340573076696358e-07,0.15908,0.0027640275284546816,50000,1.574849604210703
91,3,1.0,fit,1279,sim,clean,wiener,0.00013526125742517757,0.00017166253144981246,1.0369874340622753e-06,0.35362,0.003904683986471095,50000,1.2691182583806082
91,9,2.0,fit,1260,sim,clean,wiener,0.00013499348528917741,0.0001672008672145997,9.88064221386436e-07,0.37042,0.0037204679788057624,50000,1.238584712858024
91,15,5.0,fit,1260,sim,clean,wiener,0.00013394409901512573,0.00014487661152340993,8.135968094211098e-07,0.45448,0.003063526450600944,50000,1.081619963766001
91,17,6.0,fit,1245,sim,clean,wiener,0.0001366010203877364,0.00014975257315189247,8.210621492770742e-07,0.43612,0.0030916365241000585,50000,1.0962771195033971
91,11,3.0,fit,1260,sim,clean,wiener,0.00013263686571321248,0.00014151442883187455,7.972348591116032e-07,0.46714,0.003001916981418958,50000,1.0669313397216211
91,19,8.0,fit,1243,sim,clean,wiener,0.00013866568032333795,0.00015723648375595776,8.480606583326269e-07,0.40794,0.0031932970095649967,50000,1.133925015831724
91,21,10.0,fit,1243,sim,clean,wiener,0.00014182018678243646,0.00016246831622224896,8.500954811660303e-07,0.38824,0.0032009589540321257,50000,1.145593726170227
91,13,4.0,fit,1260,sim,clean,wiener,0.00013293176964402845,0.00014273607499151617,8.065241413386238e-07,0.46254,0.0030368949477531963,50000,1.0737544183286072
91,5,1.4,fit,1282,sim,clean,wiener,0.00013887160653031511,0.00017386149453716736,1.0347022199094283e-06,0.34534,0.0038960792157523953,50000,1.251958545602438
91,1,0.6,fit,1280,sim,clean,wiener,0.00011236496689108554,0.00012541525704981503,7.860714299584414e-07,0.52776,0.0029598820814610116,50000,1.1161419837499622
91,7,1.8,fit,1279,sim,clean,wiener,0.0001374125523158707,0.00016382275000793853,9.623108970267162e-07,0.38314,0.0036234961256060884,50000,1.1921963987056918
91,3,1.0,fit,1280,sim,clean,wiener,0.00013526125742517757,0.00017206620583299837,1.0408534654886132e-06,0.3521,0.003919241184085805,50000,1.272102663456165
91,23,20.0,fit,1243,sim,clean,wiener,0.00014180880535859014,0.00022248301169090304,7.381610235168728e-07,0.16226,0.002779479705624238,50000,1.5688941961559655
91,9,2.0,fit,1261,sim,clean,wiener,0.00013499348528917741,0.00016637758393310206,9.683179948411816e-07,0.37352,0.003646115318347338,50000,1.2324860238751147
91,15,5.0,fit,1261,sim,clean,wiener,0.00013394409901512573,0.00014521654784609278,8.20763020316528e-07,0.4532,0.003090510180594083,50000,1.0841578607333355
91,11,3.0,fit,1261,sim,clean,wiener,0.00013263686571321248,0.00014196059525539584,8.151714805721775e-07,0.46546,0.003069455734819409,50000,1.070295158831204
91,17,6.0,fit,1246,sim,clean,wiener,0.0001366010203877364,0.00014968352358634752,8.271851505639492e-07,0.43638,0.003114692141061919,50000,1.0957716359766345
91,13,4.0,fit,1261,sim,clean,wiener,0.00013293176964402845,0.0001426935829511808,8.132968161959968e-07,0.4627,0.003062396852783582,50000,1.0734347653182759
91,5,1.4,fit,1283,sim,clean,wiener,0.00013887160653031511,0.00017425454591026942,1.0096982462792543e-06,0.34386,0.0038019289761015425,50000,1.2547888676741876
91,19,8.0,fit,1244,sim,clean,wiener,0.00013866568032333795,0.00015632290488874748,8.32743247256869e-07,0.41138,0.003135620659999786,50000,1.127336659829864
91,21,10.0,fit,1244,sim,clean,wiener,0.00014182018678243646,0.00016180968959705089,8.345622304113166e-07,0.39072,0.0031424698793456837,50000,1.1409496297257027
91,1,0.6,fit,1281,sim,clean,wiener,0.00011236496689108554,0.00012501689417167104,7.821337144390304e-07,0.52926,0.0029450549637671255,50000,1.1125967250348492
91,7,1.8,fit,1280,sim,clean,wiener,0.0001374125523158707,0.00016398740666423808,9.481904942535667e-07,0.38252,0.0035703270043807222,50000,1.1933946637369757
91,3,1.0,fit,1281,sim,clean,wiener,0.00013526125742517757,0.00017356936175986172,1.022724543116154e-06,0.34644,0.0038509783386987437,50000,1.283215645513831
91,9,2.0,fit,1262,sim,clean,wiener,0.00013499348528917741,0.0001659632865398323,9.895781134000688e-07,0.37508,0.0037261684045859695,50000,1.2294170061933927
91,15,5.0,fit,1262,sim,clean,wiener,0.00013394409901512573,0.00014605576564271616,8.033504864822327e-07,0.45004,0.0030249448325547967,50000,1.0904232938714433
91,23,20.0,fit,1244,sim,clean,wiener,0.00014180880535859014,0.00022134634961193216,7.359032219393148e-07,0.16654,0.002770978154520591,50000,1.5608787412898404
91,11,3.0,fit,1262,sim,clean,wiener,0.00013263686571321248,0.00014241207318395905,7.992814998544678e-07,0.46376,0.003009623425173457,50000,1.0736990234063772
91,13,4.0,fit,1262,sim,clean,wiener,0.00013293176964402845,0.00014383024503015167,8.073932132623902e-07,0.45842,0.0030401673608146823,50000,1.081985483344634
91,17,6.0,fit,1247,sim,clean,wiener,0.0001366010203877364,0.00014972070412164095,8.189791536951998e-07,0.43624,0.0030837931894315052,50000,1.096043819414122
91,25,26.0,fit,1234,sim,clean,wiener,0.00014537611400275676,0.00023208621280669439,6.195855279247054e-07,0.1261,0.002332994219283422,50000,1.5964535467105232
91,7,1.8,fit,1281,sim,clean,wiener,0.0001374125523158707,0.00016510282272304128,9.60518530480563e-07,0.37832,0.0036167471287322935,50000,1.201511942981154
91,1,0.6,fit,1282,sim,clean,wiener,0.00011236496689108554,0.00012520810835318016,7.794757521264905e-07,0.52854,0.0029350466429933996,50000,1.1142984492181034
91,21,10.0,fit,1245,sim,clean,wiener,0.00014182018678243646,0.00016278169501972225,8.334515671399756e-07,0.38706,0.0031382877755443115,50000,1.1478034172204443
91,19,8.0,fit,1245,sim,clean,wiener,0.00013866568032333795,0.00015616887124253183,8.19426026843013e-07,0.41196,0.003085475850538993,50000,1.1262258323644343
91,3,1.0,fit,1282,sim,clean,wiener,0.00013526125742517757,0.00017120574201620736,1.0437737193391557e-06,0.35534,0.003930237140326061,50000,1.2657411684266886
91,9,2.0,fit,1263,sim,clean,wiener,0.00013499348528917741,0.00016584112192386815,9.822874337874081e-07,0.37554,0.00369871599870432,50000,1.2285120394410902
91,15,5.0,fit,1263,sim,clean,wiener,0.00013394409901512573,0.00014515280978558975,8.094006738098097e-07,0.45344,0.0030477262750266657,50000,1.0836820050519602
91,23,20.0,fit,1245,sim,clean,wiener,0.00014180880535859014,0.0002239649215975987,7.261033742860879e-07,0.15668,0.00273407769946733,50000,1.5793442517991843
91,11,3.0,fit,1263,sim,clean,wiener,0.00013263686571321248,0.00014158347839741953,7.915248461480712e-07,0.46688,0.002980416435270675,50000,1.067451930774295
91,13,4.0,fit,1263,sim,clean,wiener,0.00013293176964402845,0.0001429804042234445,7.966917225103104e-07,0.46162,0.0029998718488359853,50000,1.0755924231380114
91,25,26.0,fit,1235,sim,clean,wiener,0.00014537611400275676,0.00023132666758569984,6.274797878867867e-07,0.12896,0.0023627193533076857,50000,1.5912288560781944
91,7,1.8,fit,1282,sim,clean,wiener,0.0001374125523158707,0.00016448668813817856,9.852933949531821e-07,0.38064,0.0037100346782200128,50000,1.1970281125415125
91,1,0.6,fit,1283,sim,clean,wiener,0.00011236496689108554,0.00012577112788762367,7.88674310331053e-07,0.52642,0.0029696829960871637,50000,1.119309081535463
91,17,6.0,fit,1248,sim,clean,wiener,0.0001366010203877364,0.00015006064044432383,8.357583401261473e-07,0.43496,0.0031469737241331427,50000,1.0985323536997225
91,3,1.0,fit,1283,sim,clean,wiener,0.00013526125742517757,0.0001729638501850829,1.0251499496860568e-06,0.34872,0.0038601109914996384,50000,1.278739037900496
91,21,10.0,fit,1246,sim,clean,wiener,0.00014182018678243646,0.0001625054967575424,8.400782143093992e-07,0.3881,0.0031632398262987555,50000,1.1458558929049985
91,19,8.0,fit,1246,sim,clean,wiener,0.00013866568032333795,0.00015559522869800445,8.286006375909176e-07,0.41412,0.0031200220316138323,50000,1.122088957665592
91,15,5.0,fit,1264,sim,clean,wiener,0.00013394409901512573,0.00014631602938977023,8.14493807201194e-07,0.44906,0.0030669040159915627,50000,1.092366371237059
91,9,2.0,fit,1264,sim,clean,wiener,0.00013499348528917741,0.00016535777496505346,9.63119837596154e-07,0.37736,0.0036265421193990093,50000,1.2249315188124148
91,23,20.0,fit,1246,sim,clean,wiener,0.00014180880535859014,0.00022416675878919164,7.229568561839627e-07,0.15592,0.0027222297653044444,50000,1.58076755686887
91,11,3.0,fit,1264,sim,clean,wiener,0.00013263686571321248,0.00014252361478983935,7.991494941139169e-07,0.46334,0.0030091263692937804,50000,1.0745399781837728
91,13,4.0,fit,1264,sim,clean,wiener,0.00013293176964402845,0.00014332034054612735,8.104918636814827e-07,0.46034,0.003051835053472929,50000,1.0781496472206604
91,25,26.0,fit,1236,sim,clean,wiener,0.00014537611400275676,0.00023228273849324542,6.160740231451101e-07,0.12536,0.002319771960236762,50000,1.5978053897412656
91,7,1.8,fit,1283,sim,clean,wiener,0.0001374125523158707,0.00016640414145831169,9.268083847451294e-07,0.37342,0.003489814572067533,50000,1.2109821020993623
91,27,30.0,fit,1234,sim,clean,wiener,0.000145312162747765,0.00023822631263515392,5.445016804743594e-07,0.10298,0.002050272667264694,50000,1.6394106875187775
91,29,40.0,fit,1234,sim,clean,wiener,0.00014451167982358718,0.00023642571242594304,5.76132727620332e-07,0.10976,0.0021693765630393597,50000,1.6360318606396385
91,17,6.0,fit,1249,sim,clean,wiener,0.0001366010203877364,0.0001488814863250176,8.339796171709257e-07,0.4394,0.0031402761009879762,50000,1.089900250396546
91,15,5.0,fit,1265,sim,clean,wiener,0.00013394409901512573,0.00014486598851332606,8.119719699767139e-07,0.45452,0.003057408262134315,50000,1.0815406544857715
91,9,2.0,fit,1265,sim,clean,wiener,0.00013499348528917741,0.0001651718722885862,9.537398541492053e-07,0.37806,0.003591222625685197,50000,1.223554395493693
91,19,8.0,fit,1247,sim,clean,wiener,0.00013866568032333795,0.00015537214548624382,8.323981700122032e-07,0.41496,0.0031343213023151285,50000,1.1204801730604868
91,21,10.0,fit,1247,sim,clean,wiener,0.00014182018678243646,0.00016100234083067904,8.3118994928398e-07,0.39376,0.003129771854583506,50000,1.1352568663420923
91,23,20.0,fit,1247,sim,clean,wiener,0.00014180880535859014,0.0002225786187816576,7.260110307116139e-07,0.1619,0.0027337299879477317,50000,1.5695683932942377
91,25,26.0,fit,1237,sim,clean,wiener,0.00014537611400275676,0.00023193749066552062,6.203749011204084e-07,0.12666,0.0023359665338702406,50000,1.5954305303629344
91,11,3.0,fit,1265,sim,clean,wiener,0.00013263686571321248,0.00014157285538733566,7.919287618284241e-07,0.46692,0.0029819373438537042,50000,1.067371839843114
91,13,4.0,fit,1265,sim,clean,wiener,0.00013293176964402845,0.0001423748926486656,8.071459972480173e-07,0.4639,0.0030392364908920456,50000,1.0710373677407925
91,27,30.0,fit,1235,sim,clean,wiener,0.000145312162747765,0.0002383006737057408,5.475768204536049e-07,0.1027,0.0020618518334519632,50000,1.639922420805109
91,29,40.0,fit,1235,sim,clean,wiener,0.00014451167982358718,0.00023520406626630143,5.833472967036069e-07,0.11436,0.0021965423814894426,50000,1.627578245256211
91,15,5.0,fit,1266,sim,clean,wiener,0.00013394409901512573,0.00014623635681414144,8.255897310753022e-07,0.44936,0.003108684730822993,50000,1.0917715516353401
91,17,6.0,fit,1250,sim,clean,wiener,0.0001366010203877364,0.00014957729348550914,8.234263557791201e-07,0.43678,0.0031005387334866142,50000,1.0949939690123847
91,9,2.0,fit,1266,sim,clean,wiener,0.00013499348528917741,0.0001666750282154496,9.45639773495243e-07,0.3724,0.003560722492144764,50000,1.234689421185069
91,19,8.0,fit,1248,sim,clean,wiener,0.00013866568032333795,0.00015686467840302334,8.457418931915886e-07,0.40934,0.003184565905583214,50000,1.1312437081565483
91,21,10.0,fit,1248,sim,clean,wiener,0.00014182018678243646,0.0001619212312029312,8.587520654918805e-07,0.3903,0.0032335545526714186,50000,1.1417361299300173
91,25,26.0,fit,1238,sim,clean,wiener,0.00014537611400275676,0.00023216057387728125,6.221936409711864e-07,0.12582,0.002342814837077802,50000,1.5969650548843175
91,11,3.0,fit,1266,sim,clean,wiener,0.00013263686571321248,0.0001425554838200909,8.01958780303596e-07,0.46322,0.003019704486672969,50000,1.0747802509773146
91,23,20.0,fit,1248,sim,clean,wiener,0.00014180880535859014,0.00022183500807578877,7.298522714815676e-07,0.1647,0.002748193838549915,50000,1.5643246377743425
91,13,4.0,fit,1266,sim,clean,wiener,0.00013293176964402845,0.00014379837599990018,8.167345672236607e-07,0.45854,0.0030753413986346436,50000,1.081745743586886
91,27,30.0,fit,1236,sim,clean,wiener,0.000145312162747765,0.00023778014621163263,5.467001667550865e-07,0.10466,0.002058550871891729,50000,1.6363402878007873
91,29,40.0,fit,1236,sim,clean,wiener,0.00014451167982358718,0.00023577239730578688,5.81468845684264e-07,0.11222,0.0021894692411854513,50000,1.6315110141519795
91,15,5.0,fit,1267,sim,clean,wiener,0.00013394409901512573,0.00014651255507632126,8.21664483924855e-07,0.44832,0.0030939045616639013,50000,1.0938335929212994
91,9,2.0,fit,1267,sim,clean,wiener,0.00013499348528917741,0.00016790729738517504,9.830970609829092e-07,0.36776,0.003701764577926635,50000,1.243817781469165
91,17,6.0,fit,1251,sim,clean,wiener,0.0001366010203877364,0.00015017749355524608,8.316336382661497e-07,0.43452,0.0031314425259983607,50000,1.0993877873603977
91,19,8.0,fit,1249,sim,clean,wiener,0.00013866568032333795,0.0001552552923753216,8.393285894906192e-07,0.4154,0.003160417180691291,50000,1.1196374763625745
91,21,10.0,fit,1249,sim,clean,wiener,0.00014182018678243646,0.0001611510629718528,8.500804913262856e-07,0.3932,0.003200902511123284,50000,1.1363055332811784
91,25,26.0,fit,1239,sim,clean,wiener,0.00014537611400275676,0.00023230929601845502,6.157746888352947e-07,0.12526,0.00231864484350637,50000,1.5979880712319063
91,27,30.0,fit,1237,sim,clean,wiener,0.000145312162747765,0.00023679751777887743,5.510831803513019e-07,0.10836,0.002075054719903256,50000,1.62957809794569
91,11,3.0,fit,1267,sim,clean,wiener,0.00013263686571321248,0.00014279981305201922,8.120776029616434e-07,0.4623,0.003057806013747448,50000,1.0766223423944672
91,13,4.0,fit,1267,sim,clean,wiener,0.00013293176964402845,0.0001441542468377088,8.183488337947875e-07,0.4572,0.003081419775886991,50000,1.084422837548409
91,23,20.0,fit,1249,sim,clean,wiener,0.00014180880535859014,0.00022194123817662718,7.445461748420009e-07,0.1643,0.002803522425247902,50000,1.5650737457057562
91,29,40.0,fit,1237,sim,clean,wiener,0.00014451167982358718,0.00023461980071169024,5.889578724068926e-07,0.11656,0.002217668505475037,50000,1.6235352118119633
91,15,5.0,fit,1268,sim,clean,wiener,0.00013394409901512573,0.0001468153108637107,8.199967852704899e-07,0.44718,0.0030876249906526603,50000,1.096093907407832
91,9,2.0,fit,1268,sim,clean,wiener,0.00013499348528917741,0.00016775857524400128,9.57006853793941e-07,0.36832,0.0036035242223850087,50000,1.242716082814188
91,17,6.0,fit,1252,sim,clean,wiener,0.0001366010203877364,0.00015227022654176254,8.136740471998198e-07,0.42664,0.003063817282589619,50000,1.1147078265561248
91,19,8.0,fit,1250,sim,clean,wiener,0.00013866568032333795,0.00015543057204170496,8.326637255201761e-07,0.41474,0.003135321227970388,50000,1.1209015214094429
91,25,26.0,fit,1240,sim,clean,wiener,0.00014537611400275676,0.0002316400463831731,6.140853004503421e-07,0.12778,0.0023122836017429927,50000,1.5933844976677565
91,27,30.0,fit,1238,sim,clean,wiener,0.000145312162747765,0.0002375358169797043,5.479087630759172e-07,0.10558,0.002063101733883922,50000,1.6346588784314116
91,21,10.0,fit,1250,sim,clean,wiener,0.00014182018678243646,0.00016153349133487104,8.307986517164904e-07,0.39176,0.003128298458382612,50000,1.139002105410257
91,11,3.0,fit,1268,sim,clean,wiener,0.00013263686571321248,0.00014329378302091776,7.994745882754395e-07,0.46044,0.0030103504824555184,50000,1.0803465706943625
91,13,4.0,fit,1268,sim,clean,wiener,0.00013293176964402845,0.0001444782486452659,8.077261389512103e-07,0.45598,0.003041420962896174,50000,1.086860191752184
91,29,40.0,fit,1238,sim,clean,wiener,0.00014451167982358718,0.00023485881843857663,5.826104542659345e-07,0.11566,0.002193767866801583,50000,1.6251891800391556
91,23,20.0,fit,1250,sim,clean,wiener,0.00014180880535859014,0.0002227114064077056,7.324449604077631e-07,0.1614,0.002757956378190688,50000,1.5705047782085044
91,15,5.0,fit,1269,sim,clean,wiener,0.00013394409901512573,0.00014587517447129088,8.157991185765963e-07,0.45072,0.0030718190499230014,50000,1.0890750361075467
91,9,2.0,fit,1269,sim,clean,wiener,0.00013499348528917741,0.00016627135383226365,1.0029960871033142e-06,0.37392,0.003776692591600183,50000,1.2316990962644168
91,17,6.0,fit,1253,sim,clean,wiener,0.0001366010203877364,0.00015089985824094722,8.155541478420947e-07,0.4318,0.0030708966344020964,50000,1.1046759227172986
91,25,26.0,fit,1241,sim,clean,wiener,0.00014537611400275676,0.00023192686765543678,6.232642843994483e-07,0.1267,0.0023468462497181443,50000,1.595357457766678
91,19,8.0,fit,1251,sim,clean,wiener,0.00013866568032333795,0.00015563772073833983,8.3070364432376e-07,0.41396,0.003127940716492204,50000,1.1223953928284691
91,27,30.0,fit,1239,sim,clean,wiener,0.000145312162747765,0.00023821037812002814,5.421990178674708e-07,0.10304,0.0020416021959436077,50000,1.639301030385992
91,21,10.0,fit,1251,sim,clean,wiener,0.00014182018678243646,0.0001616078524054579,8.442001806620185e-07,0.39148,0.003178760724123713,50000,1.1395264388798
91,11,3.0,fit,1269,sim,clean,wiener,0.00013263686571321248,0.00014199777579068927,8.068876572767591e-07,0.46532,0.0030382637346987656,50000,1.070575477090336
91,13,4.0,fit,1269,sim,clean,wiener,0.00013293176964402845,0.00014367089987889407,8.090421537209256e-07,0.45902,0.003046376299507281,50000,1.0807867845558923
91,29,40.0,fit,1239,sim,clean,wiener,0.00014451167982358718,0.0002349597370343731,5.878112213708904e-07,0.11528,0.0022133508929454344,50000,1.6258875221795255
91,23,20.0,fit,1251,sim,clean,wiener,0.00014180880535859014,0.00022403928266818558,7.393710325718188e-07,0.1564,0.0027840358871411386,50000,1.5798686273511737
91,15,5.0,fit,1270,sim,clean,wiener,0.00013394409901512573,0.0001464435055107763,8.228902771461894e-07,0.44858,0.0030985201770559988,50000,1.0933180825998097
91,9,2.0,fit,1270,sim,clean,wiener,0.00013499348528917741,0.00016673345477091073,9.739008365041525e-07,0.37218,0.003667137012269906,50000,1.235122231370953
91,25,26.0,fit,1242,sim,clean,wiener,0.00014537611400275676,0.0002327235934117248,6.074545087807822e-07,0.1237,0.002287315945241765,50000,1.6008379024859039
91,17,6.0,fit,1254,sim,clean,wiener,0.0001366010203877364,0.00015001814840398848,8.152422852122016e-07,0.43512,0.00306972234339632,50000,1.0982212869140224
91,27,30.0,fit,1240,sim,clean,wiener,0.000145312162747765,0.0002387309056141363,5.361404676043619e-07,0.10108,0.002018789263581526,50000,1.6428831633903138
91,19,8.0,fit,1252,sim,clean,wiener,0.00013866568032333795,0.00015758704308872448,8.263297135938427e-07,0.40662,0.003111471069206183,50000,1.1364531059254608
91,11,3.0,fit,1270,sim,clean,wiener,0.00013263686571321248,0.00014252361478983935,8.180826388521805e-07,0.46334,0.0030804174424974677,50000,1.0745399781837728
91,29,40.0,fit,1240,sim,clean,wiener,0.00014451167982358718,0.00023612826814359552,5.755399990298232e-07,0.11088,0.002167144696230119,50000,1.6339735890680214
91,13,4.0,fit,1270,sim,clean,wiener,0.00013293176964402845,0.00014428172295871488,8.208272179858501e-07,0.45672,0.003090751911210228,50000,1.0853817965794026
91,21,10.0,fit,1252,sim,clean,wiener,0.00014182018678243646,0.00016345094465500417,8.325299319348538e-07,0.38454,0.0031348174401201784,50000,1.1525224184463319
91,15,5.0,fit,1271,sim,clean,wiener,0.00013394409901512573,0.00014408519727216384,8.101842773604302e-07,0.45746,0.0030506768645278937,50000,1.0757114223889246
91,23,20.0,fit,1252,sim,clean,wiener,0.00014180880535859014,0.00022290262058921473,7.291352964390584e-07,0.16068,0.002745494132772172,50000,1.571853172485049
91,9,2.0,fit,1271,sim,clean,wiener,0.00013499348528917741,0.00016611200868100608,9.623191829484675e-07,0.37452,0.003623527325507758,50000,1.23051870484837
91,25,26.0,fit,1243,sim,clean,wiener,0.00014537611400275676,0.00023175689949409535,6.221272124217925e-07,0.12734,0.0023425647062810897,50000,1.5941882962265763
91,27,30.0,fit,1241,sim,clean,wiener,0.000145312162747765,0.00023806165597885438,5.420145648429264e-07,0.1036,0.002040907654479037,50000,1.6382775638133287
91,17,6.0,fit,1255,sim,clean,wiener,0.0001366010203877364,0.00015048556084767744,8.276696183448472e-07,0.43336,0.003116516361417824,50000,1.101643021556723
91,19,8.0,fit,1253,sim,clean,wiener,0.00013866568032333795,0.0001561901172626995,8.316678648074393e-07,0.41188,0.003131571402996573,50000,1.1263790499458728
91,29,40.0,fit,1241,sim,clean,wiener,0.00014451167982358718,0.000234965048539415,5.846099647755048e-07,0.11526,0.002201296845852867,50000,1.6259242770290188
91,11,3.0,fit,1271,sim,clean,wiener,0.00013263686571321248,0.00014012812601593344,7.964360644664331e-07,0.47236,0.0029989091912018136,50000,1.0564794732025602
91,21,10.0,fit,1253,sim,clean,wiener,0.00014182018678243646,0.00016200090377856,8.478470942448708e-07,0.39,0.003192492852980109,50000,1.142297915790242
91,13,4.0,fit,1271,sim,clean,wiener,0.00013293176964402845,0.00014144006776128768,7.968957128582393e-07,0.46742,0.0030006399563547352,50000,1.0640050015135072
91,15,5.0,fit,1272,sim,clean,wiener,0.00013394409901512573,0.00014523779386626048,8.165806655674998e-07,0.45312,0.00307476189563146,50000,1.084316479293794
91,23,20.0,fit,1253,sim,clean,wiener,0.00014180880535859014,0.00022307258875055617,7.455514893170692e-07,0.16004,0.0028073078475232614,50000,1.5730517451753108
91,9,2.0,fit,1272,sim,clean,wiener,0.00013499348528917741,0.00016591548299445505,1.0083802965109439e-06,0.37526,0.0037969663534252623,50000,1.2290628887685788
91,25,26.0,fit,1244,sim,clean,wiener,0.00014537611400275676,0.00023214995086719744,6.22484326367719e-07,0.12586,0.0023439093870941848,50000,1.5968919822880614
91,27,30.0,fit,1242,sim,clean,wiener,0.000145312162747765,0.00023808821350406397,5.389437633820649e-07,0.1035,0.002029344824597014,50000,1.6384603257013042
91,17,6.0,fit,1256,sim,clean,wiener,0.0001366010203877364,0.00015094766178632446,8.314318624432214e-07,0.43162,0.0031306827570766116,50000,1.1050258728512108
91,29,40.0,fit,1242,sim,clean,wiener,0.00014451167982358718,0.00023595298847721216,5.780295701282903e-07,0.11154,0.0021765189548585816,50000,1.632760679034747
91,19,8.0,fit,1254,sim,clean,wiener,0.00013866568032333795,0.0001557386393341363,8.306565832177128e-07,0.41358,0.0031277635120814926,50000,1.1231231763403025
91,11,3.0,fit,1272,sim,clean,wiener,0.00013263686571321248,0.0001416419049528806,7.990954550898171e-07,0.46666,0.003008922890153035,50000,1.0678924308957876
91,13,4.0,fit,1272,sim,clean,wiener,0.00013293176964402845,0.00014258735285034238,8.133071702203001e-07,0.4631,0.0030624358399415404,50000,1.072635632792448
91,21,10.0,fit,1254,sim,clean,wiener,0.00014182018678243646,0.00016190529668780543,8.487495357458967e-07,0.39036,0.0031958909162179434,50000,1.1416237727579723
91,15,5.0,fit,1273,sim,clean,wiener,0.00013394409901512573,0.00014537058149230846,8.240848017517913e-07,0.45262,0.0031030180532555856,50000,1.0853078452966591
91,23,20.0,fit,1254,sim,clean,wiener,0.00014180880535859014,0.00022272202941778945,7.345165398665135e-07,0.16136,0.002765756726462603,50000,1.570579689001646
91,9,2.0,fit,1273,sim,clean,wiener,0.00013499348528917741,0.00016623948480201217,9.725292232970655e-07,0.37404,0.0036619723246860223,50000,1.2314630179812076
91,25,26.0,fit,1245,sim,clean,wiener,0.00014537611400275676,0.00023211808183694593,6.121106551800146e-07,0.12598,0.002304848250539358,50000,1.5966727644992924
91,27,30.0,fit,1243,sim,clean,wiener,0.000145312162747765,0.00023725430721248256,5.486357489679745e-07,0.10664,0.002065839134625594,50000,1.6327216024188704
91,29,40.0,fit,1243,sim,clean,wiener,0.00014451167982358718,0.0002353580999125171,5.802781789352032e-07,0.11378,0.002184985891401675,50000,1.6286441358915127
91,17,6.0,fit,1257,sim,clean,wiener,0.0001366010203877364,0.00014975257315189247,8.170917742387175e-07,0.43612,0.003076686429891275,50000,1.0962771195033971
91,11,3.0,fit,1273,sim,clean,wiener,0.00013263686571321248,0.00014180125010413827,8.042259720359461e-07,0.46606,0.0030282413955696253,50000,1.0690937948634962
91,13,4.0,fit,1273,sim,clean,wiener,0.00013293176964402845,0.00014286355111252223,8.150098407838917e-07,0.46206,0.003068847094567691,50000,1.0747133773596005
91,19,8.0,fit,1255,sim,clean,wiener,0.00013866568032333795,0.00015675844830218496,8.258922310983002e-07,0.40974,0.003109823767764916,50000,1.1304776202493554
91,21,10.0,fit,1255,sim,clean,wiener,0.00014182018678243646,0.00016361560131130366,8.371062989863238e-07,0.38392,0.003152049343376796,50000,1.1536834425574627
91,15,5.0,fit,1274,sim,clean,wiener,0.00013394409901512573,0.00014607701166288384,8.143208411336926e-07,0.44996,0.003066252727642455,50000,1.0905819124319018
91,25,26.0,fit,1246,sim,clean,wiener,0.00014537611400275676,0.00023210214732182014,6.208509159847667e-07,0.12604,0.002337758925520447,50000,1.5965631556049076
91,23,20.0,fit,1255,sim,clean,wiener,0.00014180880535859014,0.00022281232500350208,7.363076866114603e-07,0.16102,0.0027725011302834053,50000,1.5712164307433474
91,9,2.0,fit,1274,sim,clean,wiener,0.00013499348528917741,0.00016644663349864707,9.931451611674543e-07,0.37326,0.003739599805814936,50000,1.2329975268220688
91,27,30.0,fit,1244,sim,clean,wiener,0.000145312162747765,0.0002379872949082675,5.449043545613198e-07,0.10388,0.002051788900738191,50000,1.637765830526997
91,29,40.0,fit,1244,sim,clean,wiener,0.00014451167982358718,0.00023508721315537918,5.836866376343866e-07,0.1148,0.0021978201395941666,50000,1.6267696385673616
91,17,6.0,fit,1258,sim,clean,wiener,0.0001366010203877364,0.00015067677502918656,8.358055619845349e-07,0.43264,0.0031471515338424997,50000,1.1030428220923731
91,11,3.0,fit,1274,sim,clean,wiener,0.00013263686571321248,0.0001417959385990963,8.015464301028642e-07,0.46608,0.0030181518186533497,50000,1.0690537493979053
91,13,4.0,fit,1274,sim,clean,wiener,0.00013293176964402845,0.00014309194582932478,8.100981413662126e-07,0.4612,0.0030503525270998474,50000,1.0764315122901302
91,19,8.0,fit,1256,sim,clean,wiener,0.00013866568032333795,0.00015776763426014975,8.32609708243886e-07,0.40594,0.0031351178307190866,50000,1.137755455367689
91,15,5.0,fit,1275,sim,clean,wiener,0.00013394409901512573,0.00014669314624774654,8.104736001189196e-07,0.44764,0.0030517662836518746,50000,1.095181850685196
91,21,10.0,fit,1256,sim,clean,wiener,0.00014182018678243646,0.00016380150398777088,8.480122385425731e-07,0.38322,0.0031931146891504563,50000,1.1549942762313206
91,25,26.0,fit,1247,sim,clean,wiener,0.00014537611400275676,0.00023202778625123328,6.249504703789975e-07,0.12632,0.002353195433108695,50000,1.5960516474311133
91,9,2.0,fit,1275,sim,clean,wiener,0.00013499348528917741,0.00016578800687344896,9.715864110305602e-07,0.37574,0.00365842224892006,50000,1.2281185756357413
91,23,20.0,fit,1256,sim,clean,wiener,0.00014180880535859014,0.00022295573563963392,7.410788660057861e-07,0.16048,0.002790466582096668,50000,1.5722277264507558
91,27,30.0,fit,1245,sim,clean,wiener,0.000145312162747765,0.00023778545771667455,5.453789192529789e-07,0.10464,0.0020535758318920303,50000,1.6363768401783825
91,29,40.0,fit,1245,sim,clean,wiener,0.00014451167982358718,0.00023550682205369087,5.786439638545895e-07,0.11322,0.0021788323998104373,50000,1.6296732716773215
91,11,3.0,fit,1275,sim,clean,wiener,0.00013263686571321248,0.00014262984489067776,7.938357470853449e-07,0.46294,0.002989117927292373,50000,1.0753408874955783
91,17,6.0,fit,1259,sim,clean,wiener,0.0001366010203877364,0.0001499650333535693,8.349528115748518e-07,0.43532,0.003143940577991181,50000,1.0978324534318975
91,13,4.0,fit,1275,sim,clean,wiener,0.00013293176964402845,0.00014423923091837952,8.030663072457803e-07,0.45688,0.0030238747809057465,50000,1.0850621435690715
91,15,5.0,fit,1276,sim,clean,wiener,0.00013394409901512573,0.0001455086806233984,8.016770740635298e-07,0.4521,0.0030186437468719416,50000,1.0863388659396391
91,19,8.0,fit,1257,sim,clean,wiener,0.00013866568032333795,0.00015708245010974208,8.521712317831957e-07,0.40852,0.0032087750084302032,50000,1.132814188366294
91,21,10.0,fit,1257,sim,clean,wiener,0.00014182018678243646,0.00016376432345247745,8.573920455078533e-07,0.38336,0.0032284335183382362,50000,1.154732109496549
91,25,26.0,fit,1248,sim,clean,wiener,0.00014537611400275676,0.00023244739514954497,6.192367798370389e-07,0.12474,0.002331681039365812,50000,1.598938014983239
91,9,2.0,fit,1276,sim,clean,wiener,0.00013499348528917741,0.0001648160014507776,9.67280350740124e-07,0.3794,0.003642208161739679,50000,1.220918187997855
91,27,30.0,fit,1246,sim,clean,wiener,0.000145312162747765,0.00023860874099817215,5.433752751170627e-07,0.10154,0.002046031288038253,50000,1.6420424587056262
91,23,20.0,fit,1257,sim,clean,wiener,0.00014180880535859014,0.00022228648600435198,7.190724582631033e-07,0.163,0.002707603410287542,50000,1.56750834648285
91,29,40.0,fit,1246,sim,clean,wiener,0.00014451167982358718,0.000235299673357056,5.790872514232571e-07,0.114,0.002180501559738439,50000,1.6282398325470882
91,11,3.0,fit,1276,sim,clean,wiener,0.00013263686571321248,0.00014211462890161152,7.909151257865568e-07,0.46488,0.0029781205874584177,50000,1.071456477333322
91,13,4.0,fit,1276,sim,clean,wiener,0.00013293176964402845,0.0001434690626873011,7.935220345193864e-07,0.45978,0.0029879366705168166,50000,1.0792684327568192
91,15,5.0,fit,1277,sim,clean,wiener,0.00013394409901512573,0.00014686842591412992,8.235650225148409e-07,0.44698,0.0031010608707513873,50000,1.0964904538089781
91,17,6.0,fit,1260,sim,clean,wiener,0.0001366010203877364,0.0001493648332838323,8.22038138913135e-07,0.43758,0.003095311526301348,50000,1.093438635083884
91,19,8.0,fit,1258,sim,clean,wiener,0.00013866568032333795,0.00015645569251479551,8.360027641331627e-07,0.41088,0.0031478940810003068,50000,1.1282942697138554
91,25,26.0,fit,1249,sim,clean,wiener,0.00014537611400275676,0.0002310345348083942,6.302044045873952e-07,0.13006,0.002372978655253575,50000,1.5892193596811448
91,21,10.0,fit,1258,sim,clean,wiener,0.00014182018678243646,0.000162532054282752,8.510399550837595e-07,0.388,0.0032045152865980376,50000,1.1460431548584067
91,9,2.0,fit,1277,sim,clean,wiener,0.00013499348528917741,0.0001668078158414976,9.621142557104317e-07,0.3719,0.0036227556902126076,50000,1.2356730806984415
91,27,30.0,fit,1247,sim,clean,wiener,0.000145312162747765,0.00023795011437297407,5.459020798947929e-07,0.10402,0.0020555457467756086,50000,1.637509963883831
91,23,20.0,fit,1258,sim,clean,wiener,0.00014180880535859014,0.00022297167015475968,7.270029394330484e-07,0.16042,0.0027374649320496616,50000,1.5723400926404678
91,29,40.0,fit,1247,sim,clean,wiener,0.00014451167982358718,0.00023550682205369087,5.885445005745335e-07,0.11322,0.0022161119905923566,50000,1.6296732716773215
91,11,3.0,fit,1277,sim,clean,wiener,0.00013263686571321248,0.0001420774483663181,8.067863103097327e-07,0.46502,0.003037882121704985,50000,1.0711761590741902
91,15,5.0,fit,1278,sim,clean,wiener,0.00013394409901512573,0.00014568396028978174,8.25003543961762e-07,0.45144,0.0031064774953636874,50000,1.0876474690634208
91,13,4.0,fit,1277,sim,clean,wiener,0.00013293176964402845,0.00014402677071670273,8.041271677234826e-07,0.45768,0.0030278693567155394,50000,1.0834638785174158
91,17,6.0,fit,1261,sim,clean,wiener,0.0001366010203877364,0.00014919486512249085,8.339303303865948e-07,0.43822,0.0031400905159835683,50000,1.0921943679410837
91,25,26.0,fit,1250,sim,clean,wiener,0.00014537611400275676,0.0002319056216352691,6.143652014811199e-07,0.12678,0.002313337544188942,50000,1.5952113125741654
91,19,8.0,fit,1259,sim,clean,wiener,0.00013866568032333795,0.00015663097218117887,8.51434307839792e-07,0.41022,0.003206000186839759,50000,1.1295583147607238
91,21,10.0,fit,1259,sim,clean,wiener,0.00014182018678243646,0.00016226647903065598,8.527411859803254e-07,0.389,0.003210921120286001,50000,1.1441705353243243
91,9,2.0,fit,1278,sim,clean,wiener,0.00013499348528917741,0.00016687686540704257,9.947352910562262e-07,0.37164,0.0037455872985358214,50000,1.2361845836453953
91,27,30.0,fit,1248,sim,clean,wiener,0.000145312162747765,0.0002378279497570099,5.456004719595848e-07,0.10448,0.0020544100689109447,50000,1.6366692591991434
91,29,40.0,fit,1248,sim,clean,wiener,0.00014451167982358718,0.00023451357061085183,5.835142799483157e-07,0.11696,0.0021971711420512453,50000,1.6228001148221
91,23,20.0,fit,1259,sim,clean,wiener,0.00014180880535859014,0.00022361967376987392,7.364325668316657e-07,0.15798,0.0027729713556497366,50000,1.5769096510220904
91,15,5.0,fit,1279,sim,clean,wiener,0.00013394409901512573,0.00014448887165534975,8.112716411029842e-07,0.45594,0.003054771236025133,50000,1.0787251750376345
91,11,3.0,fit,1278,sim,clean,wiener,0.00013263686571321248,0.00014149849431674877,8.048204714887511e-07,0.4672,0.0030304799304033984,50000,1.0668112033248502
91,13,4.0,fit,1278,sim,clean,wiener,0.00013293176964402845,0.00014313443786966016,8.169550036229721e-07,0.46104,0.003076171432297689,50000,1.0767511653004616
91,17,6.0,fit,1262,sim,clean,wiener,0.0001366010203877364,0.00015008719796953343,8.211921736063691e-07,0.43486,0.003092126119151814,50000,1.0987267704407848
91,25,26.0,fit,1251,sim,clean,wiener,0.00014537611400275676,0.00023170909594871807,6.154446676409777e-07,0.12752,0.0023174021780406973,50000,1.593859469543423
91,27,30.0,fit,1249,sim,clean,wiener,0.000145312162747765,0.00023822631263515392,5.455914618213587e-07,0.10298,0.0020543761420365276,50000,1.6394106875187775
91,19,8.0,fit,1260,sim,clean,wiener,0.00013866568032333795,0.00015488348702238718,8.436454567313959e-07,0.4168,0.003176671960482355,50000,1.1169561686873988
91,9,2.0,fit,1279,sim,clean,wiener,0.00013499348528917741,0.00016706276808350974,9.7898083453305e-07,0.37094,0.0036862652931951975,50000,1.2375617069641165
91,21,10.0,fit,1260,sim,clean,wiener,0.00014182018678243646,0.0001609970293256371,8.38305413957805e-07,0.39378,0.003156564504190981,50000,1.1352194139514105
91,29,40.0,fit,1249,sim,clean,wiener,0.00014451167982358718,0.0002350128520847923,5.9006682145497e-07,0.11508,0.0022218441545211183,50000,1.6262550706744572
91,23,20.0,fit,1260,sim,clean,wiener,0.00014180880535859014,0.00022236084707493887,7.342003059093526e-07,0.16272,0.002764565975612646,50000,1.5680327220348398
91,15,5.0,fit,1280,sim,clean,wiener,0.00013394409901512573,0.00014543963105785344,8.220494044356915e-07,0.45236,0.0030953539456249394,50000,1.0858233556181491
91,11,3.0,fit,1279,sim,clean,wiener,0.00013263686571321248,0.00014102577036801794,8.02676058995303e-07,0.46898,0.00302240533581477,50000,1.0632471568873163
91,13,4.0,fit,1279,sim,clean,wiener,0.00013293176964402845,0.00014230584308312064,8.067451809413323e-07,0.46416,0.0030377272527250037,50000,1.0705179315990043
91,25,26.0,fit,1252,sim,clean,wiener,0.00014537611400275676,0.00023229336150332929,6.184440213025468e-07,0.12532,0.002328695977586767,50000,1.597878462337522
91,17,6.0,fit,1263,sim,clean,wiener,0.0001366010203877364,0.00014961447402080257,8.101079214746241e-07,0.43664,0.003050389353228541,50000,1.0952661524498721
91,27,30.0,fit,1250,sim,clean,wiener,0.000145312162747765,0.00023735522580827902,5.446669455974461e-07,0.10626,0.0020508949583922837,50000,1.6334160975931775
91,29,40.0,fit,1250,sim,clean,wiener,0.00014451167982358718,0.00023611233362846973,5.751554773636873e-07,0.11094,0.002165696814083341,50000,1.6338633245195417
91,9,2.0,fit,1280,sim,clean,wiener,0.00013499348528917741,0.00016533652894488575,9.75644861279294e-07,0.37744,0.0036737039825029275,50000,1.224774133290275
91,19,8.0,fit,1261,sim,clean,wiener,0.00013866568032333795,0.00015517030829465087,8.464627318548331e-07,0.41572,0.0031872801594813294,50000,1.11902460603682
91,21,10.0,fit,1261,sim,clean,wiener,0.00014182018678243646,0.00016205401882897922,8.414925328931853e-07,0.3898,0.0031685653171817495,50000,1.1426724396970587
91,23,20.0,fit,1261,sim,clean,wiener,0.00014180880535859014,0.00022211120633796862,7.282242354824283e-07,0.16366,0.0027420636137405986,50000,1.5662723183960179
91,15,5.0,fit,1281,sim,clean,wiener,0.00013394409901512573,0.0001464381940057344,8.142780742771935e-07,0.4486,0.0030660916928466238,50000,1.093278427959695
91,11,3.0,fit,1280,sim,clean,wiener,0.00013263686571321248,0.0001416897084982579,8.054491863508712e-07,0.46648,0.0030328473003189238,50000,1.0682528400861002
91,13,4.0,fit,1280,sim,clean,wiener,0.00013293176964402845,0.00014377712997973248,8.190572437581895e-07,0.45862,0.0030840872306208606,50000,1.0815859170817201
91,25,26.0,fit,1253,sim,clean,wiener,0.00014537611400275676,0.00023236241106887423,6.122834434903021e-07,0.12506,0.002305498869559481,50000,1.5983534342131882
91,27,30.0,fit,1251,sim,clean,wiener,0.000145312162747765,0.0002370577815259315,5.51216077781889e-07,0.10738,0.0020755551333624857,50000,1.6313691644478507
91,29,40.0,fit,1251,sim,clean,wiener,0.00014451167982358718,0.00023508190165033726,5.860962153832206e-07,0.11482,0.002206893190376635,50000,1.6267328837178683
91,17,6.0,fit,1264,sim,clean,wiener,0.0001366010203877364,0.0001506024139585997,8.272132781289057e-07,0.43292,0.003114798052906997,50000,1.1024984552173982
91,9,2.0,fit,1281,sim,clean,wiener,0.00013499348528917741,0.0001668609308919168,9.999106713050375e-07,0.3717,0.0037650747327299546,50000,1.2360665445037906
91,19,8.0,fit,1262,sim,clean,wiener,0.00013866568032333795,0.00015597234555598077,8.420191319730908e-07,0.4127,0.003170548179198257,50000,1.124808569736127
91,21,10.0,fit,1262,sim,clean,wiener,0.00014182018678243646,0.0001619743462533504,8.510678596474267e-07,0.3901,0.0032046203587515875,50000,1.1421106538368337
91,23,20.0,fit,1262,sim,clean,wiener,0.00014180880535859014,0.0002222917975093939,7.447877293393008e-07,0.16298,0.002804431977231355,50000,1.5675458018794208
91,15,5.0,fit,1282,sim,clean,wiener,0.00013394409901512573,0.0001451103177452544,8.188317253467815e-07,0.4536,0.0030832380610930975,50000,1.0833647679310434
91,25,26.0,fit,1254,sim,clean,wiener,0.00014537611400275676,0.00023266516685626365,6.140668229285275e-07,0.12392,0.0023122140262773995,50000,1.600436003206494
91,13,4.0,fit,1281,sim,clean,wiener,0.00013293176964402845,0.00014409582028224768,8.117806069676614e-07,0.45742,0.0030566877017374323,50000,1.0839833146592037
91,11,3.0,fit,1281,sim,clean,wiener,0.00013263686571321248,0.0001422952200730368,8.088111418012175e-07,0.4642,0.00304550644466243,50000,1.0728180231633913
91,27,30.0,fit,1252,sim,clean,wiener,0.000145312162747765,0.0002381944436049024,5.445886524924119e-07,0.1031,0.0020506001526661615,50000,1.6391913732532069
91,29,40.0,fit,1252,sim,clean,wiener,0.00014451167982358718,0.00023499691756966655,5.836208360584135e-07,0.11514,0.002197572369610127,50000,1.6261448061259778
91,17,6.0,fit,1265,sim,clean,wiener,0.0001366010203877364,0.00014947637488971265,8.255213215984483e-07,0.43716,0.0031084271410200498,50000,1.094255185396347
91,9,2.0,fit,1282,sim,clean,wiener,0.00013499348528917741,0.00016626604232722176,9.99391626063612e-07,0.37394,0.0037631203140206467,50000,1.231659749883882
91,21,10.0,fit,1263,sim,clean,wiener,0.00014182018678243646,0.00016116168598193664,8.484479874520861e-07,0.39316,0.0031947554629276585,50000,1.1363804380625417
91,19,8.0,fit,1263,sim,clean,wiener,0.00013866568032333795,0.00015519155431481855,8.225753989624772e-07,0.41564,0.0030973345312504236,50000,1.1191778236182586
91,23,20.0,fit,1263,sim,clean,wiener,0.00014180880535859014,0.0002222546169741005,7.346659852347253e-07,0.16312,0.002766319449709714,50000,1.5672836141034263
91,15,5.0,fit,1283,sim,clean,wiener,0.00013394409901512573,0.0001472827233073997,8.155358969997502e-07,0.44542,0.0030708279124778944,50000,1.0995835157379177
91,25,26.0,fit,1255,sim,clean,wiener,0.00014537611400275676,0.00023229336150332929,6.205253286779708e-07,0.12532,0.0023365329554640266,50000,1.597878462337522
91,13,4.0,fit,1282,sim,clean,wiener,0.00013293176964402845,0.00014252361478983935,8.02628330209118e-07,0.46334,0.003022225617313862,50000,1.0721561532769512
91,11,3.0,fit,1282,sim,clean,wiener,0.00013263686571321248,0.0001412116730444851,7.981549774079149e-07,0.46828,0.003005381605057832,50000,1.0646487481829756
91,27,30.0,fit,1253,sim,clean,wiener,0.000145312162747765,0.00023866185604859135,5.368981681473717e-07,0.10134,0.0020216423176105808,50000,1.6424079824815774
91,29,40.0,fit,1253,sim,clean,wiener,0.00014451167982358718,0.00023608577610326014,5.784722882118398e-07,0.11104,0.002178185970441003,50000,1.633679550272076
91,9,2.0,fit,1283,sim,clean,wiener,0.00013499348528917741,0.00016797103544567804,9.427641390623115e-07,0.36752,0.0035498945463544986,50000,1.2442899380355836
91,17,6.0,fit,1266,sim,clean,wiener,0.0001366010203877364,0.0001504749378375936,8.366791719328037e-07,0.4334,0.003150441034431783,50000,1.1015652548602979
91,21,10.0,fit,1264,sim,clean,wiener,0.00014182018678243646,0.0001620274613037696,8.610009480257707e-07,0.3899,0.0032420225199091086,50000,1.1424851777436502
91,19,8.0,fit,1264,sim,clean,wiener,0.00013866568032333795,0.00015653005358538238,8.371383155457719e-07,0.4106,0.003152169898884869,50000,1.1288305312488904
91,23,20.0,fit,1264,sim,clean,wiener,0.00014180880535859014,0.00022275920995308286,7.406308293490555e-07,0.16122,0.002788779539899797,50000,1.5708418767776404
91,25,26.0,fit,1256,sim,clean,wiener,0.00014537611400275676,0.00023147007822183169,6.241183791935815e-07,0.12842,0.0023500622677295833,50000,1.5922153361276552
91,13,4.0,fit,1283,sim,clean,wiener,0.00013293176964402845,0.00014487130001836798,8.183974265915236e-07,0.4545,0.0030816027477428122,50000,1.089816982097747
91,27,30.0,fit,1254,sim,clean,wiener,0.000145312162747765,0.0002381200825343155,5.444386563315072e-07,0.10338,0.002050035355458135,50000,1.638679639966875
91,11,3.0,fit,1283,sim,clean,wiener,0.00013263686571321248,0.00014397365566628349,8.099438331335145e-07,0.45788,0.0030497714931688605,50000,1.085472390289917
91,29,40.0,fit,1254,sim,clean,wiener,0.00014451167982358718,0.0002358892504167091,5.795862388950374e-07,0.11178,0.0021823804526994437,50000,1.632319620840829
91,17,6.0,fit,1267,sim,clean,wiener,0.0001366010203877364,0.00015091579275607295,8.32066001555676e-07,0.43174,0.003133070551524512,50000,1.1047925727619359
91,21,10.0,fit,1265,sim,clean,wiener,0.00014182018678243646,0.00016235677461636864,8.454843831086709e-07,0.38866,0.003183596274260697,50000,1.1448072259659123
91,19,8.0,fit,1265,sim,clean,wiener,0.00013866568032333795,0.00015544650655683072,8.320483330635965e-07,0.41468,0.0031330040223884574,50000,1.1210164345955218
91,23,20.0,fit,1265,sim,clean,wiener,0.00014180880535859014,0.00022235022406485503,7.356584695096398e-07,0.16276,0.002770056561007102,50000,1.5679578112416985
91,25,26.0,fit,1257,sim,clean,wiener,0.00014537611400275676,0.0002330741527444915,6.037433090051833e-07,0.12238,0.0022733417524421384,50000,1.6032492981623634
91,27,30.0,fit,1255,sim,clean,wiener,0.000145312162747765,0.00023831660822086657,5.440966421329919e-07,0.10264,0.002048747531401428,50000,1.6400320779378947
91,29,40.0,fit,1255,sim,clean,wiener,0.00014451167982358718,0.00023553337957890047,5.820657921289228e-07,0.11312,0.0021917169899494924,50000,1.6298570459247872
91,17,6.0,fit,1268,sim,clean,wiener,0.0001366010203877364,0.00015048024934263552,8.184629080934251e-07,0.43338,0.003081849312516392,50000,1.1016041382085104
91,19,8.0,fit,1266,sim,clean,wiener,0.00013866568032333795,0.00015580768889968127,8.567697512386196e-07,0.41332,0.0032260903245943827,50000,1.123621133479978
91,21,10.0,fit,1266,sim,clean,wiener,0.00014182018678243646,0.0001622877250508237,8.578489316972222e-07,0.38892,0.003230153882663462,50000,1.144320344887051
91,23,20.0,fit,1266,sim,clean,wiener,0.00014180880535859014,0.00022280701349846016,7.258998675412429e-07,0.16104,0.0027333114129129963,50000,1.5711789753467766
91,25,26.0,fit,1258,sim,clean,wiener,0.00014537611400275676,0.0002317675225041792,6.229456620972269e-07,0.1273,0.002345646505767205,50000,1.5942613688228329
91,27,30.0,fit,1256,sim,clean,wiener,0.000145312162747765,0.00023835378875615998,5.457863315140742e-07,0.1025,0.0020551099065389713,50000,1.6402879445810603
91,29,40.0,fit,1256,sim,clean,wiener,0.00014451167982358718,0.00023561305215452925,5.855483146059036e-07,0.11282,0.0022048301187124167,50000,1.6304083686671844
91,17,6.0,fit,1269,sim,clean,wiener,0.0001366010203877364,0.0001505280528880128,8.250098996365209e-07,0.4332,0.003106501427091922,50000,1.101954088342423
91,19,8.0,fit,1267,sim,clean,wiener,0.00013866568032333795,0.0001560785756568192,8.485458938873303e-07,0.4123,0.0031951241209049043,50000,1.1255746576433203
91,23,20.0,fit,1267,sim,clean,wiener,0.00014180880535859014,0.0002222652399841843,7.362474382881141e-07,0.16308,0.002772274270578404,50000,1.5673585248965676
91,21,10.0,fit,1267,sim,clean,wiener,0.00014182018678243646,0.00016273920297938687,8.503848826336325e-07,0.38722,0.003202048669528273,50000,1.147503798094991
91,25,26.0,fit,1259,sim,clean,wiener,0.00014537611400275676,0.00023202778625123328,6.187596200456804e-07,0.12632,0.00232988433659478,50000,1.5960516474311133
91,27,30.0,fit,1257,sim,clean,wiener,0.000145312162747765,0.00023785981878726142,5.372681864399899e-07,0.10436,0.002023035588593844,50000,1.636888573464714
91,29,40.0,fit,1257,sim,clean,wiener,0.00014451167982358718,0.00023606453008309246,5.710318297009274e-07,0.11112,0.002150169585434531,50000,1.6335325308741033
91,17,6.0,fit,1270,sim,clean,wiener,0.0001366010203877364,0.00015157973088631295,8.338807447064293e-07,0.42924,0.003139903805513469,50000,1.1096529912884991
91,19,8.0,fit,1268,sim,clean,wiener,0.00013866568032333795,0.00015631228187866367,8.316296175291229e-07,0.41142,0.0031314273862705624,50000,1.1272600510391448
91,23,20.0,fit,1268,sim,clean,wiener,0.00014180880535859014,0.00022241396212535806,7.343471337749749e-07,0.16252,0.0027651188428864733,50000,1.5684072760005465
91,21,10.0,fit,1268,sim,clean,wiener,0.00014182018678243646,0.00016146975327436798,8.412129356128327e-07,0.392,0.0031675125184810198,50000,1.138552676722077
91,25,26.0,fit,1260,sim,clean,wiener,0.00014537611400275676,0.0002319587366856883,6.234432228527249e-07,0.12658,0.0023475200265548955,50000,1.595576675555447
91,27,30.0,fit,1258,sim,clean,wiener,0.000145312162747765,0.00023744552139399168,5.485457787839219e-07,0.10592,0.0020655003598966134,50000,1.6340374880122948
91,29,40.0,fit,1258,sim,clean,wiener,0.00014451167982358718,0.00023560774064948733,5.788929293560288e-07,0.11284,0.002179769857271079,50000,1.6303716138176914
91,17,6.0,fit,1271,sim,clean,wiener,0.0001366010203877364,0.00014773420123596288,8.133124500084175e-07,0.44372,0.003062455720514281,50000,1.0815014471826447
91,19,8.0,fit,1269,sim,clean,wiener,0.00013866568032333795,0.00015633352789883135,8.264780860104708e-07,0.41134,0.0031120297523494996,50000,1.1274132686205833
91,23,20.0,fit,1269,sim,clean,wiener,0.00014180880535859014,0.00022211120633796862,7.360338449814628e-07,0.16366,0.0027714700039723644,50000,1.5662723183960179
91,21,10.0,fit,1269,sim,clean,wiener,0.00014182018678243646,0.0001630366472617344,8.365468142728735e-07,0.3861,0.003149942653430972,50000,1.1496011319731632
91,25,26.0,fit,1261,sim,clean,wiener,0.00014537611400275676,0.00023088050116217855,6.286362435781973e-07,0.13064,0.002367073884395517,50000,1.588159807035428
91,27,30.0,fit,1259,sim,clean,wiener,0.000145312162747765,0.00023800322942339327,5.452318138040543e-07,0.10382,0.0020530219194029578,50000,1.6378754876597823
91,29,40.0,fit,1259,sim,clean,wiener,0.00014451167982358718,0.00023545370700327168,5.853380904283865e-07,0.11342,0.0022040385382625896,50000,1.6293057231823898
91,17,6.0,fit,1272,sim,clean,wiener,0.0001366010203877364,0.00014985349174768896,8.179795221763748e-07,0.43574,0.0030800291658226197,50000,1.0970159031194346
91,23,20.0,fit,1270,sim,clean,wiener,0.00014180880535859014,0.0002238852490219699,7.335211224753526e-07,0.15698,0.0027620085707767673,50000,1.578782420850624
91,19,8.0,fit,1270,sim,clean,wiener,0.00013866568032333795,0.00015701340054419713,8.415230383543848e-07,0.40878,0.0031686801827837162,50000,1.1323162312266188
91,21,10.0,fit,1270,sim,clean,wiener,0.00014182018678243646,0.00016381743850289664,8.633813827442267e-07,0.38316,0.003250985835201738,50000,1.1551066334033653
91,25,26.0,fit,1262,sim,clean,wiener,0.00014537611400275676,0.00023174096497896962,6.286992175429453e-07,0.1274,0.0023673110072608855,50000,1.5940786873321922
91,27,30.0,fit,1260,sim,clean,wiener,0.000145312162747765,0.00023801916393851905,5.443788670238324e-07,0.10376,0.002049810224135834,50000,1.637985144792568
91,29,40.0,fit,1260,sim,clean,wiener,0.00014451167982358718,0.00023511377068058877,5.898569640648491e-07,0.1147,0.002221053955176621,50000,1.6269534128148273
91,17,6.0,fit,1273,sim,clean,wiener,0.0001366010203877364,0.0001498375572325632,8.242883872069943e-07,0.4358,0.0031037846361867748,50000,1.0968992530747972
91,23,20.0,fit,1271,sim,clean,wiener,0.00014180880535859014,0.00022305134273038847,7.318867134068782e-07,0.16012,0.002755854348741487,50000,1.5729019235890278
91,19,8.0,fit,1271,sim,clean,wiener,0.00013866568032333795,0.0001548250604669261,8.323640611925479e-07,0.41702,0.0031341928685872634,50000,1.1165348203384429
91,21,10.0,fit,1271,sim,clean,wiener,0.00014182018678243646,0.0001599559743374208,8.202457458468984e-07,0.3977,0.003088562429568537,50000,1.1278787453778079
91,25,26.0,fit,1263,sim,clean,wiener,0.00014537611400275676,0.00023254831374534143,6.287344416453775e-07,0.12436,0.002367443640486889,50000,1.5996322046476743
91,27,30.0,fit,1261,sim,clean,wiener,0.000145312162747765,0.00023822631263515392,5.475323266359446e-07,0.10298,0.0020616842959374202,50000,1.6394106875187775
91,29,40.0,fit,1261,sim,clean,wiener,0.00014451167982358718,0.00023542183797302016,5.826002823258643e-07,0.11354,0.0021937295652656153,50000,1.629085194085431
91,17,6.0,fit,1274,sim,clean,wiener,0.0001366010203877364,0.00015042182278717439,8.184058653554657e-07,0.4336,0.0030816345231581624,50000,1.1011764213781727
91,23,20.0,fit,1272,sim,clean,wiener,0.00014180880535859014,0.00022237147008502274,7.380257880276878e-07,0.16268,0.0027789704884132304,50000,1.5681076328279813
91,19,8.0,fit,1272,sim,clean,wiener,0.00013866568032333795,0.0001558130004047232,8.253947814056686e-07,0.4133,0.003107950665174575,50000,1.1236594378753377
91,21,10.0,fit,1272,sim,clean,wiener,0.00014182018678243646,0.00016180437809200897,8.247136683377769e-07,0.39074,0.003105385994473837,50000,1.140912177335021
91,25,26.0,fit,1264,sim,clean,wiener,0.00014537611400275676,0.00023229336150332929,6.184439543699203e-07,0.12532,0.0023286957255579128,50000,1.597878462337522
91,27,30.0,fit,1262,sim,clean,wiener,0.000145312162747765,0.0002379023108275968,5.517795921034495e-07,0.1042,0.0020776769964393842,50000,1.6371809924854752
91,29,40.0,fit,1262,sim,clean,wiener,0.00014451167982358718,0.00023549088753856509,5.842924680112324e-07,0.11328,0.002200101340015005,50000,1.6295630071288416
91,17,6.0,fit,1275,sim,clean,wiener,0.0001366010203877364,0.00015168064948210944,8.168539966515175e-07,0.42886,0.0030757910995270056,50000,1.1103917749045369
91,19,8.0,fit,1273,sim,clean,wiener,0.00013866568032333795,0.00015580237739463935,8.309496120362096e-07,0.41334,0.0031288668860449333,50000,1.1235828290846184
91,23,20.0,fit,1273,sim,clean,wiener,0.00014180880535859014,0.00022317881885139455,7.313436387292343e-07,0.15964,0.002753809449326508,50000,1.573800853106724
91,21,10.0,fit,1273,sim,clean,wiener,0.00014182018678243646,0.0001611032594264755,8.404481187701929e-07,0.39338,0.003164632668658404,50000,1.1359684617650436
91,25,26.0,fit,1265,sim,clean,wiener,0.00014537611400275676,0.0002324527066545869,6.239748972520393e-07,0.12472,0.0023495219992354,50000,1.5989745512813673
91,27,30.0,fit,1263,sim,clean,wiener,0.000145312162747765,0.00023749332493936898,5.445218565815888e-07,0.10574,0.0020503486386026486,50000,1.6343664594106508
91,29,40.0,fit,1263,sim,clean,wiener,0.00014451167982358718,0.0002360220380427571,5.766987384564798e-07,0.11128,0.0021715078265199766,50000,1.633238492078158
91,17,6.0,fit,1276,sim,clean,wiener,0.0001366010203877364,0.00015053867589809663,8.175945660727609e-07,0.43316,0.003078579647840143,50000,1.102031855038848
91,19,8.0,fit,1274,sim,clean,wiener,0.00013866568032333795,0.00015594047652572928,8.233473792893987e-07,0.41282,0.003100241354536211,50000,1.1245787433639693
91,21,10.0,fit,1274,sim,clean,wiener,0.00014182018678243646,0.0001621921179600691,8.382913030664426e-07,0.38928,0.003156511370884127,50000,1.143646201854781
91,23,20.0,fit,1274,sim,clean,wiener,0.00014180880535859014,0.00022290793209425662,7.405680099071361e-07,0.16066,0.0027885429988764015,50000,1.5718906278816194
91,25,26.0,fit,1266,sim,clean,wiener,0.00014537611400275676,0.00023148070123191552,6.199579550582548e-07,0.12838,0.0023343965605430463,50000,1.5922884087239115
91,27,30.0,fit,1264,sim,clean,wiener,0.000145312162747765,0.00023813601704944127,5.416236782045807e-07,0.10332,0.0020394358055953006,50000,1.6387892970996605
91,29,40.0,fit,1264,sim,clean,wiener,0.00014451167982358718,0.0002354377724881459,5.819841534619344e-07,0.11348,0.0021914095868072795,50000,1.6291954586339101
91,17,6.0,fit,1277,sim,clean,wiener,0.0001366010203877364,0.00015045369181742593,8.158794908944141e-07,0.43348,0.0030721216847400014,50000,1.101409721467448
91,19,8.0,fit,1275,sim,clean,wiener,0.00013866568032333795,0.000156556611110592,8.3495969800287e-07,0.4105,0.003143966508223625,50000,1.1290220532256887
91,21,10.0,fit,1275,sim,clean,wiener,0.00014182018678243646,0.00016268608792896768,8.405698141691223e-07,0.38742,0.003165090901863377,50000,1.1471292741881745
91,23,20.0,fit,1275,sim,clean,wiener,0.00014180880535859014,0.00022174471249007617,7.397369880725071e-07,0.16504,0.0027854138600426044,50000,1.5636878960326412
91,27,30.0,fit,1265,sim,clean,wiener,0.000145312162747765,0.00023792355684776448,5.419826401192888e-07,0.10412,0.002040787444770544,50000,1.6373272019958556
91,25,26.0,fit,1267,sim,clean,wiener,0.00014537611400275676,0.00023162411186804737,6.23190653147645e-07,0.12784,0.002346568997785887,50000,1.5932748887733723
91,29,40.0,fit,1265,sim,clean,wiener,0.00014451167982358718,0.00023549619904360703,5.82290597178335e-07,0.11326,0.0021925634733760842,50000,1.6295997619783351
91,17,6.0,fit,1278,sim,clean,wiener,0.0001366010203877364,0.00015011906699978494,8.298995970994509e-07,0.43474,0.003124913148155308,50000,1.09896007053006
91,23,20.0,fit,1276,sim,clean,wiener,0.00014180880535859014,0.00022229710901443584,7.411610278842932e-07,0.16296,0.0027907759553453372,50000,1.5675832572759918
91,19,8.0,fit,1276,sim,clean,wiener,0.00013866568032333795,0.00015606795264673536,8.290815759112368e-07,0.41234,0.0031218329620997247,50000,1.125498048852601
91,21,10.0,fit,1276,sim,clean,wiener,0.00014182018678243646,0.000162399266656704,8.299305126085336e-07,0.3885,0.0031250295577561226,50000,1.1451068450913655
91,25,26.0,fit,1268,sim,clean,wiener,0.00014537611400275676,0.00023239428009912575,6.191830949462919e-07,0.12494,0.0023314788936827213,50000,1.5985726520019572
91,27,30.0,fit,1266,sim,clean,wiener,0.000145312162747765,0.00023853969143262718,5.407578917731051e-07,0.1018,0.0020361757637629286,50000,1.6415672777968895
91,29,40.0,fit,1266,sim,clean,wiener,0.00014451167982358718,0.00023512439369067264,5.787740544240014e-07,0.11466,0.0021793222442834637,50000,1.6270269225138136
91,17,6.0,fit,1279,sim,clean,wiener,0.0001366010203877364,0.00014849374645695742,8.304331505165693e-07,0.44086,0.003126922196110294,50000,1.087061765977033
91,23,20.0,fit,1277,sim,clean,wiener,0.00014180880535859014,0.00022191999215645953,7.390565307719435e-07,0.16438,0.0027828516585754375,50000,1.5649239241194737
91,21,10.0,fit,1277,sim,clean,wiener,0.00014182018678243646,0.00016206995334410495,8.434812672457562e-07,0.38974,0.0031760537195719392,50000,1.1427847968691034
91,19,8.0,fit,1277,sim,clean,wiener,0.00013866568032333795,0.00015609982167698688,8.337607712699264e-07,0.41222,0.003139452056204917,50000,1.1257278752247588
91,25,26.0,fit,1269,sim,clean,wiener,0.00014537611400275676,0.00023159755434283777,6.193969057475679e-07,0.12794,0.002332283979245433,50000,1.5930922072827314
91,27,30.0,fit,1267,sim,clean,wiener,0.000145312162747765,0.0002374773904242432,5.475631698964462e-07,0.1058,0.002061800433492626,50000,1.6342568022778654
91,29,40.0,fit,1267,sim,clean,wiener,0.00014451167982358718,0.000235830823861248,5.776348165490459e-07,0.112,0.0021750325453526926,50000,1.6319153174964043
91,17,6.0,fit,1280,sim,clean,wiener,0.0001366010203877364,0.00014946575187962878,8.36827460024134e-07,0.4372,0.003150999400055688,50000,1.0941774186999216
91,23,20.0,fit,1278,sim,clean,wiener,0.00014180880535859014,0.0002220952718228429,7.331747083006494e-07,0.16372,0.002760704179000918,50000,1.566159952206306
91,21,10.0,fit,1278,sim,clean,wiener,0.00014182018678243646,0.00016177782056679934,8.307571639268185e-07,0.39084,0.0031281422397991996,50000,1.1407249153816128
91,19,8.0,fit,1278,sim,clean,wiener,0.00013866568032333795,0.00015595109953581314,8.354650071784057e-07,0.41278,0.0031458692049980705,50000,1.1246553521546887
91,25,26.0,fit,1270,sim,clean,wiener,0.00014537611400275676,0.00023230929601845502,6.17298100704368e-07,0.12526,0.002324381115455846,50000,1.5979880712319063
91,27,30.0,fit,1268,sim,clean,wiener,0.000145312162747765,0.00023786513029230337,5.415464413261752e-07,0.10434,0.0020391449769966417,50000,1.6369251258423094
91,29,40.0,fit,1268,sim,clean,wiener,0.00014451167982358718,0.0002361813831940147,5.769860782175908e-07,0.11068,0.0021725897788436336,50000,1.6343411375629529
91,17,6.0,fit,1281,sim,clean,wiener,0.0001366010203877364,0.0001516115999165645,8.188349112461783e-07,0.42912,0.003083250057314024,50000,1.1098862913777743
91,23,20.0,fit,1279,sim,clean,wiener,0.00014180880535859014,0.0002222546169741005,7.221442066838525e-07,0.16312,0.00271916980586283,50000,1.5672836141034263
91,21,10.0,fit,1279,sim,clean,wiener,0.00014182018678243646,0.00016117230899202045,8.564645747958016e-07,0.39312,0.003224941209831582,50000,1.1364553428439048
91,19,8.0,fit,1279,sim,clean,wiener,0.00013866568032333795,0.00015511188173918976,8.363166173950515e-07,0.41594,0.0031490758675538797,50000,1.118603257687864
91,25,26.0,fit,1271,sim,clean,wiener,0.00014537611400275676,0.00023236241106887423,6.226423361962316e-07,0.12506,0.0023445043590551097,50000,1.5983534342131882
91,27,30.0,fit,1269,sim,clean,wiener,0.000145312162747765,0.00023821568962507008,5.437077304930681e-07,0.10302,0.0020472831191986553,50000,1.6393375827635872
91,29,40.0,fit,1269,sim,clean,wiener,0.00014451167982358718,0.00023511908218563072,5.849434592486924e-07,0.11468,0.0022025525896413245,50000,1.6269901676643206
91,17,6.0,fit,1282,sim,clean,wiener,0.0001366010203877364,0.0001493117182334131,8.30479125262986e-07,0.43778,0.003127095309930403,50000,1.093049801601759
91,21,10.0,fit,1280,sim,clean,wiener,0.00014182018678243646,0.0001612572930726912,8.475856180657297e-07,0.3928,0.003191508287674881,50000,1.1370545810948114
91,23,20.0,fit,1280,sim,clean,wiener,0.00014180880535859014,0.00022383744547659263,7.24957265275956e-07,0.15716,0.002729762127887951,50000,1.578445322281488
91,19,8.0,fit,1280,sim,clean,wiener,0.00013866568032333795,0.00015556335966775297,8.437565070722732e-07,0.41424,0.003177090110667663,50000,1.1218591312934343
91,27,30.0,fit,1270,sim,clean,wiener,0.000145312162747765,0.00023778545771667455,5.423554017790828e-07,0.10464,0.002042191045659,50000,1.6363768401783825
91,25,26.0,fit,1272,sim,clean,wiener,0.00014537611400275676,0.00023170909594871807,6.239457758446428e-07,0.12752,0.002349412345164975,50000,1.593859469543423
91,29,40.0,fit,1270,sim,clean,wiener,0.00014451167982358718,0.00023618669469905663,5.806286827539018e-07,0.11066,0.002186305682368388,50000,1.6343778924124461
91,17,6.0,fit,1283,sim,clean,wiener,0.0001366010203877364,0.00015145225476530689,8.303029792737853e-07,0.42972,0.0031264320478688575,50000,1.108719790931399
91,21,10.0,fit,1281,sim,clean,wiener,0.00014182018678243646,0.00016356248626088447,8.403606928753083e-07,0.38412,0.0031643034742240787,50000,1.1533089186506462
91,23,20.0,fit,1281,sim,clean,wiener,0.00014180880535859014,0.00022333816400265215,7.408014654696099e-07,0.15904,0.0027894220550408267,50000,1.5749245150038444
91,19,8.0,fit,1281,sim,clean,wiener,0.00013866568032333795,0.00015710900763495167,8.407639484312138e-07,0.40842,0.0031658218971671913,50000,1.1330057103430924
91,25,26.0,fit,1273,sim,clean,wiener,0.00014537611400275676,0.00023271828190668287,6.116608651924153e-07,0.12372,0.0023031546063309863,50000,1.6008013661877758
91,27,30.0,fit,1271,sim,clean,wiener,0.000145312162747765,0.00023760486654524928,5.465024510953835e-07,0.10532,0.0020578063911536235,50000,1.6351340593401484
91,29,40.0,fit,1271,sim,clean,wiener,0.00014451167982358718,0.00023545370700327168,5.823523815856776e-07,0.11342,0.002192796117068804,50000,1.6293057231823898
91,21,10.0,fit,1282,sim,clean,wiener,0.00014182018678243646,0.00016105545588109823,8.293712713541361e-07,0.39356,0.0031229237845337167,50000,1.1356313902489088
91,23,20.0,fit,1282,sim,clean,wiener,0.00014180880535859014,0.00022368341183037695,7.30067470850086e-07,0.15774,0.0027490041526391233,50000,1.5773591157809383
91,19,8.0,fit,1282,sim,clean,wiener,0.00013866568032333795,0.00015486755250726142,8.297527931088265e-07,0.41686,0.0031243603707806628,50000,1.1168412555013199
91,27,30.0,fit,1272,sim,clean,wiener,0.000145312162747765,0.00023814132855448322,5.419019500335556e-07,0.1033,0.00204048361342671,50000,1.6388258494772556
91,25,26.0,fit,1274,sim,clean,wiener,0.00014537611400275676,0.0002335521881982643,6.121493261698482e-07,0.12058,0.002304993862713416,50000,1.6065375649938989
91,29,40.0,fit,1272,sim,clean,wiener,0.00014451167982358718,0.00023645758145619456,5.77112452964894e-07,0.10964,0.002173065631718876,50000,1.6362523897365975
91,21,10.0,fit,1283,sim,clean,wiener,0.00014182018678243646,0.00016358904378609406,8.499871785797244e-07,0.38402,0.0032005511502723586,50000,1.1534961806040545
91,23,20.0,fit,1283,sim,clean,wiener,0.00014180880535859014,0.00022257330727661566,7.298946186958025e-07,0.16192,0.00274835329322011,50000,1.5695309378976667
91,19,8.0,fit,1283,sim,clean,wiener,0.00013866568032333795,0.00015696559699881983,8.396114954631253e-07,0.40896,0.0031614824379781552,50000,1.1319714916683818
91,25,26.0,fit,1275,sim,clean,wiener,0.00014537611400275676,0.00023171440745376,6.247673967403411e-07,0.1275,0.0023525060855990472,50000,1.593896005841551
91,27,30.0,fit,1273,sim,clean,wiener,0.000145312162747765,0.00023777483470659072,5.414968428575305e-07,0.10468,0.0020389582183726615,50000,1.6363037354231922
91,29,40.0,fit,1273,sim,clean,wiener,0.00014451167982358718,0.00023499691756966655,5.79549355609745e-07,0.11514,0.002182241571967895,50000,1.6261448061259778
91,27,30.0,fit,1274,sim,clean,wiener,0.000145312162747765,0.00023871497109901054,5.37231102245405e-07,0.10114,0.0020228959513562167,50000,1.6427735062575286
91,25,26.0,fit,1276,sim,clean,wiener,0.00014537611400275676,0.00023243146063441918,6.124556940100503e-07,0.1248,0.0023061474635771417,50000,1.5988284060888545
91,29,40.0,fit,1274,sim,clean,wiener,0.00014451167982358718,0.00023621856372930817,5.711403363843527e-07,0.11054,0.0021505781577038554,50000,1.6345984215094052
91,25,26.0,fit,1277,sim,clean,wiener,0.00014537611400275676,0.00023157630832267007,6.166752215163752e-07,0.12802,0.002322035719252409,50000,1.5929460620902185
91,27,30.0,fit,1275,sim,clean,wiener,0.000145312162747765,0.00023701528948559617,5.498350908678187e-07,0.10754,0.002070355149918354,50000,1.63107674542709
91,29,40.0,fit,1275,sim,clean,wiener,0.00014451167982358718,0.00023623980974947582,5.832785570802763e-07,0.11046,0.0021962835485492944,50000,1.6347454409073776
91,25,26.0,fit,1278,sim,clean,wiener,0.00014537611400275676,0.00023188968712014332,6.254074104221261e-07,0.12684,0.002354916000215465,50000,1.5951017036797805
91,27,30.0,fit,1276,sim,clean,wiener,0.000145312162747765,0.00023764735858558463,5.524597350844068e-07,0.10516,0.002080238014364019,50000,1.6354264783609092
91,29,40.0,fit,1276,sim,clean,wiener,0.00014451167982358718,0.00023550151054864895,5.836935876221828e-07,0.11324,0.002197846309155303,50000,1.6296365168278282
91,25,26.0,fit,1279,sim,clean,wiener,0.00014537611400275676,0.00023192686765543678,6.180945506911158e-07,0.1267,0.0023273800770701606,50000,1.595357457766678
91,29,40.0,fit,1277,sim,clean,wiener,0.00014451167982358718,0.00023497567154949888,5.814895725903742e-07,0.11522,0.002189547286507621,50000,1.625997786728005
91,27,30.0,fit,1277,sim,clean,wiener,0.000145312162747765,0.00023784919577717758,5.476815980839131e-07,0.1044,0.002062246364303318,50000,1.6368154687095238
91,29,40.0,fit,1278,sim,clean,wiener,0.00014451167982358718,0.00023571397075032574,5.813627390551088e-07,0.11244,0.0021890697061070965,50000,1.6311067108075545
91,27,30.0,fit,1278,sim,clean,wiener,0.000145312162747765,0.00023825818166540544,5.423918356216678e-07,0.10286,0.0020423282340539936,50000,1.6396300017843481
91,25,26.0,fit,1280,sim,clean,wiener,0.00014537611400275676,0.00023137978263611903,6.250600629348764e-07,0.12876,0.0023536080941342005,50000,1.5915942190594763
91,29,40.0,fit,1279,sim,clean,wiener,0.00014451167982358718,0.00023515626272092415,5.79507057228293e-07,0.11454,0.0021820823011732024,50000,1.6272474516107727
91,27,30.0,fit,1279,sim,clean,wiener,0.000145312162747765,0.00023770047363600385,5.461774120883558e-07,0.10496,0.0020565824856712323,50000,1.6357920021368606
91,25,26.0,fit,1281,sim,clean,wiener,0.00014537611400275676,0.00023270765889659903,6.136440999077782e-07,0.12376,0.002310622300326231,50000,1.6007282935915195
91,29,40.0,fit,1280,sim,clean,wiener,0.00014451167982358718,0.00023521468927638526,5.793907154835856e-07,0.11432,0.00218164422667722,50000,1.6276517549551974
91,25,26.0,fit,1282,sim,clean,wiener,0.00014537611400275676,0.00023207558979661055,6.150964197772208e-07,0.12614,0.002316090881671746,50000,1.5963804741142669
91,27,30.0,fit,1280,sim,clean,wiener,0.000145312162747765,0.00023772703116121344,5.449935862068581e-07,0.10486,0.0020521248945660577,50000,1.635974764024836
91,29,40.0,fit,1281,sim,clean,wiener,0.00014451167982358718,0.00023584675837637375,5.785821708996631e-07,0.11194,0.0021785997239325504,50000,1.6320255820448837
91,25,26.0,fit,1283,sim,clean,wiener,0.00014537611400275676,0.00023231991902853888,6.227718150789038e-07,0.12522,0.0023449919002761018,50000,1.5980611438281629
91,27,30.0,fit,1281,sim,clean,wiener,0.000145312162747765,0.00023731273376794367,5.474522180420703e-07,0.10642,0.002061382654149482,50000,1.6331236785724166
91,29,40.0,fit,1282,sim,clean,wiener,0.00014451167982358718,0.0002349597370343731,5.819826684158936e-07,0.11528,0.0021914039949984454,50000,1.6258875221795255
91,27,30.0,fit,1282,sim,clean,wiener,0.000145312162747765,0.00023727024172760832,5.419064451626925e-07,0.10658,0.0020405005394358226,50000,1.6328312595516556
91,29,40.0,fit,1283,sim,clean,wiener,0.00014451167982358718,0.0002357511512856192,5.782366394056672e-07,0.1123,0.002177298655812427,50000,1.6313639947540068
91,27,30.0,fit,1283,sim,clean,wiener,0.000145312162747765,0.00023740302935365632,5.478838884400454e-07,0.10608,0.002063008070654101,50000,1.6337450689915338
