channel,wp,vbias,gen,seed,train,nps,filter,BI_analytic,BI_mc,sigma_BI,rp,sigma_rp,nsim,ratio
31,1,0.6,fit,1234,sim,clean,wiener,8.450434146686892e-05,9.801320253854977e-05,6.795618663202892e-07,0.63094,0.0025588297891350267,50000,1.1598599650288641
31,3,1.0,fit,1234,sim,clean,wiener,4.997187868686804e-05,5.4331385073799675e-05,5.229264517961629e-07,0.79542,0.001969033061887618,50000,1.0872391933521055
31,1,0.6,fit,1261,sim,clean,wiener,8.450434146686892e-05,9.720585377217792e-05,6.787941209736414e-07,0.63398,0.002555938912290936,50000,1.1503060326230552
31,3,1.0,fit,1261,sim,clean,wiener,4.997187868686804e-05,5.2652949480552954e-05,5.150155605795554e-07,0.80174,0.0019392453043530873,50000,1.053651590937474
31,5,1.4,fit,1234,sim,clean,wiener,4.810016079564292e-05,5.216429101669633e-05,5.136844222555669e-07,0.80358,0.0019342330213429695,50000,1.084493069333389
31,1,0.6,fit,1288,sim,clean,wiener,8.450434146686892e-05,9.610106072345855e-05,6.727675891185711e-07,0.63814,0.0025332465423976306,50000,1.1372322303835276
31,3,1.0,fit,1288,sim,clean,wiener,4.997187868686804e-05,5.343905222675711e-05,5.151782730006738e-07,0.79878,0.001939857983508371,50000,1.0693824933342
31,7,1.8,fit,1234,sim,clean,wiener,6.143588117413385e-05,6.988878334158335e-05,5.932644263350897e-07,0.73684,0.002233884451404519,50000,1.1375890115987854
31,5,1.4,fit,1261,sim,clean,wiener,4.810016079564292e-05,5.111792452343808e-05,5.069606061209098e-07,0.80752,0.0019089150894890388,50000,1.0627391609066827
31,1,0.6,fit,1315,sim,clean,wiener,8.450434146686892e-05,9.726959183268096e-05,6.769071784237319e-07,0.63374,0.0025488337978835612,50000,1.1510602904445666
31,3,1.0,fit,1315,sim,clean,wiener,4.997187868686804e-05,5.381085757969153e-05,5.21762637317492e-07,0.79738,0.0019646508219406133,50000,1.0768227850083276
31,7,1.8,fit,1261,sim,clean,wiener,6.143588117413385e-05,6.865651417185791e-05,5.89841517664073e-07,0.74148,0.0022209957931278077,50000,1.1175312026087476
31,5,1.4,fit,1288,sim,clean,wiener,4.810016079564292e-05,5.186684673434881e-05,5.121750069467622e-07,0.8047,0.0019285494521967786,50000,1.0783092171917872
31,1,0.6,fit,1342,sim,clean,wiener,8.450434146686892e-05,9.607450319824895e-05,6.751585598239455e-07,0.63824,0.002542249530012268,50000,1.1369179562912313
31,3,1.0,fit,1342,sim,clean,wiener,4.997187868686804e-05,5.398082574103296e-05,5.208968012460134e-07,0.79674,0.001961390593193224,50000,1.080224061202214
31,9,2.0,fit,1234,sim,clean,wiener,6.242440690669306e-05,7.017029310880512e-05,5.920990079109981e-07,0.73578,0.002229496171943636,50000,1.124084257839886
31,7,1.8,fit,1288,sim,clean,wiener,6.143588117413385e-05,6.862995664664831e-05,5.867548083558747e-07,0.74158,0.0022093730636609725,50000,1.117098922242583
31,5,1.4,fit,1315,sim,clean,wiener,4.810016079564292e-05,5.174999362342657e-05,5.120367570851616e-07,0.80514,0.0019280288846344421,50000,1.0758798467075865
31,1,0.6,fit,1369,sim,clean,wiener,8.450434146686892e-05,9.759890514528001e-05,6.725320798854209e-07,0.6325,0.0025323597533188614,50000,1.1549572891890412
31,9,2.0,fit,1261,sim,clean,wiener,6.242440690669306e-05,6.910799210042112e-05,5.883592645584349e-07,0.73978,0.0022154145008427034,50000,1.1070668593410609
31,11,3.0,fit,1234,sim,clean,wiener,6.406265522864255e-05,7.224178007515393e-05,6.005362180430912e-07,0.72798,0.00226126573656046,50000,1.1276738345814687
31,3,1.0,fit,1369,sim,clean,wiener,4.997187868686804e-05,5.4469484204889586e-05,5.232920713088766e-07,0.7949,0.0019704097696562374,50000,1.0900027302596382
31,5,1.4,fit,1342,sim,clean,wiener,4.810016079564292e-05,5.188278124947455e-05,5.106384692328252e-07,0.80464,0.0019227637560454616,50000,1.078640494985087
31,7,1.8,fit,1315,sim,clean,wiener,6.143588117413385e-05,6.91026805953792e-05,5.918308820890397e-07,0.7398,0.0022284865679995853,50000,1.124793512760313
31,1,0.6,fit,1396,sim,clean,wiener,8.450434146686892e-05,9.643037403605759e-05,6.777366363816824e-07,0.6369,0.0025519570480787663,50000,1.1411292291280022
31,9,2.0,fit,1288,sim,clean,wiener,6.242440690669306e-05,6.953291250377473e-05,5.850547180942618e-07,0.73818,0.0022029715249325134,50000,1.1138738187405912
31,11,3.0,fit,1261,sim,clean,wiener,6.406265522864255e-05,7.156721893483009e-05,5.999329012839506e-07,0.73052,0.002258994000943609,50000,1.1171441252224623
31,3,1.0,fit,1396,sim,clean,wiener,4.997187868686804e-05,5.395957972086528e-05,5.205955994733695e-07,0.79682,0.001960256444697584,50000,1.0797989016779783
31,5,1.4,fit,1369,sim,clean,wiener,4.810016079564292e-05,5.2079306936025614e-05,5.133520717215545e-07,0.8039,0.0019329815849557707,50000,1.0827262544357885
31,1,0.6,fit,1423,sim,clean,wiener,8.450434146686892e-05,9.708368915621375e-05,6.785852445879081e-07,0.63444,0.0025551524068312416,50000,1.148860371798492
31,7,1.8,fit,1342,sim,clean,wiener,6.143588117413385e-05,6.857684159622912e-05,5.82329496983515e-07,0.74178,0.0021927099471339855,50000,1.116234361510254
31,9,2.0,fit,1315,sim,clean,wiener,6.242440690669306e-05,6.984097979620608e-05,5.892689244311052e-07,0.73702,0.0022188397442171933,50000,1.1188088643052503
31,11,3.0,fit,1288,sim,clean,wiener,6.406265522864255e-05,7.104137993567999e-05,5.947227772955735e-07,0.7325,0.0022393757422871368,50000,1.1089359265882759
31,3,1.0,fit,1423,sim,clean,wiener,4.997187868686804e-05,5.400207176120063e-05,5.199025125581115e-07,0.79666,0.0019576466875391592,50000,1.0806492207264498
31,5,1.4,fit,1396,sim,clean,wiener,4.810016079564292e-05,5.2291767137702386e-05,5.148212391135915e-07,0.8031,0.0019385136041497352,50000,1.0871432916797892
31,1,0.6,fit,1450,sim,clean,wiener,8.450434146686892e-05,9.713680420663295e-05,6.835288093474244e-07,0.63424,0.0025737669604106892,50000,1.1494889199830847
31,7,1.8,fit,1369,sim,clean,wiener,6.143588117413385e-05,6.951697798864896e-05,5.904093075951725e-07,0.73824,0.0022231337556322898,50000,1.131537086472481
31,9,2.0,fit,1342,sim,clean,wiener,6.242440690669306e-05,7.00853090281344e-05,5.883507189882623e-07,0.7361,0.0022153823232579878,50000,1.12272286595998
31,11,3.0,fit,1315,sim,clean,wiener,6.406265522864255e-05,7.23745677012019e-05,5.980173827069426e-07,0.72748,0.0022517812860468325,50000,1.1297466120143438
31,5,1.4,fit,1423,sim,clean,wiener,4.810016079564292e-05,5.201025737048064e-05,5.09226627744763e-07,0.80416,0.001917447592446182,50000,1.0812907173314878
31,3,1.0,fit,1450,sim,clean,wiener,4.997187868686804e-05,5.4559779790602225e-05,5.238150228905723e-07,0.79456,0.001972378897342528,50000,1.0918096582376404
31,1,0.6,fit,1477,sim,clean,wiener,8.450434146686892e-05,9.744487149906432e-05,6.728509487683462e-07,0.63308,0.002533560425747518,50000,1.1531344994537223
31,7,1.8,fit,1396,sim,clean,wiener,6.143588117413385e-05,6.89698929693312e-05,5.84415046051799e-07,0.7403,0.002200562896728589,50000,1.1226321109294901
31,9,2.0,fit,1369,sim,clean,wiener,6.242440690669306e-05,7.091390381467393e-05,5.956759371793714e-07,0.73298,0.0022429647810860284,50000,1.1359964367890638
31,11,3.0,fit,1342,sim,clean,wiener,6.406265522864255e-05,7.124852863231486e-05,5.987180686781378e-07,0.73172,0.002254419656774772,50000,1.1121694593835612
31,5,1.4,fit,1450,sim,clean,wiener,4.810016079564292e-05,5.244048927887615e-05,5.163723546347571e-07,0.80254,0.0019443541917380884,50000,1.09023521775059
31,3,1.0,fit,1477,sim,clean,wiener,4.997187868686804e-05,5.4538533770434555e-05,5.224567210020661e-07,0.79464,0.0019672643323452774,50000,1.091384498713405
31,1,0.6,fit,1504,sim,clean,wiener,8.450434146686892e-05,9.757234762007038e-05,6.786606506010531e-07,0.6326,0.0025554363414695405,50000,1.1546430150967444
31,7,1.8,fit,1423,sim,clean,wiener,6.143588117413385e-05,6.889022039370239e-05,5.802108639961784e-07,0.7406,0.0021847324229836147,50000,1.1213352698309962
31,9,2.0,fit,1396,sim,clean,wiener,6.242440690669306e-05,6.945323992814591e-05,5.871975836981352e-07,0.73848,0.0022110402948459797,50000,1.112597513853179
31,5,1.4,fit,1477,sim,clean,wiener,4.810016079564292e-05,5.222271757215745e-05,5.133208803070391e-07,0.80336,0.00193286413645758,50000,1.0857077545754892
31,11,3.0,fit,1369,sim,clean,wiener,6.406265522864255e-05,7.153534990457856e-05,5.989033456464718e-07,0.73064,0.002255117300726427,50000,1.1166466586385722
31,3,1.0,fit,1504,sim,clean,wiener,4.997187868686804e-05,5.437387711413505e-05,5.225020813734005e-07,0.79526,0.0019674351327906366,50000,1.0880895124005774
31,1,0.6,fit,1531,sim,clean,wiener,8.450434146686892e-05,9.728021484276478e-05,6.816029122638592e-07,0.6337,0.0025665151661702036,50000,1.1511860000814849
31,9,2.0,fit,1423,sim,clean,wiener,6.242440690669306e-05,7.020747364409857e-05,5.9505315491934e-07,0.73564,0.0022406197498562124,50000,1.124679866787345
31,7,1.8,fit,1450,sim,clean,wiener,6.143588117413385e-05,6.911861511050497e-05,5.9221482637584e-07,0.73974,0.002229932276075809,50000,1.125052880980012
31,5,1.4,fit,1504,sim,clean,wiener,4.810016079564292e-05,5.247235830912767e-05,5.132510132169476e-07,0.80242,0.0019326010581415844,50000,1.0908977733371903
31,11,3.0,fit,1396,sim,clean,wiener,6.406265522864255e-05,7.170000656087808e-05,5.942222226470323e-07,0.73002,0.002237490948261373,50000,1.1192169026553376
31,3,1.0,fit,1531,sim,clean,wiener,4.997187868686804e-05,5.471381343681791e-05,5.24760020613656e-07,0.79398,0.001975937202250931,50000,1.0948920647883504
31,9,2.0,fit,1450,sim,clean,wiener,6.242440690669306e-05,7.129102067265024e-05,5.985466169414761e-07,0.73156,0.002253774070503805,50000,1.1420376132561465
31,1,0.6,fit,1558,sim,clean,wiener,8.450434146686892e-05,9.698277056041726e-05,6.780899605343835e-07,0.63482,0.0025532874587624148,50000,1.1476661302477658
31,7,1.8,fit,1477,sim,clean,wiener,6.143588117413385e-05,6.925140273655296e-05,5.888236235735267e-07,0.73924,0.002217163003428795,50000,1.127214282810835
31,5,1.4,fit,1531,sim,clean,wiener,4.810016079564292e-05,5.2610457440217615e-05,5.165693038298075e-07,0.8019,0.0019450957864216893,50000,1.0937688475457914
31,11,3.0,fit,1423,sim,clean,wiener,6.406265522864255e-05,7.25286013474176e-05,6.012070729077881e-07,0.7269,0.002263791780909104,50000,1.1321510338364793
31,3,1.0,fit,1558,sim,clean,wiener,4.997187868686804e-05,5.377367704439808e-05,5.205593683726289e-07,0.79752,0.00196012001970898,50000,1.0760787558409146
31,9,2.0,fit,1477,sim,clean,wiener,6.242440690669306e-05,7.0111866553344e-05,5.907316052087722e-07,0.736,0.0022243473386414593,50000,1.1231483009224505
31,1,0.6,fit,1585,sim,clean,wiener,8.450434146686892e-05,9.671719530832126e-05,6.790705011413337e-07,0.63582,0.0025569795972399706,50000,1.1445233893248026
31,5,1.4,fit,1558,sim,clean,wiener,4.810016079564292e-05,5.188278124947455e-05,5.121968006410183e-07,0.80464,0.0019286315144148663,50000,1.078640494985087
31,7,1.8,fit,1504,sim,clean,wiener,6.143588117413385e-05,6.998439043233791e-05,5.859462635060008e-07,0.73648,0.0022063285599148875,50000,1.139145220916978
31,11,3.0,fit,1450,sim,clean,wiener,6.406265522864255e-05,7.262420843817217e-05,5.991819754268997e-07,0.72654,0.0022561664563922083,50000,1.1336434335881496
31,9,2.0,fit,1504,sim,clean,wiener,6.242440690669306e-05,7.123790562223105e-05,5.96357765333788e-07,0.73176,0.0022455321443814987,50000,1.1411867433312053
31,3,1.0,fit,1585,sim,clean,wiener,4.997187868686804e-05,5.379492306456575e-05,5.212634846553815e-07,0.79744,0.0019627713069701068,50000,1.0765039153651503
31,1,0.6,fit,1612,sim,clean,wiener,8.450434146686892e-05,9.593109256211711e-05,6.792423026629078e-07,0.63878,0.002557626500594926,50000,1.135220876192831
31,5,1.4,fit,1585,sim,clean,wiener,4.810016079564292e-05,5.188278124947455e-05,5.133365244264154e-07,0.80464,0.0019329230429982038,50000,1.078640494985087
31,7,1.8,fit,1531,sim,clean,wiener,6.143588117413385e-05,7.046773739115264e-05,5.925297132806514e-07,0.73466,0.0022311179547199076,50000,1.147012723581174
31,11,3.0,fit,1477,sim,clean,wiener,6.406265522864255e-05,7.172656408608768e-05,5.992072476804226e-07,0.72992,0.002256261616815943,50000,1.1196314581419125
31,9,2.0,fit,1531,sim,clean,wiener,6.242440690669306e-05,7.140256227853056e-05,5.987614411461769e-07,0.73114,0.002254582971947013,50000,1.143824440098523
31,3,1.0,fit,1612,sim,clean,wiener,4.997187868686804e-05,5.3938333700697586e-05,5.189095235263098e-07,0.7969,0.0019539076756245896,50000,1.0793737421537422
31,5,1.4,fit,1612,sim,clean,wiener,4.810016079564292e-05,5.169687857300737e-05,5.105786240114511e-07,0.80534,0.0019225384141850967,50000,1.0747755873965863
31,1,0.6,fit,1639,sim,clean,wiener,8.450434146686892e-05,9.713680420663295e-05,6.74915988249252e-07,0.63424,0.0025413361483143156,50000,1.1494889199830847
31,7,1.8,fit,1558,sim,clean,wiener,6.143588117413385e-05,6.947448594831362e-05,5.899139855709919e-07,0.7384,0.0022212686645883334,50000,1.130845437886618
31,9,2.0,fit,1558,sim,clean,wiener,6.242440690669306e-05,7.053147545165569e-05,5.9520693848314e-07,0.73442,0.0022411988081931103,50000,1.1298701733294867
31,11,3.0,fit,1504,sim,clean,wiener,6.406265522864255e-05,7.290571820539391e-05,6.031307302667537e-07,0.72548,0.0022710351416657393,50000,1.138037721745845
31,3,1.0,fit,1639,sim,clean,wiener,4.997187868686804e-05,5.3704627478853103e-05,5.216369430873068e-07,0.79778,0.0019641775314920753,50000,1.074696987387148
31,5,1.4,fit,1639,sim,clean,wiener,4.810016079564292e-05,5.206337242089984e-05,5.141411930431606e-07,0.80396,0.0019359529511330715,50000,1.082394976642488
31,7,1.8,fit,1585,sim,clean,wiener,6.143588117413385e-05,6.939481337268479e-05,5.890423076303483e-07,0.7387,0.002217986438801992,50000,1.1295485967881236
31,1,0.6,fit,1666,sim,clean,wiener,8.450434146686892e-05,9.653129263185408e-05,6.710714756021637e-07,0.63652,0.002526859977749678,50000,1.1423234706787284
31,9,2.0,fit,1585,sim,clean,wiener,6.242440690669306e-05,7.052616394661377e-05,5.91456248465417e-07,0.73444,0.0022270759183977648,50000,1.1297850863369925
31,3,1.0,fit,1666,sim,clean,wiener,4.997187868686804e-05,5.4379188619176975e-05,5.20338035276354e-07,0.79524,0.0019592866096132425,50000,1.0881958022816365
31,11,3.0,fit,1531,sim,clean,wiener,6.406265522864255e-05,7.309162088186112e-05,6.016786606562842e-07,0.72478,0.002265567502648137,50000,1.1409396101518705
31,5,1.4,fit,1666,sim,clean,wiener,4.810016079564292e-05,5.2376751218373106e-05,5.128988917704237e-07,0.80278,0.001931275176141116,50000,1.0889101065773896
31,7,1.8,fit,1612,sim,clean,wiener,6.143588117413385e-05,6.833782386934272e-05,5.832901811293247e-07,0.74268,0.0021963273178725153,50000,1.1123438382147723
31,1,0.6,fit,1693,sim,clean,wiener,8.450434146686892e-05,9.715805022680064e-05,6.795074757827561e-07,0.63416,0.0025586249864017,50000,1.1497403392569219
31,9,2.0,fit,1612,sim,clean,wiener,6.242440690669306e-05,7.017560461384705e-05,5.895865126912891e-07,0.73576,0.0022200355945747752,50000,1.1241693448323804
31,3,1.0,fit,1693,sim,clean,wiener,4.997187868686804e-05,5.350279028726015e-05,5.203951132831558e-07,0.79854,0.0019595015317731626,50000,1.0706579719069076
31,11,3.0,fit,1558,sim,clean,wiener,6.406265522864255e-05,7.188059773230336e-05,5.958277554550472e-07,0.72934,0.0022435364393052245,50000,1.122035879964048
31,5,1.4,fit,1693,sim,clean,wiener,4.810016079564292e-05,5.187746974443263e-05,5.11680014669267e-07,0.80466,0.0019266856027846497,50000,1.0785300690539867
31,7,1.8,fit,1639,sim,clean,wiener,6.143588117413385e-05,6.927264875672062e-05,5.875423628161347e-07,0.73916,0.002212338529961181,50000,1.1275601071037664
31,1,0.6,fit,1720,sim,clean,wiener,8.450434146686892e-05,9.715805022680064e-05,6.784246904236948e-07,0.63416,0.002554547854400448,50000,1.1497403392569219
31,9,2.0,fit,1639,sim,clean,wiener,6.242440690669306e-05,7.036150729031422e-05,5.906397295860779e-07,0.73506,0.002224001389152683,50000,1.1271473895696742
31,11,3.0,fit,1585,sim,clean,wiener,6.406265522864255e-05,7.23639446911181e-05,5.968305333761142e-07,0.72752,0.002247312310412012,50000,1.129580789819714
31,5,1.4,fit,1720,sim,clean,wiener,4.810016079564292e-05,5.276449108643327e-05,5.150099009773018e-07,0.80132,0.0019392239936239855,50000,1.0969711995476918
31,3,1.0,fit,1720,sim,clean,wiener,4.997187868686804e-05,5.5069684274626555e-05,5.234288937432619e-07,0.79264,0.001970924962368305,50000,1.102013486819301
31,1,0.6,fit,1747,sim,clean,wiener,8.450434146686892e-05,9.644099704614144e-05,6.764508323684629e-07,0.63686,0.002547115467385266,50000,1.1412549387649207
31,7,1.8,fit,1666,sim,clean,wiener,6.143588117413385e-05,6.900707350462463e-05,5.848148602086622e-07,0.74016,0.002202068361389576,50000,1.1232373034421204
31,9,2.0,fit,1666,sim,clean,wiener,6.242440690669306e-05,7.092983832979967e-05,5.85007342025186e-07,0.73292,0.0022027931345565206,50000,1.1362516977665458
31,11,3.0,fit,1612,sim,clean,wiener,6.406265522864255e-05,7.167344903566847e-05,5.976573234152753e-07,0.73012,0.0022504255147962147,50000,1.1188023471687623
31,5,1.4,fit,1747,sim,clean,wiener,4.810016079564292e-05,5.090546432176127e-05,5.111400030295019e-07,0.80832,0.0019246522369664747,50000,1.0583221236626816
31,3,1.0,fit,1747,sim,clean,wiener,4.997187868686804e-05,5.2945082257858554e-05,5.163171943711184e-07,0.80064,0.0019441464906695463,50000,1.0594975343957167
31,1,0.6,fit,1774,sim,clean,wiener,8.450434146686892e-05,9.76042166503219e-05,6.825494305416983e-07,0.63248,0.0025700791965923495,50000,1.1550201440075
31,7,1.8,fit,1693,sim,clean,wiener,6.143588117413385e-05,6.919828768613376e-05,5.87217457497964e-07,0.73944,0.002211115127872295,50000,1.1263497220785057
31,9,2.0,fit,1693,sim,clean,wiener,6.242440690669306e-05,7.088734628946434e-05,5.924427093536896e-07,0.73308,0.002230790349168279,50000,1.1355710018265932
31,11,3.0,fit,1639,sim,clean,wiener,6.406265522864255e-05,7.200276234826753e-05,5.986311351246382e-07,0.72888,0.0022540923162081583,50000,1.1239428352022933
31,5,1.4,fit,1774,sim,clean,wiener,4.810016079564292e-05,5.280698312676864e-05,5.160816338397117e-07,0.80116,0.0019432595084317526,50000,1.0978546069964923
31,3,1.0,fit,1774,sim,clean,wiener,4.997187868686804e-05,5.4841289557824e-05,5.260123790513901e-07,0.7935,0.001980652846603521,50000,1.0974430219337656
31,1,0.6,fit,1801,sim,clean,wiener,8.450434146686892e-05,9.772106976124414e-05,6.834018913128207e-07,0.63204,0.002573289061835419,50000,1.156402950013604
31,9,2.0,fit,1720,sim,clean,wiener,6.242440690669306e-05,7.116354455164416e-05,5.918530341070546e-07,0.73204,0.0022285699794539287,50000,1.1399955254362875
31,7,1.8,fit,1720,sim,clean,wiener,6.143588117413385e-05,7.038275331048192e-05,5.9086052866083e-07,0.73498,0.0022248327884378553,50000,1.1456294264094473
31,11,3.0,fit,1666,sim,clean,wiener,6.406265522864255e-05,7.23745677012019e-05,5.95734187839393e-07,0.72748,0.002243184118767389,50000,1.1297466120143438
31,5,1.4,fit,1801,sim,clean,wiener,4.810016079564292e-05,5.214835650157055e-05,5.154148785858256e-07,0.80364,0.001940748900803128,50000,1.0841617915400883
31,3,1.0,fit,1801,sim,clean,wiener,4.997187868686804e-05,5.462351785110527e-05,5.22664584647694e-07,0.79432,0.0019680470244221454,50000,1.093085136810348
31,1,0.6,fit,1828,sim,clean,wiener,8.450434146686892e-05,9.720585377217792e-05,6.771658695568882e-07,0.63398,0.002549807876345747,50000,1.1503060326230552
31,9,2.0,fit,1747,sim,clean,wiener,6.242440690669306e-05,6.967101163486464e-05,5.864016641174931e-07,0.73766,0.002208043330428699,50000,1.1160860805454382
31,7,1.8,fit,1747,sim,clean,wiener,6.143588117413385e-05,6.851310353572608e-05,5.848032545951373e-07,0.74202,0.00220202466148368,50000,1.1151968886314587
31,5,1.4,fit,1828,sim,clean,wiener,4.810016079564292e-05,5.187215823939073e-05,5.12201699086573e-07,0.80468,0.0019286499590760913,50000,1.0784196431228872
31,11,3.0,fit,1693,sim,clean,wiener,6.406265522864255e-05,7.161502248020736e-05,5.953219231758702e-07,0.73034,0.0022416317728305257,50000,1.1178903250982974
31,3,1.0,fit,1828,sim,clean,wiener,4.997187868686804e-05,5.391177617548799e-05,5.213257243631157e-07,0.797,0.0019630056650559715,50000,1.0788422927484476
31,1,0.6,fit,1855,sim,clean,wiener,8.450434146686892e-05,9.793884146796288e-05,6.771512624592326e-07,0.63122,0.002549752874618213,50000,1.1589799975704342
31,9,2.0,fit,1774,sim,clean,wiener,6.242440690669306e-05,7.142911980374015e-05,5.950764037833695e-07,0.73104,0.002240707291386705,50000,1.1442498750609935
31,7,1.8,fit,1774,sim,clean,wiener,6.143588117413385e-05,6.99259638768768e-05,5.877121934045863e-07,0.7367,0.002212978011942696,50000,1.138194204111416
31,5,1.4,fit,1855,sim,clean,wiener,4.810016079564292e-05,5.273262205618175e-05,5.167735300529141e-07,0.80144,0.0019458647821074498,50000,1.0963086439610916
31,11,3.0,fit,1720,sim,clean,wiener,6.406265522864255e-05,7.346873773983744e-05,6.010795713937657e-07,0.72336,0.002263311685293959,50000,1.1468262980612363
31,3,1.0,fit,1855,sim,clean,wiener,4.997187868686804e-05,5.4756305477153287e-05,5.230216598440235e-07,0.79382,0.0019693915593270786,50000,1.0957423838368225
31,1,0.6,fit,1882,sim,clean,wiener,8.450434146686892e-05,9.725896882259711e-05,6.740156217370744e-07,0.63378,0.0025379458982625067,50000,1.1509345808076479
31,9,2.0,fit,1801,sim,clean,wiener,6.242440690669306e-05,7.079173919870976e-05,5.934992037357351e-07,0.73344,0.002234768484833057,50000,1.1340394359616988
31,7,1.8,fit,1801,sim,clean,wiener,6.143588117413385e-05,7.039868782560767e-05,5.905987353098094e-07,0.73492,0.002223847028850113,50000,1.1458887946291458
31,5,1.4,fit,1882,sim,clean,wiener,4.810016079564292e-05,5.297163978306815e-05,5.152788518428084e-07,0.80054,0.0019402367041961638,50000,1.101277810860593
31,11,3.0,fit,1747,sim,clean,wiener,6.406265522864255e-05,7.096170736005119e-05,5.926162051708163e-07,0.7328,0.002231443632242502,50000,1.1076922601285508
31,3,1.0,fit,1882,sim,clean,wiener,4.997187868686804e-05,5.494751965866239e-05,5.23751737344645e-07,0.7931,0.0019721406012459305,50000,1.0995688195549447
31,1,0.6,fit,1909,sim,clean,wiener,8.450434146686892e-05,9.731208387301631e-05,6.812717150269148e-07,0.63358,0.0025652680724205777,50000,1.1515631289922406
31,9,2.0,fit,1828,sim,clean,wiener,6.242440690669306e-05,7.094577284492545e-05,5.951772219512615e-07,0.73286,0.0022410869132343594,50000,1.1365069587440284
31,7,1.8,fit,1828,sim,clean,wiener,6.143588117413385e-05,6.883179383824127e-05,5.866734520507136e-07,0.74082,0.002209066723727116,50000,1.120384253025434
31,5,1.4,fit,1909,sim,clean,wiener,4.810016079564292e-05,5.178186265367809e-05,5.114022217459705e-07,0.80502,0.0019256395982299927,50000,1.0765424022941867
31,11,3.0,fit,1774,sim,clean,wiener,6.406265522864255e-05,7.251266683229182e-05,5.992650586775637e-07,0.72696,0.002256479298985817,50000,1.131902300544534
31,3,1.0,fit,1909,sim,clean,wiener,4.997187868686804e-05,5.415610540741632e-05,5.21522949422311e-07,0.79608,0.0019637482984814834,50000,1.0837316272771598
31,1,0.6,fit,1936,sim,clean,wiener,8.450434146686892e-05,9.735457591335168e-05,6.802591785620954e-07,0.63342,0.002561455456384903,50000,1.1520659675399147
31,9,2.0,fit,1855,sim,clean,wiener,6.242440690669306e-05,7.138131625836288e-05,5.954807141048804e-07,0.73122,0.002242229685955928,50000,1.1434840921285465
31,7,1.8,fit,1855,sim,clean,wiener,6.143588117413385e-05,6.984097979620608e-05,5.933699971230361e-07,0.73702,0.002234281968820442,50000,1.1368109069396892
31,5,1.4,fit,1936,sim,clean,wiener,4.810016079564292e-05,5.239799723854081e-05,5.148765649675072e-07,0.8027,0.0019387219287337434,50000,1.0893518103017903
31,11,3.0,fit,1801,sim,clean,wiener,6.406265522864255e-05,7.202400836843519e-05,5.982363190863863e-07,0.7288,0.00225260567151843,50000,1.1242744795915531
31,3,1.0,fit,1936,sim,clean,wiener,4.997187868686804e-05,5.476161698219521e-05,5.212702682567359e-07,0.7938,0.0019627968500178904,50000,1.0958486737178816
31,1,0.6,fit,1963,sim,clean,wiener,8.450434146686892e-05,9.663221122765054e-05,6.723548811853193e-07,0.63614,0.0025316925273680124,50000,1.1435177122294542
31,9,2.0,fit,1882,sim,clean,wiener,6.242440690669306e-05,7.124321712727297e-05,5.934319489921812e-07,0.73174,0.0022345152430756905,50000,1.1412718303236995
31,7,1.8,fit,1882,sim,clean,wiener,6.143588117413385e-05,6.99259638768768e-05,5.867540779235635e-07,0.7367,0.0022093703132830466,50000,1.138194204111416
31,5,1.4,fit,1963,sim,clean,wiener,4.810016079564292e-05,5.193058479485185e-05,5.110189646413488e-07,0.80446,0.001924196477677167,50000,1.0796343283649876
31,11,3.0,fit,1828,sim,clean,wiener,6.406265522864255e-05,7.219397652977663e-05,5.992511893131313e-07,0.72816,0.0022564270751271446,50000,1.1269276347056334
31,3,1.0,fit,1963,sim,clean,wiener,4.997187868686804e-05,5.3821480589775345e-05,5.18770881299423e-07,0.79734,0.001953385630645652,50000,1.077035364770445
31,1,0.6,fit,1990,sim,clean,wiener,8.450434146686892e-05,9.671719530832126e-05,6.74379821085317e-07,0.63582,0.0025393172585280745,50000,1.1445233893248026
31,9,2.0,fit,1909,sim,clean,wiener,6.242440690669306e-05,7.05952135121587e-05,5.920273808163776e-07,0.73418,0.002229226466487065,50000,1.1308912172394157
31,7,1.8,fit,1909,sim,clean,wiener,6.143588117413385e-05,6.980911076595455e-05,5.912647332598982e-07,0.73714,0.0022263547849186195,50000,1.1362921705002915
31,5,1.4,fit,1990,sim,clean,wiener,4.810016079564292e-05,5.16278290074624e-05,5.121178444714402e-07,0.8056,0.0019283342119781556,50000,1.0733400502922859
31,11,3.0,fit,1855,sim,clean,wiener,6.406265522864255e-05,7.334657312387327e-05,6.037267965893425e-07,0.72382,0.002273279576408376,50000,1.144919342822991
31,3,1.0,fit,1990,sim,clean,wiener,4.997187868686804e-05,5.336469115617024e-05,5.185520949516264e-07,0.79906,0.0019525618101048831,50000,1.0678944349993746
31,1,0.6,fit,2017,sim,clean,wiener,8.450434146686892e-05,9.70093280856269e-05,6.837767255691601e-07,0.63472,0.0025747004669018966,50000,1.1479804043400625
31,9,2.0,fit,1936,sim,clean,wiener,6.242440690669306e-05,7.1439742813824e-05,5.984842951308895e-07,0.731,0.0022535394032669495,50000,1.144420049045982
31,7,1.8,fit,1936,sim,clean,wiener,6.143588117413385e-05,6.969225765503232e-05,5.874537143763619e-07,0.73758,0.002212004732142773,50000,1.1343901368891673
31,5,1.4,fit,2017,sim,clean,wiener,4.810016079564292e-05,5.125602365452799e-05,5.078632829868332e-07,0.807,0.0019123140389724683,50000,1.0656102351152834
31,11,3.0,fit,1882,sim,clean,wiener,6.406265522864255e-05,7.273575004405247e-05,6.024008066593229e-07,0.72612,0.0022682866792180147,50000,1.1353845666317646
31,3,1.0,fit,2017,sim,clean,wiener,4.997187868686804e-05,5.352403630742785e-05,5.18927181959062e-07,0.79846,0.001953974166883142,50000,1.0710831314311438
31,1,0.6,fit,2044,sim,clean,wiener,8.450434146686892e-05,9.642506253101567e-05,6.721785389670818e-07,0.63692,0.0025310285264234754,50000,1.1410663743095428
31,9,2.0,fit,1963,sim,clean,wiener,6.242440690669306e-05,7.039868782560767e-05,5.895598650274367e-07,0.73492,0.0022199352551657294,50000,1.1277429985171332
31,7,1.8,fit,1963,sim,clean,wiener,6.143588117413385e-05,6.894333544412161e-05,5.865064402479146e-07,0.7404,0.0022084378556323633,50000,1.1221998305633256
31,5,1.4,fit,2044,sim,clean,wiener,4.810016079564292e-05,5.218022553182208e-05,5.142152352817486e-07,0.80352,0.0019362317505995264,50000,1.0848243471266887
31,11,3.0,fit,1909,sim,clean,wiener,6.406265522864255e-05,7.250735532724993e-05,6.002289874472455e-07,0.72698,0.0022601088870670637,50000,1.1318193894472193
31,1,0.6,fit,2071,sim,clean,wiener,8.450434146686892e-05,9.76785777209088e-05,6.776714083508893e-07,0.6322,0.0025517114377281093,50000,1.1559001114659302
31,3,1.0,fit,2044,sim,clean,wiener,4.997187868686804e-05,5.383741510490112e-05,5.217763569264789e-07,0.79728,0.0019647024819084706,50000,1.0773542344136222
31,9,2.0,fit,1990,sim,clean,wiener,6.242440690669306e-05,7.024465417939199e-05,5.883938423564578e-07,0.7355,0.0022155447004669152,50000,1.1252754757348036
31,11,3.0,fit,1936,sim,clean,wiener,6.406265522864255e-05,7.150348087432705e-05,5.946668654907547e-07,0.73076,0.002239165211357099,50000,1.1161491920546822
31,7,1.8,fit,1990,sim,clean,wiener,6.143588117413385e-05,6.84918575155584e-05,5.869680936373805e-07,0.7421,0.0022101761704257125,50000,1.1148510643385272
31,5,1.4,fit,2071,sim,clean,wiener,4.810016079564292e-05,5.1388811280576e-05,5.126157709572245e-07,0.8065,0.001930209109890723,50000,1.0683708833927845
31,1,0.6,fit,2098,sim,clean,wiener,8.450434146686892e-05,9.809818661922049e-05,6.821597432340161e-07,0.63062,0.0025686118636815956,50000,1.1608656421242123
31,3,1.0,fit,2071,sim,clean,wiener,4.997187868686804e-05,5.376836553935615e-05,5.22542089999072e-07,0.79754,0.0019675857817135155,50000,1.0759724659598555
31,9,2.0,fit,2017,sim,clean,wiener,6.242440690669306e-05,7.043586836090111e-05,5.926284436331723e-07,0.73478,0.002231489715084406,50000,1.1283386074645922
31,11,3.0,fit,1963,sim,clean,wiener,6.406265522864255e-05,7.19230897726387e-05,5.995159598969252e-07,0.72918,0.0022574240452201944,50000,1.1226991687425676
31,7,1.8,fit,2017,sim,clean,wiener,6.143588117413385e-05,6.930982929201407e-05,5.874374895607251e-07,0.73902,0.002211943639042009,50000,1.1281652996163969
31,5,1.4,fit,2098,sim,clean,wiener,4.810016079564292e-05,5.171281308813312e-05,5.110510789433058e-07,0.80528,0.0019243174012259672,50000,1.0751068651898863
31,1,0.6,fit,2125,sim,clean,wiener,8.450434146686892e-05,9.723772280242945e-05,6.818753784886561e-07,0.63386,0.0025675411135152463,50000,1.150683161533811
31,3,1.0,fit,2098,sim,clean,wiener,4.997187868686804e-05,5.3922399185571835e-05,5.186579459020523e-07,0.79696,0.0019529603824477145,50000,1.0790548725105655
31,9,2.0,fit,2044,sim,clean,wiener,6.242440690669306e-05,7.052085244157183e-05,5.900822587643391e-07,0.73446,0.0022219022823370474,50000,1.1296999993444983
31,11,3.0,fit,1990,sim,clean,wiener,6.406265522864255e-05,7.225240308523775e-05,5.978735548316326e-07,0.72794,0.0022512397149698033,50000,1.1278396567760987
31,7,1.8,fit,2044,sim,clean,wiener,6.143588117413385e-05,6.957009303906815e-05,5.922280520645327e-07,0.73804,0.0022299820762307116,50000,1.13240164720481
31,5,1.4,fit,2125,sim,clean,wiener,4.810016079564292e-05,5.179779716880383e-05,5.137661720164054e-07,0.80496,0.0019345408427991985,50000,1.0768736800874865
31,1,0.6,fit,2152,sim,clean,wiener,8.450434146686892e-05,9.630289791505153e-05,6.776673535425881e-07,0.63738,0.0025516961697079565,50000,1.1396207134849798
31,3,1.0,fit,2125,sim,clean,wiener,4.997187868686804e-05,5.436856560909312e-05,5.246236654136374e-07,0.79528,0.001975423768868331,50000,1.0879832225195183
31,9,2.0,fit,2071,sim,clean,wiener,6.242440690669306e-05,7.050491792644609e-05,5.945429417407272e-07,0.73452,0.0022386985874941847,50000,1.129444738367016
31,7,1.8,fit,2071,sim,clean,wiener,6.143588117413385e-05,6.929389477688833e-05,5.893947244357159e-07,0.73908,0.0022193134329499264,50000,1.1279059313966984
31,11,3.0,fit,2017,sim,clean,wiener,6.406265522864255e-05,7.16787605407104e-05,6.006336177369323e-07,0.7301,0.0022616324864480055,50000,1.1188852582660775
31,5,1.4,fit,2152,sim,clean,wiener,4.810016079564292e-05,5.164376352258815e-05,5.105822713922267e-07,0.80554,0.001922552148073126,50000,1.0736713280855856
31,3,1.0,fit,2152,sim,clean,wiener,4.997187868686804e-05,5.377898854944e-05,5.21384953916181e-07,0.7975,0.001963228688672057,50000,1.0761850457219737
31,1,0.6,fit,2179,sim,clean,wiener,8.450434146686892e-05,9.596827309741056e-05,6.776430484523218e-07,0.63864,0.002551604651051476,50000,1.135660859922046
31,9,2.0,fit,2098,sim,clean,wiener,6.242440690669306e-05,7.026590019955969e-05,5.934754520762747e-07,0.73542,0.0022346790500710717,50000,1.1256158237047804
31,7,1.8,fit,2098,sim,clean,wiener,6.143588117413385e-05,6.915579564579839e-05,5.872455928838003e-07,0.7396,0.0022112210691662003,50000,1.1256580734926422
31,11,3.0,fit,2044,sim,clean,wiener,6.406265522864255e-05,7.203463137851904e-05,5.967278933632748e-07,0.72876,0.002246925828569184,50000,1.1244403017861833
31,5,1.4,fit,2179,sim,clean,wiener,4.810016079564292e-05,5.144723783603712e-05,5.096005575282921e-07,0.80628,0.001918855591800707,50000,1.0695855686348847
31,3,1.0,fit,2179,sim,clean,wiener,4.997187868686804e-05,5.3184099984744955e-05,5.171373745771001e-07,0.79974,0.0019472348063145793,50000,1.06428057904337
31,1,0.6,fit,2206,sim,clean,wiener,8.450434146686892e-05,9.781667685199871e-05,6.784099224332086e-07,0.63168,0.0025544922468452645,50000,1.157534336745871
31,9,2.0,fit,2125,sim,clean,wiener,6.242440690669306e-05,7.047304889619456e-05,5.924618959029779e-07,0.73464,0.002230862594413786,50000,1.1289342164120513
31,7,1.8,fit,2125,sim,clean,wiener,6.143588117413385e-05,7.014904708863746e-05,5.959417487158829e-07,0.73586,0.0022439656707939873,50000,1.141825359187199
31,11,3.0,fit,2071,sim,clean,wiener,6.406265522864255e-05,7.241705974153729e-05,5.994797135569261e-07,0.72732,0.0022572875628495176,50000,1.130409900792864
31,5,1.4,fit,2206,sim,clean,wiener,4.810016079564292e-05,5.1999634360396794e-05,5.111550986397768e-07,0.8042,0.0019247090781448445,50000,1.0810698654692876
31,3,1.0,fit,2206,sim,clean,wiener,4.997187868686804e-05,5.391177617548799e-05,5.190005370228856e-07,0.797,0.001954250378854117,50000,1.0788422927484476
31,1,0.6,fit,2233,sim,clean,wiener,8.450434146686892e-05,9.730677236797438e-05,6.769822487191921e-07,0.6336,0.002549116468406766,50000,1.1515002741737812
31,9,2.0,fit,2152,sim,clean,wiener,6.242440690669306e-05,7.052616394661377e-05,5.915844066686237e-07,0.73444,0.0022275584867176485,50000,1.1297850863369925
31,7,1.8,fit,2152,sim,clean,wiener,6.143588117413385e-05,6.902831952479233e-05,5.885594953963997e-07,0.74008,0.002216168452260934,50000,1.1235831277350523
31,11,3.0,fit,2098,sim,clean,wiener,6.406265522864255e-05,7.214086147935744e-05,6.025777047470309e-07,0.72836,0.002268952773239622,50000,1.1260985237324834
31,5,1.4,fit,2233,sim,clean,wiener,4.810016079564292e-05,5.198369984527104e-05,5.151201675528975e-07,0.80426,0.001939639192610809,50000,1.0807385876759878
31,3,1.0,fit,2233,sim,clean,wiener,4.997187868686804e-05,5.365682393347584e-05,5.201247490573189e-07,0.79796,0.0019584834993183193,50000,1.0737403784576176
31,1,0.6,fit,2260,sim,clean,wiener,8.450434146686892e-05,9.655253865202176e-05,6.781613907532655e-07,0.63644,0.0025535564229008964,50000,1.1425748899525654
31,9,2.0,fit,2179,sim,clean,wiener,6.242440690669306e-05,6.905487705000193e-05,5.893440933304332e-07,0.73998,0.0022191227860244955,50000,1.1062159894161199
31,7,1.8,fit,2179,sim,clean,wiener,6.143588117413385e-05,6.847592300043263e-05,5.875050234829623e-07,0.74216,0.0022121979320218863,50000,1.1145916961188282
31,11,3.0,fit,2125,sim,clean,wiener,6.406265522864255e-05,7.220459953986048e-05,6.003376673006285e-07,0.72812,0.0022605181113924677,50000,1.1270934569002635
31,5,1.4,fit,2260,sim,clean,wiener,4.810016079564292e-05,5.206337242089984e-05,5.128573136548476e-07,0.80396,0.001931118617443542,50000,1.082394976642488
31,1,0.6,fit,2287,sim,clean,wiener,8.450434146686892e-05,9.772638126628607e-05,6.827602888512929e-07,0.63202,0.0025708731648101347,50000,1.1564658048320635
31,3,1.0,fit,2260,sim,clean,wiener,4.997187868686804e-05,5.3821480589775345e-05,5.173778887266837e-07,0.79734,0.0019481404409612017,50000,1.077035364770445
31,9,2.0,fit,2206,sim,clean,wiener,6.242440690669306e-05,7.034026127014656e-05,5.902355263130235e-07,0.73514,0.002222479397664905,50000,1.126807041599698
31,11,3.0,fit,2152,sim,clean,wiener,6.406265522864255e-05,7.156721893483009e-05,5.990819682414742e-07,0.73052,0.0022557898882269284,50000,1.1171441252224623
31,5,1.4,fit,2287,sim,clean,wiener,4.810016079564292e-05,5.216429101669633e-05,5.124202938406497e-07,0.80358,0.0019294730581877423,50000,1.084493069333389
31,7,1.8,fit,2206,sim,clean,wiener,6.143588117413385e-05,6.967632313990657e-05,5.879811661039001e-07,0.73764,0.0022139908047281343,50000,1.1341307686694688
31,1,0.6,fit,2314,sim,clean,wiener,8.450434146686892e-05,9.922953719314943e-05,6.838367066064361e-07,0.62636,0.002574926320164965,50000,1.174253718456036
31,3,1.0,fit,2287,sim,clean,wiener,4.997187868686804e-05,5.4352631093967345e-05,5.216246694680406e-07,0.79534,0.0019641313162699512,50000,1.087664352876341
31,9,2.0,fit,2233,sim,clean,wiener,6.242440690669306e-05,7.104137993567999e-05,5.988405737578528e-07,0.7325,0.0022548809387607557,50000,1.1380385246089224
31,11,3.0,fit,2179,sim,clean,wiener,6.406265522864255e-05,7.162564549029122e-05,5.934048746725156e-07,0.7303,0.0022344132971321134,50000,1.1180561472929276
31,5,1.4,fit,2314,sim,clean,wiener,4.810016079564292e-05,5.128789268477951e-05,5.074242828070737e-07,0.80688,0.001910661022826217,50000,1.0662727907018836
31,7,1.8,fit,2233,sim,clean,wiener,6.143588117413385e-05,6.973474969536768e-05,5.888690630201768e-07,0.73742,0.0022173341016252252,50000,1.1350817854750308
31,1,0.6,fit,2341,sim,clean,wiener,8.450434146686892e-05,9.670126079319552e-05,6.77448763694479e-07,0.63588,0.00255087308906929,50000,1.144334824869425
31,9,2.0,fit,2260,sim,clean,wiener,6.242440690669306e-05,7.054209846173951e-05,5.895069526187054e-07,0.73438,0.002219736018194989,50000,1.1300403473144747
31,3,1.0,fit,2314,sim,clean,wiener,4.997187868686804e-05,5.3704627478853103e-05,5.209750577414008e-07,0.79778,0.001961685261068976,50000,1.074696987387148
31,11,3.0,fit,2206,sim,clean,wiener,6.406265522864255e-05,7.17584331163392e-05,5.990213866613542e-07,0.7298,0.0022555617736731747,50000,1.1201289247258026
31,5,1.4,fit,2341,sim,clean,wiener,4.810016079564292e-05,5.098513689739009e-05,5.079926047251274e-07,0.80802,0.0019128009884802765,50000,1.0599785126291825
31,7,1.8,fit,2260,sim,clean,wiener,6.143588117413385e-05,6.864057965673217e-05,5.844413796206842e-07,0.74154,0.002200662053440961,50000,1.117271834389049
31,1,0.6,fit,2368,sim,clean,wiener,8.450434146686892e-05,9.738644494360321e-05,6.743007246099284e-07,0.6333,0.002539019427782309,50000,1.1524430964506704
31,9,2.0,fit,2287,sim,clean,wiener,6.242440690669306e-05,7.0908592309632e-05,5.922268129903781e-07,0.733,0.002229977410607146,50000,1.1359113497965694
31,3,1.0,fit,2341,sim,clean,wiener,4.997187868686804e-05,5.329564159062527e-05,5.177692884256653e-07,0.79932,0.0019496142217291482,50000,1.0665126665456082
31,5,1.4,fit,2368,sim,clean,wiener,4.810016079564292e-05,5.22120945620736e-05,5.151656584630173e-07,0.8034,0.001939810484588359,50000,1.085486902713289
31,11,3.0,fit,2233,sim,clean,wiener,6.406265522864255e-05,7.283666863984894e-05,6.008740034343331e-07,0.72574,0.0022625376374193536,50000,1.1369598774807497
31,7,1.8,fit,2287,sim,clean,wiener,6.143588117413385e-05,6.968694614999038e-05,5.880836150415848e-07,0.7376,0.0022143765670944544,50000,1.1343036808159344
31,1,0.6,fit,2395,sim,clean,wiener,8.450434146686892e-05,9.647817758143489e-05,6.744687302305329e-07,0.63672,0.0025396520380096496,50000,1.1416949224941357
31,9,2.0,fit,2314,sim,clean,wiener,6.242440690669306e-05,7.047836040123647e-05,5.947514266524568e-07,0.73462,0.0022394836188933233,50000,1.129019303404545
31,5,1.4,fit,2395,sim,clean,wiener,4.810016079564292e-05,5.167032104779775e-05,5.095735205137937e-07,0.80544,0.001918753786326421,50000,1.0742234577410856
31,11,3.0,fit,2260,sim,clean,wiener,6.406265522864255e-05,7.098295338021887e-05,5.98946352456145e-07,0.73272,0.002255279239044601,50000,1.1080239045178106
31,3,1.0,fit,2368,sim,clean,wiener,4.997187868686804e-05,5.480410902253055e-05,5.233630952746385e-07,0.79364,0.0019706772040847145,50000,1.0966989927663529
31,1,0.6,fit,2422,sim,clean,wiener,8.450434146686892e-05,9.692965550999807e-05,6.743763906853019e-07,0.63502,0.002539304341661808,50000,1.1470375820631733
31,7,1.8,fit,2314,sim,clean,wiener,6.143588117413385e-05,6.980379926091263e-05,5.891241975065523e-07,0.73716,0.0022182947878501722,50000,1.1362057144270588
31,9,2.0,fit,2341,sim,clean,wiener,6.242440690669306e-05,6.977724173570304e-05,5.889153332005118e-07,0.73726,0.0022175083278754867,50000,1.1177878203953207
31,5,1.4,fit,2422,sim,clean,wiener,4.810016079564292e-05,5.158533696712703e-05,5.133938307916971e-07,0.80576,0.001933138825021677,50000,1.0724566428434852
31,11,3.0,fit,2287,sim,clean,wiener,6.406265522864255e-05,7.254984736758526e-05,5.990008473320525e-07,0.72682,0.0022554844346548,50000,1.1324826782257391
31,3,1.0,fit,2395,sim,clean,wiener,4.997187868686804e-05,5.3614331893140465e-05,5.205426324960422e-07,0.79812,0.0019600570022536463,50000,1.0728900594091455
31,1,0.6,fit,2449,sim,clean,wiener,8.450434146686892e-05,9.679686788395009e-05,6.735224019519745e-07,0.63552,0.0025360887230129036,50000,1.1454662116016918
31,7,1.8,fit,2341,sim,clean,wiener,6.143588117413385e-05,6.842811945505536e-05,5.879458716786179e-07,0.74234,0.002213857906707691,50000,1.113813591459732
31,9,2.0,fit,2368,sim,clean,wiener,6.242440690669306e-05,7.104137993567999e-05,5.939178484208457e-07,0.7325,0.0022363448541739745,50000,1.1380385246089224
31,5,1.4,fit,2449,sim,clean,wiener,4.810016079564292e-05,5.273262205618175e-05,5.146423075379904e-07,0.80144,0.0019378398532102598,50000,1.0963086439610916
31,11,3.0,fit,2314,sim,clean,wiener,6.406265522864255e-05,7.257109338775294e-05,6.011579945720165e-07,0.72674,0.0022636069807992136,50000,1.1328143226149991
31,3,1.0,fit,2422,sim,clean,wiener,4.997187868686804e-05,5.390646467044609e-05,5.222019065532921e-07,0.79702,0.0019663048511934646,50000,1.078736002867389
31,1,0.6,fit,2476,sim,clean,wiener,8.450434146686892e-05,9.729614935789056e-05,6.738461615117388e-07,0.63364,0.0025373078108503772,50000,1.1513745645368627
31,7,1.8,fit,2368,sim,clean,wiener,6.143588117413385e-05,6.974006120040959e-05,5.875933656445536e-07,0.7374,0.0022125305765770325,50000,1.1351682415482636
31,9,2.0,fit,2395,sim,clean,wiener,6.242440690669306e-05,7.02499656844339e-05,5.918444813740784e-07,0.73548,0.002228537774898313,50000,1.1253605627272976
31,5,1.4,fit,2476,sim,clean,wiener,4.810016079564292e-05,5.239799723854081e-05,5.131765638232726e-07,0.8027,0.0019323207255688489,50000,1.0893518103017903
31,11,3.0,fit,2341,sim,clean,wiener,6.406265522864255e-05,7.230551813565694e-05,5.971140853904967e-07,0.72774,0.0022483800003121235,50000,1.1286687677492486
31,3,1.0,fit,2449,sim,clean,wiener,4.997187868686804e-05,5.449604173009921e-05,5.223717164136654e-07,0.7948,0.0019669442551252434,50000,1.0905341796649335
31,1,0.6,fit,2503,sim,clean,wiener,8.450434146686892e-05,9.634007845034495e-05,6.808374437803692e-07,0.63724,0.0025636328626519028,50000,1.1400606972141947
31,7,1.8,fit,2395,sim,clean,wiener,6.143588117413385e-05,6.895926995924735e-05,5.862323051939069e-07,0.74034,0.0022074056244593,50000,1.1224591987830241
31,9,2.0,fit,2422,sim,clean,wiener,6.242440690669306e-05,6.985691431133185e-05,5.927448083162e-07,0.73696,0.002231927875952594,50000,1.1190641252827327
31,5,1.4,fit,2503,sim,clean,wiener,4.810016079564292e-05,5.197838834022912e-05,5.138200173205126e-07,0.80428,0.0019347435925045353,50000,1.0806281617448876
31,3,1.0,fit,2476,sim,clean,wiener,4.997187868686804e-05,5.479879751748863e-05,5.227835357689747e-07,0.79366,0.0019684949242936207,50000,1.096592702885294
31,11,3.0,fit,2368,sim,clean,wiener,6.406265522864255e-05,7.238519071128576e-05,5.985377411852903e-07,0.72744,0.0022537406496330134,50000,1.129912434208974
31,1,0.6,fit,2530,sim,clean,wiener,8.450434146686892e-05,9.690309798478847e-05,6.839468861823633e-07,0.63512,0.0025753411915622718,50000,1.146723307970877
31,7,1.8,fit,2422,sim,clean,wiener,6.143588117413385e-05,6.866713718194176e-05,5.838237967310785e-07,0.74144,0.0021983365999782172,50000,1.1177041147552136
31,9,2.0,fit,2449,sim,clean,wiener,6.242440690669306e-05,7.052616394661377e-05,5.907201577837621e-07,0.73444,0.0022243042343803514,50000,1.1297850863369925
31,5,1.4,fit,2530,sim,clean,wiener,4.810016079564292e-05,5.147910686628864e-05,5.102758038342321e-07,0.80616,0.0019213981717309183,50000,1.070248124221485
31,11,3.0,fit,2395,sim,clean,wiener,6.406265522864255e-05,7.156721893483009e-05,5.971027960617334e-07,0.73052,0.002248337491348377,50000,1.1171441252224623
31,3,1.0,fit,2503,sim,clean,wiener,4.997187868686804e-05,5.361964339818239e-05,5.175168537142096e-07,0.7981,0.0019486637012666294,50000,1.0729963492902046
31,1,0.6,fit,2557,sim,clean,wiener,8.450434146686892e-05,9.731208387301631e-05,6.798194529709902e-07,0.63358,0.0025597997087667243,50000,1.1515631289922406
31,7,1.8,fit,2449,sim,clean,wiener,6.143588117413385e-05,6.954353551385855e-05,5.905559038557561e-07,0.73814,0.002223685750817935,50000,1.1319693668386455
31,9,2.0,fit,2476,sim,clean,wiener,6.242440690669306e-05,7.077580468358399e-05,5.928346690955549e-07,0.7335,0.0022322662387279117,50000,1.1337841749842161
31,5,1.4,fit,2557,sim,clean,wiener,4.810016079564292e-05,5.270606453097215e-05,5.154931943138576e-07,0.80154,0.0019410437917141371,50000,1.0957565143055916
31,3,1.0,fit,2530,sim,clean,wiener,4.997187868686804e-05,5.385866112506879e-05,5.218017906578462e-07,0.7972,0.0019647982503626714,50000,1.077779393937858
31,11,3.0,fit,2422,sim,clean,wiener,6.406265522864255e-05,7.220459953986048e-05,5.954283426517749e-07,0.72812,0.0022420324859055004,50000,1.1270934569002635
31,7,1.8,fit,2476,sim,clean,wiener,6.143588117413385e-05,6.976661872561921e-05,5.914359363120613e-07,0.7373,0.0022269994347902168,50000,1.1356005219144285
31,9,2.0,fit,2503,sim,clean,wiener,6.242440690669306e-05,7.087672327938048e-05,5.942169313079228e-07,0.73312,0.002237471024194399,50000,1.1354008278416048
31,13,4.0,fit,1234,sim,clean,wiener,7.152923335074613e-05,8.079861469768702e-05,6.255441819649822e-07,0.69576,0.002355431001300004,50000,1.129588713770888
31,15,5.0,fit,1234,sim,clean,wiener,6.79109774010867e-05,7.705400364313343e-05,6.098556869485383e-07,0.70986,0.002296357368148475,50000,1.134632523222975
31,3,1.0,fit,2557,sim,clean,wiener,4.997187868686804e-05,5.492096213345279e-05,5.25795515220128e-07,0.7932,0.0019798362651278355,50000,1.09903737014965
31,11,3.0,fit,2449,sim,clean,wiener,6.406265522864255e-05,7.293227573060351e-05,5.997724641931419e-07,0.72538,0.002258389889342311,50000,1.13845227723242
31,7,1.8,fit,2503,sim,clean,wiener,6.143588117413385e-05,6.885835136345086e-05,5.865361030279035e-07,0.74072,0.002208549548193153,50000,1.1208165333915985
31,9,2.0,fit,2530,sim,clean,wiener,6.242440690669306e-05,7.001625946258944e-05,5.950154758104654e-07,0.73636,0.0022404778725217196,50000,1.1216167350575563
31,13,4.0,fit,1261,sim,clean,wiener,7.152923335074613e-05,8.0469301385088e-05,6.204543737572e-07,0.697,0.0023362657810183252,50000,1.1249848155159714
31,15,5.0,fit,1261,sim,clean,wiener,6.79109774010867e-05,7.594921059441409e-05,6.075573597274597e-07,0.71402,0.002287703221337206,50000,1.1183642689436357
31,11,3.0,fit,2476,sim,clean,wiener,6.406265522864255e-05,7.252328984237567e-05,5.9445278254577e-07,0.72692,0.0022383591010614484,50000,1.132068122739164
31,17,6.0,fit,1234,sim,clean,wiener,6.463199552277341e-05,7.23639446911181e-05,5.979188814455777e-07,0.72752,0.002251410388304714,50000,1.1196303642770908
31,7,1.8,fit,2530,sim,clean,wiener,6.143588117413385e-05,6.833782386934272e-05,5.867264073177833e-07,0.74268,0.0022092661220771193,50000,1.1123438382147723
31,9,2.0,fit,2557,sim,clean,wiener,6.242440690669306e-05,7.113698702643455e-05,5.98482785243518e-07,0.73214,0.0022535337179202934,50000,1.1395700904738166
31,13,4.0,fit,1288,sim,clean,wiener,7.152923335074613e-05,7.975755970947072e-05,6.235745654809509e-07,0.69968,0.0023480145855440684,50000,1.1150344547714737
31,15,5.0,fit,1288,sim,clean,wiener,6.79109774010867e-05,7.565707781710848e-05,6.089534789138536e-07,0.71512,0.002292960184007392,50000,1.1140625670909257
31,17,6.0,fit,1261,sim,clean,wiener,6.463199552277341e-05,7.196027030793215e-05,5.919668484887008e-07,0.72904,0.002228998537389007,50000,1.1133846282461846
31,11,3.0,fit,2503,sim,clean,wiener,6.406265522864255e-05,7.230551813565694e-05,5.982610460618162e-07,0.72774,0.002252698778745985,50000,1.1286687677492486
31,7,1.8,fit,2557,sim,clean,wiener,6.143588117413385e-05,7.011717805838593e-05,5.903657110470978e-07,0.73598,0.0022229695967065964,50000,1.1413066227478013
31,19,8.0,fit,1234,sim,clean,wiener,5.975221400604942e-05,6.608574573156862e-05,5.740797644693428e-07,0.75116,0.002161646312819181,50000,1.1059966033204724
31,13,4.0,fit,1315,sim,clean,wiener,7.152923335074613e-05,8.10535669396992e-05,6.23272871105803e-07,0.6948,0.0023468785821974957,50000,1.1331530220972756
31,15,5.0,fit,1315,sim,clean,wiener,6.79109774010867e-05,7.630508143222272e-05,6.145663127169261e-07,0.71268,0.0023140948106669707,50000,1.123604523927846
31,17,6.0,fit,1288,sim,clean,wiener,6.463199552277341e-05,7.0643017057536e-05,5.877912328439591e-07,0.734,0.002213275627924415,50000,1.0930038054084927
31,11,3.0,fit,2530,sim,clean,wiener,6.406265522864255e-05,7.191777826759681e-05,5.979087203950866e-07,0.7292,0.0022513721277724885,50000,1.122616257645253
31,21,10.0,fit,1234,sim,clean,wiener,5.974020335884026e-05,6.588390853997567e-05,5.704007920365344e-07,0.75192,0.0021477934692135632,50000,1.1028403794381505
31,19,8.0,fit,1261,sim,clean,wiener,5.975221400604942e-05,6.586797402484992e-05,5.690486879226605e-07,0.75198,0.0021427022413856587,50000,1.1023520236117332
31,15,5.0,fit,1342,sim,clean,wiener,6.79109774010867e-05,7.569425835240193e-05,6.062255156045585e-07,0.71498,0.0022826882807040335,50000,1.1146100564176342
31,13,4.0,fit,1342,sim,clean,wiener,7.152923335074613e-05,8.020372613299201e-05,6.259427791078293e-07,0.698,0.002356931883402915,50000,1.1212719943426515
31,17,6.0,fit,1315,sim,clean,wiener,6.463199552277341e-05,7.174781010625534e-05,5.960481132746236e-07,0.72984,0.002244366177083264,50000,1.1100973987562341
31,11,3.0,fit,2557,sim,clean,wiener,6.406265522864255e-05,7.280479960959745e-05,6.024715304670486e-07,0.72586,0.0022685529834280925,50000,1.13646241089686
31,19,8.0,fit,1288,sim,clean,wiener,5.975221400604942e-05,6.4800361511424e-05,5.656041334305971e-07,0.756,0.0021297320776942834,50000,1.0844846938201067
31,21,10.0,fit,1261,sim,clean,wiener,5.974020335884026e-05,6.640443603408385e-05,5.710223417022684e-07,0.74996,0.0021501338592191397,50000,1.111553565280213
31,13,4.0,fit,1369,sim,clean,wiener,7.152923335074613e-05,8.036838278929152e-05,6.238424367407122e-07,0.69738,0.0023490232309567984,50000,1.1235739434701097
31,15,5.0,fit,1369,sim,clean,wiener,6.79109774010867e-05,7.599701413979135e-05,6.104769195245779e-07,0.71384,0.0022986965641809995,50000,1.1190681837922607
31,17,6.0,fit,1342,sim,clean,wiener,6.463199552277341e-05,7.063770555249408e-05,5.874107371392483e-07,0.73402,0.0022118429051774424,50000,1.0929216246712439
31,23,20.0,fit,1234,sim,clean,wiener,5.165802317460747e-05,5.642942956535808e-05,5.326275781565053e-07,0.78752,0.002005561790689636,50000,1.0923652532080632
31,19,8.0,fit,1315,sim,clean,wiener,5.975221400604942e-05,6.589984305510145e-05,5.749992576725879e-07,0.75186,0.0021651085827256882,50000,1.1028853767398417
31,21,10.0,fit,1288,sim,clean,wiener,5.974020335884026e-05,6.499688719797502e-05,5.673756276625284e-07,0.75526,0.0021364024817245916,50000,1.0879923994827998
31,13,4.0,fit,1396,sim,clean,wiener,7.152923335074613e-05,8.008687302206978e-05,6.206544939807718e-07,0.69844,0.0023370193159278933,50000,1.1196383530263907
31,15,5.0,fit,1396,sim,clean,wiener,6.79109774010867e-05,7.6087309725504e-05,6.10611132627355e-07,0.7135,0.0022992019316868863,50000,1.120397800728553
31,17,6.0,fit,1369,sim,clean,wiener,6.463199552277341e-05,7.190715525751296e-05,5.970055858019977e-07,0.72924,0.0022479714547581128,50000,1.1125628208736973
31,23,20.0,fit,1261,sim,clean,wiener,5.165802317460747e-05,5.618510033342975e-05,5.290700192550927e-07,0.78844,0.001992166118941854,50000,1.087635509077079
31,19,8.0,fit,1342,sim,clean,wiener,5.975221400604942e-05,6.563426780300544e-05,5.700521730439849e-07,0.75286,0.0021464807753921395,50000,1.0984407673389394
31,21,10.0,fit,1315,sim,clean,wiener,5.974020335884026e-05,6.601669616602369e-05,5.706016620534551e-07,0.75142,0.0021485498274033243,50000,1.1050631309284729
31,13,4.0,fit,1423,sim,clean,wiener,7.152923335074613e-05,8.009218452711167e-05,6.215486680560159e-07,0.69842,0.0023403862489089866,50000,1.1197126094498568
31,15,5.0,fit,1423,sim,clean,wiener,6.79109774010867e-05,7.587484952382718e-05,6.070752779660144e-07,0.7143,0.002285887985325414,50000,1.1172692902902182
31,17,6.0,fit,1396,sim,clean,wiener,6.463199552277341e-05,7.134413572306943e-05,5.8740771939197e-07,0.73136,0.002211831542118368,50000,1.1038516627253288
31,23,20.0,fit,1288,sim,clean,wiener,5.165802317460747e-05,5.577080294015999e-05,5.309036621347998e-07,0.79,0.001999070538179849,50000,1.0796155081593242
31,21,10.0,fit,1342,sim,clean,wiener,5.974020335884026e-05,6.497032967276543e-05,5.666550949686324e-07,0.75536,0.002133689379926855,50000,1.0875478491847355
31,19,8.0,fit,1369,sim,clean,wiener,5.975221400604942e-05,6.574580940888576e-05,5.70875758967598e-07,0.75244,0.0021495819149641177,50000,1.1003075032873182
31,13,4.0,fit,1450,sim,clean,wiener,7.152923335074613e-05,8.072425362710017e-05,6.251379907975613e-07,0.69604,0.0023539015245727293,50000,1.1285491238423586
31,15,5.0,fit,1450,sim,clean,wiener,6.79109774010867e-05,7.674593635070208e-05,6.10326846491543e-07,0.71102,0.0022981314775178015,50000,1.1300961830873901
31,17,6.0,fit,1423,sim,clean,wiener,6.463199552277341e-05,7.047304889619456e-05,5.878109032089655e-07,0.73464,0.0022133496949349935,50000,1.0903740218165323
31,23,20.0,fit,1315,sim,clean,wiener,5.165802317460747e-05,5.574955691999232e-05,5.330777123057345e-07,0.79008,0.0020072567308080267,50000,1.079204226060978
31,21,10.0,fit,1369,sim,clean,wiener,5.974020335884026e-05,6.607512272148481e-05,5.718746134163954e-07,0.7512,0.0021533430125849017,50000,1.1060411415842146
31,19,8.0,fit,1396,sim,clean,wiener,5.975221400604942e-05,6.631414044837121e-05,5.705267544435175e-07,0.7503,0.002148267769457991,50000,1.1098189674052488
31,13,4.0,fit,1477,sim,clean,wiener,7.152923335074613e-05,8.068176158676479e-05,6.261173168578705e-07,0.6962,0.002357589089782891,50000,1.1279550724546272
31,15,5.0,fit,1477,sim,clean,wiener,6.79109774010867e-05,7.725052932968449e-05,6.106727448033471e-07,0.70912,0.0022994339268577685,50000,1.1375263953784347
31,17,6.0,fit,1450,sim,clean,wiener,6.463199552277341e-05,7.202931987347712e-05,5.902301137805625e-07,0.72878,0.0022224590172551413,50000,1.1144529778304186
31,23,20.0,fit,1342,sim,clean,wiener,5.165802317460747e-05,5.5903590566208e-05,5.317989343656495e-07,0.7895,0.00200244160616824,50000,1.0821860212739896
31,21,10.0,fit,1396,sim,clean,wiener,5.974020335884026e-05,6.610699175173632e-05,5.731765057072188e-07,0.75108,0.002158245172257343,50000,1.1065746019418918
31,19,8.0,fit,1423,sim,clean,wiener,5.975221400604942e-05,6.521997040973568e-05,5.692910325025804e-07,0.75442,0.0021436147683549724,50000,1.091507176673532
31,13,4.0,fit,1504,sim,clean,wiener,7.152923335074613e-05,8.104294392961535e-05,6.276034583414296e-07,0.69484,0.0023631850234093494,50000,1.1330045092503425
31,15,5.0,fit,1504,sim,clean,wiener,6.79109774010867e-05,7.744174351119359e-05,6.143997084559479e-07,0.7084,0.0023134674771347107,50000,1.1403420547729355
31,17,6.0,fit,1477,sim,clean,wiener,6.463199552277341e-05,7.256578188271105e-05,5.956932168295831e-07,0.72676,0.0022430298460726014,50000,1.1227532322925435
31,23,20.0,fit,1369,sim,clean,wiener,5.165802317460747e-05,5.6471921605693455e-05,5.34384008437779e-07,0.78736,0.002012175472753049,50000,1.0931878174047562
31,19,8.0,fit,1450,sim,clean,wiener,5.975221400604942e-05,6.592108907526911e-05,5.695510035716134e-07,0.75178,0.0021445936663019053,50000,1.1032409454919134
31,21,10.0,fit,1423,sim,clean,wiener,5.974020335884026e-05,6.549085716687361e-05,5.700895328539424e-07,0.7534,0.0021466214504349476,50000,1.0962610350267978
31,13,4.0,fit,1531,sim,clean,wiener,7.152923335074613e-05,8.171750506993919e-05,6.2458579437305e-07,0.6923,0.0023518222780309177,50000,1.1424350750305754
31,15,5.0,fit,1531,sim,clean,wiener,6.79109774010867e-05,7.765951521791232e-05,6.147101612420325e-07,0.70758,0.0023146364594989724,50000,1.1435487779722284
31,17,6.0,fit,1504,sim,clean,wiener,6.463199552277341e-05,7.233207566086657e-05,5.966310918173548e-07,0.72764,0.0022465613309544555,50000,1.1191372798535981
31,23,20.0,fit,1396,sim,clean,wiener,5.165802317460747e-05,5.664720127207681e-05,5.339253530211636e-07,0.7867,0.0020104484465599246,50000,1.096580894716114
31,19,8.0,fit,1477,sim,clean,wiener,5.975221400604942e-05,6.706837416432383e-05,5.774831080514459e-07,0.74746,0.002174461300493081,50000,1.1224416581038104
31,21,10.0,fit,1450,sim,clean,wiener,5.974020335884026e-05,6.657971570046721e-05,5.740680695788211e-07,0.7493,0.0021616022767486907,50000,1.114487597247438
31,13,4.0,fit,1558,sim,clean,wiener,7.152923335074613e-05,8.021966064811775e-05,6.185588746814122e-07,0.69794,0.002329128447773499,50000,1.1214947636130506
31,15,5.0,fit,1558,sim,clean,wiener,6.79109774010867e-05,7.622540885659394e-05,6.095752949899894e-07,0.71298,0.0022953015771576503,50000,1.1224313325134707
31,17,6.0,fit,1531,sim,clean,wiener,6.463199552277341e-05,7.24223712465792e-05,5.933461033639579e-07,0.7273,0.00223419199899498,50000,1.120534352386827
31,23,20.0,fit,1423,sim,clean,wiener,5.165802317460747e-05,5.625414989897472e-05,5.318917452582344e-07,0.78818,0.0020027910773326367,50000,1.0889721758967053
31,19,8.0,fit,1504,sim,clean,wiener,5.975221400604942e-05,6.59742041256883e-05,5.748765022681034e-07,0.75158,0.0021646463581640406,50000,1.1041298673720936
31,21,10.0,fit,1477,sim,clean,wiener,5.974020335884026e-05,6.671250332651519e-05,5.754373405305443e-07,0.7488,0.0021667581447782475,50000,1.1167103487377597
31,13,4.0,fit,1585,sim,clean,wiener,7.152923335074613e-05,8.046398988004609e-05,6.193581271538196e-07,0.69702,0.0023321379618984014,50000,1.124910559092505
31,15,5.0,fit,1585,sim,clean,wiener,6.79109774010867e-05,7.63528849776e-05,6.119906053005675e-07,0.7125,0.002304396213391696,50000,1.1243084387764712
31,17,6.0,fit,1558,sim,clean,wiener,6.463199552277341e-05,7.176374462138113e-05,5.939073107299321e-07,0.72978,0.002236305175435725,50000,1.110343940967981
31,23,20.0,fit,1450,sim,clean,wiener,5.165802317460747e-05,5.639756053510655e-05,5.33117212195873e-07,0.78764,0.0020074054641324867,50000,1.0917483300605433
31,19,8.0,fit,1531,sim,clean,wiener,5.975221400604942e-05,6.672843784164097e-05,5.693867824587268e-07,0.74874,0.0021439753063019033,50000,1.116752558070656
31,21,10.0,fit,1504,sim,clean,wiener,5.974020335884026e-05,6.620791034753279e-05,5.754755374691323e-07,0.7507,0.0021669019719544867,50000,1.108263893074536
31,13,4.0,fit,1612,sim,clean,wiener,7.152923335074613e-05,8.080392620272895e-05,6.186882654052364e-07,0.69574,0.0023296156570401876,50000,1.1296629701943546
31,15,5.0,fit,1612,sim,clean,wiener,6.79109774010867e-05,7.617760531121664e-05,6.098081561997698e-07,0.71316,0.0022961783953398514,50000,1.1217274176648453
31,17,6.0,fit,1585,sim,clean,wiener,6.463199552277341e-05,7.135475873315329e-05,5.875000425675553e-07,0.73132,0.0022121791768277646,50000,1.1040160241998265
31,23,20.0,fit,1477,sim,clean,wiener,5.165802317460747e-05,5.761920669474817e-05,5.385622257045365e-07,0.78304,0.002027908178394037,50000,1.1153970507154622
31,19,8.0,fit,1558,sim,clean,wiener,5.975221400604942e-05,6.616541830719745e-05,5.690584789180479e-07,0.75086,0.002142739108508292,50000,1.1073299861407435
31,21,10.0,fit,1531,sim,clean,wiener,5.974020335884026e-05,6.685591396264703e-05,5.730927354950436e-07,0.74826,0.0021579297429712404,50000,1.1191109203473075
31,15,5.0,fit,1639,sim,clean,wiener,6.79109774010867e-05,7.606075220029439e-05,6.100770277229585e-07,0.7136,0.002297190807155586,50000,1.1200067369237612
31,13,4.0,fit,1639,sim,clean,wiener,7.152923335074613e-05,8.024621817332735e-05,6.175857423490874e-07,0.69784,0.002325464204495391,50000,1.1218660457303824
31,17,6.0,fit,1612,sim,clean,wiener,6.463199552277341e-05,7.180623666171647e-05,5.953490282703801e-07,0.72962,0.0022417338346540426,50000,1.1110013868659705
31,23,20.0,fit,1504,sim,clean,wiener,5.165802317460747e-05,5.637100300989696e-05,5.3351094690272e-07,0.78774,0.0020088880371649494,50000,1.0912342274376103
31,19,8.0,fit,1585,sim,clean,wiener,5.975221400604942e-05,6.57829899441792e-05,5.730059433675401e-07,0.7523,0.0021576029349316414,50000,1.1009297486034446
31,21,10.0,fit,1558,sim,clean,wiener,5.974020335884026e-05,6.53049544904064e-05,5.753044859405035e-07,0.7541,0.002166257892631286,50000,1.093149182940347
31,15,5.0,fit,1666,sim,clean,wiener,6.79109774010867e-05,7.67778053809536e-05,6.059088350945364e-07,0.7109,0.0022814958483989797,50000,1.1305654596531405
31,13,4.0,fit,1666,sim,clean,wiener,7.152923335074613e-05,8.059677750609407e-05,6.207572832881354e-07,0.69652,0.0023374063599259786,50000,1.126766969679165
31,17,6.0,fit,1639,sim,clean,wiener,6.463199552277341e-05,7.123790562223105e-05,5.893323108023218e-07,0.73176,0.002219078419962453,50000,1.1022080479803538
31,23,20.0,fit,1531,sim,clean,wiener,5.165802317460747e-05,5.7231466826688005e-05,5.345738962077053e-07,0.7845,0.0020128904782681627,50000,1.10789115242064
31,19,8.0,fit,1612,sim,clean,wiener,5.975221400604942e-05,6.609636874165247e-05,5.703303290740197e-07,0.75112,0.002147528147192936,50000,1.1061743876965087
31,21,10.0,fit,1585,sim,clean,wiener,5.974020335884026e-05,6.569269435846656e-05,5.707516806986679e-07,0.75264,0.0021491147092740134,50000,1.0996396172920873
31,15,5.0,fit,1693,sim,clean,wiener,6.79109774010867e-05,7.649098410868993e-05,6.08265972368327e-07,0.71198,0.002290371439235051,50000,1.1263419705613888
31,13,4.0,fit,1693,sim,clean,wiener,7.152923335074613e-05,8.113323951532799e-05,6.308073130802982e-07,0.6945,0.002375248853580206,50000,1.1342668684492714
31,17,6.0,fit,1666,sim,clean,wiener,6.463199552277341e-05,7.12007250869376e-05,5.865448888031107e-07,0.7319,0.00220858263024857,50000,1.1016327828196124
31,19,8.0,fit,1639,sim,clean,wiener,5.975221400604942e-05,6.569800586350848e-05,5.70633838294694e-07,0.75262,0.0021486709841789836,50000,1.0995074735951558
31,21,10.0,fit,1612,sim,clean,wiener,5.974020335884026e-05,6.571925188367616e-05,5.689694722650679e-07,0.75254,0.0021424039618699003,50000,1.1000841675901516
31,23,20.0,fit,1558,sim,clean,wiener,5.165802317460747e-05,5.597795163679487e-05,5.306351612513018e-07,0.78922,0.001998059521974917,50000,1.0836255086182016
31,15,5.0,fit,1720,sim,clean,wiener,6.79109774010867e-05,7.682029742128895e-05,6.11496460959641e-07,0.71074,0.002302535556809328,50000,1.131191161740807
31,13,4.0,fit,1720,sim,clean,wiener,7.152923335074613e-05,8.08145492128128e-05,6.241437674972509e-07,0.6957,0.002350157865129827,50000,1.1298114830412875
31,17,6.0,fit,1693,sim,clean,wiener,6.463199552277341e-05,7.177967913650687e-05,5.95338520960297e-07,0.72972,0.002241694270312109,50000,1.1105904831797269
31,19,8.0,fit,1666,sim,clean,wiener,5.975221400604942e-05,6.58095474693888e-05,5.692969727133855e-07,0.7522,0.0021436371356906266,50000,1.1013742095435346
31,21,10.0,fit,1639,sim,clean,wiener,5.974020335884026e-05,6.60007616508979e-05,5.737464527950356e-07,0.75148,0.002160391257343655,50000,1.1047964007496338
31,23,20.0,fit,1585,sim,clean,wiener,5.165802317460747e-05,5.625414989897472e-05,5.301590974652734e-07,0.78818,0.0019962669461145114,50000,1.0889721758967053
31,15,5.0,fit,1747,sim,clean,wiener,6.79109774010867e-05,7.568894684736001e-05,6.069896899115437e-07,0.715,0.0022855657111157685,50000,1.114531843656676
31,13,4.0,fit,1747,sim,clean,wiener,7.152923335074613e-05,7.988503583047678e-05,6.203880092765642e-07,0.6992,0.002336015891466825,50000,1.116816608934667
31,17,6.0,fit,1720,sim,clean,wiener,6.463199552277341e-05,7.175312161129727e-05,5.92063722529999e-07,0.72982,0.002229363307978637,50000,1.1101795794934832
31,19,8.0,fit,1693,sim,clean,wiener,5.975221400604942e-05,6.568738285342463e-05,5.708464645987701e-07,0.75266,0.0021494716096228006,50000,1.0993296892191196
31,21,10.0,fit,1666,sim,clean,wiener,5.974020335884026e-05,6.618135282232319e-05,5.703709653203605e-07,0.7508,0.002147681159365644,50000,1.1078193427764718
31,15,5.0,fit,1774,sim,clean,wiener,6.79109774010867e-05,7.745767802631936e-05,6.136531411409548e-07,0.70834,0.002310656344285919,50000,1.1405766930558108
31,23,20.0,fit,1612,sim,clean,wiener,5.165802317460747e-05,5.6599397726699514e-05,5.347802920473928e-07,0.78688,0.002013667643452262,50000,1.0956555099948342
31,13,4.0,fit,1774,sim,clean,wiener,7.152923335074613e-05,8.166439001952e-05,6.288001518317217e-07,0.6925,0.002367691066351406,50000,1.1416925107959115
31,17,6.0,fit,1747,sim,clean,wiener,6.463199552277341e-05,7.110511799618303e-05,5.880835347721821e-07,0.73226,0.0022143762648471556,50000,1.1001535295491345
31,19,8.0,fit,1720,sim,clean,wiener,5.975221400604942e-05,6.528901997528063e-05,5.666014740706705e-07,0.75416,0.0021334874752029064,50000,1.0926627751177664
31,21,10.0,fit,1693,sim,clean,wiener,5.974020335884026e-05,6.618135282232319e-05,5.707437400689315e-07,0.7508,0.0021490848095387267,50000,1.1078193427764718
31,23,20.0,fit,1639,sim,clean,wiener,5.165802317460747e-05,5.6408183545190405e-05,5.346323648257594e-07,0.7876,0.002013110636651117,50000,1.0919539711097168
31,15,5.0,fit,1801,sim,clean,wiener,6.79109774010867e-05,7.642193454314496e-05,6.123126382665541e-07,0.71224,0.002305608799893808,50000,1.12532520466893
31,13,4.0,fit,1801,sim,clean,wiener,7.152923335074613e-05,8.097389436407038e-05,6.278534214780446e-07,0.6951,0.002364126237376548,50000,1.1320391757452792
31,17,6.0,fit,1774,sim,clean,wiener,6.463199552277341e-05,7.249142081212415e-05,5.968402489668042e-07,0.72704,0.002247348893604961,50000,1.1216027019710606
31,21,10.0,fit,1720,sim,clean,wiener,5.974020335884026e-05,6.577767843913728e-05,5.682040819039636e-07,0.75232,0.0021395219525144967,50000,1.1010621782458934
31,19,8.0,fit,1747,sim,clean,wiener,5.975221400604942e-05,6.508187127864574e-05,5.632804130974573e-07,0.75494,0.0021209823153771987,50000,1.0891959797850628
31,23,20.0,fit,1666,sim,clean,wiener,5.165802317460747e-05,5.6100116252759035e-05,5.336590744877446e-07,0.78876,0.0020094457984166304,50000,1.0859903806836937
31,15,5.0,fit,1828,sim,clean,wiener,6.79109774010867e-05,7.676187086582782e-05,6.121231750136632e-07,0.71096,0.0023048953928598483,50000,1.130330821370265
31,13,4.0,fit,1828,sim,clean,wiener,7.152923335074613e-05,8.130320767666943e-05,6.313808271705604e-07,0.69386,0.002377408369897091,50000,1.1366430740001963
31,17,6.0,fit,1801,sim,clean,wiener,6.463199552277341e-05,7.192840127768063e-05,5.96750418337584e-07,0.72916,0.002247010644357295,50000,1.112891543822692
31,21,10.0,fit,1747,sim,clean,wiener,5.974020335884026e-05,6.5597087267712e-05,5.681128744354295e-07,0.753,0.0021391785189008063,50000,1.0980392362190552
31,19,8.0,fit,1774,sim,clean,wiener,5.975221400604942e-05,6.631945195341313e-05,5.7206853821435e-07,0.75028,0.0021540732191701315,50000,1.1099078595932668
31,23,20.0,fit,1693,sim,clean,wiener,5.165802317460747e-05,5.642942956535808e-05,5.325513339228687e-07,0.78752,0.0020052746998066007,50000,1.0923652532080632
31,15,5.0,fit,1855,sim,clean,wiener,6.79109774010867e-05,7.764889220782846e-05,6.083466176057846e-07,0.70762,0.0022906751017066898,50000,1.1433923524503116
31,13,4.0,fit,1855,sim,clean,wiener,7.152923335074613e-05,8.180780065565183e-05,6.267564588428461e-07,0.69196,0.002359995722102474,50000,1.1436974342295043
31,17,6.0,fit,1828,sim,clean,wiener,6.463199552277341e-05,7.150348087432705e-05,5.931791166383173e-07,0.73076,0.002233563225326038,50000,1.1063170848427917
31,19,8.0,fit,1801,sim,clean,wiener,5.975221400604942e-05,6.66328307508864e-05,5.724803909307125e-07,0.7491,0.002155624013956589,50000,1.115152498686331
31,21,10.0,fit,1774,sim,clean,wiener,5.974020335884026e-05,6.676561837693439e-05,5.737250167076215e-07,0.7486,0.0021603105416623373,50000,1.1175994493338886
31,23,20.0,fit,1720,sim,clean,wiener,5.165802317460747e-05,5.70190066250112e-05,5.356192879051571e-07,0.7853,0.0020168268077612205,50000,1.1037783314371759
31,15,5.0,fit,1882,sim,clean,wiener,6.79109774010867e-05,7.684685494649854e-05,6.093128160318226e-07,0.71064,0.002294313235977156,50000,1.1315822255455987
31,13,4.0,fit,1882,sim,clean,wiener,7.152923335074613e-05,8.053303944559102e-05,6.211602652275785e-07,0.69676,0.002338923752590629,50000,1.125875892597568
31,17,6.0,fit,1855,sim,clean,wiener,6.463199552277341e-05,7.2900406700352e-05,5.914663147660487e-07,0.7255,0.0022271138221578186,50000,1.127930618739215
31,19,8.0,fit,1828,sim,clean,wiener,5.975221400604942e-05,6.655315817525761e-05,5.739276261208104e-07,0.7494,0.0021610734493941,50000,1.1138191158660606
31,21,10.0,fit,1801,sim,clean,wiener,5.974020335884026e-05,6.640974753912574e-05,5.710331554422037e-07,0.74994,0.0021501745773954382,50000,1.1116424753398255
31,23,20.0,fit,1747,sim,clean,wiener,5.165802317460747e-05,5.612667377796863e-05,5.2986758909409e-07,0.78866,0.0019951692972602496,50000,1.0865044833066266
31,15,5.0,fit,1909,sim,clean,wiener,6.79109774010867e-05,7.716023374397184e-05,6.104418624424856e-07,0.70946,0.0022985645598552363,50000,1.1361967784421423
31,13,4.0,fit,1909,sim,clean,wiener,7.152923335074613e-05,8.054897396071681e-05,6.243381914433384e-07,0.6967,0.0023508899512129726,50000,1.1260986618679676
31,17,6.0,fit,1882,sim,clean,wiener,6.463199552277341e-05,7.220459953986048e-05,5.921647580369263e-07,0.72812,0.0022297437481971056,50000,1.1171649421596277
31,19,8.0,fit,1855,sim,clean,wiener,5.975221400604942e-05,6.759421316347391e-05,5.73223485863017e-07,0.74548,0.002158422071857089,50000,1.1312419847175965
31,21,10.0,fit,1828,sim,clean,wiener,5.974020335884026e-05,6.633538646853887e-05,5.754820284119012e-07,0.75022,0.0021669264130223863,50000,1.1103977345052454
31,23,20.0,fit,1774,sim,clean,wiener,5.165802317460747e-05,5.674811986787327e-05,5.320410016941585e-07,0.78632,0.002003353089172016,50000,1.098534484683259
31,15,5.0,fit,1936,sim,clean,wiener,6.79109774010867e-05,7.611917875575551e-05,6.1185336934943e-07,0.71338,0.0023038794636190633,50000,1.1208670772943032
31,13,4.0,fit,1936,sim,clean,wiener,7.152923335074613e-05,8.064458105147136e-05,6.237742595310317e-07,0.69634,0.002348766515735247,50000,1.1274352774903627
31,17,6.0,fit,1909,sim,clean,wiener,6.463199552277341e-05,7.23639446911181e-05,5.938100107315242e-07,0.72752,0.002235938800942469,50000,1.1196303642770908
31,19,8.0,fit,1882,sim,clean,wiener,5.975221400604942e-05,6.643099355929345e-05,5.694644297748691e-07,0.74986,0.002144267680367369,50000,1.1117745955416456
31,21,10.0,fit,1855,sim,clean,wiener,5.974020335884026e-05,6.677092988197631e-05,5.722643446480313e-07,0.74858,0.002154810510887398,50000,1.1176883593935014
31,23,20.0,fit,1801,sim,clean,wiener,5.165802317460747e-05,5.707212167543039e-05,5.3737917788318e-07,0.7851,0.002023453517005148,50000,1.1048065366830417
31,15,5.0,fit,1963,sim,clean,wiener,6.79109774010867e-05,7.620416283642623e-05,6.077262224947778e-07,0.71306,0.0022883390590742896,50000,1.122118481469637
31,13,4.0,fit,1963,sim,clean,wiener,7.152923335074613e-05,8.083048372793855e-05,6.226566798386742e-07,0.69564,0.0023445583687654622,50000,1.1300342523116864
31,17,6.0,fit,1936,sim,clean,wiener,6.463199552277341e-05,7.188059773230336e-05,5.938178689979953e-07,0.72934,0.0022359683905462035,50000,1.1121519171874534
31,19,8.0,fit,1909,sim,clean,wiener,5.975221400604942e-05,6.71639812550784e-05,5.737024962919297e-07,0.7471,0.002160225743039295,50000,1.1240417174881354
31,21,10.0,fit,1882,sim,clean,wiener,5.974020335884026e-05,6.670188031643137e-05,5.708899938741814e-07,0.74884,0.0021496355152392605,50000,1.1165325286185344
31,23,20.0,fit,1828,sim,clean,wiener,5.165802317460747e-05,5.615854280822015e-05,5.325205656914568e-07,0.78854,0.0020051588447667613,50000,1.0871214064541463
31,15,5.0,fit,1990,sim,clean,wiener,6.79109774010867e-05,7.62997699271808e-05,6.091273838235767e-07,0.7127,0.0022936150074834146,50000,1.1235263111668876
31,13,4.0,fit,1990,sim,clean,wiener,7.152923335074613e-05,8.079861469768702e-05,6.203793999657771e-07,0.69576,0.0023359834738724927,50000,1.129588713770888
31,17,6.0,fit,1963,sim,clean,wiener,6.463199552277341e-05,7.180092515667457e-05,5.945658260756423e-07,0.72964,0.0022387847564227068,50000,1.1109192061287223
31,19,8.0,fit,1936,sim,clean,wiener,5.975221400604942e-05,6.558115275258625e-05,5.73271943538628e-07,0.75306,0.0021586045349263265,50000,1.097551845458759
31,21,10.0,fit,1909,sim,clean,wiener,5.974020335884026e-05,6.676561837693439e-05,5.690792933808503e-07,0.7486,0.002142817483517402,50000,1.1175994493338886
31,23,20.0,fit,1855,sim,clean,wiener,5.165802317460747e-05,5.763514120987391e-05,5.365652333704301e-07,0.78298,0.002020388681308576,50000,1.1157055122892217
31,15,5.0,fit,2017,sim,clean,wiener,6.79109774010867e-05,7.691059300700158e-05,6.093224186298201e-07,0.7104,0.0022943493937061673,50000,1.1325207786770992
31,13,4.0,fit,2017,sim,clean,wiener,7.152923335074613e-05,8.070831911197438e-05,6.248075036146984e-07,0.6961,0.002352657104468617,50000,1.128326354571959
31,17,6.0,fit,1990,sim,clean,wiener,6.463199552277341e-05,7.134413572306943e-05,5.88432932716737e-07,0.73136,0.0022156918917431005,50000,1.1038516627253288
31,19,8.0,fit,1963,sim,clean,wiener,5.975221400604942e-05,6.571925188367616e-05,5.694798852279077e-07,0.75254,0.002144325876501672,50000,1.099863042347228
31,23,20.0,fit,1882,sim,clean,wiener,5.165802317460747e-05,5.779448636113153e-05,5.38488799144975e-07,0.78238,0.0020276316972122174,50000,1.11879012802682
31,21,10.0,fit,1936,sim,clean,wiener,5.974020335884026e-05,6.568738285342463e-05,5.708209065967642e-07,0.75266,0.0021493753732385584,50000,1.0995507072324742
31,15,5.0,fit,2044,sim,clean,wiener,6.79109774010867e-05,7.573143888769535e-05,6.064213372897551e-07,0.71484,0.0022834256298495245,50000,1.1151575457443426
31,13,4.0,fit,2044,sim,clean,wiener,7.152923335074613e-05,8.0469301385088e-05,6.263507179229275e-07,0.697,0.002358467940742139,50000,1.1249848155159714
31,17,6.0,fit,2017,sim,clean,wiener,6.463199552277341e-05,7.175312161129727e-05,5.928742137219533e-07,0.72982,0.002232415140502781,50000,1.1101795794934832
31,19,8.0,fit,1990,sim,clean,wiener,5.975221400604942e-05,6.568738285342463e-05,5.64934650305348e-07,0.75266,0.0021272111985085706,50000,1.0993296892191196
31,23,20.0,fit,1909,sim,clean,wiener,5.165802317460747e-05,5.762982970483199e-05,5.389143060267868e-07,0.783,0.0020292339055447096,50000,1.1156026917646351
31,21,10.0,fit,1963,sim,clean,wiener,5.974020335884026e-05,6.552272619712513e-05,5.690433846321112e-07,0.75328,0.0021426822723166,50000,1.096794495384475
31,13,4.0,fit,2071,sim,clean,wiener,7.152923335074613e-05,8.113855102036992e-05,6.206174685917632e-07,0.69448,0.0023368799001174355,50000,1.134341124872738
31,15,5.0,fit,2071,sim,clean,wiener,6.79109774010867e-05,7.651754163389953e-05,6.076758817535831e-07,0.71188,0.002288149505489016,50000,1.1267330343661806
31,17,6.0,fit,2044,sim,clean,wiener,6.463199552277341e-05,7.12272826121472e-05,5.908592073717709e-07,0.7318,0.002224827813241376,50000,1.102043686505856
31,23,20.0,fit,1936,sim,clean,wiener,5.165802317460747e-05,5.634444548468736e-05,5.37063568935516e-07,0.78784,0.0020222651195728834,50000,1.0907201248146776
31,19,8.0,fit,2017,sim,clean,wiener,5.975221400604942e-05,6.593171208535297e-05,5.701865735180166e-07,0.75174,0.0021469868484278267,50000,1.1034187298679496
31,21,10.0,fit,1990,sim,clean,wiener,5.974020335884026e-05,6.549085716687361e-05,5.663293054552964e-07,0.7534,0.002132462648479686,50000,1.0962610350267978
31,13,4.0,fit,2098,sim,clean,wiener,7.152923335074613e-05,8.030995623383039e-05,6.196785373300502e-07,0.6976,0.0023333444379299664,50000,1.1227571228119793
31,15,5.0,fit,2098,sim,clean,wiener,6.79109774010867e-05,7.67300018355763e-05,6.087935260045698e-07,0.71108,0.0022923578955485785,50000,1.1298615448045148
31,17,6.0,fit,2071,sim,clean,wiener,6.463199552277341e-05,7.216741900456703e-05,5.919477911986523e-07,0.72826,0.0022289267788576754,50000,1.1165896769988863
31,23,20.0,fit,1963,sim,clean,wiener,5.165802317460747e-05,5.654097117123839e-05,5.335945209323891e-07,0.7871,0.0020092027277432674,50000,1.0945244842243815
31,19,8.0,fit,2044,sim,clean,wiener,5.975221400604942e-05,6.580423596434688e-05,5.680928164798695e-07,0.75222,0.002139102992452458,50000,1.1012853173555166
31,13,4.0,fit,2125,sim,clean,wiener,7.152923335074613e-05,8.05224164355072e-05,6.234639595711755e-07,0.6968,0.0023475981088245603,50000,1.1257273797506353
31,21,10.0,fit,2017,sim,clean,wiener,5.974020335884026e-05,6.577236693409535e-05,5.686327480088831e-07,0.75234,0.0021411360566207203,50000,1.1009732681862803
31,15,5.0,fit,2125,sim,clean,wiener,6.79109774010867e-05,7.637413099776766e-05,6.092068882597087e-07,0.71242,0.002293914374369088,50000,1.1246212898203043
31,17,6.0,fit,2098,sim,clean,wiener,6.463199552277341e-05,7.225240308523775e-05,5.910708674268877e-07,0.72794,0.002225624800360644,50000,1.1179045687948665
31,19,8.0,fit,2071,sim,clean,wiener,5.975221400604942e-05,6.630351743828736e-05,5.719311597494152e-07,0.75034,0.002153555932774466,50000,1.1096411830292126
31,23,20.0,fit,1990,sim,clean,wiener,5.165802317460747e-05,5.6153231303178226e-05,5.292339741906776e-07,0.78856,0.0019927834766748915,50000,1.0870185859295596
31,13,4.0,fit,2152,sim,clean,wiener,7.152923335074613e-05,8.095795984894463e-05,6.279837776445192e-07,0.69516,0.0023646170819317004,50000,1.1318164064748801
31,15,5.0,fit,2152,sim,clean,wiener,6.79109774010867e-05,7.567301233223422e-05,6.071490064322827e-07,0.71506,0.002286165603310096,50000,1.1142972053738005
31,21,10.0,fit,2044,sim,clean,wiener,5.974020335884026e-05,6.589453155005952e-05,5.715021596995833e-07,0.75188,0.002151940571228365,50000,1.1030181995573765
31,19,8.0,fit,2098,sim,clean,wiener,5.975221400604942e-05,6.572456338871809e-05,5.725112718884843e-07,0.75252,0.002155740293457514,50000,1.0999519345352462
31,17,6.0,fit,2125,sim,clean,wiener,6.463199552277341e-05,7.174781010625534e-05,5.9378152413518e-07,0.72984,0.002235831537196622,50000,1.1100973987562341
31,23,20.0,fit,2017,sim,clean,wiener,5.165802317460747e-05,5.648254461577727e-05,5.298913666345927e-07,0.78732,0.001995258829474999,50000,1.093393458453929
31,13,4.0,fit,2179,sim,clean,wiener,7.152923335074613e-05,8.053303944559102e-05,6.23729480258549e-07,0.69676,0.0023485979033659493,50000,1.125875892597568
31,15,5.0,fit,2179,sim,clean,wiener,6.79109774010867e-05,7.642193454314496e-05,6.050152146917886e-07,0.71224,0.0022781310002224454,50000,1.12532520466893
31,21,10.0,fit,2071,sim,clean,wiener,5.974020335884026e-05,6.655315817525761e-05,5.723712248384257e-07,0.7494,0.0021552129587418234,50000,1.1140430469493736
31,19,8.0,fit,2125,sim,clean,wiener,5.975221400604942e-05,6.572987489376001e-05,5.714928984550349e-07,0.7525,0.002151905698835417,50000,1.1000408267232642
31,23,20.0,fit,2044,sim,clean,wiener,5.165802317460747e-05,5.611605076788481e-05,5.343165721436938e-07,0.7887,0.0020119215473832983,50000,1.0862988422574538
31,17,6.0,fit,2152,sim,clean,wiener,6.463199552277341e-05,7.119541358189567e-05,5.874437453963504e-07,0.73192,0.002211967194834862,50000,1.1015506020823633
31,13,4.0,fit,2206,sim,clean,wiener,7.152923335074613e-05,8.071894212205823e-05,6.232729126730021e-07,0.69606,0.0023468787387150884,50000,1.128474867418892
31,15,5.0,fit,2206,sim,clean,wiener,6.79109774010867e-05,7.674593635070208e-05,6.092541653820385e-07,0.71102,0.002294092392169906,50000,1.1300961830873901
31,21,10.0,fit,2098,sim,clean,wiener,5.974020335884026e-05,6.556521823746048e-05,5.667095958603449e-07,0.75312,0.0021338945981890325,50000,1.097505775861378
31,19,8.0,fit,2152,sim,clean,wiener,5.975221400604942e-05,6.557584124754433e-05,5.691993198103501e-07,0.75308,0.0021432694323663725,50000,1.097462953270741
31,23,20.0,fit,2071,sim,clean,wiener,5.165802317460747e-05,5.6392249030064634e-05,5.31799220519533e-07,0.78766,0.002002442683655247,50000,1.0916455095359567
31,13,4.0,fit,2233,sim,clean,wiener,7.152923335074613e-05,8.099514038423808e-05,6.233821792049766e-07,0.69502,0.0023472901721265683,50000,1.1323362014391452
31,15,5.0,fit,2233,sim,clean,wiener,6.79109774010867e-05,7.739393996581632e-05,6.135985504330768e-07,0.70858,0.002310450787828956,50000,1.1396381399243105
31,17,6.0,fit,2179,sim,clean,wiener,6.463199552277341e-05,7.081298521887744e-05,5.898183650259544e-07,0.73336,0.0022209086139274273,50000,1.095633589000453
31,21,10.0,fit,2125,sim,clean,wiener,5.974020335884026e-05,6.571394037863424e-05,5.734043322796331e-07,0.75256,0.002159103032960162,50000,1.0999952575305387
31,19,8.0,fit,2179,sim,clean,wiener,5.975221400604942e-05,6.532088900553214e-05,5.698624364874762e-07,0.75404,0.0021457663392577056,50000,1.0931961282458746
31,23,20.0,fit,2098,sim,clean,wiener,5.165802317460747e-05,5.618510033342975e-05,5.327495982106412e-07,0.78844,0.002006021246354925,50000,1.087635509077079
31,15,5.0,fit,2260,sim,clean,wiener,6.79109774010867e-05,7.525340343392255e-05,6.059440457010962e-07,0.71664,0.0022816284308074756,50000,1.10811839725809
31,13,4.0,fit,2260,sim,clean,wiener,7.152923335074613e-05,7.966726412375808e-05,6.24863414334579e-07,0.70002,0.0023528676313134167,50000,1.113772095572545
31,17,6.0,fit,2206,sim,clean,wiener,6.463199552277341e-05,7.17584331163392e-05,5.892770581478993e-07,0.7298,0.0022188703710046285,50000,1.1102617602307319
31,21,10.0,fit,2152,sim,clean,wiener,5.974020335884026e-05,6.58892200450176e-05,5.69177438020612e-07,0.7519,0.00214318703843258,50000,1.1029292894977636
31,19,8.0,fit,2206,sim,clean,wiener,5.975221400604942e-05,6.614417228702974e-05,5.708838160857998e-07,0.75094,0.0021496122533263646,50000,1.106974417388671
31,15,5.0,fit,2287,sim,clean,wiener,6.79109774010867e-05,7.684685494649854e-05,6.104890565148146e-07,0.71064,0.00229874226493866,50000,1.1315822255455987
31,23,20.0,fit,2125,sim,clean,wiener,5.165802317460747e-05,5.617447732334593e-05,5.315299569405563e-07,0.78848,0.0020014287955882996,50000,1.0874298680279064
31,13,4.0,fit,2287,sim,clean,wiener,7.152923335074613e-05,8.12713386464179e-05,6.270550686654625e-07,0.69398,0.0023611201108407307,50000,1.1361975354593976
31,17,6.0,fit,2233,sim,clean,wiener,6.463199552277341e-05,7.275699606422015e-05,5.93304851228132e-07,0.72604,0.002234036667745173,50000,1.1257117388334985
31,21,10.0,fit,2179,sim,clean,wiener,5.974020335884026e-05,6.49012801072205e-05,5.655293904947289e-07,0.75562,0.002129450639814517,50000,1.0863920184097684
31,19,8.0,fit,2233,sim,clean,wiener,5.975221400604942e-05,6.630351743828736e-05,5.730484818317531e-07,0.75034,0.0021577631097366248,50000,1.1096411830292126
31,15,5.0,fit,2314,sim,clean,wiener,6.79109774010867e-05,7.734613642043905e-05,6.121663343381548e-07,0.70876,0.002305057905459012,50000,1.1389342250756853
31,23,20.0,fit,2152,sim,clean,wiener,5.165802317460747e-05,5.597264013175294e-05,5.351739158999277e-07,0.78924,0.0020151497990726686,50000,1.083522688093615
31,13,4.0,fit,2314,sim,clean,wiener,7.152923335074613e-05,8.156878292876543e-05,6.260611011383325e-07,0.69286,0.0023573774144889986,50000,1.1403558951735162
31,17,6.0,fit,2260,sim,clean,wiener,6.463199552277341e-05,7.080767371383551e-05,5.903139126496924e-07,0.73338,0.002222774554446459,50000,1.095551408263204
31,21,10.0,fit,2206,sim,clean,wiener,5.974020335884026e-05,6.621853335761664e-05,5.718096978785095e-07,0.75066,0.002153098578898504,50000,1.108441713193762
31,19,8.0,fit,2260,sim,clean,wiener,5.975221400604942e-05,6.521465890469376e-05,5.694840790416845e-07,0.75444,0.002144341667934585,50000,1.091418284485514
31,15,5.0,fit,2341,sim,clean,wiener,6.79109774010867e-05,7.745236652127744e-05,6.154529586399347e-07,0.70836,0.0023174333970601337,50000,1.1404984802948526
31,23,20.0,fit,2179,sim,clean,wiener,5.165802317460747e-05,5.534057103176448e-05,5.280222398867334e-07,0.79162,0.0019882207988862768,50000,1.0712870456678096
31,13,4.0,fit,2341,sim,clean,wiener,7.152923335074613e-05,8.086235275819008e-05,6.241049072338533e-07,0.69552,0.002350011540262992,50000,1.130479790852485
31,17,6.0,fit,2287,sim,clean,wiener,6.463199552277341e-05,7.233738716590846e-05,5.932646551553869e-07,0.72762,0.002233885313007004,50000,1.1192194605908463
31,19,8.0,fit,2287,sim,clean,wiener,5.975221400604942e-05,6.579361295426303e-05,5.683210944091323e-07,0.75226,0.0021399625526993603,50000,1.1011075329794804
31,21,10.0,fit,2233,sim,clean,wiener,5.974020335884026e-05,6.646817409458687e-05,5.729713608858949e-07,0.74972,0.0021574727176716657,50000,1.1126204859955673
31,15,5.0,fit,2368,sim,clean,wiener,6.79109774010867e-05,7.70964956834688e-05,6.100604396432861e-07,0.7097,0.002297128346216393,50000,1.135258225310642
31,23,20.0,fit,2206,sim,clean,wiener,5.165802317460747e-05,5.629664193931006e-05,5.29283045422126e-07,0.78802,0.001992968250034085,50000,1.0897947400933978
31,17,6.0,fit,2314,sim,clean,wiener,6.463199552277341e-05,7.285260315497472e-05,6.01465579940131e-07,0.72568,0.0022647651661560453,50000,1.1271909921039764
31,13,4.0,fit,2368,sim,clean,wiener,7.152923335074613e-05,8.041618633466879e-05,6.217299597000565e-07,0.6972,0.002341068886476342,50000,1.1242422512813073
31,19,8.0,fit,2314,sim,clean,wiener,5.975221400604942e-05,6.663814225592833e-05,5.746625762161189e-07,0.74908,0.002163840838635033,50000,1.1152413908743493
31,21,10.0,fit,2260,sim,clean,wiener,5.974020335884026e-05,6.510311729881345e-05,5.702204124136645e-07,0.75486,0.00214711426578084,50000,1.0897706006750576
31,15,5.0,fit,2395,sim,clean,wiener,6.79109774010867e-05,7.678842839103743e-05,6.114090922846442e-07,0.71086,0.0023022065778314027,50000,1.130721885175057
31,17,6.0,fit,2341,sim,clean,wiener,6.463199552277341e-05,7.190715525751296e-05,5.915484762144069e-07,0.72924,0.0022274231937868,50000,1.1125628208736973
31,23,20.0,fit,2233,sim,clean,wiener,5.165802317460747e-05,5.660470923174144e-05,5.341260081724336e-07,0.78686,0.0020112039956921815,50000,1.095758330519421
31,13,4.0,fit,2395,sim,clean,wiener,7.152923335074613e-05,8.071894212205823e-05,6.240342204626274e-07,0.69606,0.002349745375510561,50000,1.128474867418892
31,21,10.0,fit,2287,sim,clean,wiener,5.974020335884026e-05,6.570331736855039e-05,5.715686563551628e-07,0.7526,0.0021521909584728645,50000,1.0998174374113128
31,19,8.0,fit,2341,sim,clean,wiener,5.975221400604942e-05,6.618666432736511e-05,5.73914693177844e-07,0.75078,0.002161024751547202,50000,1.1076855548928155
31,15,5.0,fit,2422,sim,clean,wiener,6.79109774010867e-05,7.592796457424641e-05,6.105850368406074e-07,0.7141,0.002299103670322013,50000,1.1180514178998022
31,17,6.0,fit,2368,sim,clean,wiener,6.463199552277341e-05,7.157253043987198e-05,5.902463232367787e-07,0.7305,0.0022225200525213726,50000,1.107385434427025
31,23,20.0,fit,2260,sim,clean,wiener,5.165802317460747e-05,5.59301480914176e-05,5.300353526170435e-07,0.7894,0.0019958009958904103,50000,1.0827001238969225
31,13,4.0,fit,2422,sim,clean,wiener,7.152923335074613e-05,8.008156151702784e-05,6.212399242813547e-07,0.69846,0.0023392237016752948,50000,1.119564096602924
31,21,10.0,fit,2314,sim,clean,wiener,5.974020335884026e-05,6.656909269038336e-05,5.747789678586966e-07,0.74934,0.0021642791010170097,50000,1.114309777128212
31,19,8.0,fit,2368,sim,clean,wiener,5.975221400604942e-05,6.572987489376001e-05,5.696786898503064e-07,0.7525,0.0021450744576319907,50000,1.1000408267232642
31,15,5.0,fit,2449,sim,clean,wiener,6.79109774010867e-05,7.610855574567166e-05,6.058615528049671e-07,0.71342,0.0022813178111413808,50000,1.1207106517723862
31,17,6.0,fit,2395,sim,clean,wiener,6.463199552277341e-05,7.191777826759681e-05,5.925320886737142e-07,0.7292,0.0022311268990512943,50000,1.1127271823481948
31,23,20.0,fit,2287,sim,clean,wiener,5.165802317460747e-05,5.668969331241215e-05,5.339027780896491e-07,0.78654,0.002010363442662399,50000,1.0974034589128066
31,21,10.0,fit,2341,sim,clean,wiener,5.974020335884026e-05,6.593171208535297e-05,5.689436744017726e-07,0.75174,0.0021423068223092984,50000,1.1036405699746668
31,13,4.0,fit,2449,sim,clean,wiener,7.152923335074613e-05,8.060740051617792e-05,6.284909527399423e-07,0.69648,0.002366526804661587,50000,1.1269154825260979
31,19,8.0,fit,2395,sim,clean,wiener,5.975221400604942e-05,6.577236693409535e-05,5.697181359366237e-07,0.75234,0.0021452229883629453,50000,1.1007519642274082
31,15,5.0,fit,2476,sim,clean,wiener,6.79109774010867e-05,7.757984264228353e-05,6.118489624245626e-07,0.70788,0.0023038628697352862,50000,1.1423755865578533
31,17,6.0,fit,2422,sim,clean,wiener,6.463199552277341e-05,7.12538401373568e-05,5.886902880870546e-07,0.7317,0.002216660940509077,50000,1.1024545901921
31,23,20.0,fit,2314,sim,clean,wiener,5.165802317460747e-05,5.6493167625861125e-05,5.348441057061417e-07,0.78728,0.002013907928110736,50000,1.0935990995031024
31,21,10.0,fit,2368,sim,clean,wiener,5.974020335884026e-05,6.562895629796352e-05,5.706163365146073e-07,0.75288,0.002148605082782116,50000,1.0985726965767326
31,13,4.0,fit,2476,sim,clean,wiener,7.152923335074613e-05,8.166439001952e-05,6.252052970690141e-07,0.6925,0.0023541549603538184,50000,1.1416925107959115
31,19,8.0,fit,2422,sim,clean,wiener,5.975221400604942e-05,6.548023415678976e-05,5.710432004361795e-07,0.75344,0.0021502124009271737,50000,1.0958628938864161
31,15,5.0,fit,2503,sim,clean,wiener,6.79109774010867e-05,7.652285313894142e-05,6.07492763849641e-07,0.71186,0.0022874599913023704,50000,1.1268112471271385
31,17,6.0,fit,2449,sim,clean,wiener,6.463199552277341e-05,7.155659592474624e-05,5.903624866008037e-07,0.73056,0.0022229574553407553,50000,1.1071388922152792
31,21,10.0,fit,2395,sim,clean,wiener,5.974020335884026e-05,6.561833328787967e-05,5.711555668995981e-07,0.75292,0.0021506355068548976,50000,1.0983948764575067
31,23,20.0,fit,2341,sim,clean,wiener,5.165802317460747e-05,5.623290387880705e-05,5.303237158184148e-07,0.78826,0.001996886801887375,50000,1.088560893798359
31,19,8.0,fit,2449,sim,clean,wiener,5.975221400604942e-05,6.644161656937727e-05,5.728373385038537e-07,0.74982,0.002156968068307753,50000,1.1119523799176814
31,13,4.0,fit,2503,sim,clean,wiener,7.152923335074613e-05,8.10801244649088e-05,6.234028801047017e-07,0.6947,0.0023473681195240077,50000,1.1335243042146075
31,15,5.0,fit,2530,sim,clean,wiener,6.79109774010867e-05,7.666626377507329e-05,6.053613280873198e-07,0.71132,0.002279434259441065,50000,1.1289229916730148
31,17,6.0,fit,2476,sim,clean,wiener,6.463199552277341e-05,7.291102971043583e-05,5.957653102851473e-07,0.72546,0.0022433013075698425,50000,1.1280949802137126
31,21,10.0,fit,2422,sim,clean,wiener,5.974020335884026e-05,6.5198724389568e-05,5.672683706609236e-07,0.7545,0.0021359986150210554,50000,1.0913709817480894
31,19,8.0,fit,2476,sim,clean,wiener,5.975221400604942e-05,6.706837416432383e-05,5.739132271701775e-07,0.74746,0.002161019231425674,50000,1.1224416581038104
31,23,20.0,fit,2368,sim,clean,wiener,5.165802317460747e-05,5.576549143511809e-05,5.316030048431937e-07,0.79002,0.002001703850971137,50000,1.079512687634738
31,13,4.0,fit,2530,sim,clean,wiener,7.152923335074613e-05,8.070831911197438e-05,6.218485204439244e-07,0.6961,0.0023415153164163768,50000,1.128326354571959
31,15,5.0,fit,2557,sim,clean,wiener,6.79109774010867e-05,7.660252571457025e-05,6.154696098465444e-07,0.71156,0.002317496095698197,50000,1.1279844385415143
31,17,6.0,fit,2503,sim,clean,wiener,6.463199552277341e-05,7.180623666171647e-05,5.906365148661031e-07,0.72962,0.002223989284410432,50000,1.1110013868659705
31,21,10.0,fit,2449,sim,clean,wiener,5.974020335884026e-05,6.58892200450176e-05,5.705078431655278e-07,0.7519,0.0021481965607220844,50000,1.1029292894977636
31,19,8.0,fit,2503,sim,clean,wiener,5.975221400604942e-05,6.59157775702272e-05,5.711056232860214e-07,0.7518,0.002150447448618362,50000,1.1031520533038954
31,23,20.0,fit,2395,sim,clean,wiener,5.165802317460747e-05,5.625946140401664e-05,5.317027497369867e-07,0.78816,0.0020020794315005943,50000,1.0890749964212918
31,25,26.0,fit,1234,sim,clean,wiener,5.322945905608507e-05,5.768825626029311e-05,5.35980195703435e-07,0.78278,0.0020181857739880417,50000,1.0837655930245325
31,13,4.0,fit,2557,sim,clean,wiener,7.152923335074613e-05,8.137756874725633e-05,6.253244567800652e-07,0.69358,0.002354603645651528,50000,1.137682663928726
31,17,6.0,fit,2530,sim,clean,wiener,6.463199552277341e-05,7.201338535835135e-05,5.905320011553701e-07,0.72884,0.0022235957473247733,50000,1.1142064356186723
31,21,10.0,fit,2476,sim,clean,wiener,5.974020335884026e-05,6.686653697273088e-05,5.752580231681204e-07,0.74822,0.00216608294119279,50000,1.1192887404665335
31,19,8.0,fit,2530,sim,clean,wiener,5.975221400604942e-05,6.628227141811968e-05,5.714670697031455e-07,0.75042,0.0021518084429665604,50000,1.1092856142771403
31,23,20.0,fit,2422,sim,clean,wiener,5.165802317460747e-05,5.586641003091455e-05,5.311039149947992e-07,0.78964,0.0019998245725200933,50000,1.081466277601883
31,25,26.0,fit,1261,sim,clean,wiener,5.322945905608507e-05,5.7991012047682555e-05,5.379026457192278e-07,0.78164,0.002025424588601302,50000,1.0894533417403414
31,27,30.0,fit,1234,sim,clean,wiener,5.396940990128057e-05,5.9207346702282244e-05,5.44269398155222e-07,0.77706,0.002049398028843741,50000,1.0970538090111188
31,17,6.0,fit,2557,sim,clean,wiener,6.463199552277341e-05,7.224178007515393e-05,5.951624011406353e-07,0.72798,0.0022410311067896354,50000,1.1177402073203693
31,21,10.0,fit,2503,sim,clean,wiener,5.974020335884026e-05,6.561302178283774e-05,5.702136262466798e-07,0.75294,0.0021470887130724033,50000,1.0983059663978936
31,19,8.0,fit,2557,sim,clean,wiener,5.975221400604942e-05,6.655315817525761e-05,5.728501353733887e-07,0.7494,0.002157016253782243,50000,1.1138191158660606
31,23,20.0,fit,2449,sim,clean,wiener,5.165802317460747e-05,5.649847913090305e-05,5.344837201700473e-07,0.78726,0.0020125509284157337,50000,1.0937019200276892
31,25,26.0,fit,1288,sim,clean,wiener,5.322945905608507e-05,5.759264916953857e-05,5.38942210858526e-07,0.78314,0.00202933897870766,50000,1.0819694618511198
31,27,30.0,fit,1261,sim,clean,wiener,5.396940990128057e-05,5.949947947958784e-05,5.424793514075178e-07,0.77596,0.002042657766964757,50000,1.1024667415934828
31,29,40.0,fit,1234,sim,clean,wiener,5.1529000726185666e-05,5.634975698972929e-05,5.351176975917799e-07,0.78782,0.002014938114031596,50000,1.093554235393776
31,21,10.0,fit,2530,sim,clean,wiener,5.974020335884026e-05,6.624509088282624e-05,5.708903697992818e-07,0.75056,0.0021496369307518032,50000,1.1088862634918264
34,1,0.6,fit,1234,sim,clean,wiener,0.00017616026946596985,0.00021723524470948608,6.821979987936466e-07,0.18202,0.0025687559115901587,50000,1.233168213059818
31,23,20.0,fit,2476,sim,clean,wiener,5.165802317460747e-05,5.7003072109885455e-05,5.333047207710404e-07,0.78536,0.002008111511001265,50000,1.1034698698634164
31,25,26.0,fit,1315,sim,clean,wiener,5.322945905608507e-05,5.857527760229375e-05,5.429014128118727e-07,0.77944,0.0020442470016582156,50000,1.1004296989112001
31,27,30.0,fit,1288,sim,clean,wiener,5.396940990128057e-05,5.910111660144383e-05,5.433026413427986e-07,0.77746,0.002045757792018986,50000,1.095085469890259
31,29,40.0,fit,1261,sim,clean,wiener,5.1529000726185666e-05,5.5877033040998405e-05,5.311955733412123e-07,0.7896,0.0020001697038743507,50000,1.084380295630363
31,21,10.0,fit,2557,sim,clean,wiener,5.974020335884026e-05,6.634600947862273e-05,5.739158756328502e-07,0.75018,0.0021610292039763983,50000,1.1105755546244713
34,1,0.6,fit,1261,sim,clean,wiener,0.00017616026946596985,0.00021606671360026365,6.790577153127649e-07,0.18642,0.0025569314533392573,50000,1.2265348722232898
31,25,26.0,fit,1342,sim,clean,wiener,5.322945905608507e-05,5.768825626029311e-05,5.39183036336413e-07,0.78278,0.0020302457856333296,50000,1.0837655930245325
31,23,20.0,fit,2503,sim,clean,wiener,5.165802317460747e-05,5.620634635359745e-05,5.350865392626449e-07,0.78836,0.002014820790113463,50000,1.0880467911754261
31,27,30.0,fit,1315,sim,clean,wiener,5.396940990128057e-05,5.963226710563583e-05,5.500700992214334e-07,0.77546,0.0020712400529797645,50000,1.1049271654945572
31,29,40.0,fit,1288,sim,clean,wiener,5.1529000726185666e-05,5.563270380907008e-05,5.322649252242269e-07,0.79052,0.0020041962533158928,50000,1.0796387087863517
34,3,1.0,fit,1234,sim,clean,wiener,0.00015547542599310776,0.0001901837495309875,7.834737491007122e-07,0.28388,0.0029501007451458714,50000,1.223239932074014
34,1,0.6,fit,1288,sim,clean,wiener,0.00017616026946596985,0.0002173202287901568,6.822910803295331e-07,0.1817,0.002569106401837845,50000,1.2336506378479293
31,25,26.0,fit,1369,sim,clean,wiener,5.322945905608507e-05,5.821940676448511e-05,5.42413583516189e-07,0.78078,0.002042410123817251,50000,1.0937440995434953
31,23,20.0,fit,2530,sim,clean,wiener,5.165802317460747e-05,5.634975698972929e-05,5.322688715784731e-07,0.78782,0.0020042111129619446,50000,1.0908229453392642
31,27,30.0,fit,1342,sim,clean,wiener,5.396940990128057e-05,5.9292330782952964e-05,5.438508880580495e-07,0.77674,0.0020478221662817387,50000,1.0986284803078066
31,29,40.0,fit,1315,sim,clean,wiener,5.1529000726185666e-05,5.5553031233441284e-05,5.330432112419358e-07,0.79082,0.0020071268201197136,50000,1.078092539163305
34,3,1.0,fit,1261,sim,clean,wiener,0.00015547542599310776,0.00018971633708729854,7.831962537513131e-07,0.28564,0.0029490558610792686,50000,1.2202335891699612
34,1,0.6,fit,1315,sim,clean,wiener,0.00017616026946596985,0.00021738927835570173,6.783015800869969e-07,0.18144,0.002554084293373107,50000,1.2340426079882694
31,25,26.0,fit,1396,sim,clean,wiener,5.322945905608507e-05,5.803881559305983e-05,5.406201539393379e-07,0.78146,0.002035657124195875,50000,1.0903514073270477
31,23,20.0,fit,2557,sim,clean,wiener,5.165802317460747e-05,5.681185792837632e-05,5.334585461335996e-07,0.78608,0.0020086907267276746,50000,1.0997683309782984
31,27,30.0,fit,1369,sim,clean,wiener,5.396940990128057e-05,5.962695560059393e-05,5.493869599974048e-07,0.77548,0.002068667752968235,50000,1.1048287485385144
31,29,40.0,fit,1342,sim,clean,wiener,5.1529000726185666e-05,5.606824722250751e-05,5.329085755304365e-07,0.78888,0.0020066198613182566,50000,1.0880911027256759
34,3,1.0,fit,1288,sim,clean,wiener,0.00015547542599310776,0.00018910020250243584,7.964371398754529e-07,0.28796,0.002998913240558865,50000,1.216270682614619
34,1,0.6,fit,1342,sim,clean,wiener,0.00017616026946596985,0.0002151478232280115,6.874252720506102e-07,0.18988,0.0025884387442927856,50000,1.2213186542018384
31,25,26.0,fit,1423,sim,clean,wiener,5.322945905608507e-05,5.788478194684417e-05,5.398344159775807e-07,0.78204,0.002032698497759278,50000,1.087457640436549
34,5,1.4,fit,1234,sim,clean,wiener,0.00013908099940185744,0.00016612794319613184,8.129882391346327e-07,0.37446,0.0030612349332939884,50000,1.1944690066263155
31,27,30.0,fit,1396,sim,clean,wiener,5.396940990128057e-05,5.954728302496511e-05,5.450392700529774e-07,0.77578,0.0020522969130269595,50000,1.1033524941978694
31,29,40.0,fit,1369,sim,clean,wiener,5.1529000726185666e-05,5.5829229495621105e-05,5.346894288884605e-07,0.78978,0.0020133255063057654,50000,1.0834525938565345
34,3,1.0,fit,1315,sim,clean,wiener,0.00015547542599310776,0.0001879954094537165,7.786894757783879e-07,0.29212,0.0029320859893108855,50000,1.20916478120504
34,1,0.6,fit,1369,sim,clean,wiener,0.00017616026946596985,0.00021724586771956991,6.703549465982467e-07,0.18198,0.0025241619514905973,50000,1.233228516158332
31,25,26.0,fit,1450,sim,clean,wiener,5.322945905608507e-05,5.880898382413823e-05,5.424022226239661e-07,0.77856,0.00204236734538766,50000,1.1048202417795436
34,5,1.4,fit,1261,sim,clean,wiener,0.00013908099940185744,0.0001655330546314368,8.137782956838294e-07,0.3767,0.003064209820987632,50000,1.190191725277652
31,27,30.0,fit,1423,sim,clean,wiener,5.396940990128057e-05,5.916485466194687e-05,5.466403672721277e-07,0.77722,0.002058325702255301,50000,1.0962664733627747
31,29,40.0,fit,1396,sim,clean,wiener,5.1529000726185666e-05,5.589827906116608e-05,5.322492990391331e-07,0.78952,0.002004137414305215,50000,1.0847926075298422
34,3,1.0,fit,1342,sim,clean,wiener,0.00015547542599310776,0.00018929672818898688,7.843936256709219e-07,0.28722,0.0029535644585865994,50000,1.217534713153823
34,1,0.6,fit,1396,sim,clean,wiener,0.00017616026946596985,0.0002154346445002752,7.001232252327058e-07,0.1888,0.002636251758050203,50000,1.2229468378617134
31,25,26.0,fit,1477,sim,clean,wiener,5.322945905608507e-05,5.928170777286911e-05,5.46658961429273e-07,0.77678,0.0020583957169008618,50000,1.1137011125814205
34,5,1.4,fit,1288,sim,clean,wiener,0.00013908099940185744,0.00016435921201717247,7.975457777333099e-07,0.38112,0.0030030877178458385,50000,1.18175173261645
31,27,30.0,fit,1450,sim,clean,wiener,5.396940990128057e-05,5.981816978210304e-05,5.486623353400023e-07,0.77476,0.0020659392432457228,50000,1.1083717589560615
31,29,40.0,fit,1423,sim,clean,wiener,5.1529000726185666e-05,5.578142595024384e-05,5.308966576601283e-07,0.78996,0.0019990441634532272,50000,1.0825248920827064
34,3,1.0,fit,1369,sim,clean,wiener,0.00015547542599310776,0.00019032716016711938,7.808468016020672e-07,0.28334,0.002940209207896401,50000,1.2241623327377575
34,1,0.6,fit,1423,sim,clean,wiener,0.00017616026946596985,0.00021681032430613246,6.894436912094728e-07,0.18362,0.0025960389221818497,50000,1.2307560891192624
31,25,26.0,fit,1504,sim,clean,wiener,5.322945905608507e-05,5.847435900649729e-05,5.443898521986093e-07,0.77982,0.0020498515878347866,50000,1.0985337826725976
34,5,1.4,fit,1315,sim,clean,wiener,0.00013908099940185744,0.00016509219971295742,8.08383473105834e-07,0.37836,0.0030438960962131363,50000,1.187021954278196
31,27,30.0,fit,1477,sim,clean,wiener,5.396940990128057e-05,6.0614895538391035e-05,5.497347903313661e-07,0.77176,0.0020699774771658626,50000,1.1231343023625089
31,29,40.0,fit,1450,sim,clean,wiener,5.1529000726185666e-05,5.679592341325057e-05,5.329546521964716e-07,0.78614,0.002006793358907627,50000,1.1022127852828396
34,3,1.0,fit,1396,sim,clean,wiener,0.00015547542599310776,0.00019008814244023294,7.957411848817901e-07,0.28424,0.0029962926839062023,50000,1.222624998298185
31,25,26.0,fit,1531,sim,clean,wiener,5.322945905608507e-05,5.901613252077311e-05,5.435514960310398e-07,0.77778,0.0020466948322223834,50000,1.1087118593219392
34,1,0.6,fit,1450,sim,clean,wiener,0.00017616026946596985,0.0002170812110632704,6.836567585228423e-07,0.1826,0.0025742487416550185,50000,1.2322938181313667
34,5,1.4,fit,1342,sim,clean,wiener,0.00013908099940185744,0.00016492754305665793,8.139649888168731e-07,0.37898,0.003064912797381593,50000,1.1858380639049053
31,27,30.0,fit,1504,sim,clean,wiener,5.396940990128057e-05,5.988190784260608e-05,5.507466215290932e-07,0.77452,0.002073787437581005,50000,1.1095527624285775
31,29,40.0,fit,1477,sim,clean,wiener,5.1529000726185666e-05,5.7390811977945585e-05,5.381745034120841e-07,0.7839,0.0020264482445734255,50000,1.1137575184682575
34,3,1.0,fit,1423,sim,clean,wiener,0.00015547542599310776,0.00019006689642006526,7.914903499555747e-07,0.28432,0.0029802865429248175,50000,1.2224883463480007
31,25,26.0,fit,1558,sim,clean,wiener,5.322945905608507e-05,5.783697840146687e-05,5.407966141306128e-07,0.78222,0.002036321569357396,50000,1.0865595748498422
34,1,0.6,fit,1477,sim,clean,wiener,0.00017616026946596985,0.00021665097915487486,6.802274763913076e-07,0.18422,0.002561336084679379,50000,1.229851542641554
34,5,1.4,fit,1369,sim,clean,wiener,0.00013908099940185744,0.00016575082633815553,8.132658592839216e-07,0.37588,0.0030622802872834805,50000,1.1917575157713591
31,27,30.0,fit,1531,sim,clean,wiener,5.396940990128057e-05,6.0678633598894085e-05,5.497364882260357e-07,0.77152,0.002069983870437285,50000,1.1243153058350248
31,29,40.0,fit,1504,sim,clean,wiener,5.1529000726185666e-05,5.669500481745408e-05,5.3431121784091e-07,0.78652,0.0020119013862322063,50000,1.1002543037603132
34,3,1.0,fit,1450,sim,clean,wiener,0.00015547542599310776,0.00019095391776206591,7.752495657771928e-07,0.28098,0.002919133314036942,50000,1.228193565268192
31,25,26.0,fit,1585,sim,clean,wiener,5.322945905608507e-05,5.8001635057766406e-05,5.367122398748552e-07,0.7816,0.0020209422212309333,50000,1.0896529118707208
34,1,0.6,fit,1504,sim,clean,wiener,0.00017616026946596985,0.00021739458986074368,6.777265678380983e-07,0.18142,0.002551919135873075,50000,1.2340727595375265
34,5,1.4,fit,1396,sim,clean,wiener,0.00013908099940185744,0.0001651612492785024,7.994714855019672e-07,0.3781,0.00301033879923787,50000,1.1875184244347372
31,27,30.0,fit,1558,sim,clean,wiener,5.396940990128057e-05,5.94357414190848e-05,5.469747795847731e-07,0.7762,0.0020595849020866334,50000,1.101285738120967
31,29,40.0,fit,1531,sim,clean,wiener,5.1529000726185666e-05,5.726864736198145e-05,5.378826234259572e-07,0.78436,0.002025349196436134,50000,1.1113867250462524
34,3,1.0,fit,1477,sim,clean,wiener,0.00015547542599310776,0.00019024217608644862,7.864491010725166e-07,0.28366,0.0029613041684630743,50000,1.2236157249370205
31,25,26.0,fit,1612,sim,clean,wiener,5.322945905608507e-05,5.815566870398207e-05,5.417294523824664e-07,0.78102,0.0020398340888579574,50000,1.0925466787612197
34,1,0.6,fit,1531,sim,clean,wiener,0.00017616026946596985,0.00021702278450780928,6.76872806896397e-07,0.18282,0.002548704374953286,50000,1.2319621510895402
34,5,1.4,fit,1423,sim,clean,wiener,0.00013908099940185744,0.00016392898010877694,8.085905058930633e-07,0.38274,0.0030446756597665753,50000,1.1786583416410772
31,27,30.0,fit,1585,sim,clean,wiener,5.396940990128057e-05,5.97013166711808e-05,5.445935425637249e-07,0.7752,0.002050618565794924,50000,1.106206585923116
31,29,40.0,fit,1558,sim,clean,wiener,5.1529000726185666e-05,5.5914213576291825e-05,5.338767674512527e-07,0.78946,0.0020102655019160714,50000,1.0851018414544513
34,3,1.0,fit,1504,sim,clean,wiener,0.00015547542599310776,0.00018906302196714238,7.836463007962165e-07,0.2881,0.0029507504732140645,50000,1.2160315417017964
31,25,26.0,fit,1639,sim,clean,wiener,5.322945905608507e-05,5.819816074431744e-05,5.408175566627408e-07,0.78086,0.002036400426600165,50000,1.093344959282737
34,1,0.6,fit,1558,sim,clean,wiener,0.00017616026946596985,0.00021607733661034752,6.695653269347253e-07,0.18638,0.0025211887088511216,50000,1.226595175321804
34,5,1.4,fit,1450,sim,clean,wiener,0.00013908099940185744,0.00016679719283141378,8.17512277413314e-07,0.37194,0.003078269797209117,50000,1.199280948143562
31,27,30.0,fit,1612,sim,clean,wiener,5.396940990128057e-05,5.958977506530048e-05,5.504818562652565e-07,0.77562,0.0020727904875197808,50000,1.1041398298462135
31,29,40.0,fit,1585,sim,clean,wiener,5.1529000726185666e-05,5.602044367713024e-05,5.309808464914771e-07,0.78906,0.0019993611690126097,50000,1.0871634009518478
31,25,26.0,fit,1666,sim,clean,wiener,5.322945905608507e-05,5.757140314937087e-05,5.384885456031187e-07,0.78322,0.0020276307425228994,50000,1.0815703215903607
34,3,1.0,fit,1531,sim,clean,wiener,0.00015547542599310776,0.00019076270358055677,7.909701225887871e-07,0.2817,0.0029783276730275593,50000,1.2269636977165337
34,1,0.6,fit,1585,sim,clean,wiener,0.00017616026946596985,0.0002170865225683123,6.853002955776987e-07,0.18258,0.0025804373343114697,50000,1.2323239696806236
34,5,1.4,fit,1477,sim,clean,wiener,0.00013908099940185744,0.00016612263169108995,7.96818895725466e-07,0.37448,0.0030003507082709364,50000,1.194430816614274
31,27,30.0,fit,1639,sim,clean,wiener,5.396940990128057e-05,6.016341760982783e-05,5.491102121287655e-07,0.77346,0.0020676256834739762,50000,1.1147688610988553
31,29,40.0,fit,1612,sim,clean,wiener,5.1529000726185666e-05,5.586641003091455e-05,5.332303079169092e-07,0.78964,0.002007831316014933,50000,1.0841741396806233
34,3,1.0,fit,1558,sim,clean,wiener,0.00015547542599310776,0.00018972696009738238,7.970061520731232e-07,0.2856,0.00300105580539945,50000,1.2203019151450532
31,25,26.0,fit,1693,sim,clean,wiener,5.322945905608507e-05,5.8240652784652814e-05,5.418840647751844e-07,0.7807,0.002040416268076456,50000,1.094143239804254
34,5,1.4,fit,1504,sim,clean,wiener,0.00013908099940185744,0.00016620761577176062,8.014114101868818e-07,0.37416,0.00301764341316407,50000,1.1950418568069399
34,1,0.6,fit,1612,sim,clean,wiener,0.00017616026946596985,0.00021701216149772542,6.787078844068819e-07,0.18286,0.002555614196165925,50000,1.2319018479910262
31,27,30.0,fit,1666,sim,clean,wiener,5.396940990128057e-05,5.9441052924126726e-05,5.450676036948147e-07,0.77618,0.00205240360083621,50000,1.10138415507701
31,29,40.0,fit,1639,sim,clean,wiener,5.1529000726185666e-05,5.600982066704639e-05,5.307635872901609e-07,0.7891,0.001998543098806137,50000,1.0869572450021079
34,3,1.0,fit,1585,sim,clean,wiener,0.00015547542599310776,0.00018945607334024448,7.868004032461168e-07,0.28662,0.0029626269655641884,50000,1.2185596027802046
31,25,26.0,fit,1720,sim,clean,wiener,5.322945905608507e-05,5.806537311826942e-05,5.409470560493675e-07,0.78136,0.0020368880450269754,50000,1.090850332652996
34,5,1.4,fit,1531,sim,clean,wiener,0.00013908099940185744,0.00016557023516673022,8.032449574898065e-07,0.37656,0.0030245474725161888,50000,1.1904590553619434
34,1,0.6,fit,1639,sim,clean,wiener,0.00017616026946596985,0.00021675189775067135,6.814358571541929e-07,0.18384,0.002565886135007293,50000,1.230424422077436
31,27,30.0,fit,1693,sim,clean,wiener,5.396940990128057e-05,5.9584463560258556e-05,5.491098630011286e-07,0.77564,0.0020676243688648997,50000,1.1040414128901703
31,29,40.0,fit,1666,sim,clean,wiener,5.1529000726185666e-05,5.606293571746559e-05,5.31922464819357e-07,0.7889,0.002002906749108829,50000,1.087988024750806
34,3,1.0,fit,1612,sim,clean,wiener,0.00015547542599310776,0.000189286105178903,7.749222450137525e-07,0.28726,0.0029179008168036457,50000,1.2174663871787306
31,25,26.0,fit,1747,sim,clean,wiener,5.322945905608507e-05,5.6992449099801604e-05,5.342215877386358e-07,0.7854,0.0020115638920509267,50000,1.0706937494846918
34,5,1.4,fit,1558,sim,clean,wiener,0.00013908099940185744,0.0001668131273465395,8.12718944677402e-07,0.37188,0.003060220928957721,50000,1.1993955181796867
31,27,30.0,fit,1720,sim,clean,wiener,5.396940990128057e-05,6.0216532660247054e-05,5.506602659525383e-07,0.77326,0.00207346227333519,50000,1.1157530306592855
34,1,0.6,fit,1666,sim,clean,wiener,0.00017616026946596985,0.00021677314377083903,6.925093957763424e-07,0.18376,0.0026075825601627007,50000,1.2305450282744639
31,29,40.0,fit,1693,sim,clean,wiener,5.1529000726185666e-05,5.606293571746559e-05,5.330541841820897e-07,0.7889,0.002007168137750281,50000,1.087988024750806
31,25,26.0,fit,1774,sim,clean,wiener,5.322945905608507e-05,5.885678736951553e-05,5.420684217643583e-07,0.77838,0.002041110447928377,50000,1.1057183073662507
34,3,1.0,fit,1639,sim,clean,wiener,0.00015547542599310776,0.00019022093006628097,7.782521077113332e-07,0.28374,0.002930439118739916,50000,1.2234790729868363
34,5,1.4,fit,1585,sim,clean,wiener,0.00013908099940185744,0.00016576144934823936,8.076446168686157e-07,0.37584,0.00304111399874213,50000,1.1918338957954424
34,1,0.6,fit,1693,sim,clean,wiener,0.00017616026946596985,0.00021716088363889918,6.798982666924137e-07,0.1823,0.002560096474827573,50000,1.2327460913702208
31,27,30.0,fit,1747,sim,clean,wiener,5.396940990128057e-05,5.8554031582126083e-05,5.413061734418271e-07,0.77952,0.0020382402696398683,50000,1.084948523417832
31,29,40.0,fit,1720,sim,clean,wiener,5.1529000726185666e-05,5.639756053510655e-05,5.36613277720118e-07,0.78764,0.0020205695880357987,50000,1.0944819371676038
31,25,26.0,fit,1801,sim,clean,wiener,5.322945905608507e-05,5.871337673338369e-05,5.434870347383023e-07,0.77892,0.0020464521089557054,50000,1.103024110606131
34,3,1.0,fit,1666,sim,clean,wiener,0.00015547542599310776,0.0001877670147369139,8.000686361032765e-07,0.29298,0.003012587316735628,50000,1.2076957727405593
34,5,1.4,fit,1612,sim,clean,wiener,0.00013908099940185744,0.00016607482814571265,8.075279562287901e-07,0.37466,0.003040674723474932,50000,1.194087106505899
34,1,0.6,fit,1720,sim,clean,wiener,0.00017616026946596985,0.0002162897968120243,6.730605366685358e-07,0.18558,0.002534349610351639,50000,1.2278012372920817
31,27,30.0,fit,1774,sim,clean,wiener,5.396940990128057e-05,6.005718750898944e-05,5.491967557643743e-07,0.77386,0.002067951555839439,50000,1.112800521977996
31,29,40.0,fit,1747,sim,clean,wiener,5.1529000726185666e-05,5.512279932504575e-05,5.247294269636017e-07,0.79244,0.001975822004581672,50000,1.0697432231988502
31,25,26.0,fit,1828,sim,clean,wiener,5.322945905608507e-05,5.871868823842559e-05,5.434386052589673e-07,0.7789,0.002046269752057038,50000,1.10312389567132
34,3,1.0,fit,1693,sim,clean,wiener,0.00015547542599310776,0.00019092736023685632,7.719078971202059e-07,0.28108,0.002906550557810172,50000,1.2280227503304615
34,1,0.6,fit,1747,sim,clean,wiener,0.00017616026946596985,0.0002173202287901568,6.809849553638217e-07,0.1817,0.0025641883044044316,50000,1.2336506378479293
34,5,1.4,fit,1639,sim,clean,wiener,0.00013908099940185744,0.0001654321360356403,8.167474572140433e-07,0.37708,0.0030753899347474058,50000,1.1894661150488608
31,27,30.0,fit,1801,sim,clean,wiener,5.396940990128057e-05,6.0397123831672304e-05,5.489326961834307e-07,0.77258,0.0020669572629644075,50000,1.1190992071647463
31,29,40.0,fit,1774,sim,clean,wiener,5.1529000726185666e-05,5.6769365888040946e-05,5.355895311922594e-07,0.78624,0.0020167147615044144,50000,1.10169739540849
31,25,26.0,fit,1855,sim,clean,wiener,5.322945905608507e-05,5.9876596337564155e-05,5.433164040246212e-07,0.77454,0.0020458096141737765,50000,1.1248770398826586
34,3,1.0,fit,1720,sim,clean,wiener,0.00015547542599310776,0.00019035371769232897,7.766992033511034e-07,0.28324,0.002924591795437109,50000,1.2243331476754877
34,1,0.6,fit,1774,sim,clean,wiener,0.00017616026946596985,0.00021751675447670782,6.722741494079587e-07,0.18096,0.002531388539038063,50000,1.2347662451704362
34,5,1.4,fit,1666,sim,clean,wiener,0.00013908099940185744,0.00016365809335163904,7.973338281042742e-07,0.38376,0.0030022896403617246,50000,1.1767106510269538
31,27,30.0,fit,1828,sim,clean,wiener,5.396940990128057e-05,5.9807546772019186e-05,5.469234875756714e-07,0.7748,0.0020593917665866312,50000,1.1081749250439754
31,29,40.0,fit,1801,sim,clean,wiener,5.1529000726185666e-05,5.630195344435199e-05,5.322807600394852e-07,0.788,0.0020042558779049062,50000,1.0926265336199472
31,25,26.0,fit,1882,sim,clean,wiener,5.322945905608507e-05,5.9531348509839365e-05,5.450931337801044e-07,0.77584,0.0020524997321025393,50000,1.1183910106453332
34,3,1.0,fit,1747,sim,clean,wiener,0.00015547542599310776,0.00018932328571419647,7.987224733862991e-07,0.28712,0.003007518460709499,50000,1.2177055280915532
34,1,0.6,fit,1801,sim,clean,wiener,0.00017616026946596985,0.00021621543574143741,6.877934853958083e-07,0.18586,0.0025898252189070128,50000,1.2273791156024845
34,5,1.4,fit,1693,sim,clean,wiener,0.00013908099940185744,0.0001658729909541197,8.080524602864902e-07,0.37542,0.003042649696871589,50000,1.192635886048317
31,27,30.0,fit,1855,sim,clean,wiener,5.396940990128057e-05,6.092296283082241e-05,5.484466108765364e-07,0.7706,0.002065126951958175,50000,1.1288424858130022
31,29,40.0,fit,1828,sim,clean,wiener,5.1529000726185666e-05,5.6307264949393915e-05,5.341496178896652e-07,0.78798,0.002011292895983324,50000,1.092729611594817
31,25,26.0,fit,1909,sim,clean,wiener,5.322945905608507e-05,5.9552594530007035e-05,5.44884900666906e-07,0.77576,0.002051715648828383,50000,1.1187901509060916
34,3,1.0,fit,1774,sim,clean,wiener,0.00015547542599310776,0.00019152756030659326,7.920236504613329e-07,0.27882,0.0029822946385645627,50000,1.2318831679231657
34,1,0.6,fit,1828,sim,clean,wiener,0.00017616026946596985,0.00021697498096243198,6.782752592087768e-07,0.183,0.002553985184446306,50000,1.2316907871462277
34,5,1.4,fit,1720,sim,clean,wiener,0.00013908099940185744,0.00016528872539950845,8.152242762665389e-07,0.37762,0.003069654532312567,50000,1.1884349847237365
31,29,40.0,fit,1855,sim,clean,wiener,5.1529000726185666e-05,5.7284581877107196e-05,5.341431527145103e-07,0.7843,0.0020112685519410845,50000,1.1116959589708615
31,25,26.0,fit,1936,sim,clean,wiener,5.322945905608507e-05,5.7985700542640636e-05,5.376155145990865e-07,0.78166,0.0020243434218966665,50000,1.0893535566751518
31,27,30.0,fit,1882,sim,clean,wiener,5.396940990128057e-05,6.056709199301377e-05,5.473465281733082e-07,0.77194,0.0020609846883453344,50000,1.1222485497581223
34,3,1.0,fit,1801,sim,clean,wiener,0.00015547542599310776,0.00018982787869317887,7.828741601477483e-07,0.28522,0.002947843046251747,50000,1.2209510119084284
34,1,0.6,fit,1855,sim,clean,wiener,0.00017616026946596985,0.00021727773674982143,6.706189488615694e-07,0.18186,0.002525156028541223,50000,1.2334094254538737
34,5,1.4,fit,1747,sim,clean,wiener,0.00013908099940185744,0.00016583581041882623,8.129579687960724e-07,0.37556,0.003061120953025415,50000,1.1923685559640254
31,25,26.0,fit,1963,sim,clean,wiener,5.322945905608507e-05,5.810255365356287e-05,5.38427845649888e-07,0.78122,0.0020274021822457217,50000,1.0915488281093233
31,29,40.0,fit,1882,sim,clean,wiener,5.1529000726185666e-05,5.724740134181375e-05,5.332394379822341e-07,0.78444,0.0020078656944641777,50000,1.1109744131467727
31,27,30.0,fit,1909,sim,clean,wiener,5.396940990128057e-05,6.056709199301377e-05,5.506341802580077e-07,0.77194,0.002073364049971662,50000,1.1222485497581223
34,3,1.0,fit,1828,sim,clean,wiener,0.00015547542599310776,0.0001900934539452749,7.939478741200167e-07,0.28422,0.002989540131672438,50000,1.2226591612857312
34,1,0.6,fit,1882,sim,clean,wiener,0.00017616026946596985,0.00021700684999268353,6.879443504837931e-07,0.18288,0.002590393287982705,50000,1.2318716964417695
31,25,26.0,fit,1990,sim,clean,wiener,5.322945905608507e-05,5.786353592667647e-05,5.382724861582638e-07,0.78212,0.002026817189892714,50000,1.0870585001757902
31,29,40.0,fit,1909,sim,clean,wiener,5.1529000726185666e-05,5.7454550038448635e-05,5.378305883626079e-07,0.78366,0.0020251532630314257,50000,1.1149944541666954
34,5,1.4,fit,1774,sim,clean,wiener,0.00013908099940185744,0.0001652940369045504,8.05009583771765e-07,0.3776,0.0030311920158914906,50000,1.1884731747357784
31,27,30.0,fit,1936,sim,clean,wiener,5.396940990128057e-05,5.955790603504896e-05,5.477083739510417e-07,0.77574,0.0020623471864504015,50000,1.1035493281099555
34,3,1.0,fit,1855,sim,clean,wiener,0.00015547542599310776,0.00019033247167216127,7.759955818296069e-07,0.28332,0.0029219423711555038,50000,1.2241964957253033
34,1,0.6,fit,1909,sim,clean,wiener,0.00017616026946596985,0.00021720337567923456,6.662632693457394e-07,0.18214,0.0025087551045791683,50000,1.2329873037642765
31,25,26.0,fit,2017,sim,clean,wiener,5.322945905608507e-05,5.7693567765335036e-05,5.356626975066423e-07,0.78276,0.0020169902627561517,50000,1.0838653780897223
31,29,40.0,fit,1936,sim,clean,wiener,5.1529000726185666e-05,5.578142595024384e-05,5.326871252436552e-07,0.78996,0.002005786009952086,50000,1.0825248920827064
34,5,1.4,fit,1801,sim,clean,wiener,0.00013908099940185744,0.00016660597864990464,8.007546214672071e-07,0.37266,0.003015170333633914,50000,1.197906107710063
34,3,1.0,fit,1882,sim,clean,wiener,0.00015547542599310776,0.00019005627340998145,7.874563982356067e-07,0.28436,0.0029650970563739024,50000,1.2224200203729088
31,27,30.0,fit,1963,sim,clean,wiener,5.396940990128057e-05,5.978630075185152e-05,5.452200416004474e-07,0.77488,0.0020529775922169193,50000,1.1077812572198038
34,1,0.6,fit,1936,sim,clean,wiener,0.00017616026946596985,0.0002161038941355571,6.740612433399218e-07,0.18628,0.0025381176823519027,50000,1.2267459330680888
31,25,26.0,fit,2044,sim,clean,wiener,5.322945905608507e-05,5.8006946562808305e-05,5.411293570008547e-07,0.78158,0.002037574483051785,50000,1.08975269693591
31,29,40.0,fit,1963,sim,clean,wiener,5.1529000726185666e-05,5.610542775780096e-05,5.324279772271642e-07,0.78874,0.002004810211136324,50000,1.0888126485497647
34,5,1.4,fit,1828,sim,clean,wiener,0.00013908099940185744,0.00016467790231968767,8.083711720786453e-07,0.37992,0.0030438497777889174,50000,1.1840431333389483
34,3,1.0,fit,1909,sim,clean,wiener,0.00015547542599310776,0.00019001378136964607,7.876891936014561e-07,0.28452,0.002965973626626636,50000,1.2221467164725401
31,27,30.0,fit,1990,sim,clean,wiener,5.396940990128057e-05,5.959508657034241e-05,5.459421572295704e-07,0.7756,0.002055696654416517,50000,1.1042382468022567
34,1,0.6,fit,1963,sim,clean,wiener,0.00017616026946596985,0.0002175592465170432,6.734331397079741e-07,0.1808,0.0025357526139692483,50000,1.2350074575644918
31,29,40.0,fit,1990,sim,clean,wiener,5.1529000726185666e-05,5.569644186957312e-05,5.305035538685939e-07,0.79028,0.001997563966076281,50000,1.0808756444847896
31,25,26.0,fit,2071,sim,clean,wiener,5.322945905608507e-05,5.853278556195841e-05,5.430809444638943e-07,0.7796,0.0020449230121321006,50000,1.0996314183896834
34,3,1.0,fit,1936,sim,clean,wiener,0.00015547542599310776,0.00018982787869317887,7.763697757651385e-07,0.28522,0.0029233513651509093,50000,1.2209510119084284
34,5,1.4,fit,1855,sim,clean,wiener,0.00013908099940185744,0.00016614918921629954,8.161362869751694e-07,0.37438,0.0030730886275508566,50000,1.1946217666744823
31,27,30.0,fit,2017,sim,clean,wiener,5.396940990128057e-05,5.958977506530048e-05,5.447421686771575e-07,0.77562,0.0020511782042110026,50000,1.1041398298462135
34,1,0.6,fit,1990,sim,clean,wiener,0.00017616026946596985,0.00021693780042713855,6.794563032684999e-07,0.18314,0.002558432300848915,50000,1.2314797263014292
31,29,40.0,fit,2017,sim,clean,wiener,5.1529000726185666e-05,5.634975698972929e-05,5.305173352125781e-07,0.78782,0.0019976158585017817,50000,1.093554235393776
31,25,26.0,fit,2098,sim,clean,wiener,5.322945905608507e-05,5.750235358382593e-05,5.368535714942866e-07,0.78348,0.0020214743928783888,50000,1.080273115742896
34,3,1.0,fit,1963,sim,clean,wiener,0.00015547542599310776,0.00018945607334024448,7.830301152461173e-07,0.28662,0.002948430281308998,50000,1.2185596027802046
34,5,1.4,fit,1882,sim,clean,wiener,0.00013908099940185744,0.00016705214507342593,7.983267477799424e-07,0.37098,0.00300602839112194,50000,1.2011140687215607
31,27,30.0,fit,2044,sim,clean,wiener,5.396940990128057e-05,5.899488650060544e-05,5.456088744509642e-07,0.77786,0.0020544417077451847,50000,1.0931171307693994
34,1,0.6,fit,2017,sim,clean,wiener,0.00017616026946596985,0.00021760705006242047,6.710049163297591e-07,0.18062,0.002526609354727091,50000,1.2352788215078043
31,29,40.0,fit,2044,sim,clean,wiener,5.1529000726185666e-05,5.563270380907008e-05,5.312353949195741e-07,0.79052,0.0020003196484872144,50000,1.0796387087863517
31,25,26.0,fit,2125,sim,clean,wiener,5.322945905608507e-05,5.772543679558656e-05,5.395011697576502e-07,0.78264,0.0020314436887463884,50000,1.08446408848086
34,3,1.0,fit,1990,sim,clean,wiener,0.00015547542599310776,0.0001898650592284723,7.973509285683153e-07,0.28508,0.0030023540306387034,50000,1.2211901528212505
34,5,1.4,fit,1909,sim,clean,wiener,0.00013908099940185744,0.00016558616968185598,7.978132734577687e-07,0.3765,0.0030040949492137754,50000,1.1905736253980683
31,27,30.0,fit,2071,sim,clean,wiener,5.396940990128057e-05,5.9855350317396486e-05,5.478847541478575e-07,0.77462,0.002063011330399899,50000,1.1090606776483627
31,29,40.0,fit,2071,sim,clean,wiener,5.1529000726185666e-05,5.629664193931006e-05,5.310633778283575e-07,0.78802,0.001999671933423936,50000,1.0925234556450774
34,1,0.6,fit,2044,sim,clean,wiener,0.00017616026946596985,0.0002167359632355456,6.867725661189578e-07,0.1839,0.002585981038137935,50000,1.2303339674296652
31,25,26.0,fit,2152,sim,clean,wiener,5.322945905608507e-05,5.780510937121535e-05,5.382129603474239e-07,0.78234,0.0020265930507443177,50000,1.0859608644587044
34,3,1.0,fit,2017,sim,clean,wiener,0.00015547542599310776,0.00019138946117550336,7.778576477979726e-07,0.27934,0.0029289538150068027,50000,1.2309949302469683
34,5,1.4,fit,1936,sim,clean,wiener,0.00013908099940185744,0.00016493285456169984,7.992600858040328e-07,0.37896,0.0030095427924704244,50000,1.185876253916947
31,29,40.0,fit,2098,sim,clean,wiener,5.1529000726185666e-05,5.5903590566208e-05,5.304425230452975e-07,0.7895,0.0019973341599372877,50000,1.084895685504712
31,27,30.0,fit,2098,sim,clean,wiener,5.396940990128057e-05,5.915423165186305e-05,5.461983128170982e-07,0.77726,0.0020566611855070698,50000,1.0960696394506892
34,1,0.6,fit,2071,sim,clean,wiener,0.00017616026946596985,0.0002167359632355456,6.738181722853241e-07,0.1839,0.002537202419906779,50000,1.2303339674296652
31,25,26.0,fit,2179,sim,clean,wiener,5.322945905608507e-05,5.7003072109885455e-05,5.334928940396418e-07,0.78536,0.0020088200607140724,50000,1.0708933196150712
34,3,1.0,fit,2044,sim,clean,wiener,0.00015547542599310776,0.0001906564734797184,7.95858952582254e-07,0.2821,0.002996736127711807,50000,1.2262804379656127
34,5,1.4,fit,1963,sim,clean,wiener,0.00013908099940185744,0.00016486380499615487,8.125888716929118e-07,0.37922,0.0030597311506991537,50000,1.1853797837604056
31,29,40.0,fit,2125,sim,clean,wiener,5.1529000726185666e-05,5.598857464687872e-05,5.341406687665712e-07,0.78918,0.0020112591988559626,50000,1.086544933102629
31,27,30.0,fit,2125,sim,clean,wiener,5.396940990128057e-05,5.888865639976705e-05,5.428133293336747e-07,0.77826,0.002043915331152388,50000,1.09114879164854
34,1,0.6,fit,2098,sim,clean,wiener,0.00017616026946596985,0.00021686343935655166,6.72273120265368e-07,0.18342,0.002531384663893137,50000,1.2310576046118318
34,3,1.0,fit,2071,sim,clean,wiener,0.00015547542599310776,0.00018965791053183743,7.662953524836647e-07,0.28586,0.002885417019981458,50000,1.2198577963069546
31,25,26.0,fit,2206,sim,clean,wiener,5.322945905608507e-05,5.795383151238911e-05,5.381526904068296e-07,0.78178,0.0020263661096414907,50000,1.0887548462840138
31,29,40.0,fit,2152,sim,clean,wiener,5.1529000726185666e-05,5.595139411158527e-05,5.326451246986368e-07,0.78932,0.002005627860634004,50000,1.08582338727854
34,5,1.4,fit,1990,sim,clean,wiener,0.00013908099940185744,0.00016528341389446656,8.271640945087096e-07,0.37764,0.003114612856357967,50000,1.1883967947116951
31,27,30.0,fit,2152,sim,clean,wiener,5.396940990128057e-05,5.9446364429168645e-05,5.481288026968371e-07,0.77616,0.0020639302735132106,50000,1.101482572033053
34,3,1.0,fit,2098,sim,clean,wiener,0.00015547542599310776,0.0001905236858536704,7.905512403359507e-07,0.2826,0.0029767504091464917,50000,1.2254263632769615
34,1,0.6,fit,2125,sim,clean,wiener,0.00017616026946596985,0.00021758049253721087,6.680410367026535e-07,0.18072,0.002515449129503868,50000,1.2351280637615196
31,25,26.0,fit,2233,sim,clean,wiener,5.322945905608507e-05,5.878242629892863e-05,5.467192171676057e-07,0.77866,0.0020586226045263356,50000,1.1043213164535957
31,29,40.0,fit,2179,sim,clean,wiener,5.1529000726185666e-05,5.51334223351296e-05,5.294243536539968e-07,0.7924,0.00199350033361776,50000,1.0699493791485901
34,5,1.4,fit,2017,sim,clean,wiener,0.00013908099940185744,0.0001656711537625267,8.094512650436139e-07,0.37618,0.0030479167718195895,50000,1.1911846655907345
34,3,1.0,fit,2125,sim,clean,wiener,0.00015547542599310776,0.00019123542752928768,7.790652545408861e-07,0.27992,0.00293350095083133,50000,1.2300042036081327
31,27,30.0,fit,2179,sim,clean,wiener,5.396940990128057e-05,5.854340857204223e-05,5.423450821664916e-07,0.77956,0.0020421521880752843,50000,1.0847516895057459
34,1,0.6,fit,2152,sim,clean,wiener,0.00017616026946596985,0.00021757518103216895,6.775116465870295e-07,0.18074,0.0025511098690103964,50000,1.2350979122122625
31,25,26.0,fit,2260,sim,clean,wiener,5.322945905608507e-05,5.744392702836481e-05,5.359941064002155e-07,0.7837,0.002018238153479996,50000,1.07917548002581
31,29,40.0,fit,2206,sim,clean,wiener,5.1529000726185666e-05,5.555834273848321e-05,5.278373321598568e-07,0.7908,0.001987524545280501,50000,1.0781956171381748
34,5,1.4,fit,2044,sim,clean,wiener,0.00013908099940185744,0.00016409363676507646,8.012713829257062e-07,0.38212,0.0030171161529616588,50000,1.179842232014368
34,3,1.0,fit,2152,sim,clean,wiener,0.00015547542599310776,0.00018931797420915455,7.861903919229407e-07,0.28714,0.0029603300221616624,50000,1.2176713651040072
31,27,30.0,fit,2206,sim,clean,wiener,5.396940990128057e-05,5.971193968126465e-05,5.45288761360853e-07,0.77516,0.002053236350364989,50000,1.1064034198352022
34,1,0.6,fit,2179,sim,clean,wiener,0.00017616026946596985,0.00021574802329774848,6.759371357789316e-07,0.18762,0.0025451811885491282,50000,1.2247257792678734
31,25,26.0,fit,2287,sim,clean,wiener,5.322945905608507e-05,5.8315013855239675e-05,5.392400369750764e-07,0.78042,0.002030460416470403,50000,1.0955402307169086
31,29,40.0,fit,2233,sim,clean,wiener,5.1529000726185666e-05,5.606293571746559e-05,5.341886089758807e-07,0.7889,0.0020114397134518487,50000,1.087988024750806
34,3,1.0,fit,2179,sim,clean,wiener,0.00015547542599310776,0.00018963666451166973,7.949294100142061e-07,0.28594,0.002993236017815604,50000,1.2197211443567701
34,5,1.4,fit,2071,sim,clean,wiener,0.00013908099940185744,0.0001659367290146227,8.106517501417437e-07,0.37518,0.0030524370917238545,50000,1.1930941661928163
31,27,30.0,fit,2233,sim,clean,wiener,5.396940990128057e-05,6.012092556949248e-05,5.511658183715643e-07,0.77362,0.002075365886021372,50000,1.1139815254505117
31,25,26.0,fit,2314,sim,clean,wiener,5.322945905608507e-05,5.83734404107008e-05,5.420755994180919e-07,0.7802,0.0020411374747453604,50000,1.0966378664339944
34,1,0.6,fit,2206,sim,clean,wiener,0.00017616026946596985,0.00021786200230443264,6.635003765311385e-07,0.17966,0.002498351677329094,50000,1.2367260958721378
31,29,40.0,fit,2260,sim,clean,wiener,5.1529000726185666e-05,5.573893390990847e-05,5.316109506407415e-07,0.79012,0.002001733770165358,50000,1.0817002682837478
34,3,1.0,fit,2206,sim,clean,wiener,0.00015547542599310776,0.00019068303100492799,7.93470488587455e-07,0.282,0.002987742578892975,50000,1.226451252903343
34,5,1.4,fit,2098,sim,clean,wiener,0.00013908099940185744,0.00016592079449949694,8.089871271827324e-07,0.37524,0.003046169101970014,50000,1.1929795961566914
31,27,30.0,fit,2260,sim,clean,wiener,5.396940990128057e-05,5.920203519724032e-05,5.45725695450368e-07,0.77708,0.0020548815868321173,50000,1.0969553920550759
31,25,26.0,fit,2341,sim,clean,wiener,5.322945905608507e-05,5.796445452247296e-05,5.402563935577198e-07,0.78174,0.002034287416820104,50000,1.0889544164143932
34,1,0.6,fit,2233,sim,clean,wiener,0.00017616026946596985,0.00021637478089269504,6.845415829179368e-07,0.18526,0.00257758046924677,50000,1.228283662080193
31,29,40.0,fit,2287,sim,clean,wiener,5.1529000726185666e-05,5.583985250570496e-05,5.281804695655156e-07,0.78974,0.001988816598673845,50000,1.0836587498062742
34,3,1.0,fit,2233,sim,clean,wiener,0.00015547542599310776,0.00019049181682341884,7.947294617228567e-07,0.28272,0.0029924831303015324,50000,1.225221385351685
34,5,1.4,fit,2125,sim,clean,wiener,0.00013908099940185744,0.00016584643342891004,7.988807811556923e-07,0.37552,0.0030081145545403204,50000,1.1924449359881084
31,27,30.0,fit,2287,sim,clean,wiener,5.396940990128057e-05,5.981816978210304e-05,5.484296429584715e-07,0.77476,0.002065063060771286,50000,1.1083717589560615
31,25,26.0,fit,2368,sim,clean,wiener,5.322945905608507e-05,5.783697840146687e-05,5.38368411861404e-07,0.78222,0.0020271783895993247,50000,1.0865595748498422
31,29,40.0,fit,2314,sim,clean,wiener,5.1529000726185666e-05,5.607355872754944e-05,5.32622735687368e-07,0.78886,0.0020055435568026338,50000,1.0881941807005457
34,1,0.6,fit,2260,sim,clean,wiener,0.00017616026946596985,0.00021707589955822848,6.838576010133733e-07,0.18262,0.0025750049961966066,50000,1.2322636665821096
34,3,1.0,fit,2260,sim,clean,wiener,0.00015547542599310776,0.0001900934539452749,8.000274349686892e-07,0.28422,0.00301243217752645,50000,1.2226591612857312
34,5,1.4,fit,2152,sim,clean,wiener,0.00013908099940185744,0.00016511875723816701,8.03409442065036e-07,0.37826,0.0030251668245602193,50000,1.187212904338404
31,27,30.0,fit,2314,sim,clean,wiener,5.396940990128057e-05,5.972256269134847e-05,5.489231460161003e-07,0.77512,0.0020669213026584116,50000,1.1066002537472879
31,25,26.0,fit,2395,sim,clean,wiener,5.322945905608507e-05,5.86124581375872e-05,5.42925930693684e-07,0.7793,0.00204433932156234,50000,1.1011281943675277
31,29,40.0,fit,2341,sim,clean,wiener,5.1529000726185666e-05,5.576017993007617e-05,5.303570393958747e-07,0.79004,0.001997012278855567,50000,1.0821125801832274
34,1,0.6,fit,2287,sim,clean,wiener,0.00017616026946596985,0.00021665097915487486,6.801354770798341e-07,0.18422,0.0025609896694515012,50000,1.229851542641554
34,3,1.0,fit,2287,sim,clean,wiener,0.00015547542599310776,0.00018982787869317887,7.948334753748357e-07,0.28522,0.0029928747844604124,50000,1.2209510119084284
34,5,1.4,fit,2179,sim,clean,wiener,0.00013908099940185744,0.00016459291823901694,8.113246974448039e-07,0.38024,0.003054971014963121,50000,1.1834320931462818
31,27,30.0,fit,2341,sim,clean,wiener,5.396940990128057e-05,5.936138034849793e-05,5.424720939167379e-07,0.77648,0.0020426304395284745,50000,1.0999079007363655
31,25,26.0,fit,2422,sim,clean,wiener,5.322945905608507e-05,5.774668281575423e-05,5.402125978884284e-07,0.78256,0.0020341225081211734,50000,1.0848632287416184
31,29,40.0,fit,2368,sim,clean,wiener,5.1529000726185666e-05,5.64612985956096e-05,5.331870495302791e-07,0.7874,0.0020076684304060942,50000,1.0957188728660416
34,1,0.6,fit,2314,sim,clean,wiener,0.00017616026946596985,0.0002170546535380608,6.915298915972009e-07,0.1827,0.0026038943242619123,50000,1.232143060385082
34,3,1.0,fit,2314,sim,clean,wiener,0.00015547542599310776,0.000190284668126784,7.849059497092558e-07,0.2835,0.0029554935692032345,50000,1.223889028837389
34,5,1.4,fit,2206,sim,clean,wiener,0.00013908099940185744,0.00016557023516673022,8.125382636801996e-07,0.37656,0.0030595405907267435,50000,1.1904590553619434
31,27,30.0,fit,2368,sim,clean,wiener,5.396940990128057e-05,5.954197151992318e-05,5.477065191333451e-07,0.7758,0.0020623402022992734,50000,1.1032540772418262
31,25,26.0,fit,2449,sim,clean,wiener,5.322945905608507e-05,5.828845633003008e-05,5.41634100454693e-07,0.78052,0.0020394750496514763,50000,1.0950413053909605
31,29,40.0,fit,2395,sim,clean,wiener,5.1529000726185666e-05,5.558490026369281e-05,5.304831104869921e-07,0.7907,0.00199748698834044,50000,1.0787110070125239
34,1,0.6,fit,2341,sim,clean,wiener,0.00017616026946596985,0.00021738396685065984,6.782698814516437e-07,0.18146,0.0025539649349799473,50000,1.2340124564390127
34,3,1.0,fit,2341,sim,clean,wiener,0.00015547542599310776,0.0001904758823082931,7.761922739128078e-07,0.28278,0.002922682997707295,50000,1.225118896389047
34,5,1.4,fit,2233,sim,clean,wiener,0.00013908099940185744,0.00016716899818434815,8.129537745105589e-07,0.37054,0.0030611051598162194,50000,1.2019542489864765
31,27,30.0,fit,2395,sim,clean,wiener,5.396940990128057e-05,5.9552594530007035e-05,5.482186729321797e-07,0.77576,0.0020642686718942093,50000,1.1034509111539126
31,25,26.0,fit,2476,sim,clean,wiener,5.322945905608507e-05,5.912236262161153e-05,5.438776011992819e-07,0.77738,0.002047922752240037,50000,1.1107075606257322
31,29,40.0,fit,2422,sim,clean,wiener,5.1529000726185666e-05,5.5515850698147836e-05,5.304371470648476e-07,0.79096,0.0019973139171608712,50000,1.0773709933392162
34,1,0.6,fit,2368,sim,clean,wiener,0.00017616026946596985,0.00021768672263804926,6.733058579564248e-07,0.18032,0.002535273345850157,50000,1.2357310947466584
34,3,1.0,fit,2368,sim,clean,wiener,0.00015547542599310776,0.00018922767862344193,7.780589521619779e-07,0.28748,0.002929711808691894,50000,1.2170905943157242
34,5,1.4,fit,2260,sim,clean,wiener,0.00013908099940185744,0.0001646832138247296,8.240285073587203e-07,0.3799,0.0031028060817234995,50000,1.18408132335099
31,25,26.0,fit,2503,sim,clean,wiener,5.322945905608507e-05,5.803350408801793e-05,5.420043550885876e-07,0.78148,0.0020408692105568036,50000,1.0902516222618586
31,27,30.0,fit,2422,sim,clean,wiener,5.396940990128057e-05,5.954197151992318e-05,5.465343381204435e-07,0.7758,0.0020579264589114746,50000,1.1032540772418262
31,29,40.0,fit,2449,sim,clean,wiener,5.1529000726185666e-05,5.589827906116608e-05,5.342128992740827e-07,0.78952,0.002011531176410126,50000,1.0847926075298422
34,1,0.6,fit,2395,sim,clean,wiener,0.00017616026946596985,0.00021831879173803777,6.861689441096659e-07,0.17794,0.0025837081531287784,50000,1.239319129108235
34,3,1.0,fit,2395,sim,clean,wiener,0.00015547542599310776,0.0001899181742788915,7.908845515284161e-07,0.28488,0.002978005462807685,50000,1.2215317826967111
34,5,1.4,fit,2287,sim,clean,wiener,0.00013908099940185744,0.00016435390051213055,8.08580084834381e-07,0.38114,0.0030446364201966226,50000,1.1817135426044083
31,25,26.0,fit,2530,sim,clean,wiener,5.322945905608507e-05,5.813442268381439e-05,5.390166525192293e-07,0.7811,0.0020296192821625783,50000,1.092147538500461
31,27,30.0,fit,2449,sim,clean,wiener,5.396940990128057e-05,5.921796971236607e-05,5.457050717790402e-07,0.77702,0.002054803930231342,50000,1.0972506429232045
31,29,40.0,fit,2476,sim,clean,wiener,5.1529000726185666e-05,5.713585973593344e-05,5.371237504074516e-07,0.78486,0.002022491727554842,50000,1.108809775674507
34,1,0.6,fit,2422,sim,clean,wiener,0.00017616026946596985,0.0002181435120716544,6.73554194110336e-07,0.1786,0.002536208433558636,50000,1.238324127982756
34,3,1.0,fit,2422,sim,clean,wiener,0.00015547542599310776,0.00019045994779316736,7.964675993619378e-07,0.28284,0.0029990279330471318,50000,1.2250164074264087
34,5,1.4,fit,2314,sim,clean,wiener,0.00013908099940185744,0.0001662235502868864,8.100331951153794e-07,0.3741,0.003050107977766577,50000,1.195156426843065
31,25,26.0,fit,2557,sim,clean,wiener,5.322945905608507e-05,5.8500916531706885e-05,5.421309075114436e-07,0.77972,0.002041345732453544,50000,1.0990327079985456
31,27,30.0,fit,2476,sim,clean,wiener,5.396940990128057e-05,6.0397123831672304e-05,5.501696217327846e-07,0.77258,0.002071614796147909,50000,1.1190992071647463
31,29,40.0,fit,2503,sim,clean,wiener,5.1529000726185666e-05,5.653034816115457e-05,5.360561460696876e-07,0.78714,0.00201847175833957,50000,1.0970588865393494
34,1,0.6,fit,2449,sim,clean,wiener,0.00017616026946596985,0.00021700684999268353,6.679802691524531e-07,0.18288,0.0025152203146963105,50000,1.2318716964417695
34,3,1.0,fit,2449,sim,clean,wiener,0.00015547542599310776,0.00019149569127634177,7.924822780188966e-07,0.27894,0.0029840215598569047,50000,1.2316781899978895
34,5,1.4,fit,2341,sim,clean,wiener,0.00013908099940185744,0.00016580394138857472,8.000961286585004e-07,0.37568,0.003012690837508015,50000,1.1921394158917755
31,27,30.0,fit,2503,sim,clean,wiener,5.396940990128057e-05,5.973318570143232e-05,5.493349435754993e-07,0.77508,0.0020684718897562263,50000,1.106797087659374
34,7,1.8,fit,1234,sim,clean,wiener,0.000126968489240751,0.00015051211837288704,7.99922261931912e-07,0.43326,0.0030120361578071914,50000,1.185428914472581
31,29,40.0,fit,2530,sim,clean,wiener,5.1529000726185666e-05,5.614260829309441e-05,5.297406606802415e-07,0.7886,0.001994691359602856,50000,1.0895341943738535
34,1,0.6,fit,2476,sim,clean,wiener,0.00017616026946596985,0.00021718744116410878,6.683796576192874e-07,0.1822,0.0025167241764593408,50000,1.2328968491165055
34,3,1.0,fit,2476,sim,clean,wiener,0.00015547542599310776,0.00018952512290578945,7.708706583905523e-07,0.28636,0.002902644927592494,50000,1.2190037216183034
34,5,1.4,fit,2368,sim,clean,wiener,0.00013908099940185744,0.0001651612492785024,8.274256534978381e-07,0.3781,0.0031155977334768404,50000,1.1875184244347372
34,7,1.8,fit,1261,sim,clean,wiener,0.000126968489240751,0.00014855748451746048,7.913142251248652e-07,0.44062,0.0029796233605336895,50000,1.1700342770541559
31,27,30.0,fit,2530,sim,clean,wiener,5.396940990128057e-05,5.956852904513281e-05,5.437596754629235e-07,0.7757,0.002047478713364322,50000,1.1037461620220417
31,29,40.0,fit,2557,sim,clean,wiener,5.1529000726185666e-05,5.666313578720256e-05,5.353799879636153e-07,0.78664,0.002015925745107027,50000,1.0996358359110943
34,1,0.6,fit,2503,sim,clean,wiener,0.00017616026946596985,0.00021811164304140287,6.770940997409054e-07,0.17872,0.0025495376334845753,50000,1.238143218687214
34,3,1.0,fit,2503,sim,clean,wiener,0.00015547542599310776,0.00019032716016711938,7.903370026683872e-07,0.28334,0.0029759437162567262,50000,1.2241623327377575
34,5,1.4,fit,2395,sim,clean,wiener,0.00013908099940185744,0.00016637758393310206,8.226713170203683e-07,0.37352,0.003097695702169529,50000,1.1962639371922723
34,7,1.8,fit,1288,sim,clean,wiener,0.000126968489240751,0.0001476385941452083,7.8846964925057e-07,0.44408,0.0029689123629846144,50000,1.1627971241373418
31,27,30.0,fit,2557,sim,clean,wiener,5.396940990128057e-05,5.988721934764801e-05,5.468952956871524e-07,0.7745,0.0020592856125368976,50000,1.1096511793846207
34,9,2.0,fit,1234,sim,clean,wiener,0.00011953575462933366,0.00014107357391339518,7.788585026730072e-07,0.4688,0.002932722445054729,50000,1.180178887487244
34,1,0.6,fit,2530,sim,clean,wiener,0.00017616026946596985,0.00021645976497336575,6.773452127827946e-07,0.18494,0.002550483177317848,50000,1.228766086868304
34,3,1.0,fit,2530,sim,clean,wiener,0.00015547542599310776,0.00018967915655200514,7.847563815225574e-07,0.28578,0.002954930383494032,50000,1.219994448257139
34,5,1.4,fit,2422,sim,clean,wiener,0.00013908099940185744,0.00016557554667177217,7.98424156712468e-07,0.37654,0.0030063951757969306,50000,1.1904972453739853
34,7,1.8,fit,1315,sim,clean,wiener,0.000126968489240751,0.00014958260499055103,8.066731774192824e-07,0.43676,0.003037456129864415,50000,1.1781080950480582
34,9,2.0,fit,1261,sim,clean,wiener,0.00011953575462933366,0.0001389755294218368,7.852328451162345e-07,0.4767,0.002956724464794592,50000,1.1626272812915568
34,11,3.0,fit,1234,sim,clean,wiener,0.00010540567735034855,0.0001235243612548915,7.424145360414555e-07,0.53488,0.0027954959288642145,50000,1.1718947627870164
34,1,0.6,fit,2557,sim,clean,wiener,0.00017616026946596985,0.0002174530164162048,6.714252563709263e-07,0.1812,0.002528192107780509,50000,1.2344044265793528
34,3,1.0,fit,2557,sim,clean,wiener,0.00015547542599310776,0.00019130978859987455,7.761634409436773e-07,0.27964,0.002922574429725516,50000,1.2304824854337775
34,5,1.4,fit,2449,sim,clean,wiener,0.00013908099940185744,0.0001673230318305638,8.163533842662751e-07,0.36996,0.003073906088098827,50000,1.2030617593356838
34,7,1.8,fit,1342,sim,clean,wiener,0.000126968489240751,0.00014820161367965184,7.946002251932459e-07,0.44196,0.002991996501639446,50000,1.1672314490459101
34,11,3.0,fit,1261,sim,clean,wiener,0.00010540567735034855,0.00012112356097594369,7.401453946093928e-07,0.54392,0.0027869516785466344,50000,1.1491179983916033
34,9,2.0,fit,1288,sim,clean,wiener,0.00011953575462933366,0.00013833283731176448,7.835674857269444e-07,0.47912,0.0029504537020780116,50000,1.157250713317688
34,13,4.0,fit,1234,sim,clean,wiener,9.454639808858e-05,0.00010964539858035455,7.070404656285498e-07,0.58714,0.002662298011762667,50000,1.1596993729748264
34,5,1.4,fit,2476,sim,clean,wiener,0.00013908099940185744,0.00016616512373142527,7.997196010507283e-07,0.37432,0.00301127305627727,50000,1.194736336710607
34,15,5.0,fit,1234,sim,clean,wiener,8.710627109199407e-05,0.00010010062402002433,6.830973196057166e-07,0.62308,0.002572142224151183,50000,1.1491781563500376
34,7,1.8,fit,1369,sim,clean,wiener,0.000126968489240751,0.0001481644331443584,7.978217113022398e-07,0.4421,0.0030041267211669393,50000,1.1669386162689293
34,11,3.0,fit,1288,sim,clean,wiener,0.00010540567735034855,0.00011970007762470912,7.385917525220364e-07,0.54928,0.0027811015773979222,50000,1.1356131911837033
34,13,4.0,fit,1261,sim,clean,wiener,9.454639808858e-05,0.00010789260191652094,7.079651394232719e-07,0.59374,0.002665779788725785,50000,1.1411603625072735
34,9,2.0,fit,1315,sim,clean,wiener,0.00011953575462933366,0.0001394535648756096,7.776787881613182e-07,0.4749,0.002928280334947035,50000,1.1666263814374096
34,5,1.4,fit,2503,sim,clean,wiener,0.00013908099940185744,0.0001659101714894131,8.041199619944348e-07,0.37528,0.0030278422241834567,50000,1.192903216132608
34,7,1.8,fit,1396,sim,clean,wiener,0.000126968489240751,0.0001485734190325862,8.017037706477343e-07,0.44056,0.003018744270486223,50000,1.170159776815719
34,15,5.0,fit,1261,sim,clean,wiener,8.710627109199407e-05,9.886835485029889e-05,6.800391538915063e-07,0.62772,0.002560626973049756,50000,1.1350314232356786
34,11,3.0,fit,1315,sim,clean,wiener,0.00010540567735034855,0.00012158035040954879,7.324731774101327e-07,0.5422,0.0027580626268043935,50000,1.1534516305553322
34,13,4.0,fit,1288,sim,clean,wiener,9.454639808858e-05,0.00010769076472492799,7.053927802520683e-07,0.5945,0.0026560937989699557,50000,1.139025567362525
34,9,2.0,fit,1342,sim,clean,wiener,0.00011953575462933366,0.0001384231328974771,7.756403273320263e-07,0.47878,0.002920604691929835,50000,1.1580060989007932
34,5,1.4,fit,2530,sim,clean,wiener,0.00013908099940185744,0.00016557554667177217,7.970434308835899e-07,0.37654,0.0030011961754458773,50000,1.1904972453739853
34,7,1.8,fit,1423,sim,clean,wiener,0.000126968489240751,0.0001489558473956045,8.026283108443119e-07,0.43912,0.003022225544397406,50000,1.1731717710932372
34,15,5.0,fit,1288,sim,clean,wiener,8.710627109199407e-05,9.762015116544768e-05,6.688826563404935e-07,0.63242,0.0025186181734234265,50000,1.1207017582275995
34,11,3.0,fit,1342,sim,clean,wiener,0.00010540567735034855,0.00012060834498687744,7.366518352288852e-07,0.54586,0.00277379699130475,50000,1.1442300644394903
34,13,4.0,fit,1315,sim,clean,wiener,9.454639808858e-05,0.00010895490292490494,7.068165396103037e-07,0.58974,0.002661454838249778,50000,1.1523961264270024
34,9,2.0,fit,1369,sim,clean,wiener,0.00011953575462933366,0.00014073894909575425,7.802803792582059e-07,0.47006,0.0029380763949200753,50000,1.1773795173851473
34,5,1.4,fit,2557,sim,clean,wiener,0.00013908099940185744,0.00016594735202470653,8.059743317426788e-07,0.37514,0.003034824688602143,50000,1.1931705462168996
34,7,1.8,fit,1450,sim,clean,wiener,0.000126968489240751,0.00015069270954431232,7.984003626861958e-07,0.43258,0.0030063055815064818,50000,1.186851245103631
34,15,5.0,fit,1315,sim,clean,wiener,8.710627109199407e-05,9.98031797376768e-05,6.810049088082387e-07,0.6242,0.0025642634373253628,50000,1.1457634276672612
34,11,3.0,fit,1369,sim,clean,wiener,0.00010540567735034855,0.00012121916806669822,7.394355439588191e-07,0.54356,0.002784278799033309,50000,1.1500250376816858
34,13,4.0,fit,1342,sim,clean,wiener,9.454639808858e-05,0.00010798289750223358,7.043512893768258e-07,0.5934,0.0026521721576761126,50000,1.1421154024404505
34,9,2.0,fit,1396,sim,clean,wiener,0.00011953575462933366,0.00013891710286637567,7.82317352873742e-07,0.47692,0.0029457464379661034,50000,1.1621385023848412
34,17,6.0,fit,1234,sim,clean,wiener,8.247998348552702e-05,9.390209763610368e-05,6.632421585891223e-07,0.64642,0.0024973793806260755,50000,1.1384834679626352
34,7,1.8,fit,1477,sim,clean,wiener,0.000126968489240751,0.00014917893060736512,7.967381056872627e-07,0.43828,0.0030000465005649633,50000,1.1749287677551226
34,13,4.0,fit,1369,sim,clean,wiener,9.454639808858e-05,0.00010925234720725247,7.067719233921004e-07,0.58862,0.0026612868398468727,50000,1.1555421403245265
34,11,3.0,fit,1396,sim,clean,wiener,0.00010540567735034855,0.00012130415214736897,7.371605821253383e-07,0.54324,0.002775712632511669,50000,1.1508312948284265
34,15,5.0,fit,1342,sim,clean,wiener,8.710627109199407e-05,9.882586280996352e-05,6.784547320033682e-07,0.62788,0.0025546609732977708,50000,1.134543604852425
34,7,1.8,fit,1504,sim,clean,wiener,0.000126968489240751,0.00014998096786869504,8.092436394371079e-07,0.43526,0.0030471349760578708,50000,1.1812455890871394
34,9,2.0,fit,1423,sim,clean,wiener,0.00011953575462933366,0.00013974569765291519,7.760761533739463e-07,0.4738,0.002922245756142258,50000,1.1690702759709861
34,17,6.0,fit,1261,sim,clean,wiener,8.247998348552702e-05,9.288228866805505e-05,6.603451568276822e-07,0.65026,0.002486470978060038,50000,1.1261191472516885
34,13,4.0,fit,1396,sim,clean,wiener,9.454639808858e-05,0.0001076376496745088,7.009084419898823e-07,0.5947,0.0026392084219372908,50000,1.1384637791665386
34,11,3.0,fit,1423,sim,clean,wiener,0.00010540567735034855,0.00012221241950953729,7.413817980283335e-07,0.53982,0.0027916072456944867,50000,1.1594481680842132
34,15,5.0,fit,1369,sim,clean,wiener,8.710627109199407e-05,9.978193371750913e-05,6.843986372529691e-07,0.62428,0.0025770422200543487,50000,1.1455195184756344
34,7,1.8,fit,1531,sim,clean,wiener,0.000126968489240751,0.0001497631961619763,7.885942522405968e-07,0.43608,0.002969381544465356,50000,1.1795304256791084
34,17,6.0,fit,1288,sim,clean,wiener,8.247998348552702e-05,9.19952673260544e-05,6.494883732520876e-07,0.6536,0.002445590724761172,50000,1.115364764133313
34,9,2.0,fit,1450,sim,clean,wiener,0.00011953575462933366,0.00014053180039911938,7.735537521284739e-07,0.47084,0.00291274787851411,50000,1.175646573988611
34,13,4.0,fit,1423,sim,clean,wiener,9.454639808858e-05,0.00010852998252155136,7.047973945566761e-07,0.59134,0.0026538519270685144,50000,1.147901820859111
34,11,3.0,fit,1450,sim,clean,wiener,0.00010540567735034855,0.0001210226423801472,7.372448720460106e-07,0.5443,0.002776030018713911,50000,1.1481605680298492
34,15,5.0,fit,1396,sim,clean,wiener,8.710627109199407e-05,9.803444855871745e-05,6.775253031032703e-07,0.63086,0.0025511612914081274,50000,1.1254579874643238
34,7,1.8,fit,1558,sim,clean,wiener,0.000126968489240751,0.000149386079304,7.921375057072126e-07,0.4375,0.0029827233503702793,50000,1.1765602646554447
34,17,6.0,fit,1315,sim,clean,wiener,8.247998348552702e-05,9.320629047561217e-05,6.571059350273166e-07,0.64904,0.002474273976363529,50000,1.1300473949775622
34,9,2.0,fit,1477,sim,clean,wiener,0.00011953575462933366,0.000139161432098304,7.732770435236744e-07,0.476,0.002911705956864349,50000,1.1641824869038329
34,13,4.0,fit,1450,sim,clean,wiener,9.454639808858e-05,0.00010876900024843776,6.961686418441826e-07,0.59044,0.002621361125894863,50000,1.15042986774105
34,11,3.0,fit,1477,sim,clean,wiener,0.00010540567735034855,0.0001206508370272128,7.350415384465412e-07,0.5457,0.0027677335619391177,50000,1.1446331930128604
34,15,5.0,fit,1423,sim,clean,wiener,8.710627109199407e-05,9.928796374861055e-05,6.777227803739233e-07,0.62614,0.0025519048745134597,50000,1.1398486297703094
34,7,1.8,fit,1585,sim,clean,wiener,0.000126968489240751,0.00014891866686031103,7.922669870715834e-07,0.43926,0.0029832109009358867,50000,1.1728789383162561
34,17,6.0,fit,1342,sim,clean,wiener,8.247998348552702e-05,9.345061970754047e-05,6.573489129941521e-07,0.64812,0.0024751888882949607,50000,1.133009680147893
34,9,2.0,fit,1504,sim,clean,wiener,0.00011953575462933366,0.0001400962569856819,7.803211856636241e-07,0.47248,0.0029382300478116613,50000,1.1720029494112782
34,13,4.0,fit,1477,sim,clean,wiener,9.454639808858e-05,0.00010842906392575487,7.039077683668457e-07,0.59172,0.002650502118745603,50000,1.1468344232867367
34,11,3.0,fit,1504,sim,clean,wiener,0.00010540567735034855,0.00012288698064986112,7.461294566061105e-07,0.53728,0.002809484131964224,50000,1.1658478341864644
34,15,5.0,fit,1450,sim,clean,wiener,8.710627109199407e-05,9.92454717082752e-05,6.750400630876508e-07,0.6263,0.0025418033410870592,50000,1.1393608113870557
34,7,1.8,fit,1612,sim,clean,wiener,0.000126968489240751,0.00014837158184099328,7.978651516878525e-07,0.44132,0.0030042902920767657,50000,1.1685701131692514
34,17,6.0,fit,1369,sim,clean,wiener,8.247998348552702e-05,9.39339666663552e-05,6.618296636452419e-07,0.6463,0.0024920607564970104,50000,1.1388698529848522
34,9,2.0,fit,1531,sim,clean,wiener,0.00011953575462933366,0.00013980412420837632,7.666935276698559e-07,0.47358,0.002886916313244097,50000,1.1695590548777017
34,13,4.0,fit,1504,sim,clean,wiener,9.454639808858e-05,0.00010978349771144446,7.086377419355611e-07,0.58662,0.002668312413686058,50000,1.161160022284391
34,11,3.0,fit,1531,sim,clean,wiener,0.00010540567735034855,0.000122430191216256,7.433364689286437e-07,0.539,0.0027989673851837025,50000,1.1615142020227351
34,15,5.0,fit,1477,sim,clean,wiener,8.710627109199407e-05,9.910737257718526e-05,6.732174811691863e-07,0.62682,0.0025349405709152147,50000,1.1377754016414807
34,7,1.8,fit,1639,sim,clean,wiener,0.000126968489240751,0.00014833971281074174,7.87880158451903e-07,0.44144,0.002966692687792688,50000,1.1683191136461248
34,17,6.0,fit,1396,sim,clean,wiener,8.247998348552702e-05,9.281323910251008e-05,6.498667699985078e-07,0.65052,0.0024470155440673154,50000,1.1252819797035516
34,9,2.0,fit,1558,sim,clean,wiener,0.00011953575462933366,0.00013974038614787327,7.688140360499069e-07,0.47382,0.002894900899018996,50000,1.169025841524921
34,13,4.0,fit,1531,sim,clean,wiener,9.454639808858e-05,0.0001089124108845696,7.028595152846721e-07,0.5899,0.0026465550149627755,50000,1.1519466958702136
34,11,3.0,fit,1558,sim,clean,wiener,0.00010540567735034855,0.0001221115009137408,7.446240924912847e-07,0.5402,0.002803815817228777,50000,1.1584907377224591
34,15,5.0,fit,1504,sim,clean,wiener,8.710627109199407e-05,9.996783639397631e-05,6.804885024626918e-07,0.62358,0.0025623189551438673,50000,1.1476537239023694
34,7,1.8,fit,1666,sim,clean,wiener,0.000126968489240751,0.00014717118170151934,7.92030554520984e-07,0.44584,0.0029823206351873525,50000,1.1591157977981532
34,17,6.0,fit,1423,sim,clean,wiener,8.247998348552702e-05,9.379055603022336e-05,6.652899712406661e-07,0.64684,0.0025050902370985137,50000,1.1371311203848755
34,9,2.0,fit,1585,sim,clean,wiener,0.00011953575462933366,0.00013917736661342976,7.848381236261322e-07,0.47594,0.0029552381761175145,50000,1.1643157902420278
34,13,4.0,fit,1558,sim,clean,wiener,9.454639808858e-05,0.00010953385697447425,7.081110082568787e-07,0.58756,0.0026663290448498233,50000,1.158519617763255
34,11,3.0,fit,1585,sim,clean,wiener,0.00010540567735034855,0.00012141569375324928,7.343350062800724e-07,0.54282,0.0027650731778826494,50000,1.1518895073335231
34,15,5.0,fit,1531,sim,clean,wiener,8.710627109199407e-05,9.962790007129344e-05,6.752293227791906e-07,0.62486,0.0025425159816288494,50000,1.1437511768363395
34,7,1.8,fit,1693,sim,clean,wiener,0.000126968489240751,0.00014894522438552063,8.084147349239405e-07,0.43916,0.0030440138098097908,50000,1.1730881045855281
34,17,6.0,fit,1450,sim,clean,wiener,8.247998348552702e-05,9.396583569660672e-05,6.594109755392031e-07,0.64618,0.00248295340147447,50000,1.1392562380070694
34,9,2.0,fit,1612,sim,clean,wiener,0.00011953575462933366,0.00013841250988739327,7.690979562575914e-07,0.47882,0.002895969975318251,50000,1.1579172300086633
34,13,4.0,fit,1585,sim,clean,wiener,9.454639808858e-05,0.00010860965509718016,7.008967929303245e-07,0.59104,0.0026391645584392205,50000,1.1487445031530907
34,11,3.0,fit,1612,sim,clean,wiener,0.00010540567735034855,0.00012153254686417153,7.438520202080095e-07,0.54238,0.0028009086476895153,50000,1.152998110910291
34,15,5.0,fit,1558,sim,clean,wiener,8.710627109199407e-05,9.923484869819136e-05,6.771000480453547e-07,0.62634,0.0025495600312961278,50000,1.1392388567912424
34,7,1.8,fit,1720,sim,clean,wiener,0.000126968489240751,0.00014951355542500608,8.038585815050984e-07,0.43702,0.0030268580191896797,50000,1.1775642627479508
34,9,2.0,fit,1639,sim,clean,wiener,0.00011953575462933366,0.0001391136285529267,7.64662659131338e-07,0.47618,0.0028792692583227905,50000,1.1637825768892474
34,17,6.0,fit,1477,sim,clean,wiener,8.247998348552702e-05,9.345061970754047e-05,6.674447986555968e-07,0.64812,0.002513204048148015,50000,1.133009680147893
34,13,4.0,fit,1612,sim,clean,wiener,9.454639808858e-05,0.00010840250640054527,7.042950935603595e-07,0.59182,0.0026519605573254667,50000,1.1465535291887434
34,15,5.0,fit,1585,sim,clean,wiener,8.710627109199407e-05,9.854966454778367e-05,6.764822347178551e-07,0.62892,0.002547233710139982,50000,1.1313727853612754
34,11,3.0,fit,1639,sim,clean,wiener,0.00010540567735034855,0.00012163877696500991,7.426911427341683e-07,0.54198,0.0027965374667730737,50000,1.1540059323437162
34,7,1.8,fit,1747,sim,clean,wiener,0.000126968489240751,0.00014803695702335232,7.879018850737021e-07,0.44258,0.002966774497455402,50000,1.1659346181764232
34,9,2.0,fit,1666,sim,clean,wiener,0.00011953575462933366,0.00013762109563614718,7.706541812857303e-07,0.4818,0.002901829802300836,50000,1.1512964975449735
34,17,6.0,fit,1504,sim,clean,wiener,8.247998348552702e-05,9.400301623190017e-05,6.562702447083477e-07,0.64604,0.002471127258767016,50000,1.1397070205329893
34,13,4.0,fit,1639,sim,clean,wiener,9.454639808858e-05,0.00010834939135012608,7.01810540680024e-07,0.59202,0.002642605194351219,50000,1.1459917409927571
34,15,5.0,fit,1612,sim,clean,wiener,8.710627109199407e-05,9.8528418527616e-05,6.741769220053945e-07,0.629,0.00253855326008198,50000,1.1311288761696485
34,11,3.0,fit,1666,sim,clean,wiener,0.00010540567735034855,0.00011965227407933185,7.302356623890241e-07,0.54946,0.0027496374629254194,50000,1.135159671538662
34,7,1.8,fit,1774,sim,clean,wiener,0.000126968489240751,0.00014958260499055103,8.019377425264978e-07,0.43676,0.0030196252707937327,50000,1.1781080950480582
34,9,2.0,fit,1693,sim,clean,wiener,0.00011953575462933366,0.00013983068173358592,7.749292971955664e-07,0.47348,0.0029179273711672704,50000,1.1697812271080268
34,17,6.0,fit,1531,sim,clean,wiener,8.247998348552702e-05,9.467226586718209e-05,6.58424923402677e-07,0.64352,0.0024792405098223156,50000,1.147821105999548
34,13,4.0,fit,1666,sim,clean,wiener,9.454639808858e-05,0.00010726053281653249,6.97284427337402e-07,0.59612,0.0026255625169673115,50000,1.134475082975035
34,15,5.0,fit,1639,sim,clean,wiener,8.710627109199407e-05,9.878868227467007e-05,6.754622694064544e-07,0.62802,0.0025433931214429903,50000,1.1341167637670777
34,11,3.0,fit,1693,sim,clean,wiener,0.00010540567735034855,0.00012226553455995648,7.438516157535542e-07,0.53962,0.0028009071247522234,50000,1.1599520788009259
34,9,2.0,fit,1720,sim,clean,wiener,0.00011953575462933366,0.00014093016327726337,7.825762672424379e-07,0.46934,0.0029467213570018667,50000,1.1789791574434885
34,7,1.8,fit,1801,sim,clean,wiener,0.000126968489240751,0.0001488336827796403,8.006849095868684e-07,0.43958,0.0030149078397464432,50000,1.1722096062545855
34,17,6.0,fit,1558,sim,clean,wiener,8.247998348552702e-05,9.312130639494142e-05,6.56342741070229e-07,0.64936,0.0024714002373721726,50000,1.1290170349183164
34,13,4.0,fit,1693,sim,clean,wiener,9.454639808858e-05,0.00010935326580304896,7.096002616668128e-07,0.58824,0.002671936696158371,50000,1.156609537896901
34,15,5.0,fit,1666,sim,clean,wiener,8.710627109199407e-05,9.817254768980736e-05,6.750967588945284e-07,0.63034,0.0025420168241071456,50000,1.1270433972098983
34,11,3.0,fit,1720,sim,clean,wiener,0.00010540567735034855,0.00012311537536666367,7.415827422458084e-07,0.53642,0.0027923638832798377,50000,1.1680146502683288
34,9,2.0,fit,1747,sim,clean,wiener,0.00011953575462933366,0.00013869933115965693,7.818444530173897e-07,0.47774,0.002943965775601595,50000,1.1603166900961748
34,17,6.0,fit,1585,sim,clean,wiener,8.247998348552702e-05,9.404550827223551e-05,6.572682255935685e-07,0.64588,0.0024748850670618192,50000,1.140222200562612
34,7,1.8,fit,1828,sim,clean,wiener,0.000126968489240751,0.00014971008111155712,7.965887897512725e-07,0.43628,0.0029994842646833752,50000,1.179112093140564
34,15,5.0,fit,1693,sim,clean,wiener,8.710627109199407e-05,9.954822749566463e-05,6.758694655052373e-07,0.62516,0.0025449263821499617,50000,1.1428365173677386
34,11,3.0,fit,1747,sim,clean,wiener,0.00010540567735034855,0.00012077831314821886,7.33178035928591e-07,0.54522,0.0027607167088880787,50000,1.1458425787329707
34,13,4.0,fit,1720,sim,clean,wiener,9.454639808858e-05,0.00010975694018623487,7.002646272824847e-07,0.58672,0.0026367841948968704,50000,1.160879128186398
34,9,2.0,fit,1774,sim,clean,wiener,0.00011953575462933366,0.00014058491544953857,7.881878051846159e-07,0.47064,0.0029678511042124595,50000,1.1760909184492614
34,17,6.0,fit,1612,sim,clean,wiener,8.247998348552702e-05,9.293540371847425e-05,6.611106778611294e-07,0.65006,0.0024893534794505306,50000,1.1267631222887171
34,7,1.8,fit,1855,sim,clean,wiener,0.000126968489240751,0.00014960916251576062,7.825568786216472e-07,0.43666,0.002946648350874083,50000,1.1783172613173303
34,15,5.0,fit,1720,sim,clean,wiener,8.710627109199407e-05,0.00010027059218136575,6.834224304469155e-07,0.62244,0.0025733664001187594,50000,1.1511294298830526
34,11,3.0,fit,1774,sim,clean,wiener,0.00010540567735034855,0.00012129352913728511,7.39738973587866e-07,0.54328,0.00278542133632416,50000,1.1507305126850838
34,13,4.0,fit,1747,sim,clean,wiener,9.454639808858e-05,0.00010747830452325118,7.004056153318051e-07,0.5953,0.002637315072861619,50000,1.136778414578579
34,9,2.0,fit,1801,sim,clean,wiener,0.00011953575462933366,0.00014082393317642493,7.837426940947496e-07,0.46974,0.0029511134336095545,50000,1.1780904685221876
34,17,6.0,fit,1639,sim,clean,wiener,8.247998348552702e-05,9.305225682939648e-05,6.568616288958693e-07,0.64962,0.002473354063346337,50000,1.1281798673701797
34,7,1.8,fit,1882,sim,clean,wiener,0.000126968489240751,0.00014867433762838272,7.808030002234136e-07,0.44018,0.0029400442776993745,50000,1.170954608638953
34,15,5.0,fit,1747,sim,clean,wiener,8.710627109199407e-05,9.8528418527616e-05,6.789414595103196e-07,0.629,0.0025564937024512217,50000,1.1311288761696485
34,11,3.0,fit,1801,sim,clean,wiener,0.00010540567735034855,0.00012202120532802816,7.456744386269142e-07,0.54054,0.002807770802218304,50000,1.1576340895040476
34,13,4.0,fit,1774,sim,clean,wiener,9.454639808858e-05,0.00010871588519801854,7.070939632778461e-07,0.59064,0.0026624994524047222,50000,1.1498680795450633
34,9,2.0,fit,1828,sim,clean,wiener,0.00011953575462933366,0.00014005907645038847,7.806116453973483e-07,0.47262,0.002939323748114803,50000,1.171691908288823
34,17,6.0,fit,1666,sim,clean,wiener,8.247998348552702e-05,9.28982231831808e-05,6.535141977316944e-07,0.6502,0.0024607496089110834,50000,1.126312339762797
34,7,1.8,fit,1909,sim,clean,wiener,0.000126968489240751,0.00014940201381912575,7.964171044601292e-07,0.43744,0.0029988377989837727,50000,1.1766857644170081
34,15,5.0,fit,1774,sim,clean,wiener,8.710627109199407e-05,9.907550354693375e-05,6.806693612176931e-07,0.62694,0.0025629999627060323,50000,1.1374095378540405
34,11,3.0,fit,1828,sim,clean,wiener,0.00010540567735034855,0.00012191497522718976,7.414982236971391e-07,0.54094,0.0027920456361991996,50000,1.1566262680706223
34,13,4.0,fit,1801,sim,clean,wiener,9.454639808858e-05,0.00010905051001565951,7.118578029031295e-07,0.58938,0.0026804372669702206,50000,1.1534073451797782
34,9,2.0,fit,1855,sim,clean,wiener,0.00011953575462933366,0.00013903395597729791,7.717827301138528e-07,0.47648,0.002906079252576099,50000,1.163116060198272
34,17,6.0,fit,1693,sim,clean,wiener,8.247998348552702e-05,9.366307990921728e-05,6.58235638515826e-07,0.64732,0.002478527774409821,50000,1.135585580296007
34,7,1.8,fit,1936,sim,clean,wiener,0.000126968489240751,0.00014909925803173633,7.97993972391498e-07,0.43858,0.00300477535498315,50000,1.1743012689473065
34,15,5.0,fit,1801,sim,clean,wiener,8.710627109199407e-05,9.90330115065984e-05,6.801844834006544e-07,0.6271,0.0025611741983954956,50000,1.1369217194707868
34,11,3.0,fit,1855,sim,clean,wiener,0.00010540567735034855,0.00012283386559944193,7.336628402574179e-07,0.53748,0.002762542196485288,50000,1.1653439234697518
34,13,4.0,fit,1828,sim,clean,wiener,9.454639808858e-05,0.00010858309757197055,7.085298252312107e-07,0.59114,0.002667906062930486,50000,1.1484636090550975
34,9,2.0,fit,1882,sim,clean,wiener,0.00011953575462933366,0.0001392357931688909,7.791167835600005e-07,0.47572,0.0029336949787714625,50000,1.1648045691487434
34,7,1.8,fit,1963,sim,clean,wiener,0.000126968489240751,0.00014815381013427457,7.931076962610445e-07,0.44214,0.0029863765166430207,50000,1.1668549497612204
34,17,6.0,fit,1720,sim,clean,wiener,8.247998348552702e-05,9.44385596453376e-05,6.597945218451886e-07,0.6444,0.002484397610989319,50000,1.1449876158366228
34,15,5.0,fit,1828,sim,clean,wiener,8.710627109199407e-05,9.990409833347327e-05,6.85509621506321e-07,0.62382,0.002581225532484945,50000,1.1469219963274888
34,11,3.0,fit,1882,sim,clean,wiener,0.00010540567735034855,0.00012122979107678207,7.324451001240263e-07,0.54352,0.002757956904279855,50000,1.1501258198250286
34,13,4.0,fit,1855,sim,clean,wiener,9.454639808858e-05,0.00010966133309548031,7.033337633340601e-07,0.58708,0.0026483407538282953,50000,1.1598679094336222
34,9,2.0,fit,1909,sim,clean,wiener,0.00011953575462933366,0.00013963415604703488,7.665150054576779e-07,0.47422,0.0028862441037261957,50000,1.1681371526036206
34,17,6.0,fit,1747,sim,clean,wiener,8.247998348552702e-05,9.293009221343232e-05,6.602344944975075e-07,0.65008,0.0024860542888945326,50000,1.1266987247850142
34,7,1.8,fit,1990,sim,clean,wiener,0.000126968489240751,0.00014844063140653823,8.019886824025965e-07,0.44106,0.003019817080368219,50000,1.1691139454693587
34,15,5.0,fit,1855,sim,clean,wiener,8.710627109199407e-05,0.00010019623111077886,6.758732910457166e-07,0.62272,0.0025449407868825156,50000,1.1502757477123582
34,11,3.0,fit,1909,sim,clean,wiener,0.00010540567735034855,0.00012192028673223169,7.374469294084316e-07,0.54092,0.0027767908477475895,50000,1.1566766591422937
34,13,4.0,fit,1882,sim,clean,wiener,9.454639808858e-05,0.00010891772238961152,7.069306828933001e-07,0.58988,0.002661884634633649,50000,1.152002874689812
34,9,2.0,fit,1936,sim,clean,wiener,0.00011953575462933366,0.00014000596139996928,7.834207581085462e-07,0.47282,0.002949901212276194,50000,1.1712475638281727
34,17,6.0,fit,1774,sim,clean,wiener,8.247998348552702e-05,9.396583569660672e-05,6.622685143617883e-07,0.64618,0.002493713209852821,50000,1.1392562380070694
34,7,1.8,fit,2017,sim,clean,wiener,0.000126968489240751,0.0001480050879931008,7.952044589925365e-07,0.4427,0.002994271690289449,50000,1.1656836186532968
34,15,5.0,fit,1882,sim,clean,wiener,8.710627109199407e-05,9.944199739482623e-05,6.769858084434676e-07,0.62556,0.0025491298722320377,50000,1.1416169714096043
34,11,3.0,fit,1936,sim,clean,wiener,0.00010540567735034855,0.00012162815395492609,7.329222468499922e-07,0.54202,0.0027597535578543133,50000,1.1539051502003739
34,13,4.0,fit,1909,sim,clean,wiener,9.454639808858e-05,0.00010836001436020993,6.999075029678984e-07,0.59198,0.002635439475041508,50000,1.1461040986319546
34,9,2.0,fit,1963,sim,clean,wiener,0.00011953575462933366,0.00013993691183442433,7.657503508123316e-07,0.47308,0.002883364864643068,50000,1.1706699160293275
34,17,6.0,fit,1801,sim,clean,wiener,8.247998348552702e-05,9.404019676719359e-05,6.613388982831476e-07,0.6459,0.0024902128231590165,50000,1.140157803058909
34,7,1.8,fit,2044,sim,clean,wiener,0.000126968489240751,0.00014848843495191553,7.96818131833504e-07,0.44088,0.003000347831903669,50000,1.1694904447540486
34,15,5.0,fit,1909,sim,clean,wiener,8.710627109199407e-05,9.954822749566463e-05,6.753455416639288e-07,0.62516,0.0025429535935065414,50000,1.1428365173677386
34,11,3.0,fit,1963,sim,clean,wiener,0.00010540567735034855,0.00012136257870283009,7.387412164422142e-07,0.54302,0.002781664370500812,50000,1.1513855966168105
34,13,4.0,fit,1936,sim,clean,wiener,9.454639808858e-05,0.00010847155596609025,6.959557586988334e-07,0.59156,0.002620559533338068,50000,1.147283853843526
34,9,2.0,fit,1990,sim,clean,wiener,0.00011953575462933366,0.00013835939483697408,7.718849555869471e-07,0.47902,0.002906464173506372,50000,1.157472885548013
34,17,6.0,fit,1828,sim,clean,wiener,8.247998348552702e-05,9.327534004115711e-05,6.637153493571994e-07,0.64878,0.0024991611383928195,50000,1.1308845625256991
34,7,1.8,fit,2071,sim,clean,wiener,0.000126968489240751,0.0001493010952233293,7.953761757560916e-07,0.43782,0.00299491827449562,50000,1.1758909325937743
34,15,5.0,fit,1936,sim,clean,wiener,8.710627109199407e-05,9.899583097130495e-05,6.772065223863036e-07,0.62724,0.0025499609509605486,50000,1.1364948783854398
34,11,3.0,fit,1990,sim,clean,wiener,0.00010540567735034855,0.00012111293796585984,7.472711221267373e-07,0.54396,0.0028137829719789335,50000,1.1490172162482608
34,13,4.0,fit,1963,sim,clean,wiener,9.454639808858e-05,0.00010831752231987455,7.007102023831302e-07,0.59214,0.002638461968323155,50000,1.1456546680751651
34,9,2.0,fit,2017,sim,clean,wiener,0.00011953575462933366,0.00013984130474366973,7.706413602153295e-07,0.47344,0.0029017815257001375,50000,1.1698700960001567
34,17,6.0,fit,1855,sim,clean,wiener,8.247998348552702e-05,9.397645870669055e-05,6.550117397943635e-07,0.64614,0.0024663884704045776,50000,1.1393850330144748
34,7,1.8,fit,2098,sim,clean,wiener,0.000126968489240751,0.00014916299609223936,7.94880170369009e-07,0.43834,0.002993050610309413,50000,1.1748032679935594
34,11,3.0,fit,2017,sim,clean,wiener,0.00010540567735034855,0.00012159628492467457,7.389228468939537e-07,0.54214,0.0027823482838184345,50000,1.1536028037703463
34,15,5.0,fit,1963,sim,clean,wiener,8.710627109199407e-05,9.941012836457472e-05,6.766525276710402e-07,0.62568,0.002547874933114793,50000,1.141251107622164
34,13,4.0,fit,1990,sim,clean,wiener,9.454639808858e-05,0.00010777043730055682,7.052513308318573e-07,0.5942,0.0026555611837541376,50000,1.139868249656505
34,17,6.0,fit,1882,sim,clean,wiener,8.247998348552702e-05,9.47306924226432e-05,6.650128040587595e-07,0.6433,0.002504046588717427,50000,1.1485294785402793
34,9,2.0,fit,2044,sim,clean,wiener,0.00011953575462933366,0.00013949605691594496,7.837084515527551e-07,0.47474,0.002950984496362111,50000,1.1669818570059298
34,7,1.8,fit,2125,sim,clean,wiener,0.000126968489240751,0.00014904614298131712,8.043457588458469e-07,0.43878,0.0030286924421523,50000,1.1738829364087622
34,11,3.0,fit,2044,sim,clean,wiener,0.00010540567735034855,0.00012084205120872191,7.49251805583525e-07,0.54498,0.0028212410594368404,50000,1.1464472715930258
34,15,5.0,fit,1990,sim,clean,wiener,8.710627109199407e-05,9.87143212040832e-05,6.769964706047325e-07,0.6283,0.002549170019652329,50000,1.1332630815963838
34,13,4.0,fit,2017,sim,clean,wiener,9.454639808858e-05,0.00010857778606692863,7.109960973729796e-07,0.59116,0.0026771925914089658,50000,1.1484074302354987
34,17,6.0,fit,1909,sim,clean,wiener,8.247998348552702e-05,9.312661789998335e-05,6.558207250075236e-07,0.64934,0.0024694346322994653,50000,1.1290814324220193
34,9,2.0,fit,2071,sim,clean,wiener,0.00011953575462933366,0.00014085049070163453,7.729621378099907e-07,0.46964,0.002910520207397114,50000,1.1783126407525126
34,7,1.8,fit,2152,sim,clean,wiener,0.000126968489240751,0.00014844594291158015,7.950372612267264e-07,0.44104,0.0029936421219675124,50000,1.1691557787232132
34,11,3.0,fit,2071,sim,clean,wiener,0.00010540567735034855,0.00012207432037844733,7.408346288080279e-07,0.54034,0.002789546928643153,50000,1.15813800022076
34,15,5.0,fit,2017,sim,clean,wiener,8.710627109199407e-05,9.892146990071809e-05,6.781204025228845e-07,0.62752,0.0025534020853635784,50000,1.135641196214746
34,13,4.0,fit,2044,sim,clean,wiener,9.454639808858e-05,0.00010822191522912,7.005898687824279e-07,0.5925,0.0026380088628483317,50000,1.1446434493223896
34,17,6.0,fit,1936,sim,clean,wiener,8.247998348552702e-05,9.385429409072641e-05,6.580802857837578e-07,0.6466,0.0024779428075093206,50000,1.1379038904293097
34,9,2.0,fit,2098,sim,clean,wiener,0.00011953575462933366,0.00014012812601593344,7.717042375036754e-07,0.47236,0.002905783695631098,50000,1.1722695560876686
34,7,1.8,fit,2179,sim,clean,wiener,0.000126968489240751,0.0001488071252544307,7.952388718603985e-07,0.43968,0.002994401268883804,50000,1.1720004399853134
34,11,3.0,fit,2098,sim,clean,wiener,0.00010540567735034855,0.00012098015033981182,7.47408051220913e-07,0.54446,0.0028142985663089583,50000,1.147757439456479
34,13,4.0,fit,2071,sim,clean,wiener,9.454639808858e-05,0.00010860965509718016,7.071342387841836e-07,0.59104,0.002662651106243021,50000,1.1487445031530907
34,15,5.0,fit,2044,sim,clean,wiener,8.710627109199407e-05,9.964383458641919e-05,6.772601889815045e-07,0.6248,0.0025501630277533875,50000,1.1439341087300596
34,17,6.0,fit,1963,sim,clean,wiener,8.247998348552702e-05,9.319566746552831e-05,6.615592635720012e-07,0.64908,0.002491042589061955,50000,1.1299185999701564
34,9,2.0,fit,2125,sim,clean,wiener,0.00011953575462933366,0.00014015468354114304,7.796481468969636e-07,0.47226,0.0029356957801743395,50000,1.1724917283179936
34,7,1.8,fit,2206,sim,clean,wiener,0.000126968489240751,0.0001485946650527539,7.916295303070167e-07,0.44048,0.002980810614163924,50000,1.1703271098311367
34,11,3.0,fit,2125,sim,clean,wiener,0.00010540567735034855,0.00012189904071206399,7.340650761502983e-07,0.541,0.002764056779977936,50000,1.1564750948556084
34,13,4.0,fit,2098,sim,clean,wiener,9.454639808858e-05,0.00010863621262238975,7.07059258050112e-07,0.59094,0.0026623687729552628,50000,1.1490253972510838
34,15,5.0,fit,2071,sim,clean,wiener,8.710627109199407e-05,9.982442575784448e-05,6.805644458185909e-07,0.62412,0.0025626049130985326,50000,1.1460073368588881
34,17,6.0,fit,1990,sim,clean,wiener,8.247998348552702e-05,9.272825502183936e-05,6.576661949914643e-07,0.65084,0.0024763835854469283,50000,1.124251619644306
34,7,1.8,fit,2233,sim,clean,wiener,0.000126968489240751,0.00014968352358634752,8.026773643744469e-07,0.43638,0.0030224102511038774,50000,1.178902926871292
34,9,2.0,fit,2152,sim,clean,wiener,0.00011953575462933366,0.0001387152656747827,7.802101165575454e-07,0.47768,0.002937811826967655,50000,1.1604499934343702
34,11,3.0,fit,2152,sim,clean,wiener,0.00010540567735034855,0.00012093234679443455,7.393933356937059e-07,0.54464,0.0027841198675636783,50000,1.1473039198114374
34,13,4.0,fit,2125,sim,clean,wiener,9.454639808858e-05,0.00010940106934842623,7.022572820222479e-07,0.58806,0.002644287359156479,50000,1.1571151472732888
34,15,5.0,fit,2098,sim,clean,wiener,8.710627109199407e-05,9.950573545532928e-05,6.727966441168932e-07,0.62532,0.0025333559464105907,50000,1.1423486989844849
34,17,6.0,fit,2017,sim,clean,wiener,8.247998348552702e-05,9.298851876889344e-05,6.627557332315236e-07,0.64986,0.002495547789189149,50000,1.1274070973257455
34,7,1.8,fit,2260,sim,clean,wiener,0.000126968489240751,0.0001486477801031731,7.88917390509612e-07,0.44028,0.0029705982928877523,50000,1.1707454423696808
34,9,2.0,fit,2179,sim,clean,wiener,0.00011953575462933366,0.00013883743029074688,7.883301952765082e-07,0.47722,0.00296838726144386,50000,1.1614719856938658
34,11,3.0,fit,2179,sim,clean,wiener,0.00010540567735034855,0.0001210491999053568,7.416300072664481e-07,0.5442,0.0027925418555128177,50000,1.1484125233882054
34,13,4.0,fit,2152,sim,clean,wiener,9.454639808858e-05,0.00010855654004676095,7.06838839427105e-07,0.59124,0.002661538806227311,50000,1.1481827149571042
34,15,5.0,fit,2125,sim,clean,wiener,8.710627109199407e-05,9.922953719314943e-05,6.817638469358815e-07,0.62636,0.0025671211513693224,50000,1.1391778794933354
34,17,6.0,fit,2044,sim,clean,wiener,8.247998348552702e-05,9.297258425376766e-05,6.624425398243649e-07,0.64992,0.0024943684872598955,50000,1.1272139048146366
34,7,1.8,fit,2287,sim,clean,wiener,0.000126968489240751,0.00014853092699225088,7.936059591404666e-07,0.44072,0.002988252681215923,50000,1.1698251107848838
34,9,2.0,fit,2206,sim,clean,wiener,0.00011953575462933366,0.0001408929827419699,7.829063115701836e-07,0.46948,0.002947964109574408,50000,1.178668116321033
34,11,3.0,fit,2206,sim,clean,wiener,0.00010540567735034855,0.00012149536632887808,7.397838385290716e-07,0.54252,0.0027855902712714173,50000,1.152645373408592
34,13,4.0,fit,2179,sim,clean,wiener,9.454639808858e-05,0.00010821660372407806,7.065617919711844e-07,0.59252,0.0026604956086637805,50000,1.1445872705027909
34,15,5.0,fit,2152,sim,clean,wiener,8.710627109199407e-05,9.819910521501696e-05,6.756764538258746e-07,0.63024,0.002544199613831606,50000,1.127348283699432
34,17,6.0,fit,2071,sim,clean,wiener,8.247998348552702e-05,9.328596305124097e-05,6.579188662882711e-07,0.64874,0.0024773349967505518,50000,1.131013357533105
34,7,1.8,fit,2314,sim,clean,wiener,0.000126968489240751,0.00014974726164685055,7.957961101659638e-07,0.43614,0.0029964995001804605,50000,1.179404925917545
34,9,2.0,fit,2233,sim,clean,wiener,0.00011953575462933366,0.00014051055437895168,7.684515150093051e-07,0.47092,0.0028935358582716348,50000,1.1754688362043508
34,11,3.0,fit,2233,sim,clean,wiener,0.00010540567735034855,0.0001217131380355968,7.270863314107102e-07,0.5417,0.0027377789371273325,50000,1.154711407347114
34,13,4.0,fit,2206,sim,clean,wiener,9.454639808858e-05,0.00010831221081483263,7.048780975668945e-07,0.59216,0.0026541558070783474,50000,1.1455984892555666
34,15,5.0,fit,2179,sim,clean,wiener,8.710627109199407e-05,9.82894008007296e-05,6.811098415142189e-07,0.6299,0.0025646585521003733,50000,1.1283848977638462
34,17,6.0,fit,2098,sim,clean,wiener,8.247998348552702e-05,9.399239322181632e-05,6.63134161218813e-07,0.64608,0.002496972726130007,50000,1.1395782255255835
34,9,2.0,fit,2260,sim,clean,wiener,0.00011953575462933366,0.00013974038614787327,7.834730127882222e-07,0.47382,0.002950097972626654,50000,1.169025841524921
34,7,1.8,fit,2341,sim,clean,wiener,0.000126968489240751,0.00014901958545610752,7.948152217878429e-07,0.43888,0.002992806052201481,50000,1.1736737701394901
34,11,3.0,fit,2260,sim,clean,wiener,0.00010540567735034855,0.00012094828130956033,7.337459187157239e-07,0.54458,0.0027628550210336985,50000,1.1474550930264515
34,13,4.0,fit,2233,sim,clean,wiener,9.454639808858e-05,0.00010931077376271359,7.052840012092821e-07,0.5884,0.0026556842011556726,50000,1.1561601073401118
34,15,5.0,fit,2206,sim,clean,wiener,8.710627109199407e-05,9.891084689063424e-05,6.748671070463275e-07,0.62756,0.002541152090490634,50000,1.1355192416189324
34,17,6.0,fit,2125,sim,clean,wiener,8.247998348552702e-05,9.432701803945729e-05,6.694171662863832e-07,0.64482,0.002520630823102458,50000,1.143635268258863
34,9,2.0,fit,2287,sim,clean,wiener,0.00011953575462933366,0.00013979350119829248,7.859025194222726e-07,0.47362,0.002959246063854568,50000,1.1694701859855716
34,7,1.8,fit,2368,sim,clean,wiener,0.000126968489240751,0.00014829722077040638,7.970483734725815e-07,0.4416,0.0030012147863252895,50000,1.1679844476152894
34,11,3.0,fit,2287,sim,clean,wiener,0.00010540567735034855,0.00012186186017677057,7.418705402701804e-07,0.54114,0.0027934475611530608,50000,1.1561223573539097
34,15,5.0,fit,2233,sim,clean,wiener,8.710627109199407e-05,9.914455311247871e-05,6.809507010319648e-07,0.62668,0.002564059322763309,50000,1.138202242726828
34,13,4.0,fit,2260,sim,clean,wiener,9.454639808858e-05,0.00010778106031064063,7.011805873541373e-07,0.59416,0.00264023316111049,50000,1.139980607295702
34,17,6.0,fit,2152,sim,clean,wiener,8.247998348552702e-05,9.371619495963647e-05,6.615716500358772e-07,0.64712,0.002491089229190424,50000,1.1362295553330355
34,9,2.0,fit,2314,sim,clean,wiener,0.00011953575462933366,0.00014066989953020925,7.789576621125817e-07,0.47032,0.0029330958211083785,50000,1.1768018695863016
34,7,1.8,fit,2395,sim,clean,wiener,0.000126968489240751,0.00014882305976955646,7.980198362510873e-07,0.43962,0.0030048727430469296,50000,1.1721259397468766
34,11,3.0,fit,2314,sim,clean,wiener,0.00010540567735034855,0.00012286042312465153,7.39623622504337e-07,0.53738,0.002784986992074767,50000,1.165595878828108
34,15,5.0,fit,2260,sim,clean,wiener,8.710627109199407e-05,9.918173364777216e-05,6.808830939413522e-07,0.62654,0.0025638047542744192,50000,1.138629083812175
34,13,4.0,fit,2287,sim,clean,wiener,9.454639808858e-05,0.000109682579115648,7.036517208353431e-07,0.587,0.002649537994530407,50000,1.160092624712017
34,17,6.0,fit,2179,sim,clean,wiener,8.247998348552702e-05,9.322753649577984e-05,6.641314838520315e-07,0.64896,0.0025007280558354194,50000,1.1303049849923736
34,9,2.0,fit,2341,sim,clean,wiener,0.00011953575462933366,0.00013894366039158526,7.8159135747552e-07,0.47682,0.002943012766840906,50000,1.1623606746151662
34,11,3.0,fit,2341,sim,clean,wiener,0.00010540567735034855,0.00012152192385408768,7.433369215475772e-07,0.54242,0.002798969089480055,50000,1.1528973287669484
34,7,1.8,fit,2422,sim,clean,wiener,0.000126968489240751,0.0001477979392964659,7.90574340593457e-07,0.44348,0.002976837391112334,50000,1.1640521217529745
34,15,5.0,fit,2287,sim,clean,wiener,8.710627109199407e-05,9.995721338389248e-05,6.778484585570905e-07,0.62362,0.0025523781045383785,50000,1.147531769306556
34,17,6.0,fit,2206,sim,clean,wiener,8.247998348552702e-05,9.365776840417535e-05,6.578632934578729e-07,0.64734,0.002477125742198557,50000,1.135521182792304
34,13,4.0,fit,2314,sim,clean,wiener,9.454639808858e-05,0.00010896021442994688,7.058687911089807e-07,0.58972,0.0026578861755304807,50000,1.1524523052466011
34,9,2.0,fit,2368,sim,clean,wiener,0.00011953575462933366,0.0001398519277537536,7.767741672316541e-07,0.4734,0.002924874065264433,50000,1.1699589648922868
34,11,3.0,fit,2368,sim,clean,wiener,0.00010540567735034855,0.00012161221943980032,7.414831362847885e-07,0.54208,0.002791988825889385,50000,1.15375397698536
34,7,1.8,fit,2449,sim,clean,wiener,0.000126968489240751,0.0001502412316157491,7.953600862581988e-07,0.43428,0.00299485769092179,50000,1.1832954185260056
34,15,5.0,fit,2314,sim,clean,wiener,8.710627109199407e-05,0.00010027059218136575,6.82030956204629e-07,0.62244,0.002568126927572637,50000,1.1511294298830526
34,13,4.0,fit,2341,sim,clean,wiener,9.454639808858e-05,0.00010831221081483263,7.054207613394423e-07,0.59216,0.0026561991592667198,50000,1.1455984892555666
34,17,6.0,fit,2233,sim,clean,wiener,8.247998348552702e-05,9.354091529325311e-05,6.587186535014083e-07,0.64778,0.0024803465243941293,50000,1.1341044377108416
34,9,2.0,fit,2395,sim,clean,wiener,0.00011953575462933366,0.00013939513832014847,7.745578923461225e-07,0.47512,0.002916528879227556,50000,1.166137602530694
34,7,1.8,fit,2476,sim,clean,wiener,0.000126968489240751,0.00014954542445525757,8.112195534203425e-07,0.4369,0.003054575104487158,50000,1.1778152622710771
34,11,3.0,fit,2395,sim,clean,wiener,0.00010540567735034855,0.00012084736271376384,7.457121677716106e-07,0.54496,0.002807912867958235,50000,1.1464976626646972
34,15,5.0,fit,2341,sim,clean,wiener,8.710627109199407e-05,9.91711106376883e-05,6.794521743797346e-07,0.62658,0.0025584167538853604,50000,1.1385071292163615
34,13,4.0,fit,2368,sim,clean,wiener,9.454639808858e-05,0.00010925234720725247,7.00992620554365e-07,0.58862,0.002639525388837702,50000,1.1555421403245265
34,17,6.0,fit,2260,sim,clean,wiener,8.247998348552702e-05,9.326471703107329e-05,6.618814049446462e-07,0.64882,0.0024922555837597012,50000,1.1307557675182935
34,9,2.0,fit,2422,sim,clean,wiener,0.00011953575462933366,0.00013905520199746562,7.677285750196972e-07,0.4764,0.0028908136920159228,50000,1.1632937979825324
34,7,1.8,fit,2503,sim,clean,wiener,0.000126968489240751,0.00014947637488971265,8.012450129178566e-07,0.43716,0.003017016859041606,50000,1.17727142997097
34,11,3.0,fit,2422,sim,clean,wiener,0.00010540567735034855,0.0001209164122793088,7.365344572134549e-07,0.5447,0.0027733550148234926,50000,1.1471527465964237
34,15,5.0,fit,2368,sim,clean,wiener,8.710627109199407e-05,9.934107879902974e-05,6.771888971355047e-07,0.62594,0.0025498945846456917,50000,1.1404584027493765
34,13,4.0,fit,2395,sim,clean,wiener,9.454639808858e-05,0.00010830158780474881,6.983550090557785e-07,0.5922,0.0026295936972445667,50000,1.1454861316163694
34,17,6.0,fit,2287,sim,clean,wiener,8.247998348552702e-05,9.399239322181632e-05,6.56909502990931e-07,0.64608,0.002473534328994901,50000,1.1395782255255835
34,9,2.0,fit,2449,sim,clean,wiener,0.00011953575462933366,0.000139958157854592,7.84174075050257e-07,0.473,0.002952737760244295,50000,1.1708476538135877
34,7,1.8,fit,2530,sim,clean,wiener,0.000126968489240751,0.00014865309160821505,7.903758855840792e-07,0.44026,0.002976090126418762,50000,1.1707872756235356
34,15,5.0,fit,2395,sim,clean,wiener,8.710627109199407e-05,9.783792287216639e-05,6.733310846701921e-07,0.6316,0.002535368334797991,50000,1.123201827441775
34,11,3.0,fit,2449,sim,clean,wiener,0.00010540567735034855,0.00012149005482383615,7.328107225037647e-07,0.54254,0.0027593336228440017,50000,1.1525949823369206
34,13,4.0,fit,2422,sim,clean,wiener,9.454639808858e-05,0.00010740394345266431,6.973023530159922e-07,0.59558,0.0026256300145163065,50000,1.1359919111041983
34,9,2.0,fit,2476,sim,clean,wiener,0.00011953575462933366,0.00013988910828904703,7.693869406310979e-07,0.47326,0.002897058120283664,50000,1.170270006014742
34,17,6.0,fit,2314,sim,clean,wiener,8.247998348552702e-05,9.371619495963647e-05,6.58272919705861e-07,0.64712,0.002478668153416301,50000,1.1362295553330355
34,7,1.8,fit,2557,sim,clean,wiener,0.000126968489240751,0.00014945512886954494,7.989896075151575e-07,0.43724,0.0030085243305213514,50000,1.1771040969555522
34,15,5.0,fit,2422,sim,clean,wiener,8.710627109199407e-05,9.887366635534079e-05,6.761794186566775e-07,0.6277,0.0025460934831843915,50000,1.1350924005335852
34,13,4.0,fit,2449,sim,clean,wiener,9.454639808858e-05,0.00010906644453078529,7.013849433805439e-07,0.58932,0.0026410026455590363,50000,1.1535758816385742
34,11,3.0,fit,2476,sim,clean,wiener,0.00010540567735034855,0.00012147943181375232,7.327626568320947e-07,0.54258,0.0027591526358307517,50000,1.1524942001935783
34,9,2.0,fit,2503,sim,clean,wiener,0.00011953575462933366,0.0001401440605310592,7.797550822387917e-07,0.4723,0.0029360984356965845,50000,1.1724028594258638
34,17,6.0,fit,2341,sim,clean,wiener,8.247998348552702e-05,9.328065154619903e-05,6.605673038083e-07,0.64876,0.002487307452764908,50000,1.130948960029402
34,19,8.0,fit,1234,sim,clean,wiener,7.63553765438217e-05,8.665189325388288e-05,6.400085367326859e-07,0.67372,0.0024098952431807763,50000,1.1348499238184206
34,15,5.0,fit,2449,sim,clean,wiener,8.710627109199407e-05,9.925609471835902e-05,6.790429093356706e-07,0.62626,0.0025568757027488787,50000,1.139482765982869
34,13,4.0,fit,2476,sim,clean,wiener,9.454639808858e-05,0.00010888585335936001,7.00349430129506e-07,0.59,0.0026371035124776766,50000,1.1516658017722203
34,11,3.0,fit,2503,sim,clean,wiener,0.00010540567735034855,0.00012167595750030336,7.318858219591157e-07,0.54184,0.002755850992074194,50000,1.1543586698454151
34,9,2.0,fit,2530,sim,clean,wiener,0.00011953575462933366,0.0001395332374512384,7.764966950390993e-07,0.4746,0.002923829268392869,50000,1.167292898128385
34,17,6.0,fit,2368,sim,clean,wiener,8.247998348552702e-05,9.390209763610368e-05,6.626846253191684e-07,0.64642,0.002495280038667238,50000,1.1384834679626352
34,19,8.0,fit,1261,sim,clean,wiener,7.63553765438217e-05,8.566395331608575e-05,6.348489563526439e-07,0.67744,0.0023904673019877584,50000,1.1219112156027637
34,15,5.0,fit,2476,sim,clean,wiener,8.710627109199407e-05,9.912330709231105e-05,6.772007003862202e-07,0.62676,0.0025499390287368573,50000,1.1379583335352013
34,13,4.0,fit,2503,sim,clean,wiener,9.454639808858e-05,0.00010872119670306046,7.053155391306134e-07,0.59062,0.002655802954394472,50000,1.149924258364662
34,9,2.0,fit,2557,sim,clean,wiener,0.00011953575462933366,0.00014024497912685566,7.801975410379034e-07,0.47192,0.002937764474966508,50000,1.1732471139010991
34,11,3.0,fit,2530,sim,clean,wiener,0.00010540567735034855,0.00012108638044065024,7.386239953563761e-07,0.54406,0.002781222984923982,50000,1.1487652608899044
34,19,8.0,fit,1288,sim,clean,wiener,7.63553765438217e-05,8.449011070182143e-05,6.296423650252365e-07,0.68186,0.002370862345252086,50000,1.1065378042282468
34,17,6.0,fit,2395,sim,clean,wiener,8.247998348552702e-05,9.280792759746815e-05,6.564274781854551e-07,0.65054,0.0024717193074457484,50000,1.1252175821998485
34,15,5.0,fit,2503,sim,clean,wiener,8.710627109199407e-05,9.968101512171264e-05,6.809709981289644e-07,0.62466,0.0025641357496774867,50000,1.1443609498154066
34,13,4.0,fit,2530,sim,clean,wiener,9.454639808858e-05,0.0001084343754307968,7.006145015775871e-07,0.5917,0.002638101615448451,50000,1.1468906021063354
34,21,10.0,fit,1234,sim,clean,wiener,7.307168538373613e-05,8.240268922034688e-05,6.231252267070826e-07,0.68972,0.002346322640340884,50000,1.1276965734074555
34,11,3.0,fit,2557,sim,clean,wiener,0.00010540567735034855,0.00012207432037844733,7.378849714336121e-07,0.54034,0.0027784402560479616,50000,1.15813800022076
34,19,8.0,fit,1315,sim,clean,wiener,7.63553765438217e-05,8.744330750512895e-05,6.389253211754432e-07,0.67074,0.0024058164913065196,50000,1.1452148029804252
34,17,6.0,fit,2422,sim,clean,wiener,8.247998348552702e-05,9.305225682939648e-05,6.605929894268896e-07,0.64962,0.0024874041696780497,50000,1.1281798673701797
34,15,5.0,fit,2530,sim,clean,wiener,8.710627109199407e-05,9.874619023433472e-05,6.757828839833763e-07,0.62818,0.0025446003671271847,50000,1.133628945383824
34,13,4.0,fit,2557,sim,clean,wiener,9.454639808858e-05,0.00010888054185431808,7.030127369608844e-07,0.59002,0.0026471319575619183,50000,1.1516096229526216
34,21,10.0,fit,1261,sim,clean,wiener,7.307168538373613e-05,8.212117945312513e-05,6.219676681976235e-07,0.69078,0.0023419639566897407,50000,1.1238440583635858
34,19,8.0,fit,1342,sim,clean,wiener,7.63553765438217e-05,8.626415338582272e-05,6.366077591129637e-07,0.67518,0.002397089917410087,50000,1.1297718286585123
34,23,20.0,fit,1234,sim,clean,wiener,6.43725655430556e-05,7.22630260953216e-05,5.864613643665125e-07,0.7279,0.002208268126408551,50000,1.1225748963972622
34,15,5.0,fit,2557,sim,clean,wiener,8.710627109199407e-05,9.91711106376883e-05,6.748145423529025e-07,0.62658,0.0025409541628109646,50000,1.1385071292163615
34,17,6.0,fit,2449,sim,clean,wiener,8.247998348552702e-05,9.340812766720512e-05,6.588663520998744e-07,0.64828,0.002480902670335065,50000,1.1324945001182705
34,25,26.0,fit,1234,sim,clean,wiener,6.234172141648279e-05,6.927264875672062e-05,5.778762146667342e-07,0.73916,0.0021759415085026213,50000,1.1111763869004319
34,21,10.0,fit,1288,sim,clean,wiener,7.307168538373613e-05,8.109074747499263e-05,6.166849448787387e-07,0.69466,0.0023220723317089044,50000,1.1097423995237605
34,19,8.0,fit,1369,sim,clean,wiener,7.63553765438217e-05,8.600388963876864e-05,6.380061157606023e-07,0.67616,0.0024023553050416618,50000,1.126363244236108
34,23,20.0,fit,1261,sim,clean,wiener,6.43725655430556e-05,7.103606843063808e-05,5.806432830196905e-07,0.73252,0.0021863606583711346,50000,1.1035146390604178
34,27,30.0,fit,1234,sim,clean,wiener,6.0019906994456756e-05,6.650535462988031e-05,5.649609564091331e-07,0.74958,0.0021273102518035505,50000,1.1080549431045026
34,25,26.0,fit,1261,sim,clean,wiener,6.234172141648279e-05,6.861933363656449e-05,5.73013878392286e-07,0.74162,0.0021576328135618347,50000,1.100696805886113
34,17,6.0,fit,2476,sim,clean,wiener,8.247998348552702e-05,9.402426225206785e-05,6.630616167075524e-07,0.64596,0.0024966995662226437,50000,1.1399646105478007
34,21,10.0,fit,1315,sim,clean,wiener,7.307168538373613e-05,8.271075651277826e-05,6.252635380044018e-07,0.68856,0.0023543742614179344,50000,1.131912533266785
34,19,8.0,fit,1396,sim,clean,wiener,7.63553765438217e-05,8.553116569003776e-05,6.290963006344864e-07,0.67794,0.0023688061883382155,50000,1.1201721419178636
34,23,20.0,fit,1288,sim,clean,wiener,6.43725655430556e-05,7.077580468358399e-05,5.811409945916135e-07,0.7335,0.0021882347470446642,50000,1.099471554170784
34,27,30.0,fit,1261,sim,clean,wiener,6.0019906994456756e-05,6.560771027779585e-05,5.638031395036432e-07,0.75296,0.0021229505951851266,50000,1.0930991659793001
34,25,26.0,fit,1288,sim,clean,wiener,6.234172141648279e-05,6.818910172816896e-05,5.69221578237763e-07,0.74324,0.002143353244495843,50000,1.0937956183888782
34,17,6.0,fit,2503,sim,clean,wiener,8.247998348552702e-05,9.39339666663552e-05,6.58568312119757e-07,0.6463,0.0024797804272880747,50000,1.1388698529848522
34,21,10.0,fit,1342,sim,clean,wiener,7.307168538373613e-05,8.166439001952e-05,6.201815092509266e-07,0.6925,0.002335238333979793,50000,1.117592807537684
34,19,8.0,fit,1423,sim,clean,wiener,7.63553765438217e-05,8.625353037573887e-05,6.393642178067767e-07,0.67522,0.0024074691175503798,50000,1.12963270276372
34,23,20.0,fit,1315,sim,clean,wiener,6.43725655430556e-05,7.185935171213568e-05,5.851970412128817e-07,0.72942,0.0022035074299820113,50000,1.1163039892215039
34,27,30.0,fit,1288,sim,clean,wiener,6.0019906994456756e-05,6.496501816772351e-05,5.622443041741515e-07,0.75538,0.002117080939344875,50000,1.0823911835405455
34,25,26.0,fit,1315,sim,clean,wiener,6.234172141648279e-05,6.91292381205888e-05,5.781738594471363e-07,0.7397,0.00217706226346022,50000,1.1088759910680206
34,17,6.0,fit,2530,sim,clean,wiener,8.247998348552702e-05,9.365776840417535e-05,6.647736882117685e-07,0.64734,0.002503146219254897,50000,1.135521182792304
34,21,10.0,fit,1369,sim,clean,wiener,7.307168538373613e-05,8.199901483716097e-05,6.208389960899283e-07,0.69124,0.002337714042216207,50000,1.1221722122124727
34,19,8.0,fit,1450,sim,clean,wiener,7.63553765438217e-05,8.605700468918783e-05,6.348230388801222e-07,0.67596,0.002390369712049249,50000,1.127058873710068
34,23,20.0,fit,1342,sim,clean,wiener,6.43725655430556e-05,7.116354455164416e-05,5.836030548519851e-07,0.73204,0.0021975054160582124,50000,1.105494925536973
34,27,30.0,fit,1315,sim,clean,wiener,6.0019906994456756e-05,6.64203705492096e-05,5.670066199176671e-07,0.7499,0.002135013015869061,50000,1.1066390115423532
34,25,26.0,fit,1342,sim,clean,wiener,6.234172141648279e-05,6.864589116177409e-05,5.734726069738873e-07,0.74152,0.0021593601152512087,50000,1.1011228051143374
34,17,6.0,fit,2557,sim,clean,wiener,8.247998348552702e-05,9.408800031257089e-05,6.601954780362065e-07,0.64572,0.0024859073758783795,50000,1.140737380592235
34,21,10.0,fit,1396,sim,clean,wiener,7.307168538373613e-05,8.149973336322049e-05,6.168193852920335e-07,0.69312,0.002322578555132336,50000,1.1153394496818358
34,19,8.0,fit,1477,sim,clean,wiener,7.63553765438217e-05,8.607293920431362e-05,6.367030391177235e-07,0.6759,0.0023974486857968546,50000,1.1272675625522564
34,23,20.0,fit,1369,sim,clean,wiener,6.43725655430556e-05,7.210899244910591e-05,5.849933860424705e-07,0.72848,0.002202740584544404,50000,1.120182050238091
34,27,30.0,fit,1342,sim,clean,wiener,6.0019906994456756e-05,6.571925188367616e-05,5.638132243362792e-07,0.75254,0.002122988568725795,50000,1.094957576154621
34,25,26.0,fit,1369,sim,clean,wiener,6.234172141648279e-05,6.940543638276864e-05,5.764908193718554e-07,0.73866,0.0021707249256924955,50000,1.113306383041554
34,29,40.0,fit,1234,sim,clean,wiener,6.006375871825402e-05,6.6659388276096e-05,5.661959538881314e-07,0.749,0.002131960525009549,50000,1.1098104697173654
34,21,10.0,fit,1423,sim,clean,wiener,7.307168538373613e-05,8.156878292876543e-05,6.200773243399577e-07,0.69286,0.0023348460349604133,50000,1.1162844062020298
34,19,8.0,fit,1504,sim,clean,wiener,7.63553765438217e-05,8.697589506144e-05,6.357663466774092e-07,0.6725,0.002393921653692313,50000,1.139093263609577
34,23,20.0,fit,1396,sim,clean,wiener,6.43725655430556e-05,7.087141177433855e-05,5.829333499707383e-07,0.73314,0.0021949837018700067,50000,1.1009567690282005
34,27,30.0,fit,1369,sim,clean,wiener,6.0019906994456756e-05,6.59635811156045e-05,5.641462031026337e-07,0.75162,0.002124242370666023,50000,1.0990283793958007
34,25,26.0,fit,1396,sim,clean,wiener,6.234172141648279e-05,6.86830716970675e-05,5.732086899172214e-07,0.74138,0.002158366359038674,50000,1.101719204033851
34,29,40.0,fit,1261,sim,clean,wiener,6.006375871825402e-05,6.621322185257472e-05,5.629452741207998e-07,0.75068,0.0021197203793571345,50000,1.1023822562148748
34,21,10.0,fit,1450,sim,clean,wiener,7.307168538373613e-05,8.229645911950848e-05,6.271950507681052e-07,0.69012,0.0023616472010027016,50000,1.126242794145618
34,19,8.0,fit,1531,sim,clean,wiener,7.63553765438217e-05,8.726271633370368e-05,6.359615149085257e-07,0.67142,0.002394656542314563,50000,1.1428496627689613
34,23,20.0,fit,1423,sim,clean,wiener,6.43725655430556e-05,7.10732489659315e-05,5.817062185354802e-07,0.73238,0.0021903630475523577,50000,1.1040922226160794
34,27,30.0,fit,1396,sim,clean,wiener,6.0019906994456756e-05,6.591046606518526e-05,5.605209540697555e-07,0.75182,0.0021105918177464016,50000,1.0981434221694568
34,25,26.0,fit,1423,sim,clean,wiener,6.234172141648279e-05,6.902831952479233e-05,5.739042965537064e-07,0.74008,0.0021609856039833553,50000,1.1072571940007683
34,29,40.0,fit,1288,sim,clean,wiener,6.006375871825402e-05,6.582017047947262e-05,5.616115213183402e-07,0.75216,0.0021146982517607823,50000,1.0958383538436327
34,21,10.0,fit,1477,sim,clean,wiener,7.307168538373613e-05,8.166439001952e-05,6.208075700008814e-07,0.6925,0.002337595710071932,50000,1.117592807537684
34,19,8.0,fit,1558,sim,clean,wiener,7.63553765438217e-05,8.582860997238528e-05,6.363625622244983e-07,0.67682,0.0023961666503265386,50000,1.12406766697204
34,23,20.0,fit,1450,sim,clean,wiener,6.43725655430556e-05,7.1970893318016e-05,5.835288517913857e-07,0.729,0.002197226011030772,50000,1.1180367398884896
34,25,26.0,fit,1450,sim,clean,wiener,6.234172141648279e-05,6.952228949369088e-05,5.758762550884279e-07,0.73822,0.0021684108385229377,50000,1.1151807796457411
34,27,30.0,fit,1423,sim,clean,wiener,6.0019906994456756e-05,6.613354927694592e-05,5.644441568141264e-07,0.75098,0.0021253642888761767,50000,1.1018602425200992
34,29,40.0,fit,1315,sim,clean,wiener,6.006375871825402e-05,6.625040238786817e-05,5.658695738881375e-07,0.75054,0.002130731570137368,50000,1.1030012740067492
34,21,10.0,fit,1504,sim,clean,wiener,7.307168538373613e-05,8.244518126068225e-05,6.246423273138056e-07,0.68956,0.0023520351477931017,50000,1.1282780851121907
34,19,8.0,fit,1585,sim,clean,wiener,7.63553765438217e-05,8.630664542615809e-05,6.324861724792231e-07,0.67502,0.0023815704493828074,50000,1.1303283322376805
34,23,20.0,fit,1477,sim,clean,wiener,6.43725655430556e-05,7.1970893318016e-05,5.834966459272653e-07,0.729,0.002197104742712786,50000,1.1180367398884896
34,25,26.0,fit,1477,sim,clean,wiener,6.234172141648279e-05,6.965507711973887e-05,5.764896157355669e-07,0.73772,0.0021707203935070643,50000,1.1173107757868628
34,27,30.0,fit,1450,sim,clean,wiener,6.0019906994456756e-05,6.667532279122174e-05,5.653633027326084e-07,0.74894,0.002128825251112785,50000,1.1108868062288009
34,29,40.0,fit,1342,sim,clean,wiener,6.006375871825402e-05,6.623446787274238e-05,5.660447706632396e-07,0.7506,0.0021313912580176184,50000,1.102735980667374
34,21,10.0,fit,1531,sim,clean,wiener,7.307168538373613e-05,8.29391512295808e-05,6.242497696913451e-07,0.6877,0.002350557006967244,50000,1.1350381586797356
34,19,8.0,fit,1612,sim,clean,wiener,7.63553765438217e-05,8.613667726481663e-05,6.333214478711549e-07,0.67566,0.0023847156046084526,50000,1.1281023179210081
34,25,26.0,fit,1504,sim,clean,wiener,6.234172141648279e-05,6.944261691806209e-05,5.784047214949793e-07,0.73852,0.0021779315539758874,50000,1.1139027819610683
34,23,20.0,fit,1504,sim,clean,wiener,6.43725655430556e-05,7.19974508432256e-05,5.848244576032572e-07,0.7289,0.0022021044995256377,50000,1.1184492995711053
34,27,30.0,fit,1477,sim,clean,wiener,6.0019906994456756e-05,6.654253516517376e-05,5.641644236913679e-07,0.74944,0.0021243109786729455,50000,1.108674413162943
34,29,40.0,fit,1369,sim,clean,wiener,6.006375871825402e-05,6.67868643971021e-05,5.713249358848961e-07,0.74852,0.0021512732507107776,50000,1.111932816432363
34,21,10.0,fit,1558,sim,clean,wiener,7.307168538373613e-05,8.157409443380736e-05,6.20423407584383e-07,0.69284,0.0023361491806477234,50000,1.116357095165122
34,19,8.0,fit,1639,sim,clean,wiener,7.63553765438217e-05,8.586579050767873e-05,6.323183688147122e-07,0.67668,0.0023809385996031818,50000,1.1245546076038122
34,25,26.0,fit,1531,sim,clean,wiener,6.234172141648279e-05,7.060052501720063e-05,5.807387298512611e-07,0.73416,0.0021867200549294257,50000,1.1324763483116502
34,23,20.0,fit,1531,sim,clean,wiener,6.43725655430556e-05,7.2900406700352e-05,5.860433784938496e-07,0.7255,0.002206694237767332,50000,1.1324763287800383
34,27,30.0,fit,1504,sim,clean,wiener,6.0019906994456756e-05,6.68240449323955e-05,5.664834918555901e-07,0.74838,0.0021330432236615856,50000,1.1133646864625624
34,29,40.0,fit,1396,sim,clean,wiener,6.006375871825402e-05,6.589984305510145e-05,5.646645467227166e-07,0.75186,0.0021261941474825445,50000,1.0971648205405065
34,21,10.0,fit,1585,sim,clean,wiener,7.307168538373613e-05,8.232832814976001e-05,6.241647491078481e-07,0.69,0.0023502368695190973,50000,1.1266789279241693
34,19,8.0,fit,1666,sim,clean,wiener,7.63553765438217e-05,8.597202060851711e-05,6.345189888317554e-07,0.67628,0.002389224838624609,50000,1.125945866551732
34,25,26.0,fit,1558,sim,clean,wiener,6.234172141648279e-05,6.893802393907969e-05,5.754113081862332e-07,0.74042,0.002166660122300228,50000,1.1058087966248054
34,23,20.0,fit,1558,sim,clean,wiener,6.43725655430556e-05,7.107856047097344e-05,5.815008728856679e-07,0.73236,0.0021895898367648627,50000,1.1041747345526027
34,27,30.0,fit,1531,sim,clean,wiener,6.0019906994456756e-05,6.740831048700673e-05,5.665560781170325e-07,0.74618,0.002133316540775547,50000,1.1230992159523396
34,19,8.0,fit,1693,sim,clean,wiener,7.63553765438217e-05,8.598264361860097e-05,6.360319055058367e-07,0.67624,0.0023949215918504492,50000,1.1260849924465242
34,29,40.0,fit,1423,sim,clean,wiener,6.006375871825402e-05,6.624509088282624e-05,5.653332470557428e-07,0.75056,0.0021287120791337382,50000,1.102912842893624
34,21,10.0,fit,1612,sim,clean,wiener,7.307168538373613e-05,8.1929965271616e-05,6.211762689913805e-07,0.6915,0.002338984013340362,50000,1.121227255692278
34,25,26.0,fit,1585,sim,clean,wiener,6.234172141648279e-05,6.960196206931968e-05,5.738504215780434e-07,0.73792,0.002160782742552413,50000,1.1164587773304142
34,23,20.0,fit,1585,sim,clean,wiener,6.43725655430556e-05,7.188590923734528e-05,5.837178694817355e-07,0.72932,0.0021979377403385974,50000,1.1167165489041195
34,27,30.0,fit,1558,sim,clean,wiener,6.0019906994456756e-05,6.6128237771904e-05,5.65215614057559e-07,0.751,0.0021282691425375927,50000,1.1017717467974648
34,19,8.0,fit,1720,sim,clean,wiener,7.63553765438217e-05,8.730520837403904e-05,6.41269573807402e-07,0.67126,0.0024146435661693217,50000,1.1434061663481292
34,29,40.0,fit,1450,sim,clean,wiener,6.006375871825402e-05,6.710555469961728e-05,5.7020055193419e-07,0.74732,0.0021470394829111346,50000,1.1172386832198562
34,21,10.0,fit,1639,sim,clean,wiener,7.307168538373613e-05,8.208399891783168e-05,6.230086263214716e-07,0.69092,0.0023458835919555744,50000,1.1233352356219426
34,25,26.0,fit,1612,sim,clean,wiener,6.234172141648279e-05,6.958602755419392e-05,5.757957722666172e-07,0.73798,0.0021681077876129773,50000,1.1162031777934798
34,23,20.0,fit,1612,sim,clean,wiener,6.43725655430556e-05,7.177436763146494e-05,5.804047221426527e-07,0.72974,0.0021854623785986216,50000,1.1149837982371333
34,27,30.0,fit,1585,sim,clean,wiener,6.0019906994456756e-05,6.68452909525632e-05,5.646250729345523e-07,0.7483,0.002126045512442748,50000,1.1137186693531
34,19,8.0,fit,1747,sim,clean,wiener,7.63553765438217e-05,8.500001518584576e-05,6.306166574769501e-07,0.67994,0.0023745309568566093,50000,1.1132158471782632
34,21,10.0,fit,1666,sim,clean,wiener,7.307168538373613e-05,8.176530861531649e-05,6.181473588883619e-07,0.69212,0.002327578921641819,50000,1.1189738978364299
34,29,40.0,fit,1477,sim,clean,wiener,6.006375871825402e-05,6.710024319457536e-05,5.691323823739128e-07,0.74734,0.002143017385400742,50000,1.1171502521067314
34,25,26.0,fit,1639,sim,clean,wiener,6.234172141648279e-05,6.934700982730752e-05,5.751891124643616e-07,0.73888,0.0021658234640645002,50000,1.1123691847394603
34,23,20.0,fit,1639,sim,clean,wiener,6.43725655430556e-05,7.147692334911745e-05,5.848588284828613e-07,0.73086,0.0022022339200169407,50000,1.1103631297918382
34,27,30.0,fit,1612,sim,clean,wiener,6.0019906994456756e-05,6.58892200450176e-05,5.6201420804216e-07,0.7519,0.00211621453281725,50000,1.0977894392789198
34,19,8.0,fit,1774,sim,clean,wiener,7.63553765438217e-05,8.640225251691263e-05,6.365590156493861e-07,0.67466,0.0023969063782316702,50000,1.1315804652908084
34,21,10.0,fit,1693,sim,clean,wiener,7.307168538373613e-05,8.217960600858625e-05,6.29636650529813e-07,0.69056,0.002370840827827633,50000,1.1246436369575965
34,29,40.0,fit,1504,sim,clean,wiener,6.006375871825402e-05,6.677624138701824e-05,5.643285497896896e-07,0.74856,0.0021249289809040506,50000,1.111755954206113
34,25,26.0,fit,1666,sim,clean,wiener,6.234172141648279e-05,6.888490888866049e-05,5.713886090805388e-07,0.74062,0.002151513006467913,50000,1.1049567981683566
34,23,20.0,fit,1666,sim,clean,wiener,6.43725655430556e-05,7.10148224104704e-05,5.77617773237305e-07,0.7326,0.0021749683702776195,50000,1.103184591314325
34,27,30.0,fit,1639,sim,clean,wiener,6.0019906994456756e-05,6.639912452904192e-05,5.636954184260394e-07,0.74998,0.002122544981044676,50000,1.106285028651816
34,19,8.0,fit,1801,sim,clean,wiener,7.63553765438217e-05,8.649254810262527e-05,6.445901168413799e-07,0.67432,0.002427146775740888,50000,1.1327630353965403
34,21,10.0,fit,1720,sim,clean,wiener,7.307168538373613e-05,8.282229811865856e-05,6.199997231035391e-07,0.68814,0.0023345538344040507,50000,1.1334390014917142
34,29,40.0,fit,1531,sim,clean,wiener,6.006375871825402e-05,6.753047510297087e-05,5.694730573075121e-07,0.74572,0.0021443001665744795,50000,1.1243131722698472
34,25,26.0,fit,1693,sim,clean,wiener,6.234172141648279e-05,6.937356735251711e-05,5.763666146267265e-07,0.73878,0.0021702572437675097,50000,1.1127951839676846
34,23,20.0,fit,1693,sim,clean,wiener,6.43725655430556e-05,7.17584331163392e-05,5.85136965798405e-07,0.7298,0.002203281221349985,50000,1.114736262427564
34,27,30.0,fit,1666,sim,clean,wiener,6.0019906994456756e-05,6.59157775702272e-05,5.641061857851568e-07,0.7518,0.002124091689014924,50000,1.0982319178920914
34,19,8.0,fit,1828,sim,clean,wiener,7.63553765438217e-05,8.590297104297215e-05,6.352454012138946e-07,0.67654,0.002391960079865674,50000,1.1250415482355838
34,29,40.0,fit,1558,sim,clean,wiener,6.006375871825402e-05,6.603794218619136e-05,5.668883144460696e-07,0.75134,0.0021345675471340646,50000,1.0994640294817535
34,21,10.0,fit,1747,sim,clean,wiener,7.307168538373613e-05,8.040025181954304e-05,6.189185185855718e-07,0.69726,0.002330482654919388,50000,1.1002928343218161
34,25,26.0,fit,1720,sim,clean,wiener,6.234172141648279e-05,6.949573196848128e-05,5.760930961092868e-07,0.73832,0.0021692273341080777,50000,1.1147547804175169
34,23,20.0,fit,1720,sim,clean,wiener,6.43725655430556e-05,7.200276234826753e-05,5.865508867193707e-07,0.72888,0.0022086052148689844,50000,1.1185318115076286
34,27,30.0,fit,1693,sim,clean,wiener,6.0019906994456756e-05,6.623977937778432e-05,5.65768126005069e-07,0.75058,0.0021303495771532034,50000,1.1036301569727858
34,19,8.0,fit,1855,sim,clean,wiener,7.63553765438217e-05,8.687497646564351e-05,6.376828245256611e-07,0.67288,0.0024011379806396717,50000,1.1377715676090527
34,29,40.0,fit,1585,sim,clean,wiener,6.006375871825402e-05,6.71108662046592e-05,5.700050078764991e-07,0.7473,0.002146303179147333,50000,1.117327114332981
34,21,10.0,fit,1774,sim,clean,wiener,7.307168538373613e-05,8.267888748252673e-05,6.230730903278732e-07,0.68868,0.002346126325440313,50000,1.1314763994882335
34,25,26.0,fit,1747,sim,clean,wiener,6.234172141648279e-05,6.894333544412161e-05,5.734137858031307e-07,0.7404,0.002159138629362398,50000,1.1058939964704502
34,23,20.0,fit,1747,sim,clean,wiener,6.43725655430556e-05,7.072800113820672e-05,5.816321108652612e-07,0.73368,0.0021900840017089135,50000,1.0987289467420758
34,19,8.0,fit,1882,sim,clean,wiener,7.63553765438217e-05,8.692809151606273e-05,6.370498452714718e-07,0.67268,0.0023987545535349483,50000,1.1384671970830131
34,27,30.0,fit,1720,sim,clean,wiener,6.0019906994456756e-05,6.663814225592833e-05,5.687040386171625e-07,0.74908,0.0021414044950678903,50000,1.1102673361703612
34,29,40.0,fit,1612,sim,clean,wiener,6.006375871825402e-05,6.64203705492096e-05,5.635508386859053e-07,0.7499,0.0021220005788874985,50000,1.1058310696267453
34,21,10.0,fit,1801,sim,clean,wiener,7.307168538373613e-05,8.178124313044223e-05,6.232041829212266e-07,0.69206,0.0023466199429454035,50000,1.1191919647257051
34,25,26.0,fit,1774,sim,clean,wiener,6.234172141648279e-05,6.985160280628993e-05,5.79823788025982e-07,0.73698,0.002183274922831995,50000,1.1204631700757235
34,23,20.0,fit,1774,sim,clean,wiener,6.43725655430556e-05,7.25817163978368e-05,5.87881146983965e-07,0.7267,0.0022136141916245192,50000,1.1275256125886501
34,19,8.0,fit,1909,sim,clean,wiener,7.63553765438217e-05,8.647661358749952e-05,6.347024339752224e-07,0.67438,0.002389915585002591,50000,1.1325543465543526
34,29,40.0,fit,1639,sim,clean,wiener,6.006375871825402e-05,6.617072981223937e-05,5.670925235158169e-07,0.75084,0.002135336478230376,50000,1.1016748073098757
34,27,30.0,fit,1747,sim,clean,wiener,6.0019906994456756e-05,6.572456338871809e-05,5.634162918471306e-07,0.75252,0.002121493954728384,50000,1.0950460718772557
34,21,10.0,fit,1828,sim,clean,wiener,7.307168538373613e-05,8.130851918171135e-05,6.248455005616072e-07,0.69384,0.0023528001785939694,50000,1.1127226470105278
34,25,26.0,fit,1801,sim,clean,wiener,6.234172141648279e-05,6.991002936175104e-05,5.778929670593344e-07,0.73676,0.0021760045881475355,50000,1.1214003683778169
34,23,20.0,fit,1801,sim,clean,wiener,6.43725655430556e-05,7.210899244910591e-05,5.87876258351951e-07,0.72848,0.002213595783915309,50000,1.120182050238091
34,19,8.0,fit,1936,sim,clean,wiener,7.63553765438217e-05,8.600920114381056e-05,6.373053645108926e-07,0.67614,0.00239971668851328,50000,1.1264328071835041
34,29,40.0,fit,1666,sim,clean,wiener,6.006375871825402e-05,6.599013864081409e-05,5.62714638809015e-07,0.75152,0.002118851942595936,50000,1.0986681494636295
34,27,30.0,fit,1774,sim,clean,wiener,6.0019906994456756e-05,6.677092988197631e-05,5.66955452404993e-07,0.74858,0.0021348203491492884,50000,1.1124797292362192
34,21,10.0,fit,1855,sim,clean,wiener,7.307168538373613e-05,8.360840086486271e-05,6.25822493994887e-07,0.68518,0.002356478960504441,50000,1.1441969680293125
34,25,26.0,fit,1828,sim,clean,wiener,6.234172141648279e-05,6.869900621219328e-05,5.727376998986189e-07,0.74132,0.002156592887998412,50000,1.101974803570786
34,23,20.0,fit,1828,sim,clean,wiener,6.43725655430556e-05,7.13919392684467e-05,5.842064842548251e-07,0.73118,0.002199777575824898,50000,1.1090429388074676
34,29,40.0,fit,1693,sim,clean,wiener,6.006375871825402e-05,6.622915636770049e-05,5.66907760245442e-07,0.75062,0.002134640768562714,50000,1.1026475495542496
34,19,8.0,fit,1963,sim,clean,wiener,7.63553765438217e-05,8.603575866902017e-05,6.37965624853763e-07,0.67604,0.0024022028401319245,50000,1.1267806219204843
34,27,30.0,fit,1801,sim,clean,wiener,6.0019906994456756e-05,6.667532279122174e-05,5.677389819529892e-07,0.74894,0.0021377706600002144,50000,1.1108868062288009
34,21,10.0,fit,1882,sim,clean,wiener,7.307168538373613e-05,8.234957416992769e-05,6.208974312741339e-07,0.68992,0.002337934074706977,50000,1.1269696837765368
34,23,20.0,fit,1855,sim,clean,wiener,6.43725655430556e-05,7.32722120532864e-05,5.865277712891233e-07,0.7241,0.0022085181757715345,50000,1.1382521643366579
34,25,26.0,fit,1855,sim,clean,wiener,6.234172141648279e-05,7.083954274408704e-05,5.790265876911124e-07,0.73326,0.00218027313584854,50000,1.1363103413656697
34,29,40.0,fit,1720,sim,clean,wiener,6.006375871825402e-05,6.677624138701824e-05,5.658230750271795e-07,0.74856,0.0021305564828105524,50000,1.111755954206113
34,19,8.0,fit,1990,sim,clean,wiener,7.63553765438217e-05,8.645536756733185e-05,6.386605403093713e-07,0.67446,0.0024048194824964663,50000,1.1322760947647685
34,27,30.0,fit,1828,sim,clean,wiener,6.0019906994456756e-05,6.597951563073024e-05,5.652318404120023e-07,0.75156,0.0021283302414325965,50000,1.0992938665637035
34,21,10.0,fit,1909,sim,clean,wiener,7.307168538373613e-05,8.234957416992769e-05,6.206430234068585e-07,0.68992,0.002336976124501649,50000,1.1269696837765368
34,23,20.0,fit,1882,sim,clean,wiener,6.43725655430556e-05,7.234269867095039e-05,5.816183808198094e-07,0.7276,0.002190032302443476,50000,1.123812575445109
34,25,26.0,fit,1882,sim,clean,wiener,6.234172141648279e-05,6.989940635166719e-05,5.746565889103973e-07,0.7368,0.0021638182939676576,50000,1.121229968686527
34,29,40.0,fit,1747,sim,clean,wiener,6.006375871825402e-05,6.600607315593983e-05,5.641723550043323e-07,0.75146,0.0021243408433267554,50000,1.098933442803004
34,19,8.0,fit,2017,sim,clean,wiener,7.63553765438217e-05,8.526027893289983e-05,6.346270583155873e-07,0.67896,0.002389631764657735,50000,1.1166244316006673
34,27,30.0,fit,1855,sim,clean,wiener,6.0019906994456756e-05,6.76473282138931e-05,5.678856224809052e-07,0.74528,0.0021383228218705645,50000,1.1270815234708842
34,21,10.0,fit,1936,sim,clean,wiener,7.307168538373613e-05,8.206275289766401e-05,6.243668296824175e-07,0.691,0.0023509977859560564,50000,1.1230444797695753
34,23,20.0,fit,1909,sim,clean,wiener,6.43725655430556e-05,7.227896061044735e-05,5.841090660226589e-07,0.72784,0.0021994107561329377,50000,1.1228224322068314
34,25,26.0,fit,1909,sim,clean,wiener,6.234172141648279e-05,6.99259638768768e-05,5.745145597938079e-07,0.7367,0.0021632834959566666,50000,1.1216559679147515
34,29,40.0,fit,1774,sim,clean,wiener,6.006375871825402e-05,6.732863791137791e-05,5.677943971424239e-07,0.74648,0.0021379793209691765,50000,1.1209527899711014
34,19,8.0,fit,2044,sim,clean,wiener,7.63553765438217e-05,8.602513565893632e-05,6.379455310295932e-07,0.67608,0.002402127178623515,50000,1.126641496025692
34,27,30.0,fit,1882,sim,clean,wiener,6.0019906994456756e-05,6.707368566936575e-05,5.637708726312071e-07,0.74744,0.0021228290971457516,50000,1.1175239854263763
34,21,10.0,fit,1963,sim,clean,wiener,7.307168538373613e-05,8.168563603968766e-05,6.223600784023363e-07,0.69242,0.002343441542427176,50000,1.1178835633900512
34,23,20.0,fit,1936,sim,clean,wiener,6.43725655430556e-05,7.157253043987198e-05,5.849438549725994e-07,0.7305,0.002202554079704513,50000,1.1118483446492542
34,25,26.0,fit,1936,sim,clean,wiener,6.234172141648279e-05,6.893271243403776e-05,5.75090868272821e-07,0.74044,0.0021654535342959494,50000,1.1057235967791603
34,29,40.0,fit,1801,sim,clean,wiener,6.006375871825402e-05,6.668063429626367e-05,5.702354055330436e-07,0.74892,0.0021471707210388535,50000,1.110164194169865
34,19,8.0,fit,2071,sim,clean,wiener,7.63553765438217e-05,8.612605425473281e-05,6.348894932932659e-07,0.6757,0.002390619940233612,50000,1.1279631920262163
34,27,30.0,fit,1909,sim,clean,wiener,6.0019906994456756e-05,6.731801490129409e-05,5.668413674953164e-07,0.74652,0.0021343907725649637,50000,1.121594788667556
34,21,10.0,fit,1990,sim,clean,wiener,7.307168538373613e-05,8.215835998841855e-05,6.237156722502744e-07,0.69064,0.0023485459105384338,50000,1.1243528811052288
34,23,20.0,fit,1963,sim,clean,wiener,6.43725655430556e-05,7.108918348105729e-05,5.842252918169542e-07,0.73232,0.0021998483940279525,50000,1.1043397584256491
34,25,26.0,fit,1963,sim,clean,wiener,6.234172141648279e-05,6.866182567689983e-05,5.771107313483944e-07,0.74146,0.0021730591491250124,50000,1.1013784046512716
34,29,40.0,fit,1828,sim,clean,wiener,6.006375871825402e-05,6.583079348955648e-05,5.636609637208556e-07,0.75212,0.002122415244915606,50000,1.0960152160698826
34,27,30.0,fit,1936,sim,clean,wiener,6.0019906994456756e-05,6.630882894332928e-05,5.65937588207303e-07,0.75032,0.0021309876720091683,50000,1.1047806013670323
34,19,8.0,fit,2098,sim,clean,wiener,7.63553765438217e-05,8.605700468918783e-05,6.382901952348847e-07,0.67596,0.002403424981045131,50000,1.127058873710068
34,21,10.0,fit,2017,sim,clean,wiener,7.307168538373613e-05,8.197776881699327e-05,6.229565871783371e-07,0.69132,0.002345687643188798,50000,1.1218814563601047
34,23,20.0,fit,1990,sim,clean,wiener,6.43725655430556e-05,7.137600475332096e-05,5.827774265415433e-07,0.73124,0.002194396586060215,50000,1.1087954029978984
34,25,26.0,fit,1990,sim,clean,wiener,6.234172141648279e-05,6.906018855504384e-05,5.746190189073231e-07,0.73996,0.002163676827461356,50000,1.1077683930746374
34,29,40.0,fit,1855,sim,clean,wiener,6.006375871825402e-05,6.782791938531839e-05,5.678570478502353e-07,0.7446,0.0021382152266392904,50000,1.129265314604841
34,27,30.0,fit,1963,sim,clean,wiener,6.0019906994456756e-05,6.644692807441919e-05,5.690601571991937e-07,0.7498,0.002142745427926734,50000,1.1070814901555248
34,19,8.0,fit,2125,sim,clean,wiener,7.63553765438217e-05,8.586047900263681e-05,6.365874167380415e-07,0.6767,0.0023970133200059175,50000,1.124485044656416
34,21,10.0,fit,2044,sim,clean,wiener,7.307168538373613e-05,8.166439001952e-05,6.24121889149958e-07,0.6925,0.0023500754841582557,50000,1.117592807537684
34,23,20.0,fit,2017,sim,clean,wiener,6.43725655430556e-05,7.164689151045888e-05,5.833696988123252e-07,0.73022,0.0021966267346380944,50000,1.1130035117605783
34,25,26.0,fit,2017,sim,clean,wiener,6.234172141648279e-05,6.940543638276864e-05,5.770642675884149e-07,0.73866,0.00217288419396781,50000,1.113306383041554
34,29,40.0,fit,1882,sim,clean,wiener,6.006375871825402e-05,6.753578660801279e-05,5.640349635929601e-07,0.7457,0.0021238235081824305,50000,1.124401603382972
34,27,30.0,fit,1990,sim,clean,wiener,6.0019906994456756e-05,6.653722366013183e-05,5.64281267093099e-07,0.74946,0.0021247509421138495,50000,1.1085859174403083
34,19,8.0,fit,2152,sim,clean,wiener,7.63553765438217e-05,8.542493558919935e-05,6.298296615640278e-07,0.67834,0.0023715675937167418,50000,1.1187808829699435
34,21,10.0,fit,2071,sim,clean,wiener,7.307168538373613e-05,8.253016534135297e-05,6.177525195722129e-07,0.68924,0.002326092189301238,50000,1.1294411085216607
34,23,20.0,fit,2044,sim,clean,wiener,6.43725655430556e-05,7.082891973400321e-05,5.815091865400836e-07,0.7333,0.0021896211410914147,50000,1.1002966735360156
34,25,26.0,fit,2044,sim,clean,wiener,6.234172141648279e-05,6.881585932311552e-05,5.745337831552448e-07,0.74088,0.0021633558798150464,50000,1.1038492001749731
34,29,40.0,fit,1909,sim,clean,wiener,6.006375871825402e-05,6.76473282138931e-05,5.663064916378826e-07,0.74528,0.0021323767450785454,50000,1.1262586567585946
34,27,30.0,fit,2017,sim,clean,wiener,6.0019906994456756e-05,6.635132098366463e-05,5.649215932292933e-07,0.75016,0.0021271620332495656,50000,1.1054885671481067
34,19,8.0,fit,2179,sim,clean,wiener,7.63553765438217e-05,8.508499926651647e-05,6.339353322025651e-07,0.67962,0.002387027131479143,50000,1.1143288543365992
34,21,10.0,fit,2098,sim,clean,wiener,7.307168538373613e-05,8.286479015899391e-05,6.277101660743714e-07,0.68798,0.0023635868218905695,50000,1.1340205131964491
34,23,20.0,fit,2071,sim,clean,wiener,6.43725655430556e-05,7.240112522641152e-05,5.865664873815323e-07,0.72738,0.00220866395777533,50000,1.1247202067468636
34,29,40.0,fit,1936,sim,clean,wiener,6.006375871825402e-05,6.623977937778432e-05,5.657822097723103e-07,0.75058,0.002130402608326591,50000,1.102824411780499
34,25,26.0,fit,2071,sim,clean,wiener,6.234172141648279e-05,7.002688247267329e-05,5.794649279318078e-07,0.73632,0.002181923667052919,50000,1.1232747649820043
34,27,30.0,fit,2044,sim,clean,wiener,6.0019906994456756e-05,6.57617439240115e-05,5.627404612483254e-07,0.75238,0.002118949174695338,50000,1.0956655419356955
34,21,10.0,fit,2125,sim,clean,wiener,7.307168538373613e-05,8.234957416992769e-05,6.241216352282856e-07,0.68992,0.002350074528038774,50000,1.1269696837765368
34,19,8.0,fit,2206,sim,clean,wiener,7.63553765438217e-05,8.611543124464896e-05,6.33189175319602e-07,0.67574,0.00238421754407567,50000,1.127824066131424
34,23,20.0,fit,2098,sim,clean,wiener,6.43725655430556e-05,7.185404020709376e-05,5.855625848403061e-07,0.72944,0.002204883852011321,50000,1.1162214772849808
34,29,40.0,fit,1963,sim,clean,wiener,6.006375871825402e-05,6.566082532821504e-05,5.651939568760756e-07,0.75276,0.0021281875943462143,50000,1.093185420449886
34,25,26.0,fit,2098,sim,clean,wiener,6.234172141648279e-05,6.920359919117569e-05,5.741646800396996e-07,0.73942,0.002161966054849685,50000,1.110068788907049
34,27,30.0,fit,2071,sim,clean,wiener,6.0019906994456756e-05,6.69515210534016e-05,5.666141889142072e-07,0.7479,0.002133535351815793,50000,1.1154885838057866
34,21,10.0,fit,2152,sim,clean,wiener,7.307168538373613e-05,8.161658647414273e-05,6.21449486978053e-07,0.69268,0.0023400127913779096,50000,1.116938606869857
34,19,8.0,fit,2233,sim,clean,wiener,7.63553765438217e-05,8.679530389001471e-05,6.368909542724273e-07,0.67318,0.002398156263604729,50000,1.1367281233981128
34,23,20.0,fit,2125,sim,clean,wiener,6.43725655430556e-05,7.112636401635071e-05,5.838148606187156e-07,0.73218,0.0021983029518416065,50000,1.104917341981311
34,29,40.0,fit,1990,sim,clean,wiener,6.006375871825402e-05,6.640974753912574e-05,5.674768024120042e-07,0.74994,0.002136783446248497,50000,1.1056542074004954
34,25,26.0,fit,2125,sim,clean,wiener,6.234172141648279e-05,6.891677791891199e-05,5.772929672189733e-07,0.7405,0.0021737453420934486,50000,1.1054679972422254
34,27,30.0,fit,2098,sim,clean,wiener,6.0019906994456756e-05,6.671781483155712e-05,5.685124987790979e-07,0.74878,0.002140683268837084,50000,1.111594772009876
34,21,10.0,fit,2179,sim,clean,wiener,7.307168538373613e-05,8.113323951532799e-05,6.205864484820885e-07,0.6945,0.0023367630966523918,50000,1.1103239112284957
34,23,20.0,fit,2152,sim,clean,wiener,6.43725655430556e-05,7.133351271298558e-05,5.838998443907376e-07,0.7314,0.002198622950679417,50000,1.108135307505713
34,19,8.0,fit,2260,sim,clean,wiener,7.63553765438217e-05,8.531870548836095e-05,6.365445778611414e-07,0.67874,0.00239685201402367,50000,1.1173896240220234
34,29,40.0,fit,2017,sim,clean,wiener,6.006375871825402e-05,6.6659388276096e-05,5.65726842409996e-07,0.749,0.0021301941274463987,50000,1.1098104697173654
34,25,26.0,fit,2152,sim,clean,wiener,6.234172141648279e-05,6.858215310127104e-05,5.716641775730887e-07,0.74176,0.0021525506351263626,50000,1.1001004069665987
34,27,30.0,fit,2125,sim,clean,wiener,6.0019906994456756e-05,6.620791034753279e-05,5.666835555443464e-07,0.7507,0.002133796545694333,50000,1.1030991826369796
34,23,20.0,fit,2179,sim,clean,wiener,6.43725655430556e-05,7.069082060291327e-05,5.789602914750823e-07,0.73382,0.002180023503341343,50000,1.0981513631864137
34,21,10.0,fit,2206,sim,clean,wiener,7.307168538373613e-05,8.236550868505343e-05,6.224365707464321e-07,0.68986,0.0023437295675480863,50000,1.1271877506658121
34,19,8.0,fit,2287,sim,clean,wiener,7.63553765438217e-05,8.67634348597632e-05,6.350873145293662e-07,0.6733,0.002391364818510255,50000,1.1363107457137367
34,29,40.0,fit,2044,sim,clean,wiener,6.006375871825402e-05,6.603263068114943e-05,5.662552042453092e-07,0.75136,0.0021321836269616702,50000,1.0993755983686284
34,25,26.0,fit,2179,sim,clean,wiener,6.234172141648279e-05,6.835375838446849e-05,5.716184907554063e-07,0.74262,0.002152378605476304,50000,1.0964368136038694
34,27,30.0,fit,2152,sim,clean,wiener,6.0019906994456756e-05,6.59157775702272e-05,5.634250827780629e-07,0.7518,0.0021215270561972255,50000,1.0982319178920914
34,23,20.0,fit,2206,sim,clean,wiener,6.43725655430556e-05,7.244892877178882e-05,5.86716930282867e-07,0.7272,0.0022092304371447266,50000,1.125462814175572
34,19,8.0,fit,2314,sim,clean,wiener,7.63553765438217e-05,8.608356221439743e-05,6.357811175741144e-07,0.67586,0.0023939772721906054,50000,1.127406688447048
34,21,10.0,fit,2233,sim,clean,wiener,7.307168538373613e-05,8.255672286656256e-05,6.265856268924138e-07,0.68914,0.0023593524695814504,50000,1.1298045533371202
34,29,40.0,fit,2071,sim,clean,wiener,6.006375871825402e-05,6.680279891222784e-05,5.652050144706383e-07,0.74846,0.0021282292307354313,50000,1.1121981097717375
34,25,26.0,fit,2206,sim,clean,wiener,6.234172141648279e-05,6.965507711973887e-05,5.747615144822072e-07,0.73772,0.002164213381879584,50000,1.1173107757868628
34,23,20.0,fit,2233,sim,clean,wiener,6.43725655430556e-05,7.182748268188417e-05,5.827731691701657e-07,0.72954,0.0021943805553068067,50000,1.1158089176023651
34,19,8.0,fit,2341,sim,clean,wiener,7.63553765438217e-05,8.624821887069698e-05,6.374212809112866e-07,0.67524,0.002400153161413067,50000,1.1295631398163246
34,27,30.0,fit,2179,sim,clean,wiener,6.0019906994456756e-05,6.518278987444223e-05,5.636418979091254e-07,0.75456,0.002122343454296639,50000,1.0860195081685533
34,21,10.0,fit,2260,sim,clean,wiener,7.307168538373613e-05,8.162720948422655e-05,6.212941543853555e-07,0.69264,0.002339427900310419,50000,1.1170839847960405
34,29,40.0,fit,2098,sim,clean,wiener,6.006375871825402e-05,6.709493168953343e-05,5.683839296147441e-07,0.74736,0.0021401991530795384,50000,1.1170618209936063
34,25,26.0,fit,2233,sim,clean,wiener,6.234172141648279e-05,6.964445410965504e-05,5.746971042124576e-07,0.73776,0.0021639708507354308,50000,1.1171403760955734
34,19,8.0,fit,2368,sim,clean,wiener,7.63553765438217e-05,8.539837806398974e-05,6.323082154482338e-07,0.67844,0.002380900368004423,50000,1.1184330682329633
34,23,20.0,fit,2260,sim,clean,wiener,6.43725655430556e-05,7.047304889619456e-05,5.785916569033239e-07,0.73464,0.0021786354426359534,50000,1.0947683737889653
34,27,30.0,fit,2206,sim,clean,wiener,6.0019906994456756e-05,6.633538646853887e-05,5.656625538517556e-07,0.75022,0.002129952054596112,50000,1.1052230799802039
34,29,40.0,fit,2125,sim,clean,wiener,6.006375871825402e-05,6.600607315593983e-05,5.642295760250754e-07,0.75146,0.0021245563039929563,50000,1.098933442803004
34,21,10.0,fit,2287,sim,clean,wiener,7.307168538373613e-05,8.29657087547904e-05,6.243972515818914e-07,0.6876,0.002351112336913775,50000,1.135401603495195
34,25,26.0,fit,2260,sim,clean,wiener,6.234172141648279e-05,6.892740092899584e-05,5.689778986635049e-07,0.74046,0.0021424356907240403,50000,1.1056383969335155
34,19,8.0,fit,2395,sim,clean,wiener,7.63553765438217e-05,8.626415338582272e-05,6.352565863309826e-07,0.67518,0.0023920021964296224,50000,1.1297718286585123
34,23,20.0,fit,2287,sim,clean,wiener,6.43725655430556e-05,7.185935171213568e-05,5.894900321474831e-07,0.72942,0.002219672305664967,50000,1.1163039892215039
34,27,30.0,fit,2233,sim,clean,wiener,6.0019906994456756e-05,6.647879710467072e-05,5.649884888988093e-07,0.74968,0.002127413922945567,50000,1.107612464491331
34,29,40.0,fit,2152,sim,clean,wiener,6.006375871825402e-05,6.685591396264703e-05,5.669815075179757e-07,0.74826,0.0021349184573607165,50000,1.1130824209029861
34,25,26.0,fit,2287,sim,clean,wiener,6.234172141648279e-05,6.97719302306611e-05,5.77796707239988e-07,0.73728,0.0021756421303560556,50000,1.11918517239105
34,21,10.0,fit,2314,sim,clean,wiener,7.307168538373613e-05,8.235488567496961e-05,6.230800445420256e-07,0.6899,0.0023461525109154187,50000,1.1270423727396286
34,19,8.0,fit,2422,sim,clean,wiener,7.63553765438217e-05,8.587110201272062e-05,6.328929761209227e-07,0.67666,0.0023831022323275246,50000,1.1246241705512077
34,23,20.0,fit,2314,sim,clean,wiener,6.43725655430556e-05,7.247548629699841e-05,5.872472277785019e-07,0.7271,0.002211227225216844,50000,1.1258753738581877
34,29,40.0,fit,2179,sim,clean,wiener,6.006375871825402e-05,6.570862887359231e-05,5.634665013320785e-07,0.75258,0.00212168301407993,50000,1.0939813004680101
34,27,30.0,fit,2260,sim,clean,wiener,6.0019906994456756e-05,6.565020231813118e-05,5.60820280413852e-07,0.7528,0.002111718904482587,50000,1.0938071317603746
34,25,26.0,fit,2314,sim,clean,wiener,6.234172141648279e-05,6.97931762508288e-05,5.79022046422351e-07,0.7372,0.002180256036104774,50000,1.11952597177363
34,21,10.0,fit,2341,sim,clean,wiener,7.307168538373613e-05,8.265232995731713e-05,6.293612771025479e-07,0.68878,0.0023698039336701704,50000,1.131112954672774
34,23,20.0,fit,2341,sim,clean,wiener,6.43725655430556e-05,7.215679599448321e-05,5.824520300012622e-07,0.7283,0.0021931713343181455,50000,1.1209246576667995
34,19,8.0,fit,2449,sim,clean,wiener,7.63553765438217e-05,8.638631800178689e-05,6.349025374238631e-07,0.67472,0.0023906690567476476,50000,1.1313717764486204
34,29,40.0,fit,2206,sim,clean,wiener,6.006375871825402e-05,6.653722366013183e-05,5.65118746908902e-07,0.74946,0.0021279043979015905,50000,1.107776554115493
34,27,30.0,fit,2287,sim,clean,wiener,6.0019906994456756e-05,6.655315817525761e-05,5.68094205329906e-07,0.7494,0.0021391082220437907,50000,1.1088514046082119
34,25,26.0,fit,2341,sim,clean,wiener,6.234172141648279e-05,6.921953370630143e-05,5.742092478903688e-07,0.73936,0.002162133871128941,50000,1.1103243884439833
34,21,10.0,fit,2368,sim,clean,wiener,7.307168538373613e-05,8.216367149346048e-05,6.240335906532053e-07,0.69062,0.002349743004019177,50000,1.1244255700683208
34,23,20.0,fit,2368,sim,clean,wiener,6.43725655430556e-05,7.155659592474624e-05,5.865619195710499e-07,0.73056,0.0022086467580910733,50000,1.1116008088396852
34,19,8.0,fit,2476,sim,clean,wiener,7.63553765438217e-05,8.640756402195455e-05,6.360554984443357e-07,0.67464,0.002395010428962766,50000,1.1316500282382043
34,29,40.0,fit,2233,sim,clean,wiener,6.006375871825402e-05,6.686122546768895e-05,5.65830730770558e-07,0.74824,0.002130585309831587,50000,1.1131708520161112
34,25,26.0,fit,2368,sim,clean,wiener,6.234172141648279e-05,6.89964504945408e-05,5.769102662041675e-07,0.7402,0.002172304315447383,50000,1.1067459949268987
34,27,30.0,fit,2314,sim,clean,wiener,6.0019906994456756e-05,6.729676888112638e-05,5.72549805214416e-07,0.7466,0.0021558853872703882,50000,1.1212408057770182
34,21,10.0,fit,2395,sim,clean,wiener,7.307168538373613e-05,8.180248915060991e-05,6.237209004392187e-07,0.69198,0.002348565596819076,50000,1.1194827205780726
34,23,20.0,fit,2395,sim,clean,wiener,6.43725655430556e-05,7.132820120794369e-05,5.869827542856042e-07,0.73142,0.00221023137379315,50000,1.1080527955691903
34,19,8.0,fit,2503,sim,clean,wiener,7.63553765438217e-05,8.623759586061312e-05,6.363613412216211e-07,0.67528,0.0023961620527487614,50000,1.1294240139215324
34,29,40.0,fit,2260,sim,clean,wiener,6.006375871825402e-05,6.57617439240115e-05,5.640817433200054e-07,0.75238,0.002123999653085527,50000,1.0948656115992588
34,25,26.0,fit,2395,sim,clean,wiener,6.234172141648279e-05,6.939481337268479e-05,5.767984170218308e-07,0.7387,0.0021718831572955827,50000,1.113135983350264
34,27,30.0,fit,2341,sim,clean,wiener,6.0019906994456756e-05,6.623977937778432e-05,5.645614732350748e-07,0.75058,0.002125806033428888,50000,1.1036301569727858
34,23,20.0,fit,2422,sim,clean,wiener,6.43725655430556e-05,7.126446314744065e-05,5.865135437998829e-07,0.73166,0.0022084646034257376,50000,1.1070626523309126
34,21,10.0,fit,2422,sim,clean,wiener,7.307168538373613e-05,8.122353510104063e-05,6.138018105201565e-07,0.69416,0.0023112161456154048,50000,1.1115596236010576
34,19,8.0,fit,2530,sim,clean,wiener,7.63553765438217e-05,8.606762769927168e-05,6.329859419000429e-07,0.67592,0.002383452286703399,50000,1.1271979996048602
34,29,40.0,fit,2287,sim,clean,wiener,6.006375871825402e-05,6.686122546768895e-05,5.702722672139893e-07,0.74824,0.002147309520421156,50000,1.1131708520161112
34,25,26.0,fit,2422,sim,clean,wiener,6.234172141648279e-05,6.894333544412161e-05,5.732505873225328e-07,0.7404,0.0021585241199933588,50000,1.1058939964704502
34,27,30.0,fit,2368,sim,clean,wiener,6.0019906994456756e-05,6.594233509543679e-05,5.633502118228276e-07,0.7517,0.0021212451362719147,50000,1.098674396505263
34,23,20.0,fit,2449,sim,clean,wiener,6.43725655430556e-05,7.117947906676993e-05,5.819267909748633e-07,0.73198,0.002191193593462198,50000,1.1057424613465425
34,21,10.0,fit,2449,sim,clean,wiener,7.307168538373613e-05,8.200432634220289e-05,6.194437532662107e-07,0.69122,0.0023324603794117626,50000,1.1222449011755644
34,29,40.0,fit,2314,sim,clean,wiener,6.006375871825402e-05,6.728083436600064e-05,5.686311212328e-07,0.74666,0.0021411299311400126,50000,1.1201569099529776
34,19,8.0,fit,2557,sim,clean,wiener,7.63553765438217e-05,8.681123840514046e-05,6.35686309181879e-07,0.67312,0.002393620279618869,50000,1.1369368122403005
34,25,26.0,fit,2449,sim,clean,wiener,6.234172141648279e-05,6.847061149539073e-05,5.741142528779154e-07,0.74218,0.0021617761758553652,50000,1.0983112102080566
34,23,20.0,fit,2476,sim,clean,wiener,6.43725655430556e-05,7.296414476085504e-05,5.883285132781982e-07,0.72526,0.002215298709631007,50000,1.133466472018316
34,27,30.0,fit,2395,sim,clean,wiener,6.0019906994456756e-05,6.627164840803583e-05,5.67157642364835e-07,0.75046,0.0021355816774667664,50000,1.1041611313085917
34,21,10.0,fit,2476,sim,clean,wiener,7.307168538373613e-05,8.239206621026303e-05,6.192774729854136e-07,0.68976,0.0023318342657980707,50000,1.1275511954812716
34,29,40.0,fit,2341,sim,clean,wiener,6.006375871825402e-05,6.683997944752129e-05,5.660537992197721e-07,0.74832,0.0021314252542445305,50000,1.1128171275636118
71,1,0.6,fit,1234,sim,clean,wiener,0.00012848843961310466,0.00015207370085521153,7.971407825676879e-07,0.42738,0.003001562744557004,50000,1.1835594028001675
34,23,20.0,fit,2503,sim,clean,wiener,6.43725655430556e-05,7.193902428776448e-05,5.871887263035484e-07,0.72912,0.0022110069431141564,50000,1.1175416682693509
34,25,26.0,fit,2476,sim,clean,wiener,6.234172141648279e-05,7.022871966426624e-05,5.758618523354713e-07,0.73556,0.0021683566062371995,50000,1.1265123591165094
34,27,30.0,fit,2422,sim,clean,wiener,6.0019906994456756e-05,6.541118459124478e-05,5.587172924563827e-07,0.7537,0.0021038002903012135,50000,1.0898248242418294
34,21,10.0,fit,2503,sim,clean,wiener,7.307168538373613e-05,8.16378324943104e-05,6.214847064976724e-07,0.6926,0.002340145407347739,50000,1.1172293627222245
34,29,40.0,fit,2368,sim,clean,wiener,6.006375871825402e-05,6.671250332651519e-05,5.653995997019354e-07,0.7488,0.0021289619241236946,50000,1.110694780848614
71,1,0.6,fit,1261,sim,clean,wiener,0.00012848843961310466,0.00015171783001740287,8.003700606613729e-07,0.42872,0.0030137223041100817,50000,1.1807897307667905
34,23,20.0,fit,2530,sim,clean,wiener,6.43725655430556e-05,7.210368094406399e-05,5.825032944786239e-07,0.7285,0.0021933643661498285,50000,1.120099538301568
34,25,26.0,fit,2503,sim,clean,wiener,6.234172141648279e-05,6.93416983222656e-05,5.744070912769686e-07,0.7389,0.0021628788328113204,50000,1.1122839848938155
34,27,30.0,fit,2449,sim,clean,wiener,6.0019906994456756e-05,6.60007616508979e-05,5.661283309318743e-07,0.75148,0.002131705896779985,50000,1.0996478494542405
34,21,10.0,fit,2530,sim,clean,wiener,7.307168538373613e-05,8.239737771530495e-05,6.23490870630667e-07,0.68974,0.002347699440026467,50000,1.1276238844443633
34,29,40.0,fit,2395,sim,clean,wiener,6.006375871825402e-05,6.587328552989184e-05,5.663949593966743e-07,0.75196,0.002132709862558783,50000,1.0967226649748818
71,1,0.6,fit,1288,sim,clean,wiener,0.00012848843961310466,0.00015013500151491073,8.169458131102478e-07,0.43468,0.003076136826239136,50000,1.1684708909765475
34,23,20.0,fit,2557,sim,clean,wiener,6.43725655430556e-05,7.211961545918976e-05,5.847410329077669e-07,0.72844,0.002201790371251893,50000,1.1203470741111374
34,25,26.0,fit,2530,sim,clean,wiener,6.234172141648279e-05,6.922484521134336e-05,5.724877361654947e-07,0.73934,0.002155651671785111,50000,1.1104095882896283
34,27,30.0,fit,2476,sim,clean,wiener,6.0019906994456756e-05,6.787041142565376e-05,5.702363764857449e-07,0.74444,0.0021471743770749246,50000,1.1307983438215266
34,21,10.0,fit,2557,sim,clean,wiener,7.307168538373613e-05,8.25620343716045e-05,6.246937565493452e-07,0.68912,0.002352228800007055,50000,1.1298772423002121
34,29,40.0,fit,2422,sim,clean,wiener,6.006375871825402e-05,6.582017047947262e-05,5.639617248339302e-07,0.75216,0.0021235477341468158,50000,1.0958383538436327
71,1,0.6,fit,1315,sim,clean,wiener,0.00012848843961310466,0.00015048556084767744,7.915455777595914e-07,0.43336,0.002980494498310648,50000,1.1711992246213665
71,3,1.0,fit,1234,sim,clean,wiener,6.448727019193779e-05,7.339968817429246e-05,6.023998780589536e-07,0.72362,0.002268283182655884,50000,1.1382042991714185
34,25,26.0,fit,2557,sim,clean,wiener,6.234172141648279e-05,6.99259638768768e-05,5.762528072939099e-07,0.7367,0.002169828712374172,50000,1.1216559679147515
34,27,30.0,fit,2503,sim,clean,wiener,6.0019906994456756e-05,6.635663248870655e-05,5.646647188842818e-07,0.75014,0.002126194795741612,50000,1.105577062870741
34,29,40.0,fit,2449,sim,clean,wiener,6.006375871825402e-05,6.601669616602369e-05,5.676290870766749e-07,0.75142,0.002137356860613988,50000,1.0991103050292539
71,5,1.4,fit,1234,sim,clean,wiener,9.253223431719224e-05,0.0001070055805745203,6.960804889905727e-07,0.59708,0.0026210291941620896,50000,1.1564141011413895
71,1,0.6,fit,1342,sim,clean,wiener,0.00012848843961310466,0.00015118136800816896,8.04554796852571e-07,0.43074,0.0030294795561814658,50000,1.1766145535224464
71,3,1.0,fit,1261,sim,clean,wiener,6.448727019193779e-05,7.244361726674688e-05,6.006500150135273e-07,0.72722,0.0022616942289351745,50000,1.1233785683767987
34,27,30.0,fit,2530,sim,clean,wiener,6.0019906994456756e-05,6.694089804331775e-05,5.678890666898499e-07,0.74794,0.0021383357907331277,50000,1.115311592360518
71,7,1.8,fit,1234,sim,clean,wiener,8.858406745641628e-05,0.0001032822155401344,6.887111518403578e-07,0.6111,0.0025932806103160654,50000,1.1659231564519168
34,29,40.0,fit,2476,sim,clean,wiener,6.006375871825402e-05,6.778542734498304e-05,5.693028010536069e-07,0.74476,0.002143659081787544,50000,1.128557865699842
71,5,1.4,fit,1261,sim,clean,wiener,9.253223431719224e-05,0.00010579986893000447,6.9766377846825e-07,0.60162,0.002626990929923165,50000,1.1433839214055068
71,1,0.6,fit,1369,sim,clean,wiener,0.00012848843961310466,0.0001510326458669952,8.034489229103687e-07,0.4313,0.003025315486173156,50000,1.1754570786428262
71,3,1.0,fit,1288,sim,clean,wiener,6.448727019193779e-05,7.152472689449472e-05,5.926572298956761e-07,0.73068,0.0022315981071965346,50000,1.1091293937797473
34,27,30.0,fit,2557,sim,clean,wiener,6.0019906994456756e-05,6.732332640633598e-05,5.669470878543932e-07,0.7465,0.0021347888531776803,50000,1.1216832843901898
71,7,1.8,fit,1261,sim,clean,wiener,8.858406745641628e-05,0.00010231021011746305,6.860288640576467e-07,0.61476,0.002583180694147139,50000,1.1549504674505953
34,29,40.0,fit,2503,sim,clean,wiener,6.006375871825402e-05,6.676030687189248e-05,5.660361035695978e-07,0.74862,0.0021313586228470845,50000,1.1114906608667385
71,5,1.4,fit,1288,sim,clean,wiener,9.253223431719224e-05,0.0001052740299308544,6.97410642607248e-07,0.6036,0.002626037769344368,50000,1.1377011557938224
71,1,0.6,fit,1396,sim,clean,wiener,0.00012848843961310466,0.0001506024139585997,8.033264081964525e-07,0.43292,0.0030248541679104442,50000,1.1721086691696394
71,3,1.0,fit,1315,sim,clean,wiener,6.448727019193779e-05,7.25551588726272e-05,5.975692089054347e-07,0.7268,0.002250093727443496,50000,1.1251082369695045
71,7,1.8,fit,1288,sim,clean,wiener,8.858406745641628e-05,0.0001011098099779891,6.895839411866359e-07,0.61928,0.0025965670210015106,50000,1.1413994963342085
71,9,2.0,fit,1234,sim,clean,wiener,8.99044630030141e-05,0.00010470569889136897,6.940973164377914e-07,0.60574,0.002613561734234519,50000,1.1646329380540168
34,29,40.0,fit,2530,sim,clean,wiener,6.006375871825402e-05,6.654784667021568e-05,5.646281847932149e-07,0.74942,0.002126057229869873,50000,1.1079534163417428
71,5,1.4,fit,1315,sim,clean,wiener,9.253223431719224e-05,0.00010594327956613633,6.985089779409805e-07,0.60108,0.0026301734533927274,50000,1.14493376657233
71,1,0.6,fit,1423,sim,clean,wiener,0.00012848843961310466,0.00015065021750397696,8.074095723073305e-07,0.43274,0.003040228959343955,50000,1.1724807146666603
71,3,1.0,fit,1342,sim,clean,wiener,6.448727019193779e-05,7.1439742813824e-05,5.974104479955249e-07,0.731,0.002249495927352347,50000,1.1078115510424478
71,7,1.8,fit,1315,sim,clean,wiener,8.858406745641628e-05,0.00010169407553260032,6.857870788019897e-07,0.61708,0.002582270273263609,50000,1.1479951017448393
71,9,2.0,fit,1261,sim,clean,wiener,8.99044630030141e-05,0.00010345749520651776,6.892492148459035e-07,0.61044,0.0025953066387253364,50000,1.150749270401062
34,29,40.0,fit,2557,sim,clean,wiener,6.006375871825402e-05,6.725427684079104e-05,5.659608291897473e-07,0.74676,0.0021310751838622527,50000,1.1197147543873531
71,5,1.4,fit,1342,sim,clean,wiener,9.253223431719224e-05,0.00010550242464765694,6.992300765921291e-07,0.60274,0.002632888686252181,50000,1.14016942772617
71,1,0.6,fit,1450,sim,clean,wiener,0.00012848843961310466,0.00015221179998630143,8.210925446331079e-07,0.42686,0.0030917509751108127,50000,1.1846342009026718
71,3,1.0,fit,1369,sim,clean,wiener,6.448727019193779e-05,7.261358542808832e-05,6.01589337500478e-07,0.72658,0.0022652311642464935,50000,1.126014253851398
71,7,1.8,fit,1342,sim,clean,wiener,8.858406745641628e-05,0.00010148692683596545,6.839328576496376e-07,0.61786,0.002575288368369542,50000,1.145656659826525
71,9,2.0,fit,1288,sim,clean,wiener,8.99044630030141e-05,0.00010154535339142656,6.865177557777054e-07,0.61764,0.0025850215724526294,50000,1.129480673145472
71,5,1.4,fit,1369,sim,clean,wiener,9.253223431719224e-05,0.00010603357515184894,7.029984226138026e-07,0.60074,0.002647078058160642,50000,1.1459095950106999
71,11,3.0,fit,1234,sim,clean,wiener,7.924329016605296e-05,9.126759113531135e-05,6.555096493514076e-07,0.65634,0.0024682633045734785,50000,1.1517390424357907
71,1,0.6,fit,1477,sim,clean,wiener,0.00012848843961310466,0.0001515637963711872,8.034410863686966e-07,0.4293,0.003025285978372221,50000,1.1795909174986126
71,3,1.0,fit,1396,sim,clean,wiener,6.448727019193779e-05,7.233207566086657e-05,6.012416847919562e-07,0.72764,0.002263922108881665,50000,1.1216488997840932
71,9,2.0,fit,1315,sim,clean,wiener,8.99044630030141e-05,0.000102512047309056,6.83066989684921e-07,0.614,0.002572028019531,50000,1.1402331306469093
71,7,1.8,fit,1369,sim,clean,wiener,8.858406745641628e-05,0.00010218273399645695,6.861131148507382e-07,0.61524,0.0025834979330179547,50000,1.1535114262700938
71,5,1.4,fit,1396,sim,clean,wiener,9.253223431719224e-05,0.00010573613086950145,7.01920233997505e-07,0.60186,0.002643018234785579,50000,1.1426951013313635
71,11,3.0,fit,1261,sim,clean,wiener,7.924329016605296e-05,8.879774129081855e-05,6.463100903048688e-07,0.66564,0.0024336231828982354,50000,1.1205711058279433
71,1,0.6,fit,1504,sim,clean,wiener,0.00012848843961310466,0.00015250924426864895,7.968178556486242e-07,0.42574,0.0030003467919540593,50000,1.186949150661912
71,3,1.0,fit,1423,sim,clean,wiener,6.448727019193779e-05,7.259233940792065e-05,5.982917219077519e-07,0.72666,0.002252814285916527,50000,1.125684793167073
71,9,2.0,fit,1342,sim,clean,wiener,8.99044630030141e-05,0.00010156659941159424,6.826100929350501e-07,0.61756,0.0025703076154411425,50000,1.1297169908927565
71,7,1.8,fit,1396,sim,clean,wiener,8.858406745641628e-05,0.00010152410737125887,6.93399944873025e-07,0.61772,0.0026109358436093104,50000,1.1460763801708376
71,5,1.4,fit,1423,sim,clean,wiener,9.253223431719224e-05,0.00010572019635437567,7.014419481114499e-07,0.60192,0.0026412172918050853,50000,1.1425228963128273
71,11,3.0,fit,1288,sim,clean,wiener,7.924329016605296e-05,8.78522933933568e-05,6.399243986788321e-07,0.6692,0.002409578428819537,50000,1.1086401537501007
71,1,0.6,fit,1531,sim,clean,wiener,0.00012848843961310466,0.00015136195917959423,8.085024260195175e-07,0.43006,0.003044344002833745,50000,1.1780200587334138
71,9,2.0,fit,1369,sim,clean,wiener,8.99044630030141e-05,0.00010300601727795455,6.942077609640928e-07,0.61214,0.0026139776032789042,50000,1.1457275182712698
71,3,1.0,fit,1450,sim,clean,wiener,6.448727019193779e-05,7.22630260953216e-05,5.986343878447743e-07,0.7279,0.002254104564036638,50000,1.1205781525600373
71,7,1.8,fit,1423,sim,clean,wiener,8.858406745641628e-05,0.00010139663125025281,6.8894924894489e-07,0.6182,0.0025941771437944417,50000,1.1446373389903366
71,5,1.4,fit,1450,sim,clean,wiener,9.253223431719224e-05,0.00010693653100897536,7.047480710287985e-07,0.59734,0.002653666203709548,50000,1.1556678793944009
71,11,3.0,fit,1315,sim,clean,wiener,7.924329016605296e-05,9.013624056138241e-05,6.487469007404185e-07,0.6606,0.0024427987759413285,50000,1.1374621166347771
71,1,0.6,fit,1558,sim,clean,wiener,0.00012848843961310466,0.00015118136800816896,8.029463137280689e-07,0.43074,0.003023422955983189,50000,1.1766145535224464
71,9,2.0,fit,1396,sim,clean,wiener,8.99044630030141e-05,0.00010204463486536704,6.91876363884666e-07,0.61576,0.0026051989348562002,50000,1.135034140206654
71,7,1.8,fit,1450,sim,clean,wiener,8.858406745641628e-05,0.00010180561713848064,6.81450234837335e-07,0.61666,0.0025659402728948734,50000,1.1492542627777778
71,3,1.0,fit,1477,sim,clean,wiener,6.448727019193779e-05,7.267732348859136e-05,6.007883871823692e-07,0.72634,0.0022622152570345544,50000,1.1270026359043726
71,5,1.4,fit,1477,sim,clean,wiener,9.253223431719224e-05,0.00010685154692830464,6.974601511268643e-07,0.59766,0.0026262241892732793,50000,1.1547494526288762
71,11,3.0,fit,1342,sim,clean,wiener,7.924329016605296e-05,8.931295727988481e-05,6.49868838393538e-07,0.6637,0.0024470233324249044,50000,1.1270728044321612
71,1,0.6,fit,1585,sim,clean,wiener,0.00012848843961310466,0.00015172314152244476,8.112956065975981e-07,0.4287,0.003054861475964377,50000,1.180831069155348
71,9,2.0,fit,1423,sim,clean,wiener,8.99044630030141e-05,0.00010334595360063745,6.918889849392715e-07,0.61086,0.0026052464583152042,50000,1.1495086022278196
71,7,1.8,fit,1477,sim,clean,wiener,8.858406745641628e-05,0.00010306975533845759,6.933344837836183e-07,0.6119,0.0026106893556971647,50000,1.1635247544844147
71,5,1.4,fit,1504,sim,clean,wiener,9.253223431719224e-05,0.00010586891849554943,7.047573092043113e-07,0.60136,0.0026537009892380935,50000,1.1441301431524957
71,3,1.0,fit,1504,sim,clean,wiener,6.448727019193779e-05,7.281542261968128e-05,5.992414589430719e-07,0.72582,0.002256390436283794,50000,1.1291441303524843
71,11,3.0,fit,1369,sim,clean,wiener,7.924329016605296e-05,8.975912370340606e-05,6.49997354752522e-07,0.66202,0.002447507249348525,50000,1.132703141367772
71,1,0.6,fit,1612,sim,clean,wiener,0.00012848843961310466,0.00015101139984682752,8.034644612086703e-07,0.43138,0.003025373994253932,50000,1.1752917250885948
71,9,2.0,fit,1450,sim,clean,wiener,8.99044630030141e-05,0.000103043197813248,6.902936361995566e-07,0.612,0.0025992393144750915,50000,1.1461410743290177
71,7,1.8,fit,1504,sim,clean,wiener,8.858406745641628e-05,0.0001023845711880499,6.897141837929533e-07,0.61448,0.0025970574379559877,50000,1.1557899081392207
71,5,1.4,fit,1531,sim,clean,wiener,9.253223431719224e-05,0.00010664970973671169,7.025834412758627e-07,0.59842,0.0026455154828277944,50000,1.1525681890607549
71,3,1.0,fit,1531,sim,clean,wiener,6.448727019193779e-05,7.287384917514239e-05,6.013042231486357e-07,0.7256,0.002264157591503581,50000,1.1300501472343776
71,1,0.6,fit,1639,sim,clean,wiener,0.00012848843961310466,0.00015195153623924737,7.955056522527442e-07,0.42784,0.0029954058067322674,50000,1.1826086198633365
71,11,3.0,fit,1396,sim,clean,wiener,7.924329016605296e-05,8.89730209572019e-05,6.408132984198184e-07,0.66498,0.0024129255017639128,50000,1.1227830239097905
71,9,2.0,fit,1477,sim,clean,wiener,8.99044630030141e-05,0.00010348405273172736,6.964173275470305e-07,0.61034,0.0026222975297987856,50000,1.1510446675851675
71,7,1.8,fit,1531,sim,clean,wiener,8.858406745641628e-05,0.00010289978717711617,6.893765962237149e-07,0.61254,0.00259578628197826,50000,1.1616060329104132
71,5,1.4,fit,1558,sim,clean,wiener,9.253223431719224e-05,0.00010600170612159745,7.034756096033249e-07,0.60086,0.0026488748633439418,50000,1.1455651849736284
