channel,wp,vbias,gen,seed,train,nps,filter,BI_analytic,BI_mc,sigma_BI,rp,sigma_rp,nsim,ratio
31,3,1.0,fit,1234,sim,clean,wiener,5.12639196083411e-05,5.228114412761857e-05,5.177018720181348e-07,0.80314,0.0019493603712404505,50000,1.019842893931036
31,5,1.4,fit,1234,sim,clean,wiener,4.93893840628119e-05,5.0177788131018236e-05,5.058066633133914e-07,0.81106,0.0019045700204420883,50000,1.015963026937199
31,1,0.6,fit,1234,sim,clean,wiener,9.066153347253475e-05,9.27707470621747e-05,6.642981307828018e-07,0.65068,0.002501355550036988,50000,1.0232647023368397
31,7,1.8,fit,1234,sim,clean,wiener,6.458015780686146e-05,6.755172112313857e-05,5.855275810436012e-07,0.74564,0.0022047520483269465,50000,1.0460135654230531
31,11,3.0,fit,1234,sim,clean,wiener,6.744804313073174e-05,6.997376742225408e-05,5.941814855929739e-07,0.73652,0.002237337556506167,50000,1.0374469617543511
31,9,2.0,fit,1234,sim,clean,wiener,6.570711663662776e-05,6.840156192984577e-05,5.863967311356456e-07,0.74244,0.0022080247557241337,50000,1.0410069020090893
31,3,1.0,fit,1235,sim,clean,wiener,5.12639196083411e-05,5.161189449233663e-05,5.111856819773585e-07,0.80566,0.0019248242369834048,50000,1.006787910223293
31,1,0.6,fit,1235,sim,clean,wiener,9.066153347253475e-05,9.094890083279616e-05,6.567889110508382e-07,0.65754,0.002473080250766071,50000,1.0031696723985863
31,5,1.4,fit,1235,sim,clean,wiener,4.93893840628119e-05,4.9636014616742384e-05,5.03207688708231e-07,0.8131,0.0018947838126360198,50000,1.0049935944456572
31,7,1.8,fit,1235,sim,clean,wiener,6.458015780686146e-05,6.604325369123328e-05,5.766594008339695e-07,0.75132,0.0021713597041998437,50000,1.0226555018454349
31,9,2.0,fit,1235,sim,clean,wiener,6.570711663662776e-05,6.673374934668286e-05,5.760923168935674e-07,0.74872,0.002169224400040565,50000,1.0156243762107622
31,11,3.0,fit,1235,sim,clean,wiener,6.744804313073174e-05,6.826877430379775e-05,5.840286497064942e-07,0.74294,0.0021991079556440743,50000,1.012168346700218
31,13,4.0,fit,1234,sim,clean,wiener,7.596897799571556e-05,7.824378077252351e-05,6.132551684801421e-07,0.70538,0.002309157813614587,50000,1.0299438380879133
31,15,5.0,fit,1234,sim,clean,wiener,7.201396486816139e-05,7.413267587007745e-05,6.01557081002757e-07,0.72086,0.002265109705272186,50000,1.0294208353309648
31,17,6.0,fit,1234,sim,clean,wiener,6.773285574346423e-05,6.998970193737984e-05,5.820726645141482e-07,0.73646,0.002191742867305049,50000,1.033319814573644
31,21,10.0,fit,1234,sim,clean,wiener,6.240555395008533e-05,6.456665528957952e-05,5.639499438043262e-07,0.75688,0.00212350337372727,50000,1.0346299520267497
31,23,20.0,fit,1234,sim,clean,wiener,5.331045078780916e-05,5.554240822335744e-05,5.281180498324069e-07,0.79086,0.0019885815627184384,50000,1.0418671649285447
31,19,8.0,fit,1234,sim,clean,wiener,6.25749852020171e-05,6.453478625932799e-05,5.614407366771469e-07,0.757,0.0021140551773784918,50000,1.0313192412428684
31,13,4.0,fit,1235,sim,clean,wiener,7.596897799571556e-05,7.583235748349184e-05,6.060198732834238e-07,0.71446,0.0022819139528270503,50000,0.9982016276139529
31,17,6.0,fit,1235,sim,clean,wiener,6.773285574346423e-05,6.825815129371392e-05,5.782191992700013e-07,0.74298,0.002177232986532145,50000,1.007755402374281
31,23,20.0,fit,1235,sim,clean,wiener,5.331045078780916e-05,5.424108948808703e-05,5.235882005514104e-07,0.79576,0.001971524817990737,50000,1.0174569655016064
31,15,5.0,fit,1235,sim,clean,wiener,7.201396486816139e-05,7.220459953986048e-05,5.969186964642002e-07,0.72812,0.0022476442806817947,50000,1.0026471903338205
31,21,10.0,fit,1235,sim,clean,wiener,6.240555395008533e-05,6.356278083665663e-05,5.630126381580063e-07,0.76066,0.0021199740326500334,50000,1.0185436521803315
31,19,8.0,fit,1235,sim,clean,wiener,6.25749852020171e-05,6.330782859464449e-05,5.594319943338676e-07,0.76162,0.00210649143667816,50000,1.0117114433229426
31,17,6.0,fit,1236,sim,clean,wiener,6.773285574346423e-05,6.862464514160638e-05,5.778929284383782e-07,0.7416,0.0021760044427237587,50000,1.0131662748950048
31,13,4.0,fit,1236,sim,clean,wiener,7.596897799571556e-05,7.715492223892992e-05,6.084890259823643e-07,0.70948,0.002291211327787455,50000,1.0156109016404202
31,23,20.0,fit,1236,sim,clean,wiener,5.331045078780916e-05,5.4570402800686077e-05,5.242082649316297e-07,0.79452,0.0019738596152857617,50000,1.0236342404586276
31,21,10.0,fit,1236,sim,clean,wiener,6.240555395008533e-05,6.357871535178239e-05,5.605205967313807e-07,0.7606,0.0021105904722205217,50000,1.0187989902731318
31,19,8.0,fit,1236,sim,clean,wiener,6.25749852020171e-05,6.347779675598592e-05,5.608615223564931e-07,0.76098,0.0021118741973508628,50000,1.0144276750694257
31,5,1.4,fit,1236,sim,clean,wiener,4.93893840628119e-05,5.134100773519873e-05,5.070506398587607e-07,0.80668,0.0019092541035241955,50000,1.0395150437572742
31,3,1.0,fit,1236,sim,clean,wiener,5.12639196083411e-05,5.2684818510804476e-05,5.113305317536164e-07,0.80162,0.0019253696559375984,50000,1.0277173285484043
31,9,2.0,fit,1236,sim,clean,wiener,6.570711663662776e-05,6.782791938531839e-05,5.784106720923967e-07,0.7446,0.0021779539604214067,50000,1.0322766065115754
31,11,3.0,fit,1236,sim,clean,wiener,6.744804313073174e-05,6.974537270545151e-05,5.88465705100314e-07,0.73738,0.002215815293239732,50000,1.0340607298312117
31,15,5.0,fit,1236,sim,clean,wiener,7.201396486816139e-05,7.301194830623234e-05,5.958668698069271e-07,0.72508,0.002243683720919649,50000,1.0138581931976387
31,7,1.8,fit,1236,sim,clean,wiener,6.458015780686146e-05,6.714804673995262e-05,5.811783471833272e-07,0.74716,0.0021883753949078176,50000,1.0397628160149577
31,1,0.6,fit,1236,sim,clean,wiener,9.066153347253475e-05,9.248923729495296e-05,6.586498721291258e-07,0.65174,0.0024800875342520148,50000,1.0201596394017745
31,17,6.0,fit,1237,sim,clean,wiener,6.773285574346423e-05,6.924609123151103e-05,5.799975597797255e-07,0.73926,0.002183929244921015,50000,1.022341232647537
31,13,4.0,fit,1237,sim,clean,wiener,7.596897799571556e-05,7.680967441120512e-05,6.146124779324756e-07,0.71078,0.002314268641681665,50000,1.0110663120351175
31,23,20.0,fit,1237,sim,clean,wiener,5.331045078780916e-05,5.4018006276326406e-05,5.223736357726963e-07,0.7966,0.001966951482301028,50000,1.0132723598855602
31,19,8.0,fit,1237,sim,clean,wiener,6.25749852020171e-05,6.389209414925568e-05,5.65834560542325e-07,0.75942,0.0021305997304966783,50000,1.0210484899514787
31,21,10.0,fit,1237,sim,clean,wiener,6.240555395008533e-05,6.322815601901567e-05,5.614366525634773e-07,0.76192,0.0021140397990115794,50000,1.0131815522315257
31,9,2.0,fit,1237,sim,clean,wiener,6.570711663662776e-05,6.644692807441919e-05,5.77002225533801e-07,0.7498,0.002172650580127197,50000,1.0112592284620054
31,11,3.0,fit,1237,sim,clean,wiener,6.744804313073174e-05,6.880523631303167e-05,5.824583508780868e-07,0.74092,0.002193195135017852,50000,1.020122054240615
31,15,5.0,fit,1237,sim,clean,wiener,7.201396486816139e-05,7.326158904320255e-05,5.976509534551595e-07,0.72414,0.0022504015292777392,50000,1.0173247532936873
31,5,1.4,fit,1237,sim,clean,wiener,4.93893840628119e-05,4.935981635456256e-05,5.00914588868261e-07,0.81414,0.0018861493490635592,50000,0.9994013347440872
31,3,1.0,fit,1237,sim,clean,wiener,5.12639196083411e-05,5.1654386532671996e-05,5.108520085055987e-07,0.8055,0.0019235678191917378,50000,1.0076167980777528
31,7,1.8,fit,1237,sim,clean,wiener,6.458015780686146e-05,6.595295810552064e-05,5.755898859074054e-07,0.75166,0.0021673325408323118,50000,1.0212573078988874
31,1,0.6,fit,1237,sim,clean,wiener,9.066153347253475e-05,9.123041060001793e-05,6.558383820897824e-07,0.65648,0.0024695011184728546,50000,1.0062747353336519
31,13,4.0,fit,1238,sim,clean,wiener,7.596897799571556e-05,7.71761682590976e-05,6.102371440195173e-07,0.7094,0.002297793710834657,50000,1.0158905686930542
31,17,6.0,fit,1238,sim,clean,wiener,6.773285574346423e-05,6.907081156512767e-05,5.812321003618386e-07,0.73992,0.0021885777977224143,50000,1.019753424050669
31,11,3.0,fit,1238,sim,clean,wiener,6.744804313073174e-05,6.867244868698368e-05,5.833351538990357e-07,0.74142,0.0021964966588384222,50000,1.018153314750418
31,21,10.0,fit,1238,sim,clean,wiener,6.240555395008533e-05,6.38761596341299e-05,5.618132326268078e-07,0.75948,0.0021154577777590658,50000,1.023565301338737
31,23,20.0,fit,1238,sim,clean,wiener,5.331045078780916e-05,5.531401350655488e-05,5.285720664078977e-07,0.79172,0.001990291121767738,50000,1.0375829258454496
31,9,2.0,fit,1238,sim,clean,wiener,6.570711663662776e-05,6.749860607271937e-05,5.841762166453876e-07,0.74584,0.0021996636058325943,50000,1.0272647702074473
31,19,8.0,fit,1238,sim,clean,wiener,6.25749852020171e-05,6.388678264421375e-05,5.594875884093177e-07,0.75944,0.002106700771226509,50000,1.0209636077094009
31,15,5.0,fit,1238,sim,clean,wiener,7.201396486816139e-05,7.356434483059201e-05,6.004244126675909e-07,0.723,0.0022608447433594067,50000,1.0215288793676192
31,5,1.4,fit,1238,sim,clean,wiener,4.93893840628119e-05,5.075674218058751e-05,5.06366802493128e-07,0.80888,0.0019066791747225256,50000,1.0276852636193365
31,3,1.0,fit,1238,sim,clean,wiener,5.12639196083411e-05,5.2631703460385285e-05,5.158243993248833e-07,0.80182,0.0019422909147363751,50000,1.0266812187303296
31,7,1.8,fit,1238,sim,clean,wiener,6.458015780686146e-05,6.631414044837121e-05,5.755597072103117e-07,0.7503,0.0021672189056315336,50000,1.0268500836850776
31,1,0.6,fit,1238,sim,clean,wiener,9.066153347253475e-05,9.203244786134782e-05,6.602736601094214e-07,0.65346,0.0024862017635240577,50000,1.0151212353939323
31,13,4.0,fit,1239,sim,clean,wiener,7.596897799571556e-05,7.699026558263041e-05,6.084552229105336e-07,0.7101,0.002291084045325841,50000,1.0134434819825069
31,17,6.0,fit,1239,sim,clean,wiener,6.773285574346423e-05,6.845998848530688e-05,5.79883375953758e-07,0.74222,0.0021834992958761914,50000,1.0107353031827955
31,11,3.0,fit,1239,sim,clean,wiener,6.744804313073174e-05,6.922484521134336e-05,5.875904370607874e-07,0.73934,0.002212519549255235,50000,1.0263432710296387
31,23,20.0,fit,1239,sim,clean,wiener,5.331045078780916e-05,5.43632541040512e-05,5.23506769855839e-07,0.7953,0.0019712181979464035,50000,1.0197485352437272
31,19,8.0,fit,1239,sim,clean,wiener,6.25749852020171e-05,6.337156665514753e-05,5.605814815590622e-07,0.76138,0.0021108197286260075,50000,1.012730030227874
31,21,10.0,fit,1239,sim,clean,wiener,6.240555395008533e-05,6.313254892826113e-05,5.600754813417711e-07,0.76228,0.0021089144297952705,50000,1.0116495236747243
31,9,2.0,fit,1239,sim,clean,wiener,6.570711663662776e-05,6.745080252734208e-05,5.794944670466216e-07,0.74602,0.002182034893963487,50000,1.0265372455826545
31,15,5.0,fit,1239,sim,clean,wiener,7.201396486816139e-05,7.284198014489087e-05,5.964295334612805e-07,0.72572,0.00224580238088481,50000,1.0114979820684136
31,5,1.4,fit,1239,sim,clean,wiener,4.93893840628119e-05,5.015123060580864e-05,5.067978931637067e-07,0.81116,0.0019083024083151757,50000,1.015425309658202
31,3,1.0,fit,1239,sim,clean,wiener,5.12639196083411e-05,5.1845600714181105e-05,5.086384540340487e-07,0.80478,0.0019152328766318422,50000,1.011346793422822
31,1,0.6,fit,1239,sim,clean,wiener,9.066153347253475e-05,9.095952384288e-05,6.642957056726975e-07,0.6575,0.002501346418500502,50000,1.0032868445848153
31,7,1.8,fit,1239,sim,clean,wiener,6.458015780686146e-05,6.581485897443073e-05,5.71568201899547e-07,0.75218,0.002152189247260648,50000,1.0191188936276971
31,13,4.0,fit,1240,sim,clean,wiener,7.596897799571556e-05,7.715492223892992e-05,6.130649202065951e-07,0.70948,0.0023084414506551413,50000,1.0156109016404202
31,17,6.0,fit,1240,sim,clean,wiener,6.773285574346423e-05,6.795539550632448e-05,5.788347699088517e-07,0.74412,0.0021795508630435747,50000,1.0032855511615089
31,11,3.0,fit,1240,sim,clean,wiener,6.744804313073174e-05,6.909205758529535e-05,5.896970130020728e-07,0.73984,0.0022204516736706683,50000,1.024374531539441
31,21,10.0,fit,1240,sim,clean,wiener,6.240555395008533e-05,6.338750117027327e-05,5.603548084604631e-07,0.76132,0.002109966211226287,50000,1.0157349331595285
31,19,8.0,fit,1240,sim,clean,wiener,6.25749852020171e-05,6.321753300893185e-05,5.592724785178469e-07,0.76196,0.0021058907940551684,50000,1.0102684452076234
31,23,20.0,fit,1240,sim,clean,wiener,5.331045078780916e-05,5.4777551497320956e-05,5.244790914322216e-07,0.79374,0.001974879388395095,50000,1.027519945673528
31,9,2.0,fit,1240,sim,clean,wiener,6.570711663662776e-05,6.70630626592819e-05,5.827840027216284e-07,0.74748,0.00219442134808165,50000,1.0206362125148905
31,15,5.0,fit,1240,sim,clean,wiener,7.201396486816139e-05,7.241174823649537e-05,5.985836590465349e-07,0.72734,0.002253913549257064,50000,1.0055236976475634
31,5,1.4,fit,1240,sim,clean,wiener,4.93893840628119e-05,5.020434565622783e-05,5.032811727986174e-07,0.81096,0.0018950605104450457,50000,1.0165007442161962
31,3,1.0,fit,1240,sim,clean,wiener,5.12639196083411e-05,5.2238652087283195e-05,5.099185279021513e-07,0.8033,0.0019200528809733609,50000,1.0190140060765758
31,1,0.6,fit,1240,sim,clean,wiener,9.066153347253475e-05,9.016810959163393e-05,6.603652613630232e-07,0.66048,0.0024865466799004103,50000,0.9945575167107635
31,7,1.8,fit,1240,sim,clean,wiener,6.458015780686146e-05,6.582017047947262e-05,5.714143045385136e-07,0.75216,0.002151609760430385,50000,1.0192011403304346
31,17,6.0,fit,1241,sim,clean,wiener,6.773285574346423e-05,6.76951317592704e-05,5.775700460674972e-07,0.7451,0.0021747886578630357,50000,0.9994430474873714
31,13,4.0,fit,1241,sim,clean,wiener,7.596897799571556e-05,7.67778053809536e-05,6.117071394030143e-07,0.7109,0.002303328847756849,50000,1.0106468114561666
31,21,10.0,fit,1241,sim,clean,wiener,6.240555395008533e-05,6.277667809045249e-05,5.570141747185847e-07,0.76362,0.002097387351880346,50000,1.005946972935518
31,11,3.0,fit,1241,sim,clean,wiener,6.744804313073174e-05,6.946386293822977e-05,5.870194299606317e-07,0.73844,0.002210369472786705,50000,1.0298870021119937
31,19,8.0,fit,1241,sim,clean,wiener,6.25749852020171e-05,6.27023170198656e-05,5.57432250471115e-07,0.7639,0.002098961578956215,50000,1.0020348677260957
31,23,20.0,fit,1241,sim,clean,wiener,5.331045078780916e-05,5.419859744775169e-05,5.236641187245679e-07,0.79592,0.0019718106811220273,50000,1.0166598977652168
31,9,2.0,fit,1241,sim,clean,wiener,6.570711663662776e-05,6.771637777943808e-05,5.799616043160764e-07,0.74502,0.002183793857819373,50000,1.0305790490537257
31,15,5.0,fit,1241,sim,clean,wiener,7.201396486816139e-05,7.245955178187263e-05,5.97122790458283e-07,0.72716,0.0022484127784709223,50000,1.0061875070276576
31,5,1.4,fit,1241,sim,clean,wiener,4.93893840628119e-05,5.008218104026367e-05,5.015931420239144e-07,0.81142,0.0018887043806423602,50000,1.0140272447328094
31,3,1.0,fit,1241,sim,clean,wiener,5.12639196083411e-05,5.240862024862463e-05,5.144650537739757e-07,0.80266,0.0019371724199211424,50000,1.0223295574944151
31,1,0.6,fit,1241,sim,clean,wiener,9.066153347253475e-05,9.205900538655742e-05,6.566863196942825e-07,0.65336,0.0024726939521341543,50000,1.0154141658595046
31,7,1.8,fit,1241,sim,clean,wiener,6.458015780686146e-05,6.652660065004799e-05,5.81112680709262e-07,0.7495,0.0021881281336380005,50000,1.030139951794601
31,17,6.0,fit,1242,sim,clean,wiener,6.773285574346423e-05,6.861933363656449e-05,5.783007069537595e-07,0.74162,0.0021775398964686502,50000,1.0130878564526757
31,13,4.0,fit,1242,sim,clean,wiener,7.596897799571556e-05,7.717085675405566e-05,6.125994100504781e-07,0.70942,0.0023066886135498653,50000,1.0158206519298956
31,21,10.0,fit,1242,sim,clean,wiener,6.240555395008533e-05,6.34459277257344e-05,5.583768345593144e-07,0.7611,0.002102518326359237,50000,1.0166711728331297
31,19,8.0,fit,1242,sim,clean,wiener,6.25749852020171e-05,6.33450091299379e-05,5.587835388660603e-07,0.76148,0.002104049735267018,50000,1.0123056190174855
31,23,20.0,fit,1242,sim,clean,wiener,5.331045078780916e-05,5.4315450558673925e-05,5.218114970269944e-07,0.79548,0.001964834798832725,50000,1.0188518340402888
31,11,3.0,fit,1242,sim,clean,wiener,6.744804313073174e-05,6.826346279875585e-05,5.837357651185271e-07,0.74296,0.0021980051247678704,50000,1.0120895971206105
31,9,2.0,fit,1242,sim,clean,wiener,6.570711663662776e-05,6.715335824499455e-05,5.794747399387811e-07,0.74714,0.002181960613292811,50000,1.0220104256950546
31,15,5.0,fit,1242,sim,clean,wiener,7.201396486816139e-05,7.312880141715457e-05,5.955613044526209e-07,0.72464,0.0022425331417452172,50000,1.0154808383489806
31,5,1.4,fit,1242,sim,clean,wiener,4.93893840628119e-05,5.037431381756927e-05,5.049468905934537e-07,0.81032,0.0019013326227058454,50000,1.0199421348017779
31,3,1.0,fit,1242,sim,clean,wiener,5.12639196083411e-05,5.200494586543872e-05,5.122192253801952e-07,0.80418,0.0019287159527764976,50000,1.0144551228770466
31,1,0.6,fit,1242,sim,clean,wiener,9.066153347253475e-05,9.17350035790003e-05,6.642233567960334e-07,0.65458,0.002501073995237818,50000,1.0118404141795236
31,7,1.8,fit,1242,sim,clean,wiener,6.458015780686146e-05,6.586797402484992e-05,5.74918391925715e-07,0.75198,0.002164804089945451,50000,1.0199413606550778
31,17,6.0,fit,1243,sim,clean,wiener,6.773285574346423e-05,6.76473282138931e-05,5.781701733148802e-07,0.74528,0.0021770483836569365,50000,0.9987372815064072
31,21,10.0,fit,1243,sim,clean,wiener,6.240555395008533e-05,6.275543207028479e-05,5.552814406578323e-07,0.7637,0.002090862895828522,50000,1.0056065221451171
31,19,8.0,fit,1243,sim,clean,wiener,6.25749852020171e-05,6.276605508036864e-05,5.586817574133602e-07,0.76366,0.002103666486256062,50000,1.003053454631027
31,23,20.0,fit,1243,sim,clean,wiener,5.331045078780916e-05,5.4235777983045104e-05,5.206832084072559e-07,0.79578,0.001960586328348997,50000,1.0173573320345575
31,13,4.0,fit,1243,sim,clean,wiener,7.596897799571556e-05,7.664501775490559e-05,6.107457290933762e-07,0.7114,0.002299708742712985,50000,1.0088988923772038
31,11,3.0,fit,1243,sim,clean,wiener,6.744804313073174e-05,6.956478153402623e-05,5.854049451082892e-07,0.73806,0.0022042902736158464,50000,1.0313832441245434
31,9,2.0,fit,1243,sim,clean,wiener,6.570711663662776e-05,6.759421316347391e-05,5.815464113849699e-07,0.74548,0.002189761307935247,50000,1.0287198194570328
31,15,5.0,fit,1243,sim,clean,wiener,7.201396486816139e-05,7.232145265078272e-05,5.919029098632686e-07,0.72768,0.002228757782179598,50000,1.0042698354851625
31,5,1.4,fit,1243,sim,clean,wiener,4.93893840628119e-05,5.039555983773697e-05,5.049890609423392e-07,0.81024,0.001901491411405292,50000,1.0203723086249759
31,17,6.0,fit,1244,sim,clean,wiener,6.773285574346423e-05,6.861402213152257e-05,5.821422198778043e-07,0.74164,0.002192004771842867,50000,1.0130094380103465
31,3,1.0,fit,1243,sim,clean,wiener,5.12639196083411e-05,5.212711048140288e-05,5.114106515982731e-07,0.80372,0.001925671340089357,50000,1.0168381754586189
31,1,0.6,fit,1243,sim,clean,wiener,9.066153347253475e-05,9.153847789244928e-05,6.611559336921145e-07,0.65532,0.002489523886258499,50000,1.0096727287342895
31,7,1.8,fit,1243,sim,clean,wiener,6.458015780686146e-05,6.562895629796352e-05,5.73715245604535e-07,0.75288,0.0021602737494423943,50000,1.0162402590318638
31,21,10.0,fit,1244,sim,clean,wiener,6.240555395008533e-05,6.31803524736384e-05,5.594801177744258e-07,0.7621,0.002106672641215023,50000,1.012415537953125
31,19,8.0,fit,1244,sim,clean,wiener,6.25749852020171e-05,6.364776491732735e-05,5.630945924964531e-07,0.76034,0.0021202826244250575,50000,1.0171439068159087
31,23,20.0,fit,1244,sim,clean,wiener,5.331045078780916e-05,5.379492306456575e-05,5.198032889926326e-07,0.79744,0.001957273070025118,50000,1.0090877542695131
31,11,3.0,fit,1244,sim,clean,wiener,6.744804313073174e-05,6.914517263571456e-05,5.874073310266097e-07,0.73964,0.002211830079763133,50000,1.0251620273355202
31,13,4.0,fit,1244,sim,clean,wiener,7.596897799571556e-05,7.668750979524097e-05,6.121059744007076e-07,0.71124,0.0023048306254810362,50000,1.009458226482472
31,9,2.0,fit,1244,sim,clean,wiener,6.570711663662776e-05,6.733926092146176e-05,5.825467139877354e-07,0.74644,0.0021935278584510453,50000,1.0248396881248047
31,15,5.0,fit,1244,sim,clean,wiener,7.201396486816139e-05,7.281011111463934e-05,5.974637297568417e-07,0.72584,0.00224969655508741,50000,1.0110554424816838
31,17,6.0,fit,1245,sim,clean,wiener,6.773285574346423e-05,6.806693711220479e-05,5.802154692039999e-07,0.7437,0.002184749763484227,50000,1.0049323384504247
31,21,10.0,fit,1245,sim,clean,wiener,6.240555395008533e-05,6.300507280725504e-05,5.563734521241676e-07,0.76276,0.00209497476791644,50000,1.0096068189323217
31,19,8.0,fit,1245,sim,clean,wiener,6.25749852020171e-05,6.309536839296768e-05,5.59906688501466e-07,0.76242,0.0021082788553621378,50000,1.0083161536398384
31,23,20.0,fit,1245,sim,clean,wiener,5.331045078780916e-05,5.378961155952385e-05,5.186723709197141e-07,0.79746,0.0019530146985692206,50000,1.008988120802465
31,5,1.4,fit,1244,sim,clean,wiener,4.93893840628119e-05,5.0029065989844474e-05,5.023052662117964e-07,0.81162,0.0018913858209582848,50000,1.012951810174815
31,1,0.6,fit,1244,sim,clean,wiener,9.066153347253475e-05,9.201651334622208e-05,6.650820088994978e-07,0.65352,0.0025043071733923624,50000,1.0149454771145892
31,3,1.0,fit,1244,sim,clean,wiener,5.12639196083411e-05,5.158533696712703e-05,5.102854495378435e-07,0.80576,0.001921434491770287,50000,1.0062698553142555
31,7,1.8,fit,1244,sim,clean,wiener,6.458015780686146e-05,6.572456338871809e-05,5.718741496173914e-07,0.75252,0.0021533412661909877,50000,1.0177206996811494
31,11,3.0,fit,1245,sim,clean,wiener,6.744804313073174e-05,6.954353551385855e-05,5.92285089639697e-07,0.73814,0.0022301968461488956,50000,1.031068245806112
31,13,4.0,fit,1245,sim,clean,wiener,7.596897799571556e-05,7.720803728934911e-05,6.111540590255508e-07,0.70928,0.0023012462727687866,50000,1.016310069272005
31,9,2.0,fit,1245,sim,clean,wiener,6.570711663662776e-05,6.777480433489919e-05,5.837515261643596e-07,0.7448,0.0021980644715846693,50000,1.0314682458173612
31,15,5.0,fit,1245,sim,clean,wiener,7.201396486816139e-05,7.317660496253184e-05,6.005648883912165e-07,0.72446,0.002261373692207302,50000,1.016144647729075
31,17,6.0,fit,1246,sim,clean,wiener,6.773285574346423e-05,6.925671424159488e-05,5.796991030846124e-07,0.73922,0.002182805432770758,50000,1.022498069532196
31,21,10.0,fit,1246,sim,clean,wiener,6.240555395008533e-05,6.337687816018943e-05,5.55837457751795e-07,0.76136,0.0020929565287614643,50000,1.0155647077643284
31,19,8.0,fit,1246,sim,clean,wiener,6.25749852020171e-05,6.355215782657279e-05,5.593408115553892e-07,0.7607,0.0021061480960326796,50000,1.015616026458512
31,23,20.0,fit,1246,sim,clean,wiener,5.331045078780916e-05,5.526089845613569e-05,5.26346162741052e-07,0.79192,0.0019819096794108986,50000,1.0365865911749625
31,1,0.6,fit,1245,sim,clean,wiener,9.066153347253475e-05,9.115073802438911e-05,6.622727849424314e-07,0.65678,0.0024937292903445436,50000,1.005395943936935
31,5,1.4,fit,1245,sim,clean,wiener,4.93893840628119e-05,5.051241294865921e-05,5.062037507184687e-07,0.8098,0.001906065217761655,50000,1.0227382646525633
31,7,1.8,fit,1245,sim,clean,wiener,6.458015780686146e-05,6.694089804331775e-05,5.792050754919454e-07,0.74794,0.002180945215793581,50000,1.0365551946081721
31,11,3.0,fit,1246,sim,clean,wiener,6.744804313073174e-05,6.97931762508288e-05,5.892633366496323e-07,0.7372,0.0022188187039228558,50000,1.0347694760476829
31,3,1.0,fit,1245,sim,clean,wiener,5.12639196083411e-05,5.231832466291199e-05,5.130472779144332e-07,0.803,0.001931833910973667,50000,1.020568170803688
31,13,4.0,fit,1246,sim,clean,wiener,7.596897799571556e-05,7.739925147085825e-05,6.078093166485712e-07,0.70856,0.002288651942722662,50000,1.0188270727457116
31,9,2.0,fit,1246,sim,clean,wiener,6.570711663662776e-05,6.780667336515071e-05,5.810300688449577e-07,0.74468,0.0021878170660078193,50000,1.0319532622338898
31,15,5.0,fit,1246,sim,clean,wiener,7.201396486816139e-05,7.380336255747841e-05,5.961296335613622e-07,0.7221,0.002244673134475172,50000,1.0248479262680916
31,17,6.0,fit,1247,sim,clean,wiener,6.773285574346423e-05,6.80138220617856e-05,5.799714692417553e-07,0.7439,0.002183831003319946,50000,1.0041481540271315
31,21,10.0,fit,1247,sim,clean,wiener,6.240555395008533e-05,6.298913829212927e-05,5.609890350697797e-07,0.76282,0.002112354335135842,50000,1.0093514808395214
31,19,8.0,fit,1247,sim,clean,wiener,6.25749852020171e-05,6.238893822239233e-05,5.584619803969012e-07,0.76508,0.0021028389354405233,50000,0.9970268154435173
31,23,20.0,fit,1247,sim,clean,wiener,5.331045078780916e-05,5.4028629286410224e-05,5.244414986157369e-07,0.79656,0.0019747378359869245,50000,1.013471626819657
31,5,1.4,fit,1246,sim,clean,wiener,4.93893840628119e-05,5.0230903181437434e-05,5.038158712395265e-07,0.81086,0.0018970738698853142,50000,1.0170384614951933
31,7,1.8,fit,1246,sim,clean,wiener,6.458015780686146e-05,6.655315817525761e-05,5.807684959922694e-07,0.7494,0.002186832136686944,50000,1.0305511853082918
31,11,3.0,fit,1247,sim,clean,wiener,6.744804313073174e-05,6.930451778697215e-05,5.840814917118935e-07,0.73904,0.002199306927517328,50000,1.0275245147237568
31,1,0.6,fit,1246,sim,clean,wiener,9.066153347253475e-05,9.204838237647361e-05,6.606291848987503e-07,0.6534,0.002487540460509274,50000,1.0152969936732759
31,3,1.0,fit,1246,sim,clean,wiener,5.12639196083411e-05,5.196776533014527e-05,5.133581843044206e-07,0.80432,0.0019330046013430959,50000,1.0137298460043942
31,13,4.0,fit,1247,sim,clean,wiener,7.596897799571556e-05,7.663439474482176e-05,6.0923141399263e-07,0.71144,0.002294006723835869,50000,1.008759058850887
31,9,2.0,fit,1247,sim,clean,wiener,6.570711663662776e-05,6.76685742340608e-05,5.841738864350901e-07,0.7452,0.0021996548316328933,50000,1.029851524428933
31,15,5.0,fit,1247,sim,clean,wiener,7.201396486816139e-05,7.217804201465089e-05,5.921785911187742e-07,0.72822,0.0022297958354369324,50000,1.0022784073448792
31,17,6.0,fit,1248,sim,clean,wiener,6.773285574346423e-05,6.845998848530688e-05,5.829647424593485e-07,0.74222,0.0021951019074948246,50000,1.0107353031827955
31,21,10.0,fit,1248,sim,clean,wiener,6.240555395008533e-05,6.323346752405759e-05,5.595829974736523e-07,0.7619,0.0021070600255756306,50000,1.0132666649291258
31,23,20.0,fit,1248,sim,clean,wiener,5.331045078780916e-05,5.455446828556033e-05,5.271675081123645e-07,0.79458,0.0019850023823823927,50000,1.0233353400574816
31,19,8.0,fit,1248,sim,clean,wiener,6.25749852020171e-05,6.321222150388991e-05,5.634006779522781e-07,0.76198,0.0021214351619955173,50000,1.0101835629655456
31,5,1.4,fit,1247,sim,clean,wiener,4.93893840628119e-05,4.994408190917376e-05,5.040300383424769e-07,0.81194,0.0018978802970703024,50000,1.0112311148820243
31,11,3.0,fit,1248,sim,clean,wiener,6.744804313073174e-05,6.842280795001343e-05,5.822505950065414e-07,0.74236,0.0021924128487547092,50000,1.014452084508847
31,7,1.8,fit,1247,sim,clean,wiener,6.458015780686146e-05,6.637256700383232e-05,5.736902692851097e-07,0.75008,0.002160179703332193,50000,1.0277547974151966
31,3,1.0,fit,1247,sim,clean,wiener,5.12639196083411e-05,5.22120945620736e-05,5.132170967362153e-07,0.8034,0.0019324733486488336,50000,1.0184959511675384
31,13,4.0,fit,1248,sim,clean,wiener,7.596897799571556e-05,7.664501775490559e-05,6.067044565712156e-07,0.7114,0.0022844916903322922,50000,1.0088988923772038
31,1,0.6,fit,1247,sim,clean,wiener,9.066153347253475e-05,9.155972391261694e-05,6.575961250242448e-07,0.65524,0.0024761197432151445,50000,1.009907073106747
31,9,2.0,fit,1248,sim,clean,wiener,6.570711663662776e-05,6.672843784164097e-05,5.770860594668101e-07,0.74874,0.002172966249348435,50000,1.015543540141341
31,15,5.0,fit,1248,sim,clean,wiener,7.201396486816139e-05,7.285791466001664e-05,5.975715012876579e-07,0.72566,0.002250102359204946,50000,1.0117192518617786
31,17,6.0,fit,1249,sim,clean,wiener,6.773285574346423e-05,6.805631410212097e-05,5.745346808252439e-07,0.74374,0.002163359259911618,50000,1.0047755015657662
31,21,10.0,fit,1249,sim,clean,wiener,6.240555395008533e-05,6.27873011005363e-05,5.56711340845068e-07,0.76358,0.0020962470578539763,50000,1.0061171983307178
31,23,20.0,fit,1249,sim,clean,wiener,5.331045078780916e-05,5.4055186811619854e-05,5.232301795238705e-07,0.79646,0.001970176721642473,50000,1.0139697941549013
31,19,8.0,fit,1249,sim,clean,wiener,6.25749852020171e-05,6.285103916103936e-05,5.561255986968602e-07,0.76334,0.002094041497872069,50000,1.0044115705042687
31,5,1.4,fit,1248,sim,clean,wiener,4.93893840628119e-05,4.946604645540095e-05,5.008855469473569e-07,0.81374,0.0018860399942924543,50000,1.0015522038600755
31,11,3.0,fit,1249,sim,clean,wiener,6.744804313073174e-05,6.845467698026496e-05,5.865527087538996e-07,0.74224,0.002208612075578009,50000,1.0149245819864943
31,13,4.0,fit,1249,sim,clean,wiener,7.596897799571556e-05,7.606606370533632e-05,6.079435974869335e-07,0.71358,0.0022891575652808733,50000,1.001277965192927
31,1,0.6,fit,1248,sim,clean,wiener,9.066153347253475e-05,9.047617688406528e-05,6.540603898867447e-07,0.65932,0.002462806246910067,50000,0.997955510111401
31,3,1.0,fit,1248,sim,clean,wiener,5.12639196083411e-05,5.169156706796545e-05,5.104371977988267e-07,0.80536,0.0019220058863553826,50000,1.0083420749504055
31,7,1.8,fit,1248,sim,clean,wiener,6.458015780686146e-05,6.617604131728127e-05,5.753273349691648e-07,0.75082,0.0021663439286172485,50000,1.024711669413887
31,9,2.0,fit,1249,sim,clean,wiener,6.570711663662776e-05,6.718522727524607e-05,5.845184588358224e-07,0.74702,0.002200952288372604,50000,1.0224954421115833
31,17,6.0,fit,1250,sim,clean,wiener,6.773285574346423e-05,6.842811945505536e-05,5.78714102255767e-07,0.74234,0.0021790964997242053,50000,1.0102647925288197
31,15,5.0,fit,1249,sim,clean,wiener,7.201396486816139e-05,7.198682783314174e-05,5.928900991132877e-07,0.72894,0.0022324749555315123,50000,0.999623169824501
31,21,10.0,fit,1250,sim,clean,wiener,6.240555395008533e-05,6.342468170556672e-05,5.581070300240641e-07,0.76118,0.002101502401369537,50000,1.0163307220427293
31,23,20.0,fit,1250,sim,clean,wiener,5.331045078780916e-05,5.473505945698558e-05,5.244861976933168e-07,0.7939,0.0019749061463894455,50000,1.0267228779371378
31,19,8.0,fit,1250,sim,clean,wiener,6.25749852020171e-05,6.359464986690816e-05,5.624106908597958e-07,0.76054,0.0021177074536165587,50000,1.0162950843951328
31,11,3.0,fit,1250,sim,clean,wiener,6.744804313073174e-05,6.945323992814591e-05,5.88648189558642e-07,0.73848,0.002216502422243236,50000,1.0297295029527778
31,5,1.4,fit,1249,sim,clean,wiener,4.93893840628119e-05,4.976349073774848e-05,5.012977984404246e-07,0.81262,0.0018875922906371402,50000,1.0075746373848438
31,13,4.0,fit,1250,sim,clean,wiener,7.596897799571556e-05,7.702744611792383e-05,6.094462171665324e-07,0.70996,0.0022948155460894757,50000,1.013932899324616
31,3,1.0,fit,1249,sim,clean,wiener,5.12639196083411e-05,5.1824354694013436e-05,5.134485215953463e-07,0.80486,0.0019333447583803677,50000,1.0109323494955924
31,9,2.0,fit,1250,sim,clean,wiener,6.570711663662776e-05,6.774293530464767e-05,5.814890149196843e-07,0.74492,0.0021895451866482197,50000,1.0309832294008328
31,7,1.8,fit,1249,sim,clean,wiener,6.458015780686146e-05,6.611230325677826e-05,5.75714735482612e-07,0.75106,0.0021678026508076247,50000,1.0237247089810302
31,1,0.6,fit,1249,sim,clean,wiener,9.066153347253475e-05,9.096483534792193e-05,6.601427483238398e-07,0.65748,0.0024857088268345567,50000,1.00334543067793
31,17,6.0,fit,1251,sim,clean,wiener,6.773285574346423e-05,6.838562741471998e-05,5.787511476148387e-07,0.7425,0.0021792359907301605,50000,1.0096374449901846
31,15,5.0,fit,1250,sim,clean,wiener,7.201396486816139e-05,7.293227573060351e-05,5.982597724412125e-07,0.72538,0.0022526939830408367,50000,1.012751844230814
31,21,10.0,fit,1251,sim,clean,wiener,6.240555395008533e-05,6.29147772215424e-05,5.596133650270164e-07,0.7631,0.0021071743718979047,50000,1.0081599030731203
31,19,8.0,fit,1251,sim,clean,wiener,6.25749852020171e-05,6.287228518120702e-05,5.586002426893638e-07,0.76326,0.0021033595498101657,50000,1.0047510994725788
31,23,20.0,fit,1251,sim,clean,wiener,5.331045078780916e-05,5.391708768052991e-05,5.189965397597049e-07,0.79698,0.0019542353275149985,50000,1.011379324011634
31,11,3.0,fit,1251,sim,clean,wiener,6.744804313073174e-05,6.916641865588224e-05,5.881441640603904e-07,0.73956,0.0022146045590414744,50000,1.0254770256539518
31,5,1.4,fit,1250,sim,clean,wiener,4.93893840628119e-05,5.040618284782079e-05,5.073202963174343e-07,0.8102,0.0019102694709447114,50000,1.0205873955365745
31,13,4.0,fit,1251,sim,clean,wiener,7.596897799571556e-05,7.710180718851073e-05,6.13990045947903e-07,0.70968,0.0023119249293829464,50000,1.0149117340088354
31,9,2.0,fit,1251,sim,clean,wiener,6.570711663662776e-05,6.744017951725825e-05,5.800775930687773e-07,0.74606,0.002184230603155339,50000,1.0263755734438118
31,17,6.0,fit,1252,sim,clean,wiener,6.773285574346423e-05,6.895926995924735e-05,5.809761868085712e-07,0.74034,0.002187614177990351,50000,1.018106636761753
31,7,1.8,fit,1250,sim,clean,wiener,6.458015780686146e-05,6.59157775702272e-05,5.724869024593778e-07,0.7518,0.002155648532538851,50000,1.0206815809797205
31,1,0.6,fit,1250,sim,clean,wiener,9.066153347253475e-05,9.15172318722816e-05,6.642122833311804e-07,0.6554,0.0025010322990904337,50000,1.0094383843618318
31,21,10.0,fit,1252,sim,clean,wiener,6.240555395008533e-05,6.316972946355455e-05,5.640236818416326e-07,0.76214,0.002123781027750845,50000,1.0122453125579245
31,3,1.0,fit,1250,sim,clean,wiener,5.12639196083411e-05,5.232363616795391e-05,5.146440362818148e-07,0.80298,0.0019378463626414317,50000,1.0206717817854953
31,19,8.0,fit,1252,sim,clean,wiener,6.25749852020171e-05,6.338750117027327e-05,5.64097954688818e-07,0.76132,0.0021240606955534704,50000,1.0129846769541064
31,23,20.0,fit,1252,sim,clean,wiener,5.331045078780916e-05,5.423046647800321e-05,5.221704343826119e-07,0.7958,0.0019661863455328965,50000,1.0172576985675092
31,15,5.0,fit,1251,sim,clean,wiener,7.201396486816139e-05,7.249142081212415e-05,5.949420839161269e-07,0.72704,0.002240201521868715,50000,1.0066300466143874
31,11,3.0,fit,1252,sim,clean,wiener,6.744804313073174e-05,6.930451778697215e-05,5.9575058568221e-07,0.73904,0.0022432458633866175,50000,1.0275245147237568
31,13,4.0,fit,1252,sim,clean,wiener,7.596897799571556e-05,7.70221346128819e-05,6.137831473942845e-07,0.70998,0.002311145871274235,50000,1.0138629825614573
31,17,6.0,fit,1253,sim,clean,wiener,6.773285574346423e-05,6.787572293069569e-05,5.806329243292675e-07,0.74442,0.002186321653643317,50000,1.002109274526569
31,5,1.4,fit,1251,sim,clean,wiener,4.93893840628119e-05,5.009811555538945e-05,5.062761665862326e-07,0.81136,0.0019063378932733695,50000,1.014349875100208
31,9,2.0,fit,1252,sim,clean,wiener,6.570711663662776e-05,6.745080252734208e-05,5.823982658970099e-07,0.74602,0.002192968890363643,50000,1.0265372455826545
31,21,10.0,fit,1253,sim,clean,wiener,6.240555395008533e-05,6.29678922719616e-05,5.581888676527347e-07,0.7629,0.002101810553684275,50000,1.009011030049121
31,19,8.0,fit,1253,sim,clean,wiener,6.25749852020171e-05,6.254297186860801e-05,5.587294438468794e-07,0.7645,0.002103846045281773,50000,0.9994884004637679
31,23,20.0,fit,1253,sim,clean,wiener,5.331045078780916e-05,5.449604173009921e-05,5.253721616054758e-07,0.7948,0.0019782421647313907,50000,1.0222393719199456
31,7,1.8,fit,1251,sim,clean,wiener,6.458015780686146e-05,6.661158473071872e-05,5.749296421972859e-07,0.74918,0.002164846451842812,50000,1.0314558990384106
31,1,0.6,fit,1251,sim,clean,wiener,9.066153347253475e-05,9.167657702353919e-05,6.64620195757759e-07,0.6548,0.002502568257066033,50000,1.0111959671552648
31,3,1.0,fit,1251,sim,clean,wiener,5.12639196083411e-05,5.264763797551103e-05,5.126544609411027e-07,0.80176,0.0019303547935851668,50000,1.0269920516757518
31,15,5.0,fit,1252,sim,clean,wiener,7.201396486816139e-05,7.365995192134657e-05,6.005666736909704e-07,0.72264,0.002261380414594798,50000,1.022856498127808
31,11,3.0,fit,1253,sim,clean,wiener,6.744804313073174e-05,6.845998848530688e-05,5.858610671415079e-07,0.74222,0.0022060077605790284,50000,1.0150033315661022
31,17,6.0,fit,1254,sim,clean,wiener,6.773285574346423e-05,6.777480433489919e-05,5.800737713542808e-07,0.7448,0.0021842162128291836,50000,1.0006193241223114
31,13,4.0,fit,1253,sim,clean,wiener,7.596897799571556e-05,7.611917875575551e-05,6.097744186517706e-07,0.71338,0.002296051359602399,50000,1.001977132824512
31,19,8.0,fit,1254,sim,clean,wiener,6.25749852020171e-05,6.258015240390143e-05,5.61773849043479e-07,0.76436,0.0021153094823775573,50000,1.0000825761583108
31,21,10.0,fit,1254,sim,clean,wiener,6.240555395008533e-05,6.249516832323071e-05,5.568252942498108e-07,0.76468,0.0020966761392681647,50000,1.0014359999627125
31,9,2.0,fit,1253,sim,clean,wiener,6.570711663662776e-05,6.717991577020415e-05,5.795372125889121e-07,0.74704,0.0021821958485025604,50000,1.0224146060421617
31,23,20.0,fit,1254,sim,clean,wiener,5.331045078780916e-05,5.3848038114984974e-05,5.202784103705158e-07,0.79724,0.0019590620973314403,50000,1.010084088940001
31,5,1.4,fit,1252,sim,clean,wiener,4.93893840628119e-05,5.0677069604958715e-05,5.059635530922734e-07,0.80918,0.0019051607749557098,50000,1.0260721117823453
31,7,1.8,fit,1252,sim,clean,wiener,6.458015780686146e-05,6.610699175173632e-05,5.796724529909132e-07,0.75108,0.0021827050842123403,50000,1.023642462278292
31,1,0.6,fit,1252,sim,clean,wiener,9.066153347253475e-05,9.249454879999488e-05,6.678985659744238e-07,0.65172,0.0025149126686435084,50000,1.020218225494889
31,3,1.0,fit,1252,sim,clean,wiener,5.12639196083411e-05,5.2477669814169596e-05,5.156551745356388e-07,0.8024,0.0019416537138379143,50000,1.0236765002579125
31,15,5.0,fit,1253,sim,clean,wiener,7.201396486816139e-05,7.23639446911181e-05,5.954793742375798e-07,0.72752,0.0022422246408047323,50000,1.004859888267469
31,11,3.0,fit,1254,sim,clean,wiener,6.744804313073174e-05,6.886897437353472e-05,5.852814505790414e-07,0.74068,0.002203825265945617,50000,1.0210670491959097
31,17,6.0,fit,1255,sim,clean,wiener,6.773285574346423e-05,6.840687343488768e-05,5.811880869015197e-07,0.74242,0.0021884120689507325,50000,1.0099511187595023
31,21,10.0,fit,1255,sim,clean,wiener,6.240555395008533e-05,6.335032063497982e-05,5.591291382388677e-07,0.76146,0.002105351058978771,50000,1.0151391442763278
31,19,8.0,fit,1255,sim,clean,wiener,6.25749852020171e-05,6.340874719044095e-05,5.626905282747197e-07,0.76124,0.0021187611565226666,50000,1.0133242059224168
31,13,4.0,fit,1254,sim,clean,wiener,7.596897799571556e-05,7.627852390701313e-05,6.099103758961316e-07,0.71278,0.0022965632945183517,50000,1.0040746357192674
31,9,2.0,fit,1254,sim,clean,wiener,6.570711663662776e-05,6.648410860971264e-05,5.763278993170563e-07,0.74966,0.0021701114647110476,50000,1.0118250809479554
31,23,20.0,fit,1255,sim,clean,wiener,5.331045078780916e-05,5.467132139648257e-05,5.264930463060693e-07,0.79414,0.0019824627564158457,50000,1.0255272763325536
31,1,0.6,fit,1253,sim,clean,wiener,9.066153347253475e-05,9.157565842774272e-05,6.592176268295535e-07,0.65518,0.002482225364098534,50000,1.0100828313860906
31,5,1.4,fit,1253,sim,clean,wiener,4.93893840628119e-05,4.997595093942528e-05,5.062223709780149e-07,0.81182,0.001906135330693486,50000,1.011876375616821
31,15,5.0,fit,1254,sim,clean,wiener,7.201396486816139e-05,7.187528622726144e-05,5.944452206331624e-07,0.72936,0.002238330627351839,50000,0.9980742812709474
31,3,1.0,fit,1253,sim,clean,wiener,5.12639196083411e-05,5.187746974443263e-05,5.140879256948141e-07,0.80466,0.0019357523776687667,50000,1.0119684593136669
31,7,1.8,fit,1253,sim,clean,wiener,6.458015780686146e-05,6.66062732256768e-05,5.784467291394843e-07,0.7492,0.002178089730026455,50000,1.0313736523356727
31,17,6.0,fit,1256,sim,clean,wiener,6.773285574346423e-05,6.974537270545151e-05,5.843220764494805e-07,0.73738,0.0022002128279568008,50000,1.0297125662264945
31,11,3.0,fit,1255,sim,clean,wiener,6.744804313073174e-05,6.874149825252863e-05,5.871748106561449e-07,0.74116,0.0022109545449810713,50000,1.0191770592853204
31,21,10.0,fit,1256,sim,clean,wiener,6.240555395008533e-05,6.465695087529216e-05,5.658920891088266e-07,0.75654,0.00213081634919909,50000,1.0360768678859513
31,19,8.0,fit,1256,sim,clean,wiener,6.25749852020171e-05,6.463570485512448e-05,5.628402927404395e-07,0.75662,0.002119325081303074,50000,1.032932003842343
31,13,4.0,fit,1255,sim,clean,wiener,7.596897799571556e-05,7.662377173473791e-05,6.110364895284576e-07,0.71148,0.002300803575280352,50000,1.0086192253245698
31,23,20.0,fit,1256,sim,clean,wiener,5.331045078780916e-05,5.5754868425034244e-05,5.322784714468025e-07,0.79006,0.0020042472604126335,50000,1.045852503610494
31,9,2.0,fit,1255,sim,clean,wiener,6.570711663662776e-05,6.74826715575936e-05,5.819771061962761e-07,0.7459,0.0021913830509550014,50000,1.027022261999183
31,15,5.0,fit,1255,sim,clean,wiener,7.201396486816139e-05,7.287916068018432e-05,6.006687707308382e-07,0.72558,0.002261764851921175,50000,1.0120142782529316
31,3,1.0,fit,1254,sim,clean,wiener,5.12639196083411e-05,5.198369984527104e-05,5.101205334562424e-07,0.80426,0.0019208135149273785,50000,1.0140406789498169
31,5,1.4,fit,1254,sim,clean,wiener,4.93893840628119e-05,5.013529609068286e-05,5.038175936460377e-07,0.81122,0.001897080355453896,50000,1.0151026792908033
31,7,1.8,fit,1254,sim,clean,wiener,6.458015780686146e-05,6.589453155005952e-05,5.750491325793617e-07,0.75188,0.0021652963822528662,50000,1.0203525941687681
31,1,0.6,fit,1254,sim,clean,wiener,9.066153347253475e-05,9.196339829580289e-05,6.615452529811745e-07,0.65372,0.0024909898334278505,50000,1.014359616183445
31,17,6.0,fit,1257,sim,clean,wiener,6.773285574346423e-05,6.821034774833662e-05,5.779548815871233e-07,0.74316,0.002176237721797227,50000,1.0070496363933166
31,11,3.0,fit,1256,sim,clean,wiener,6.744804313073174e-05,6.969756916007423e-05,5.900431918306274e-07,0.73756,0.0022217551792715197,50000,1.0333519836147407
31,21,10.0,fit,1257,sim,clean,wiener,6.240555395008533e-05,6.375930652320766e-05,5.626338319982027e-07,0.75992,0.0021185476717341953,50000,1.021692821991535
31,19,8.0,fit,1257,sim,clean,wiener,6.25749852020171e-05,6.352560030136318e-05,5.569791989412853e-07,0.7608,0.0020972556537005517,50000,1.015191615248124
31,23,20.0,fit,1257,sim,clean,wiener,5.331045078780916e-05,5.509624179983615e-05,5.266223042358347e-07,0.79254,0.001982949465658312,50000,1.0334979536964515
31,13,4.0,fit,1256,sim,clean,wiener,7.596897799571556e-05,7.722928330951679e-05,6.109087630330062e-07,0.7092,0.0023003226325176386,50000,1.016589736324639
31,9,2.0,fit,1256,sim,clean,wiener,6.570711663662776e-05,6.8783990292864e-05,5.819975265541275e-07,0.741,0.0021914599419969576,50000,1.0468270990074318
31,15,5.0,fit,1256,sim,clean,wiener,7.201396486816139e-05,7.390428115327487e-05,6.006834092962322e-07,0.72172,0.0022618199721376807,50000,1.0262493016260688
31,7,1.8,fit,1255,sim,clean,wiener,6.458015780686146e-05,6.650004312483838e-05,5.768410444164757e-07,0.7496,0.0021720436669602013,50000,1.0297287182809105
31,5,1.4,fit,1255,sim,clean,wiener,4.93893840628119e-05,5.083641475621633e-05,5.10017827993213e-07,0.80858,0.00192042678663768,50000,1.0292984154563285
31,3,1.0,fit,1255,sim,clean,wiener,5.12639196083411e-05,5.237143971333121e-05,5.159650492967615e-07,0.8028,0.0019428205197005732,50000,1.0216042806217631
31,1,0.6,fit,1255,sim,clean,wiener,9.066153347253475e-05,9.227146558823422e-05,6.661567183562878e-07,0.65256,0.0025083538963016246,50000,1.0177576095840823
31,17,6.0,fit,1258,sim,clean,wiener,6.773285574346423e-05,6.811474065758209e-05,5.790993967636081e-07,0.74352,0.0021805472919377124,50000,1.0056381044313891
31,11,3.0,fit,1257,sim,clean,wiener,6.744804313073174e-05,6.917704166596609e-05,5.891761500304508e-07,0.73952,0.0022184904104599165,50000,1.0256345248131677
31,21,10.0,fit,1258,sim,clean,wiener,6.240555395008533e-05,6.25217258484403e-05,5.610341916141945e-07,0.76458,0.0021125243680890577,50000,1.001861563450713
31,19,8.0,fit,1258,sim,clean,wiener,6.25749852020171e-05,6.285103916103936e-05,5.603949379393807e-07,0.76334,0.002110117315211319,50000,1.0044115705042687
31,23,20.0,fit,1258,sim,clean,wiener,5.331045078780916e-05,5.32743955704576e-05,5.183832248434696e-07,0.7994,0.001951925944726524,50000,0.9993236744987382
31,13,4.0,fit,1257,sim,clean,wiener,7.596897799571556e-05,7.678311688599552e-05,6.13332205268757e-07,0.71088,0.002309447888792929,50000,1.010716728219325
31,9,2.0,fit,1257,sim,clean,wiener,6.570711663662776e-05,6.726489985087487e-05,5.815060021438787e-07,0.74672,0.0021896091505306235,50000,1.0237079831529046
31,15,5.0,fit,1257,sim,clean,wiener,7.201396486816139e-05,7.23745677012019e-05,5.969010657200214e-07,0.72748,0.0022475778936821037,50000,1.0050074014630452
31,5,1.4,fit,1256,sim,clean,wiener,4.93893840628119e-05,5.153753342174976e-05,5.095295363602922e-07,0.80594,0.0019185881679069543,50000,1.0434941516218528
31,3,1.0,fit,1256,sim,clean,wiener,5.12639196083411e-05,5.231832466291199e-05,5.118231350534385e-07,0.803,0.0019272245098666987,50000,1.020568170803688
31,1,0.6,fit,1256,sim,clean,wiener,9.066153347253475e-05,9.305225682939648e-05,6.627774524737303e-07,0.64962,0.002495629571064663,50000,1.0263697652719055
31,17,6.0,fit,1259,sim,clean,wiener,6.773285574346423e-05,6.865120266681599e-05,5.816794877176291e-07,0.7415,0.002190262395034323,50000,1.0135583671066515
31,7,1.8,fit,1256,sim,clean,wiener,6.458015780686146e-05,6.670719182147327e-05,5.761784678596967e-07,0.74882,0.002169548793844014,50000,1.032936339687696
31,21,10.0,fit,1259,sim,clean,wiener,6.240555395008533e-05,6.313786043330302e-05,5.617537534728364e-07,0.76226,0.0021152338142929597,50000,1.0117346363723239
31,19,8.0,fit,1259,sim,clean,wiener,6.25749852020171e-05,6.339812418035712e-05,5.626392393282263e-07,0.76128,0.002118568032554644,50000,1.0131544414382618
31,11,3.0,fit,1258,sim,clean,wiener,6.744804313073174e-05,6.930451778697215e-05,5.86502901253673e-07,0.73904,0.0022084245298641916,50000,1.0275245147237568
31,23,20.0,fit,1259,sim,clean,wiener,5.331045078780916e-05,5.415610540741632e-05,5.22034613310811e-07,0.79608,0.001965674923362612,50000,1.0158628300288268
31,9,2.0,fit,1258,sim,clean,wiener,6.570711663662776e-05,6.664345376097025e-05,5.794888546457669e-07,0.74906,0.002182013760967056,50000,1.0142501630305985
31,13,4.0,fit,1258,sim,clean,wiener,7.596897799571556e-05,7.672469033053441e-05,6.105517988487098e-07,0.7111,0.0022989785156186464,50000,1.0099476438245816
31,15,5.0,fit,1258,sim,clean,wiener,7.201396486816139e-05,7.253391285245952e-05,5.935427487316544e-07,0.72688,0.0022349324496436923,50000,1.0072200993966935
31,17,6.0,fit,1260,sim,clean,wiener,6.773285574346423e-05,6.831126634413311e-05,5.804226619663137e-07,0.74278,0.0021855299294096233,50000,1.0085395867975742
31,5,1.4,fit,1257,sim,clean,wiener,4.93893840628119e-05,5.039555983773697e-05,5.052057289074532e-07,0.81024,0.0019023072553644106,50000,1.0203723086249759
31,3,1.0,fit,1257,sim,clean,wiener,5.12639196083411e-05,5.2052749410815985e-05,5.10831609271893e-07,0.804,0.001923491007690874,50000,1.0153876217133138
31,1,0.6,fit,1257,sim,clean,wiener,9.066153347253475e-05,9.196339829580289e-05,6.615949820683776e-07,0.65372,0.0024911770838844,50000,1.014359616183445
31,7,1.8,fit,1257,sim,clean,wiener,6.458015780686146e-05,6.63672554987904e-05,5.785657869057579e-07,0.7501,0.002178538031460169,50000,1.0276725507124584
31,21,10.0,fit,1260,sim,clean,wiener,6.240555395008533e-05,6.292008872658432e-05,5.589465567596638e-07,0.76308,0.002104663564651785,50000,1.0082450157707203
31,19,8.0,fit,1260,sim,clean,wiener,6.25749852020171e-05,6.340343568539903e-05,5.592385534284684e-07,0.76126,0.0021057630521473256,50000,1.0132393236803392
31,23,20.0,fit,1260,sim,clean,wiener,5.331045078780916e-05,5.416141691245824e-05,5.233184475994883e-07,0.79606,0.0019705090872334727,50000,1.0159624634958757
31,11,3.0,fit,1259,sim,clean,wiener,6.744804313073174e-05,6.911861511050497e-05,5.866220303977772e-07,0.73974,0.0022088731000647808,50000,1.0247682794374808
31,13,4.0,fit,1259,sim,clean,wiener,7.596897799571556e-05,7.742580899606785e-05,6.173571456370306e-07,0.70846,0.0023246034439002197,50000,1.019176656561504
31,9,2.0,fit,1259,sim,clean,wiener,6.570711663662776e-05,6.744017951725825e-05,5.823107550422201e-07,0.74606,0.0021926393760203482,50000,1.0263755734438118
31,15,5.0,fit,1259,sim,clean,wiener,7.201396486816139e-05,7.320847399278336e-05,6.004373765569059e-07,0.72434,0.002260893557732029,50000,1.0165871873158046
31,17,6.0,fit,1261,sim,clean,wiener,6.773285574346423e-05,6.842811945505536e-05,5.80591476864147e-07,0.74234,0.0021861655868984178,50000,1.0102647925288197
31,5,1.4,fit,1258,sim,clean,wiener,4.93893840628119e-05,4.9938770404131835e-05,5.027649239867361e-07,0.81196,0.0018931166214425617,50000,1.0111235714262248
31,3,1.0,fit,1258,sim,clean,wiener,5.12639196083411e-05,5.108074398814463e-05,5.060616246925513e-07,0.80766,0.0019055300548472057,50000,0.9964268120425448
31,19,8.0,fit,1261,sim,clean,wiener,6.25749852020171e-05,6.31537949484288e-05,5.58754896989496e-07,0.7622,0.002103941886827307,50000,1.009249858302692
31,21,10.0,fit,1261,sim,clean,wiener,6.240555395008533e-05,6.309536839296768e-05,5.589073472643302e-07,0.76242,0.0021045159247831445,50000,1.0110537347915234
31,23,20.0,fit,1261,sim,clean,wiener,5.331045078780916e-05,5.404987530657793e-05,5.219055955093579e-07,0.79648,0.001965189118301956,50000,1.0138701606878524
31,1,0.6,fit,1258,sim,clean,wiener,9.066153347253475e-05,9.198995582101248e-05,6.680781473891792e-07,0.65362,0.0025155888664945432,50000,1.014652546649017
31,7,1.8,fit,1258,sim,clean,wiener,6.458015780686146e-05,6.535806954082559e-05,5.757877004861877e-07,0.7539,0.002168077394041416,50000,1.0120456771922208
31,11,3.0,fit,1260,sim,clean,wiener,6.744804313073174e-05,6.861402213152257e-05,5.845896485908038e-07,0.74164,0.002201220347065647,50000,1.0172870693747313
31,13,4.0,fit,1260,sim,clean,wiener,7.596897799571556e-05,7.668750979524097e-05,6.116662843792144e-07,0.71124,0.002303175011797069,50000,1.009458226482472
31,9,2.0,fit,1260,sim,clean,wiener,6.570711663662776e-05,6.743486801221632e-05,5.820076097828852e-07,0.74608,0.002191497909498365,50000,1.0262947373743903
31,17,6.0,fit,1262,sim,clean,wiener,6.773285574346423e-05,6.990471785670912e-05,5.836079701092389e-07,0.73678,0.0021975239240223958,50000,1.0320651194963748
31,15,5.0,fit,1260,sim,clean,wiener,7.201396486816139e-05,7.266138897346558e-05,5.990603316280631e-07,0.7264,0.0022557084174827974,50000,1.008990257743612
31,3,1.0,fit,1259,sim,clean,wiener,5.12639196083411e-05,5.22120945620736e-05,5.149322605462998e-07,0.8034,0.0019389316454839038,50000,1.0184959511675384
31,19,8.0,fit,1262,sim,clean,wiener,6.25749852020171e-05,6.438606411815423e-05,5.646228670973801e-07,0.75756,0.002126037206558993,50000,1.0289425384646955
31,21,10.0,fit,1262,sim,clean,wiener,6.240555395008533e-05,6.415766940135168e-05,5.635856522678424e-07,0.75842,0.0021221316663350763,50000,1.0280762743115424
31,23,20.0,fit,1262,sim,clean,wiener,5.331045078780916e-05,5.522902942588417e-05,5.271213232831971e-07,0.79204,0.001984828477514364,50000,1.03598879037267
31,5,1.4,fit,1259,sim,clean,wiener,4.93893840628119e-05,5.05177244537011e-05,5.078665369677235e-07,0.80978,0.0019123262915482057,50000,1.0228458081083622
31,11,3.0,fit,1261,sim,clean,wiener,6.744804313073174e-05,6.913986113067265e-05,5.863277554408792e-07,0.73966,0.0022077650338779824,50000,1.0250832777559125
31,1,0.6,fit,1259,sim,clean,wiener,9.066153347253475e-05,9.196339829580289e-05,6.594462022660856e-07,0.65372,0.0024830860445826082,50000,1.014359616183445
31,7,1.8,fit,1259,sim,clean,wiener,6.458015780686146e-05,6.645755108450304e-05,5.742310763613819e-07,0.74976,0.0021622160642958146,50000,1.029070744659006
31,13,4.0,fit,1261,sim,clean,wiener,7.596897799571556e-05,7.67300018355763e-05,6.091175890457417e-07,0.71108,0.0022935781261183108,50000,1.0100175605877397
31,9,2.0,fit,1261,sim,clean,wiener,6.570711663662776e-05,6.755703262818049e-05,5.800377588198865e-07,0.74562,0.002184080610832725,50000,1.028153966971083
31,17,6.0,fit,1263,sim,clean,wiener,6.773285574346423e-05,6.840687343488768e-05,5.792882490114667e-07,0.74242,0.0021812583982865463,50000,1.0099511187595023
31,15,5.0,fit,1261,sim,clean,wiener,7.201396486816139e-05,7.283135713480705e-05,5.970417800594466e-07,0.72576,0.002248107741016577,50000,1.0113504688728372
31,19,8.0,fit,1263,sim,clean,wiener,6.25749852020171e-05,6.316972946355455e-05,5.606283077771874e-07,0.76214,0.002110996048587132,50000,1.0095045050289246
31,21,10.0,fit,1263,sim,clean,wiener,6.240555395008533e-05,6.311661441313536e-05,5.607053099325978e-07,0.76234,0.002111285993357221,50000,1.0113941855819237
31,23,20.0,fit,1263,sim,clean,wiener,5.331045078780916e-05,5.4315450558673925e-05,5.246019984937285e-07,0.79548,0.0019753421840077766,50000,1.0188518340402888
31,3,1.0,fit,1260,sim,clean,wiener,5.12639196083411e-05,5.2169602521738226e-05,5.141197557199359e-07,0.80356,0.0019358722307984187,50000,1.0176670633130784
31,5,1.4,fit,1260,sim,clean,wiener,4.93893840628119e-05,5.012998458564097e-05,5.051315183792452e-07,0.81124,0.0019020278222183539,50000,1.0149951358350044
31,11,3.0,fit,1262,sim,clean,wiener,6.744804313073174e-05,7.010655504830207e-05,5.882011653675633e-07,0.73602,0.002214819192395761,50000,1.0394157012445484
31,7,1.8,fit,1260,sim,clean,wiener,6.458015780686146e-05,6.672843784164097e-05,5.793087450721347e-07,0.74874,0.0021813355743807274,50000,1.0332653264986489
31,1,0.6,fit,1260,sim,clean,wiener,9.066153347253475e-05,9.210680893193472e-05,6.637578041595306e-07,0.65318,0.002499320998176426,50000,1.0159414406975347
31,13,4.0,fit,1262,sim,clean,wiener,7.596897799571556e-05,7.780292585404416e-05,6.117655880588899e-07,0.70704,0.0023035489309739944,50000,1.0241407467457577
31,9,2.0,fit,1262,sim,clean,wiener,6.570711663662776e-05,6.742424500213247e-05,5.788936628651859e-07,0.74612,0.0021797726192345954,50000,1.0261330652355471
31,17,6.0,fit,1264,sim,clean,wiener,6.773285574346423e-05,6.76473282138931e-05,5.78475272342834e-07,0.74528,0.0021781972069209485,50000,0.9987372815064072
31,15,5.0,fit,1262,sim,clean,wiener,7.201396486816139e-05,7.410080683982593e-05,6.00295631093152e-07,0.72098,0.002260359827790571,50000,1.0289782957442353
31,19,8.0,fit,1264,sim,clean,wiener,6.25749852020171e-05,6.23836267173504e-05,5.581821761190697e-07,0.7651,0.0021017853573091906,50000,0.9969419332014395
31,21,10.0,fit,1264,sim,clean,wiener,6.240555395008533e-05,6.263326745432065e-05,5.614130587049949e-07,0.76416,0.0021139509584351466,50000,1.0036489301003153
31,23,20.0,fit,1264,sim,clean,wiener,5.331045078780916e-05,5.420922045783551e-05,5.227399316057261e-07,0.79588,0.0019683307366936673,50000,1.016859164699314
31,5,1.4,fit,1261,sim,clean,wiener,4.93893840628119e-05,5.0145919100766715e-05,5.029133808793742e-07,0.81118,0.0018936756226727834,50000,1.0153177662024024
31,3,1.0,fit,1261,sim,clean,wiener,5.12639196083411e-05,5.165969803771392e-05,5.096975460982925e-07,0.80548,0.001919220793637983,50000,1.0077204090595606
31,11,3.0,fit,1263,sim,clean,wiener,6.744804313073174e-05,6.910799210042112e-05,5.863299116542261e-07,0.73978,0.002207773152907636,50000,1.024610780278265
31,7,1.8,fit,1261,sim,clean,wiener,6.458015780686146e-05,6.594233509543679e-05,5.7475039343928e-07,0.7517,0.0021641715065811914,50000,1.0210928144934108
31,1,0.6,fit,1261,sim,clean,wiener,9.066153347253475e-05,9.217054699243776e-05,6.63232426319075e-07,0.65294,0.002497342734628489,50000,1.016644473814908
31,9,2.0,fit,1263,sim,clean,wiener,6.570711663662776e-05,6.755172112313857e-05,5.809752192989574e-07,0.74564,0.0021876105349189195,50000,1.0280731309016617
31,17,6.0,fit,1265,sim,clean,wiener,6.773285574346423e-05,6.800851055674367e-05,5.793626886670179e-07,0.74392,0.0021815386941912425,50000,1.004069735584802
31,13,4.0,fit,1263,sim,clean,wiener,7.596897799571556e-05,7.695839655237888e-05,6.11402459553991e-07,0.71022,0.002302181602873831,50000,1.0130239814035555
31,21,10.0,fit,1265,sim,clean,wiener,6.240555395008533e-05,6.281917013078783e-05,5.576810956911934e-07,0.76346,0.0020998985835080867,50000,1.0066278745163184
31,19,8.0,fit,1265,sim,clean,wiener,6.25749852020171e-05,6.319097548372225e-05,5.607135036464597e-07,0.76206,0.0021113168460582814,50000,1.0098440339972354
31,15,5.0,fit,1263,sim,clean,wiener,7.201396486816139e-05,7.33253271037056e-05,5.97307762576224e-07,0.7239,0.0022491092745355263,50000,1.018209832467147
31,23,20.0,fit,1265,sim,clean,wiener,5.331045078780916e-05,5.4299516043548154e-05,5.222735441009691e-07,0.79554,0.0019665745960100903,50000,1.0185529336391423
31,11,3.0,fit,1264,sim,clean,wiener,6.744804313073174e-05,6.883179383824127e-05,5.827726036496365e-07,0.74082,0.0021943784258895336,50000,1.0205158021386544
31,3,1.0,fit,1262,sim,clean,wiener,5.12639196083411e-05,5.290259021752321e-05,5.15376763527187e-07,0.8008,0.0019406053819385584,50000,1.0319653788025112
31,5,1.4,fit,1262,sim,clean,wiener,4.93893840628119e-05,5.082048024109055e-05,5.062533786065335e-07,0.80864,0.0019062520871618463,50000,1.0289757850889298
31,1,0.6,fit,1262,sim,clean,wiener,9.066153347253475e-05,9.230333461848575e-05,6.630084928432559e-07,0.65244,0.0024964995330347723,50000,1.018109126142769
31,7,1.8,fit,1262,sim,clean,wiener,6.458015780686146e-05,6.68240449323955e-05,5.76987894680817e-07,0.74838,0.0021725966185744136,50000,1.034745767147934
31,17,6.0,fit,1266,sim,clean,wiener,6.773285574346423e-05,6.920891069621761e-05,5.809524598268973e-07,0.7394,0.0021875248361503765,50000,1.021792303551232
31,13,4.0,fit,1264,sim,clean,wiener,7.596897799571556e-05,7.609262123054592e-05,6.125866048755108e-07,0.71348,0.0023066403968020083,50000,1.0016275490087194
31,9,2.0,fit,1264,sim,clean,wiener,6.570711663662776e-05,6.733926092146176e-05,5.805275833597602e-07,0.74644,0.0021859250015882933,50000,1.0248396881248047
31,21,10.0,fit,1266,sim,clean,wiener,6.240555395008533e-05,6.380179856354305e-05,5.624808696837601e-07,0.75976,0.0021179717057387367,50000,1.022373723572336
31,19,8.0,fit,1266,sim,clean,wiener,6.25749852020171e-05,6.409393134084864e-05,5.639299235767108e-07,0.75866,0.0021234279893401426,50000,1.0242740151504275
31,23,20.0,fit,1266,sim,clean,wiener,5.331045078780916e-05,5.4676632901524466e-05,5.245775453032964e-07,0.79412,0.001975250107693289,50000,1.025626909799602
31,15,5.0,fit,1264,sim,clean,wiener,7.201396486816139e-05,7.196558181297408e-05,5.968789813422142e-07,0.72902,0.002247494736920949,50000,0.9993281434333481
31,11,3.0,fit,1265,sim,clean,wiener,6.744804313073174e-05,6.869369470715136e-05,5.839390064302671e-07,0.74134,0.0021987704118574466,50000,1.0184683130688494
31,3,1.0,fit,1263,sim,clean,wiener,5.12639196083411e-05,5.214304499652863e-05,5.135910034148002e-07,0.80366,0.0019338812610037459,50000,1.017149008404041
31,5,1.4,fit,1263,sim,clean,wiener,4.93893840628119e-05,5.0331821777233925e-05,5.06970268789213e-07,0.81048,0.0019089514734074455,50000,1.0190817871553828
31,17,6.0,fit,1267,sim,clean,wiener,6.773285574346423e-05,6.865651417185791e-05,5.807186996586555e-07,0.74148,0.0021866446330200138,50000,1.013636785548981
31,1,0.6,fit,1263,sim,clean,wiener,9.066153347253475e-05,9.196870980084481e-05,6.637109174954586e-07,0.6537,0.0024991444506114627,50000,1.0144182022765593
31,7,1.8,fit,1263,sim,clean,wiener,6.458015780686146e-05,6.632476345845502e-05,5.769601249321521e-07,0.75026,0.0021724920540547687,50000,1.0270145770905534
31,13,4.0,fit,1265,sim,clean,wiener,7.596897799571556e-05,7.600232564483328e-05,6.085760469734393e-07,0.71382,0.002291538997592485,50000,1.000438964035025
31,9,2.0,fit,1265,sim,clean,wiener,6.570711663662776e-05,6.740299898196481e-05,5.78678916418533e-07,0.7462,0.0021789640105824033,50000,1.0258097209578618
31,21,10.0,fit,1267,sim,clean,wiener,6.240555395008533e-05,6.357871535178239e-05,5.602884476432528e-07,0.7606,0.0021097163354690898,50000,1.0187989902731318
31,19,8.0,fit,1267,sim,clean,wiener,6.25749852020171e-05,6.322815601901567e-05,5.605767951735056e-07,0.76192,0.002110802082457851,50000,1.0104382096917783
31,23,20.0,fit,1267,sim,clean,wiener,5.331045078780916e-05,5.432076206371585e-05,5.24934581378659e-07,0.79546,0.0019765944952916995,50000,1.0189514675073377
31,15,5.0,fit,1265,sim,clean,wiener,7.201396486816139e-05,7.232145265078272e-05,5.950893199956761e-07,0.72768,0.002240755926235791,50000,1.0042698354851625
31,11,3.0,fit,1266,sim,clean,wiener,6.744804313073174e-05,6.89698929693312e-05,5.867121948385796e-07,0.7403,0.002209212606250281,50000,1.02256329120846
31,3,1.0,fit,1264,sim,clean,wiener,5.12639196083411e-05,5.228114412761857e-05,5.12764078587106e-07,0.80314,0.0019307675490853053,50000,1.019842893931036
31,5,1.4,fit,1264,sim,clean,wiener,4.93893840628119e-05,5.0326510272192e-05,5.036485602035707e-07,0.8105,0.0018964438750547138,50000,1.0189742436995832
31,17,6.0,fit,1268,sim,clean,wiener,6.773285574346423e-05,6.936294434243328e-05,5.847744417420475e-07,0.73882,0.0022019161692470634,50000,1.0240664383787825
31,1,0.6,fit,1264,sim,clean,wiener,9.066153347253475e-05,9.078955568153857e-05,6.568235887662716e-07,0.65814,0.002473210826620409,50000,1.0014120896051533
31,13,4.0,fit,1266,sim,clean,wiener,7.596897799571556e-05,7.671406732045056e-05,6.120098346225316e-07,0.71114,0.0023044686196939113,50000,1.0098078102982644
31,21,10.0,fit,1268,sim,clean,wiener,6.240555395008533e-05,6.386553662404609e-05,5.599846117089632e-07,0.75952,0.002108572268271971,50000,1.0233950759435373
31,9,2.0,fit,1266,sim,clean,wiener,6.570711663662776e-05,6.793946099119873e-05,5.805486362516075e-07,0.74418,0.0021860042743807734,50000,1.0339741639694258
31,19,8.0,fit,1268,sim,clean,wiener,6.25749852020171e-05,6.422671896689666e-05,5.626464528606564e-07,0.75816,0.0021185951944696687,50000,1.0263960712023679
31,23,20.0,fit,1268,sim,clean,wiener,5.331045078780916e-05,5.502719223429121e-05,5.262723231298745e-07,0.7928,0.001981631642919943,50000,1.0322027186248184
31,7,1.8,fit,1264,sim,clean,wiener,6.458015780686146e-05,6.639912452904192e-05,5.779972389966182e-07,0.74998,0.002176397214856767,50000,1.028166030928887
31,15,5.0,fit,1266,sim,clean,wiener,7.201396486816139e-05,7.32456545280768e-05,5.988495785859305e-07,0.7242,0.002254914845640281,50000,1.0171034835003228
31,11,3.0,fit,1267,sim,clean,wiener,6.744804313073174e-05,6.930451778697215e-05,5.90075801514589e-07,0.73904,0.0022218779681372146,50000,1.0275245147237568
31,17,6.0,fit,1269,sim,clean,wiener,6.773285574346423e-05,6.904425403991807e-05,5.82282397302741e-07,0.74002,0.00219253259747357,50000,1.0193613318390224
31,5,1.4,fit,1265,sim,clean,wiener,4.93893840628119e-05,5.010873856547327e-05,5.058049165335138e-07,0.81132,0.0019045634430977618,50000,1.0145649620118062
31,3,1.0,fit,1265,sim,clean,wiener,5.12639196083411e-05,5.2121798976360954e-05,5.114767822366707e-07,0.80374,0.0019259203491286995,50000,1.0167345644768113
31,21,10.0,fit,1269,sim,clean,wiener,6.240555395008533e-05,6.36583879274112e-05,5.610285956370819e-07,0.7603,0.002112503296934767,50000,1.0200756807371334
31,19,8.0,fit,1269,sim,clean,wiener,6.25749852020171e-05,6.39770782299264e-05,5.625001645426461e-07,0.7591,0.0021180443588144043,50000,1.0224066058247203
31,1,0.6,fit,1265,sim,clean,wiener,9.066153347253475e-05,9.224490806302463e-05,6.674836041523958e-07,0.65266,0.0025133501667960923,50000,1.01746467911851
31,23,20.0,fit,1269,sim,clean,wiener,5.331045078780916e-05,5.5170602870423046e-05,5.273609656174025e-07,0.79226,0.0019857308294176914,50000,1.034892822235134
31,13,4.0,fit,1267,sim,clean,wiener,7.596897799571556e-05,7.63263274523904e-05,6.069307662209482e-07,0.7126,0.0022853438391976194,50000,1.0047038865876936
31,9,2.0,fit,1267,sim,clean,wiener,6.570711663662776e-05,6.691434051810815e-05,5.789709761526808e-07,0.74804,0.002180063735544887,50000,1.0183728025710908
31,7,1.8,fit,1265,sim,clean,wiener,6.458015780686146e-05,6.699932459877886e-05,5.784149525560436e-07,0.74772,0.0021779700781267017,50000,1.037459908338291
31,15,5.0,fit,1267,sim,clean,wiener,7.201396486816139e-05,7.286853767010047e-05,5.978989167901966e-07,0.72562,0.0022513352131698946,50000,1.0118667650573547
31,11,3.0,fit,1268,sim,clean,wiener,6.744804313073174e-05,7.010124354326016e-05,5.908737049748304e-07,0.73604,0.0022248824026767436,50000,1.0393369516649404
31,17,6.0,fit,1270,sim,clean,wiener,6.773285574346423e-05,6.906550006008575e-05,5.848144044603442e-07,0.73994,0.002202066645309804,50000,1.0196750056083397
31,3,1.0,fit,1266,sim,clean,wiener,5.12639196083411e-05,5.305662386373887e-05,5.173754015981909e-07,0.80022,0.0019481310758999875,50000,1.0349700972749278
31,5,1.4,fit,1266,sim,clean,wiener,4.93893840628119e-05,5.078861121083903e-05,5.076487186376101e-07,0.80876,0.0019115061159919583,50000,1.0283305243541332
31,21,10.0,fit,1270,sim,clean,wiener,6.240555395008533e-05,6.329189407951871e-05,5.589166357488382e-07,0.76168,0.0021045508997457386,50000,1.0142029046027268
31,19,8.0,fit,1270,sim,clean,wiener,6.25749852020171e-05,6.401425876521985e-05,5.63271134409059e-07,0.75896,0.0021209473773009845,50000,1.0230007815192637
31,23,20.0,fit,1270,sim,clean,wiener,5.331045078780916e-05,5.4310139053632e-05,5.221660421421795e-07,0.7955,0.0019661698069420534,50000,1.01875220057324
31,1,0.6,fit,1266,sim,clean,wiener,9.066153347253475e-05,9.160221595295232e-05,6.687670744030426e-07,0.65508,0.002518182959914115,50000,1.0103757618516627
31,13,4.0,fit,1268,sim,clean,wiener,7.596897799571556e-05,7.802600906580479e-05,6.127671755419553e-07,0.7062,0.0023073203195923264,50000,1.0270772507984147
31,9,2.0,fit,1268,sim,clean,wiener,6.570711663662776e-05,6.834844687942656e-05,5.821298414770744e-07,0.74264,0.0021919581620754576,50000,1.040198541314875
31,7,1.8,fit,1266,sim,clean,wiener,6.458015780686146e-05,6.691434051810815e-05,5.800488388889369e-07,0.74804,0.002184122331847627,50000,1.0361439610944818
31,15,5.0,fit,1268,sim,clean,wiener,7.201396486816139e-05,7.38830351331072e-05,6.009944530153062e-07,0.7218,0.0022629911796075756,50000,1.0259542752349156
31,17,6.0,fit,1271,sim,clean,wiener,6.773285574346423e-05,6.777480433489919e-05,5.762166694912693e-07,0.7448,0.002169692638691269,50000,1.0006193241223114
31,11,3.0,fit,1269,sim,clean,wiener,6.744804313073174e-05,6.909205758529535e-05,5.843204091757123e-07,0.73984,0.002200206549985661,50000,1.024374531539441
31,21,10.0,fit,1271,sim,clean,wiener,6.240555395008533e-05,6.287228518120702e-05,5.603568063739689e-07,0.76326,0.0021099737341919627,50000,1.0074790014923192
31,3,1.0,fit,1267,sim,clean,wiener,5.12639196083411e-05,5.250953884442112e-05,5.150743440302711e-07,0.80228,0.0019394666482104375,50000,1.0242981661487573
31,19,8.0,fit,1271,sim,clean,wiener,6.25749852020171e-05,6.303163033246464e-05,5.581415139865914e-07,0.76266,0.002101632247664533,50000,1.0072975667349071
31,23,20.0,fit,1271,sim,clean,wiener,5.331045078780916e-05,5.489971611328512e-05,5.280416555736536e-07,0.79328,0.0019882939069291645,50000,1.0298115154156489
31,5,1.4,fit,1267,sim,clean,wiener,4.93893840628119e-05,5.075143067554561e-05,5.076556186692301e-07,0.8089,0.001911532097447555,50000,1.0275777201635377
31,13,4.0,fit,1269,sim,clean,wiener,7.596897799571556e-05,7.708056116834305e-05,6.078048394625744e-07,0.70976,0.002288635084276849,50000,1.0146320669562012
31,1,0.6,fit,1267,sim,clean,wiener,9.066153347253475e-05,9.208025140672512e-05,6.670464842588292e-07,0.65328,0.002511704230700328,50000,1.0156485102319626
31,9,2.0,fit,1269,sim,clean,wiener,6.570711663662776e-05,6.770044326431233e-05,5.799504687169258e-07,0.74508,0.0021837519277108156,50000,1.0303365408454617
31,7,1.8,fit,1267,sim,clean,wiener,6.458015780686146e-05,6.653722366013183e-05,5.751451170943868e-07,0.74946,0.002165657803410401,50000,1.0303044452000771
31,15,5.0,fit,1269,sim,clean,wiener,7.201396486816139e-05,7.326158904320255e-05,5.935254373504887e-07,0.72414,0.0022348672651770337,50000,1.0173247532936873
31,17,6.0,fit,1272,sim,clean,wiener,6.773285574346423e-05,6.86830716970675e-05,5.834890413402123e-07,0.74138,0.0021970761083163464,50000,1.0140288777606274
31,21,10.0,fit,1272,sim,clean,wiener,6.240555395008533e-05,6.31537949484288e-05,5.57429218359914e-07,0.7622,0.0020989501618110668,50000,1.0119899744651246
31,11,3.0,fit,1270,sim,clean,wiener,6.744804313073174e-05,6.938950186764287e-05,5.867524407925714e-07,0.73872,0.0022093641488118497,50000,1.028784507997483
31,19,8.0,fit,1272,sim,clean,wiener,6.25749852020171e-05,6.333969762489601e-05,5.575896991557046e-07,0.7615,0.002099554437979588,50000,1.0122207367754084
31,23,20.0,fit,1272,sim,clean,wiener,5.331045078780916e-05,5.432076206371585e-05,5.215776896669253e-07,0.79546,0.0019639544180057324,50000,1.0189514675073377
31,3,1.0,fit,1268,sim,clean,wiener,5.12639196083411e-05,5.2663572490636806e-05,5.132785975311968e-07,0.8017,0.0019327049244244232,50000,1.0273028846211745
31,5,1.4,fit,1268,sim,clean,wiener,4.93893840628119e-05,5.102762893772543e-05,5.07546603435465e-07,0.80786,0.0019111216102771402,50000,1.0331699798651075
31,13,4.0,fit,1270,sim,clean,wiener,7.596897799571556e-05,7.720803728934911e-05,6.12747948821774e-07,0.70928,0.002307247923086893,50000,1.016310069272005
31,1,0.6,fit,1268,sim,clean,wiener,9.066153347253475e-05,9.132601769077247e-05,6.621093014862067e-07,0.65612,0.0024931137079251186,50000,1.0073292850097118
31,9,2.0,fit,1270,sim,clean,wiener,6.570711663662776e-05,6.823159376850433e-05,5.846711060231301e-07,0.74308,0.0022015270677848537,50000,1.0384201477876038
31,17,6.0,fit,1273,sim,clean,wiener,6.773285574346423e-05,6.795008400128254e-05,5.788429580857662e-07,0.74414,0.0021795816948957515,50000,1.0032071327191794
31,15,5.0,fit,1270,sim,clean,wiener,7.201396486816139e-05,7.350591827513088e-05,6.023995583647703e-07,0.72322,0.00226828197887586,50000,1.0207175567919482
31,7,1.8,fit,1268,sim,clean,wiener,6.458015780686146e-05,6.68718484777728e-05,5.770488784178783e-07,0.7482,0.002172826247414375,50000,1.0354859874725773
31,21,10.0,fit,1273,sim,clean,wiener,6.240555395008533e-05,6.25217258484403e-05,5.574754266302045e-07,0.76458,0.00209912415494456,50000,1.001861563450713
31,19,8.0,fit,1273,sim,clean,wiener,6.25749852020171e-05,6.25695293938176e-05,5.573264611894652e-07,0.7644,0.002098563238821677,50000,0.9999128116741558
31,23,20.0,fit,1273,sim,clean,wiener,5.331045078780916e-05,5.334875664104446e-05,5.169858710076984e-07,0.79912,0.0019466643330938783,50000,1.00071854303742
31,11,3.0,fit,1271,sim,clean,wiener,6.744804313073174e-05,6.843874246513921e-05,5.842301497691894e-07,0.7423,0.002199866686215183,50000,1.0146883332476708
31,3,1.0,fit,1269,sim,clean,wiener,5.12639196083411e-05,5.246173529904385e-05,5.143575669675191e-07,0.80246,0.001936767687907868,50000,1.0233656673124905
31,5,1.4,fit,1269,sim,clean,wiener,4.93893840628119e-05,5.016185361589249e-05,5.027874088554097e-07,0.81112,0.0018932012862164674,50000,1.015640396569801
31,13,4.0,fit,1271,sim,clean,wiener,7.596897799571556e-05,7.617760531121664e-05,6.069134865406876e-07,0.71316,0.0022852787740979,50000,1.0027462172192556
31,9,2.0,fit,1271,sim,clean,wiener,6.570711663662776e-05,6.669656881138944e-05,5.802455912094783e-07,0.74886,0.002184863185217768,50000,1.0150585237248124
31,1,0.6,fit,1269,sim,clean,wiener,9.066153347253475e-05,9.143224779161088e-05,6.554320973602984e-07,0.65572,0.00246797128944595,50000,1.0085010068720006
31,17,6.0,fit,1274,sim,clean,wiener,6.773285574346423e-05,6.795539550632448e-05,5.833102947808019e-07,0.74412,0.002196403054038888,50000,1.0032855511615089
31,15,5.0,fit,1271,sim,clean,wiener,7.201396486816139e-05,7.202400836843519e-05,5.986803856912682e-07,0.7288,0.002254277764838034,50000,1.000139466009019
31,7,1.8,fit,1269,sim,clean,wiener,6.458015780686146e-05,6.613354927694592e-05,5.776503843182547e-07,0.75098,0.002175091164403549,50000,1.0240536957919824
31,21,10.0,fit,1274,sim,clean,wiener,6.240555395008533e-05,6.239424972743425e-05,5.585865659817558e-07,0.76506,0.0021033080513836364,50000,0.9998188587083111
31,19,8.0,fit,1274,sim,clean,wiener,6.25749852020171e-05,6.264389046440447e-05,5.607520644764003e-07,0.76412,0.002111462043435056,50000,1.001101163063242
31,23,20.0,fit,1274,sim,clean,wiener,5.331045078780916e-05,5.317878847970303e-05,5.192804573009682e-07,0.79976,0.0019553043937740816,50000,0.9975302720918608
31,11,3.0,fit,1272,sim,clean,wiener,6.744804313073174e-05,6.949573196848128e-05,5.884497929713407e-07,0.73832,0.0022157553775327987,50000,1.030359499589641
31,3,1.0,fit,1270,sim,clean,wiener,5.12639196083411e-05,5.273262205618175e-05,5.148862657641851e-07,0.80144,0.0019387584562211553,50000,1.0286498273846714
31,5,1.4,fit,1270,sim,clean,wiener,4.93893840628119e-05,5.033713328227585e-05,5.059703663547769e-07,0.81046,0.0019051864296899131,50000,1.019189330611182
31,13,4.0,fit,1272,sim,clean,wiener,7.596897799571556e-05,7.687872397675007e-05,6.096143282436286e-07,0.71052,0.00229544855340386,50000,1.011975229956178
31,9,2.0,fit,1272,sim,clean,wiener,6.570711663662776e-05,6.76951317592704e-05,5.809318899552639e-07,0.7451,0.0021874473821275674,50000,1.03025570477604
31,17,6.0,fit,1275,sim,clean,wiener,6.773285574346423e-05,6.881054781807359e-05,5.823881823574093e-07,0.7409,0.0021929309216917846,50000,1.0159109203765315
31,1,0.6,fit,1270,sim,clean,wiener,9.066153347253475e-05,9.196870980084481e-05,6.646670664871576e-07,0.6537,0.0025027447446303998,50000,1.0144182022765593
31,15,5.0,fit,1272,sim,clean,wiener,7.201396486816139e-05,7.309693238690304e-05,5.989037696620618e-07,0.72476,0.0022551188973194327,50000,1.0150382987622508
31,7,1.8,fit,1270,sim,clean,wiener,6.458015780686146e-05,6.687715998281473e-05,5.82603553530486e-07,0.74818,0.002193741882695782,50000,1.0355682341753154
31,21,10.0,fit,1275,sim,clean,wiener,6.240555395008533e-05,6.399301274505215e-05,5.619413820000892e-07,0.75904,0.002115940312830651,50000,1.0254377806859392
31,19,8.0,fit,1275,sim,clean,wiener,6.25749852020171e-05,6.386022511900416e-05,5.640161730333205e-07,0.75954,0.002123752754000739,50000,1.020539196499013
31,23,20.0,fit,1275,sim,clean,wiener,5.331045078780916e-05,5.48944046082432e-05,5.255539745024669e-07,0.7933,0.0019789267650303878,50000,1.0297118819486
31,11,3.0,fit,1273,sim,clean,wiener,6.744804313073174e-05,6.797133002145022e-05,5.815739693163159e-07,0.74406,0.0021898650748756092,50000,1.0077583702421762
31,3,1.0,fit,1271,sim,clean,wiener,5.12639196083411e-05,5.1914650279726074e-05,5.109846653603451e-07,0.80452,0.0019240673267840282,50000,1.0126937361863195
31,5,1.4,fit,1271,sim,clean,wiener,4.93893840628119e-05,4.981129428312574e-05,5.052720635612467e-07,0.81244,0.001902557032605588,50000,1.0085425284870382
31,13,4.0,fit,1273,sim,clean,wiener,7.596897799571556e-05,7.61722938061747e-05,6.093683200644547e-07,0.71318,0.0022945222314772785,50000,1.0026763004560968
31,17,6.0,fit,1276,sim,clean,wiener,6.773285574346423e-05,6.940543638276864e-05,5.792059250412919e-07,0.73866,0.0021809484146961136,50000,1.0246937859174172
31,9,2.0,fit,1273,sim,clean,wiener,6.570711663662776e-05,6.682935643743743e-05,5.808456185991282e-07,0.74836,0.002187122535006253,50000,1.017079425460348
31,1,0.6,fit,1271,sim,clean,wiener,9.066153347253475e-05,9.137382123614977e-05,6.584526093822112e-07,0.65594,0.0024793447589167464,50000,1.0078565598477418
31,15,5.0,fit,1273,sim,clean,wiener,7.201396486816139e-05,7.23639446911181e-05,5.967264041896346e-07,0.72752,0.0022469202212182415,50000,1.004859888267469
31,7,1.8,fit,1271,sim,clean,wiener,6.458015780686146e-05,6.594233509543679e-05,5.753672250272987e-07,0.7517,0.0021664941310846064,50000,1.0210928144934108
31,21,10.0,fit,1276,sim,clean,wiener,6.240555395008533e-05,6.377524103833345e-05,5.592634903323893e-07,0.75986,0.002105856949841949,50000,1.0219481600843356
31,19,8.0,fit,1276,sim,clean,wiener,6.25749852020171e-05,6.404612779547137e-05,5.615235137357944e-07,0.75884,0.0021143668670332853,50000,1.0235100749717292
31,23,20.0,fit,1276,sim,clean,wiener,5.331045078780916e-05,5.500594621412351e-05,5.246578468840743e-07,0.79288,0.001975552476156255,50000,1.031804184756623
31,11,3.0,fit,1274,sim,clean,wiener,6.744804313073174e-05,6.807756012228864e-05,5.832609587076223e-07,0.74366,0.002196217283441702,50000,1.0093333618343343
31,5,1.4,fit,1272,sim,clean,wiener,4.93893840628119e-05,5.051241294865921e-05,5.043488689105065e-07,0.8098,0.0018990808252276263,50000,1.0227382646525633
31,3,1.0,fit,1272,sim,clean,wiener,5.12639196083411e-05,5.249891583433727e-05,5.123630932041894e-07,0.80232,0.0019292576742767457,50000,1.0240909441851422
31,17,6.0,fit,1277,sim,clean,wiener,6.773285574346423e-05,6.8783990292864e-05,5.852742626748765e-07,0.741,0.002203798200531546,50000,1.015518828164885
31,13,4.0,fit,1274,sim,clean,wiener,7.596897799571556e-05,7.563583179694082e-05,6.076893835988137e-07,0.7152,0.0022882003454868095,50000,0.9956147073770885
31,9,2.0,fit,1274,sim,clean,wiener,6.570711663662776e-05,6.611230325677826e-05,5.780602520269058e-07,0.75106,0.002176634484819952,50000,1.006166556088456
31,1,0.6,fit,1272,sim,clean,wiener,9.066153347253475e-05,9.136850973110784e-05,6.588924646217664e-07,0.65596,0.0024810009947146367,50000,1.0077979737546272
31,15,5.0,fit,1274,sim,clean,wiener,7.201396486816139e-05,7.237987920624384e-05,5.97806130154397e-07,0.72746,0.0022509858333422663,50000,1.0050811580608336
31,21,10.0,fit,1277,sim,clean,wiener,6.240555395008533e-05,6.329720558456063e-05,5.59394004087351e-07,0.76166,0.0021063483877825392,50000,1.014288017300327
31,19,8.0,fit,1277,sim,clean,wiener,6.25749852020171e-05,6.358933836186624e-05,5.629891436603469e-07,0.76056,0.002119885566207946,50000,1.0162102021530552
31,23,20.0,fit,1277,sim,clean,wiener,5.331045078780916e-05,5.485722407294975e-05,5.255578982329226e-07,0.79344,0.0019789415394885672,50000,1.0290144476792586
31,7,1.8,fit,1272,sim,clean,wiener,6.458015780686146e-05,6.6261025397952e-05,5.737354500662077e-07,0.7505,0.0021603498275464842,50000,1.0260276166576967
31,11,3.0,fit,1275,sim,clean,wiener,6.744804313073174e-05,6.943199390797824e-05,5.910437975849658e-07,0.73856,0.002225522871277613,50000,1.0294145046343464
31,5,1.4,fit,1273,sim,clean,wiener,4.93893840628119e-05,5.018309963606016e-05,5.034395900677751e-07,0.81104,0.0018956570165874946,50000,1.0160705703929986
31,17,6.0,fit,1278,sim,clean,wiener,6.773285574346423e-05,6.900176199958273e-05,5.82234612900067e-07,0.74018,0.0021923526695537174,50000,1.018733984300388
31,3,1.0,fit,1273,sim,clean,wiener,5.12639196083411e-05,5.176592813855231e-05,5.115749743129541e-07,0.80508,0.0019262900826618823,50000,1.00979262869571
31,13,4.0,fit,1275,sim,clean,wiener,7.596897799571556e-05,7.686810096666624e-05,6.143105701553895e-07,0.71056,0.002313131834789067,50000,1.0118353964298612
31,9,2.0,fit,1275,sim,clean,wiener,6.570711663662776e-05,6.785447691052799e-05,5.856200271952646e-07,0.7445,0.0022051001460918315,50000,1.0326807868586825
31,19,8.0,fit,1278,sim,clean,wiener,6.25749852020171e-05,6.421078445177087e-05,5.654227946609118e-07,0.75822,0.0021290492626795023,50000,1.0261414244761347
31,23,20.0,fit,1278,sim,clean,wiener,5.331045078780916e-05,5.512811083008767e-05,5.259201707185756e-07,0.79242,0.001980305644324367,50000,1.034095754498744
31,21,10.0,fit,1278,sim,clean,wiener,6.240555395008533e-05,6.363714190724354e-05,5.62512050976006e-07,0.76038,0.002118089116122422,50000,1.0197352299467333
31,15,5.0,fit,1275,sim,clean,wiener,7.201396486816139e-05,7.328283506337023e-05,6.003664833446048e-07,0.72406,0.002260626615644084,50000,1.0176197796848403
31,1,0.6,fit,1273,sim,clean,wiener,9.066153347253475e-05,9.067801407565823e-05,6.600124615439358e-07,0.65856,0.0024852182435483668,50000,1.0001817816497498
31,7,1.8,fit,1273,sim,clean,wiener,6.458015780686146e-05,6.49119031173043e-05,5.724662018418839e-07,0.75558,0.0021555705862041285,50000,1.005136954162221
31,11,3.0,fit,1276,sim,clean,wiener,6.744804313073174e-05,6.928858327184641e-05,5.858534754467803e-07,0.7391,0.0022059791747274945,50000,1.0272882659849334
31,17,6.0,fit,1279,sim,clean,wiener,6.773285574346423e-05,6.845467698026496e-05,5.825525979251373e-07,0.74224,0.002193550013894203,50000,1.0106568847404662
31,13,4.0,fit,1276,sim,clean,wiener,7.596897799571556e-05,7.788259842967295e-05,6.114598906402687e-07,0.70674,0.0023023978545231257,50000,1.025189498193135
31,5,1.4,fit,1274,sim,clean,wiener,4.93893840628119e-05,4.8998634011712e-05,5.036450913342868e-07,0.8155,0.0018964308133358355,50000,0.9920883797497261
31,3,1.0,fit,1274,sim,clean,wiener,5.12639196083411e-05,5.1176351078899194e-05,5.097702911803098e-07,0.8073,0.0019194947087766985,50000,0.9982918097150796
31,9,2.0,fit,1276,sim,clean,wiener,6.570711663662776e-05,6.80138220617856e-05,5.852001521741771e-07,0.7439,0.00220351914403018,50000,1.0351058689413255
31,19,8.0,fit,1279,sim,clean,wiener,6.25749852020171e-05,6.300507280725504e-05,5.599281176809739e-07,0.76276,0.002108359545032349,50000,1.0068731555245192
31,23,20.0,fit,1279,sim,clean,wiener,5.331045078780916e-05,5.4639452366231045e-05,5.233987573431365e-07,0.79426,0.0019708114864330005,50000,1.0249294755302611
31,21,10.0,fit,1279,sim,clean,wiener,6.240555395008533e-05,6.290946571650047e-05,5.580531204344594e-07,0.76312,0.0021012994096028747,50000,1.00807479037552
31,15,5.0,fit,1276,sim,clean,wiener,7.201396486816139e-05,7.375555901210111e-05,5.965666099808664e-07,0.72228,0.0022463185303321104,50000,1.0241841168879968
31,1,0.6,fit,1274,sim,clean,wiener,9.066153347253475e-05,9.079486718658046e-05,6.560871337897768e-07,0.65812,0.002470437770883165,50000,1.0014706756982674
31,11,3.0,fit,1277,sim,clean,wiener,6.744804313073174e-05,6.929920628193022e-05,5.849812449198505e-07,0.73906,0.0022026948682266215,50000,1.0274457651441486
31,7,1.8,fit,1274,sim,clean,wiener,6.458015780686146e-05,6.528901997528063e-05,5.735010181293337e-07,0.75416,0.0021594670949310626,50000,1.0109764700566255
31,17,6.0,fit,1280,sim,clean,wiener,6.773285574346423e-05,6.766326272901889e-05,5.766526769835542e-07,0.74522,0.002171334386138909,50000,0.9989725368333955
31,13,4.0,fit,1277,sim,clean,wiener,7.596897799571556e-05,7.695308504733696e-05,6.138928043495002e-07,0.71024,0.002311558774789718,50000,1.0129540646403972
31,5,1.4,fit,1275,sim,clean,wiener,4.93893840628119e-05,5.0655823584791045e-05,5.089679931420873e-07,0.80926,0.0019164737268444947,50000,1.0256419379591477
31,19,8.0,fit,1280,sim,clean,wiener,6.25749852020171e-05,6.245267628289537e-05,5.564964996270269e-07,0.76484,0.002095438092348548,50000,0.9980454023484486
31,21,10.0,fit,1280,sim,clean,wiener,6.240555395008533e-05,6.246861079802111e-05,5.598537490108731e-07,0.76478,0.002108079516417055,50000,1.001010436474712
31,23,20.0,fit,1280,sim,clean,wiener,5.331045078780916e-05,5.40711213267456e-05,5.231709603316136e-07,0.7964,0.0019699537370390903,50000,1.0142686945560473
31,3,1.0,fit,1275,sim,clean,wiener,5.12639196083411e-05,5.234488218812161e-05,5.160898999192136e-07,0.8029,0.0019432906336191963,50000,1.0210862257127258
31,9,2.0,fit,1277,sim,clean,wiener,6.570711663662776e-05,6.85449725659776e-05,5.806940192028618e-07,0.7419,0.0021865517009580127,50000,1.0431894758834677
31,15,5.0,fit,1277,sim,clean,wiener,7.201396486816139e-05,7.263483144825598e-05,5.992375168939711e-07,0.7265,0.0022563755928483842,50000,1.0086214747546707
31,11,3.0,fit,1278,sim,clean,wiener,6.744804313073174e-05,6.946386293822977e-05,5.843374750301414e-07,0.73844,0.0022002708099432226,50000,1.0298870021119937
31,1,0.6,fit,1275,sim,clean,wiener,9.066153347253475e-05,9.138444424623358e-05,6.670637522104124e-07,0.6559,0.0025117692516367545,50000,1.0079737320339703
31,7,1.8,fit,1275,sim,clean,wiener,6.458015780686146e-05,6.662751924584448e-05,5.828129125930103e-07,0.74912,0.0021945302056320198,50000,1.0317026391466249
31,17,6.0,fit,1281,sim,clean,wiener,6.773285574346423e-05,6.887428587857663e-05,5.792130006812411e-07,0.74066,0.0021809750573892612,50000,1.0168519416844837
31,13,4.0,fit,1278,sim,clean,wiener,7.596897799571556e-05,7.702744611792383e-05,6.0724713196306e-07,0.70996,0.0022865350862720925,50000,1.013932899324616
31,5,1.4,fit,1276,sim,clean,wiener,4.93893840628119e-05,5.0857660776384e-05,5.072096870938248e-07,0.8085,0.001909852981747256,50000,1.029728589279526
31,21,10.0,fit,1281,sim,clean,wiener,6.240555395008533e-05,6.420547294672895e-05,5.638592403873448e-07,0.75824,0.002123161838074887,50000,1.028842288589943
31,19,8.0,fit,1281,sim,clean,wiener,6.25749852020171e-05,6.405675080555519e-05,5.645735263167688e-07,0.7588,0.0021258514182363915,50000,1.0236798394558841
31,23,20.0,fit,1281,sim,clean,wiener,5.331045078780916e-05,5.494220815362046e-05,5.280909928641873e-07,0.79312,0.0019884796821101887,50000,1.0306085831520382
31,9,2.0,fit,1278,sim,clean,wiener,6.570711663662776e-05,6.761014767859968e-05,5.792959890184902e-07,0.74542,0.0021812875425948446,50000,1.0289623276652973
31,3,1.0,fit,1276,sim,clean,wiener,5.12639196083411e-05,5.276449108643327e-05,5.153011738668803e-07,0.80132,0.0019403207557931999,50000,1.0292714932755163
31,15,5.0,fit,1278,sim,clean,wiener,7.201396486816139e-05,7.326158904320255e-05,5.960682245064806e-07,0.72414,0.002244441904138772,50000,1.0173247532936873
31,17,6.0,fit,1282,sim,clean,wiener,6.773285574346423e-05,6.911861511050497e-05,5.825190158867928e-07,0.73974,0.002193423563714529,50000,1.0204591900316333
31,11,3.0,fit,1279,sim,clean,wiener,6.744804313073174e-05,6.91292381205888e-05,5.895642682596321e-07,0.7397,0.002219951835145079,50000,1.0249257785966965
31,1,0.6,fit,1276,sim,clean,wiener,9.066153347253475e-05,9.179343013446142e-05,6.580815613459274e-07,0.65436,0.0024779476105252626,50000,1.0124848612037824
31,7,1.8,fit,1276,sim,clean,wiener,6.458015780686146e-05,6.693558653827584e-05,5.775969459237123e-07,0.74796,0.0021748899468800012,50000,1.0364729479054342
31,21,10.0,fit,1282,sim,clean,wiener,6.240555395008533e-05,6.371681448287233e-05,5.595491085496151e-07,0.76008,0.0021069324198451653,50000,1.0210119204107346
31,13,4.0,fit,1279,sim,clean,wiener,7.596897799571556e-05,7.674593635070208e-05,6.110231620490113e-07,0.71102,0.002300753391841417,50000,1.0102273108772155
31,19,8.0,fit,1282,sim,clean,wiener,6.25749852020171e-05,6.397176672488447e-05,5.634183875878467e-07,0.75912,0.0021215018460537223,50000,1.0223217235826425
31,23,20.0,fit,1282,sim,clean,wiener,5.331045078780916e-05,5.5059061264542704e-05,5.26960798769559e-07,0.79268,0.001984224036730175,50000,1.0328005194271104
31,5,1.4,fit,1277,sim,clean,wiener,4.93893840628119e-05,5.087890679655167e-05,5.097130877512235e-07,0.80842,0.0019192793143503171,50000,1.0301587631027234
31,9,2.0,fit,1279,sim,clean,wiener,6.570711663662776e-05,6.739768747692287e-05,5.825491390941472e-07,0.74622,0.0021935369899736277,50000,1.0257288848884403
31,15,5.0,fit,1279,sim,clean,wiener,7.201396486816139e-05,7.280479960959745e-05,5.979877383360749e-07,0.72586,0.002251669662803952,50000,1.0109816858838958
31,3,1.0,fit,1277,sim,clean,wiener,5.12639196083411e-05,5.2955705267942405e-05,5.17817807675265e-07,0.8006,0.0019497969166497658,50000,1.033001488620586
31,17,6.0,fit,1283,sim,clean,wiener,6.773285574346423e-05,6.924077972646911e-05,5.842843739604176e-07,0.73928,0.002200070862586288,50000,1.0222628142052077
31,11,3.0,fit,1280,sim,clean,wiener,6.744804313073174e-05,6.859277611135487e-05,5.88829442469553e-07,0.74172,0.0022171849139644355,50000,1.0169720710562993
31,1,0.6,fit,1277,sim,clean,wiener,9.066153347253475e-05,9.322222499073791e-05,6.659601103460244e-07,0.64898,0.002507613586319005,50000,1.0282445202515673
31,7,1.8,fit,1277,sim,clean,wiener,6.458015780686146e-05,6.74295565071744e-05,5.80462743429194e-07,0.7461,0.0021856808525945355,50000,1.044121891260077
31,21,10.0,fit,1283,sim,clean,wiener,6.240555395008533e-05,6.281385862574591e-05,5.571080972686664e-07,0.76348,0.0020977410088922114,50000,1.0065427618187184
31,13,4.0,fit,1280,sim,clean,wiener,7.596897799571556e-05,7.668219829019903e-05,6.146132359518804e-07,0.71126,0.00231427149593634,50000,1.0093883097193133
31,19,8.0,fit,1283,sim,clean,wiener,6.25749852020171e-05,6.349904277615359e-05,5.62869192359365e-07,0.7609,0.00211943390024873,50000,1.014767204037736
31,23,20.0,fit,1283,sim,clean,wiener,5.331045078780916e-05,5.3986137246074885e-05,5.216299642389107e-07,0.79672,0.001964151253258915,50000,1.0126745590832678
31,9,2.0,fit,1280,sim,clean,wiener,6.570711663662776e-05,6.797664152649215e-05,5.84948972865631e-07,0.74404,0.0022025733506757022,50000,1.0345400164553753
31,5,1.4,fit,1278,sim,clean,wiener,4.93893840628119e-05,5.066113508983297e-05,5.089372935395128e-07,0.80924,0.0019163581302204414,50000,1.0257494814149473
31,15,5.0,fit,1280,sim,clean,wiener,7.201396486816139e-05,7.20771234188544e-05,5.955810061707732e-07,0.7286,0.002242607326813279,50000,1.0008770319869018
31,3,1.0,fit,1278,sim,clean,wiener,5.12639196083411e-05,5.259452292509184e-05,5.176901654554247e-07,0.80196,0.0019493162912193728,50000,1.0259559418576771
31,11,3.0,fit,1281,sim,clean,wiener,6.744804313073174e-05,6.90761230701696e-05,5.860482776963547e-07,0.7399,0.002206712685278786,50000,1.0241382828006176
31,25,26.0,fit,1234,sim,clean,wiener,5.4968414775128034e-05,5.7321762412400643e-05,5.357049666832927e-07,0.78416,0.0020171494235827606,50000,1.0428127252150166
31,1,0.6,fit,1278,sim,clean,wiener,9.066153347253475e-05,9.193684077059329e-05,6.616603389786637e-07,0.65382,0.0024914231795193295,50000,1.0140666857178726
31,7,1.8,fit,1278,sim,clean,wiener,6.458015780686146e-05,6.650004312483838e-05,5.766522422347623e-07,0.7496,0.0021713327491309858,50000,1.0297287182809105
31,27,30.0,fit,1234,sim,clean,wiener,5.616131937922496e-05,5.833625987540735e-05,5.399813095916036e-07,0.78034,0.002033251612602862,50000,1.038726663123711
31,29,40.0,fit,1234,sim,clean,wiener,5.3106443909957664e-05,5.564332681915393e-05,5.305427080843506e-07,0.79048,0.0019977113977945895,50000,1.047769775613249
31,13,4.0,fit,1281,sim,clean,wiener,7.596897799571556e-05,7.687872397675007e-05,6.127588274997847e-07,0.71052,0.0023072888857817407,50000,1.011975229956178
34,1,0.6,fit,1234,sim,clean,wiener,0.0001973219138674475,0.0002079719799163776,7.478242416792521e-07,0.2169,0.0028158656944771688,50000,1.0539730526640054
31,9,2.0,fit,1281,sim,clean,wiener,6.570711663662776e-05,6.68984060029824e-05,5.787987720925865e-07,0.7481,0.002179415316466922,50000,1.0181302943628265
31,5,1.4,fit,1279,sim,clean,wiener,4.93893840628119e-05,5.001313147471873e-05,5.030740978779473e-07,0.81168,0.0018942807882418814,50000,1.0126291798074172
31,15,5.0,fit,1281,sim,clean,wiener,7.201396486816139e-05,7.349529526504703e-05,5.961382403809258e-07,0.72326,0.002244705542689023,50000,1.0205700435963714
31,25,26.0,fit,1235,sim,clean,wiener,5.4968414775128034e-05,5.582391799057921e-05,5.314675162977346e-07,0.7898,0.002001193680899228,50000,1.015563541698464
31,11,3.0,fit,1282,sim,clean,wiener,6.744804313073174e-05,6.970819217015809e-05,5.815841559260629e-07,0.73752,0.0021899034316489405,50000,1.0335094827739566
31,3,1.0,fit,1279,sim,clean,wiener,5.12639196083411e-05,5.189871576460033e-05,5.111599249113826e-07,0.80458,0.0019247272510414819,50000,1.0123829032408973
31,1,0.6,fit,1279,sim,clean,wiener,9.066153347253475e-05,9.259546739579134e-05,6.635548644149678e-07,0.65134,0.0024985568466112437,50000,1.021331361264063
31,27,30.0,fit,1235,sim,clean,wiener,5.616131937922496e-05,5.689684200904703e-05,5.355428144243382e-07,0.78576,0.0020165388536683023,50000,1.0130966052427564
31,29,40.0,fit,1235,sim,clean,wiener,5.3106443909957664e-05,5.4140170892290567e-05,5.259823295415756e-07,0.79614,0.0019805396978459567,50000,1.0194651892731812
34,1,0.6,fit,1235,sim,clean,wiener,0.0001973219138674475,0.00020682469482732289,7.532283274844867e-07,0.22122,0.0028362142991102584,50000,1.048158771489815
31,7,1.8,fit,1279,sim,clean,wiener,6.458015780686146e-05,6.6128237771904e-05,5.750434468340205e-07,0.751,0.002165274973084292,50000,1.0239714490892442
31,13,4.0,fit,1282,sim,clean,wiener,7.596897799571556e-05,7.660783721961217e-05,6.061882349738618e-07,0.71154,0.002282547903803692,50000,1.0084094750350945
31,9,2.0,fit,1282,sim,clean,wiener,6.570711663662776e-05,6.796601851640833e-05,5.823126414859942e-07,0.74408,0.0021926464792566594,50000,1.0343783443165326
31,5,1.4,fit,1280,sim,clean,wiener,4.93893840628119e-05,5.0491166928491505e-05,5.06150020189863e-07,0.80988,0.0019058629002332646,50000,1.0223080908293651
31,25,26.0,fit,1236,sim,clean,wiener,5.4968414775128034e-05,5.629664193931006e-05,5.307553347747931e-07,0.78802,0.0019985120246932345,50000,1.0241634613189359
31,15,5.0,fit,1282,sim,clean,wiener,7.201396486816139e-05,7.313411292219646e-05,5.964174831783466e-07,0.72462,0.0022457570066157896,50000,1.0155545949467686
31,11,3.0,fit,1283,sim,clean,wiener,6.744804313073174e-05,6.929920628193022e-05,5.884925896231037e-07,0.73906,0.0022159165245200473,50000,1.0274457651441486
31,3,1.0,fit,1280,sim,clean,wiener,5.12639196083411e-05,5.239799723854081e-05,5.147862349761021e-07,0.8027,0.0019383817991821671,50000,1.0221223355308005
31,27,30.0,fit,1236,sim,clean,wiener,5.616131937922496e-05,5.7566091644328943e-05,5.36321494550826e-07,0.78324,0.002019470904453691,50000,1.02501316351951
31,29,40.0,fit,1236,sim,clean,wiener,5.3106443909957664e-05,5.4814732032614404e-05,5.268780170759281e-07,0.7936,0.0019839123296227635,50000,1.0321672474540595
31,1,0.6,fit,1280,sim,clean,wiener,9.066153347253475e-05,9.112949200422144e-05,6.549621928197341e-07,0.65686,0.0024662019056767336,50000,1.0051615995644774
34,1,0.6,fit,1236,sim,clean,wiener,0.0001973219138674475,0.00020644226646430463,7.514492027364586e-07,0.22266,0.0028295151630500013,50000,1.0462206777650849
31,7,1.8,fit,1280,sim,clean,wiener,6.458015780686146e-05,6.681342192231169e-05,5.803248623095748e-07,0.74842,0.0021851616734973457,50000,1.0345812737424582
31,13,4.0,fit,1283,sim,clean,wiener,7.596897799571556e-05,7.734613642043905e-05,6.112210855555404e-07,0.70876,0.002301498655208267,50000,1.0181279051141265
31,9,2.0,fit,1283,sim,clean,wiener,6.570711663662776e-05,6.747204854750974e-05,5.781372808965714e-07,0.74594,0.0021769245301801942,50000,1.02686058986034
31,25,26.0,fit,1237,sim,clean,wiener,5.4968414775128034e-05,5.605231270738176e-05,5.315237936495971e-07,0.78894,0.0020014055882641587,50000,1.0197185590431865
31,5,1.4,fit,1281,sim,clean,wiener,4.93893840628119e-05,5.013529609068286e-05,5.03578705045512e-07,0.81122,0.0018961808416677267,50000,1.0151026792908033
31,15,5.0,fit,1283,sim,clean,wiener,7.201396486816139e-05,7.352185279025663e-05,5.981290907551237e-07,0.72316,0.002252201912770518,50000,1.0209388265853128
34,3,1.0,fit,1234,sim,clean,wiener,0.00017127996557513332,0.00017973070760848896,8.092457746610738e-07,0.32324,0.0030471430160538757,50000,1.049338765365694
31,3,1.0,fit,1281,sim,clean,wiener,5.12639196083411e-05,5.202619188560639e-05,5.124639264914002e-07,0.8041,0.001929637353054851,50000,1.0148695668042764
31,27,30.0,fit,1237,sim,clean,wiener,5.616131937922496e-05,5.7284581877107196e-05,5.376853686242258e-07,0.7843,0.002024606451017746,50000,1.0200006429745265
34,1,0.6,fit,1237,sim,clean,wiener,0.0001973219138674475,0.0002073027302810957,7.465282404992754e-07,0.21942,0.0028109857172588537,50000,1.0505813886457278
31,29,40.0,fit,1237,sim,clean,wiener,5.3106443909957664e-05,5.462351785110527e-05,5.266740403117604e-07,0.79432,0.0019831442732524585,50000,1.0285666640327078
31,1,0.6,fit,1281,sim,clean,wiener,9.066153347253475e-05,9.242549923444992e-05,6.57424762539904e-07,0.65198,0.002475474493015857,50000,1.0194566062844013
34,5,1.4,fit,1234,sim,clean,wiener,0.0001517653034324719,0.0001557864428795136,8.191179376747779e-07,0.4134,0.0030843157681675988,50000,1.0264957757543764
31,7,1.8,fit,1281,sim,clean,wiener,6.458015780686146e-05,6.6128237771904e-05,5.753295756539602e-07,0.751,0.002166352365716631,50000,1.0239714490892442
31,25,26.0,fit,1238,sim,clean,wiener,5.4968414775128034e-05,5.722084381660415e-05,5.365507343468147e-07,0.78454,0.0020203340865242317,50000,1.040976787318511
34,7,1.8,fit,1234,sim,clean,wiener,0.00013830413411937463,0.00014128072261003008,7.826282046549301e-07,0.46802,0.0029469169227109536,50000,1.0215220500067357
34,9,2.0,fit,1234,sim,clean,wiener,0.00013003442162873405,0.0001323361481194368,7.655879967097274e-07,0.5017,0.002882753534704292,50000,1.0177009015141736
31,5,1.4,fit,1282,sim,clean,wiener,4.93893840628119e-05,5.0608020039413746e-05,5.042950272920588e-07,0.80944,0.0018988780894003126,50000,1.0246740468569526
34,3,1.0,fit,1235,sim,clean,wiener,0.00017127996557513332,0.00017945450934630911,8.199861389775151e-07,0.32428,0.0030875849029830043,50000,1.0477262109653447
31,27,30.0,fit,1238,sim,clean,wiener,5.616131937922496e-05,5.8261898804820484e-05,5.411477657940811e-07,0.78062,0.0020376437997259903,50000,1.037402601092961
34,1,0.6,fit,1238,sim,clean,wiener,0.0001973219138674475,0.0002076586011189043,7.495778484695586e-07,0.21808,0.0028224687449363755,50000,1.0523848925284625
31,29,40.0,fit,1238,sim,clean,wiener,5.3106443909957664e-05,5.559552327377663e-05,5.321523412727183e-07,0.79066,0.0020037723284561026,50000,1.0468696297579108
31,3,1.0,fit,1282,sim,clean,wiener,5.12639196083411e-05,5.2514850349463044e-05,5.12741480430621e-07,0.80226,0.001930682457736218,50000,1.024401777130565
31,1,0.6,fit,1282,sim,clean,wiener,9.066153347253475e-05,9.220241602268929e-05,6.701922703255261e-07,0.65282,0.002523549408448892,50000,1.0169959903735948
34,5,1.4,fit,1235,sim,clean,wiener,0.0001517653034324719,0.00015528716140557312,8.078832580907861e-07,0.41528,0.003042012581047096,50000,1.0232059495381847
31,7,1.8,fit,1282,sim,clean,wiener,6.458015780686146e-05,6.631945195341313e-05,5.75704527640842e-07,0.75028,0.002167764214086999,50000,1.0269323303878157
31,25,26.0,fit,1239,sim,clean,wiener,5.4968414775128034e-05,5.5993886151920646e-05,5.312593237427172e-07,0.78916,0.0020004097503432956,50000,1.0186556476294204
34,7,1.8,fit,1235,sim,clean,wiener,0.00013830413411937463,0.00014081331016634112,7.837046762667509e-07,0.46978,0.002950970280858315,50000,1.0181424515105293
34,9,2.0,fit,1235,sim,clean,wiener,0.00013003442162873405,0.00013240519768498176,7.609410287408637e-07,0.50144,0.0028652557899702157,50000,1.0182319114166294
31,5,1.4,fit,1283,sim,clean,wiener,4.93893840628119e-05,5.044336338311424e-05,5.037472742343321e-07,0.81006,0.0018968155739610775,50000,1.0213401997271705
31,27,30.0,fit,1239,sim,clean,wiener,5.616131937922496e-05,5.718897478635263e-05,5.365188234870313e-07,0.78466,0.0020202139290188483,50000,1.0182982775064189
34,3,1.0,fit,1236,sim,clean,wiener,0.00017127996557513332,0.0001791623765690035,8.163921509638569e-07,0.32538,0.0030740520606519013,50000,1.04602062458036
34,1,0.6,fit,1239,sim,clean,wiener,0.0001973219138674475,0.00020681407181723902,7.541513539684412e-07,0.22126,0.0028396898732711397,50000,1.0481049355530168
31,29,40.0,fit,1239,sim,clean,wiener,5.3106443909957664e-05,5.435794259900927e-05,5.262350660875258e-07,0.79532,0.0019814913548394284,50000,1.0235658537252754
31,3,1.0,fit,1283,sim,clean,wiener,5.12639196083411e-05,5.2456423794001926e-05,5.12620840938557e-07,0.80248,0.0019302282004546687,50000,1.0232620563306827
31,1,0.6,fit,1283,sim,clean,wiener,9.066153347253475e-05,9.220772752773118e-05,6.638935988909625e-07,0.6528,0.002499832321164393,50000,1.017054576466709
31,25,26.0,fit,1240,sim,clean,wiener,5.4968414775128034e-05,5.6222280868723195e-05,5.297469032928234e-07,0.7883,0.001994714865605515,50000,1.0228106649741426
34,5,1.4,fit,1236,sim,clean,wiener,0.0001517653034324719,0.00015591391900051968,8.002731713229852e-07,0.41292,0.003013357475920621,50000,1.0273357313840425
31,7,1.8,fit,1283,sim,clean,wiener,6.458015780686146e-05,6.610699175173632e-05,5.765125270304864e-07,0.75108,0.0021708066639510863,50000,1.023642462278292
34,7,1.8,fit,1236,sim,clean,wiener,0.00013830413411937463,0.000141286034115072,7.876448928337876e-07,0.468,0.002965806816024673,50000,1.0215604545351016
34,9,2.0,fit,1236,sim,clean,wiener,0.00013003442162873405,0.00013217680296817921,7.653433325847182e-07,0.5023,0.0028818322736941706,50000,1.0164754940469682
31,27,30.0,fit,1240,sim,clean,wiener,5.616131937922496e-05,5.7693567765335036e-05,5.370083783348129e-07,0.78276,0.002022057304272822,50000,1.027282984143654
31,29,40.0,fit,1240,sim,clean,wiener,5.3106443909957664e-05,5.453322226539263e-05,5.243901691908436e-07,0.79466,0.001974544559601086,50000,1.0268663885281808
34,1,0.6,fit,1240,sim,clean,wiener,0.0001973219138674475,0.00020642633194917887,7.477607445100725e-07,0.22272,0.00281562660153203,50000,1.0461399238598879
34,11,3.0,fit,1234,sim,clean,wiener,0.00011406749493053697,0.00011565271078276607,7.261386185891672e-07,0.56452,0.0027342104087570746,50000,1.013897174240518
34,3,1.0,fit,1237,sim,clean,wiener,0.00017127996557513332,0.0001796085429925248,8.259539041873064e-07,0.3237,0.0031100559922983377,50000,1.0486255201501549
34,13,4.0,fit,1234,sim,clean,wiener,0.00010212678253438735,0.00010342031467122431,6.895074303695593e-07,0.61058,0.0025962789263222334,50000,1.012665944277657
31,25,26.0,fit,1241,sim,clean,wiener,5.4968414775128034e-05,5.582391799057921e-05,5.305909321501346e-07,0.7898,0.001997892981226793,50000,1.015563541698464
34,15,5.0,fit,1234,sim,clean,wiener,9.34738373993531e-05,9.46828888772659e-05,6.640159038474331e-07,0.64348,0.0025002928496040927,50000,1.0129346511446546
34,5,1.4,fit,1237,sim,clean,wiener,0.0001517653034324719,0.00015511188173918976,8.09301953626873e-07,0.41594,0.0030473545529548325,50000,1.0220510105473937
34,7,1.8,fit,1237,sim,clean,wiener,0.00013830413411937463,0.0001403246517024845,7.928329936985309e-07,0.47162,0.002985342148567134,50000,1.014609234900859
34,17,6.0,fit,1234,sim,clean,wiener,8.825138637955135e-05,8.987597681432833e-05,6.538549103340013e-07,0.66158,0.0024620325319229903,50000,1.0184086675736734
31,27,30.0,fit,1241,sim,clean,wiener,5.616131937922496e-05,5.7066810170388465e-05,5.357143285687553e-07,0.78512,0.0020171846749301235,50000,1.0161230327416144
34,9,2.0,fit,1237,sim,clean,wiener,0.00013003442162873405,0.00013099233734383103,7.73578578575316e-07,0.50676,0.0029128413602924237,50000,1.0073666318740737
31,29,40.0,fit,1241,sim,clean,wiener,5.3106443909957664e-05,5.434731958892545e-05,5.260625323914611e-07,0.79536,0.0019808416945465246,50000,1.0233658213129786
34,1,0.6,fit,1241,sim,clean,wiener,0.0001973219138674475,0.0002071274506147123,7.534769636097437e-07,0.22008,0.00283715051633417,50000,1.0496930956885597
34,3,1.0,fit,1238,sim,clean,wiener,0.00017127996557513332,0.00017975726513369856,8.155682173881122e-07,0.32314,0.00307094961202673,50000,1.04949381867342
34,11,3.0,fit,1235,sim,clean,wiener,0.00011406749493053697,0.00011507906823823872,7.29487052333612e-07,0.56668,0.0027468186383191964,50000,1.008868199554288
31,25,26.0,fit,1242,sim,clean,wiener,5.4968414775128034e-05,5.62488383939328e-05,5.303767207456483e-07,0.7882,0.00199708638722831,50000,1.0232938065258546
34,13,4.0,fit,1235,sim,clean,wiener,0.00010212678253438735,0.00010316005092417024,6.929071286843954e-07,0.61156,0.0026090801880663326,50000,1.0101175065359078
34,5,1.4,fit,1238,sim,clean,wiener,0.0001517653034324719,0.00015634946241395713,8.021349217037902e-07,0.41128,0.003020367731455019,50000,1.0302055797854017
34,15,5.0,fit,1235,sim,clean,wiener,9.34738373993531e-05,9.451292071592447e-05,6.667898505440572e-07,0.64412,0.002510737899264147,50000,1.0111163010472337
34,7,1.8,fit,1238,sim,clean,wiener,0.00013830413411937463,0.00014142944475120385,7.866716904539716e-07,0.46746,0.002962142308988964,50000,1.022597376800983
31,27,30.0,fit,1242,sim,clean,wiener,5.616131937922496e-05,5.748110756365823e-05,5.345295603356167e-07,0.78356,0.002012723535483627,50000,1.0234999497700812
34,17,6.0,fit,1235,sim,clean,wiener,8.825138637955135e-05,8.874462624039936e-05,6.493767750656954e-07,0.66584,0.002445170511712285,50000,1.0055890324343084
31,29,40.0,fit,1242,sim,clean,wiener,5.3106443909957664e-05,5.4655386881356796e-05,5.243063331827104e-07,0.7942,0.0019742288825661527,50000,1.0291667612695998
34,1,0.6,fit,1242,sim,clean,wiener,0.0001973219138674475,0.00020578363983910655,7.591416127819378e-07,0.22514,0.0028584802491593746,50000,1.0428828496836051
34,9,2.0,fit,1238,sim,clean,wiener,0.00013003442162873405,0.00013204401534213118,7.722057374567198e-07,0.5028,0.0029076720491169232,50000,1.0154543211576301
34,3,1.0,fit,1239,sim,clean,wiener,0.00017127996557513332,0.00017959791998244096,8.222429202878676e-07,0.32374,0.003096082612361199,50000,1.0485634988270645
34,11,3.0,fit,1236,sim,clean,wiener,0.00011406749493053697,0.00011587048248948481,7.258428563966013e-07,0.5637,0.002733096742516596,50000,1.0158063220380686
31,25,26.0,fit,1243,sim,clean,wiener,5.4968414775128034e-05,5.5877033040998405e-05,5.294848356751457e-07,0.7896,0.0019937280732910605,50000,1.016529824801888
34,13,4.0,fit,1236,sim,clean,wiener,0.00010212678253438735,0.00010384523507457792,6.894599810298632e-07,0.60898,0.002596100260052234,50000,1.0168266589580646
34,5,1.4,fit,1239,sim,clean,wiener,0.0001517653034324719,0.0001562379208080768,8.132285059744294e-07,0.4117,0.003062139636717596,50000,1.0294706186094438
34,15,5.0,fit,1236,sim,clean,wiener,9.34738373993531e-05,9.5075940250368e-05,6.660332884005925e-07,0.642,0.002507889131777366,50000,1.0171395857449412
31,27,30.0,fit,1243,sim,clean,wiener,5.616131937922496e-05,5.7045564150220795e-05,5.364768924747367e-07,0.7852,0.0020200560415200557,50000,1.0157447293042574
31,29,40.0,fit,1243,sim,clean,wiener,5.3106443909957664e-05,5.420390895279358e-05,5.224547419285762e-07,0.7959,0.0019672568803200063,50000,1.0206653837469644
34,7,1.8,fit,1239,sim,clean,wiener,0.00013830413411937463,0.00014145600227641344,7.855012780376003e-07,0.46736,0.002957735225094158,50000,1.022789399442813
34,17,6.0,fit,1236,sim,clean,wiener,8.825138637955135e-05,8.893584042190846e-05,6.450758807887545e-07,0.66512,0.0024289758766964206,50000,1.0077557313311023
34,1,0.6,fit,1243,sim,clean,wiener,0.0001973219138674475,0.00020785512680545536,7.457844980294742e-07,0.21734,0.002808185221113481,50000,1.0533808573592267
34,9,2.0,fit,1239,sim,clean,wiener,0.00013003442162873405,0.00013246362424044287,7.652846079944161e-07,0.50122,0.0028816111514704747,50000,1.018681227487938
34,3,1.0,fit,1240,sim,clean,wiener,0.00017127996557513332,0.000179396082790848,8.099293586785602e-07,0.3245,0.003049716990895625,50000,1.0473850936883478
34,11,3.0,fit,1237,sim,clean,wiener,0.00011406749493053697,0.00011460634428950784,7.215863136353564e-07,0.56846,0.0027170691091898793,50000,1.004723951896191
31,25,26.0,fit,1244,sim,clean,wiener,5.4968414775128034e-05,5.5590211768734704e-05,5.278824113781247e-07,0.79068,0.0019876942870689853,50000,1.0113118960433987
34,13,4.0,fit,1237,sim,clean,wiener,0.00010212678253438735,0.00010294759072249344,6.891497496632551e-07,0.61236,0.0025949321114233253,50000,1.008037149195704
31,27,30.0,fit,1244,sim,clean,wiener,5.616131937922496e-05,5.674280836283135e-05,5.326920760096588e-07,0.78634,0.0020058046516213098,50000,1.0103539053219162
34,5,1.4,fit,1240,sim,clean,wiener,0.0001517653034324719,0.0001556589667585075,8.131594757804994e-07,0.41388,0.00306187970965969,50000,1.0256558201247106
31,29,40.0,fit,1244,sim,clean,wiener,5.3106443909957664e-05,5.382679209481727e-05,5.222385461860934e-07,0.79732,0.0019664428144732207,50000,1.0135642331104104
34,15,5.0,fit,1237,sim,clean,wiener,9.34738373993531e-05,9.405613128231936e-05,6.631392379772957e-07,0.64584,0.0024969918422127093,50000,1.0062294851604145
34,1,0.6,fit,1244,sim,clean,wiener,0.0001973219138674475,0.0002063891514138854,7.419731351490265e-07,0.22286,0.0027938338730478488,50000,1.0459514980810944
34,17,6.0,fit,1237,sim,clean,wiener,8.825138637955135e-05,8.89623979471181e-05,6.453572660479429e-07,0.66502,0.0024300354078724907,50000,1.0080566617334352
34,7,1.8,fit,1240,sim,clean,wiener,0.00013830413411937463,0.00014059553845962238,7.774843018468094e-07,0.4706,0.002927548014021144,50000,1.016567865847524
34,9,2.0,fit,1240,sim,clean,wiener,0.00013003442162873405,0.0001314331922623104,7.656496787872719e-07,0.5051,0.002882985793083255,50000,1.0107569258666758
34,3,1.0,fit,1241,sim,clean,wiener,0.00017127996557513332,0.00017937483677068033,8.043325749598752e-07,0.32458,0.003028642799401826,50000,1.0472610510421672
31,25,26.0,fit,1245,sim,clean,wiener,5.4968414775128034e-05,5.5547719728399365e-05,5.270332516235921e-07,0.79084,0.001984496851510398,50000,1.01053886956066
34,11,3.0,fit,1238,sim,clean,wiener,0.00011406749493053697,0.00011583330195419136,7.274023714250504e-07,0.56384,0.002738968957702841,50000,1.0154803699750723
34,13,4.0,fit,1238,sim,clean,wiener,0.00010212678253438735,0.00010327690403509248,6.896805308704369e-07,0.61112,0.002596930720868267,50000,1.0112617030730198
31,27,30.0,fit,1245,sim,clean,wiener,5.616131937922496e-05,5.6859661473753585e-05,5.342204236930725e-07,0.7859,0.0020115595089408513,50000,1.012434574227381
31,29,40.0,fit,1245,sim,clean,wiener,5.3106443909957664e-05,5.3938333700697586e-05,5.208918994992122e-07,0.7969,0.0019613721361014485,50000,1.015664573439532
34,5,1.4,fit,1241,sim,clean,wiener,0.0001517653034324719,0.0001561316907072384,8.078487685962284e-07,0.4121,0.0030418827139217313,50000,1.028770655584722
34,1,0.6,fit,1245,sim,clean,wiener,0.0001973219138674475,0.000206415708939095,7.461342765546745e-07,0.22276,0.00280950228105201,50000,1.0460860879230895
34,15,5.0,fit,1238,sim,clean,wiener,9.34738373993531e-05,9.417298439324161e-05,6.655772672719207e-07,0.6454,0.002506172024761284,50000,1.0074796008523916
34,7,1.8,fit,1241,sim,clean,wiener,0.00013830413411937463,0.00014081331016634112,7.872773340482817e-07,0.46978,0.0029644228060967713,50000,1.0181424515105293
34,17,6.0,fit,1238,sim,clean,wiener,8.825138637955135e-05,8.894115192695039e-05,6.502161583590874e-07,0.6651,0.0024483311348756534,50000,1.007815917411569
34,9,2.0,fit,1241,sim,clean,wiener,0.00013003442162873405,0.00013164034095894527,7.670263052438116e-07,0.50432,0.002888169357612235,50000,1.012349955574043
34,3,1.0,fit,1242,sim,clean,wiener,0.00017127996557513332,0.00017813725609591295,8.077159707489889e-07,0.32924,0.0030413826754347433,50000,1.0400355669021408
31,25,26.0,fit,1246,sim,clean,wiener,5.4968414775128034e-05,5.680123491829247e-05,5.3291608827154e-07,0.78612,0.0020066481498769387,50000,1.0333431508014626
34,11,3.0,fit,1239,sim,clean,wiener,0.00011406749493053697,0.0001152915284399155,7.247264739389283e-07,0.56588,0.0027288931036275723,50000,1.0107307827714103
31,27,30.0,fit,1246,sim,clean,wiener,5.616131937922496e-05,5.809193064347905e-05,5.384099345539672e-07,0.78126,0.0020273347396064715,50000,1.0343761735941028
31,29,40.0,fit,1246,sim,clean,wiener,5.3106443909957664e-05,5.5170602870423046e-05,5.283432381389283e-07,0.79226,0.0019894294892656003,50000,1.0388683332660191
34,13,4.0,fit,1239,sim,clean,wiener,0.00010212678253438735,0.00010292103319728383,6.896172107310539e-07,0.61246,0.002596692294513088,50000,1.0077771045281785
34,1,0.6,fit,1246,sim,clean,wiener,0.0001973219138674475,0.0002072336807155507,7.547058700394223e-07,0.21968,0.0028417778542354976,50000,1.0502314550565404
34,5,1.4,fit,1242,sim,clean,wiener,0.0001517653034324719,0.00015513312775935744,8.03831266758301e-07,0.41586,0.003026755167939114,50000,1.022191003152338
34,7,1.8,fit,1242,sim,clean,wiener,0.00013830413411937463,0.0001403618322377779,7.895553642965031e-07,0.47148,0.0029730005264613103,50000,1.0148780665994208
34,15,5.0,fit,1239,sim,clean,wiener,9.34738373993531e-05,9.41517383730739e-05,6.66008949287836e-07,0.64548,0.0025077974850122235,50000,1.0072523070902137
34,9,2.0,fit,1242,sim,clean,wiener,0.00013003442162873405,0.0001318634241707059,7.719176247966608e-07,0.50348,0.002906587186510995,50000,1.0140655260281306
34,17,6.0,fit,1239,sim,clean,wiener,8.825138637955135e-05,8.884554483619582e-05,6.434686899398519e-07,0.66546,0.00242292414244702,50000,1.0067325679631718
31,25,26.0,fit,1247,sim,clean,wiener,5.4968414775128034e-05,5.565394982923775e-05,5.321070700305364e-07,0.79044,0.0020036018636186426,50000,1.0124714357675073
34,3,1.0,fit,1243,sim,clean,wiener,0.00017127996557513332,0.00018043713777906432,8.160590074972635e-07,0.32058,0.0030727976385475668,50000,1.0534631833512025
34,11,3.0,fit,1240,sim,clean,wiener,0.00011406749493053697,0.00011511093726849025,7.205198756509383e-07,0.56656,0.0027130535317744335,50000,1.0091475870368565
31,27,30.0,fit,1247,sim,clean,wiener,5.616131937922496e-05,5.694464555442433e-05,5.378009129915725e-07,0.78558,0.0020250415230601703,50000,1.0139477879768106
31,29,40.0,fit,1247,sim,clean,wiener,5.3106443909957664e-05,5.406580982170367e-05,5.26685494923689e-07,0.79642,0.001983187404575269,50000,1.0180649623870996
34,1,0.6,fit,1247,sim,clean,wiener,0.0001973219138674475,0.00020744614091722753,7.433037844712429e-07,0.21888,0.00279884431476527,50000,1.0513081737925016
34,5,1.4,fit,1243,sim,clean,wiener,0.0001517653034324719,0.0001569762200089037,8.101032388454368e-07,0.40892,0.0030503717212046594,50000,1.0343353616312598
34,13,4.0,fit,1240,sim,clean,wiener,0.00010212678253438735,0.00010276168804602623,6.926919533166595e-07,0.61306,0.0026082699643499374,50000,1.0062168365230257
34,7,1.8,fit,1243,sim,clean,wiener,0.00013830413411937463,0.00014145069077137152,7.9021226555578e-07,0.46738,0.002975474029749333,50000,1.022750994914447
34,15,5.0,fit,1240,sim,clean,wiener,9.34738373993531e-05,9.388616312097791e-05,6.714180941152376e-07,0.64648,0.0025281651389434954,50000,1.0044111350629932
34,9,2.0,fit,1243,sim,clean,wiener,0.00013003442162873405,0.00013216086845305343,7.619958089779585e-07,0.50236,0.0028692274711745835,50000,1.0163529533002476
31,25,26.0,fit,1248,sim,clean,wiener,5.4968414775128034e-05,5.6131985283010556e-05,5.347369308978534e-07,0.78864,0.0020135043708988253,50000,1.021167983698322
34,17,6.0,fit,1240,sim,clean,wiener,8.825138637955135e-05,8.897833246224384e-05,6.501119943849565e-07,0.66496,0.0024479389146920753,50000,1.0082372199748346
34,3,1.0,fit,1244,sim,clean,wiener,0.00017127996557513332,0.0001800281518908365,7.904212196393746e-07,0.32212,0.0029762608277734163,50000,1.051075362412224
31,27,30.0,fit,1248,sim,clean,wiener,5.616131937922496e-05,5.734300843256832e-05,5.401631052598422e-07,0.78408,0.002033936148028523,50000,1.021040977427259
31,29,40.0,fit,1248,sim,clean,wiener,5.3106443909957664e-05,5.4639452366231045e-05,5.28831999191004e-07,0.79426,0.0019912698755524183,50000,1.0288667126511541
34,1,0.6,fit,1248,sim,clean,wiener,0.0001973219138674475,0.00020591642746515455,7.502144893991048e-07,0.22464,0.0028248659597541028,50000,1.0435557988935809
34,11,3.0,fit,1241,sim,clean,wiener,0.00011406749493053697,0.00011545618509621503,7.369107041718069e-07,0.56526,0.0027747717392937986,50000,1.0121742847646802
34,5,1.4,fit,1244,sim,clean,wiener,0.0001517653034324719,0.00015676375980722688,8.024930551317508e-07,0.40972,0.0030217162510370738,50000,1.0329354355818163
34,13,4.0,fit,1241,sim,clean,wiener,0.00010212678253438735,0.00010326096951996673,6.872499919664838e-07,0.61118,0.002587778742719811,50000,1.0111056762725046
34,7,1.8,fit,1244,sim,clean,wiener,0.00013830413411937463,0.00014152505184195836,7.937950091426127e-07,0.4671,0.0029889645321909443,50000,1.0232886583115706
34,15,5.0,fit,1241,sim,clean,wiener,9.34738373993531e-05,9.447574018063103e-05,6.673359705236287e-07,0.64426,0.002512794265492782,50000,1.0107185369634226
31,25,26.0,fit,1249,sim,clean,wiener,5.4968414775128034e-05,5.550522768806399e-05,5.294829583459623e-07,0.791,0.00199372100437493,50000,1.0097658430779206
34,9,2.0,fit,1244,sim,clean,wiener,0.00013003442162873405,0.00013251142778582015,7.771115333521399e-07,0.50104,0.0029261443873965713,50000,1.0190488497280996
34,3,1.0,fit,1245,sim,clean,wiener,0.00017127996557513332,0.0001783656508127155,8.226208770963686e-07,0.32838,0.0030975057751202214,50000,1.0413690253485834
34,17,6.0,fit,1241,sim,clean,wiener,8.825138637955135e-05,8.877118376560895e-05,6.478896680494505e-07,0.66574,0.002439570942458342,50000,1.005889962836641
31,27,30.0,fit,1249,sim,clean,wiener,5.616131937922496e-05,5.6907465019130884e-05,5.365087677115894e-07,0.78572,0.002020176064890461,50000,1.0132857569614353
31,29,40.0,fit,1249,sim,clean,wiener,5.3106443909957664e-05,5.399144875111681e-05,5.227723454082152e-07,0.7967,0.0019684527879850933,50000,1.016664735501019
34,1,0.6,fit,1249,sim,clean,wiener,0.0001973219138674475,0.0002072549267357184,7.60849729118577e-07,0.2196,0.0028649120093597632,50000,1.0503391269301363
34,11,3.0,fit,1242,sim,clean,wiener,0.00011406749493053697,0.00011579080991385601,7.240066975838105e-07,0.564,0.0027261828497562603,50000,1.0151078533316478
34,5,1.4,fit,1245,sim,clean,wiener,0.0001517653034324719,0.00015512781625431552,7.94169089439966e-07,0.41588,0.002990373098291893,50000,1.022156005001102
34,13,4.0,fit,1242,sim,clean,wiener,0.00010212678253438735,0.0001032556580149248,6.943463310295739e-07,0.6112,0.0026144993765404843,50000,1.0110536673389994
34,7,1.8,fit,1245,sim,clean,wiener,0.00013830413411937463,0.00014034058621761024,7.794644381092563e-07,0.47156,0.002935004041067411,50000,1.0147244484859568
31,25,26.0,fit,1250,sim,clean,wiener,5.4968414775128034e-05,5.657284020148991e-05,5.32083747863812e-07,0.78698,0.002003514046073369,50000,1.02918813345674
34,9,2.0,fit,1245,sim,clean,wiener,0.00013003442162873405,0.00013182093213037055,7.666951802571748e-07,0.50364,0.0028869225359147177,50000,1.0137387507035425
34,15,5.0,fit,1242,sim,clean,wiener,9.34738373993531e-05,9.420485342349312e-05,6.691045434268612e-07,0.64528,0.0025194536695196047,50000,1.007820541495658
34,3,1.0,fit,1246,sim,clean,wiener,0.00017127996557513332,0.00018028841563789055,8.226991424708391e-07,0.32114,0.003097800476429371,50000,1.0525948848279374
34,17,6.0,fit,1242,sim,clean,wiener,8.825138637955135e-05,8.811786864545279e-05,6.450963324301272e-07,0.6682,0.0024290528855336947,50000,0.9984870749392613
31,27,30.0,fit,1250,sim,clean,wiener,5.616131937922496e-05,5.7847601411550725e-05,5.380856333546455e-07,0.78218,0.0020261136122734003,50000,1.0300256840644944
31,29,40.0,fit,1250,sim,clean,wiener,5.3106443909957664e-05,5.482004353765633e-05,5.25618235832312e-07,0.79358,0.0019791687353545723,50000,1.0322672636602082
34,1,0.6,fit,1250,sim,clean,wiener,0.0001973219138674475,0.0002076214205836109,7.640713949090609e-07,0.21822,0.0028770429054619322,50000,1.0521964667496695
34,5,1.4,fit,1246,sim,clean,wiener,0.0001517653034324719,0.00015588736147531009,8.014273581223717e-07,0.41302,0.003017703463697258,50000,1.0271607406278622
34,11,3.0,fit,1243,sim,clean,wiener,0.00011406749493053697,0.00011591297452982015,7.220661285100329e-07,0.56354,0.002718875809441088,50000,1.016178838681493
34,7,1.8,fit,1246,sim,clean,wiener,0.00013830413411937463,0.00014113731197389824,7.925188207220093e-07,0.46856,0.0029841591581565366,50000,1.0204851277408542
34,13,4.0,fit,1243,sim,clean,wiener,0.00010212678253438735,0.00010327159253005055,6.87455497994281e-07,0.61114,0.002588552557396349,50000,1.0112096941395146
31,25,26.0,fit,1251,sim,clean,wiener,5.4968414775128034e-05,5.577080294015999e-05,5.275386044734709e-07,0.79,0.0019863997127366993,50000,1.0145972585950398
34,9,2.0,fit,1246,sim,clean,wiener,0.00013003442162873405,0.00013200152330179586,7.715140217081778e-07,0.50296,0.00290506745496486,50000,1.0151275458330422
34,3,1.0,fit,1247,sim,clean,wiener,0.00017127996557513332,0.00018015562801184257,8.153100644921584e-07,0.32164,0.0030699775602488766,50000,1.0518196182893083
34,15,5.0,fit,1243,sim,clean,wiener,9.34738373993531e-05,9.465101984701441e-05,6.644842138542241e-07,0.6436,0.002502056229298153,50000,1.0125937105013885
31,27,30.0,fit,1251,sim,clean,wiener,5.616131937922496e-05,5.708274468551424e-05,5.342567813177443e-07,0.78506,0.002011696410344069,50000,1.0164067603196327
34,17,6.0,fit,1243,sim,clean,wiener,8.825138637955135e-05,8.903675901770496e-05,6.482241141266016e-07,0.66474,0.002440830269426919,50000,1.0088992668599661
31,29,40.0,fit,1251,sim,clean,wiener,5.3106443909957664e-05,5.420922045783551e-05,5.213745472000276e-07,0.79588,0.0019631895031076217,50000,1.0207653999531132
34,1,0.6,fit,1251,sim,clean,wiener,0.0001973219138674475,0.00020733459931134718,7.488390009715525e-07,0.2193,0.002819686680372095,50000,1.0507428964561218
34,5,1.4,fit,1247,sim,clean,wiener,0.0001517653034324719,0.00015696559699881983,8.105095034057146e-07,0.40896,0.003051901474286211,50000,1.0342653653287874
34,7,1.8,fit,1247,sim,clean,wiener,0.00013830413411937463,0.0001416897084982579,7.880879512662822e-07,0.46648,0.0029674751131607874,50000,1.024479198690916
34,11,3.0,fit,1244,sim,clean,wiener,0.00011406749493053697,0.00011551992315671809,7.252820009640033e-07,0.56502,0.002730984891249689,50000,1.012733059729817
34,13,4.0,fit,1244,sim,clean,wiener,0.00010212678253438735,0.00010400989173087744,6.949895135345698e-07,0.60836,0.002616921223078969,50000,1.0184389358967225
31,25,26.0,fit,1252,sim,clean,wiener,5.4968414775128034e-05,5.6147919798136334e-05,5.30913769040957e-07,0.78858,0.0019991085948363988,50000,1.0214578686293496
34,9,2.0,fit,1247,sim,clean,wiener,0.00013003442162873405,0.00013251673929086207,7.602678339125653e-07,0.50102,0.0028627209346966716,50000,1.019089696643673
34,3,1.0,fit,1248,sim,clean,wiener,0.00017127996557513332,0.00017863122606481151,8.180936019252589e-07,0.32738,0.0030804587229744393,50000,1.0429195584258424
34,15,5.0,fit,1244,sim,clean,wiener,9.34738373993531e-05,9.505469423020032e-05,6.682370912700846e-07,0.64208,0.0025161873555467084,50000,1.0169122919827636
31,27,30.0,fit,1252,sim,clean,wiener,5.616131937922496e-05,5.7486419068700157e-05,5.383809288928814e-07,0.78354,0.002027225521368489,50000,1.0235945256294205
31,29,40.0,fit,1252,sim,clean,wiener,5.3106443909957664e-05,5.448010721497344e-05,5.251814703194064e-07,0.79486,0.0019775241336476793,50000,1.0258662264666945
34,17,6.0,fit,1244,sim,clean,wiener,8.825138637955135e-05,8.95838440370227e-05,6.485719262082913e-07,0.66268,0.002442139924897241,50000,1.0150984331480155
34,1,0.6,fit,1252,sim,clean,wiener,0.0001973219138674475,0.00020721243469538304,7.511455858191197e-07,0.21976,0.002828371920541738,50000,1.0501237831829442
34,5,1.4,fit,1248,sim,clean,wiener,0.0001517653034324719,0.00015471883036608766,8.053259007944796e-07,0.41742,0.003032383079517405,50000,1.0194611473559234
34,7,1.8,fit,1248,sim,clean,wiener,0.00013830413411937463,0.0001409195402671795,7.853520053426495e-07,0.46938,0.0029571731520328594,50000,1.0189105420778488
31,25,26.0,fit,1253,sim,clean,wiener,5.4968414775128034e-05,5.591952508133375e-05,5.324287085296923e-07,0.78944,0.002004812964790975,50000,1.0173028512846267
34,11,3.0,fit,1245,sim,clean,wiener,0.00011406749493053697,0.00011503126469286142,7.287475678224665e-07,0.56686,0.0027440341751385753,50000,1.0084491183304354
34,9,2.0,fit,1248,sim,clean,wiener,0.00013003442162873405,0.00013205994985725697,7.610192943867295e-07,0.50274,0.0028655504923012806,50000,1.0155768619043508
34,13,4.0,fit,1245,sim,clean,wiener,0.00010212678253438735,0.0001033884456409728,6.90820213647594e-07,0.6107,0.002601222095038723,50000,1.0123538906766267
34,3,1.0,fit,1249,sim,clean,wiener,0.00017127996557513332,0.00017885430927657215,8.234271989636419e-07,0.32654,0.003100541908422965,50000,1.0442220062107397
31,27,30.0,fit,1253,sim,clean,wiener,5.616131937922496e-05,5.719428629139456e-05,5.377791843057595e-07,0.78464,0.0020249597056255955,50000,1.0183928533657582
34,15,5.0,fit,1245,sim,clean,wiener,9.34738373993531e-05,9.444918265542143e-05,6.681079946049445e-07,0.64436,0.002515701253531851,50000,1.0104344197607007
31,29,40.0,fit,1253,sim,clean,wiener,5.3106443909957664e-05,5.406580982170367e-05,5.245612377619144e-07,0.79642,0.0019751887030960862,50000,1.0180649623870996
34,1,0.6,fit,1253,sim,clean,wiener,0.0001973219138674475,0.00020788699583570687,7.472629921447862e-07,0.21722,0.002813752359254717,50000,1.053542365169621
34,17,6.0,fit,1245,sim,clean,wiener,8.825138637955135e-05,8.860652710930945e-05,6.513395285522474e-07,0.66636,0.0024525610854613878,50000,1.0040241943421795
34,5,1.4,fit,1249,sim,clean,wiener,0.0001517653034324719,0.0001550162746484352,8.126098485515056e-07,0.4163,0.0030598101371951776,50000,1.021421043825144
34,7,1.8,fit,1249,sim,clean,wiener,0.00013830413411937463,0.00014020779859156226,7.857223044990885e-07,0.47206,0.0029585674805838688,50000,1.0137643352768075
31,25,26.0,fit,1254,sim,clean,wiener,5.4968414775128034e-05,5.547867016285439e-05,5.263654396444248e-07,0.7911,0.001981982264876678,50000,1.0092827015262087
34,9,2.0,fit,1249,sim,clean,wiener,0.00013003442162873405,0.0001315447338681907,7.626087758543646e-07,0.50468,0.0028715355434500247,50000,1.0116147110937195
34,13,4.0,fit,1246,sim,clean,wiener,0.00010212678253438735,0.00010319191995442176,6.931041558685918e-07,0.61144,0.002609822076411129,50000,1.0104295601369382
34,11,3.0,fit,1246,sim,clean,wiener,0.00011406749493053697,0.0001155783497121792,7.301580708156788e-07,0.5648,0.0027493452987545,50000,1.0132452701145254
34,3,1.0,fit,1250,sim,clean,wiener,0.00017127996557513332,0.0001799750368404173,8.102528012863973e-07,0.32232,0.003050934885278797,50000,1.0507652557967722
31,27,30.0,fit,1254,sim,clean,wiener,5.616131937922496e-05,5.682779244350206e-05,5.340755887370827e-07,0.78602,0.0020110141457910596,50000,1.011867119071345
31,29,40.0,fit,1254,sim,clean,wiener,5.3106443909957664e-05,5.389584166036224e-05,5.217630901829505e-07,0.79706,0.001964652527165234,50000,1.0148644437903431
34,15,5.0,fit,1246,sim,clean,wiener,9.34738373993531e-05,9.467226586718209e-05,6.667681928111221e-07,0.64352,0.0025106563489963253,50000,1.0128210042635661
34,1,0.6,fit,1254,sim,clean,wiener,0.0001973219138674475,0.00020798260292646142,7.344132071891587e-07,0.21686,0.0027653676364531267,50000,1.0540268886008033
34,17,6.0,fit,1246,sim,clean,wiener,8.825138637955135e-05,8.975381219836417e-05,6.49024914367633e-07,0.66204,0.0024438456115369656,50000,1.017024387722944
34,5,1.4,fit,1250,sim,clean,wiener,0.0001517653034324719,0.00015638133144420865,8.095580091528834e-07,0.41116,0.003048318707272637,50000,1.0304155686928183
31,25,26.0,fit,1255,sim,clean,wiener,5.4968414775128034e-05,5.629664193931006e-05,5.353481055096319e-07,0.78802,0.002015805694561158,50000,1.0241634613189359
34,7,1.8,fit,1250,sim,clean,wiener,0.00013830413411937463,0.00014152505184195836,7.906745790990018e-07,0.4671,0.0029772148302929565,50000,1.0232886583115706
34,9,2.0,fit,1250,sim,clean,wiener,0.00013003442162873405,0.00013269733046228734,7.709802926857513e-07,0.50034,0.002903057745783699,50000,1.0204784917731726
34,13,4.0,fit,1247,sim,clean,wiener,0.00010212678253438735,0.0001033618881157632,6.915603933321231e-07,0.6108,0.0026040091758329133,50000,1.0120938460091011
34,11,3.0,fit,1247,sim,clean,wiener,0.00011406749493053697,0.00011568989131805952,7.248926702561874e-07,0.56438,0.002729518901084027,50000,1.0142231263035146
34,3,1.0,fit,1251,sim,clean,wiener,0.00017127996557513332,0.0001799006757698304,8.257562652271224e-07,0.3226,0.0031093118003654515,50000,1.0503311065351397
31,27,30.0,fit,1255,sim,clean,wiener,5.616131937922496e-05,5.7263335856939526e-05,5.383809978697166e-07,0.78438,0.002027225781094629,50000,1.0196223395371695
31,29,40.0,fit,1255,sim,clean,wiener,5.3106443909957664e-05,5.474037096202751e-05,5.286782630543087e-07,0.79388,0.0019906909957980662,50000,1.0307670205679782
34,1,0.6,fit,1255,sim,clean,wiener,0.0001973219138674475,0.00020794011088612606,7.473129390275655e-07,0.21702,0.0028139404298011443,50000,1.0538115448536112
34,15,5.0,fit,1247,sim,clean,wiener,9.34738373993531e-05,9.456072426130177e-05,6.66789806353525e-07,0.64394,0.0025107377328686263,50000,1.0116277120121335
34,17,6.0,fit,1247,sim,clean,wiener,8.825138637955135e-05,8.921735018913024e-05,6.486731808814651e-07,0.66406,0.0024425211903667254,50000,1.0109455935958271
34,5,1.4,fit,1251,sim,clean,wiener,0.0001517653034324719,0.0001567690713122688,8.067013375975908e-07,0.4097,0.0030375621645121692,50000,1.0329704337330523
31,25,26.0,fit,1256,sim,clean,wiener,5.4968414775128034e-05,5.7284581877107196e-05,5.370151419008081e-07,0.7843,0.0020220827718792416,50000,1.0421363270426196
34,7,1.8,fit,1251,sim,clean,wiener,0.00013830413411937463,0.0001418702996696832,7.773792366015626e-07,0.4658,0.0029271524001813092,50000,1.0257849526553595
31,27,30.0,fit,1256,sim,clean,wiener,5.616131937922496e-05,5.8490293521623034e-05,5.428496912313252e-07,0.77976,0.002044052248645127,50000,1.0414693630445513
34,9,2.0,fit,1251,sim,clean,wiener,0.00013003442162873405,0.00013263890390682623,7.601931632687222e-07,0.50056,0.002862439769026099,50000,1.020029175701864
34,13,4.0,fit,1248,sim,clean,wiener,0.00010212678253438735,0.00010299539426787072,6.931540663115361e-07,0.61218,0.002610010009746598,50000,1.0085052295972499
31,29,40.0,fit,1256,sim,clean,wiener,5.3106443909957664e-05,5.623290387880705e-05,5.331947193111356e-07,0.78826,0.0020076973102840043,50000,1.0588715744957489
34,3,1.0,fit,1252,sim,clean,wiener,0.00017127996557513332,0.00018047431831435775,8.172473668996898e-07,0.32044,0.003077272300222732,50000,1.0536802579820186
34,11,3.0,fit,1248,sim,clean,wiener,0.00011406749493053697,0.00011558366121722113,7.265403535374014e-07,0.56478,0.002735723105987195,50000,1.0132918346949535
34,1,0.6,fit,1256,sim,clean,wiener,0.0001973219138674475,0.00020728148426092798,7.588135392681538e-07,0.2195,0.0028572449175115846,50000,1.0504737167721314
34,15,5.0,fit,1248,sim,clean,wiener,9.34738373993531e-05,9.387554011089408e-05,6.662012113967607e-07,0.64652,0.0025085214308897376,50000,1.0042974881819045
31,25,26.0,fit,1257,sim,clean,wiener,5.4968414775128034e-05,5.682248093846017e-05,5.346468601590856e-07,0.78604,0.0020131652175400055,50000,1.0337296640428324
34,17,6.0,fit,1248,sim,clean,wiener,8.825138637955135e-05,8.850560851351296e-05,6.455524590959691e-07,0.66674,0.0024307703899406076,50000,1.002880658813316
34,5,1.4,fit,1252,sim,clean,wiener,0.0001517653034324719,0.0001561635597374899,8.151302233268055e-07,0.41198,0.0030693003843300605,50000,1.0289806444921386
34,7,1.8,fit,1252,sim,clean,wiener,0.00013830413411937463,0.00014100452434785023,7.831824285070927e-07,0.46906,0.0029490038033513316,50000,1.0195250145317045
31,27,30.0,fit,1257,sim,clean,wiener,5.616131937922496e-05,5.806537311826942e-05,5.39404768140677e-07,0.78136,0.002031080697028552,50000,1.0339032942974058
31,29,40.0,fit,1257,sim,clean,wiener,5.3106443909957664e-05,5.525027544605184e-05,5.282466840593317e-07,0.79196,0.0019890659234633105,50000,1.0403685763582486
34,9,2.0,fit,1252,sim,clean,wiener,0.00013003442162873405,0.00013245300123035904,7.622801123081155e-07,0.50126,0.0028702979900874456,50000,1.018599533656791
34,13,4.0,fit,1249,sim,clean,wiener,0.00010212678253438735,0.00010220398001662463,6.88965111171087e-07,0.61516,0.0025942368715969073,50000,1.000755898504991
34,3,1.0,fit,1253,sim,clean,wiener,0.00017127996557513332,0.00018020874306226177,8.117995314919655e-07,0.32144,0.0030567589603511577,50000,1.0521297249047599
34,11,3.0,fit,1249,sim,clean,wiener,0.00011406749493053697,0.00011466477084496896,7.189724286472731e-07,0.56824,0.0027072267576625677,50000,1.0052361622808996
34,1,0.6,fit,1257,sim,clean,wiener,0.0001973219138674475,0.00020809945603738367,7.547071534633512e-07,0.21642,0.0028417826868541956,50000,1.054619083905582
31,25,26.0,fit,1258,sim,clean,wiener,5.4968414775128034e-05,5.5069684274626555e-05,5.282092528214614e-07,0.79264,0.001988924979465047,50000,1.001842321629845
34,15,5.0,fit,1249,sim,clean,wiener,9.34738373993531e-05,9.404550827223551e-05,6.640423481764718e-07,0.64588,0.0025003924233739754,50000,1.0061158382793256
34,5,1.4,fit,1253,sim,clean,wiener,0.0001517653034324719,0.00015689123592823294,8.154037672647497e-07,0.40924,0.003070330389708142,50000,1.0337753912114822
34,17,6.0,fit,1249,sim,clean,wiener,8.825138637955135e-05,8.842062443284224e-05,6.491411475256493e-07,0.66706,0.0024442832771594176,50000,1.001917681525852
34,7,1.8,fit,1253,sim,clean,wiener,0.00013830413411937463,0.00014062740748987392,7.832304801332812e-07,0.47048,0.00294918473747757,50000,1.01679829301772
31,27,30.0,fit,1258,sim,clean,wiener,5.616131937922496e-05,5.61957233435136e-05,5.334087806348406e-07,0.7884,0.0020085033391666492,50000,1.0006125918099669
31,29,40.0,fit,1258,sim,clean,wiener,5.3106443909957664e-05,5.357183985280512e-05,5.211952351644815e-07,0.79828,0.0019625143195800493,50000,1.0087634552152756
34,9,2.0,fit,1253,sim,clean,wiener,0.00013003442162873405,0.0001318315551404544,7.672374852565549e-07,0.5036,0.0028889645371746246,50000,1.0138204445346894
34,13,4.0,fit,1250,sim,clean,wiener,0.00010212678253438735,0.00010343624918635009,6.975511717971965e-07,0.61052,0.0026265669195149484,50000,1.0128219710781727
34,3,1.0,fit,1254,sim,clean,wiener,0.00017127996557513332,0.0001800122173757107,8.148611658243991e-07,0.32218,0.003068287272226117,50000,1.0509823304275883
34,1,0.6,fit,1258,sim,clean,wiener,0.0001973219138674475,0.00020709558158446082,7.494867702747727e-07,0.2202,0.00282212579809149,50000,1.0495315878781657
34,11,3.0,fit,1250,sim,clean,wiener,0.00011406749493053697,0.00011540307004579584,7.281486547851262e-07,0.56546,0.0027417790213446376,50000,1.0117086389603995
31,25,26.0,fit,1259,sim,clean,wiener,5.4968414775128034e-05,5.588765605108223e-05,5.30365542221915e-07,0.78956,0.0019970442954910525,50000,1.0167230814225723
34,15,5.0,fit,1250,sim,clean,wiener,9.34738373993531e-05,9.433764104954112e-05,6.690471972311486e-07,0.64478,0.0025192377375181847,50000,1.009241127509268
34,5,1.4,fit,1254,sim,clean,wiener,0.0001517653034324719,0.00015599890308119036,8.068207751655609e-07,0.4126,0.003038011896055404,50000,1.0278957018038197
34,17,6.0,fit,1250,sim,clean,wiener,8.825138637955135e-05,8.838875540259072e-05,6.455189642443944e-07,0.66718,0.0024306442680549637,50000,1.001556565043053
34,7,1.8,fit,1254,sim,clean,wiener,0.00013830413411937463,0.00014162065893271296,7.881493226676048e-07,0.46674,0.0029677062017160584,50000,1.0239799398221585
31,27,30.0,fit,1259,sim,clean,wiener,5.616131937922496e-05,5.6891530504005106e-05,5.356620882283889e-07,0.78578,0.0020169879685730586,50000,1.013002029383417
31,29,40.0,fit,1259,sim,clean,wiener,5.3106443909957664e-05,5.432607356875775e-05,5.239441083083312e-07,0.79544,0.0019728649570063712,50000,1.0229657564883836
34,9,2.0,fit,1254,sim,clean,wiener,0.00013003442162873405,0.0001328194950782515,7.716544940729532e-07,0.49988,0.002905596391165303,50000,1.0214179708313635
34,1,0.6,fit,1259,sim,clean,wiener,0.0001973219138674475,0.000207945422391168,7.436426489750228e-07,0.217,0.002800120278926484,50000,1.0538384628220103
34,13,4.0,fit,1251,sim,clean,wiener,0.00010212678253438735,0.00010371244744852991,6.931494234475195e-07,0.60948,0.002609992527454931,50000,1.0155264356204372
34,3,1.0,fit,1255,sim,clean,wiener,0.00017127996557513332,0.00018071333604124416,8.05069762468386e-07,0.31954,0.0030314186134232485,50000,1.0550757377515516
34,11,3.0,fit,1251,sim,clean,wiener,0.00011406749493053697,0.00011652910911468286,7.282879409762646e-07,0.56122,0.0027423034911137107,50000,1.0215803300111475
31,25,26.0,fit,1260,sim,clean,wiener,5.4968414775128034e-05,5.573362240486657e-05,5.311876654661066e-07,0.79014,0.0020001399274737135,50000,1.0139208604226435
34,5,1.4,fit,1255,sim,clean,wiener,0.0001517653034324719,0.00015760828910889215,7.996926325717436e-07,0.40654,0.003011171508867367,50000,1.0385001416283537
34,7,1.8,fit,1255,sim,clean,wiener,0.00013830413411937463,0.0001421677439520307,7.803077062236021e-07,0.46468,0.0029381792921786888,50000,1.0279356062438545
31,27,30.0,fit,1260,sim,clean,wiener,5.616131937922496e-05,5.6785300403166724e-05,5.359573806999627e-07,0.78618,0.0020180998661209035,50000,1.011110512196631
34,15,5.0,fit,1251,sim,clean,wiener,9.34738373993531e-05,9.474131543272702e-05,6.689740686764653e-07,0.64326,0.0025189623784472393,50000,1.0135597089906432
34,17,6.0,fit,1251,sim,clean,wiener,8.825138637955135e-05,8.921203868408832e-05,6.54870147904536e-07,0.66408,0.0024658553187320853,50000,1.0108854075153606
31,29,40.0,fit,1260,sim,clean,wiener,5.3106443909957664e-05,5.425702400321281e-05,5.263062403268519e-07,0.7957,0.001981759355109651,50000,1.0216655458084514
34,1,0.6,fit,1260,sim,clean,wiener,0.0001973219138674475,0.0002075736170382336,7.451852601391996e-07,0.2184,0.002805928844114701,50000,1.0519542050340782
34,9,2.0,fit,1255,sim,clean,wiener,0.00013003442162873405,0.00013264421541186815,7.664539896196063e-07,0.50054,0.0028860143540127337,50000,1.0200700226174375
34,13,4.0,fit,1252,sim,clean,wiener,0.00010212678253438735,0.0001032344119947571,6.993490745822474e-07,0.61128,0.0026333367626040966,50000,1.0108456316049788
34,3,1.0,fit,1256,sim,clean,wiener,0.00017127996557513332,0.0001799006757698304,8.20293546785303e-07,0.3226,0.003088742419752213,50000,1.0503311065351397
31,25,26.0,fit,1261,sim,clean,wiener,5.4968414775128034e-05,5.573362240486657e-05,5.302668981036089e-07,0.79014,0.001996672859833823,50000,1.0139208604226435
34,11,3.0,fit,1252,sim,clean,wiener,0.00011406749493053697,0.00011569520282310145,7.205414435016208e-07,0.56436,0.0027131347435986235,50000,1.0142696908839428
31,27,30.0,fit,1261,sim,clean,wiener,5.616131937922496e-05,5.696058006955008e-05,5.368095498794109e-07,0.78552,0.0020213086334014484,50000,1.0142315155548285
34,5,1.4,fit,1256,sim,clean,wiener,0.0001517653034324719,0.0001567478252921011,8.107417559199642e-07,0.40978,0.003052776000479509,50000,1.0328304411281077
31,29,40.0,fit,1261,sim,clean,wiener,5.3106443909957664e-05,5.409767885195519e-05,5.230243161344119e-07,0.7963,0.001969401561352371,50000,1.0186650596239917
34,7,1.8,fit,1256,sim,clean,wiener,0.00013830413411937463,0.00014186498816464127,7.83730241607445e-07,0.46582,0.0029510665448757353,50000,1.0257465481269934
34,17,6.0,fit,1252,sim,clean,wiener,8.825138637955135e-05,8.940856437063934e-05,6.528000785312478e-07,0.66334,0.00245806065655272,50000,1.013112292492621
34,15,5.0,fit,1252,sim,clean,wiener,9.34738373993531e-05,9.462446232180479e-05,6.707977854700514e-07,0.6437,0.0025258294218904547,50000,1.012309593298666
34,1,0.6,fit,1261,sim,clean,wiener,0.0001973219138674475,0.00020737177984664064,7.535597206640971e-07,0.21916,0.0028374621306645723,50000,1.050931322234915
34,9,2.0,fit,1256,sim,clean,wiener,0.00013003442162873405,0.00013330815354210815,7.60217312751817e-07,0.49804,0.0028625307017576098,50000,1.0251758870641272
34,13,4.0,fit,1253,sim,clean,wiener,0.00010212678253438735,0.00010347874122668543,6.907582684329854e-07,0.61036,0.00260098884584054,50000,1.013238042546213
34,3,1.0,fit,1257,sim,clean,wiener,0.00017127996557513332,0.0001808833042025856,8.144276074088585e-07,0.3189,0.0030666547465592153,50000,1.0560680789209973
31,25,26.0,fit,1262,sim,clean,wiener,5.4968414775128034e-05,5.718897478635263e-05,5.355647162918083e-07,0.78466,0.002016621323203009,50000,1.0403970174564567
34,11,3.0,fit,1253,sim,clean,wiener,0.00011406749493053697,0.00011504719920798721,7.225849712213128e-07,0.5668,0.0027208294655411383,50000,1.00858881207172
31,27,30.0,fit,1262,sim,clean,wiener,5.616131937922496e-05,5.8490293521623034e-05,5.420321595723552e-07,0.77976,0.002040973905868389,50000,1.0414693630445513
31,29,40.0,fit,1262,sim,clean,wiener,5.3106443909957664e-05,5.530339049647103e-05,5.271112811977079e-07,0.79176,0.0019847906649342766,50000,1.041368738419735
34,5,1.4,fit,1257,sim,clean,wiener,0.0001517653034324719,0.000156954973988736,8.161727238848016e-07,0.409,0.0030732258274945435,50000,1.0341953690263153
34,7,1.8,fit,1257,sim,clean,wiener,0.00013830413411937463,0.00014145600227641344,7.81126387295354e-07,0.46736,0.0029412619629670647,50000,1.022789399442813
34,17,6.0,fit,1253,sim,clean,wiener,8.825138637955135e-05,8.843124744292609e-05,6.492048169671759e-07,0.66702,0.002444523018780762,50000,1.002038053686785
34,1,0.6,fit,1262,sim,clean,wiener,0.0001973219138674475,0.00020763735509873662,7.578718019760516e-07,0.21816,0.0028536988894661635,50000,1.0522772206548665
34,15,5.0,fit,1253,sim,clean,wiener,9.34738373993531e-05,9.427921449407999e-05,6.653863402915256e-07,0.645,0.002505453106191544,50000,1.0086160696632795
34,9,2.0,fit,1257,sim,clean,wiener,0.00013003442162873405,0.0001328088720681677,7.658986565400001e-07,0.49992,0.002883923296675036,50000,1.0213362770002168
31,25,26.0,fit,1263,sim,clean,wiener,5.4968414775128034e-05,5.645598709056768e-05,5.338740972770892e-07,0.78742,0.002010255447612659,50000,1.0270623106292076
34,3,1.0,fit,1258,sim,clean,wiener,0.00017127996557513332,0.00017983693770932735,8.090475445490683e-07,0.32284,0.0030463965981913643,50000,1.0499589785965975
34,13,4.0,fit,1254,sim,clean,wiener,0.00010212678253438735,0.00010302726329812223,6.901164427682808e-07,0.61206,0.002598572108363538,50000,1.0088172831982802
34,11,3.0,fit,1254,sim,clean,wiener,0.00011406749493053697,0.0001155783497121792,7.266781693899388e-07,0.5648,0.002736242039326991,50000,1.0132452701145254
31,27,30.0,fit,1263,sim,clean,wiener,5.616131937922496e-05,5.7470484553574406e-05,5.388175511516148e-07,0.7836,0.002028869583664533,50000,1.023310798051403
31,29,40.0,fit,1263,sim,clean,wiener,5.3106443909957664e-05,5.478817450740481e-05,5.272589523729056e-07,0.7937,0.001985346707615333,50000,1.0316671664233164
34,5,1.4,fit,1258,sim,clean,wiener,0.0001517653034324719,0.00015675313679714304,7.997052179732155e-07,0.40976,0.003011218898077666,50000,1.0328654392793442
34,7,1.8,fit,1258,sim,clean,wiener,0.00013830413411937463,0.00014117449250919165,7.818503582209369e-07,0.46842,0.002943988011120532,50000,1.0207539594394157
34,1,0.6,fit,1263,sim,clean,wiener,0.0001973219138674475,0.00020702122051387392,7.487597802999615e-07,0.22048,0.0028193883819765714,50000,1.049154736320579
34,17,6.0,fit,1254,sim,clean,wiener,8.825138637955135e-05,8.813911466562047e-05,6.442028989401291e-07,0.66812,0.0024256887411605015,50000,0.9987278192611272
34,9,2.0,fit,1258,sim,clean,wiener,0.00013003442162873405,0.0001317518825648256,7.679050008808058e-07,0.5039,0.0028914780079102548,50000,1.0132077408010869
34,15,5.0,fit,1254,sim,clean,wiener,9.34738373993531e-05,9.431639502937344e-05,6.697184924436168e-07,0.64486,0.0025217654399572113,50000,1.0090138337470904
31,25,26.0,fit,1264,sim,clean,wiener,5.4968414775128034e-05,5.5861098525872634e-05,5.323535518654543e-07,0.78966,0.002004529969053816,50000,1.0162399398708606
34,3,1.0,fit,1259,sim,clean,wiener,0.00017127996557513332,0.00018038933423368704,8.248834830875662e-07,0.32076,0.003106025416816277,50000,1.053184087397296
34,13,4.0,fit,1255,sim,clean,wiener,0.00010212678253438735,0.00010289447567207423,6.866050319602873e-07,0.61256,0.00258535020315859,50000,1.007517059860653
31,27,30.0,fit,1264,sim,clean,wiener,5.616131937922496e-05,5.7151794251059184e-05,5.383280811705118e-07,0.7848,0.0020270265279684918,50000,1.0176362464910436
34,11,3.0,fit,1255,sim,clean,wiener,0.00011406749493053697,0.00011571644884326911,7.228834103839565e-07,0.56428,0.002721953211674441,50000,1.0144559492056548
31,29,40.0,fit,1264,sim,clean,wiener,5.3106443909957664e-05,5.426764701329663e-05,5.240807589550317e-07,0.79566,0.001973379502867185,50000,1.0218655782207484
34,7,1.8,fit,1259,sim,clean,wiener,0.00013830413411937463,0.00014173220053859326,7.872689917480271e-07,0.46632,0.0029643913939068596,50000,1.024786434917844
34,5,1.4,fit,1259,sim,clean,wiener,0.0001517653034324719,0.0001563175933837056,8.1243885291224e-07,0.4114,0.003059166268318405,50000,1.029995590877985
34,1,0.6,fit,1264,sim,clean,wiener,0.0001973219138674475,0.00020706371255420927,7.279142360360537e-07,0.22032,0.0027408963383867093,50000,1.0493700800677712
34,17,6.0,fit,1255,sim,clean,wiener,8.825138637955135e-05,8.867026516981246e-05,6.492379895524206e-07,0.66612,0.002444647927201193,50000,1.0047464273077773
34,9,2.0,fit,1259,sim,clean,wiener,0.00013003442162873405,0.00013209181888750848,7.690698345684555e-07,0.50262,0.002895864085598053,50000,1.0158219433977917
31,25,26.0,fit,1265,sim,clean,wiener,5.4968414775128034e-05,5.5829229495621105e-05,5.2923797408624e-07,0.78978,0.001992798537926009,50000,1.0156601700088062
34,15,5.0,fit,1255,sim,clean,wiener,9.34738373993531e-05,9.444387115037953e-05,6.655942491484368e-07,0.64438,0.0025062359685074807,50000,1.0103775963201564
34,3,1.0,fit,1260,sim,clean,wiener,0.00017127996557513332,0.00018024592359755523,8.358311628922794e-07,0.3213,0.0031472479317844857,50000,1.0523467995355762
31,27,30.0,fit,1265,sim,clean,wiener,5.616131937922496e-05,5.685434996871169e-05,5.342048488990622e-07,0.78592,0.002011500863438729,50000,1.0123399983680423
34,13,4.0,fit,1256,sim,clean,wiener,0.00010212678253438735,0.00010389835012499712,6.922061940054278e-07,0.60878,0.0026064408808513886,50000,1.0173467482931156
31,29,40.0,fit,1265,sim,clean,wiener,5.3106443909957664e-05,5.42835815284224e-05,5.237608243949148e-07,0.7956,0.00197217481772581,50000,1.0221656268391945
34,7,1.8,fit,1260,sim,clean,wiener,0.00013830413411937463,0.00014162597043775488,7.790167053606261e-07,0.46672,0.002933318143209472,50000,1.0240183443505244
34,1,0.6,fit,1265,sim,clean,wiener,0.0001973219138674475,0.00020705308954412544,7.39895122383891e-07,0.22036,0.0027860093007327134,50000,1.0493162441309734
34,11,3.0,fit,1256,sim,clean,wiener,0.00011406749493053697,0.00011633258342813183,7.206570852751579e-07,0.56196,0.0027135701824153977,50000,1.0198574405353094
34,5,1.4,fit,1260,sim,clean,wiener,0.0001517653034324719,0.00015681687485764607,8.011663369146508e-07,0.40952,0.0030167206115464616,50000,1.033285417094177
34,17,6.0,fit,1256,sim,clean,wiener,8.825138637955135e-05,8.990784584457982e-05,6.473563044054203e-07,0.66146,0.0024375626090770474,50000,1.0187697840564722
31,25,26.0,fit,1266,sim,clean,wiener,5.4968414775128034e-05,5.6031066687214066e-05,5.302100983883158e-07,0.78902,0.001996458985555837,50000,1.0193320458018167
34,9,2.0,fit,1260,sim,clean,wiener,0.00013003442162873405,0.00013318067742110206,7.733343025500662e-07,0.49852,0.002911921560637441,50000,1.0241955610903626
34,15,5.0,fit,1256,sim,clean,wiener,9.34738373993531e-05,9.49962676747392e-05,6.608910293046824e-07,0.6423,0.0024885264123397457,50000,1.016287234136775
34,3,1.0,fit,1261,sim,clean,wiener,0.00017127996557513332,0.00018002284038579457,8.030480533724195e-07,0.32214,0.003023806047568522,50000,1.0510443517506787
31,27,30.0,fit,1266,sim,clean,wiener,5.616131937922496e-05,5.72580243518976e-05,5.353393203717427e-07,0.7844,0.0020157726149055057,50000,1.0195277636778302
31,29,40.0,fit,1266,sim,clean,wiener,5.3106443909957664e-05,5.446417269984769e-05,5.251568920257872e-07,0.79492,0.001977431586268263,50000,1.0255661778482488
34,13,4.0,fit,1257,sim,clean,wiener,0.00010212678253438735,0.00010371775895357183,6.932705968990527e-07,0.60946,0.0026104487953133885,50000,1.0155784445539424
34,1,0.6,fit,1266,sim,clean,wiener,0.0001973219138674475,0.0002072018116852992,7.327736241957523e-07,0.2198,0.002759193932463518,50000,1.050069947246146
34,7,1.8,fit,1261,sim,clean,wiener,0.00013830413411937463,0.00014155160936716799,7.993311909127529e-07,0.467,0.0030098105324354966,50000,1.0234806809534005
34,5,1.4,fit,1261,sim,clean,wiener,0.0001517653034324719,0.00015667877572655617,8.143344341200962e-07,0.41004,0.0030663039108242323,50000,1.032375465162039
34,11,3.0,fit,1257,sim,clean,wiener,0.00011406749493053697,0.00011614668075166463,7.180608034874778e-07,0.56266,0.0027037941141741383,50000,1.0182276802203274
31,25,26.0,fit,1267,sim,clean,wiener,5.4968414775128034e-05,5.6015132172088315e-05,5.315035845788591e-07,0.78908,0.0020013294928050433,50000,1.0190421608707896
34,17,6.0,fit,1257,sim,clean,wiener,8.825138637955135e-05,8.914298911854335e-05,6.455461178161302e-07,0.66434,0.002430746512415165,50000,1.010102988469296
34,9,2.0,fit,1261,sim,clean,wiener,0.00013003442162873405,0.00013184217815053823,7.631428684788212e-07,0.50356,0.002873546621742303,50000,1.0139021383658364
34,3,1.0,fit,1262,sim,clean,wiener,0.00017127996557513332,0.00017975726513369856,8.006077280581963e-07,0.32314,0.003014617219562285,50000,1.04949381867342
31,27,30.0,fit,1267,sim,clean,wiener,5.616131937922496e-05,5.7263335856939526e-05,5.375376694658692e-07,0.78438,0.002024050302968593,50000,1.0196223395371695
31,29,40.0,fit,1267,sim,clean,wiener,5.3106443909957664e-05,5.444823818472191e-05,5.255284409892367e-07,0.79498,0.001978830620856453,50000,1.0252661292298024
34,15,5.0,fit,1257,sim,clean,wiener,9.34738373993531e-05,9.440137911004416e-05,6.655908752265265e-07,0.64454,0.002506223264304496,50000,1.009923008795801
34,13,4.0,fit,1258,sim,clean,wiener,0.00010212678253438735,0.00010264483493510398,6.901165773993537e-07,0.6135,0.002598572615304873,50000,1.0050726399859136
34,1,0.6,fit,1267,sim,clean,wiener,0.0001973219138674475,0.0002069362364332032,7.376078870744384e-07,0.2208,0.002777396919528512,50000,1.0487240488261946
34,7,1.8,fit,1262,sim,clean,wiener,0.00013830413411937463,0.00014045212782349056,7.780376379670839e-07,0.47114,0.0029296315519860235,50000,1.0155309435816426
34,5,1.4,fit,1262,sim,clean,wiener,0.0001517653034324719,0.00015585018094001665,8.071639735080308e-07,0.41316,0.003039304178900893,50000,1.0269157535692097
31,25,26.0,fit,1268,sim,clean,wiener,5.4968414775128034e-05,5.698182608971775e-05,5.341545119264516e-07,0.78544,0.002011311324043724,50000,1.0366285133531037
34,11,3.0,fit,1258,sim,clean,wiener,0.00011406749493053697,0.00011491972308698111,7.227822940858066e-07,0.56728,0.0027215724672438064,50000,1.0074712621414463
34,9,2.0,fit,1262,sim,clean,wiener,0.00013003442162873405,0.00013190591621104129,7.656845163901255e-07,0.50332,0.002883116970979458,50000,1.0143923013527187
34,17,6.0,fit,1258,sim,clean,wiener,8.825138637955135e-05,8.850029700847104e-05,6.488842733831621e-07,0.66676,0.002443316040414051,50000,1.0028204727328494
31,27,30.0,fit,1268,sim,clean,wiener,5.616131937922496e-05,5.821940676448511e-05,5.419510171926007e-07,0.78078,0.0020406683714516314,50000,1.0366459942182462
34,3,1.0,fit,1263,sim,clean,wiener,0.00017127996557513332,0.00017951824740681214,8.134700870373412e-07,0.32404,0.0030630492887314983,50000,1.0480983389038867
31,29,40.0,fit,1268,sim,clean,wiener,5.3106443909957664e-05,5.549991618302209e-05,5.283456573423389e-07,0.79102,0.001989438598560956,50000,1.0450693380472353
34,15,5.0,fit,1258,sim,clean,wiener,9.34738373993531e-05,9.342406218233088e-05,6.677154786262079e-07,0.64822,0.002514223269511733,50000,0.9994674957356297
34,1,0.6,fit,1268,sim,clean,wiener,0.0001973219138674475,0.0002067768912819456,7.526768944173881e-07,0.2214,0.0028341379269229156,50000,1.0479165097742238
34,13,4.0,fit,1259,sim,clean,wiener,0.00010212678253438735,0.00010264483493510398,6.859566733487326e-07,0.6135,0.0025829088664510555,50000,1.0050726399859136
34,7,1.8,fit,1263,sim,clean,wiener,0.00013830413411937463,0.00014122760755961087,7.859966611108298e-07,0.46822,0.00295960054601288,50000,1.0211380047230756
34,5,1.4,fit,1263,sim,clean,wiener,0.0001517653034324719,0.00015637070843412478,8.127228206885247e-07,0.4112,0.0030602355237329946,50000,1.0303455723903459
31,25,26.0,fit,1269,sim,clean,wiener,5.4968414775128034e-05,5.6652512777118705e-05,5.336713011374129e-07,0.78668,0.0020094918367789096,50000,1.0306375581118756
34,9,2.0,fit,1263,sim,clean,wiener,0.00013003442162873405,0.00013205994985725697,7.618813226778378e-07,0.50274,0.002868796383190228,50000,1.0155768619043508
31,27,30.0,fit,1269,sim,clean,wiener,5.616131937922496e-05,5.783697840146687e-05,5.386922261142764e-07,0.78222,0.0020283976833788348,50000,1.0298365323458154
34,11,3.0,fit,1259,sim,clean,wiener,0.00011406749493053697,0.00011540307004579584,7.282699682183459e-07,0.56546,0.00274223581629169,50000,1.0117086389603995
34,3,1.0,fit,1264,sim,clean,wiener,0.00017127996557513332,0.00017869496412531454,8.261627309679339e-07,0.32714,0.0031108423109744167,50000,1.0432916863643844
34,17,6.0,fit,1259,sim,clean,wiener,8.825138637955135e-05,8.924921921938177e-05,6.498789412589386e-07,0.66394,0.0024470613738663445,50000,1.0113067100786264
31,29,40.0,fit,1269,sim,clean,wiener,5.3106443909957664e-05,5.515466835529727e-05,5.284731039389732e-07,0.79232,0.0019899184873895595,50000,1.0385682846475728
34,1,0.6,fit,1269,sim,clean,wiener,0.0001973219138674475,0.0002085881145012403,7.326075429810193e-07,0.21458,0.002758568568415391,50000,1.0570955369982928
34,15,5.0,fit,1259,sim,clean,wiener,9.34738373993531e-05,9.391272064618753e-05,6.599745803979252e-07,0.64638,0.0024850756054610014,50000,1.0046952522657155
34,13,4.0,fit,1260,sim,clean,wiener,0.00010212678253438735,0.00010322378898467329,6.861713708230825e-07,0.61132,0.002583717290702394,50000,1.0107416137379688
34,7,1.8,fit,1264,sim,clean,wiener,0.00013830413411937463,0.000141020458862976,7.801350972740354e-07,0.469,0.0029375293485254137,50000,1.0196402281168024
31,25,26.0,fit,1270,sim,clean,wiener,5.4968414775128034e-05,5.628070742418432e-05,5.307101097438801e-07,0.78808,0.001998341733860199,50000,1.023873576387909
34,5,1.4,fit,1264,sim,clean,wiener,0.0001517653034324719,0.00015604139512152577,8.056718299017662e-07,0.41244,0.0030336856448150234,50000,1.0281756870137087
34,9,2.0,fit,1264,sim,clean,wiener,0.00013003442162873405,0.000131858112665664,7.608735165659333e-07,0.5035,0.0028650015788778886,50000,1.0140246791125571
31,27,30.0,fit,1270,sim,clean,wiener,5.616131937922496e-05,5.7544845624161274e-05,5.360388577374461e-07,0.78332,0.0020184066606615857,50000,1.024634860082153
31,29,40.0,fit,1270,sim,clean,wiener,5.3106443909957664e-05,5.4628829356147194e-05,5.239422999837278e-07,0.7943,0.0019728581479208514,50000,1.0286666802388567
34,3,1.0,fit,1265,sim,clean,wiener,0.00017127996557513332,0.00017856748800430846,8.106924594333916e-07,0.32762,0.0030525903789421723,50000,1.0425474304873001
34,11,3.0,fit,1260,sim,clean,wiener,0.00011406749493053697,0.00011579080991385601,7.234624852119227e-07,0.564,0.0027241336664547565,50000,1.0151078533316478
34,17,6.0,fit,1260,sim,clean,wiener,8.825138637955135e-05,8.93182687849267e-05,6.493992500671376e-07,0.66368,0.002445255139332008,50000,1.0120891291246905
34,1,0.6,fit,1270,sim,clean,wiener,0.0001973219138674475,0.00020735584533151488,7.542119111288177e-07,0.21922,0.002839917895874521,50000,1.050850568329718
34,15,5.0,fit,1260,sim,clean,wiener,9.34738373993531e-05,9.47041348974336e-05,6.654370867992998e-07,0.6434,0.0025056441876547967,50000,1.0131619449068325
34,13,4.0,fit,1261,sim,clean,wiener,0.00010212678253438735,0.00010357965982248192,6.97168733678423e-07,0.60998,0.0026251268827805195,50000,1.01422621228281
34,7,1.8,fit,1265,sim,clean,wiener,0.00013830413411937463,0.0001407495721058381,7.861398499604529e-07,0.47002,0.0029601397108954997,50000,1.0176815971701376
34,5,1.4,fit,1265,sim,clean,wiener,0.0001517653034324719,0.00015574926234422016,8.118464063386695e-07,0.41354,0.003056935463418872,50000,1.026250788695724
31,25,26.0,fit,1271,sim,clean,wiener,5.4968414775128034e-05,5.6562217191406066e-05,5.342454896700836e-07,0.78702,0.00201165389264872,50000,1.028994876836055
34,9,2.0,fit,1265,sim,clean,wiener,0.00013003442162873405,0.00013195371975641856,7.606568415992653e-07,0.50314,0.002864185708555041,50000,1.0147599235928804
31,27,30.0,fit,1271,sim,clean,wiener,5.616131937922496e-05,5.768825626029311e-05,5.384098983866854e-07,0.78278,0.0020273346034217874,50000,1.0271884082843146
34,3,1.0,fit,1266,sim,clean,wiener,0.00017127996557513332,0.00017950762439672833,8.214385200758163e-07,0.32408,0.0030930537148803425,50000,1.0480363175807965
31,29,40.0,fit,1271,sim,clean,wiener,5.3106443909957664e-05,5.501125771916544e-05,5.289652020810043e-07,0.79286,0.0019917714391919105,50000,1.0358678470815594
34,11,3.0,fit,1261,sim,clean,wiener,0.00011406749493053697,0.00011566333379284992,7.194761620259242e-07,0.56448,0.0027091235209139456,50000,1.0139903034013744
34,17,6.0,fit,1261,sim,clean,wiener,8.825138637955135e-05,8.947230243114239e-05,6.524669985776571e-07,0.6631,0.0024568064736009503,50000,1.013834525458219
34,1,0.6,fit,1271,sim,clean,wiener,0.0001973219138674475,0.00020705840104916735,7.538255120909962e-07,0.22034,0.002838462944651574,50000,1.0493431620993723
34,7,1.8,fit,1266,sim,clean,wiener,0.00013830413411937463,0.00014144006776128768,7.934103350566142e-07,0.46742,0.0029875160761207247,50000,1.022674185857715
34,5,1.4,fit,1266,sim,clean,wiener,0.0001517653034324719,0.00015640788896941824,8.167498194285216e-07,0.41106,0.0030753988294560043,50000,1.0305905594489986
31,25,26.0,fit,1272,sim,clean,wiener,5.4968414775128034e-05,5.602575518217217e-05,5.293022590291144e-07,0.78904,0.001993040597162956,50000,1.0192354174914746
34,13,4.0,fit,1262,sim,clean,wiener,0.00010212678253438735,0.00010300070577291263,6.89783208939345e-07,0.61216,0.0025973173460078374,50000,1.0085572385307549
34,15,5.0,fit,1261,sim,clean,wiener,9.34738373993531e-05,9.483161101843966e-05,6.706283196848668e-07,0.64292,0.002525191313543208,50000,1.0145257074798981
34,9,2.0,fit,1266,sim,clean,wiener,0.00013003442162873405,0.00013216617995809535,7.779616788867482e-07,0.50234,0.0029293455348223902,50000,1.016393800215821
31,27,30.0,fit,1272,sim,clean,wiener,5.616131937922496e-05,5.733238542248447e-05,5.337286587175832e-07,0.78412,0.002009707811647492,50000,1.0208518257085804
34,3,1.0,fit,1267,sim,clean,wiener,0.00017127996557513332,0.00017889680131690753,8.159418212613969e-07,0.32638,0.003072356384195206,50000,1.0444700915031013
31,29,40.0,fit,1272,sim,clean,wiener,5.3106443909957664e-05,5.4517287750266885e-05,5.224784538551565e-07,0.79472,0.001967346165471364,50000,1.0265663399097351
34,11,3.0,fit,1262,sim,clean,wiener,0.00011406749493053697,0.00011554648068192769,7.272615769436222e-07,0.56492,0.0027384388086007807,50000,1.0129658826319572
34,1,0.6,fit,1272,sim,clean,wiener,0.0001973219138674475,0.0002075205019878144,7.368220603360677e-07,0.2186,0.0027744379588114697,50000,1.051685025350088
34,17,6.0,fit,1262,sim,clean,wiener,8.825138637955135e-05,8.886679085636352e-05,6.457047492173576e-07,0.66538,0.0024313438248528847,50000,1.0069733122850382
34,7,1.8,fit,1267,sim,clean,wiener,0.00013830413411937463,0.0001407495721058381,7.87120431332171e-07,0.47002,0.002963832002869165,50000,1.0176815971701376
34,5,1.4,fit,1267,sim,clean,wiener,0.0001517653034324719,0.000155759885354304,8.049813007058904e-07,0.4135,0.003031085518521531,50000,1.0263207849981961
31,25,26.0,fit,1273,sim,clean,wiener,5.4968414775128034e-05,5.497938868891391e-05,5.258539534968706e-07,0.79298,0.001980056309263279,50000,1.0001996403540245
34,13,4.0,fit,1263,sim,clean,wiener,0.00010212678253438735,0.00010317067393425408,6.918431240479554e-07,0.61152,0.0026050737732063543,50000,1.010221524402918
34,15,5.0,fit,1262,sim,clean,wiener,9.34738373993531e-05,9.440137911004416e-05,6.628670587834426e-07,0.64454,0.0024959669756571662,50000,1.009923008795801
34,9,2.0,fit,1267,sim,clean,wiener,0.00013003442162873405,0.00013205994985725697,7.576190194757871e-07,0.50274,0.002852747059435807,50000,1.0155768619043508
31,27,30.0,fit,1273,sim,clean,wiener,5.616131937922496e-05,5.6317887959477766e-05,5.325709947042444e-07,0.78794,0.00200534873073087,50000,1.002787836574771
34,3,1.0,fit,1268,sim,clean,wiener,0.00017127996557513332,0.0001796722810530278,8.163343031557025e-07,0.32346,0.0030738342398734294,50000,1.0489976480886969
31,29,40.0,fit,1273,sim,clean,wiener,5.3106443909957664e-05,5.3646200923391986e-05,5.204562546672783e-07,0.798,0.001959731754219117,50000,1.0101636821013564
34,1,0.6,fit,1273,sim,clean,wiener,0.0001973219138674475,0.00020751519048277245,7.135629518980595e-07,0.21862,0.0026868578539092232,50000,1.0516581073816886
34,11,3.0,fit,1263,sim,clean,wiener,0.00011406749493053697,0.00011596608958023937,7.273805486978203e-07,0.56334,0.0027388867861636718,50000,1.0166444844857736
34,7,1.8,fit,1268,sim,clean,wiener,0.00013830413411937463,0.00014158878990246142,7.808797854608063e-07,0.46686,0.002940333405683954,50000,1.0237495126519625
31,25,26.0,fit,1274,sim,clean,wiener,5.4968414775128034e-05,5.508030728471041e-05,5.284424556490676e-07,0.7926,0.0019898030839787984,50000,1.0020355782505301
34,17,6.0,fit,1263,sim,clean,wiener,8.825138637955135e-05,8.85959040992256e-05,6.535420094202774e-07,0.6664,0.002460854331351761,50000,1.0039038221812464
34,5,1.4,fit,1268,sim,clean,wiener,0.0001517653034324719,0.0001563175933837056,8.246763533514861e-07,0.4114,0.00310524548821056,50000,1.029995590877985
34,13,4.0,fit,1264,sim,clean,wiener,0.00010212678253438735,0.00010294759072249344,6.878701732629071e-07,0.61236,0.0025901139802524077,50000,1.008037149195704
34,9,2.0,fit,1268,sim,clean,wiener,0.00013003442162873405,0.00013290979066396416,7.633952023887127e-07,0.49954,0.002874496762645493,50000,1.0221123683961135
34,15,5.0,fit,1263,sim,clean,wiener,9.34738373993531e-05,9.433764104954112e-05,6.64585902410563e-07,0.64478,0.0025024391285161196,50000,1.009241127509268
31,27,30.0,fit,1274,sim,clean,wiener,5.616131937922496e-05,5.6514413646028794e-05,5.349540569720175e-07,0.7872,0.0020143219398268426,50000,1.0062871433703258
34,3,1.0,fit,1269,sim,clean,wiener,0.00017127996557513332,0.0001805168103546931,8.183190489465253e-07,0.32028,0.0030813076236889713,50000,1.05392834327438
31,29,40.0,fit,1274,sim,clean,wiener,5.3106443909957664e-05,5.3391248681379835e-05,5.216443671825238e-07,0.79896,0.001964205486262553,50000,1.0053629042062213
34,1,0.6,fit,1274,sim,clean,wiener,0.0001973219138674475,0.00020676095676681983,7.555897078870665e-07,0.22146,0.002845105867070537,50000,1.0478357558690266
34,11,3.0,fit,1264,sim,clean,wiener,0.00011406749493053697,0.00011464352482480126,7.208492507298738e-07,0.56832,0.002714293764350082,50000,1.0050499039591871
34,7,1.8,fit,1269,sim,clean,wiener,0.00013830413411937463,0.00014057960394449662,7.918116754148533e-07,0.47066,0.002981496465373324,50000,1.016452652262426
31,25,26.0,fit,1275,sim,clean,wiener,5.4968414775128034e-05,5.642942956535808e-05,5.318864607899593e-07,0.78752,0.002002771179137178,50000,1.026579169077496
34,5,1.4,fit,1269,sim,clean,wiener,0.0001517653034324719,0.00015562178622321405,8.180729181645103e-07,0.41402,0.0030803808401122924,50000,1.0254108330660578
34,17,6.0,fit,1264,sim,clean,wiener,8.825138637955135e-05,8.904738202778881e-05,6.465607286261254e-07,0.6647,0.0024345669392131725,50000,1.0090196390208992
31,27,30.0,fit,1275,sim,clean,wiener,5.616131937922496e-05,5.7645764219957764e-05,5.362439813776468e-07,0.78294,0.0020191790354916264,50000,1.0264318014096003
34,9,2.0,fit,1269,sim,clean,wiener,0.00013003442162873405,0.0001311145019597952,7.62189401969093e-07,0.5063,0.0028699564283707324,50000,1.0083061109322646
34,15,5.0,fit,1264,sim,clean,wiener,9.34738373993531e-05,9.383835957560064e-05,6.620366194411855e-07,0.64666,0.0024928400301466075,50000,1.0038997240980936
31,29,40.0,fit,1275,sim,clean,wiener,5.3106443909957664e-05,5.512811083008767e-05,5.293490469289727e-07,0.79242,0.001993216772840053,50000,1.0380682036168296
34,13,4.0,fit,1265,sim,clean,wiener,0.00010212678253438735,0.00010317067393425408,6.887537378815821e-07,0.61152,0.0025934409642680554,50000,1.010221524402918
34,3,1.0,fit,1270,sim,clean,wiener,0.00017127996557513332,0.00018039995724377088,8.098328245683982e-07,0.32072,0.003049353500286466,50000,1.0532461087203864
34,1,0.6,fit,1275,sim,clean,wiener,0.0001973219138674475,0.00020689905589790975,7.440824983625486e-07,0.22094,0.002801776492689078,50000,1.0485356230474014
31,25,26.0,fit,1276,sim,clean,wiener,5.4968414775128034e-05,5.637100300989696e-05,5.302406984751367e-07,0.78774,0.001996574207462168,50000,1.0255162576637296
34,7,1.8,fit,1270,sim,clean,wiener,0.00013830413411937463,0.00014094609779238912,7.852537588559114e-07,0.46928,0.002956803213621947,50000,1.0191025647196787
34,11,3.0,fit,1265,sim,clean,wiener,0.00011406749493053697,0.00011603513914578431,7.269365049012831e-07,0.56308,0.0027372147787268616,50000,1.0172498240313383
34,5,1.4,fit,1270,sim,clean,wiener,0.0001517653034324719,0.0001563653969290829,8.085639213697187e-07,0.41122,0.0030445755581074985,50000,1.0303105742391099
34,17,6.0,fit,1265,sim,clean,wiener,8.825138637955135e-05,8.891990590678271e-05,6.435029921426977e-07,0.66518,0.0024230533043420955,50000,1.0075751730897031
31,27,30.0,fit,1276,sim,clean,wiener,5.616131937922496e-05,5.7544845624161274e-05,5.364484410282844e-07,0.78332,0.0020199489101280013,50000,1.024634860082153
34,9,2.0,fit,1270,sim,clean,wiener,0.00013003442162873405,0.0001324742472505267,7.640525187150658e-07,0.50118,0.0028769718288316885,50000,1.018762921319085
31,29,40.0,fit,1276,sim,clean,wiener,5.3106443909957664e-05,5.480410902253055e-05,5.242471108897611e-07,0.79364,0.0019740058862873886,50000,1.031967215041762
34,13,4.0,fit,1266,sim,clean,wiener,0.00010212678253438735,0.0001033618881157632,6.938452244352756e-07,0.6108,0.0026126125042120448,50000,1.0120938460091011
34,3,1.0,fit,1271,sim,clean,wiener,0.00017127996557513332,0.00017951293590177022,8.120703679668788e-07,0.32406,0.003057778771017911,50000,1.0480673282423416
34,15,5.0,fit,1265,sim,clean,wiener,9.34738373993531e-05,9.450760921088254e-05,6.642363267344967e-07,0.64414,0.00250112283238797,50000,1.011059477606689
34,1,0.6,fit,1276,sim,clean,wiener,0.0001973219138674475,0.00020756299402814975,7.388108037663063e-07,0.21844,0.00278192639538281,50000,1.0519003690972801
31,25,26.0,fit,1277,sim,clean,wiener,5.4968414775128034e-05,5.660470923174144e-05,5.326289613892124e-07,0.78686,0.0020055669991294145,50000,1.0297679033187945
34,7,1.8,fit,1271,sim,clean,wiener,0.00013830413411937463,0.0001398997312991309,7.916400373587086e-07,0.47322,0.002980850177532909,50000,1.0115368726315805
34,5,1.4,fit,1271,sim,clean,wiener,0.0001517653034324719,0.00015564303224338175,8.094137527237628e-07,0.41394,0.0030477755225143356,50000,1.0255508256710022
34,11,3.0,fit,1266,sim,clean,wiener,0.00011406749493053697,0.00011584923646931713,7.28114696389322e-07,0.56378,0.00274165115402441,50000,1.0156200637163564
34,17,6.0,fit,1266,sim,clean,wiener,8.825138637955135e-05,8.910580858324992e-05,6.491298121722222e-07,0.66448,0.0024442405948938914,50000,1.0096816859060307
31,27,30.0,fit,1277,sim,clean,wiener,5.616131937922496e-05,5.759264916953857e-05,5.377751910084447e-07,0.78314,0.002024944669219593,50000,1.0254860428162071
31,29,40.0,fit,1277,sim,clean,wiener,5.3106443909957664e-05,5.4841289557824e-05,5.26109936864071e-07,0.7935,0.0019810201918734997,50000,1.0326673284848027
34,9,2.0,fit,1271,sim,clean,wiener,0.00013003442162873405,0.000131125124969879,7.669161616556589e-07,0.50626,0.002887754621723693,50000,1.0083878047634116
34,3,1.0,fit,1272,sim,clean,wiener,0.00017127996557513332,0.00017960323148748288,8.270070443240142e-07,0.32372,0.0031140214978505154,50000,1.0485945094886098
34,13,4.0,fit,1267,sim,clean,wiener,0.00010212678253438735,0.00010327690403509248,6.902368678662046e-07,0.61112,0.002599025558363014,50000,1.0112617030730198
34,15,5.0,fit,1266,sim,clean,wiener,9.34738373993531e-05,9.419423041340927e-05,6.627520724450098e-07,0.64532,0.002495534004823004,50000,1.007706894614569
34,1,0.6,fit,1277,sim,clean,wiener,0.0001973219138674475,0.0002067981373021133,7.354896528683291e-07,0.22132,0.002769420896953398,50000,1.04802418164782
31,25,26.0,fit,1278,sim,clean,wiener,5.4968414775128034e-05,5.6679070302328335e-05,5.334359651128926e-07,0.78658,0.0020086056999018363,50000,1.0311206996635882
34,7,1.8,fit,1272,sim,clean,wiener,0.00013830413411937463,0.0001414241332461619,7.82107760138369e-07,0.46748,0.00294495723515553,50000,1.022558972272617
34,5,1.4,fit,1272,sim,clean,wiener,0.0001517653034324719,0.00015625385532320256,8.214610033459922e-07,0.41164,0.0030931383736352474,50000,1.0295756130631522
31,27,30.0,fit,1278,sim,clean,wiener,5.616131937922496e-05,5.766701024012544e-05,5.385240046441347e-07,0.78286,0.0020277642603892527,50000,1.0268101048469573
34,11,3.0,fit,1267,sim,clean,wiener,0.00011406749493053697,0.00011559428422730495,7.282417189429912e-07,0.56474,0.002742129446156929,50000,1.0133849638558095
34,17,6.0,fit,1267,sim,clean,wiener,8.825138637955135e-05,8.911643159333375e-05,6.472348449444049e-07,0.66444,0.0024371052642753127,50000,1.0098020580669635
31,29,40.0,fit,1278,sim,clean,wiener,5.3106443909957664e-05,5.508030728471041e-05,5.262940561461659e-07,0.7926,0.001981713476660549,50000,1.0371680577614921
34,9,2.0,fit,1272,sim,clean,wiener,0.00013003442162873405,0.00013272919949253888,7.69343114211559e-07,0.50022,0.0028968930957974097,50000,1.020723573266614
34,3,1.0,fit,1273,sim,clean,wiener,0.00017127996557513332,0.00018050087583956734,8.211708238298128e-07,0.32034,0.0030920457284663574,50000,1.0538353112897445
34,13,4.0,fit,1268,sim,clean,wiener,0.00010212678253438735,0.00010343624918635009,6.85714409025379e-07,0.61052,0.002581996641680707,50000,1.0128219710781727
34,1,0.6,fit,1278,sim,clean,wiener,0.0001973219138674475,0.00020767453563403008,7.490938213970895e-07,0.21802,0.002820646184028877,50000,1.0524656464336597
34,15,5.0,fit,1267,sim,clean,wiener,9.34738373993531e-05,9.41995419184512e-05,6.586635547825233e-07,0.6453,0.0024801390550668856,50000,1.0077637180551136
31,25,26.0,fit,1279,sim,clean,wiener,5.4968414775128034e-05,5.64347410704e-05,5.323670960901734e-07,0.7875,0.0020045809686278057,50000,1.0266757973878382
34,7,1.8,fit,1273,sim,clean,wiener,0.00013830413411937463,0.00014041494728819713,7.788895021301273e-07,0.47128,0.002932839170754415,50000,1.0152621118830807
34,5,1.4,fit,1273,sim,clean,wiener,0.0001517653034324719,0.00015637601993916673,8.139124152257626e-07,0.41118,0.00306471483619848,50000,1.030380570541582
31,27,30.0,fit,1279,sim,clean,wiener,5.616131937922496e-05,5.761920669474817e-05,5.385097863898575e-07,0.78304,0.0020277107228168887,50000,1.0259589221129037
31,29,40.0,fit,1279,sim,clean,wiener,5.3106443909957664e-05,5.458102581076993e-05,5.2518129585987e-07,0.79448,0.001977523476735806,50000,1.027766534383519
34,9,2.0,fit,1273,sim,clean,wiener,0.00013003442162873405,0.00013145974978752,7.672112481743952e-07,0.505,0.002888865743774439,50000,1.0109611604445432
34,11,3.0,fit,1268,sim,clean,wiener,0.00011406749493053697,0.00011655566663989248,7.324768200815437e-07,0.56112,0.0027580763429597287,50000,1.0218131529132881
34,17,6.0,fit,1268,sim,clean,wiener,8.825138637955135e-05,8.93926298555136e-05,6.460086358932147e-07,0.6634,0.0024324880831128643,50000,1.0129317342512216
34,3,1.0,fit,1274,sim,clean,wiener,0.00017127996557513332,0.00017855155348918273,8.230039116053615e-07,0.32768,0.003098948057508998,50000,1.0424543985026649
34,1,0.6,fit,1279,sim,clean,wiener,0.0001973219138674475,0.0002063201018483405,7.389328806856379e-07,0.22312,0.002782386065168937,50000,1.0456015644919072
34,13,4.0,fit,1269,sim,clean,wiener,0.00010212678253438735,0.00010263421192502017,6.868721020295224e-07,0.61354,0.0025863558317596263,50000,1.0049686221189036
34,15,5.0,fit,1268,sim,clean,wiener,9.34738373993531e-05,9.490597208902656e-05,6.627079199139397e-07,0.64264,0.0024953677523927736,50000,1.01532123564752
31,25,26.0,fit,1280,sim,clean,wiener,5.4968414775128034e-05,5.572831089982464e-05,5.298968806983723e-07,0.79016,0.0019952795921919166,50000,1.013824232112301
34,7,1.8,fit,1274,sim,clean,wiener,0.00013830413411937463,0.00013985723925879551,7.933631997246525e-07,0.47338,0.0029873385922189314,50000,1.0112296364046527
34,5,1.4,fit,1274,sim,clean,wiener,0.0001517653034324719,0.00015560585170808832,8.085852036532488e-07,0.41408,0.0030446556946539653,50000,1.0253058386123497
31,27,30.0,fit,1280,sim,clean,wiener,5.616131937922496e-05,5.687559598887936e-05,5.347290861470629e-07,0.78584,0.002013474832187185,50000,1.0127183018053993
31,29,40.0,fit,1280,sim,clean,wiener,5.3106443909957664e-05,5.418266293262591e-05,5.242783845085066e-07,0.79598,0.0019741236443182996,50000,1.02026531892237
34,9,2.0,fit,1274,sim,clean,wiener,0.00013003442162873405,0.00013088610724299262,7.654585434882936e-07,0.50716,0.0028822660901084117,50000,1.0065496935626033
34,3,1.0,fit,1275,sim,clean,wiener,0.00017127996557513332,0.00017906145797320702,8.071207996732089e-07,0.32576,0.0030391416116643706,50000,1.0454314220110015
34,11,3.0,fit,1269,sim,clean,wiener,0.00011406749493053697,0.00011501533017773568,7.243238681231246e-07,0.56692,0.0027273771272230455,50000,1.0083094245891513
34,17,6.0,fit,1269,sim,clean,wiener,8.825138637955135e-05,8.847905098830336e-05,6.406739160525443e-07,0.66684,0.002412400669852151,50000,1.0025797284109834
34,1,0.6,fit,1280,sim,clean,wiener,0.0001973219138674475,0.00020735053382647296,7.423318942037502e-07,0.21924,0.002795184748371857,50000,1.0508236503613189
34,13,4.0,fit,1270,sim,clean,wiener,0.00010212678253438735,0.00010342031467122431,6.929632935721216e-07,0.61058,0.0026092916719575574,50000,1.012665944277657
34,15,5.0,fit,1269,sim,clean,wiener,9.34738373993531e-05,9.403488526215166e-05,6.571198485262255e-07,0.64592,0.002474326366406649,50000,1.0060021913982367
31,25,26.0,fit,1281,sim,clean,wiener,5.4968414775128034e-05,5.67799888981248e-05,5.348400817951785e-07,0.7862,0.002013892776431762,50000,1.0329566375600931
34,7,1.8,fit,1275,sim,clean,wiener,0.00013830413411937463,0.000141020458862976,7.820788558269643e-07,0.469,0.00294484839854076,50000,1.0196402281168024
34,5,1.4,fit,1275,sim,clean,wiener,0.0001517653034324719,0.00015638133144420865,8.113435440010899e-07,0.41116,0.003055041979995206,50000,1.0304155686928183
31,27,30.0,fit,1281,sim,clean,wiener,5.616131937922496e-05,5.811317666364672e-05,5.400230725488703e-07,0.78118,0.0020334088673053885,50000,1.03475447703146
31,29,40.0,fit,1281,sim,clean,wiener,5.3106443909957664e-05,5.500594621412351e-05,5.271887393882883e-07,0.79288,0.001985082326864253,50000,1.0357678308754106
34,9,2.0,fit,1275,sim,clean,wiener,0.00013003442162873405,0.00013285667561354494,7.682593828767018e-07,0.49974,0.0028928124018084028,50000,1.0217038992403782
34,3,1.0,fit,1276,sim,clean,wiener,0.00017127996557513332,0.0001791889340942131,8.067355393067311e-07,0.32528,0.003037690948007131,50000,1.0461756778880857
34,17,6.0,fit,1270,sim,clean,wiener,8.825138637955135e-05,8.8834921826112e-05,6.450103187717037e-07,0.6655,0.0024287290087502043,50000,1.006612195802239
34,11,3.0,fit,1270,sim,clean,wiener,0.00011406749493053697,0.00011590766302477826,7.309885494935794e-07,0.56356,0.0027524723923799273,50000,1.0161322741010652
34,1,0.6,fit,1281,sim,clean,wiener,0.0001973219138674475,0.0002073399108163891,7.304818367934889e-07,0.21928,0.0027505644107585553,50000,1.0507698144245208
34,13,4.0,fit,1271,sim,clean,wiener,0.00010212678253438735,0.00010183748616873217,6.875741007126543e-07,0.61654,0.0025889991453876523,50000,0.9971672820931398
31,25,26.0,fit,1282,sim,clean,wiener,5.4968414775128034e-05,5.6679070302328335e-05,5.334048727244248e-07,0.78658,0.002008488624277423,50000,1.0311206996635882
34,7,1.8,fit,1276,sim,clean,wiener,0.00013830413411937463,0.00014167908548817407,7.776915155675197e-07,0.46652,0.0029283282588635187,50000,1.024402389634184
34,15,5.0,fit,1270,sim,clean,wiener,9.34738373993531e-05,9.48369225234816e-05,6.661018292058614e-07,0.6429,0.0025081472160857795,50000,1.0145825309204426
34,5,1.4,fit,1276,sim,clean,wiener,0.0001517653034324719,0.00015639195445429248,7.968724485511821e-07,0.41112,0.003000552356674895,50000,1.0304855649952902
31,27,30.0,fit,1282,sim,clean,wiener,5.616131937922496e-05,5.7921962482137586e-05,5.398245915599046e-07,0.7819,0.002032661504787988,50000,1.0313497460952443
31,29,40.0,fit,1282,sim,clean,wiener,5.3106443909957664e-05,5.5048438254458886e-05,5.287776421486599e-07,0.79272,0.0019910651989422483,50000,1.0365679605246
34,9,2.0,fit,1276,sim,clean,wiener,0.00013003442162873405,0.0001332709730068147,7.794710002911485e-07,0.49818,0.002935028750379895,50000,1.0248899586551123
34,3,1.0,fit,1277,sim,clean,wiener,0.00017127996557513332,0.00018042651476898048,8.205627552303233e-07,0.32062,0.0030897561002171496,50000,1.053401162028112
34,1,0.6,fit,1282,sim,clean,wiener,0.0001973219138674475,0.00020652725054497536,7.471305107651593e-07,0.22234,0.002813253512398388,50000,1.0466513652594693
34,17,6.0,fit,1271,sim,clean,wiener,8.825138637955135e-05,8.822409874629121e-05,6.474630431724432e-07,0.6678,0.0024379645244143404,50000,0.9996907965485916
34,11,3.0,fit,1271,sim,clean,wiener,0.00011406749493053697,0.00011429827699707648,7.198636674568928e-07,0.56962,0.0027105826381619205,50000,1.0020232062313637
31,25,26.0,fit,1283,sim,clean,wiener,5.4968414775128034e-05,5.5807983475453436e-05,5.292156757388312e-07,0.78986,0.0019927145754813427,50000,1.0152736567674367
34,13,4.0,fit,1272,sim,clean,wiener,0.00010212678253438735,0.00010359028283256575,6.915620965446819e-07,0.60994,0.002604015589128374,50000,1.01433023014982
34,7,1.8,fit,1277,sim,clean,wiener,0.00013830413411937463,0.00014205620234615038,7.817872511226111e-07,0.4651,0.0029437503869525128,50000,1.0271291111481688
34,5,1.4,fit,1277,sim,clean,wiener,0.0001517653034324719,0.00015758173158368256,8.114219676341837e-07,0.40664,0.0030553372772131318,50000,1.0383251508721734
34,15,5.0,fit,1271,sim,clean,wiener,9.34738373993531e-05,9.288228866805505e-05,6.615553474061991e-07,0.65026,0.0024910278430878056,50000,0.9936715048000999
31,27,30.0,fit,1283,sim,clean,wiener,5.616131937922496e-05,5.6806546423334394e-05,5.347503099506071e-07,0.7861,0.002013554748532464,50000,1.011488815633988
31,29,40.0,fit,1283,sim,clean,wiener,5.3106443909957664e-05,5.427827002338048e-05,5.247582508832854e-07,0.79562,0.001975930538488564,50000,1.022065610633046
34,9,2.0,fit,1277,sim,clean,wiener,0.00013003442162873405,0.0001336374668547072,7.604777093735265e-07,0.4968,0.002863511202085311,50000,1.027708395829685
34,3,1.0,fit,1278,sim,clean,wiener,0.00017127996557513332,0.0001806708440009088,7.970224053266229e-07,0.3197,0.0030011170055804586,50000,1.0548276524591904
34,1,0.6,fit,1283,sim,clean,wiener,0.0001973219138674475,0.00020780201175503614,7.516458187454099e-07,0.21754,0.002830255503150969,50000,1.0531116776752363
34,17,6.0,fit,1272,sim,clean,wiener,8.825138637955135e-05,8.89145944017408e-05,6.48886153273902e-07,0.6652,0.0024433231189754947,50000,1.0075149870092366
34,11,3.0,fit,1272,sim,clean,wiener,0.00011406749493053697,0.00011578018690377216,7.294475394790296e-07,0.56404,0.0027466698561782756,50000,1.0150147241707916
34,19,8.0,fit,1234,sim,clean,wiener,8.141608945771297e-05,8.307725036067072e-05,6.30754395110992e-07,0.68718,0.002375049595671615,50000,1.0204033491908322
34,7,1.8,fit,1278,sim,clean,wiener,0.00013830413411937463,0.0001424014501738752,7.880537045430073e-07,0.4638,0.0029673461601691037,50000,1.0296254054919578
34,13,4.0,fit,1273,sim,clean,wiener,0.00010212678253438735,0.00010213493045107969,6.933134730971331e-07,0.61542,0.0026106102418252232,50000,1.000079782369425
34,21,10.0,fit,1234,sim,clean,wiener,7.773303537381871e-05,7.901926050864384e-05,6.145167703125723e-07,0.70246,0.002313908263148093,50000,1.0165466989503198
34,23,20.0,fit,1234,sim,clean,wiener,6.796560506964526e-05,6.889022039370239e-05,5.742505882515587e-07,0.7406,0.002162289534583512,50000,1.013604165270208
34,5,1.4,fit,1278,sim,clean,wiener,0.0001517653034324719,0.00015755517405847296,8.003020545937807e-07,0.40674,0.0030134662333088477,50000,1.038150160115993
34,15,5.0,fit,1272,sim,clean,wiener,9.34738373993531e-05,9.470944640247554e-05,6.664274122720905e-07,0.64338,0.002509373170174722,50000,1.013218768347377
34,9,2.0,fit,1278,sim,clean,wiener,0.00013003442162873405,0.0001331063163505152,7.652958789498513e-07,0.4988,0.0028816535912510877,50000,1.0236237042723335
34,3,1.0,fit,1279,sim,clean,wiener,0.00017127996557513332,0.0001792101801143808,8.196198165192989e-07,0.3252,0.0030862055483355925,50000,1.0462997205342668
34,25,26.0,fit,1234,sim,clean,wiener,6.564503326482636e-05,6.699932459877886e-05,5.653510739498374e-07,0.74772,0.0021287792047184977,50000,1.0206305224721115
34,19,8.0,fit,1235,sim,clean,wiener,8.141608945771297e-05,8.154753690859775e-05,6.261856890040237e-07,0.69294,0.0023578465390203997,50000,1.0016145144253465
34,11,3.0,fit,1273,sim,clean,wiener,0.00011406749493053697,0.00011480818148110081,7.309520242793514e-07,0.5677,0.002752334859933136,50000,1.0064934059524573
34,7,1.8,fit,1279,sim,clean,wiener,0.00013830413411937463,0.00014217836696211458,7.747461788142135e-07,0.46464,0.002917237855182977,50000,1.0280124153005865
34,17,6.0,fit,1273,sim,clean,wiener,8.825138637955135e-05,8.796914650427903e-05,6.454924717890033e-07,0.66876,0.00243054451306958,50000,0.9968018646861991
34,21,10.0,fit,1235,sim,clean,wiener,7.773303537381871e-05,7.742049749102591e-05,6.120176427783904e-07,0.70848,0.00230449802061059,50000,0.9959793428715372
34,13,4.0,fit,1274,sim,clean,wiener,0.00010212678253438735,0.00010189591272419328,6.874336292528644e-07,0.61632,0.0025884702125948517,50000,0.9977393803616956
34,23,20.0,fit,1235,sim,clean,wiener,6.796560506964526e-05,6.751985209288704e-05,5.727963687625738e-07,0.74576,0.002156813800389502,50000,0.9934414918207313
34,5,1.4,fit,1279,sim,clean,wiener,0.0001517653034324719,0.0001578101263004851,8.094293361915016e-07,0.40578,0.003047834200676611,50000,1.039830071375325
34,15,5.0,fit,1273,sim,clean,wiener,9.34738373993531e-05,9.375868699997184e-05,6.63360067207549e-07,0.64696,0.0024978233550457403,50000,1.0030473724899274
34,9,2.0,fit,1279,sim,clean,wiener,0.00013003442162873405,0.00013295759420934143,7.622509465756792e-07,0.49936,0.002870188169115024,50000,1.0224799906362751
34,25,26.0,fit,1235,sim,clean,wiener,6.564503326482636e-05,6.55705297425024e-05,5.643886296982888e-07,0.7531,0.0021251552064582954,50000,0.9988650546946424
34,3,1.0,fit,1280,sim,clean,wiener,0.00017127996557513332,0.00017945450934630911,8.177195363273823e-07,0.32428,0.003079050212223063,50000,1.0477262109653447
34,19,8.0,fit,1236,sim,clean,wiener,8.141608945771297e-05,8.186622721111295e-05,6.207538399306969e-07,0.69174,0.002337393394269686,50000,1.0055288550014894
34,11,3.0,fit,1274,sim,clean,wiener,0.00011406749493053697,0.00011450011418866943,7.261906732584527e-07,0.56886,0.0027344064159861917,50000,1.0037926602876297
34,21,10.0,fit,1236,sim,clean,wiener,7.773303537381871e-05,7.82968958229427e-05,6.067871850756649e-07,0.70518,0.002284803197160569,50000,1.0072538071672152
34,7,1.8,fit,1280,sim,clean,wiener,0.00013830413411937463,0.00014127009959994625,7.844169768347386e-07,0.46806,0.002953652385317846,50000,1.0214452409500037
34,23,20.0,fit,1236,sim,clean,wiener,6.796560506964526e-05,6.809880614245631e-05,5.730190445062623e-07,0.74358,0.0021576522661047033,50000,1.0019598306036495
34,17,6.0,fit,1274,sim,clean,wiener,8.825138637955135e-05,8.835157486729727e-05,6.452382735743207e-07,0.66732,0.002429587352292451,50000,1.0011352624797873
34,13,4.0,fit,1275,sim,clean,wiener,0.00010212678253438735,0.00010278824557123585,6.894581008079052e-07,0.61296,0.002596093180243618,50000,1.0064768811905513
34,5,1.4,fit,1280,sim,clean,wiener,0.0001517653034324719,0.000156089198666903,8.12898116800811e-07,0.41226,0.0030608955856585803,50000,1.0284906703748333
34,15,5.0,fit,1274,sim,clean,wiener,9.34738373993531e-05,9.356747281846271e-05,6.646513935217659e-07,0.64768,0.0025026857294726695,50000,1.0010017286303285
34,9,2.0,fit,1280,sim,clean,wiener,0.00013003442162873405,0.0001327610685227904,7.69902657821198e-07,0.5001,0.002899000007511596,50000,1.020968654760055
34,25,26.0,fit,1236,sim,clean,wiener,6.564503326482636e-05,6.59742041256883e-05,5.655254546880579e-07,0.75158,0.0021294358198844223,50000,1.0050144061856745
34,3,1.0,fit,1281,sim,clean,wiener,0.00017127996557513332,0.00018047431831435775,8.172199401053618e-07,0.32044,0.0030771690270671517,50000,1.0536802579820186
34,19,8.0,fit,1237,sim,clean,wiener,8.141608945771297e-05,8.16378324943104e-05,6.23562131168515e-07,0.6926,0.002347967765246101,50000,1.0027235775885872
34,21,10.0,fit,1237,sim,clean,wiener,7.773303537381871e-05,7.828096130781696e-05,6.098531446448632e-07,0.70524,0.0022963477953300174,50000,1.007048816907294
34,7,1.8,fit,1281,sim,clean,wiener,0.00013830413411937463,0.00014087173672180223,7.86137216565428e-07,0.46956,0.0029601297950806638,50000,1.018564901322555
34,23,20.0,fit,1237,sim,clean,wiener,6.796560506964526e-05,6.846529999034881e-05,5.722701254686122e-07,0.7422,0.0021548322780533345,50000,1.0073521735029285
34,11,3.0,fit,1275,sim,clean,wiener,0.00011406749493053697,0.00011552523466176001,7.215211168528395e-07,0.565,0.0027168236165018285,50000,1.012779624310245
34,17,6.0,fit,1275,sim,clean,wiener,8.825138637955135e-05,8.932889179501056e-05,6.43863758205527e-07,0.66364,0.0024244117368766856,50000,1.0122095012856236
34,5,1.4,fit,1281,sim,clean,wiener,0.0001517653034324719,0.00015681156335260415,8.197419823803126e-07,0.40954,0.003086665553023716,50000,1.033250418942941
34,13,4.0,fit,1276,sim,clean,wiener,0.00010212678253438735,0.00010422235193255424,6.919464275708014e-07,0.60756,0.0026054627534371198,50000,1.0205192932369263
34,15,5.0,fit,1275,sim,clean,wiener,9.34738373993531e-05,9.376931001005566e-05,6.618911971659151e-07,0.64692,0.002492292455498282,50000,1.003161019371016
34,25,26.0,fit,1237,sim,clean,wiener,6.564503326482636e-05,6.631945195341313e-05,5.636958361822976e-07,0.75028,0.002122546554068725,50000,1.0102737199608998
34,9,2.0,fit,1281,sim,clean,wiener,0.00013003442162873405,0.00013211837641271808,7.669435128664833e-07,0.50252,0.0028878576102763106,50000,1.0160261779756594
34,3,1.0,fit,1282,sim,clean,wiener,0.00017127996557513332,0.00018026185811268096,8.083259348945685e-07,0.32124,0.0030436794411942245,50000,1.0524398315202117
34,19,8.0,fit,1238,sim,clean,wiener,8.141608945771297e-05,8.19034077464064e-05,6.260240728000605e-07,0.6916,0.0023572379875733515,50000,1.005985528068706
34,21,10.0,fit,1238,sim,clean,wiener,7.773303537381871e-05,7.850404451957759e-05,6.124876125475884e-07,0.7044,0.0023062676499924274,50000,1.0099186805461937
34,23,20.0,fit,1238,sim,clean,wiener,6.796560506964526e-05,6.893802393907969e-05,5.770979896683132e-07,0.74042,0.002173011171461504,50000,1.0143075143440272
34,7,1.8,fit,1282,sim,clean,wiener,0.00013830413411937463,0.00014147193679153917,7.76025218573474e-07,0.4673,0.0029220539656795914,50000,1.0229046130279107
34,11,3.0,fit,1276,sim,clean,wiener,0.00011406749493053697,0.00011644412503401214,7.24074324770887e-07,0.56154,0.002726437493916598,50000,1.0208352967242986
34,5,1.4,fit,1282,sim,clean,wiener,0.0001517653034324719,0.00015625916682824448,8.028620978584954e-07,0.41162,0.0030231058486137755,50000,1.0296106112143881
34,17,6.0,fit,1276,sim,clean,wiener,8.825138637955135e-05,8.904207052274688e-05,6.486172153082109e-07,0.66472,0.0024423104569764246,50000,1.0089594529404327
34,13,4.0,fit,1277,sim,clean,wiener,0.00010212678253438735,0.00010456759976027903,6.930900551497619e-07,0.60626,0.0026097689814080422,50000,1.0238998739147571
34,25,26.0,fit,1238,sim,clean,wiener,6.564503326482636e-05,6.661158473071872e-05,5.652446440846286e-07,0.74918,0.0021283784525235215,50000,1.014723908539936
34,9,2.0,fit,1282,sim,clean,wiener,0.00013003442162873405,0.0001318528011606221,7.578910617074962e-07,0.50352,0.002853771410272574,50000,1.0139838321969836
34,15,5.0,fit,1276,sim,clean,wiener,9.34738373993531e-05,9.501220218986495e-05,6.656597210067453e-07,0.64224,0.002506482496968968,50000,1.0164577044584082
34,3,1.0,fit,1283,sim,clean,wiener,0.00017127996557513332,0.00017983693770932735,8.06502188041764e-07,0.32284,0.0030368122845656946,50000,1.0499589785965975
34,19,8.0,fit,1239,sim,clean,wiener,8.141608945771297e-05,8.200432634220289e-05,6.209470276148745e-07,0.69122,0.002338120825318524,50000,1.0072250692511515
34,21,10.0,fit,1239,sim,clean,wiener,7.773303537381871e-05,7.814286217672702e-05,6.091208879390755e-07,0.70576,0.0022935905478078614,50000,1.0052722346546414
34,23,20.0,fit,1239,sim,clean,wiener,6.796560506964526e-05,6.800851055674367e-05,5.704505844908339e-07,0.74392,0.0021479809582732796,50000,1.0006312823531027
34,7,1.8,fit,1283,sim,clean,wiener,0.00013830413411937463,0.0001424492537192525,7.830568652326436e-07,0.46362,0.0029485310060049746,50000,1.0299710462472518
34,11,3.0,fit,1277,sim,clean,wiener,0.00011406749493053697,0.00011689560296257536,7.257905248387527e-07,0.55984,0.0027328996926882115,50000,1.0247932860606837
34,5,1.4,fit,1283,sim,clean,wiener,0.0001517653034324719,0.0001573320908467123,8.101796962881682e-07,0.40758,0.003050659614907585,50000,1.0366802377640774
34,17,6.0,fit,1277,sim,clean,wiener,8.825138637955135e-05,8.947761393618432e-05,6.444065527731308e-07,0.66308,0.002426455581562212,50000,1.0138947115386858
34,25,26.0,fit,1239,sim,clean,wiener,6.564503326482636e-05,6.596889262064639e-05,5.618893727415199e-07,0.7516,0.002115744476591548,50000,1.0049334936660557
34,9,2.0,fit,1283,sim,clean,wiener,0.00013003442162873405,0.00013275044551270653,7.664211492898901e-07,0.50014,0.0028858906966709556,50000,1.0208869609289077
34,13,4.0,fit,1278,sim,clean,wiener,0.00010212678253438735,0.00010262890041997824,6.897162499920696e-07,0.61356,0.0025970652180450585,50000,1.0049166131853984
34,15,5.0,fit,1277,sim,clean,wiener,9.34738373993531e-05,9.527246593691902e-05,6.655891469042807e-07,0.64126,0.0025062167564607407,50000,1.019242053045084
34,27,30.0,fit,1234,sim,clean,wiener,6.310364759082243e-05,6.434357207781889e-05,5.572783741346162e-07,0.75772,0.0020983821712919682,50000,1.0196490145076302
34,19,8.0,fit,1240,sim,clean,wiener,8.141608945771297e-05,8.196714580690944e-05,6.304578250600468e-07,0.69136,0.0023739328875122343,50000,1.0067683961839347
34,21,10.0,fit,1240,sim,clean,wiener,7.773303537381871e-05,7.826502679269119e-05,6.100900841893542e-07,0.7053,0.0022972399701189747,50000,1.0068438266473723
34,23,20.0,fit,1240,sim,clean,wiener,6.796560506964526e-05,6.835906988951039e-05,5.716203479222847e-07,0.7426,0.0021523855984730673,50000,1.0057891755611084
34,29,40.0,fit,1234,sim,clean,wiener,6.311160983865928e-05,6.432232605765119e-05,5.578273765310438e-07,0.7578,0.0021004493910050047,50000,1.0191837321546229
34,25,26.0,fit,1240,sim,clean,wiener,6.564503326482636e-05,6.590515456014337e-05,5.632375904501914e-07,0.75184,0.0021208210705061952,50000,1.0039625434306299
71,1,0.6,fit,1234,sim,clean,wiener,0.00013958040488298,0.00014281574756714495,8.004549328106822e-07,0.46224,0.003014041882642492,50000,1.0231790607490885
34,11,3.0,fit,1278,sim,clean,wiener,0.00011406749493053697,0.000115658022287808,7.310477384573747e-07,0.5645,0.0027526952631607257,50000,1.0139437388209462
34,17,6.0,fit,1278,sim,clean,wiener,8.825138637955135e-05,8.904207052274688e-05,6.4530840668633e-07,0.66472,0.002429851432290326,50000,1.0089594529404327
34,13,4.0,fit,1279,sim,clean,wiener,0.00010212678253438735,0.00010393553066029057,6.840303839780215e-07,0.60864,0.0025756555950881997,50000,1.0177108108276514
71,3,1.0,fit,1234,sim,clean,wiener,6.799598191576634e-05,7.06695745827456e-05,5.892685205342267e-07,0.7339,0.002218838223379407,50000,1.0393198626102835
34,19,8.0,fit,1241,sim,clean,wiener,8.141608945771297e-05,8.170157055481345e-05,6.229813094255984e-07,0.69236,0.002345780732612855,50000,1.0035064457038156
34,27,30.0,fit,1235,sim,clean,wiener,6.310364759082243e-05,6.312723742321921e-05,5.543762512450235e-07,0.7623,0.002087454485573181,50000,1.0003738267643376
34,21,10.0,fit,1241,sim,clean,wiener,7.773303537381871e-05,7.778699133891842e-05,6.073678959858336e-07,0.7071,0.0022869898124629573,50000,1.00069411884973
34,15,5.0,fit,1278,sim,clean,wiener,9.34738373993531e-05,9.436951007979263e-05,6.667745412657552e-07,0.64466,0.002510680253537818,50000,1.0095820681525345
34,23,20.0,fit,1241,sim,clean,wiener,6.796560506964526e-05,6.781729637523457e-05,5.720629017945609e-07,0.74464,0.002154051995732539,50000,0.9978178860578271
34,29,40.0,fit,1235,sim,clean,wiener,6.311160983865928e-05,6.323877902909952e-05,5.544740904665793e-07,0.76188,0.0020878228904632587,50000,1.0020149888549086
34,25,26.0,fit,1241,sim,clean,wiener,6.564503326482636e-05,6.553334920720895e-05,5.639679158576228e-07,0.75324,0.0021235710458960984,50000,0.9982986670573103
71,1,0.6,fit,1235,sim,clean,wiener,0.00013958040488298,0.0001429113546578995,8.027531088066894e-07,0.46188,0.0030226954600292,50000,1.0238640214413481
34,11,3.0,fit,1279,sim,clean,wiener,0.00011406749493053697,0.00011669907727602433,7.215599794170871e-07,0.56058,0.0027169699500323094,50000,1.0230703965848456
34,17,6.0,fit,1279,sim,clean,wiener,8.825138637955135e-05,8.982817326895103e-05,6.522946594256788e-07,0.66176,0.0024561575458465074,50000,1.0178669928494748
34,19,8.0,fit,1242,sim,clean,wiener,8.141608945771297e-05,8.12713386464179e-05,6.238803906493815e-07,0.69398,0.002349166143025486,50000,0.9982220859260226
34,13,4.0,fit,1280,sim,clean,wiener,0.00010212678253438735,0.00010316536242921216,6.904330561985334e-07,0.61154,0.002599764288085684,50000,1.0101695154694128
71,3,1.0,fit,1235,sim,clean,wiener,6.799598191576634e-05,6.940012487772672e-05,5.899292573050567e-07,0.73868,0.0022213261689451747,50000,1.0206503814254766
34,21,10.0,fit,1242,sim,clean,wiener,7.773303537381871e-05,7.805256659101441e-05,6.131250364397105e-07,0.7061,0.0023086678129861224,50000,1.0041106231817538
34,27,30.0,fit,1236,sim,clean,wiener,6.310364759082243e-05,6.352028879632126e-05,5.566515255457342e-07,0.76082,0.0020960218286623943,50000,1.0066024900525627
34,23,20.0,fit,1242,sim,clean,wiener,6.796560506964526e-05,6.817847871808511e-05,5.73454849004034e-07,0.74328,0.0021592932491945518,50000,1.0031320790600144
34,15,5.0,fit,1279,sim,clean,wiener,9.34738373993531e-05,9.50228251999488e-05,6.619022154479818e-07,0.6422,0.002492333943859791,50000,1.0165713513394972
34,25,26.0,fit,1242,sim,clean,wiener,6.564503326482636e-05,6.589453155005952e-05,5.636394295570627e-07,0.75188,0.0021223341599364036,50000,1.003800718391392
34,29,40.0,fit,1236,sim,clean,wiener,6.311160983865928e-05,6.344061622069248e-05,5.565748000196911e-07,0.76112,0.002095732925515593,50000,1.0052130880970123
34,19,8.0,fit,1243,sim,clean,wiener,8.141608945771297e-05,8.196183430186752e-05,6.223926980504625e-07,0.69138,0.002343564368812047,50000,1.0067031571743323
71,1,0.6,fit,1236,sim,clean,wiener,0.00013958040488298,0.0001430335192738637,7.893053348371869e-07,0.46142,0.002972059062761877,50000,1.0247392489925695
34,11,3.0,fit,1280,sim,clean,wiener,0.00011406749493053697,0.00011593422054998785,7.311100971495448e-07,0.56346,0.002752930069271905,50000,1.0163650970032054
34,21,10.0,fit,1243,sim,clean,wiener,7.773303537381871e-05,7.818535421706239e-05,6.125484546021027e-07,0.7056,0.0023064967453393552,50000,1.0058188753477653
71,3,1.0,fit,1236,sim,clean,wiener,6.799598191576634e-05,7.015435859367935e-05,5.87796369252267e-07,0.73584,0.00221329496861323,50000,1.031742709158709
34,17,6.0,fit,1280,sim,clean,wiener,8.825138637955135e-05,8.914830062358526e-05,6.494243564073844e-07,0.66432,0.0024453496750240526,50000,1.0101631745497626
34,13,4.0,fit,1281,sim,clean,wiener,0.00010212678253438735,0.00010300601727795455,6.891703448144099e-07,0.61214,0.0025950096606339244,50000,1.0086092474642598
34,23,20.0,fit,1243,sim,clean,wiener,6.796560506964526e-05,6.770575476935425e-05,5.711772768527036e-07,0.74506,0.0021507172537531274,50000,0.9961767382189163
34,27,30.0,fit,1237,sim,clean,wiener,6.310364759082243e-05,6.359464986690816e-05,5.554915051579395e-07,0.76054,0.0020916538750272587,50000,1.0077808858097947
34,15,5.0,fit,1280,sim,clean,wiener,9.34738373993531e-05,9.458728178651137e-05,6.638652410652463e-07,0.64384,0.0024997255422928967,50000,1.0119118292148555
34,25,26.0,fit,1243,sim,clean,wiener,6.564503326482636e-05,6.533682352065792e-05,5.620543404857098e-07,0.75398,0.002116365647965341,50000,0.9953049038314131
34,29,40.0,fit,1237,sim,clean,wiener,6.311160983865928e-05,6.367963394757888e-05,5.549799461194869e-07,0.76022,0.0020897276449496622,50000,1.009000310883714
34,19,8.0,fit,1244,sim,clean,wiener,8.141608945771297e-05,8.24876733010176e-05,6.289983533604658e-07,0.6894,0.002368437376586188,50000,1.0131618191249678
71,1,0.6,fit,1237,sim,clean,wiener,0.00013958040488298,0.00014219961298228225,7.902947865825678e-07,0.46456,0.0029757847553389216,50000,1.0187648696211917
34,21,10.0,fit,1244,sim,clean,wiener,7.773303537381871e-05,7.841906043890687e-05,6.142988911550582e-07,0.70472,0.002313087858551676,50000,1.008825399159946
34,11,3.0,fit,1281,sim,clean,wiener,0.00011406749493053697,0.00011602451613570049,7.248906624025561e-07,0.56312,0.0027295113406896926,50000,1.0171566948704824
71,3,1.0,fit,1237,sim,clean,wiener,6.799598191576634e-05,6.898582748445695e-05,5.911819074860209e-07,0.74024,0.0022260429118309594,50000,1.0145574126706023
34,23,20.0,fit,1244,sim,clean,wiener,6.796560506964526e-05,6.794477249624063e-05,5.724987158825259e-07,0.74416,0.002155693014933407,50000,0.9996934835880107
34,17,6.0,fit,1281,sim,clean,wiener,8.825138637955135e-05,8.928108824963328e-05,6.452142586588855e-07,0.66382,0.0024294969262634975,50000,1.0116678265614252
34,13,4.0,fit,1282,sim,clean,wiener,0.00010212678253438735,0.00010276168804602623,6.878525899745079e-07,0.61306,0.0025900477719432357,50000,1.0062168365230257
34,27,30.0,fit,1238,sim,clean,wiener,6.310364759082243e-05,6.412048886605823e-05,5.552792463763923e-07,0.75856,0.002090854633456849,50000,1.0161138272359345
34,15,5.0,fit,1281,sim,clean,wiener,9.34738373993531e-05,9.433232954449918e-05,6.618897050544766e-07,0.6448,0.002492286837085321,50000,1.0091843040687236
34,25,26.0,fit,1244,sim,clean,wiener,6.564503326482636e-05,6.551210318704127e-05,5.646774583962567e-07,0.75332,0.0021262427652413087,50000,0.9979750169788351
34,29,40.0,fit,1238,sim,clean,wiener,6.311160983865928e-05,6.409393134084864e-05,5.54756550046743e-07,0.75866,0.0020888864668994456,50000,1.0155648303806637
34,19,8.0,fit,1245,sim,clean,wiener,8.141608945771297e-05,8.138288025229825e-05,6.2438345057119e-07,0.69356,0.002351060370434999,50000,0.9995921051276728
71,1,0.6,fit,1238,sim,clean,wiener,0.00013958040488298,0.00014395240964611586,7.896082246360085e-07,0.45796,0.0029731995673700096,50000,1.0313224823126228
34,21,10.0,fit,1245,sim,clean,wiener,7.773303537381871e-05,7.778167983387648e-05,6.103358510656712e-07,0.70712,0.0022981653834411022,50000,1.0006257887630894
71,3,1.0,fit,1238,sim,clean,wiener,6.799598191576634e-05,7.046773739115264e-05,5.923628110225821e-07,0.73466,0.002230489499106096,50000,1.0363514932168834
34,23,20.0,fit,1245,sim,clean,wiener,6.796560506964526e-05,6.784385390044416e-05,5.700641552237776e-07,0.74454,0.002146525893224837,50000,0.998208635543282
34,11,3.0,fit,1282,sim,clean,wiener,0.00011406749493053697,0.00011511093726849025,7.260504852879099e-07,0.56656,0.0027338785506469464,50000,1.0091475870368565
34,13,4.0,fit,1283,sim,clean,wiener,0.00010212678253438735,0.00010391428464012287,6.885878353953448e-07,0.60872,0.002592816273206189,50000,1.0175027750936307
34,17,6.0,fit,1282,sim,clean,wiener,8.825138637955135e-05,8.913236610845952e-05,6.48876846822716e-07,0.66438,0.002443288076360972,50000,1.0099826163083632
34,27,30.0,fit,1239,sim,clean,wiener,6.310364759082243e-05,6.348310826102784e-05,5.546728736156813e-07,0.76096,0.0020885713907377876,50000,1.006013292173947
34,25,26.0,fit,1245,sim,clean,wiener,6.564503326482636e-05,6.543774211645438e-05,5.611818526252798e-07,0.7536,0.002113080372498052,50000,0.9968422417041709
34,15,5.0,fit,1282,sim,clean,wiener,9.34738373993531e-05,9.38330480705587e-05,6.638351872492557e-07,0.64668,0.002499612377320809,50000,1.003842900657549
34,19,8.0,fit,1246,sim,clean,wiener,8.141608945771297e-05,8.292321671445502e-05,6.223865892513691e-07,0.68776,0.002343541366672182,50000,1.0185114179123629
34,29,40.0,fit,1239,sim,clean,wiener,6.311160983865928e-05,6.353622331144703e-05,5.550674843111684e-07,0.76076,0.0020900572622275927,50000,1.0067279772116928
34,21,10.0,fit,1246,sim,clean,wiener,7.773303537381871e-05,7.890771890276353e-05,6.101421349078141e-07,0.70288,0.0022974359624716094,50000,1.0151117671308698
71,1,0.6,fit,1239,sim,clean,wiener,0.00013958040488298,0.00014275200950664192,7.88950268416393e-07,0.46248,0.0029707220917226267,50000,1.022722420287582
34,23,20.0,fit,1246,sim,clean,wiener,6.796560506964526e-05,6.890084340378624e-05,5.724576001554934e-07,0.74056,0.002155538197318784,50000,1.01376046506439
71,3,1.0,fit,1239,sim,clean,wiener,6.799598191576634e-05,6.910799210042112e-05,5.874855160473962e-07,0.73978,0.0022121244785076296,50000,1.0163540573034497
34,11,3.0,fit,1283,sim,clean,wiener,0.00011406749493053697,0.00011630071439788031,7.237590763476262e-07,0.56208,0.00272525045400692,50000,1.0195780530527412
34,17,6.0,fit,1283,sim,clean,wiener,8.825138637955135e-05,8.999814143029246e-05,6.489380964878385e-07,0.66112,0.002443518706529405,50000,1.0197929474244027
34,27,30.0,fit,1240,sim,clean,wiener,6.310364759082243e-05,6.30741223728e-05,5.534071164963764e-07,0.7625,0.0020838052948409934,50000,0.9995321155091719
71,5,1.4,fit,1234,sim,clean,wiener,9.92573103012812e-05,0.00010070082408976127,6.866244959738122e-07,0.62082,0.0025854234931710113,50000,1.0145431483494616
34,25,26.0,fit,1246,sim,clean,wiener,6.564503326482636e-05,6.672843784164097e-05,5.659318090432124e-07,0.74874,0.002130965911080599,50000,1.0165039839715508
34,15,5.0,fit,1283,sim,clean,wiener,9.34738373993531e-05,9.522997389658368e-05,6.67415024346638e-07,0.64142,0.002513091935634805,50000,1.018787465520729
34,19,8.0,fit,1247,sim,clean,wiener,8.141608945771297e-05,8.215835998841855e-05,6.276330984024298e-07,0.69064,0.002363296630423807,50000,1.0091170005296202
34,21,10.0,fit,1247,sim,clean,wiener,7.773303537381871e-05,7.820128873218817e-05,6.118225852758588e-07,0.70554,0.002303763548926982,50000,1.006023865607687
34,29,40.0,fit,1240,sim,clean,wiener,6.311160983865928e-05,6.331845160472831e-05,5.543935401863789e-07,0.76158,0.0020875195855447294,50000,1.0032773964504758
34,23,20.0,fit,1247,sim,clean,wiener,6.796560506964526e-05,6.741362199204863e-05,5.693513440862324e-07,0.74616,0.002143841866261031,50000,0.9918784938789112
71,1,0.6,fit,1240,sim,clean,wiener,0.00013958040488298,0.00014289542014277374,7.981537713055163e-07,0.46194,0.0030053770635864825,50000,1.0237498613259717
71,3,1.0,fit,1240,sim,clean,wiener,6.799598191576634e-05,6.825815129371392e-05,5.849454928730701e-07,0.74298,0.0022025602470731134,50000,1.0038556598575539
71,7,1.8,fit,1234,sim,clean,wiener,9.558337402007882e-05,9.747142902427391e-05,6.751316272843727e-07,0.63298,0.002542148117929025,50000,1.0197529646086618
34,25,26.0,fit,1247,sim,clean,wiener,6.564503326482636e-05,6.517216686435838e-05,5.617482920203343e-07,0.7546,0.00211521324967913,50000,0.9927966157232287
71,9,2.0,fit,1234,sim,clean,wiener,9.657511710228581e-05,9.833189284106496e-05,6.796765840109761e-07,0.62974,0.0025592617483999863,50000,1.0181907699570116
34,27,30.0,fit,1241,sim,clean,wiener,6.310364759082243e-05,6.304756484759041e-05,5.53845219162021e-07,0.7626,0.0020854549314776416,50000,0.9991112598815891
71,5,1.4,fit,1235,sim,clean,wiener,9.92573103012812e-05,9.927734073852673e-05,6.84043055718323e-07,0.62618,0.0025757033093996855,50000,1.0002018031436146
34,19,8.0,fit,1248,sim,clean,wiener,8.141608945771297e-05,8.091546780860927e-05,6.240799100185887e-07,0.69532,0.0023499174154713656,50000,0.9938510722826631
71,11,3.0,fit,1234,sim,clean,wiener,8.455989516226337e-05,8.664658174884095e-05,6.40956846110616e-07,0.67374,0.0024134660178310712,50000,1.0246770242864351
34,21,10.0,fit,1248,sim,clean,wiener,7.773303537381871e-05,7.7282398359936e-05,6.0821285015637e-07,0.709,0.002290171412268917,50000,0.994202760618885
34,23,20.0,fit,1248,sim,clean,wiener,6.796560506964526e-05,6.814129818279169e-05,5.713668864211511e-07,0.74342,0.002151431211725307,50000,1.0025850297803778
34,29,40.0,fit,1241,sim,clean,wiener,6.311160983865928e-05,6.314848344338687e-05,5.539818284958446e-07,0.76222,0.0020859693217784897,50000,1.0005842602465989
71,1,0.6,fit,1241,sim,clean,wiener,0.00013958040488298,0.00014174813505371902,7.827771935562885e-07,0.46626,0.002947477927172712,50000,1.015530333018853
71,3,1.0,fit,1241,sim,clean,wiener,6.799598191576634e-05,6.970288066511617e-05,5.899877099990459e-07,0.73754,0.0022215462673674784,50000,1.0251029355155772
34,25,26.0,fit,1248,sim,clean,wiener,6.564503326482636e-05,6.528370847023872e-05,5.625398402585901e-07,0.75418,0.0021181937541953026,50000,0.9944957786352249
71,7,1.8,fit,1235,sim,clean,wiener,9.558337402007882e-05,9.678624487386624e-05,6.743436103093929e-07,0.63556,0.0025391809100707608,50000,1.0125845197045957
34,27,30.0,fit,1242,sim,clean,wiener,6.310364759082243e-05,6.34459277257344e-05,5.537943356115599e-07,0.7611,0.0020852633339923355,50000,1.005424094295331
71,5,1.4,fit,1236,sim,clean,wiener,9.92573103012812e-05,0.00010082298870572544,6.822187107830064e-07,0.62036,0.0025688339007446308,50000,1.015773935438023
71,9,2.0,fit,1235,sim,clean,wiener,9.657511710228581e-05,9.743424848898047e-05,6.794315556035145e-07,0.63312,0.002558339115716678,50000,1.0088959911462982
34,19,8.0,fit,1249,sim,clean,wiener,8.141608945771297e-05,8.139350326238207e-05,6.241736510513589e-07,0.69352,0.0023502703889959333,50000,0.9997225831468775
34,21,10.0,fit,1249,sim,clean,wiener,7.773303537381871e-05,7.781354886412801e-05,6.08969841744784e-07,0.707,0.0022930217967924733,50000,1.0010357692829324
71,11,3.0,fit,1235,sim,clean,wiener,8.455989516226337e-05,8.5116868296768e-05,6.327551720284933e-07,0.6795,0.0023825833432693693,50000,1.0065867292460078
34,23,20.0,fit,1249,sim,clean,wiener,6.796560506964526e-05,6.740299898196481e-05,5.693494543329487e-07,0.7462,0.002143834750563055,50000,0.9917221940847295
34,29,40.0,fit,1242,sim,clean,wiener,6.311160983865928e-05,6.342468170556672e-05,5.541409598922208e-07,0.76118,0.0020865685169034888,50000,1.0049606065778989
71,1,0.6,fit,1242,sim,clean,wiener,0.00013958040488298,0.0001422208590024499,7.871002674120032e-07,0.46448,0.002963756077420507,50000,1.0189170831083603
34,25,26.0,fit,1249,sim,clean,wiener,6.564503326482636e-05,6.531026599544832e-05,5.603951640340988e-07,0.75408,0.0021101181665508784,50000,0.9949003412333189
71,3,1.0,fit,1242,sim,clean,wiener,6.799598191576634e-05,6.883710534328319e-05,5.855501377990616e-07,0.7408,0.0022048369837841565,50000,1.0123701931175704
71,7,1.8,fit,1236,sim,clean,wiener,9.558337402007882e-05,9.721647678226177e-05,6.69563572040414e-07,0.63394,0.0025211821009526163,50000,1.0170856362722651
34,27,30.0,fit,1243,sim,clean,wiener,6.310364759082243e-05,6.313786043330302e-05,5.530794529522256e-07,0.76226,0.0020825715068974074,50000,1.0005421690153702
34,19,8.0,fit,1250,sim,clean,wiener,8.141608945771297e-05,8.18768502211968e-05,6.23891751541631e-07,0.6917,0.0023492089214551776,50000,1.0056593330206942
71,5,1.4,fit,1237,sim,clean,wiener,9.92573103012812e-05,0.00010023872315111424,6.864393842114658e-07,0.62256,0.0025847264712878146,50000,1.0098875624057724
34,21,10.0,fit,1250,sim,clean,wiener,7.773303537381871e-05,7.822784625739777e-05,6.093965931155001e-07,0.70544,0.0022946286911372893,50000,1.0063655160408893
34,23,20.0,fit,1250,sim,clean,wiener,6.796560506964526e-05,6.813598667774975e-05,5.732655662967532e-07,0.74344,0.002158580521989035,50000,1.0025068798832866
71,9,2.0,fit,1236,sim,clean,wiener,9.657511710228581e-05,9.877274775954433e-05,6.824297898124869e-07,0.62808,0.0025696287000635232,50000,1.022755661325587
71,11,3.0,fit,1236,sim,clean,wiener,8.455989516226337e-05,8.676874636480512e-05,6.39987955695358e-07,0.67328,0.002409817747114537,50000,1.0261217353486916
34,29,40.0,fit,1243,sim,clean,wiener,6.311160983865928e-05,6.295726926187777e-05,5.513700796651261e-07,0.76294,0.0020761350137618135,50000,0.9975544820172378
34,25,26.0,fit,1250,sim,clean,wiener,6.564503326482636e-05,6.57617439240115e-05,5.654070910948404e-07,0.75238,0.0021289901322976337,50000,1.0017779054009206
71,1,0.6,fit,1243,sim,clean,wiener,0.00013958040488298,0.0001437665069696486,7.931543782066918e-07,0.45866,0.0029865522933589564,50000,1.029990614299895
71,3,1.0,fit,1243,sim,clean,wiener,6.799598191576634e-05,6.872556373740289e-05,5.876440114498732e-07,0.74122,0.0022127212788541455,50000,1.0107297784527969
71,7,1.8,fit,1237,sim,clean,wiener,9.558337402007882e-05,9.609043771337472e-05,6.665959968738478e-07,0.63818,0.0025100079605041175,50000,1.0053049361198465
34,19,8.0,fit,1251,sim,clean,wiener,8.141608945771297e-05,8.167501302960385e-05,6.282807235502828e-07,0.69246,0.0023657352053389836,50000,1.0031802506558039
34,21,10.0,fit,1251,sim,clean,wiener,7.773303537381871e-05,7.794633649017599e-05,6.123724953711204e-07,0.7065,0.0023058341864992766,50000,1.002744021448944
34,27,30.0,fit,1244,sim,clean,wiener,6.310364759082243e-05,6.322815601901567e-05,5.557876892719394e-07,0.76192,0.0020927691299753846,50000,1.001973078149152
71,5,1.4,fit,1238,sim,clean,wiener,9.92573103012812e-05,0.00010089734977631233,6.856065591179541e-07,0.62008,0.002581590542443019,50000,1.0165231101875825
34,23,20.0,fit,1251,sim,clean,wiener,6.796560506964526e-05,6.767919724414463e-05,5.687648788804422e-07,0.74516,0.002141633583670083,50000,0.9957859887334609
71,11,3.0,fit,1237,sim,clean,wiener,8.455989516226337e-05,8.502126120601343e-05,6.372542170045439e-07,0.67986,0.002399524097125547,50000,1.005456085805981
71,9,2.0,fit,1237,sim,clean,wiener,9.657511710228581e-05,9.737051042847742e-05,6.717851400669673e-07,0.63336,0.002529547217841408,50000,1.0082360068520464
34,29,40.0,fit,1244,sim,clean,wiener,6.311160983865928e-05,6.317504096859647e-05,5.552788373438877e-07,0.76212,0.0020908530932813195,50000,1.0010050627784546
34,25,26.0,fit,1251,sim,clean,wiener,6.564503326482636e-05,6.49862641878912e-05,5.591539483687588e-07,0.7553,0.0021054444793170567,50000,0.9899646775365695
71,1,0.6,fit,1244,sim,clean,wiener,0.00013958040488298,0.00014286355111252223,7.876940274209588e-07,0.46206,0.002965991827944208,50000,1.0235215410952183
34,19,8.0,fit,1252,sim,clean,wiener,8.141608945771297e-05,8.228052460438271e-05,6.24757116225833e-07,0.69018,0.002352467375235687,50000,1.010617497750475
71,3,1.0,fit,1244,sim,clean,wiener,6.799598191576634e-05,6.83059548390912e-05,5.859752790155319e-07,0.7428,0.0022064378152363154,50000,1.0045586947138856
34,21,10.0,fit,1252,sim,clean,wiener,7.773303537381871e-05,7.856778258008064e-05,6.108468858132751e-07,0.70416,0.0023000896393481213,50000,1.0107386415858794
71,7,1.8,fit,1238,sim,clean,wiener,9.558337402007882e-05,9.756172460998657e-05,6.755437173150921e-07,0.63264,0.002543699806301594,50000,1.020697643394469
34,23,20.0,fit,1252,sim,clean,wiener,6.796560506964526e-05,6.836969289959424e-05,5.742184977731825e-07,0.74256,0.002162168700740287,50000,1.0059454753552906
34,27,30.0,fit,1245,sim,clean,wiener,6.310364759082243e-05,6.303694183750656e-05,5.521261907673618e-07,0.76264,0.0020789820828929478,50000,0.9989429176305558
71,5,1.4,fit,1239,sim,clean,wiener,9.92573103012812e-05,0.00010020154261582079,6.827188715979368e-07,0.6227,0.002570717211824948,50000,1.0095129750309928
71,11,3.0,fit,1238,sim,clean,wiener,8.455989516226337e-05,8.571175686146305e-05,6.374200574681347e-07,0.67726,0.0024001485546466523,50000,1.013621843983952
71,9,2.0,fit,1238,sim,clean,wiener,9.657511710228581e-05,9.826815478056192e-05,6.748057224438549e-07,0.62998,0.002540920952227606,50000,1.0175307856627598
34,25,26.0,fit,1252,sim,clean,wiener,6.564503326482636e-05,6.597951563073024e-05,5.647434242535686e-07,0.75156,0.0021264911538121235,50000,1.0050953187052933
34,29,40.0,fit,1245,sim,clean,wiener,6.311160983865928e-05,6.313254892826113e-05,5.520658218666337e-07,0.76228,0.002078754769164535,50000,1.0003317787274857
34,19,8.0,fit,1253,sim,clean,wiener,8.141608945771297e-05,8.162720948422655e-05,6.205399501838774e-07,0.69264,0.002336588011444549,50000,1.0025930995693821
71,1,0.6,fit,1245,sim,clean,wiener,0.00013958040488298,0.0001417906270940544,7.78494249133047e-07,0.4661,0.002931350880735067,50000,1.015834759993191
34,21,10.0,fit,1253,sim,clean,wiener,7.773303537381871e-05,7.794633649017599e-05,6.117183345195584e-07,0.7065,0.00230337100197286,50000,1.002744021448944
71,3,1.0,fit,1245,sim,clean,wiener,6.799598191576634e-05,6.943199390797824e-05,5.906685661147908e-07,0.73856,0.0022241099705377528,50000,1.0211190713296976
34,23,20.0,fit,1253,sim,clean,wiener,6.796560506964526e-05,6.782260788027649e-05,5.722360642232677e-07,0.74462,0.002154704023462307,50000,0.997896035954918
71,7,1.8,fit,1239,sim,clean,wiener,9.558337402007882e-05,9.609574921841664e-05,6.715262570271896e-07,0.63816,0.002528572416771901,50000,1.005360505460188
34,27,30.0,fit,1246,sim,clean,wiener,6.310364759082243e-05,6.425327649210625e-05,5.550900173494171e-07,0.75806,0.00209014210837975,50000,1.0182181053738488
71,5,1.4,fit,1240,sim,clean,wiener,9.92573103012812e-05,9.880461678979584e-05,6.830173446026317e-07,0.62796,0.0025718410853874858,50000,0.9954391922357027
34,25,26.0,fit,1253,sim,clean,wiener,6.564503326482636e-05,6.55705297425024e-05,5.634889347029999e-07,0.7531,0.0021217674849436283,50000,0.9988650546946424
71,11,3.0,fit,1239,sim,clean,wiener,8.455989516226337e-05,8.499470368080383e-05,6.371605259762354e-07,0.67996,0.0023991713118883345,50000,1.0051420181837514
71,9,2.0,fit,1239,sim,clean,wiener,9.657511710228581e-05,9.74130024688128e-05,6.759269026358343e-07,0.6332,0.0025451426565586037,50000,1.008675996381548
34,29,40.0,fit,1246,sim,clean,wiener,6.311160983865928e-05,6.429576853244159e-05,5.562701400210592e-07,0.7579,0.002094585755377459,50000,1.0187629296227674
34,21,10.0,fit,1254,sim,clean,wiener,7.773303537381871e-05,7.789853294479873e-05,6.0521661232045e-07,0.70668,0.0022788893450873073,50000,1.00212905066918
34,19,8.0,fit,1254,sim,clean,wiener,8.141608945771297e-05,8.159534045397502e-05,6.205103817885328e-07,0.69276,0.0023364766742807463,50000,1.0022016655117678
71,1,0.6,fit,1246,sim,clean,wiener,0.00013958040488298,0.00014236958114362367,7.946172990238533e-07,0.46392,0.002992060791630598,50000,1.0199825775185423
71,3,1.0,fit,1246,sim,clean,wiener,6.799598191576634e-05,6.998439043233791e-05,5.898515615856447e-07,0.73648,0.002221033612621501,50000,1.0292430296695299
34,23,20.0,fit,1254,sim,clean,wiener,6.796560506964526e-05,6.784385390044416e-05,5.709735271278666e-07,0.74454,0.002149950052279237,50000,0.998208635543282
34,27,30.0,fit,1247,sim,clean,wiener,6.310364759082243e-05,6.281385862574591e-05,5.523287916065947e-07,0.76348,0.002079744958340242,50000,0.9954077303588601
71,7,1.8,fit,1240,sim,clean,wiener,9.558337402007882e-05,9.572394386548224e-05,6.74569873948908e-07,0.63956,0.0025400328856887045,50000,1.0014706516362761
34,25,26.0,fit,1254,sim,clean,wiener,6.564503326482636e-05,6.560239877275393e-05,5.61843264315498e-07,0.75298,0.0021155708594127708,50000,0.9993505298123556
71,5,1.4,fit,1241,sim,clean,wiener,9.92573103012812e-05,0.00010073269312001278,6.833539920784633e-07,0.6207,0.002573108701527072,50000,1.0148642232421297
34,29,40.0,fit,1247,sim,clean,wiener,6.311160983865928e-05,6.272887454507519e-05,5.518673669920292e-07,0.7638,0.00207800750497844,50000,0.9939355802432781
71,11,3.0,fit,1240,sim,clean,wiener,8.455989516226337e-05,8.511155679172608e-05,6.347095448229208e-07,0.67952,0.002389942360267388,50000,1.006523915721562
71,9,2.0,fit,1240,sim,clean,wiener,9.657511710228581e-05,9.665876875286014e-05,6.815544921694942e-07,0.63604,0.0025663328446098067,50000,1.000866182232901
34,21,10.0,fit,1255,sim,clean,wiener,7.773303537381871e-05,7.792509047000833e-05,6.104579150664821e-07,0.70658,0.002298625004583688,50000,1.0024707011023823
34,19,8.0,fit,1255,sim,clean,wiener,8.141608945771297e-05,8.170157055481345e-05,6.23424654646344e-07,0.69236,0.00234745010962463,50000,1.0035064457038156
71,1,0.6,fit,1247,sim,clean,wiener,0.00013958040488298,0.0001430335192738637,8.018808525932569e-07,0.46142,0.0030194110568080848,50000,1.0247392489925695
34,23,20.0,fit,1255,sim,clean,wiener,6.796560506964526e-05,6.795539550632448e-05,5.704450919594419e-07,0.74412,0.002147960276634653,50000,0.9998497833821929
71,3,1.0,fit,1247,sim,clean,wiener,6.799598191576634e-05,6.941074788781056e-05,5.882273224786039e-07,0.73864,0.002214917684671808,50000,1.0208066113935503
34,27,30.0,fit,1248,sim,clean,wiener,6.310364759082243e-05,6.303163033246464e-05,5.539714624443249e-07,0.76266,0.0020859302893331175,50000,0.9988587465050393
71,7,1.8,fit,1241,sim,clean,wiener,9.558337402007882e-05,9.641443952093185e-05,6.767534130557876e-07,0.63696,0.0025482548080615402,50000,1.008694665880684
34,25,26.0,fit,1255,sim,clean,wiener,6.564503326482636e-05,6.57617439240115e-05,5.63541118084519e-07,0.75238,0.002121963976827218,50000,1.0017779054009206
71,5,1.4,fit,1242,sim,clean,wiener,9.92573103012812e-05,0.00010003688595952128,6.845204688516773e-07,0.62332,0.002577500966107479,50000,1.0078540880855404
34,21,10.0,fit,1256,sim,clean,wiener,7.773303537381871e-05,7.906706405402111e-05,6.123312751974232e-07,0.70228,0.0023056789756000233,50000,1.0171616697300838
34,19,8.0,fit,1256,sim,clean,wiener,8.141608945771297e-05,8.300820079512574e-05,6.27528963616258e-07,0.68744,0.0023629045201448936,50000,1.019555242066001
34,29,40.0,fit,1248,sim,clean,wiener,6.311160983865928e-05,6.30741223728e-05,5.543332893027205e-07,0.7625,0.0020872927161990997,50000,0.9994060131574031
71,9,2.0,fit,1241,sim,clean,wiener,9.657511710228581e-05,9.76307741755315e-05,6.800272888485175e-07,0.63238,0.002560582296285279,50000,1.0109309427202413
71,11,3.0,fit,1241,sim,clean,wiener,8.455989516226337e-05,8.561614977070848e-05,6.364646410717049e-07,0.67762,0.0023965510191500676,50000,1.012491200543925
34,23,20.0,fit,1256,sim,clean,wiener,6.796560506964526e-05,6.918235317100798e-05,5.767185181948333e-07,0.7395,0.0021715823053661694,50000,1.0179024096102125
71,1,0.6,fit,1248,sim,clean,wiener,0.00013958040488298,0.00014217836696211458,8.007657750611485e-07,0.46464,0.0030152123315002567,50000,1.0186126561340227
71,3,1.0,fit,1248,sim,clean,wiener,6.799598191576634e-05,6.874680975757055e-05,5.849549933556909e-07,0.74114,0.0022025960202957527,50000,1.011042238388944
34,27,30.0,fit,1249,sim,clean,wiener,6.310364759082243e-05,6.28616621711232e-05,5.527628723611924e-07,0.7633,0.002081379450828423,50000,0.9961652704885093
71,7,1.8,fit,1242,sim,clean,wiener,9.558337402007882e-05,9.675968734865663e-05,6.763791963520216e-07,0.63566,0.0025468457283343723,50000,1.0123066730028876
34,25,26.0,fit,1256,sim,clean,wiener,6.564503326482636e-05,6.715335824499455e-05,5.672305868766099e-07,0.74714,0.002135856343540503,50000,1.0229769855410582
34,21,10.0,fit,1257,sim,clean,wiener,7.773303537381871e-05,7.838187990361343e-05,6.142503601667489e-07,0.70486,0.0023129051194299916,50000,1.0083470885534627
71,5,1.4,fit,1243,sim,clean,wiener,9.92573103012812e-05,0.00010075925064522238,6.879587448031333e-07,0.6206,0.00259044748851241,50000,1.0151317856526865
34,19,8.0,fit,1257,sim,clean,wiener,8.141608945771297e-05,8.203088386741249e-05,6.220967601876935e-07,0.69112,0.0023424500411010373,50000,1.0075512642991633
34,29,40.0,fit,1249,sim,clean,wiener,6.311160983865928e-05,6.292540023162625e-05,5.525879592601266e-07,0.76306,0.0020807208310975357,50000,0.9970495189790111
34,23,20.0,fit,1257,sim,clean,wiener,6.796560506964526e-05,6.839093891976191e-05,5.724835572524065e-07,0.74248,0.0021556359364594165,50000,1.0062580749436545
71,9,2.0,fit,1242,sim,clean,wiener,9.657511710228581e-05,9.803444855871745e-05,6.791875063174463e-07,0.63086,0.002557420169827925,50000,1.0151108432505032
71,1,0.6,fit,1249,sim,clean,wiener,0.00013958040488298,0.0001429910272335283,7.944654874555302e-07,0.46158,0.002991489158667342,50000,1.0244348220182316
71,3,1.0,fit,1249,sim,clean,wiener,6.799598191576634e-05,6.847061149539073e-05,5.841110215950552e-07,0.74218,0.00219941811966693,50000,1.006980259219028
71,11,3.0,fit,1242,sim,clean,wiener,8.455989516226337e-05,8.564801880095999e-05,6.352552675093254e-07,0.6775,0.0023919972305239258,50000,1.0128680816906006
34,27,30.0,fit,1250,sim,clean,wiener,6.310364759082243e-05,6.313786043330302e-05,5.541239911723492e-07,0.76226,0.0020865046226974673,50000,1.0005421690153702
34,25,26.0,fit,1257,sim,clean,wiener,6.564503326482636e-05,6.61547952971136e-05,5.652068588643713e-07,0.7509,0.0021282361756360516,50000,1.0077654318527154
71,7,1.8,fit,1243,sim,clean,wiener,9.558337402007882e-05,9.662158821756672e-05,6.735468112371222e-07,0.63618,0.002536180634005946,50000,1.0108618701540062
34,21,10.0,fit,1258,sim,clean,wiener,7.773303537381871e-05,7.822253475235584e-05,6.076650210997744e-07,0.70546,0.0022881086106626984,50000,1.0062971859542487
34,19,8.0,fit,1258,sim,clean,wiener,8.141608945771297e-05,8.200963784724478e-05,6.241990662974895e-07,0.6912,0.002350366087845619,50000,1.0072903082607534
71,5,1.4,fit,1244,sim,clean,wiener,9.92573103012812e-05,0.0001000953125149824,6.849947016274861e-07,0.6231,0.002579286647461694,50000,1.0084427253887653
34,29,40.0,fit,1250,sim,clean,wiener,6.311160983865928e-05,6.323877902909952e-05,5.550441108681569e-07,0.76188,0.0020899692516060187,50000,1.0020149888549086
34,23,20.0,fit,1258,sim,clean,wiener,6.796560506964526e-05,6.786509992061184e-05,5.707492499933518e-07,0.74446,0.002149105556669255,50000,0.9985212351316459
71,1,0.6,fit,1250,sim,clean,wiener,0.00013958040488298,0.00014311319184949248,7.836218513748989e-07,0.46112,0.0029506584110918425,50000,1.0253100495694525
71,3,1.0,fit,1250,sim,clean,wiener,6.799598191576634e-05,6.882117082815744e-05,5.886874989324728e-07,0.74086,0.0022166504381954774,50000,1.01213584816546
71,9,2.0,fit,1243,sim,clean,wiener,9.657511710228581e-05,9.752985557973504e-05,6.761181690502372e-07,0.63276,0.0025458628532369215,50000,1.0098859675876761
71,11,3.0,fit,1243,sim,clean,wiener,8.455989516226337e-05,8.516467184214527e-05,6.366159232266198e-07,0.67932,0.002397120658654204,50000,1.007152050966021
34,27,30.0,fit,1251,sim,clean,wiener,6.310364759082243e-05,6.30741223728e-05,5.525178286583311e-07,0.7625,0.002080456760551647,50000,0.9995321155091719
34,25,26.0,fit,1258,sim,clean,wiener,6.564503326482636e-05,6.560239877275393e-05,5.615550094985643e-07,0.75298,0.0021144854615277697,50000,0.9993505298123556
71,7,1.8,fit,1244,sim,clean,wiener,9.558337402007882e-05,9.679155637890816e-05,6.806626506929523e-07,0.63554,0.00256297469482174,50000,1.0126400890449372
34,21,10.0,fit,1259,sim,clean,wiener,7.773303537381871e-05,7.862620913554176e-05,6.100948783515994e-07,0.70394,0.0022972580221106696,50000,1.0114902725389248
34,19,8.0,fit,1259,sim,clean,wiener,8.141608945771297e-05,8.231239363463424e-05,6.22261267843219e-07,0.69006,0.00234306948005187,50000,1.0110089318080895
34,29,40.0,fit,1251,sim,clean,wiener,6.311160983865928e-05,6.30741223728e-05,5.519201952651676e-07,0.7625,0.002078206425144086,50000,0.9994060131574031
34,23,20.0,fit,1259,sim,clean,wiener,6.796560506964526e-05,6.857153009118719e-05,5.761608456880146e-07,0.7418,0.002169482439123297,50000,1.0089151714447482
71,5,1.4,fit,1245,sim,clean,wiener,9.92573103012812e-05,0.00010016967358556926,6.808187143275783e-07,0.62282,0.002563562338562617,50000,1.0091919001383245
71,3,1.0,fit,1251,sim,clean,wiener,6.799598191576634e-05,6.899113898949888e-05,5.835262805827577e-07,0.74022,0.002197216329373284,50000,1.0146355276546393
71,1,0.6,fit,1251,sim,clean,wiener,0.00013958040488298,0.00014318755292007935,7.970264693709513e-07,0.46084,0.003001132308378051,50000,1.0258427967745436
71,9,2.0,fit,1244,sim,clean,wiener,9.657511710228581e-05,9.754047858981889e-05,6.794443942964284e-07,0.63272,0.0025583874586733828,50000,1.0099959649700516
34,25,26.0,fit,1259,sim,clean,wiener,6.564503326482636e-05,6.633007496349695e-05,5.678566741613102e-07,0.75024,0.002138213819546867,50000,1.0104355450001372
71,11,3.0,fit,1244,sim,clean,wiener,8.455989516226337e-05,8.571175686146305e-05,6.366101173072785e-07,0.67726,0.0023970987969811172,50000,1.013621843983952
34,27,30.0,fit,1252,sim,clean,wiener,6.310364759082243e-05,6.346717374590207e-05,5.558709731776408e-07,0.76102,0.0020930827281176972,50000,1.0057607787973972
34,21,10.0,fit,1260,sim,clean,wiener,7.773303537381871e-05,7.844030645907455e-05,6.107646204232744e-07,0.70464,0.002299779876336126,50000,1.009098719506508
34,19,8.0,fit,1260,sim,clean,wiener,8.141608945771297e-05,8.202026085732863e-05,6.229272444982433e-07,0.69116,0.002345577155935704,50000,1.0074207862799585
71,7,1.8,fit,1245,sim,clean,wiener,9.558337402007882e-05,9.669594928815359e-05,6.722667288797298e-07,0.6359,0.0025313605976987614,50000,1.0116398409187883
34,23,20.0,fit,1260,sim,clean,wiener,6.796560506964526e-05,6.842811945505536e-05,5.732556281198855e-07,0.74234,0.0021585431006676233,50000,1.0068051242232914
34,29,40.0,fit,1252,sim,clean,wiener,6.311160983865928e-05,6.366369943245313e-05,5.55731374575678e-07,0.76028,0.0020925570819934403,50000,1.0087478293646008
71,5,1.4,fit,1246,sim,clean,wiener,9.92573103012812e-05,0.00010067426656455167,6.874011851995629e-07,0.62092,0.002588348047396681,50000,1.0142755859389048
71,3,1.0,fit,1252,sim,clean,wiener,6.799598191576634e-05,6.929920628193022e-05,5.949204384305583e-07,0.73906,0.002240120017717264,50000,1.0191661967287762
71,1,0.6,fit,1252,sim,clean,wiener,0.00013958040488298,0.00014347437419234306,7.964343406621524e-07,0.45976,0.002998902700370055,50000,1.0278976788513234
71,9,2.0,fit,1245,sim,clean,wiener,9.657511710228581e-05,9.800789103350784e-05,6.782392346882293e-07,0.63096,0.0025538495373170532,50000,1.0148358497945649
34,25,26.0,fit,1260,sim,clean,wiener,6.564503326482636e-05,6.589984305510145e-05,5.648297580149145e-07,0.75186,0.0021268162359147085,50000,1.003881630911011
34,27,30.0,fit,1253,sim,clean,wiener,6.310364759082243e-05,6.271294002994945e-05,5.529283307191672e-07,0.76386,0.002082002469564803,50000,0.9938084789740458
34,21,10.0,fit,1261,sim,clean,wiener,7.773303537381871e-05,7.799945154059518e-05,6.097366494750992e-07,0.7063,0.002295909143125625,50000,1.0034273223153485
71,11,3.0,fit,1245,sim,clean,wiener,8.455989516226337e-05,8.517529485222912e-05,6.409556309928678e-07,0.67928,0.0024134614424132245,50000,1.007277678014913
34,19,8.0,fit,1261,sim,clean,wiener,8.141608945771297e-05,8.238675470522114e-05,6.261545640291369e-07,0.68978,0.002357729340694723,50000,1.011922277942523
71,7,1.8,fit,1246,sim,clean,wiener,9.558337402007882e-05,9.723772280242945e-05,6.709676685975786e-07,0.63386,0.0025264691017031875,50000,1.0173079136336316
34,23,20.0,fit,1261,sim,clean,wiener,6.796560506964526e-05,6.792883798111488e-05,5.704496544232243e-07,0.74422,0.0021479774561863865,50000,0.999459033896738
34,29,40.0,fit,1253,sim,clean,wiener,6.311160983865928e-05,6.302100732238078e-05,5.536900061465e-07,0.7627,0.0020848704906673778,50000,0.9985644080936913
71,5,1.4,fit,1247,sim,clean,wiener,9.92573103012812e-05,0.00010067957806959359,6.771467143218441e-07,0.6209,0.002549735749011243,50000,1.014329098421016
71,3,1.0,fit,1253,sim,clean,wiener,6.799598191576634e-05,6.876805577773823e-05,5.859057264767711e-07,0.74106,0.0022061759213353894,50000,1.0113546983250914
71,1,0.6,fit,1253,sim,clean,wiener,0.00013958040488298,0.00014262984489067776,7.952644352557897e-07,0.46294,0.002994497525576359,50000,1.021847192736361
34,25,26.0,fit,1261,sim,clean,wiener,6.564503326482636e-05,6.558646425762814e-05,5.602436661250021e-07,0.75304,0.0021095477146435525,50000,0.9991077922534987
34,21,10.0,fit,1262,sim,clean,wiener,7.773303537381871e-05,7.876430826663167e-05,6.098374915729428e-07,0.70342,0.002296288855079385,50000,1.0132668547915769
34,27,30.0,fit,1254,sim,clean,wiener,6.310364759082243e-05,6.34193702005248e-05,5.560218173653798e-07,0.7612,0.0020936507184953716,50000,1.0050032386677483
71,9,2.0,fit,1246,sim,clean,wiener,9.657511710228581e-05,9.820441672005887e-05,6.768841760539519e-07,0.63022,0.0025487471845052497,50000,1.016870801368508
34,19,8.0,fit,1262,sim,clean,wiener,8.141608945771297e-05,8.226459008925697e-05,6.214012984334695e-07,0.69024,0.002339831341697628,50000,1.010421780721668
71,11,3.0,fit,1246,sim,clean,wiener,8.455989516226337e-05,8.564801880095999e-05,6.36950309310627e-07,0.6775,0.0023983797597239317,50000,1.0128680816906006
71,7,1.8,fit,1247,sim,clean,wiener,9.558337402007882e-05,9.662158821756672e-05,6.716906396311928e-07,0.63618,0.002529191384852345,50000,1.0108618701540062
34,23,20.0,fit,1262,sim,clean,wiener,6.796560506964526e-05,6.921953370630143e-05,5.730098213671426e-07,0.73936,0.0021576175371943594,50000,1.0184494588898496
34,29,40.0,fit,1254,sim,clean,wiener,6.311160983865928e-05,6.321753300893185e-05,5.550002525310522e-07,0.76196,0.002089804106937009,50000,1.0016783468294241
71,3,1.0,fit,1254,sim,clean,wiener,6.799598191576634e-05,6.956478153402623e-05,5.862029401753018e-07,0.73806,0.002207295053092528,50000,1.0230719459306188
71,1,0.6,fit,1254,sim,clean,wiener,0.00013958040488298,0.00014156223237725182,7.971773487408845e-07,0.46696,0.00300170043123115,50000,1.0141984650061255
71,5,1.4,fit,1248,sim,clean,wiener,9.92573103012812e-05,0.00010014311606035967,6.887593892831055e-07,0.62292,0.0025934622441180365,50000,1.0089243377277677
34,25,26.0,fit,1262,sim,clean,wiener,6.564503326482636e-05,6.663814225592833e-05,5.634253108954339e-07,0.74908,0.0021215279151529046,50000,1.0151284711380304
34,21,10.0,fit,1263,sim,clean,wiener,7.773303537381871e-05,7.796758251034367e-05,6.139121599927339e-07,0.70642,0.0023116316567434424,50000,1.0030173417955057
34,27,30.0,fit,1255,sim,clean,wiener,6.310364759082243e-05,6.348841976606978e-05,5.551803365806681e-07,0.76094,0.002090482197414923,50000,1.006097463299464
34,19,8.0,fit,1263,sim,clean,wiener,8.141608945771297e-05,8.201494935228672e-05,6.274771046849369e-07,0.69118,0.0023627092499496783,50000,1.007355547270356
71,9,2.0,fit,1247,sim,clean,wiener,9.657511710228581e-05,9.756703611502848e-05,6.763401089766082e-07,0.63262,0.002546698548297434,50000,1.01027095842599
71,11,3.0,fit,1247,sim,clean,wiener,8.455989516226337e-05,8.557896923541503e-05,6.416374484275714e-07,0.67776,0.0024160287653445683,50000,1.0120515058728035
34,23,20.0,fit,1263,sim,clean,wiener,6.796560506964526e-05,6.806162560716286e-05,5.707149690936474e-07,0.74372,0.002148976474989265,50000,1.0014127813240126
71,7,1.8,fit,1248,sim,clean,wiener,9.558337402007882e-05,9.591515804699137e-05,6.693375722948838e-07,0.63884,0.0025203311190040104,50000,1.0034711478885736
34,29,40.0,fit,1255,sim,clean,wiener,6.311160983865928e-05,6.357340384674048e-05,5.542620996400065e-07,0.76062,0.0020870246578534816,50000,1.007317100756291
71,3,1.0,fit,1255,sim,clean,wiener,6.799598191576634e-05,6.913454962563071e-05,5.861060014220313e-07,0.73968,0.0022069300388357195,50000,1.016744632223634
71,1,0.6,fit,1255,sim,clean,wiener,0.00013958040488298,0.0001444198220898048,8.072094481605953e-07,0.4562,0.003039475409662063,50000,1.0346711790303376
34,25,26.0,fit,1263,sim,clean,wiener,6.564503326482636e-05,6.557584124754433e-05,5.614418102246575e-07,0.75308,0.0021140592197261957,50000,0.9989459672142614
71,5,1.4,fit,1249,sim,clean,wiener,9.92573103012812e-05,0.00010002626294943743,6.905835028957099e-07,0.62336,0.002600330781747985,50000,1.0077470631213177
34,21,10.0,fit,1264,sim,clean,wiener,7.773303537381871e-05,7.8211911742272e-05,6.054275378120676e-07,0.7055,0.002279683566273028,50000,1.0061605257809678
34,19,8.0,fit,1264,sim,clean,wiener,8.141608945771297e-05,8.20946219279155e-05,6.184689818187794e-07,0.69088,0.002328789964191451,50000,1.0083341324143915
34,27,30.0,fit,1256,sim,clean,wiener,6.310364759082243e-05,6.456134378453759e-05,5.579116576564609e-07,0.7569,0.0021007667440894958,50000,1.023100030653809
71,9,2.0,fit,1248,sim,clean,wiener,9.657511710228581e-05,9.721116527721985e-05,6.749517984482677e-07,0.63396,0.0025414709884348957,50000,1.006586046116417
34,23,20.0,fit,1264,sim,clean,wiener,6.796560506964526e-05,6.781198487019263e-05,5.739501105694828e-07,0.74466,0.0021611581125865285,50000,0.997739736160736
71,11,3.0,fit,1248,sim,clean,wiener,8.455989516226337e-05,8.507437625643263e-05,6.351064717513802e-07,0.67966,0.0023914369533265182,50000,1.0060842210504404
34,29,40.0,fit,1256,sim,clean,wiener,6.311160983865928e-05,6.46728853904179e-05,5.579067722076723e-07,0.75648,0.002100748348366438,50000,1.0247383255751188
71,7,1.8,fit,1249,sim,clean,wiener,9.558337402007882e-05,9.604794567303936e-05,6.752688789527399e-07,0.63834,0.002542664926883489,50000,1.0048603813971135
34,25,26.0,fit,1264,sim,clean,wiener,6.564503326482636e-05,6.580423596434688e-05,5.669117283845051e-07,0.75222,0.002134655710237557,50000,1.0024252055578715
34,21,10.0,fit,1265,sim,clean,wiener,7.773303537381871e-05,7.797820552042752e-05,6.088977060274916e-07,0.70638,0.002292750176162452,50000,1.003154001968787
71,3,1.0,fit,1256,sim,clean,wiener,6.799598191576634e-05,7.0908592309632e-05,5.887232573865378e-07,0.733,0.0022167850834750465,50000,1.042835036891942
71,1,0.6,fit,1256,sim,clean,wiener,0.00013958040488298,0.00014252361478983935,7.890066917469627e-07,0.46334,0.002970934548757401,50000,1.0210861253005166
71,5,1.4,fit,1250,sim,clean,wiener,9.92573103012812e-05,0.00010064770903934208,6.808905021148045e-07,0.62102,0.0025638326490929077,50000,1.014008023528348
34,19,8.0,fit,1265,sim,clean,wiener,8.141608945771297e-05,8.152097938338816e-05,6.216239370459325e-07,0.69304,0.0023406696675985013,50000,1.0012883193773345
34,27,30.0,fit,1257,sim,clean,wiener,6.310364759082243e-05,6.40301932803456e-05,5.54510387226261e-07,0.7589,0.002087959562684767,50000,1.0146829181021528
34,23,20.0,fit,1265,sim,clean,wiener,6.796560506964526e-05,6.825815129371392e-05,5.759387471245334e-07,0.74298,0.0021686461467288506,50000,1.0043043275163797
71,9,2.0,fit,1249,sim,clean,wiener,9.657511710228581e-05,9.687122895453694e-05,6.786297634167966e-07,0.63524,0.0025553200385233406,50000,1.003066129880407
71,11,3.0,fit,1249,sim,clean,wiener,8.455989516226337e-05,8.459102929761792e-05,6.348810489020478e-07,0.68148,0.002390588143629254,50000,1.000368190325861
34,29,40.0,fit,1257,sim,clean,wiener,6.311160983865928e-05,6.383897909883649e-05,5.551138231326355e-07,0.75962,0.002090231746939934,50000,1.0115251260748488
34,25,26.0,fit,1265,sim,clean,wiener,6.564503326482636e-05,6.59157775702272e-05,5.661434198999799e-07,0.7518,0.0021317627129478567,50000,1.0041243684698673
34,21,10.0,fit,1266,sim,clean,wiener,7.773303537381871e-05,7.849342150949377e-05,6.108215193456613e-07,0.70444,0.002299994124169604,50000,1.0097820203729129
71,7,1.8,fit,1250,sim,clean,wiener,9.558337402007882e-05,9.693496701504e-05,6.727314215023471e-07,0.635,0.00253311035645433,50000,1.0141404612341605
71,3,1.0,fit,1257,sim,clean,wiener,6.799598191576634e-05,6.99525214020864e-05,5.907768461321207e-07,0.7366,0.0022245176893160475,50000,1.0287743397653089
71,1,0.6,fit,1257,sim,clean,wiener,0.00013958040488298,0.00014248643425454591,7.907135079513834e-07,0.46348,0.0029773614134255126,50000,1.0208197516979711
34,19,8.0,fit,1266,sim,clean,wiener,8.141608945771297e-05,8.212649095816703e-05,6.230208613894456e-07,0.69076,0.002345929662016235,50000,1.0087255664720058
71,5,1.4,fit,1251,sim,clean,wiener,9.92573103012812e-05,0.00010074331613009664,6.828795031069131e-07,0.62066,0.00257132205549057,50000,1.0149712482063526
34,27,30.0,fit,1258,sim,clean,wiener,6.310364759082243e-05,6.307943387784191e-05,5.528728765115874e-07,0.76248,0.0020817936616764846,50000,0.9996162866346882
34,23,20.0,fit,1266,sim,clean,wiener,6.796560506964526e-05,6.853966106093568e-05,5.742818914969021e-07,0.74192,0.0021624074041707436,50000,1.0084462720622023
71,9,2.0,fit,1250,sim,clean,wiener,9.657511710228581e-05,9.780074233687297e-05,6.749663318539323e-07,0.63174,0.0025415257126817897,50000,1.0126909008382465
71,11,3.0,fit,1250,sim,clean,wiener,8.455989516226337e-05,8.529745946819328e-05,6.312908016226635e-07,0.67882,0.002377069386700478,50000,1.0087223890771693
34,29,40.0,fit,1258,sim,clean,wiener,6.311160983865928e-05,6.316972946355455e-05,5.529550734030135e-07,0.76214,0.002082103166763188,50000,1.0009209022720835
34,25,26.0,fit,1266,sim,clean,wiener,6.564503326482636e-05,6.602731917610751e-05,5.645716443307917e-07,0.75138,0.0021258443317855183,50000,1.0058235313818629
34,21,10.0,fit,1267,sim,clean,wiener,7.773303537381871e-05,7.84509294691584e-05,6.133610032658214e-07,0.7046,0.002309556325090502,50000,1.009235379679789
71,3,1.0,fit,1258,sim,clean,wiener,6.799598191576634e-05,6.901769651470848e-05,5.899285455204263e-07,0.74012,0.0022213234887834324,50000,1.0150261025748235
71,1,0.6,fit,1258,sim,clean,wiener,0.00013958040488298,0.00014283699358731263,7.921750690780252e-07,0.46216,0.0029828647919033892,50000,1.0233312742362572
71,7,1.8,fit,1251,sim,clean,wiener,9.558337402007882e-05,9.641975102597376e-05,6.696727219001103e-07,0.63694,0.002521593095045006,50000,1.0087502352210254
34,19,8.0,fit,1267,sim,clean,wiener,8.141608945771297e-05,8.252485383631105e-05,6.234069635293046e-07,0.68926,0.0023473834952963007,50000,1.0136184921921847
34,27,30.0,fit,1259,sim,clean,wiener,6.310364759082243e-05,6.366901093749503e-05,5.572869391180429e-07,0.76026,0.0020984144219755654,50000,1.0089592815670265
71,5,1.4,fit,1252,sim,clean,wiener,9.92573103012812e-05,0.0001008920382712704,6.878471575374335e-07,0.6201,0.0025900273165844192,50000,1.016469597705471
34,23,20.0,fit,1267,sim,clean,wiener,6.796560506964526e-05,6.839625042480383e-05,5.738645646714578e-07,0.74246,0.002160835997113231,50000,1.0063362248407455
71,9,2.0,fit,1251,sim,clean,wiener,9.657511710228581e-05,9.743424848898047e-05,6.720106228453836e-07,0.63312,0.0025303962531963093,50000,1.0088959911462982
34,21,10.0,fit,1268,sim,clean,wiener,7.773303537381871e-05,7.893427642797312e-05,6.083238387127975e-07,0.70278,0.002290589329810373,50000,1.0154534175640721
34,25,26.0,fit,1267,sim,clean,wiener,6.564503326482636e-05,6.594233509543679e-05,5.655250263292502e-07,0.7517,0.0021294342069374168,50000,1.0045289310679615
34,29,40.0,fit,1259,sim,clean,wiener,6.311160983865928e-05,6.383897909883649e-05,5.577203206200176e-07,0.75962,0.002100046281490164,50000,1.0115251260748488
71,11,3.0,fit,1251,sim,clean,wiener,8.455989516226337e-05,8.573300288163071e-05,6.375395392989257e-07,0.67718,0.0024005984528576037,50000,1.0138730980817354
34,19,8.0,fit,1268,sim,clean,wiener,8.141608945771297e-05,8.254078835143679e-05,6.210340674493366e-07,0.6892,0.002338448566076652,50000,1.0138142092209916
71,3,1.0,fit,1259,sim,clean,wiener,6.799598191576634e-05,6.968163464494846e-05,5.910596403382235e-07,0.73762,0.0022255825257564573,50000,1.0247904755794295
71,1,0.6,fit,1259,sim,clean,wiener,0.00013958040488298,0.00014415955834275074,7.979300197417531e-07,0.45718,0.003004534546966439,50000,1.0328065638125192
71,7,1.8,fit,1252,sim,clean,wiener,9.558337402007882e-05,9.653129263185408e-05,6.738838362660315e-07,0.63652,0.002537449671788079,50000,1.009917191368199
34,27,30.0,fit,1260,sim,clean,wiener,6.310364759082243e-05,6.343530471565054e-05,5.56111755136611e-07,0.76114,0.0020939893711767544,50000,1.0052557520442977
34,23,20.0,fit,1268,sim,clean,wiener,6.796560506964526e-05,6.856621858614527e-05,5.72083638021148e-07,0.74182,0.002154130076150136,50000,1.0088370215476572
71,5,1.4,fit,1253,sim,clean,wiener,9.92573103012812e-05,9.974475318221568e-05,6.822808755417784e-07,0.62442,0.0025690679766168416,50000,1.004910901569415
34,21,10.0,fit,1269,sim,clean,wiener,7.773303537381871e-05,7.848279849940992e-05,6.08517328533442e-07,0.70448,0.002291317898527215,50000,1.0096453601996318
34,25,26.0,fit,1268,sim,clean,wiener,6.564503326482636e-05,6.635663248870655e-05,5.621138818682453e-07,0.75014,0.0021165898457475726,50000,1.0108401075982314
71,9,2.0,fit,1252,sim,clean,wiener,9.657511710228581e-05,9.788041491250175e-05,6.749536880559402e-07,0.63144,0.002541478103584585,50000,1.0135158812060612
34,29,40.0,fit,1260,sim,clean,wiener,6.311160983865928e-05,6.346717374590207e-05,5.557216865210862e-07,0.76102,0.0020925206024852206,50000,1.005633890628868
34,19,8.0,fit,1269,sim,clean,wiener,8.141608945771297e-05,8.223803256404737e-05,6.234754762259066e-07,0.69034,0.0023476414737640277,50000,1.0100955856736562
71,11,3.0,fit,1252,sim,clean,wiener,8.455989516226337e-05,8.55736577303731e-05,6.357240686534127e-07,0.67778,0.002393762459551809,50000,1.0119886923483574
71,3,1.0,fit,1260,sim,clean,wiener,6.799598191576634e-05,6.877867878782208e-05,5.861598677344557e-07,0.74102,0.0022071328676460072,50000,1.0115109282931651
71,1,0.6,fit,1260,sim,clean,wiener,0.00013958040488298,0.00014404270523182846,7.904637698302728e-07,0.45762,0.0029764210467341902,50000,1.0319693896330902
34,23,20.0,fit,1269,sim,clean,wiener,6.796560506964526e-05,6.844936547522302e-05,5.710196197896908e-07,0.74226,0.0021501236100993286,50000,1.007117723811655
71,7,1.8,fit,1253,sim,clean,wiener,9.558337402007882e-05,9.580892794615294e-05,6.678918775501791e-07,0.63924,0.0025148874839766694,50000,1.0023597610817414
34,27,30.0,fit,1261,sim,clean,wiener,6.310364759082243e-05,6.304756484759041e-05,5.519852225047406e-07,0.7626,0.002078451279433256,50000,0.9991112598815891
71,5,1.4,fit,1254,sim,clean,wiener,9.92573103012812e-05,0.00010051492141329409,6.870899246303899e-07,0.62152,0.0025871760233970183,50000,1.0126702114755637
34,21,10.0,fit,1270,sim,clean,wiener,7.773303537381871e-05,7.806850110614016e-05,6.129156719655101e-07,0.70604,0.0023078794696727,50000,1.0043156134416749
34,25,26.0,fit,1269,sim,clean,wiener,6.564503326482636e-05,6.620259884249087e-05,5.633259346021963e-07,0.75072,0.002121153722556067,50000,1.0084936445292847
71,9,2.0,fit,1253,sim,clean,wiener,9.657511710228581e-05,9.673844132848897e-05,6.695350768036102e-07,0.63574,0.0025210748046718867,50000,1.0016911626007161
34,19,8.0,fit,1270,sim,clean,wiener,8.141608945771297e-05,8.172812808002304e-05,6.255938168645638e-07,0.69226,0.0023556178971014382,50000,1.0038326407518277
34,29,40.0,fit,1261,sim,clean,wiener,6.311160983865928e-05,6.322815601901567e-05,5.523093890992799e-07,0.76192,0.0020796718999239864,50000,1.0018466678421662
71,3,1.0,fit,1261,sim,clean,wiener,6.799598191576634e-05,6.937887885755905e-05,5.886516121941516e-07,0.73876,0.0022165153098729477,50000,1.0203379214893293
71,11,3.0,fit,1253,sim,clean,wiener,8.455989516226337e-05,8.522309839760638e-05,6.361563654812817e-07,0.6791,0.002395390234822499,50000,1.007842999734926
71,1,0.6,fit,1261,sim,clean,wiener,0.00013958040488298,0.000142146497931863,7.831815125580019e-07,0.46476,0.002949000354426466,50000,1.0183843359032692
34,23,20.0,fit,1270,sim,clean,wiener,6.796560506964526e-05,6.857684159622912e-05,5.725884818515584e-07,0.74178,0.0021560310207088852,50000,1.0089933213418394
71,7,1.8,fit,1254,sim,clean,wiener,9.558337402007882e-05,9.686591744949503e-05,6.717399064266638e-07,0.63526,0.002529376894590478,50000,1.0134180598097196
34,27,30.0,fit,1262,sim,clean,wiener,6.310364759082243e-05,6.409924284589056e-05,5.55612416339728e-07,0.75864,0.002092109155332311,50000,1.0157771427338682
34,21,10.0,fit,1271,sim,clean,wiener,7.773303537381871e-05,7.761702317757695e-05,6.080816024055472e-07,0.70774,0.0022896772105321706,50000,0.9985075560772346
71,5,1.4,fit,1255,sim,clean,wiener,9.92573103012812e-05,0.00010076456215026431,6.885652918925944e-07,0.62058,0.00259273138765088,50000,1.015185298134798
34,25,26.0,fit,1270,sim,clean,wiener,6.564503326482636e-05,6.634600947862273e-05,5.646507554493215e-07,0.75018,0.00212614221766873,50000,1.010678282558994
34,19,8.0,fit,1271,sim,clean,wiener,8.141608945771297e-05,8.112792801028607e-05,6.215828230116266e-07,0.69452,0.0023405148563576898,50000,0.9964606326667584
71,9,2.0,fit,1254,sim,clean,wiener,9.657511710228581e-05,9.779543083183103e-05,6.778988170970243e-07,0.63176,0.0025525677251432215,50000,1.0126359021470588
34,29,40.0,fit,1262,sim,clean,wiener,6.311160983865928e-05,6.417891542151936e-05,5.567068049124117e-07,0.75834,0.0020962299782028397,50000,1.0169113984826021
71,3,1.0,fit,1262,sim,clean,wiener,6.799598191576634e-05,6.989940635166719e-05,5.880890795221415e-07,0.7368,0.0022143971431101547,50000,1.0279931899249404
34,23,20.0,fit,1271,sim,clean,wiener,6.796560506964526e-05,6.756765563826431e-05,5.711113731514102e-07,0.74558,0.002150469099225274,50000,0.9941448408945501
71,1,0.6,fit,1262,sim,clean,wiener,0.00013958040488298,0.00014311850335453437,7.850395502185331e-07,0.4611,0.0029559966300427626,50000,1.0253481029412446
71,11,3.0,fit,1254,sim,clean,wiener,8.455989516226337e-05,8.537182053878014e-05,6.365422972875236e-07,0.67854,0.0023968434267264732,50000,1.0096017784194122
71,7,1.8,fit,1255,sim,clean,wiener,9.558337402007882e-05,9.729614935789056e-05,6.781695034507256e-07,0.63364,0.0025535869705418986,50000,1.017919176377389
34,27,30.0,fit,1263,sim,clean,wiener,6.310364759082243e-05,6.335032063497982e-05,5.52539192984134e-07,0.76146,0.002080537206020998,50000,1.0039090140360327
34,21,10.0,fit,1272,sim,clean,wiener,7.773303537381871e-05,7.819597722714624e-05,6.109008257811579e-07,0.70556,0.002300292745501489,50000,1.0059555355210463
34,25,26.0,fit,1271,sim,clean,wiener,6.564503326482636e-05,6.540587308620289e-05,5.615142871403037e-07,0.75372,0.002114332125108283,50000,0.9963567665864583
71,5,1.4,fit,1256,sim,clean,wiener,9.92573103012812e-05,0.00010171001004772608,6.820698731004886e-07,0.61702,0.0025682734656839725,50000,1.024710519950622
34,19,8.0,fit,1272,sim,clean,wiener,8.141608945771297e-05,8.183966968590336e-05,6.266907300072203e-07,0.69184,0.0023597482260157452,50000,1.0052026599534776
71,9,2.0,fit,1255,sim,clean,wiener,9.657511710228581e-05,9.795477598308862e-05,6.76712200711751e-07,0.63116,0.002548099626644178,50000,1.0142858628826883
34,29,40.0,fit,1263,sim,clean,wiener,6.311160983865928e-05,6.327064805935104e-05,5.535956701508704e-07,0.76176,0.00208451527686306,50000,1.0025199518931356
34,23,20.0,fit,1272,sim,clean,wiener,6.796560506964526e-05,6.808287162733056e-05,5.731611369789926e-07,0.74364,0.00215818730267761,50000,1.0017253809123767
71,3,1.0,fit,1263,sim,clean,wiener,6.799598191576634e-05,6.953291250377473e-05,5.853693614232012e-07,0.73818,0.0022041562864133224,50000,1.022603256026398
71,1,0.6,fit,1263,sim,clean,wiener,0.00013958040488298,0.00014233771211337215,7.894435241918523e-07,0.46404,0.0029725794024907286,50000,1.0197542572877891
71,11,3.0,fit,1255,sim,clean,wiener,8.455989516226337e-05,8.491503110517505e-05,6.34691659283363e-07,0.68026,0.0023898750138583507,50000,1.0041998153170626
34,21,10.0,fit,1273,sim,clean,wiener,7.773303537381871e-05,7.694246203725311e-05,6.071506708309125e-07,0.71028,0.0022861718704551585,50000,0.9898296350738945
34,27,30.0,fit,1264,sim,clean,wiener,6.310364759082243e-05,6.296258076691966e-05,5.547829228504346e-07,0.76292,0.0020889857713469926,50000,0.9977645218733238
71,7,1.8,fit,1256,sim,clean,wiener,9.558337402007882e-05,9.804507156880126e-05,6.724575223723724e-07,0.63082,0.0025320790136322373,50000,1.025754453365554
34,25,26.0,fit,1272,sim,clean,wiener,6.564503326482636e-05,6.5862662519808e-05,5.633078879844578e-07,0.752,0.0021210857696214616,50000,1.003315243273679
34,19,8.0,fit,1273,sim,clean,wiener,8.141608945771297e-05,8.091015630356736e-05,6.215625573244756e-07,0.69534,0.002340438547714504,50000,0.9937858332730609
71,5,1.4,fit,1257,sim,clean,wiener,9.92573103012812e-05,0.00010130102415949824,6.864428145565534e-07,0.61856,0.0025847393879472563,50000,1.0205900588280465
71,9,2.0,fit,1256,sim,clean,wiener,9.657511710228581e-05,9.910206107214337e-05,6.747002620281118e-07,0.62684,0.0025405238504084015,50000,1.0261655801792213
34,23,20.0,fit,1273,sim,clean,wiener,6.796560506964526e-05,6.716929276012033e-05,5.668715740241455e-07,0.74708,0.002134504512563667,50000,0.9882835986127256
34,29,40.0,fit,1264,sim,clean,wiener,6.311160983865928e-05,6.299444979717119e-05,5.548893066781151e-07,0.7628,0.0020893863501917492,50000,0.9981436055618356
71,3,1.0,fit,1264,sim,clean,wiener,6.799598191576634e-05,6.90230080197504e-05,5.887581057415131e-07,0.7401,0.0022169163018574078,50000,1.0151042175588603
71,1,0.6,fit,1264,sim,clean,wiener,0.00013958040488298,0.00014257672984025857,7.900377369968638e-07,0.46314,0.002974816857977721,50000,1.021466659018439
71,11,3.0,fit,1256,sim,clean,wiener,8.455989516226337e-05,8.667313927405055e-05,6.338015922854312e-07,0.67364,0.002386523545711725,50000,1.0249910919086647
34,21,10.0,fit,1274,sim,clean,wiener,7.773303537381871e-05,7.7282398359936e-05,6.076494834338306e-07,0.709,0.00228805010496301,50000,0.994202760618885
34,27,30.0,fit,1265,sim,clean,wiener,6.310364759082243e-05,6.321753300893185e-05,5.567757310327801e-07,0.76196,0.0020964895133810026,50000,1.001804735898119
34,25,26.0,fit,1273,sim,clean,wiener,6.564503326482636e-05,6.489065709713664e-05,5.593877766821833e-07,0.75566,0.0021063249390420465,50000,0.9885082521834303
71,7,1.8,fit,1257,sim,clean,wiener,9.558337402007882e-05,9.662158821756672e-05,6.741458039297742e-07,0.63618,0.0025384360877348778,50000,1.0108618701540062
34,19,8.0,fit,1274,sim,clean,wiener,8.141608945771297e-05,8.123946961616639e-05,6.243883935406929e-07,0.6941,0.0023510789827471926,50000,0.9978306518684084
71,5,1.4,fit,1258,sim,clean,wiener,9.92573103012812e-05,0.0001003077727166592,6.930483514426281e-07,0.6223,0.0026096119498066235,50000,1.0105832246732203
34,23,20.0,fit,1274,sim,clean,wiener,6.796560506964526e-05,6.744549102230015e-05,5.720664804308631e-07,0.74604,0.002154065470769365,50000,0.9923473932614572
71,9,2.0,fit,1257,sim,clean,wiener,9.657511710228581e-05,9.800257952846592e-05,6.752070662024758e-07,0.63098,0.002542432176468018,50000,1.0147808511033773
34,29,40.0,fit,1265,sim,clean,wiener,6.311160983865928e-05,6.316441795851266e-05,5.576625390188643e-07,0.76216,0.002099828710008268,50000,1.0008367417657127
71,3,1.0,fit,1265,sim,clean,wiener,6.799598191576634e-05,6.900707350462463e-05,5.903216101780907e-07,0.74016,0.002222803538805271,50000,1.0148698726067495
71,1,0.6,fit,1265,sim,clean,wiener,0.00013958040488298,0.0001412647880949043,7.849764713249614e-07,0.46808,0.0029557591120772373,50000,1.0120674761857615
34,21,10.0,fit,1275,sim,clean,wiener,7.773303537381871e-05,7.801007455067903e-05,6.107885697574763e-07,0.70626,0.0022998700554247757,50000,1.0035639824886298
71,11,3.0,fit,1257,sim,clean,wiener,8.455989516226337e-05,8.521778689256449e-05,6.322992004620361e-07,0.67912,0.0023808664228753998,50000,1.0077801862104805
34,25,26.0,fit,1274,sim,clean,wiener,6.564503326482636e-05,6.545898813662208e-05,5.644864925416821e-07,0.75352,0.0021255237002943024,50000,0.9971658917826467
34,27,30.0,fit,1266,sim,clean,wiener,6.310364759082243e-05,6.357340384674048e-05,5.545528289623864e-07,0.76062,0.0020881193732687374,50000,1.0074442013077287
71,7,1.8,fit,1258,sim,clean,wiener,9.558337402007882e-05,9.628696339992576e-05,6.755975889522356e-07,0.63744,0.0025439026551616374,50000,1.0073610017124854
34,19,8.0,fit,1275,sim,clean,wiener,8.141608945771297e-05,8.230708212959231e-05,6.24955475916734e-07,0.69008,0.0023532142810160092,50000,1.010943692798487
34,23,20.0,fit,1275,sim,clean,wiener,6.796560506964526e-05,6.848123450547455e-05,5.748214145518375e-07,0.74214,0.002164438930266181,50000,1.0075866231942012
71,5,1.4,fit,1259,sim,clean,wiener,9.92573103012812e-05,0.00010078049666539008,6.849810267632216e-07,0.62052,0.002579235155976111,50000,1.0153458355811322
71,9,2.0,fit,1258,sim,clean,wiener,9.657511710228581e-05,9.734395290326783e-05,6.78216066096605e-07,0.63346,0.002553762298045165,50000,1.007961013396108
34,29,40.0,fit,1266,sim,clean,wiener,6.311160983865928e-05,6.367963394757888e-05,5.552059716177341e-07,0.76022,0.0020905787238678347,50000,1.009000310883714
34,21,10.0,fit,1276,sim,clean,wiener,7.773303537381871e-05,7.882804632713471e-05,6.097008677799245e-07,0.70318,0.002295774410333724,50000,1.0140868158312626
71,3,1.0,fit,1266,sim,clean,wiener,6.799598191576634e-05,6.927796026176256e-05,5.866654127726583e-07,0.73914,0.002209036452540355,50000,1.018853736792629
71,1,0.6,fit,1266,sim,clean,wiener,0.00013958040488298,0.00014362840783855874,7.938073904997476e-07,0.45918,0.0029890111530904337,50000,1.0290012266332977
34,25,26.0,fit,1275,sim,clean,wiener,6.564503326482636e-05,6.592640058031105e-05,5.641139153136858e-07,0.75176,0.002124120793867383,50000,1.0042861935091052
71,11,3.0,fit,1258,sim,clean,wiener,8.455989516226337e-05,8.453791424719873e-05,6.324996207091745e-07,0.68168,0.0023816210874970344,50000,0.9997400550814017
34,27,30.0,fit,1267,sim,clean,wiener,6.310364759082243e-05,6.339812418035712e-05,5.561364463028069e-07,0.76128,0.0020940823435678223,50000,1.004666554165682
34,19,8.0,fit,1276,sim,clean,wiener,8.141608945771297e-05,8.225927858421504e-05,6.228641520195582e-07,0.69026,0.0023453395868166423,50000,1.0103565417120655
71,7,1.8,fit,1259,sim,clean,wiener,9.558337402007882e-05,9.684998293436928e-05,6.806470347822737e-07,0.63532,0.0025629158944984595,50000,1.013251351788695
34,23,20.0,fit,1276,sim,clean,wiener,6.796560506964526e-05,6.911861511050497e-05,5.763616245160996e-07,0.73974,0.002170238453949605,50000,1.016964610845121
71,5,1.4,fit,1260,sim,clean,wiener,9.92573103012812e-05,0.00010018029659565311,6.823694024902416e-07,0.62278,0.002569401316970525,50000,1.0092989251025473
71,9,2.0,fit,1259,sim,clean,wiener,9.657511710228581e-05,9.805569457888511e-05,6.801147563703156e-07,0.63078,0.0025609116474620466,50000,1.0153308380152537
34,21,10.0,fit,1277,sim,clean,wiener,7.773303537381871e-05,7.892365341788927e-05,6.098805579393261e-07,0.70282,0.0022964510176530562,50000,1.015316757390791
34,29,40.0,fit,1267,sim,clean,wiener,6.311160983865928e-05,6.363714190724354e-05,5.555310865143076e-07,0.76038,0.002091802915105563,50000,1.008327026832745
71,3,1.0,fit,1267,sim,clean,wiener,6.799598191576634e-05,6.902831952479233e-05,5.875713966820697e-07,0.74008,0.002212447854402016,50000,1.0151823325428972
34,25,26.0,fit,1276,sim,clean,wiener,6.564503326482636e-05,6.698870158869505e-05,5.672024664375383e-07,0.74776,0.0021357504585273112,50000,1.020468697432874
71,1,0.6,fit,1267,sim,clean,wiener,0.00013958040488298,0.0001434159476368819,7.90369367395316e-07,0.45998,0.0029760655827584933,50000,1.0274790917616088
71,11,3.0,fit,1259,sim,clean,wiener,8.455989516226337e-05,8.515404883206145e-05,6.347963901152878e-07,0.67936,0.002390269368494554,50000,1.0070264239171294
34,19,8.0,fit,1277,sim,clean,wiener,8.141608945771297e-05,8.229645911950848e-05,6.190195228387826e-07,0.69012,0.002330862977454766,50000,1.0108132147792823
34,27,30.0,fit,1268,sim,clean,wiener,6.310364759082243e-05,6.364245341228543e-05,5.525825035821744e-07,0.76036,0.0020807002882272598,50000,1.0085384259394439
34,23,20.0,fit,1277,sim,clean,wiener,6.796560506964526e-05,6.901769651470848e-05,5.731091753802566e-07,0.74012,0.002157991645897372,50000,1.015479762800392
71,7,1.8,fit,1260,sim,clean,wiener,9.558337402007882e-05,9.692965550999807e-05,6.767174727567729e-07,0.63502,0.0025481194780609807,50000,1.0140848918938188
71,5,1.4,fit,1261,sim,clean,wiener,9.92573103012812e-05,0.00010074331613009664,6.900973411607367e-07,0.62066,0.0025985001829586167,50000,1.0149712482063526
71,9,2.0,fit,1260,sim,clean,wiener,9.657511710228581e-05,9.775825029653759e-05,6.801967603764717e-07,0.6319,0.002561220426256414,50000,1.012250911308745
34,21,10.0,fit,1278,sim,clean,wiener,7.773303537381871e-05,7.846686398428414e-05,6.104026294794058e-07,0.70454,0.002298416831620884,50000,1.0094403699397103
34,29,40.0,fit,1268,sim,clean,wiener,6.311160983865928e-05,6.373274899799807e-05,5.535499499654796e-07,0.76002,0.0020843431215698616,50000,1.0098419159474255
71,3,1.0,fit,1268,sim,clean,wiener,6.799598191576634e-05,6.934700982730752e-05,5.874007093480799e-07,0.73888,0.002211805146421349,50000,1.0198692315851081
34,25,26.0,fit,1277,sim,clean,wiener,6.564503326482636e-05,6.625571389291009e-05,5.626799593874993e-07,0.75052,0.0021187213603174973,50000,1.0093027697254735
71,1,0.6,fit,1268,sim,clean,wiener,0.00013958040488298,0.00014282105907218685,7.901654675086633e-07,0.46222,0.0029752978158636358,50000,1.0232171141208806
34,19,8.0,fit,1278,sim,clean,wiener,8.141608945771297e-05,8.230177062455039e-05,6.212302756587591e-07,0.6901,0.002339187370644751,50000,1.0108784537888844
71,11,3.0,fit,1260,sim,clean,wiener,8.455989516226337e-05,8.628008790094846e-05,6.403601881733297e-07,0.67512,0.0024112193554158903,50000,1.020342891099666
34,27,30.0,fit,1269,sim,clean,wiener,6.310364759082243e-05,6.36583879274112e-05,5.551670450017694e-07,0.7603,0.0020904321491563077,50000,1.0087909393159937
34,23,20.0,fit,1278,sim,clean,wiener,6.796560506964526e-05,6.847061149539073e-05,5.72250632493864e-07,0.74218,0.0021547588789900016,50000,1.0074303234000195
71,7,1.8,fit,1261,sim,clean,wiener,9.558337402007882e-05,9.649942360160256e-05,6.761357747859479e-07,0.63664,0.0025459291460694492,50000,1.0095837753261494
34,21,10.0,fit,1279,sim,clean,wiener,7.773303537381871e-05,7.835001087336191e-05,6.147717287951627e-07,0.70498,0.0023148682866464356,50000,1.00793710803362
71,5,1.4,fit,1262,sim,clean,wiener,9.92573103012812e-05,0.00010131695867462398,6.835832160416225e-07,0.6185,0.002573971823980501,50000,1.0207505962743804
71,9,2.0,fit,1261,sim,clean,wiener,9.657511710228581e-05,9.81088096293043e-05,6.776330928057449e-07,0.63058,0.002551567163949427,50000,1.01588082492713
34,29,40.0,fit,1269,sim,clean,wiener,6.311160983865928e-05,6.359996137195009e-05,5.555822115023984e-07,0.76052,0.0020919954217027983,50000,1.007737903288147
34,25,26.0,fit,1278,sim,clean,wiener,6.564503326482636e-05,6.646817409458687e-05,5.656337163549993e-07,0.74972,0.0021298434695659605,50000,1.012539270510227
71,3,1.0,fit,1269,sim,clean,wiener,6.799598191576634e-05,6.92354682214272e-05,5.862124195845556e-07,0.7393,0.002207330746965278,50000,1.0182288169203344
34,19,8.0,fit,1279,sim,clean,wiener,8.141608945771297e-05,8.225927858421504e-05,6.298406639690572e-07,0.69026,0.002371609022294678,50000,1.0103565417120655
71,1,0.6,fit,1269,sim,clean,wiener,0.00013958040488298,0.0001429379121831091,7.880291268784949e-07,0.46178,0.002967253615158534,50000,1.0240542883003092
71,11,3.0,fit,1261,sim,clean,wiener,8.455989516226337e-05,8.50425072261811e-05,6.339852268163055e-07,0.67978,0.0023872150052111516,50000,1.0057073399037646
34,23,20.0,fit,1279,sim,clean,wiener,6.796560506964526e-05,6.816785570800128e-05,5.715027706828299e-07,0.74332,0.002151942871831459,50000,1.0029757792658327
34,27,30.0,fit,1270,sim,clean,wiener,6.310364759082243e-05,6.39770782299264e-05,5.547389781197731e-07,0.7591,0.0020888203013707256,50000,1.0138412068469873
34,21,10.0,fit,1280,sim,clean,wiener,7.773303537381871e-05,7.770200725824767e-05,6.099075420874304e-07,0.70742,0.002296552624063636,50000,0.9996008374634822
71,7,1.8,fit,1262,sim,clean,wiener,9.558337402007882e-05,9.693496701504e-05,6.754023981725716e-07,0.635,0.0025431676816348365,50000,1.0141404612341605
71,5,1.4,fit,1263,sim,clean,wiener,9.92573103012812e-05,0.00010035026475699455,6.879567414360361e-07,0.62214,0.0025904399450117207,50000,1.011011324530111
71,9,2.0,fit,1262,sim,clean,wiener,9.657511710228581e-05,9.83372043461069e-05,6.716389262146032e-07,0.62972,0.0025289966625799136,50000,1.0182457686481996
34,25,26.0,fit,1279,sim,clean,wiener,6.564503326482636e-05,6.6128237771904e-05,5.661478731953825e-07,0.751,0.002131779481435762,50000,1.0073608692546212
34,29,40.0,fit,1270,sim,clean,wiener,6.311160983865928e-05,6.383897909883649e-05,5.547676406338687e-07,0.75962,0.0020889282275192256,50000,1.0115251260748488
34,19,8.0,fit,1280,sim,clean,wiener,8.141608945771297e-05,8.160065195901696e-05,6.250498592030254e-07,0.69274,0.0023535696728891092,50000,1.0022669045213703
71,3,1.0,fit,1270,sim,clean,wiener,6.799598191576634e-05,6.921953370630143e-05,5.915825457874316e-07,0.73936,0.0022275514797349665,50000,1.0179944719682237
71,1,0.6,fit,1270,sim,clean,wiener,0.00013958040488298,0.00014282637057722882,7.862585598053527e-07,0.4622,0.002960586702262214,50000,1.023255167492673
34,23,20.0,fit,1280,sim,clean,wiener,6.796560506964526e-05,6.749860607271937e-05,5.676749738903351e-07,0.74584,0.0021375296433311197,50000,0.9931288922323673
71,11,3.0,fit,1262,sim,clean,wiener,8.455989516226337e-05,8.615792328498432e-05,6.367532158445034e-07,0.67558,0.0023976376218004312,50000,1.01889818003741
34,27,30.0,fit,1271,sim,clean,wiener,6.310364759082243e-05,6.322815601901567e-05,5.53492813563013e-07,0.76192,0.0020841279795262577,50000,1.001973078149152
34,21,10.0,fit,1281,sim,clean,wiener,7.773303537381871e-05,7.864214365066753e-05,6.095893546004163e-07,0.70388,0.002295354517370701,50000,1.0116952627988463
71,7,1.8,fit,1263,sim,clean,wiener,9.558337402007882e-05,9.752985557973504e-05,6.800360343465378e-07,0.63276,0.0025606152266805294,50000,1.0203642273524194
34,25,26.0,fit,1280,sim,clean,wiener,6.564503326482636e-05,6.515623234923264e-05,5.582329881214799e-07,0.75466,0.002101976685386672,50000,0.9925538781643725
71,9,2.0,fit,1263,sim,clean,wiener,9.657511710228581e-05,9.7997268023424e-05,6.769050019712032e-07,0.631,0.0025488256026450686,50000,1.0147258524121896
71,5,1.4,fit,1264,sim,clean,wiener,9.92573103012812e-05,0.00010010593552506625,6.842760848129791e-07,0.62306,0.0025765807597374598,50000,1.0085497503529883
34,19,8.0,fit,1281,sim,clean,wiener,8.141608945771297e-05,8.206275289766401e-05,6.206231288587966e-07,0.691,0.0023369012133497066,50000,1.0079426983567776
34,29,40.0,fit,1271,sim,clean,wiener,6.311160983865928e-05,6.297320377700351e-05,5.523429069503582e-07,0.76288,0.002079798108412216,50000,0.997806963536351
71,3,1.0,fit,1271,sim,clean,wiener,6.799598191576634e-05,6.960196206931968e-05,5.882222811148005e-07,0.73792,0.002214898701864623,50000,1.0236187508188768
34,23,20.0,fit,1281,sim,clean,wiener,6.796560506964526e-05,6.841749644497151e-05,5.719725108658137e-07,0.74238,0.002153711636726819,50000,1.0066488244291092
71,1,0.6,fit,1271,sim,clean,wiener,0.00013958040488298,0.00014178000408397056,7.898976570218759e-07,0.46614,0.002974289399286136,50000,1.0157586532496066
71,11,3.0,fit,1263,sim,clean,wiener,8.455989516226337e-05,8.532401699340289e-05,6.35131554650452e-07,0.67872,0.0023915314007529023,50000,1.009036456699399
34,27,30.0,fit,1272,sim,clean,wiener,6.310364759082243e-05,6.346717374590207e-05,5.538747803949165e-07,0.76102,0.002085566241671879,50000,1.0057607787973972
34,21,10.0,fit,1282,sim,clean,wiener,7.773303537381871e-05,7.846155247924225e-05,6.085325787234519e-07,0.70456,0.002291375321761833,50000,1.0093720398530701
71,7,1.8,fit,1264,sim,clean,wiener,9.558337402007882e-05,9.615417577387777e-05,6.744014378447907e-07,0.63794,0.00253939865451397,50000,1.0059717682039455
34,25,26.0,fit,1281,sim,clean,wiener,6.564503326482636e-05,6.623446787274238e-05,5.652559676220687e-07,0.7506,0.002128421090296999,50000,1.0089791196469977
34,19,8.0,fit,1282,sim,clean,wiener,8.141608945771297e-05,8.21689829985024e-05,6.230568128501446e-07,0.6906,0.002346065034045124,50000,1.009247478548825
71,5,1.4,fit,1265,sim,clean,wiener,9.92573103012812e-05,0.00010047774087800064,6.893208931002522e-07,0.62166,0.0025955765368193147,50000,1.012295624100784
71,9,2.0,fit,1264,sim,clean,wiener,9.657511710228581e-05,9.660565370244095e-05,6.732487507861019e-07,0.63624,0.002535058313877591,50000,1.0003161953210244
34,29,40.0,fit,1272,sim,clean,wiener,6.311160983865928e-05,6.341405869548288e-05,5.534222384686926e-07,0.76122,0.0020838622352832856,50000,1.0047922855651565
71,3,1.0,fit,1272,sim,clean,wiener,6.799598191576634e-05,6.919297618109184e-05,5.847131357166212e-07,0.73946,0.0022016853268589176,50000,1.0176038970480394
34,23,20.0,fit,1282,sim,clean,wiener,6.796560506964526e-05,6.857684159622912e-05,5.740452039128305e-07,0.74178,0.0021615161781163438,50000,1.0089933213418394
71,1,0.6,fit,1272,sim,clean,wiener,0.00013958040488298,0.00014193403773018624,8.024855840077144e-07,0.46556,0.0030216881191837573,50000,1.0168622010315809
71,11,3.0,fit,1264,sim,clean,wiener,8.455989516226337e-05,8.520185237743872e-05,6.345135423617464e-07,0.67918,0.002389204330426025,50000,1.0075917456371426
34,27,30.0,fit,1273,sim,clean,wiener,6.310364759082243e-05,6.249516832323071e-05,5.518986872031006e-07,0.76468,0.0020781254384486117,50000,0.9903574628278664
34,21,10.0,fit,1283,sim,clean,wiener,7.773303537381871e-05,7.922640920527873e-05,6.157752524764493e-07,0.70168,0.0023186469658470253,50000,1.0192115723292983
71,7,1.8,fit,1265,sim,clean,wiener,9.558337402007882e-05,9.705182012596224e-05,6.749012783009818e-07,0.63456,0.0025412807593119366,50000,1.0153629867216756
34,25,26.0,fit,1282,sim,clean,wiener,6.564503326482636e-05,6.63406979735808e-05,5.65160095522778e-07,0.7502,0.0021280600924309177,50000,1.010597370039375
34,19,8.0,fit,1283,sim,clean,wiener,8.141608945771297e-05,8.294446273462272e-05,6.280804876991521e-07,0.68768,0.002364981235044122,50000,1.0187723739507728
71,5,1.4,fit,1266,sim,clean,wiener,9.92573103012812e-05,0.00010050960990825217,6.810753226593338e-07,0.62154,0.002564528574421306,50000,1.0126166989934524
34,29,40.0,fit,1273,sim,clean,wiener,6.311160983865928e-05,6.271825153499137e-05,5.521947620537489e-07,0.76384,0.002079240281975302,50000,0.9937672592305361
71,9,2.0,fit,1265,sim,clean,wiener,9.657511710228581e-05,9.81566131746816e-05,6.816954466966772e-07,0.6304,0.0025668635963499273,50000,1.016375813147819
71,3,1.0,fit,1273,sim,clean,wiener,6.799598191576634e-05,6.845998848530688e-05,5.855344139286424e-07,0.74222,0.002204777776948071,50000,1.0068240292509543
34,23,20.0,fit,1283,sim,clean,wiener,6.796560506964526e-05,6.866182567689983e-05,5.728883483944691e-07,0.74146,0.0021571601415156776,50000,1.0102437196952951
71,1,0.6,fit,1273,sim,clean,wiener,0.00013958040488298,0.0001425129917797555,8.099699750091973e-07,0.46338,0.003049869928077522,50000,1.0210100185569322
71,11,3.0,fit,1265,sim,clean,wiener,8.455989516226337e-05,8.586047900263681e-05,6.382030168230947e-07,0.6767,0.002403096718486395,50000,1.0153806226684379
34,27,30.0,fit,1274,sim,clean,wiener,6.310364759082243e-05,6.287759668624895e-05,5.536874882908551e-07,0.76324,0.0020848610099058044,50000,0.996417783865059
71,13,4.0,fit,1234,sim,clean,wiener,7.307199405934809e-05,7.440887413225727e-05,5.986865052485872e-07,0.71982,0.0022543008074870407,50000,1.0182953823844383
34,25,26.0,fit,1283,sim,clean,wiener,6.564503326482636e-05,6.646817409458687e-05,5.669897473837079e-07,0.74972,0.0021349494838425413,50000,1.012539270510227
71,7,1.8,fit,1266,sim,clean,wiener,9.558337402007882e-05,9.7067754641088e-05,6.708660063455761e-07,0.6345,0.0025260863015318605,50000,1.0155296947427004
71,15,5.0,fit,1234,sim,clean,wiener,7.917255596235724e-05,8.040025181954304e-05,6.146144046033775e-07,0.69726,0.0023142758963896493,50000,1.0155065835915353
71,5,1.4,fit,1267,sim,clean,wiener,9.92573103012812e-05,0.00010047774087800064,6.849235452385309e-07,0.62166,0.0025790187144054564,50000,1.012295624100784
34,29,40.0,fit,1274,sim,clean,wiener,6.311160983865928e-05,6.304756484759041e-05,5.537965133452206e-07,0.7626,0.002085271534054817,50000,0.9989852106255473
71,3,1.0,fit,1274,sim,clean,wiener,6.799598191576634e-05,6.86830716970675e-05,5.858647624431174e-07,0.74138,0.0022060216749086974,50000,1.0101048585805017
71,9,2.0,fit,1266,sim,clean,wiener,9.657511710228581e-05,9.801320253854977e-05,6.734229355468194e-07,0.63094,0.0025357141911076524,50000,1.0148908484857526
71,17,6.0,fit,1234,sim,clean,wiener,6.974811175163279e-05,7.157784194491392e-05,5.85241165906307e-07,0.73048,0.0022036735775920655,50000,1.0262334011248453
71,1,0.6,fit,1274,sim,clean,wiener,0.00013958040488298,0.00014150380582179074,7.921928796999724e-07,0.46718,0.0029829318562168247,50000,1.0137798779164116
34,27,30.0,fit,1275,sim,clean,wiener,6.310364759082243e-05,6.355215782657279e-05,5.532820630765282e-07,0.7607,0.0020833344173068055,50000,1.0071075168056622
71,11,3.0,fit,1266,sim,clean,wiener,8.455989516226337e-05,8.542493558919935e-05,6.356494531741885e-07,0.67834,0.0023934815015987047,50000,1.0102299136638715
71,13,4.0,fit,1235,sim,clean,wiener,7.307199405934809e-05,7.272512703396864e-05,5.927025805976694e-07,0.72616,0.0022317688712328496,50000,0.9952530784215669
71,19,8.0,fit,1234,sim,clean,wiener,6.602377032594836e-05,6.730739189121024e-05,5.699834746213184e-07,0.74656,0.0021462220975894284,50000,1.019441809501712
71,7,1.8,fit,1267,sim,clean,wiener,9.558337402007882e-05,9.683404841924354e-05,6.701818783724639e-07,0.63538,0.0025235102784735637,50000,1.0130846437676702
71,15,5.0,fit,1235,sim,clean,wiener,7.917255596235724e-05,7.890771890276353e-05,6.131071224721656e-07,0.70288,0.0023086003595340276,50000,0.9966549386163606
34,29,40.0,fit,1275,sim,clean,wiener,6.311160983865928e-05,6.347779675598592e-05,5.542284214824099e-07,0.76098,0.0020868978457453096,50000,1.0058022116416105
71,5,1.4,fit,1268,sim,clean,wiener,9.92573103012812e-05,0.00010024403465615616,6.878903117353159e-07,0.62254,0.0025901898098797914,50000,1.0099410748878839
71,17,6.0,fit,1235,sim,clean,wiener,6.974811175163279e-05,6.938950186764287e-05,5.786711293330941e-07,0.73872,0.0021789346890045175,50000,0.9948585004671252
71,9,2.0,fit,1267,sim,clean,wiener,9.657511710228581e-05,9.759359364023808e-05,6.755000578654804e-07,0.63252,0.0025435354105257557,50000,1.010545951881928
71,3,1.0,fit,1275,sim,clean,wiener,6.799598191576634e-05,6.93416983222656e-05,5.845477074778946e-07,0.7389,0.0022010624215338887,50000,1.0197911166010714
71,1,0.6,fit,1275,sim,clean,wiener,0.00013958040488298,0.0001422421050226176,7.954380519118695e-07,0.4644,0.002995151263658916,50000,1.0190692965955293
34,27,30.0,fit,1276,sim,clean,wiener,6.310364759082243e-05,6.447104819882495e-05,5.588566848278441e-07,0.75724,0.002104325159882853,50000,1.0216691215200273
71,11,3.0,fit,1267,sim,clean,wiener,8.455989516226337e-05,8.526027893289983e-05,6.334745381291406e-07,0.67896,0.0023852920523639476,50000,1.0082826944060477
71,13,4.0,fit,1236,sim,clean,wiener,7.307199405934809e-05,7.405831479949055e-05,5.938484620391821e-07,0.72114,0.0022360835859228257,50000,1.013497931086175
71,19,8.0,fit,1235,sim,clean,wiener,6.602377032594836e-05,6.574580940888576e-05,5.62856784458242e-07,0.75244,0.0021193871794002134,50000,0.9957899872168712
71,15,5.0,fit,1236,sim,clean,wiener,7.917255596235724e-05,7.978942873972225e-05,6.129451402667197e-07,0.69956,0.002307990429940937,50000,1.0077914975696667
71,7,1.8,fit,1268,sim,clean,wiener,9.558337402007882e-05,9.68552944394112e-05,6.734760470398625e-07,0.6353,0.0025359141777126686,50000,1.0133069211290364
71,17,6.0,fit,1236,sim,clean,wiener,6.974811175163279e-05,7.073331264324864e-05,5.801149678094691e-07,0.73366,0.0021843713344185003,50000,1.0141251263564535
71,5,1.4,fit,1269,sim,clean,wiener,9.92573103012812e-05,0.00010061052850404863,6.9041790934905e-07,0.62116,0.0025997072539706303,50000,1.0136334361535682
34,29,40.0,fit,1276,sim,clean,wiener,6.311160983865928e-05,6.465163937025024e-05,5.599988508474441e-07,0.75656,0.002108625884481947,50000,1.0244016835496346
71,9,2.0,fit,1268,sim,clean,wiener,9.657511710228581e-05,9.738113343856128e-05,6.725294948157076e-07,0.63332,0.0025323500194686893,50000,1.0083460042344219
71,3,1.0,fit,1276,sim,clean,wiener,6.799598191576634e-05,6.938419036260097e-05,5.861160871343286e-07,0.73874,0.0022069680156886744,50000,1.020416036473366
71,1,0.6,fit,1276,sim,clean,wiener,0.00013958040488298,0.00014190216869993473,7.892706670876364e-07,0.46568,0.002971928524433185,50000,1.0166338808008275
71,13,4.0,fit,1237,sim,clean,wiener,7.307199405934809e-05,7.312880141715457e-05,5.929187033817114e-07,0.72464,0.002232582662361113,50000,1.0007774162801735
34,27,30.0,fit,1277,sim,clean,wiener,6.310364759082243e-05,6.371150297783039e-05,5.567358745884376e-07,0.7601,0.002096339437483388,50000,1.009632650571159
71,11,3.0,fit,1268,sim,clean,wiener,8.455989516226337e-05,8.563208428583422e-05,6.361669234232144e-07,0.67756,0.002395429989814161,50000,1.0126796411172627
71,19,8.0,fit,1236,sim,clean,wiener,6.602377032594836e-05,6.662220774080255e-05,5.632258621098835e-07,0.74914,0.0021207769084835093,50000,1.0090639691114245
71,15,5.0,fit,1237,sim,clean,wiener,7.917255596235724e-05,7.924234372040447e-05,6.134092691824874e-07,0.70162,0.002309738066108481,50000,1.0008814640022536
71,7,1.8,fit,1269,sim,clean,wiener,9.558337402007882e-05,9.644099704614144e-05,6.704497839318478e-07,0.63686,0.0025245190530384736,50000,1.0089725125823918
71,17,6.0,fit,1237,sim,clean,wiener,6.974811175163279e-05,7.035619578527233e-05,5.828659281863095e-07,0.73508,0.002194729831135077,50000,1.0087182866800017
71,5,1.4,fit,1270,sim,clean,wiener,9.92573103012812e-05,0.00010049898689816832,6.846997199406382e-07,0.62158,0.0025781759201461032,50000,1.0125096740292296
34,29,40.0,fit,1277,sim,clean,wiener,6.311160983865928e-05,6.349373127111167e-05,5.543400612754499e-07,0.76092,0.0020873182154603296,50000,1.0060546931607237
71,9,2.0,fit,1269,sim,clean,wiener,9.657511710228581e-05,9.799195651838207e-05,6.762040932191866e-07,0.63102,0.0025461863930557535,50000,1.0146708537210019
71,13,4.0,fit,1238,sim,clean,wiener,7.307199405934809e-05,7.41751679104128e-05,5.955652615651697e-07,0.7207,0.0022425480419007004,50000,1.0150970815189295
71,3,1.0,fit,1277,sim,clean,wiener,6.799598191576634e-05,6.997376742225408e-05,5.910047859671391e-07,0.73652,0.002225375976499132,50000,1.0290867997014563
71,1,0.6,fit,1277,sim,clean,wiener,0.00013958040488298,0.0001435221777377203,7.99131072913005e-07,0.45958,0.003009057005899539,50000,1.028240159197453
34,27,30.0,fit,1278,sim,clean,wiener,6.310364759082243e-05,6.397176672488447e-05,5.55842751605172e-07,0.75912,0.00209297646229569,50000,1.0137570357214707
71,11,3.0,fit,1269,sim,clean,wiener,8.455989516226337e-05,8.531339398331903e-05,6.34834034012232e-07,0.67876,0.0023904111132416533,50000,1.0089108296505072
71,19,8.0,fit,1237,sim,clean,wiener,6.602377032594836e-05,6.641505904416767e-05,5.636159342124486e-07,0.74992,0.0021222456903051833,50000,1.0059264824818028
71,15,5.0,fit,1238,sim,clean,wiener,7.917255596235724e-05,8.000188894139903e-05,6.138955474013094e-07,0.69876,0.002311569103507426,50000,1.010475005751186
71,17,6.0,fit,1238,sim,clean,wiener,6.974811175163279e-05,7.04039993306496e-05,5.79260507087956e-07,0.7349,0.002181153938540046,50000,1.0094036607234955
71,7,1.8,fit,1270,sim,clean,wiener,9.558337402007882e-05,9.67809333688243e-05,6.733324694639046e-07,0.63558,0.002535373549115596,50000,1.0125289503642538
71,5,1.4,fit,1271,sim,clean,wiener,9.92573103012812e-05,0.000100387445292288,6.902392987086046e-07,0.622,0.00259903471148395,50000,1.011385911904891
34,29,40.0,fit,1278,sim,clean,wiener,6.311160983865928e-05,6.412580037110017e-05,5.560018692508609e-07,0.75854,0.002093575605643698,50000,1.0160697934188907
71,13,4.0,fit,1239,sim,clean,wiener,7.307199405934809e-05,7.368650944655617e-05,5.929376310761243e-07,0.72254,0.002232653932911601,50000,1.0084097251637745
71,9,2.0,fit,1270,sim,clean,wiener,9.657511710228581e-05,9.857622207299327e-05,6.805323687058806e-07,0.62882,0.0025624841295825342,50000,1.0207207097516435
71,3,1.0,fit,1278,sim,clean,wiener,6.799598191576634e-05,7.006937451300863e-05,5.889192978249922e-07,0.73616,0.002217523256316481,50000,1.0304928694141195
71,1,0.6,fit,1278,sim,clean,wiener,0.00013958040488298,0.00014307601131419905,7.956521371623821e-07,0.46126,0.002995957382635827,50000,1.025043675966907
34,27,30.0,fit,1279,sim,clean,wiener,6.310364759082243e-05,6.322284451397377e-05,5.534706848696222e-07,0.76194,0.0020840446558987127,50000,1.0018889070236356
71,19,8.0,fit,1238,sim,clean,wiener,6.602377032594836e-05,6.685591396264703e-05,5.674228648083188e-07,0.74826,0.0021365803489973045,50000,1.0126036976166388
71,11,3.0,fit,1270,sim,clean,wiener,8.455989516226337e-05,8.607825070935551e-05,6.394844224855386e-07,0.67588,0.0024079217375810986,50000,1.0179559771707207
71,15,5.0,fit,1239,sim,clean,wiener,7.917255596235724e-05,7.965664111367423e-05,6.114631309312853e-07,0.70006,0.002302410055550861,50000,1.0061143049562167
71,17,6.0,fit,1239,sim,clean,wiener,6.974811175163279e-05,7.028183471468543e-05,5.786272058987274e-07,0.73536,0.002178769299217555,50000,1.0076521492790111
71,7,1.8,fit,1271,sim,clean,wiener,9.558337402007882e-05,9.612230674362625e-05,6.705435694696499e-07,0.63806,0.0025248721941427818,50000,1.0056383521618961
71,13,4.0,fit,1240,sim,clean,wiener,7.307199405934809e-05,7.373962449697537e-05,5.98698614657759e-07,0.72234,0.0022543464043906537,50000,1.0091366117241174
71,5,1.4,fit,1272,sim,clean,wiener,9.92573103012812e-05,0.00010030246121161728,6.848201329011888e-07,0.62232,0.00257862932444338,50000,1.010529712191109
34,29,40.0,fit,1279,sim,clean,wiener,6.311160983865928e-05,6.31803524736384e-05,5.544954877182533e-07,0.7621,0.00208790345991205,50000,1.001089223284826
71,3,1.0,fit,1279,sim,clean,wiener,6.799598191576634e-05,7.000032494746369e-05,5.930098817586203e-07,0.73642,0.0022329259864328752,50000,1.0294773746216408
71,19,8.0,fit,1239,sim,clean,wiener,6.602377032594836e-05,6.616010680215552e-05,5.638027768805815e-07,0.75088,0.0021229492297602276,50000,1.0020649604761147
71,9,2.0,fit,1271,sim,clean,wiener,9.657511710228581e-05,9.81088096293043e-05,6.704786003257141e-07,0.63058,0.002524627558607569,50000,1.01588082492713
71,1,0.6,fit,1279,sim,clean,wiener,0.00013958040488298,0.0001423536466284979,7.963996671670571e-07,0.46398,0.002998772140407025,50000,1.0198684174031656
34,27,30.0,fit,1280,sim,clean,wiener,6.310364759082243e-05,6.279261260557824e-05,5.508731327563652e-07,0.76356,0.002074263804359436,50000,0.995071045856794
71,15,5.0,fit,1240,sim,clean,wiener,7.917255596235724e-05,7.990628185064448e-05,6.135371776421528e-07,0.69912,0.0023102196940412646,50000,1.0092674270695023
71,11,3.0,fit,1271,sim,clean,wiener,8.455989516226337e-05,8.506375324634881e-05,6.376218083545811e-07,0.6797,0.002400908229672296,50000,1.0059585940015485
71,17,6.0,fit,1240,sim,clean,wiener,6.974811175163279e-05,7.040931083569152e-05,5.78234287200935e-07,0.73488,0.0021772897987946374,50000,1.009479813394995
71,7,1.8,fit,1272,sim,clean,wiener,9.558337402007882e-05,9.684467142932735e-05,6.770292590219912e-07,0.63534,0.0025492934815223634,50000,1.013195782448353
71,13,4.0,fit,1241,sim,clean,wiener,7.307199405934809e-05,7.42017254356224e-05,5.978821509210254e-07,0.7206,0.0022512720827801503,50000,1.0154605247991009
71,5,1.4,fit,1273,sim,clean,wiener,9.92573103012812e-05,9.888960087046656e-05,6.856157891033627e-07,0.62764,0.0025816252971324555,50000,0.9962953919494846
34,29,40.0,fit,1280,sim,clean,wiener,6.311160983865928e-05,6.282979314087168e-05,5.496686552412047e-07,0.76342,0.0020697284513637995,50000,0.9955346298643302
71,19,8.0,fit,1240,sim,clean,wiener,6.602377032594836e-05,6.61016802466944e-05,5.634708091560574e-07,0.7511,0.0021216992348081225,50000,1.0011800283498111
71,3,1.0,fit,1280,sim,clean,wiener,6.799598191576634e-05,6.917704166596609e-05,5.871694059987901e-07,0.73952,0.002210934194224319,50000,1.0173695520959292
71,1,0.6,fit,1280,sim,clean,wiener,0.00013958040488298,0.00014223679351757566,7.824685024488012e-07,0.46442,0.002946315578252581,50000,1.019031243223737
34,27,30.0,fit,1281,sim,clean,wiener,6.310364759082243e-05,6.39770782299264e-05,5.550389927414399e-07,0.7591,0.0020899499797549085,50000,1.0138412068469873
71,9,2.0,fit,1272,sim,clean,wiener,9.657511710228581e-05,9.749267504444159e-05,6.709155636229977e-07,0.6329,0.0025262729050539528,50000,1.0095009767493626
71,15,5.0,fit,1241,sim,clean,wiener,7.917255596235724e-05,7.992221636577023e-05,6.206049208625897e-07,0.69906,0.0023368326527588262,50000,1.0094686901831162
71,11,3.0,fit,1272,sim,clean,wiener,8.455989516226337e-05,8.560021525558273e-05,6.386672256501317e-07,0.67768,0.0024048446555527195,50000,1.0123027599705874
71,17,6.0,fit,1241,sim,clean,wiener,6.974811175163279e-05,7.022871966426624e-05,5.807603663986657e-07,0.73556,0.002186801525425015,50000,1.006890622564018
71,13,4.0,fit,1242,sim,clean,wiener,7.307199405934809e-05,7.384585459781375e-05,5.956801118221068e-07,0.72194,0.0022429805003320894,50000,1.010590384844803
71,7,1.8,fit,1273,sim,clean,wiener,9.558337402007882e-05,9.592046955203326e-05,6.729656567556549e-07,0.63882,0.00253399234847527,50000,1.003526717228915
34,29,40.0,fit,1281,sim,clean,wiener,6.311160983865928e-05,6.401957027026177e-05,5.557545895740317e-07,0.75894,0.002092644496005742,50000,1.0143865832914678
71,3,1.0,fit,1281,sim,clean,wiener,6.799598191576634e-05,7.002157096763136e-05,5.945681349607778e-07,0.73634,0.0022387934503244064,50000,1.0297898345577878
71,5,1.4,fit,1274,sim,clean,wiener,9.92573103012812e-05,9.947386642507776e-05,6.831033279060728e-07,0.62544,0.0025721648478719884,50000,1.0021817649817353
71,19,8.0,fit,1241,sim,clean,wiener,6.602377032594836e-05,6.601138466098175e-05,5.625246541607683e-07,0.75144,0.00211813657229412,50000,0.9998124059727964
34,27,30.0,fit,1282,sim,clean,wiener,6.310364759082243e-05,6.395583220975873e-05,5.542139998113988e-07,0.75918,0.0020868435422253194,50000,1.0135045223449213
71,1,0.6,fit,1281,sim,clean,wiener,0.00013958040488298,0.0001429113546578995,7.947037733806178e-07,0.46188,0.0029923864031327313,50000,1.0238640214413481
71,9,2.0,fit,1273,sim,clean,wiener,9.657511710228581e-05,9.663221122765054e-05,6.760469600175757e-07,0.63614,0.002545594721955488,50000,1.0005911887769627
71,15,5.0,fit,1242,sim,clean,wiener,7.917255596235724e-05,7.989034733551871e-05,6.128203525937648e-07,0.69918,0.002307520553053049,50000,1.0090661639558882
71,17,6.0,fit,1242,sim,clean,wiener,6.974811175163279e-05,7.0111866553344e-05,5.790944230790018e-07,0.736,0.002180528563970528,50000,1.0052152637910328
71,11,3.0,fit,1273,sim,clean,wiener,8.455989516226337e-05,8.410237083376127e-05,6.327901009764682e-07,0.68332,0.002382714865117506,50000,0.9945893460768352
71,13,4.0,fit,1243,sim,clean,wiener,7.307199405934809e-05,7.344749171966976e-05,5.962621375858686e-07,0.72344,0.0022451720665987813,50000,1.005138735642231
34,29,40.0,fit,1282,sim,clean,wiener,6.311160983865928e-05,6.385491361396224e-05,5.537247850746609e-07,0.75956,0.0020850014476292422,50000,1.011777607593962
71,7,1.8,fit,1274,sim,clean,wiener,9.558337402007882e-05,9.621791383438078e-05,6.715114555863152e-07,0.6377,0.0025285166832622556,50000,1.0066386002880445
71,3,1.0,fit,1282,sim,clean,wiener,6.799598191576634e-05,6.986753732141567e-05,5.894799428492824e-07,0.73692,0.002219634315309611,50000,1.0275245000207194
71,19,8.0,fit,1242,sim,clean,wiener,6.602377032594836e-05,6.605918820635903e-05,5.646491143793747e-07,0.75126,0.0021261360383657496,50000,1.0005364413488629
34,27,30.0,fit,1283,sim,clean,wiener,6.310364759082243e-05,6.39770782299264e-05,5.588217428116668e-07,0.7591,0.0021041935888275625,50000,1.0138412068469873
71,1,0.6,fit,1282,sim,clean,wiener,0.00013958040488298,0.00014311319184949248,7.914652537458995e-07,0.46112,0.0029801920453785395,50000,1.0253100495694525
71,5,1.4,fit,1275,sim,clean,wiener,9.92573103012812e-05,9.948448943516161e-05,6.868114910353079e-07,0.6254,0.0025861276064497144,50000,1.002288789945958
71,15,5.0,fit,1243,sim,clean,wiener,7.917255596235724e-05,7.942824639687168e-05,6.155421199238428e-07,0.70092,0.0023177691259475375,50000,1.0032295336610835
71,9,2.0,fit,1274,sim,clean,wiener,9.657511710228581e-05,9.718991925705215e-05,6.750533475031443e-07,0.63404,0.002541853362372509,50000,1.0063660513516663
71,17,6.0,fit,1243,sim,clean,wiener,6.974811175163279e-05,6.962851959452927e-05,5.789547821376789e-07,0.73782,0.002180002758421175,50000,0.9982853706845947
71,11,3.0,fit,1274,sim,clean,wiener,8.455989516226337e-05,8.464414434803712e-05,6.343060146732709e-07,0.68128,0.0023884229033659444,50000,1.00099632557032
71,13,4.0,fit,1244,sim,clean,wiener,7.307199405934809e-05,7.35909023558016e-05,5.942258126040874e-07,0.7229,0.0022375044659254883,50000,1.007101329355157
34,29,40.0,fit,1283,sim,clean,wiener,6.311160983865928e-05,6.420547294672895e-05,5.586066265069464e-07,0.75824,0.0021033835875077004,50000,1.0173322010144579
71,7,1.8,fit,1275,sim,clean,wiener,9.558337402007882e-05,9.647817758143489e-05,6.769522523074753e-07,0.63672,0.002549003519585368,50000,1.0093614979647831
71,19,8.0,fit,1243,sim,clean,wiener,6.602377032594836e-05,6.583079348955648e-05,5.634817750883686e-07,0.75212,0.002121740526051281,50000,0.9970771612187672
71,3,1.0,fit,1283,sim,clean,wiener,6.799598191576634e-05,6.95541585239424e-05,5.889421194470306e-07,0.7381,0.0022176091891052416,50000,1.0229157159625453
71,1,0.6,fit,1283,sim,clean,wiener,0.00013958040488298,0.00014258204134530049,7.89124190268057e-07,0.46312,0.0029713769789920215,50000,1.021504712390231
71,21,10.0,fit,1234,sim,clean,wiener,5.972288190815345e-05,6.108230798207999e-05,5.427259379755437e-07,0.77,0.002043586266763137,50000,1.0227622316688798
71,5,1.4,fit,1276,sim,clean,wiener,9.92573103012812e-05,0.00010044056034270719,6.893920712708144e-07,0.6218,0.0025958445518922575,50000,1.0119210367260045
71,15,5.0,fit,1244,sim,clean,wiener,7.917255596235724e-05,7.984785529518336e-05,6.134444803484378e-07,0.69934,0.002309870650623313,50000,1.0085294623195844
71,17,6.0,fit,1244,sim,clean,wiener,6.974811175163279e-05,6.988347183654144e-05,5.78686013902819e-07,0.73686,0.0021789907355284593,50000,1.0019406989165622
71,9,2.0,fit,1275,sim,clean,wiener,9.657511710228581e-05,9.745018300410625e-05,6.821918442022942e-07,0.63306,0.0025687327370236134,50000,1.0090609872198615
71,13,4.0,fit,1245,sim,clean,wiener,7.307199405934809e-05,7.346873773983744e-05,5.988302831796492e-07,0.72336,0.0022548421905034446,50000,1.005429490266368
71,11,3.0,fit,1275,sim,clean,wiener,8.455989516226337e-05,8.507968776147455e-05,6.359705878863938e-07,0.67964,0.0023946907058060647,50000,1.0061470345748862
71,23,20.0,fit,1234,sim,clean,wiener,4.642648205377131e-05,4.7962890528537596e-05,4.873494334826603e-07,0.8194,0.0018350709625100665,50000,1.0330933641060034
71,19,8.0,fit,1244,sim,clean,wiener,6.602377032594836e-05,6.550148017695744e-05,5.617376895548834e-07,0.75336,0.002115173327038119,50000,0.9920893619614198
71,7,1.8,fit,1276,sim,clean,wiener,9.558337402007882e-05,9.730146086293249e-05,6.701358605863858e-07,0.63362,0.0025233370025914367,50000,1.0179747457177308
71,25,26.0,fit,1234,sim,clean,wiener,4.510227555057961e-05,4.648629212688383e-05,4.806461365112123e-07,0.82496,0.0018098302937408816,50000,1.0306861806729046
71,21,10.0,fit,1235,sim,clean,wiener,5.972288190815345e-05,5.9669447640929276e-05,5.393854751898349e-07,0.77532,0.0020310080511374536,50000,0.9991052965711475
71,27,30.0,fit,1234,sim,clean,wiener,4.489606045488867e-05,4.6342881490752e-05,4.788297088998143e-07,0.8255,0.0018029906970651287,50000,1.0322260131780847
71,15,5.0,fit,1245,sim,clean,wiener,7.917255596235724e-05,7.923172071032065e-05,6.131499762776267e-07,0.70166,0.0023087617217284447,50000,1.0007472885931779
71,5,1.4,fit,1277,sim,clean,wiener,9.92573103012812e-05,0.00010215617647124735,6.920216246846189e-07,0.61534,0.002605745901483574,50000,1.0292055684479768
71,17,6.0,fit,1245,sim,clean,wiener,6.974811175163279e-05,7.010124354326016e-05,5.790412616740462e-07,0.73604,0.0021803283894266424,50000,1.0050629584480342
71,9,2.0,fit,1276,sim,clean,wiener,9.657511710228581e-05,9.823097424526847e-05,6.726291159969797e-07,0.63012,0.002532725134169648,50000,1.0171457948244462
71,13,4.0,fit,1246,sim,clean,wiener,7.307199405934809e-05,7.454166175830529e-05,5.964953746249557e-07,0.71932,0.0022460502999328224,50000,1.020112598785296
71,11,3.0,fit,1276,sim,clean,wiener,8.455989516226337e-05,8.622166134548734e-05,6.347203409090587e-07,0.67534,0.0023899830119698817,50000,1.0196519423307606
71,23,20.0,fit,1235,sim,clean,wiener,4.642648205377131e-05,4.641724256133889e-05,4.810434507316229e-07,0.82522,0.0018113263451134205,50000,0.9998009865916243
71,19,8.0,fit,1245,sim,clean,wiener,6.602377032594836e-05,6.58892200450176e-05,5.628737422507416e-07,0.7519,0.002119451032460187,50000,0.9979620933450709
71,25,26.0,fit,1235,sim,clean,wiener,4.510227555057961e-05,4.507343178573311e-05,4.743338013285177e-07,0.83028,0.0017860617568276121,50000,0.9993604809403873
71,15,5.0,fit,1246,sim,clean,wiener,7.917255596235724e-05,7.980005174980608e-05,6.112857955299846e-07,0.69952,0.002301742314863801,50000,1.0079256729787425
71,21,10.0,fit,1236,sim,clean,wiener,5.972288190815345e-05,6.0147483094702085e-05,5.380885348624998e-07,0.77352,0.0020261245376432583,50000,1.0071095227320346
71,27,30.0,fit,1235,sim,clean,wiener,4.489606045488867e-05,4.4930021149601274e-05,4.73626910728262e-07,0.83082,0.0017834000231205865,50000,1.0007564292806208
71,7,1.8,fit,1277,sim,clean,wiener,9.558337402007882e-05,9.790166093266943e-05,6.854609496706093e-07,0.63136,0.0025810422630148885,50000,1.0242540811763312
71,17,6.0,fit,1246,sim,clean,wiener,6.974811175163279e-05,7.056334448190721e-05,5.763549348161097e-07,0.7343,0.002170213264479061,50000,1.0116882408684753
71,5,1.4,fit,1278,sim,clean,wiener,9.92573103012812e-05,0.00010033964174691073,6.85608019118931e-07,0.62218,0.0025815960399468915,50000,1.0109042995658886
71,13,4.0,fit,1247,sim,clean,wiener,7.307199405934809e-05,7.345280322471169e-05,5.959381979366956e-07,0.72342,0.0022439523006506502,50000,1.0052114242982655
71,9,2.0,fit,1277,sim,clean,wiener,9.657511710228581e-05,9.875681324441854e-05,6.801412290049072e-07,0.62814,0.0025610113278139715,50000,1.0225906652520238
71,23,20.0,fit,1236,sim,clean,wiener,4.642648205377131e-05,4.7622954205854724e-05,4.864830258437648e-07,0.82068,0.0018318085815763859,50000,1.0257713291887518
71,11,3.0,fit,1277,sim,clean,wiener,8.455989516226337e-05,8.635976047657728e-05,6.396438420084301e-07,0.67482,0.0024085220176208737,50000,1.0212850939663551
71,19,8.0,fit,1246,sim,clean,wiener,6.602377032594836e-05,6.706837416432383e-05,5.647620750360138e-07,0.74746,0.002126561381675217,50000,1.0158216326213791
71,25,26.0,fit,1236,sim,clean,wiener,4.510227555057961e-05,4.621009386470401e-05,4.81261820935153e-07,0.826,0.0018121485986999524,50000,1.0245623596725633
71,21,10.0,fit,1237,sim,clean,wiener,5.972288190815345e-05,6.025902470058239e-05,5.417873723794069e-07,0.7731,0.0020400521814568848,50000,1.008977175502908
71,27,30.0,fit,1236,sim,clean,wiener,4.489606045488867e-05,4.607199473361407e-05,4.796553332750545e-07,0.82652,0.0018060995122454744,50000,1.0261923711526308
71,15,5.0,fit,1247,sim,clean,wiener,7.917255596235724e-05,7.936450833636864e-05,6.122477572336438e-07,0.70116,0.0023053644961328282,50000,1.0024244812066274
71,17,6.0,fit,1247,sim,clean,wiener,6.974811175163279e-05,6.964445410965504e-05,5.780269351895936e-07,0.73776,0.0021765090332311865,50000,0.9985138286990928
71,7,1.8,fit,1278,sim,clean,wiener,9.558337402007882e-05,9.70730661461299e-05,6.714844524325635e-07,0.63448,0.0025284150052876,50000,1.0155852640830416
71,5,1.4,fit,1279,sim,clean,wiener,9.92573103012812e-05,0.0001013435161998336,6.921790612999728e-07,0.6184,0.0026063387150613124,50000,1.0210181586849374
71,13,4.0,fit,1248,sim,clean,wiener,7.307199405934809e-05,7.302257131631615e-05,5.904595343437691e-07,0.72504,0.0022233228799885697,50000,0.9993236431594873
71,23,20.0,fit,1237,sim,clean,wiener,4.642648205377131e-05,4.699619661090816e-05,4.832155088220426e-07,0.82304,0.001819505036739531,50000,1.0122713273100685
71,9,2.0,fit,1278,sim,clean,wiener,9.657511710228581e-05,9.76307741755315e-05,6.741076387578637e-07,0.63238,0.0025382923801732385,50000,1.0109309427202413
71,19,8.0,fit,1247,sim,clean,wiener,6.602377032594836e-05,6.577767843913728e-05,5.603163888416753e-07,0.75232,0.002109821545567553,50000,0.9962726774675823
71,11,3.0,fit,1278,sim,clean,wiener,8.455989516226337e-05,8.547273913457663e-05,6.34290447375723e-07,0.67816,0.0023883642860910853,50000,1.010795235383885
71,25,26.0,fit,1237,sim,clean,wiener,4.510227555057961e-05,4.5710812390763535e-05,4.7644406525334287e-07,0.82788,0.0017940077680171725,50000,1.013492375556561
71,21,10.0,fit,1238,sim,clean,wiener,5.972288190815345e-05,6.0545845972846067e-05,5.396148908334211e-07,0.77202,0.002031871895346489,50000,1.01377971119944
71,27,30.0,fit,1237,sim,clean,wiener,4.489606045488867e-05,4.5317761017661445e-05,4.7485855256222706e-07,0.82936,0.001788037660943556,50000,1.0093928188464665
71,15,5.0,fit,1248,sim,clean,wiener,7.917255596235724e-05,7.841906043890687e-05,6.048181384914214e-07,0.70472,0.002277388927311616,50000,0.9904828697988655
71,17,6.0,fit,1248,sim,clean,wiener,6.974811175163279e-05,6.964976561469698e-05,5.768420419576859e-07,0.73774,0.002172047423112939,50000,0.9985899813705923
71,13,4.0,fit,1249,sim,clean,wiener,7.307199405934809e-05,7.262420843817217e-05,5.93559572693134e-07,0.72654,0.002234995798774859,50000,0.9938719939569155
71,7,1.8,fit,1279,sim,clean,wiener,9.558337402007882e-05,9.818848220493313e-05,6.776446051218169e-07,0.63028,0.002551610512552059,50000,1.0272548255547775
71,5,1.4,fit,1280,sim,clean,wiener,9.92573103012812e-05,9.8528418527616e-05,6.798524684277835e-07,0.629,0.002559924025533941,50000,0.9926565431659113
71,23,20.0,fit,1238,sim,clean,wiener,4.642648205377131e-05,4.7856660427699206e-05,4.882056410163223e-07,0.8198,0.0018382949358543618,50000,1.0308052281943625
71,19,8.0,fit,1248,sim,clean,wiener,6.602377032594836e-05,6.598482713577216e-05,5.633780523804103e-07,0.75154,0.0021213499674162437,50000,0.999410164097204
71,9,2.0,fit,1279,sim,clean,wiener,9.657511710228581e-05,9.874619023433472e-05,6.802257956403769e-07,0.62818,0.0025613297559611815,50000,1.0224806678696485
71,25,26.0,fit,1238,sim,clean,wiener,4.510227555057961e-05,4.624727439999743e-05,4.818150010104875e-07,0.82586,0.0018142315490914842,50000,1.0253867201918396
71,11,3.0,fit,1279,sim,clean,wiener,8.455989516226337e-05,8.640756402195455e-05,6.459523378787242e-07,0.67464,0.0024322760979446447,50000,1.0218504156863684
71,15,5.0,fit,1249,sim,clean,wiener,7.917255596235724e-05,7.863683214562561e-05,6.112752690093166e-07,0.7039,0.0023017026781861176,50000,0.9932334656849232
71,21,10.0,fit,1239,sim,clean,wiener,5.972288190815345e-05,5.978630075185152e-05,5.398177814322396e-07,0.77488,0.00203263586185774,50000,1.0010618851882533
71,27,30.0,fit,1238,sim,clean,wiener,4.489606045488867e-05,4.5992322157985275e-05,4.803756187408887e-07,0.82682,0.001808811683127925,50000,1.0244177705569093
71,17,6.0,fit,1249,sim,clean,wiener,6.974811175163279e-05,6.915579564579839e-05,5.747046167229203e-07,0.7396,0.0021639991384256557,50000,0.991507782921155
71,13,4.0,fit,1250,sim,clean,wiener,7.307199405934809e-05,7.401051125411328e-05,5.95026477534013e-07,0.72132,0.0022405192985335966,50000,1.0128437331818663
71,7,1.8,fit,1280,sim,clean,wiener,9.558337402007882e-05,9.606388018816513e-05,6.686977702115158e-07,0.63828,0.0025179220011426187,50000,1.0050270894181386
71,5,1.4,fit,1281,sim,clean,wiener,9.92573103012812e-05,0.00010044587184774911,6.831681862264164e-07,0.62178,0.002572409066110818,50000,1.0119745492081158
71,19,8.0,fit,1249,sim,clean,wiener,6.602377032594836e-05,6.5597087267712e-05,5.598107719865883e-07,0.753,0.0021079176902531124,50000,0.9935374327135529
71,23,20.0,fit,1239,sim,clean,wiener,4.642648205377131e-05,4.675717888402176e-05,4.834829573423811e-07,0.82394,0.0018205120903645494,50000,1.0071230215088758
71,15,5.0,fit,1250,sim,clean,wiener,7.917255596235724e-05,7.976287121451265e-05,6.116363056730609e-07,0.69966,0.0023030621296443953,50000,1.0074560590469768
71,25,26.0,fit,1239,sim,clean,wiener,4.510227555057961e-05,4.525933446220032e-05,4.756249024168658e-07,0.82958,0.0017909232831865567,50000,1.0034822835367714
71,21,10.0,fit,1240,sim,clean,wiener,5.972288190815345e-05,6.013686008461823e-05,5.403514545058321e-07,0.77356,0.0020346453603685413,50000,1.0069316510395703
71,17,6.0,fit,1250,sim,clean,wiener,6.974811175163279e-05,7.026058869451776e-05,5.788712514940454e-07,0.73544,0.0021796882312091165,50000,1.0073475385930137
71,27,30.0,fit,1239,sim,clean,wiener,4.489606045488867e-05,4.5115923826068484e-05,4.738050605413194e-07,0.83012,0.0017840708304027086,50000,1.0048971640039717
71,9,2.0,fit,1280,sim,clean,wiener,9.657511710228581e-05,9.692965550999807e-05,6.772217884507293e-07,0.63502,0.0025500184339688685,50000,1.0036711154834712
71,11,3.0,fit,1280,sim,clean,wiener,8.455989516226337e-05,8.532401699340289e-05,6.334788458817385e-07,0.67872,0.002385308272823361,50000,1.009036456699399
71,13,4.0,fit,1251,sim,clean,wiener,7.307199405934809e-05,7.355903332555007e-05,5.936367939263021e-07,0.72302,0.002235286568462767,50000,1.006665197418951
71,7,1.8,fit,1281,sim,clean,wiener,9.558337402007882e-05,9.692965550999807e-05,6.776616902341209e-07,0.63502,0.0025516748450234365,50000,1.0140848918938188
71,5,1.4,fit,1282,sim,clean,wiener,9.92573103012812e-05,0.00010093984181664767,6.808339020047203e-07,0.61992,0.002563619526410589,50000,1.0169512100444733
71,19,8.0,fit,1250,sim,clean,wiener,6.602377032594836e-05,6.614417228702974e-05,5.646860378535636e-07,0.75094,0.0021262750704250156,50000,1.001823615350759
71,23,20.0,fit,1240,sim,clean,wiener,4.642648205377131e-05,4.6969639085698564e-05,4.840206029838011e-07,0.82314,0.0018225365472263114,50000,1.0116992933321582
71,15,5.0,fit,1251,sim,clean,wiener,7.917255596235724e-05,7.965664111367423e-05,6.159797162288042e-07,0.70006,0.0023194168559280523,50000,1.0061143049562167
71,25,26.0,fit,1240,sim,clean,wiener,4.510227555057961e-05,4.579048496639232e-05,4.773200028919226e-07,0.82758,0.001797306033317371,50000,1.0152588623835825
71,17,6.0,fit,1251,sim,clean,wiener,6.974811175163279e-05,7.005343999788288e-05,5.817494698259684e-07,0.73622,0.0021905259064413044,50000,1.0043775844045404
71,21,10.0,fit,1241,sim,clean,wiener,5.972288190815345e-05,5.939856088379135e-05,5.355929490882634e-07,0.77634,0.0020167276312879393,50000,0.9945695684133117
71,27,30.0,fit,1240,sim,clean,wiener,4.489606045488867e-05,4.560458228992511e-05,4.7677276004424165e-07,0.82828,0.0017952454390287018,50000,1.015781380991064
71,11,3.0,fit,1281,sim,clean,wiener,8.455989516226337e-05,8.574893739675646e-05,6.369485419830049e-07,0.67712,0.0023983731050089,50000,1.014061538655073
71,13,4.0,fit,1252,sim,clean,wiener,7.307199405934809e-05,7.429733252637695e-05,6.0043813945082e-07,0.72024,0.0022608964303412354,50000,1.0167689206077182
71,9,2.0,fit,1281,sim,clean,wiener,9.657511710228581e-05,9.805038307384319e-05,6.751031108444688e-07,0.6308,0.0025420407418099067,50000,1.015275839324066
71,19,8.0,fit,1251,sim,clean,wiener,6.602377032594836e-05,6.619197583240704e-05,5.61651778605206e-07,0.75076,0.00211484983699528,50000,1.0025476507268258
71,5,1.4,fit,1283,sim,clean,wiener,9.92573103012812e-05,0.00010194902777461248,6.924053364479284e-07,0.61612,0.002607190734013266,50000,1.0271185816456336
71,23,20.0,fit,1241,sim,clean,wiener,4.642648205377131e-05,4.664032577309952e-05,4.822113772105043e-07,0.82438,0.0018157240684316279,50000,1.0046060720060705
71,15,5.0,fit,1252,sim,clean,wiener,7.917255596235724e-05,8.02090376380339e-05,6.143864536903055e-07,0.69798,0.002313417567493139,50000,1.0130914262281674
71,7,1.8,fit,1282,sim,clean,wiener,9.558337402007882e-05,9.71474272167168e-05,6.769447383385844e-07,0.6342,0.002548975226403561,50000,1.0163632348478244
71,17,6.0,fit,1252,sim,clean,wiener,6.974811175163279e-05,7.039337632056575e-05,5.79630931612668e-07,0.73494,0.0021825487391541414,50000,1.0092513553804967
71,25,26.0,fit,1241,sim,clean,wiener,4.510227555057961e-05,4.5179661886571534e-05,4.753577748221769e-07,0.82988,0.0017899174379785389,50000,1.00171579670975
71,21,10.0,fit,1242,sim,clean,wiener,5.972288190815345e-05,5.983410429722878e-05,5.388603189551495e-07,0.7747,0.002029030622026342,50000,1.0018623078043418
71,27,30.0,fit,1241,sim,clean,wiener,4.489606045488867e-05,4.5046874260523516e-05,4.735742272420019e-07,0.83038,0.0017832016481370582,50000,1.0033591768210126
71,13,4.0,fit,1253,sim,clean,wiener,7.307199405934809e-05,7.3298769578496e-05,5.953727949062496e-07,0.724,0.0022418233258083647,50000,1.0031034532732708
71,11,3.0,fit,1282,sim,clean,wiener,8.455989516226337e-05,8.469725939845631e-05,6.292012908971369e-07,0.68108,0.0023692015198377506,50000,1.0016244608147793
71,9,2.0,fit,1282,sim,clean,wiener,9.657511710228581e-05,9.762546267048961e-05,6.771767239598293e-07,0.6324,0.0025498487476349786,50000,1.010875944029054
71,19,8.0,fit,1252,sim,clean,wiener,6.602377032594836e-05,6.636194399374847e-05,5.663129444998292e-07,0.75012,0.002132401042756494,50000,1.0051219987306177
71,15,5.0,fit,1253,sim,clean,wiener,7.917255596235724e-05,7.939637736662015e-05,6.16014964638808e-07,0.70104,0.0023195495806820556,50000,1.0028270074338554
71,23,20.0,fit,1242,sim,clean,wiener,4.642648205377131e-05,4.6916524035279366e-05,4.829432178278096e-07,0.82334,0.0018184797492095972,50000,1.0105552253763377
71,17,6.0,fit,1253,sim,clean,wiener,6.974811175163279e-05,6.989940635166719e-05,5.787104790620156e-07,0.7368,0.002179082856910265,50000,1.00216915693106
71,29,40.0,fit,1234,sim,clean,wiener,4.436772257121386e-05,4.590202657227264e-05,4.77228988188216e-07,0.82716,0.0017969633255425,50000,1.0345815361290203
71,7,1.8,fit,1283,sim,clean,wiener,9.558337402007882e-05,9.7333329893184e-05,6.775958304699949e-07,0.6335,0.0025514268559370806,50000,1.0183081617597802
71,25,26.0,fit,1242,sim,clean,wiener,4.510227555057961e-05,4.548241767396095e-05,4.76892049488761e-07,0.82874,0.0017956946128262522,50000,1.0084284466524318
71,13,4.0,fit,1254,sim,clean,wiener,7.307199405934809e-05,7.333063860874753e-05,5.93788788306738e-07,0.72388,0.0022358588897887803,50000,1.0035395852094766
71,21,10.0,fit,1243,sim,clean,wiener,5.972288190815345e-05,5.9483544964462066e-05,5.394271509772085e-07,0.77602,0.0020311649776094975,50000,0.9959925419530248
71,27,30.0,fit,1242,sim,clean,wiener,4.489606045488867e-05,4.525933446220032e-05,4.759083862572708e-07,0.82958,0.0017919907163836174,50000,1.0080914450762704
71,19,8.0,fit,1253,sim,clean,wiener,6.602377032594836e-05,6.581485897443073e-05,5.629895188500978e-07,0.75218,0.002119886978951595,50000,0.996835816093412
71,11,3.0,fit,1283,sim,clean,wiener,8.455989516226337e-05,8.578080642700798e-05,6.380889291168298e-07,0.677,0.0024026671313717657,50000,1.0144384198017486
71,9,2.0,fit,1283,sim,clean,wiener,9.657511710228581e-05,9.859215658811904e-05,6.791276318273875e-07,0.62876,0.0025571947177589305,50000,1.0208857058252068
71,15,5.0,fit,1254,sim,clean,wiener,7.917255596235724e-05,7.905644104393726e-05,6.144656089940365e-07,0.70232,0.0023137156197517977,50000,0.9985333943434239
71,17,6.0,fit,1254,sim,clean,wiener,6.974811175163279e-05,7.0111866553344e-05,5.789107552374846e-07,0.736,0.0021798369790428374,50000,1.0052152637910328
71,23,20.0,fit,1243,sim,clean,wiener,4.642648205377131e-05,4.6725309853770236e-05,4.813826179399751e-07,0.82406,0.0018126034490817888,50000,1.0064365807353834
71,29,40.0,fit,1235,sim,clean,wiener,4.436772257121386e-05,4.467506890758913e-05,4.721337462680469e-07,0.83178,0.0017777776450999291,50000,1.006927250680536
71,25,26.0,fit,1243,sim,clean,wiener,4.510227555057961e-05,4.5524909714296325e-05,4.7660440357365005e-07,0.82858,0.0017946115077069281,50000,1.009370572960177
71,13,4.0,fit,1255,sim,clean,wiener,7.307199405934809e-05,7.33253271037056e-05,5.935543321970436e-07,0.7239,0.0022349760661527526,50000,1.0034668965534423
83,1,0.6,fit,1234,sim,clean,wiener,0.0001563600744674814,0.00016237802063653634,8.143530664428576e-07,0.38858,0.0030663740691790277,50000,1.0384877417688012
71,21,10.0,fit,1244,sim,clean,wiener,5.972288190815345e-05,5.988721934764801e-05,5.388713985490046e-07,0.7745,0.002029072341251939,50000,1.002751666266663
71,27,30.0,fit,1243,sim,clean,wiener,4.489606045488867e-05,4.5269957472284146e-05,4.7386731313668744e-07,0.82954,0.0017843052370158125,50000,1.008328058489033
71,19,8.0,fit,1254,sim,clean,wiener,6.602377032594836e-05,6.56767598433408e-05,5.61633775978225e-07,0.7527,0.002114782049703961,50000,0.9947441583403306
71,15,5.0,fit,1255,sim,clean,wiener,7.917255596235724e-05,7.97788057296384e-05,6.143308843707047e-07,0.6996,0.00231320832616074,50000,1.0076573221605907
83,3,1.0,fit,1234,sim,clean,wiener,0.00013547397449561798,0.00013847093644285438,7.755840900814262e-07,0.4786,0.002920392935562642,50000,1.022122049333788
83,5,1.4,fit,1234,sim,clean,wiener,0.00011878999435082579,0.0001209164122793088,7.486128456215588e-07,0.5447,0.0028188351125087163,50000,1.017900648451948
71,17,6.0,fit,1255,sim,clean,wiener,6.974811175163279e-05,6.981442227099648e-05,5.813367260646849e-07,0.73712,0.0021889717565044186,50000,1.000950714187071
71,23,20.0,fit,1244,sim,clean,wiener,4.642648205377131e-05,4.6783736409231354e-05,4.836206779981774e-07,0.82384,0.0018210306652494807,50000,1.007695055486786
71,13,4.0,fit,1256,sim,clean,wiener,7.307199405934809e-05,7.472756443477247e-05,5.983680808376145e-07,0.71862,0.002253101808678004,50000,1.022656701746496
71,29,40.0,fit,1236,sim,clean,wiener,4.436772257121386e-05,4.548772917900288e-05,4.775360446901325e-07,0.82872,0.0017981195195006837,50000,1.0252437254581033
71,25,26.0,fit,1244,sim,clean,wiener,4.510227555057961e-05,4.535494155295489e-05,4.762455362294894e-07,0.82922,0.001793260224628673,50000,1.0056020677291977
83,1,0.6,fit,1235,sim,clean,wiener,0.0001563600744674814,0.00016191591969788927,8.201181876261898e-07,0.39032,0.0030880821204294063,50000,1.0355323777462344
71,21,10.0,fit,1245,sim,clean,wiener,5.972288190815345e-05,5.9414495398917124e-05,5.381525670134883e-07,0.77628,0.0020263656450148345,50000,0.994836375952008
71,27,30.0,fit,1244,sim,clean,wiener,4.489606045488867e-05,4.4945955664727025e-05,4.7260279171011917e-07,0.83076,0.001779543794010155,50000,1.001111349399765
71,19,8.0,fit,1255,sim,clean,wiener,6.602377032594836e-05,6.633007496349695e-05,5.650908823406006e-07,0.75024,0.002127799476347035,50000,1.0046393084799068
71,15,5.0,fit,1256,sim,clean,wiener,7.917255596235724e-05,8.037369429433345e-05,6.136486366132824e-07,0.69736,0.0023106393828874576,50000,1.0151711450688454
83,3,1.0,fit,1235,sim,clean,wiener,0.00013547397449561798,0.00013790260540336898,7.763805376639846e-07,0.48074,0.0029233918881241953,50000,1.0179269185597677
71,17,6.0,fit,1256,sim,clean,wiener,6.974811175163279e-05,7.121665960206335e-05,5.824698380771733e-07,0.73184,0.002193238389044708,50000,1.0210550194628913
83,5,1.4,fit,1235,sim,clean,wiener,0.00011878999435082579,0.00012010375200789503,7.348961704634653e-07,0.54776,0.0027671861917232237,50000,1.0110594975969884
71,23,20.0,fit,1245,sim,clean,wiener,4.642648205377131e-05,4.6491603631925754e-05,4.801912776984486e-07,0.82494,0.0018081175633220122,50000,1.0014026817297728
71,13,4.0,fit,1257,sim,clean,wiener,7.307199405934809e-05,7.334657312387327e-05,5.953861690517115e-07,0.72382,0.002241873684964033,50000,1.0037576511775792
71,25,26.0,fit,1245,sim,clean,wiener,4.510227555057961e-05,4.517435038152961e-05,4.7230979279002357e-07,0.8299,0.0017784405326264862,50000,1.0015980309212817
71,29,40.0,fit,1237,sim,clean,wiener,4.436772257121386e-05,4.4908775129433605e-05,4.733262337665844e-07,0.8309,0.0017822678507539804,50000,1.0121947336231043
71,21,10.0,fit,1246,sim,clean,wiener,5.972288190815345e-05,6.0885782295528965e-05,5.439080105495282e-07,0.77074,0.0020480372559447545,50000,1.0194716053582933
71,27,30.0,fit,1245,sim,clean,wiener,4.489606045488867e-05,4.498313620002047e-05,4.72123398365091e-07,0.83062,0.0017777386809913604,50000,1.0019394963444352
71,19,8.0,fit,1256,sim,clean,wiener,6.602377032594836e-05,6.73817529617971e-05,5.666206581934884e-07,0.74628,0.0021335597113117553,50000,1.0205680867533709
71,15,5.0,fit,1257,sim,clean,wiener,7.917255596235724e-05,7.933263930611711e-05,6.162752017480595e-07,0.70128,0.0023205294803797785,50000,1.0020219549793994
83,1,0.6,fit,1236,sim,clean,wiener,0.0001563600744674814,0.00016227710204073985,8.165681408789862e-07,0.38896,0.0030747147350304073,50000,1.0378423174420337
71,17,6.0,fit,1257,sim,clean,wiener,6.974811175163279e-05,7.017029310880512e-05,5.80000473917346e-07,0.73578,0.002183940217847135,50000,1.0060529431775254
83,3,1.0,fit,1236,sim,clean,wiener,0.00013547397449561798,0.00013755735757564415,7.767124408626126e-07,0.48204,0.002924641640109776,50000,1.0153784746316243
83,5,1.4,fit,1236,sim,clean,wiener,0.00011878999435082579,0.00012023122812890111,7.294222646566137e-07,0.54728,0.002746574686081603,50000,1.0121326192997273
71,13,4.0,fit,1258,sim,clean,wiener,7.307199405934809e-05,7.277824208438783e-05,5.93137178971527e-07,0.72596,0.002233405312770333,50000,0.9959799649819097
71,23,20.0,fit,1246,sim,clean,wiener,4.642648205377131e-05,4.7522035610058234e-05,4.852097447066245e-07,0.82106,0.0018270141546593778,50000,1.0235976000726923
71,25,26.0,fit,1246,sim,clean,wiener,4.510227555057961e-05,4.608792924873985e-05,4.791363049489692e-07,0.82646,0.0018041451572293765,50000,1.0218537465377968
71,19,8.0,fit,1257,sim,clean,wiener,6.602377032594836e-05,6.651066613492223e-05,5.654925216036543e-07,0.74956,0.002129311813283116,50000,1.007374553233936
71,21,10.0,fit,1247,sim,clean,wiener,5.972288190815345e-05,5.9451675934210544e-05,5.365130965584013e-07,0.77614,0.002020192364778262,50000,0.9954589268756323
71,27,30.0,fit,1246,sim,clean,wiener,4.489606045488867e-05,4.581173098656e-05,4.772276487745764e-07,0.8275,0.0017969582820995247,50000,1.0203953425399404
71,29,40.0,fit,1238,sim,clean,wiener,4.436772257121386e-05,4.530713800757759e-05,4.7664409460750626e-07,0.8294,0.0017947609607660627,50000,1.0211733977297548
71,15,5.0,fit,1258,sim,clean,wiener,7.917255596235724e-05,7.880680030696704e-05,6.119077947027753e-07,0.70326,0.0023040843974482354,50000,0.9953802722301387
83,1,0.6,fit,1237,sim,clean,wiener,0.0001563600744674814,0.00016286136759535103,8.200020284968565e-07,0.38676,0.0030876447335553793,50000,1.041578984597003
71,17,6.0,fit,1258,sim,clean,wiener,6.974811175163279e-05,6.991002936175104e-05,5.807410355847537e-07,0.73676,0.0021867287369638938,50000,1.0023214622740588
71,13,4.0,fit,1259,sim,clean,wiener,7.307199405934809e-05,7.430264403141889e-05,5.981119481730374e-07,0.72022,0.002252137363901785,50000,1.0168416092637527
71,23,20.0,fit,1247,sim,clean,wiener,4.642648205377131e-05,4.693777005544704e-05,4.841938577738308e-07,0.82326,0.0018231889227344296,50000,1.011012852558666
83,3,1.0,fit,1237,sim,clean,wiener,0.00013547397449561798,0.00013743519295968001,7.756054375813835e-07,0.4825,0.002920473317675768,50000,1.0144767175493583
83,5,1.4,fit,1237,sim,clean,wiener,0.00011878999435082579,0.00012027372016923647,7.330630630354002e-07,0.54712,0.0027602837886807805,50000,1.0124903265339735
71,19,8.0,fit,1258,sim,clean,wiener,6.602377032594836e-05,6.576705542905343e-05,5.657193245388318e-07,0.75236,0.0021301658195709288,50000,0.9961117807173451
71,25,26.0,fit,1247,sim,clean,wiener,4.510227555057961e-05,4.554084422942207e-05,4.7662773355841334e-07,0.82852,0.0017946993546903317,50000,1.009723870325581
71,21,10.0,fit,1248,sim,clean,wiener,5.972288190815345e-05,5.973318570143232e-05,5.390007753184285e-07,0.77508,0.0020295594979745733,50000,1.0001725267259325
71,15,5.0,fit,1259,sim,clean,wiener,7.917255596235724e-05,8.023559516324354e-05,6.149669088219513e-07,0.69788,0.0023156032196842403,50000,1.013426864750858
71,27,30.0,fit,1247,sim,clean,wiener,4.489606045488867e-05,4.517435038152961e-05,4.7525972383406687e-07,0.8299,0.001789548235700329,50000,1.0061985377741676
71,29,40.0,fit,1239,sim,clean,wiener,4.436772257121386e-05,4.476005298825984e-05,4.7286602258477963e-07,0.83146,0.0017805349664653553,50000,1.008842699023288
71,17,6.0,fit,1259,sim,clean,wiener,6.974811175163279e-05,7.063770555249408e-05,5.829471614963186e-07,0.73402,0.002195035707941624,50000,1.0127543782694657
83,1,0.6,fit,1238,sim,clean,wiener,0.0001563600744674814,0.00016364215883651325,8.219350522330366e-07,0.38382,0.0030949233625726692,50000,1.0465725307040983
71,13,4.0,fit,1260,sim,clean,wiener,7.307199405934809e-05,7.371306697176577e-05,5.970025684133828e-07,0.72244,0.002247960093049554,50000,1.0087731684439458
71,23,20.0,fit,1248,sim,clean,wiener,4.642648205377131e-05,4.6523472662177276e-05,4.824837008755046e-07,0.82482,0.001816749478980431,50000,1.002089122503265
83,3,1.0,fit,1238,sim,clean,wiener,0.00013547397449561798,0.0001378866708882432,7.872462733120555e-07,0.4808,0.00296430584965606,50000,1.0178092980707762
71,19,8.0,fit,1259,sim,clean,wiener,6.602377032594836e-05,6.667001128617985e-05,5.680044443583015e-07,0.74896,0.0021387702350856835,50000,1.0097880044874914
83,5,1.4,fit,1238,sim,clean,wiener,0.00011878999435082579,0.00012034808123982336,7.344044001587042e-07,0.54684,0.0027653344743629655,50000,1.0131163141939046
71,25,26.0,fit,1248,sim,clean,wiener,4.510227555057961e-05,4.512654683615231e-05,4.755757581863981e-07,0.83008,0.0017907382349560464,50000,1.0005381388250685
71,15,5.0,fit,1260,sim,clean,wiener,7.917255596235724e-05,7.994877389097982e-05,6.120295569816388e-07,0.69896,0.0023045428824836536,50000,1.0098041287058062
71,27,30.0,fit,1248,sim,clean,wiener,4.489606045488867e-05,4.5036251250439664e-05,4.7479549384243266e-07,0.83042,0.0017878002189405957,50000,1.0031225634082495
71,21,10.0,fit,1249,sim,clean,wiener,5.972288190815345e-05,5.961102108546816e-05,5.379637192673321e-07,0.77554,0.002025654555616761,50000,0.9981270022625948
71,17,6.0,fit,1260,sim,clean,wiener,6.974811175163279e-05,7.021809665418239e-05,5.783986281456341e-07,0.7356,0.0021779086100106758,50000,1.0067383172210191
71,29,40.0,fit,1240,sim,clean,wiener,4.436772257121386e-05,4.49353326546432e-05,4.730020826045431e-07,0.8308,0.0017810472883729488,50000,1.0127933112302143
71,13,4.0,fit,1261,sim,clean,wiener,7.307199405934809e-05,7.364932891126273e-05,5.97645910537331e-07,0.72268,0.002250382540619012,50000,1.0079009045715344
83,1,0.6,fit,1239,sim,clean,wiener,0.0001563600744674814,0.0001621921179600691,8.252870614159481e-07,0.38928,0.0031075450551304525,50000,1.0372988022194924
71,19,8.0,fit,1260,sim,clean,wiener,6.602377032594836e-05,6.621853335761664e-05,5.620094636057889e-07,0.75066,0.0021161966680639127,50000,1.0029498926024183
71,23,20.0,fit,1249,sim,clean,wiener,4.642648205377131e-05,4.608261774369792e-05,4.784441057880149e-07,0.82648,0.001801538742830854,50000,0.9925933584699542
83,3,1.0,fit,1239,sim,clean,wiener,0.00013547397449561798,0.0001387949382504115,7.783363871413072e-07,0.47738,0.0029307564654403664,50000,1.0245136659432763
83,5,1.4,fit,1239,sim,clean,wiener,0.00011878999435082579,0.00012002939093730816,7.297379640251196e-07,0.54804,0.0027477634239855084,50000,1.0104335099370576
71,15,5.0,fit,1261,sim,clean,wiener,7.917255596235724e-05,7.965132960863231e-05,6.140940568001984e-07,0.70008,0.0023123165729998668,50000,1.0060472172516788
71,25,26.0,fit,1249,sim,clean,wiener,4.510227555057961e-05,4.4930021149601274e-05,4.7244734126760986e-07,0.83082,0.0017789584591896758,50000,0.9961808046517484
71,21,10.0,fit,1250,sim,clean,wiener,5.972288190815345e-05,6.002531847873792e-05,5.400121337593159e-07,0.77398,0.0020333676782658674,50000,1.0050639982686969
71,27,30.0,fit,1249,sim,clean,wiener,4.489606045488867e-05,4.484503706893056e-05,4.7207224169555026e-07,0.83114,0.0017775460551004423,50000,0.9988635219785179
71,17,6.0,fit,1261,sim,clean,wiener,6.974811175163279e-05,7.02977692298112e-05,5.797853455434732e-07,0.7353,0.002183130171081953,50000,1.0078806072935091
71,29,40.0,fit,1241,sim,clean,wiener,4.436772257121386e-05,4.452634676641537e-05,4.6999996215630105e-07,0.83234,0.001769743070737652,50000,1.0035752160807196
71,13,4.0,fit,1262,sim,clean,wiener,7.307199405934809e-05,7.452041573813759e-05,5.966402782819018e-07,0.7194,0.002246595921769957,50000,1.0198218441611584
83,1,0.6,fit,1240,sim,clean,wiener,0.0001563600744674814,0.00016321192692811775,8.103607110240671e-07,0.38544,0.0030513412098019522,50000,1.0438209848899846
71,19,8.0,fit,1261,sim,clean,wiener,6.602377032594836e-05,6.603794218619136e-05,5.637585706725373e-07,0.75134,0.0021227827752141235,50000,1.000214647848389
71,23,20.0,fit,1250,sim,clean,wiener,4.642648205377131e-05,4.7054623166369276e-05,4.83975372685471e-07,0.82282,0.0018223662365592856,50000,1.0135298020614711
83,3,1.0,fit,1240,sim,clean,wiener,0.00013547397449561798,0.00013731302834371582,7.853671249946961e-07,0.48296,0.0029572300837383825,50000,1.0135749604670918
71,15,5.0,fit,1262,sim,clean,wiener,7.917255596235724e-05,8.081986071785472e-05,6.135180358194535e-07,0.69568,0.0023101476172097514,50000,1.0208065122500365
83,5,1.4,fit,1240,sim,clean,wiener,0.00011878999435082579,0.00011966820859445759,7.52826477669746e-07,0.5494,0.0028347011693605198,50000,1.0073929984459646
71,25,26.0,fit,1250,sim,clean,wiener,4.510227555057961e-05,4.574268142101502e-05,4.769363348794014e-07,0.82776,0.0017958613655273826,50000,1.014198970287369
71,17,6.0,fit,1262,sim,clean,wiener,6.974811175163279e-05,7.08342312390451e-05,5.804006289580251e-07,0.73328,0.0021854469660758232,50000,1.0155720271149402
71,21,10.0,fit,1251,sim,clean,wiener,5.972288190815345e-05,5.974912021655807e-05,5.378101330535559e-07,0.77502,0.002025076240383831,50000,1.0004393342646287
71,27,30.0,fit,1250,sim,clean,wiener,4.489606045488867e-05,4.547179466387713e-05,4.7533989242786556e-07,0.82878,0.0017898501034126478,50000,1.0128237133315283
71,13,4.0,fit,1263,sim,clean,wiener,7.307199405934809e-05,7.329345807345408e-05,5.942030209216257e-07,0.72402,0.002237418645871542,50000,1.0030307646172365
71,29,40.0,fit,1242,sim,clean,wiener,4.436772257121386e-05,4.4791922018511364e-05,4.735519525337278e-07,0.83134,0.001783117774703452,50000,1.00956099215182
83,1,0.6,fit,1241,sim,clean,wiener,0.0001563600744674814,0.00016225585602057215,8.198776488317482e-07,0.38904,0.0030871763929847624,50000,1.0377064386363983
71,19,8.0,fit,1262,sim,clean,wiener,6.602377032594836e-05,6.680279891222784e-05,5.656268562583325e-07,0.74846,0.0021298176384818793,50000,1.011799213865454
71,23,20.0,fit,1251,sim,clean,wiener,4.642648205377131e-05,4.6714686843686385e-05,4.820456730315281e-07,0.8241,0.001815100124078122,50000,1.0062077671442191
71,15,5.0,fit,1263,sim,clean,wiener,7.917255596235724e-05,7.880680030696704e-05,6.118591642226381e-07,0.70326,0.0023039012836989178,50000,0.9953802722301387
83,3,1.0,fit,1241,sim,clean,wiener,0.00013547397449561798,0.00013732365135379966,7.866532827897538e-07,0.48292,0.0029620729965659405,50000,1.0136533741264193
71,25,26.0,fit,1251,sim,clean,wiener,4.510227555057961e-05,4.5663008845386236e-05,4.7628349901628295e-07,0.82806,0.0017934031701271483,50000,1.0124324834603478
83,5,1.4,fit,1241,sim,clean,wiener,0.00011878999435082579,0.00012001345642218239,7.364550271330313e-07,0.5481,0.002773055927917628,50000,1.0102993697242153
71,17,6.0,fit,1263,sim,clean,wiener,6.974811175163279e-05,6.975068421049344e-05,5.78011866350098e-07,0.73736,0.002176452292855806,50000,1.000036882129079
71,21,10.0,fit,1252,sim,clean,wiener,5.972288190815345e-05,6.004656449890559e-05,5.413919975649776e-07,0.7739,0.00203856343274514,50000,1.0054197416536248
71,27,30.0,fit,1251,sim,clean,wiener,4.489606045488867e-05,4.562582831009279e-05,4.761013936617045e-07,0.8282,0.0017927174686051082,50000,1.0162546078165897
71,13,4.0,fit,1264,sim,clean,wiener,7.307199405934809e-05,7.325096603311871e-05,5.906998764732424e-07,0.72418,0.0022242278669087606,50000,1.002449255368962
71,29,40.0,fit,1243,sim,clean,wiener,4.436772257121386e-05,4.4924709644559355e-05,4.7196817585694684e-07,0.83084,0.0017771542044374678,50000,1.0125538801873701
71,19,8.0,fit,1263,sim,clean,wiener,6.602377032594836e-05,6.620259884249087e-05,5.642030927014193e-07,0.75072,0.002124456583392309,50000,1.0027085474770625
83,1,0.6,fit,1242,sim,clean,wiener,0.0001563600744674814,0.00016165034444579328,8.106886736729509e-07,0.39132,0.003052576123997817,50000,1.0338338926757937
71,15,5.0,fit,1264,sim,clean,wiener,7.917255596235724e-05,7.949198445737473e-05,6.105676226051119e-07,0.70068,0.0022990380985665193,50000,1.0040345861155393
71,23,20.0,fit,1252,sim,clean,wiener,4.642648205377131e-05,4.6921835540321264e-05,4.837320851978821e-07,0.82332,0.001821450159154976,50000,1.0106696321719193
83,3,1.0,fit,1242,sim,clean,wiener,0.00013547397449561798,0.00013782293282774014,7.776995466154944e-07,0.48104,0.002928358499060643,50000,1.0173388161148114
71,25,26.0,fit,1252,sim,clean,wiener,4.510227555057961e-05,4.560989379496704e-05,4.773156384803044e-07,0.82826,0.0017972895995134537,50000,1.0112548255756666
71,17,6.0,fit,1264,sim,clean,wiener,6.974811175163279e-05,6.927264875672062e-05,5.788806838459106e-07,0.73916,0.0021797237478914534,50000,0.99318314169414
71,21,10.0,fit,1253,sim,clean,wiener,5.972288190815345e-05,5.9563217540090886e-05,5.392494091964219e-07,0.77572,0.002030495706736614,50000,0.9973265796465063
83,5,1.4,fit,1242,sim,clean,wiener,0.00011878999435082579,0.00012101733087510527,7.337793413652845e-07,0.54432,0.002762980871049078,50000,1.0187502031332827
71,13,4.0,fit,1265,sim,clean,wiener,7.307199405934809e-05,7.351654128521471e-05,5.944440327687712e-07,0.72318,0.002238326154554084,50000,1.0060836881706767
71,27,30.0,fit,1252,sim,clean,wiener,4.489606045488867e-05,4.5524909714296325e-05,4.767264578135986e-07,0.82858,0.0017950710920958547,50000,1.0140067803953425
71,19,8.0,fit,1264,sim,clean,wiener,6.602377032594836e-05,6.481629602654977e-05,5.601936533217772e-07,0.75594,0.002109359395879548,50000,0.9817115215711328
71,29,40.0,fit,1244,sim,clean,wiener,4.436772257121386e-05,4.449978924120577e-05,4.7011598646459384e-07,0.83244,0.001770179949955038,50000,1.0029766384736096
83,1,0.6,fit,1243,sim,clean,wiener,0.0001563600744674814,0.0001631694348877824,8.219666897632108e-07,0.3856,0.0030950424908797102,50000,1.0435492272787141
71,15,5.0,fit,1265,sim,clean,wiener,7.917255596235724e-05,7.910424458931456e-05,6.111847224395274e-07,0.70214,0.002301361733127892,50000,0.9991371836842661
71,23,20.0,fit,1253,sim,clean,wiener,4.642648205377131e-05,4.667219480335104e-05,4.836571671187844e-07,0.82426,0.001821168061788951,50000,1.0052925127795629
83,3,1.0,fit,1243,sim,clean,wiener,0.00013547397449561798,0.00013865152761427968,7.800726428075455e-07,0.47792,0.0029372941817845484,50000,1.0234550815423553
71,17,6.0,fit,1265,sim,clean,wiener,6.974811175163279e-05,6.965507711973887e-05,5.798506265426107e-07,0.73772,0.0021833759808802013,50000,0.9986661340420911
71,25,26.0,fit,1253,sim,clean,wiener,4.510227555057961e-05,4.5370876068080636e-05,4.76251087632687e-07,0.82916,0.0017932811279438494,50000,1.0059553650946016
71,21,10.0,fit,1254,sim,clean,wiener,5.972288190815345e-05,5.958977506530048e-05,5.39962621496024e-07,0.77562,0.0020331812442404788,50000,0.9977712588776666
71,13,4.0,fit,1266,sim,clean,wiener,7.307199405934809e-05,7.413267587007745e-05,5.94211038633391e-07,0.72086,0.0022374488358523556,50000,1.0145155722706551
71,27,30.0,fit,1253,sim,clean,wiener,4.489606045488867e-05,4.5163727371445757e-05,4.745995014395153e-07,0.82994,0.001787062226972705,50000,1.0059619243614044
83,5,1.4,fit,1243,sim,clean,wiener,0.00011878999435082579,0.00012027372016923647,7.343085284082785e-07,0.54712,0.0027649734778105043,50000,1.0124903265339735
71,19,8.0,fit,1265,sim,clean,wiener,6.602377032594836e-05,6.561302178283774e-05,5.646320855161213e-07,0.75294,0.0021260719176951714,50000,0.9937787778389082
71,29,40.0,fit,1245,sim,clean,wiener,4.436772257121386e-05,4.436700161515775e-05,4.6940573995900617e-07,0.83294,0.0017675055798848519,50000,0.9999837504380589
71,15,5.0,fit,1266,sim,clean,wiener,7.917255596235724e-05,7.973631368930302e-05,6.121256715329257e-07,0.69976,0.0023049047932811708,50000,1.0071206205242864
83,1,0.6,fit,1244,sim,clean,wiener,0.0001563600744674814,0.00016405114472474113,8.196067178446718e-07,0.38228,0.0030861562264408613,50000,1.049188197712577
71,23,20.0,fit,1254,sim,clean,wiener,4.642648205377131e-05,4.6470357611758085e-05,4.812067150843026e-07,0.82502,0.0018119411025179267,50000,1.0009450545474448
71,17,6.0,fit,1266,sim,clean,wiener,6.974811175163279e-05,7.01915391289728e-05,5.784830463525739e-07,0.7357,0.002178226479263453,50000,1.0063575538635225
83,3,1.0,fit,1244,sim,clean,wiener,0.00013547397449561798,0.00013718555222270976,7.827394697174503e-07,0.48344,0.002947335881411518,50000,1.0126339965551623
71,25,26.0,fit,1254,sim,clean,wiener,4.510227555057961e-05,4.508936630085889e-05,4.755556201002195e-07,0.83022,0.0017906624067829781,50000,0.999713778305792
71,13,4.0,fit,1267,sim,clean,wiener,7.307199405934809e-05,7.409018382974208e-05,5.95146373379075e-07,0.72102,0.0022409707556784765,50000,1.0139340630223808
71,21,10.0,fit,1255,sim,clean,wiener,5.972288190815345e-05,5.9770366236725766e-05,5.40512616718297e-07,0.77494,0.0020352522023509663,50000,1.0007950776495573
71,27,30.0,fit,1254,sim,clean,wiener,4.489606045488867e-05,4.491408663447553e-05,4.747994331638358e-07,0.83088,0.001787815052105102,50000,1.0004015091614769
71,19,8.0,fit,1266,sim,clean,wiener,6.602377032594836e-05,6.674437235676671e-05,5.640494590335072e-07,0.74868,0.00212387808947505,50000,1.0109142817391503
83,5,1.4,fit,1244,sim,clean,wiener,0.00011878999435082579,0.00012118198753140481,7.38765228921831e-07,0.5437,0.002781754787357907,50000,1.020136318665987
71,15,5.0,fit,1267,sim,clean,wiener,7.917255596235724e-05,7.955041101283585e-05,6.104185653997153e-07,0.70046,0.0022984768369119783,50000,1.0047725508654572
71,29,40.0,fit,1246,sim,clean,wiener,4.436772257121386e-05,4.5599270784883186e-05,4.776093590798941e-07,0.8283,0.0017983955783170947,50000,1.0277577514079654
83,1,0.6,fit,1245,sim,clean,wiener,0.0001563600744674814,0.00016136352317352957,8.089215943001854e-07,0.3924,0.0030459223437271817,50000,1.0319995287997177
71,23,20.0,fit,1255,sim,clean,wiener,4.642648205377131e-05,4.7091803701662724e-05,4.844463584972207e-07,0.82268,0.0018241396917590173,50000,1.0143306496305458
71,17,6.0,fit,1267,sim,clean,wiener,6.974811175163279e-05,7.020747364409857e-05,5.774531136744374e-07,0.73564,0.0021743483593331956,50000,1.0065860118780208
71,13,4.0,fit,1268,sim,clean,wiener,7.307199405934809e-05,7.429733252637695e-05,5.9521948212029e-07,0.72024,0.0022412460401435687,50000,1.0167689206077182
71,25,26.0,fit,1255,sim,clean,wiener,4.510227555057961e-05,4.5917961087398414e-05,4.793468597120924e-07,0.8271,0.0018049379824699118,50000,1.0180852413068175
83,3,1.0,fit,1245,sim,clean,wiener,0.00013547397449561798,0.00013750424252522496,7.823194280456311e-07,0.48224,0.002945754251841353,50000,1.014986406334987
71,21,10.0,fit,1256,sim,clean,wiener,5.972288190815345e-05,6.069456811401983e-05,5.421656630445361e-07,0.77146,0.002041476601323358,50000,1.0162699148939383
71,27,30.0,fit,1255,sim,clean,wiener,4.489606045488867e-05,4.548772917900288e-05,4.773765412401807e-07,0.82872,0.001797518923441025,50000,1.0131786334506723
71,19,8.0,fit,1267,sim,clean,wiener,6.602377032594836e-05,6.656378118534144e-05,5.643697218842057e-07,0.74936,0.002125084010765422,50000,1.0081790369851211
71,15,5.0,fit,1268,sim,clean,wiener,7.917255596235724e-05,8.046398988004609e-05,6.122169653320869e-07,0.69702,0.002305248551965162,50000,1.0163116360459912
83,5,1.4,fit,1245,sim,clean,wiener,0.00011878999435082579,0.00012083142819863808,7.384161862060861e-07,0.54502,0.0027804404980444632,50000,1.0171852339834555
71,29,40.0,fit,1247,sim,clean,wiener,4.436772257121386e-05,4.4483854726079994e-05,4.710612248548508e-07,0.8325,0.001773739161074285,50000,1.0026174919093431
83,1,0.6,fit,1246,sim,clean,wiener,0.0001563600744674814,0.00016233552859620096,8.103065638754609e-07,0.38874,0.003051137323527991,50000,1.0382159841575305
71,23,20.0,fit,1256,sim,clean,wiener,4.642648205377131e-05,4.738924798401025e-05,4.872429416444606e-07,0.82156,0.001834669976961303,50000,1.0207374301831411
71,17,6.0,fit,1268,sim,clean,wiener,6.974811175163279e-05,7.116354455164416e-05,5.809481948396895e-07,0.73204,0.002187508776720237,50000,1.0202934927478984
71,13,4.0,fit,1269,sim,clean,wiener,7.307199405934809e-05,7.371306697176577e-05,5.930273048400276e-07,0.72244,0.002232991591496863,50000,1.0087731684439458
71,25,26.0,fit,1256,sim,clean,wiener,4.510227555057961e-05,4.6130421289075186e-05,4.819386234007401e-07,0.8263,0.0018146970382109595,50000,1.0227958728455413
83,3,1.0,fit,1246,sim,clean,wiener,0.00013547397449561798,0.00013795040894874625,7.731831952822852e-07,0.48056,0.0029113525796552586,50000,1.0182797800267414
71,21,10.0,fit,1257,sim,clean,wiener,5.972288190815345e-05,6.050335393251073e-05,5.407987142776367e-07,0.77218,0.0020363294772742947,50000,1.0130682244295839
71,27,30.0,fit,1256,sim,clean,wiener,4.489606045488867e-05,4.57586159361408e-05,4.792395674792703e-07,0.8277,0.0018045339831063588,50000,1.019212275476126
71,19,8.0,fit,1268,sim,clean,wiener,6.602377032594836e-05,6.755703262818049e-05,5.701846349319183e-07,0.74562,0.0021469795488542292,50000,1.023222883132282
71,15,5.0,fit,1269,sim,clean,wiener,7.917255596235724e-05,8.017185710274048e-05,6.130164120823997e-07,0.69812,0.0023082587976262447,50000,1.012621812296402
83,5,1.4,fit,1246,sim,clean,wiener,0.00011878999435082579,0.00012133070967257856,7.434262466837827e-07,0.54314,0.0027993054353387167,50000,1.0213882939858487
83,1,0.6,fit,1247,sim,clean,wiener,0.0001563600744674814,0.00016382806151298048,8.124153392165475e-07,0.38312,0.003059077729587831,50000,1.0477614702534068
71,29,40.0,fit,1248,sim,clean,wiener,4.436772257121386e-05,4.435106710003201e-05,4.735999292388749e-07,0.833,0.0017832984267211701,50000,0.9996246038737933
71,17,6.0,fit,1269,sim,clean,wiener,6.974811175163279e-05,7.071737812812287e-05,5.834449904256213e-07,0.73372,0.0021969102385139333,50000,1.0138966683419552
71,23,20.0,fit,1257,sim,clean,wiener,4.642648205377131e-05,4.756452765039361e-05,4.861029443551924e-07,0.8209,0.0018303774185234557,50000,1.0245128544373492
71,13,4.0,fit,1270,sim,clean,wiener,7.307199405934809e-05,7.373962449697537e-05,5.96741769467309e-07,0.72234,0.002246978077805228,50000,1.0091366117241174
71,25,26.0,fit,1257,sim,clean,wiener,4.510227555057961e-05,4.6098552258823665e-05,4.788911165079781e-07,0.82642,0.0018032219219540411,50000,1.0220892781147326
83,3,1.0,fit,1247,sim,clean,wiener,0.00013547397449561798,0.00013856654353360895,7.836973927193467e-07,0.47824,0.00295094285530813,50000,1.0228277722677355
71,21,10.0,fit,1258,sim,clean,wiener,5.972288190815345e-05,5.918610068211454e-05,5.35824421556763e-07,0.77714,0.0020175992202883177,50000,0.9910121345640284
71,19,8.0,fit,1269,sim,clean,wiener,6.602377032594836e-05,6.698870158869505e-05,5.677437685690987e-07,0.74776,0.0021377886835776063,50000,1.0146149069946018
71,27,30.0,fit,1257,sim,clean,wiener,4.489606045488867e-05,4.603481419832065e-05,4.788827990193229e-07,0.82666,0.0018031906031900015,50000,1.0253642242079613
71,15,5.0,fit,1270,sim,clean,wiener,7.917255596235724e-05,7.979474024476414e-05,6.167386461764823e-07,0.69954,0.002322274539171082,50000,1.0078585852742044
83,5,1.4,fit,1247,sim,clean,wiener,0.00011878999435082579,0.00012028434317932032,7.39848127710687e-07,0.54708,0.0027858323464689666,50000,1.0125797533425351
71,17,6.0,fit,1270,sim,clean,wiener,6.974811175163279e-05,7.032432675502081e-05,5.813340691611562e-07,0.7352,0.0021889617521704016,50000,1.008261370651006
83,1,0.6,fit,1248,sim,clean,wiener,0.0001563600744674814,0.00016143788424411647,8.243769511481037e-07,0.39212,0.0031041181158329785,50000,1.0324751046194411
71,29,40.0,fit,1249,sim,clean,wiener,4.436772257121386e-05,4.420765646390017e-05,4.697772407054569e-07,0.83354,0.0017689044329162195,50000,0.996392284795399
71,23,20.0,fit,1258,sim,clean,wiener,4.642648205377131e-05,4.598169914790143e-05,4.782602859857911e-07,0.82686,0.0018008465857086331,50000,0.9904196293538948
71,13,4.0,fit,1271,sim,clean,wiener,7.307199405934809e-05,7.304912884152574e-05,5.90905496374296e-07,0.72494,0.0022250021103649214,50000,0.9996870864396586
71,25,26.0,fit,1258,sim,clean,wiener,4.510227555057961e-05,4.484503706893056e-05,4.730679732276988e-07,0.83114,0.0017812953936562374,50000,0.9942965520362588
71,19,8.0,fit,1270,sim,clean,wiener,6.602377032594836e-05,6.679217590214399e-05,5.67345029205048e-07,0.7485,0.002136287265953397,50000,1.0116383171152168
71,21,10.0,fit,1259,sim,clean,wiener,5.972288190815345e-05,5.999876095352832e-05,5.428882363462587e-07,0.77408,0.0020441973868484393,50000,1.0046193190375365
71,27,30.0,fit,1258,sim,clean,wiener,4.489606045488867e-05,4.470693793784065e-05,4.7224728537543953e-07,0.83166,0.00177820516651428,50000,0.9957875476126007
83,3,1.0,fit,1248,sim,clean,wiener,0.00013547397449561798,0.00013795572045378817,7.814995093373784e-07,0.48054,0.002942666920842769,50000,1.018318986856405
71,15,5.0,fit,1271,sim,clean,wiener,7.917255596235724e-05,7.906706405402111e-05,6.102328885674145e-07,0.70228,0.0022977776873081075,50000,0.9986675697525
71,17,6.0,fit,1271,sim,clean,wiener,6.974811175163279e-05,6.994189839200257e-05,5.747500379691039e-07,0.73664,0.002164170168089847,50000,1.0027783783030548
83,5,1.4,fit,1248,sim,clean,wiener,0.00011878999435082579,0.00012044899983561985,7.379625564832203e-07,0.54646,0.0027787323956543286,50000,1.0139658688752393
71,23,20.0,fit,1259,sim,clean,wiener,4.642648205377131e-05,4.673593286385409e-05,4.82351020483496e-07,0.82402,0.001816249882760672,50000,1.0066653943265478
71,29,40.0,fit,1250,sim,clean,wiener,4.436772257121386e-05,4.491408663447553e-05,4.726531600810426e-07,0.83088,0.0017797334516327153,50000,1.0123144491445264
83,1,0.6,fit,1249,sim,clean,wiener,0.0001563600744674814,0.00016230365956594944,8.166192082254677e-07,0.38886,0.003074907024583287,50000,1.0380121659490777
71,13,4.0,fit,1272,sim,clean,wiener,7.307199405934809e-05,7.343155720454399e-05,5.924385185886676e-07,0.7235,0.0022307745692151815,50000,1.004920669674128
71,25,26.0,fit,1259,sim,clean,wiener,4.510227555057961e-05,4.5147792856320006e-05,4.7544340555236595e-07,0.83,0.0017902398728798078,50000,1.0010092019789412
71,19,8.0,fit,1271,sim,clean,wiener,6.602377032594836e-05,6.590515456014337e-05,5.649265224556541e-07,0.75184,0.0021271805938131794,50000,0.9982034384704266
71,21,10.0,fit,1260,sim,clean,wiener,5.972288190815345e-05,5.973318570143232e-05,5.394057135316899e-07,0.77508,0.0020310842568143582,50000,1.0001725267259325
71,27,30.0,fit,1259,sim,clean,wiener,4.489606045488867e-05,4.5147792856320006e-05,4.739375109013913e-07,0.83,0.0017845695604576611,50000,1.0056070042422602
71,15,5.0,fit,1272,sim,clean,wiener,7.917255596235724e-05,7.937513134645249e-05,6.086339170650817e-07,0.70112,0.0022917569022774496,50000,1.0025586566157036
83,3,1.0,fit,1249,sim,clean,wiener,0.00013547397449561798,0.00013792385142353663,7.718743197198081e-07,0.48066,0.0029064241250942742,50000,1.0180837458784224
71,17,6.0,fit,1272,sim,clean,wiener,6.974811175163279e-05,7.060052501720063e-05,5.793703568757067e-07,0.73416,0.002181567568149295,50000,1.0122213095689703
71,23,20.0,fit,1260,sim,clean,wiener,4.642648205377131e-05,4.650753814705153e-05,4.823002192429551e-07,0.82488,0.0018160585952060528,50000,1.0017459021165194
83,5,1.4,fit,1249,sim,clean,wiener,0.00011878999435082579,0.00012011437501797888,7.397371304119898e-07,0.54772,0.0027854143960092713,50000,1.0111489244055503
71,29,40.0,fit,1251,sim,clean,wiener,4.436772257121386e-05,4.5046874260523516e-05,4.738790273769555e-07,0.83038,0.0017843493459460521,50000,1.0153073371800765
83,1,0.6,fit,1250,sim,clean,wiener,0.0001563600744674814,0.00016347750218021376,8.199182657152923e-07,0.38444,0.0030873293322485813,50000,1.0455194699604253
71,13,4.0,fit,1273,sim,clean,wiener,7.307199405934809e-05,7.262951994321407e-05,5.908609050667651e-07,0.72652,0.0022248342057609384,50000,0.9939446826129494
71,25,26.0,fit,1260,sim,clean,wiener,4.510227555057961e-05,4.545054864370943e-05,4.772483053712618e-07,0.82886,0.0017970360626778069,50000,1.0077218519216231
71,19,8.0,fit,1272,sim,clean,wiener,6.602377032594836e-05,6.68452909525632e-05,5.652888208539878e-07,0.7483,0.0021285447962208753,50000,1.0124428008664021
71,27,30.0,fit,1260,sim,clean,wiener,4.489606045488867e-05,4.5254022957158395e-05,4.7609483111231553e-07,0.8296,0.001792692757908847,50000,1.0079731383698889
71,15,5.0,fit,1273,sim,clean,wiener,7.917255596235724e-05,7.902988351872767e-05,6.147886312965117e-07,0.70242,0.0023149319315124975,50000,0.998197955820734
71,21,10.0,fit,1261,sim,clean,wiener,5.972288190815345e-05,5.9563217540090886e-05,5.390911662891126e-07,0.77572,0.002029899857138203,50000,0.9973265796465063
83,3,1.0,fit,1250,sim,clean,wiener,0.00013547397449561798,0.0001381256886151296,7.780765672593504e-07,0.4799,0.002929778136774927,50000,1.0195736054056448
71,17,6.0,fit,1273,sim,clean,wiener,6.974811175163279e-05,6.925140273655296e-05,5.747918045772229e-07,0.73924,0.0021643274365393335,50000,0.9928785310081429
71,13,4.0,fit,1274,sim,clean,wiener,7.307199405934809e-05,7.25286013474176e-05,5.922881411484528e-07,0.7269,0.002230208336333812,50000,0.9925635981482981
71,23,20.0,fit,1261,sim,clean,wiener,4.642648205377131e-05,4.649691513696768e-05,4.810566285438144e-07,0.82492,0.0018113759649936144,50000,1.0015170885253548
83,5,1.4,fit,1250,sim,clean,wiener,0.00011878999435082579,0.00012018342458352385,7.387336365962463e-07,0.54746,0.0027816358292647287,50000,1.0117301986612004
71,29,40.0,fit,1252,sim,clean,wiener,4.436772257121386e-05,4.508405479581696e-05,4.7433938223622884e-07,0.83024,0.001786082771239411,50000,1.0161453458300307
71,25,26.0,fit,1261,sim,clean,wiener,4.510227555057961e-05,4.5179661886571534e-05,4.7395158812367477e-07,0.82988,0.0017846225669865918,50000,1.00171579670975
83,1,0.6,fit,1251,sim,clean,wiener,0.0001563600744674814,0.00016276576050459646,8.275185381134266e-07,0.38712,0.0031159474822386526,50000,1.0409675299716443
71,19,8.0,fit,1273,sim,clean,wiener,6.602377032594836e-05,6.536869255090944e-05,5.611433251522669e-07,0.75386,0.0021129353007238233,50000,0.9900781525834573
71,15,5.0,fit,1274,sim,clean,wiener,7.917255596235724e-05,7.859965161033216e-05,6.149106571144661e-07,0.70404,0.0023153914088809317,50000,0.9927638517531572
71,27,30.0,fit,1261,sim,clean,wiener,4.489606045488867e-05,4.4669757402547204e-05,4.713298694986166e-07,0.8318,0.0017747507185957242,50000,0.9949594006679304
71,21,10.0,fit,1262,sim,clean,wiener,5.972288190815345e-05,6.06892566089779e-05,5.405902606119603e-07,0.77148,0.0020355445635293914,50000,1.016180979047706
71,17,6.0,fit,1274,sim,clean,wiener,6.974811175163279e-05,6.92354682214272e-05,5.777065892844781e-07,0.7393,0.0021753027992067915,50000,0.992650072993645
83,3,1.0,fit,1251,sim,clean,wiener,0.00013547397449561798,0.0001380247700193331,7.867472573642893e-07,0.48028,0.0029624268494712618,50000,1.0188286756420335
71,13,4.0,fit,1275,sim,clean,wiener,7.307199405934809e-05,7.402644576923904e-05,5.972820753634285e-07,0.72126,0.0022490125516195433,50000,1.013061799149969
71,23,20.0,fit,1262,sim,clean,wiener,4.642648205377131e-05,4.7484855074764786e-05,4.88319514045894e-07,0.8212,0.0018387237146229897,50000,1.0227967525036177
71,29,40.0,fit,1253,sim,clean,wiener,4.436772257121386e-05,4.4621953857169904e-05,4.7148859276077156e-07,0.83198,0.001775348376927599,50000,1.0057300954663153
71,19,8.0,fit,1274,sim,clean,wiener,6.602377032594836e-05,6.552272619712513e-05,5.620735760643042e-07,0.75328,0.002116438077826341,50000,0.9924111554618941
83,5,1.4,fit,1251,sim,clean,wiener,0.00011878999435082579,0.00012104388840031486,7.40519514545547e-07,0.54422,0.002788360393903964,50000,1.0189737701546864
71,25,26.0,fit,1262,sim,clean,wiener,4.510227555057961e-05,4.6241962894955535e-05,4.82025489811973e-07,0.82588,0.0018150241259593373,50000,1.0252689544033722
83,1,0.6,fit,1252,sim,clean,wiener,0.0001563600744674814,0.0001632278614432435,8.115456829780982e-07,0.38538,0.0030558031163413564,50000,1.043922893994211
71,15,5.0,fit,1275,sim,clean,wiener,7.917255596235724e-05,8.009749603215359e-05,6.141612344750707e-07,0.6984,0.002312569524561965,50000,1.0116825844328698
71,27,30.0,fit,1262,sim,clean,wiener,4.489606045488867e-05,4.611448677394944e-05,4.809874769355215e-07,0.82636,0.0018111155807607195,50000,1.0271388248036826
71,21,10.0,fit,1263,sim,clean,wiener,5.972288190815345e-05,6.012092556949248e-05,5.406041610169342e-07,0.77362,0.002035596904268463,50000,1.0066648435008743
71,17,6.0,fit,1275,sim,clean,wiener,6.974811175163279e-05,7.030308073485311e-05,5.805090519706536e-07,0.73528,0.0021858552232902014,50000,1.0079567599650083
71,13,4.0,fit,1276,sim,clean,wiener,7.307199405934809e-05,7.443543165746687e-05,5.965045006151659e-07,0.71972,0.002246084663037585,50000,1.0186588256646096
71,23,20.0,fit,1263,sim,clean,wiener,4.642648205377131e-05,4.694308156048897e-05,4.846074807341907e-07,0.82324,0.0018247463832172701,50000,1.0111272593542482
83,3,1.0,fit,1252,sim,clean,wiener,0.00013547397449561798,0.00013816286915042304,7.737255416075221e-07,0.47976,0.002913394736524005,50000,1.019848053213291
71,19,8.0,fit,1275,sim,clean,wiener,6.602377032594836e-05,6.637787850887425e-05,5.632132569276869e-07,0.75006,0.0021207294447906496,50000,1.0053633438559737
71,29,40.0,fit,1254,sim,clean,wiener,4.436772257121386e-05,4.4308575059696635e-05,4.705786944027993e-07,0.83316,0.001771922235557908,50000,0.9986668797024169
71,15,5.0,fit,1276,sim,clean,wiener,7.917255596235724e-05,8.030464472878847e-05,6.120751087710703e-07,0.69762,0.0023047144036968392,50000,1.0142990049098515
71,25,26.0,fit,1263,sim,clean,wiener,4.510227555057961e-05,4.553553272438014e-05,4.775657611715814e-07,0.82854,0.0017982314142695466,50000,1.0096061045371127
83,5,1.4,fit,1252,sim,clean,wiener,0.00011878999435082579,0.00012108106893560831,7.387536466601463e-07,0.54408,0.002781711175381289,50000,1.019286763984652
83,1,0.6,fit,1253,sim,clean,wiener,0.0001563600744674814,0.00016313756585753086,8.220306780858321e-07,0.38572,0.0030952834332194663,50000,1.0433454090702612
71,27,30.0,fit,1263,sim,clean,wiener,4.489606045488867e-05,4.534431854287104e-05,4.772981548833832e-07,0.82926,0.001797223766583679,50000,1.0099843523783736
71,17,6.0,fit,1276,sim,clean,wiener,6.974811175163279e-05,7.118479057181182e-05,5.811102985820114e-07,0.73196,0.0021881191639496287,50000,1.0205981034338953
71,21,10.0,fit,1264,sim,clean,wiener,5.972288190815345e-05,5.8745245763635185e-05,5.362734584777211e-07,0.7788,0.002019290028891206,50000,0.9836304593267661
71,13,4.0,fit,1277,sim,clean,wiener,7.307199405934809e-05,7.443012015242495e-05,5.953395165436878e-07,0.71974,0.0022416980190928513,50000,1.0185861370085754
71,19,8.0,fit,1276,sim,clean,wiener,6.602377032594836e-05,6.746142553742592e-05,5.693841717468032e-07,0.74598,0.002143965475898268,50000,1.0217748123801487
71,15,5.0,fit,1277,sim,clean,wiener,7.917255596235724e-05,7.997533141618943e-05,6.12842027306981e-07,0.69886,0.002307602167258609,50000,1.010139567228496
71,23,20.0,fit,1264,sim,clean,wiener,4.642648205377131e-05,4.626852042016513e-05,4.807295974411565e-07,0.82578,0.0018101445584522411,50000,0.9965975963153265
71,29,40.0,fit,1255,sim,clean,wiener,4.436772257121386e-05,4.4855660079014413e-05,4.7281140296896187e-07,0.8311,0.001780329301158115,50000,1.0109975784088845
71,25,26.0,fit,1264,sim,clean,wiener,4.510227555057961e-05,4.5004382220188176e-05,4.7240100239248447e-07,0.83054,0.0017787839742752884,50000,0.9978295256903025
83,3,1.0,fit,1253,sim,clean,wiener,0.00013547397449561798,0.00013718024071766784,7.784669414387008e-07,0.48346,0.002931248056039879,50000,1.0125947897254985
83,5,1.4,fit,1253,sim,clean,wiener,0.00011878999435082579,0.00012002939093730816,7.390008834052504e-07,0.54804,0.0027826421233636514,50000,1.0104335099370576
83,1,0.6,fit,1254,sim,clean,wiener,0.0001563600744674814,0.00016222929849536255,8.096035007527465e-07,0.38914,0.003048490001847354,50000,1.0375365901293543
71,17,6.0,fit,1277,sim,clean,wiener,6.974811175163279e-05,7.02393426743501e-05,5.794236132614239e-07,0.73552,0.002181768100334794,50000,1.0070429279070168
71,27,30.0,fit,1264,sim,clean,wiener,4.489606045488867e-05,4.4669757402547204e-05,4.70860893917372e-07,0.8318,0.001772984832740234,50000,0.9949594006679304
71,21,10.0,fit,1265,sim,clean,wiener,5.972288190815345e-05,5.920203519724032e-05,5.369261532523521e-07,0.77708,0.0020217476930352845,50000,0.9912789421027249
71,13,4.0,fit,1278,sim,clean,wiener,7.307199405934809e-05,7.3829920082688e-05,5.938864124392378e-07,0.722,0.002236226484780141,50000,1.0103723188767004
71,19,8.0,fit,1277,sim,clean,wiener,6.602377032594836e-05,6.61016802466944e-05,5.638823737270588e-07,0.7511,0.0021232489446088407,50000,1.0011800283498111
71,15,5.0,fit,1278,sim,clean,wiener,7.917255596235724e-05,7.940168887166209e-05,6.162491141804559e-07,0.70102,0.0023204312499633607,50000,1.0028940951383936
71,23,20.0,fit,1265,sim,clean,wiener,4.642648205377131e-05,4.6305700955458544e-05,4.816845200760675e-07,0.82564,0.0018137402347337263,50000,0.9973984438844004
71,25,26.0,fit,1265,sim,clean,wiener,4.510227555057961e-05,4.5147792856320006e-05,4.755376284013073e-07,0.83,0.0017905946606403304,50000,1.0010092019789412
71,29,40.0,fit,1256,sim,clean,wiener,4.436772257121386e-05,4.515841586640383e-05,4.7473840761183987e-07,0.82996,0.0017875852658147218,50000,1.0178213631299384
83,3,1.0,fit,1254,sim,clean,wiener,0.00013547397449561798,0.00013903395597729791,7.775503075068261e-07,0.47648,0.0029277965524655046,50000,1.0262779732781449
83,5,1.4,fit,1254,sim,clean,wiener,0.00011878999435082579,0.00012059772197679359,7.393295645091691e-07,0.5459,0.002783879742838074,50000,1.015217844195101
83,1,0.6,fit,1255,sim,clean,wiener,0.0001563600744674814,0.0001641520633205376,8.181898893313094e-07,0.3819,0.003080821284641201,50000,1.0498336220393443
71,17,6.0,fit,1278,sim,clean,wiener,6.974811175163279e-05,7.031901524997888e-05,5.833488784293453e-07,0.73522,0.0021965483373370823,50000,1.0081852179795063
71,27,30.0,fit,1265,sim,clean,wiener,4.489606045488867e-05,4.4839725563888636e-05,4.7361834625707557e-07,0.83116,0.0017833677743657843,50000,0.9987452152721363
71,21,10.0,fit,1266,sim,clean,wiener,5.972288190815345e-05,6.057240349805566e-05,5.419346499898132e-07,0.77192,0.0020406067422047104,50000,1.0142243904306003
71,13,4.0,fit,1279,sim,clean,wiener,7.307199405934809e-05,7.381929707260415e-05,5.984704820367742e-07,0.72204,0.002253487391289153,50000,1.0102269415646317
71,19,8.0,fit,1278,sim,clean,wiener,6.602377032594836e-05,6.659565021559295e-05,5.636700954231906e-07,0.74924,0.0021224496295288667,50000,1.008661727235832
71,15,5.0,fit,1279,sim,clean,wiener,7.917255596235724e-05,7.971506766913536e-05,6.151334380927235e-07,0.69984,0.0023162302708475465,50000,1.0068522697061346
71,23,20.0,fit,1266,sim,clean,wiener,4.642648205377131e-05,4.7118361226872326e-05,4.853051685813444e-07,0.82258,0.0018273734647756884,50000,1.014902683608456
71,25,26.0,fit,1266,sim,clean,wiener,4.510227555057961e-05,4.579048496639232e-05,4.775491310558882e-07,0.82758,0.001798168795047454,50000,1.0152588623835825
83,3,1.0,fit,1255,sim,clean,wiener,0.00013547397449561798,0.00013872588868486655,7.845461400276347e-07,0.47764,0.0029541387378370534,50000,1.0240039771576477
83,5,1.4,fit,1255,sim,clean,wiener,0.00011878999435082579,0.0001208898547540992,7.363432057479052e-07,0.5448,0.002772634874433753,50000,1.017677081430544
71,17,6.0,fit,1279,sim,clean,wiener,6.974811175163279e-05,7.060052501720063e-05,5.814947864926749e-07,0.73416,0.0021895669189931767,50000,1.0122213095689703
71,29,40.0,fit,1257,sim,clean,wiener,4.436772257121386e-05,4.5254022957158395e-05,4.7458586402732676e-07,0.8296,0.0017870108765095842,50000,1.0199762425155348
83,1,0.6,fit,1256,sim,clean,wiener,0.0001563600744674814,0.00016322254993820162,8.178326841599632e-07,0.3854,0.003079476260326898,50000,1.0438889242928024
71,27,30.0,fit,1266,sim,clean,wiener,4.489606045488867e-05,4.5578024764715516e-05,4.7571553552597086e-07,0.82838,0.0017912645541008825,50000,1.015189847459157
71,13,4.0,fit,1280,sim,clean,wiener,7.307199405934809e-05,7.352185279025663e-05,5.972436465794944e-07,0.72316,0.0022488678514502665,50000,1.006156376826711
71,21,10.0,fit,1267,sim,clean,wiener,5.972288190815345e-05,6.024309018545665e-05,5.407793198117263e-07,0.77316,0.0020362564491372324,50000,1.0087103679642122
71,19,8.0,fit,1279,sim,clean,wiener,6.602377032594836e-05,6.627695991307776e-05,5.68042560306688e-07,0.75044,0.0021389137573005193,50000,1.0038348247287219
71,15,5.0,fit,1280,sim,clean,wiener,7.917255596235724e-05,7.960352606325504e-05,6.190591772973703e-07,0.70026,0.0023310122927929786,50000,1.005443427910837
71,23,20.0,fit,1267,sim,clean,wiener,4.642648205377131e-05,4.686872048990207e-05,4.826088663010021e-07,0.82352,0.0018172207782619328,50000,1.009525564216099
71,25,26.0,fit,1267,sim,clean,wiener,4.510227555057961e-05,4.555146723950592e-05,4.7547914182634737e-07,0.82848,0.0017903744346422438,50000,1.0099594019025175
71,17,6.0,fit,1280,sim,clean,wiener,6.974811175163279e-05,6.976130722057728e-05,5.796432556344691e-07,0.73732,0.002182595144162529,50000,1.0001891874720776
83,5,1.4,fit,1256,sim,clean,wiener,0.00011878999435082579,0.00012199995930786048,7.497480950324404e-07,0.54062,0.0028231097932326235,50000,1.0270221829252268
83,3,1.0,fit,1256,sim,clean,wiener,0.00013547397449561798,0.00013883211878570496,7.724158765234374e-07,0.47724,0.002908463309089602,50000,1.0247881137509227
71,29,40.0,fit,1258,sim,clean,wiener,4.436772257121386e-05,4.420765646390017e-05,4.6942424917027335e-07,0.83354,0.0017675752746742612,50000,0.996392284795399
83,1,0.6,fit,1257,sim,clean,wiener,0.0001563600744674814,0.00016327035348357886,8.242168202462027e-07,0.38522,0.00310351515715879,50000,1.0441946516054814
71,13,4.0,fit,1281,sim,clean,wiener,7.307199405934809e-05,7.373431299193343e-05,6.004856906475896e-07,0.72236,0.002261075480144989,50000,1.009063923068083
71,27,30.0,fit,1267,sim,clean,wiener,4.489606045488867e-05,4.5243399947074543e-05,4.7324358277162694e-07,0.82964,0.0017819566357808036,50000,1.0077365249571257
71,21,10.0,fit,1268,sim,clean,wiener,5.972288190815345e-05,6.119916109300223e-05,5.457436346811633e-07,0.76956,0.0020549491354107355,50000,1.0247188202859856
71,19,8.0,fit,1280,sim,clean,wiener,6.602377032594836e-05,6.577236693409535e-05,5.634905185621888e-07,0.75234,0.002121773448824586,50000,0.9961922290924636
71,15,5.0,fit,1281,sim,clean,wiener,7.917255596235724e-05,7.935388532628479e-05,6.126696746820272e-07,0.7012,0.0023069531887728745,50000,1.0022903057975514
71,23,20.0,fit,1268,sim,clean,wiener,4.642648205377131e-05,4.769731527644159e-05,4.867630001262662e-07,0.8204,0.0018328627998451881,50000,1.0273730243269004
71,25,26.0,fit,1268,sim,clean,wiener,4.510227555057961e-05,4.618884784453631e-05,4.799946686383807e-07,0.82608,0.0018073772493864468,50000,1.0240912965186906
71,17,6.0,fit,1281,sim,clean,wiener,6.974811175163279e-05,7.024465417939199e-05,5.78526036106503e-07,0.7355,0.002178388353359739,50000,1.0071190805785157
83,5,1.4,fit,1257,sim,clean,wiener,0.00011878999435082579,0.00012111293796585984,7.37202282544263e-07,0.54396,0.0027758696517316286,50000,1.0195550444103367
71,13,4.0,fit,1282,sim,clean,wiener,7.307199405934809e-05,7.396801921377791e-05,5.951114406926875e-07,0.72148,0.0022408392197536798,50000,1.0122622239335919
83,3,1.0,fit,1257,sim,clean,wiener,0.00013547397449561798,0.00013919861263359746,7.780346978520339e-07,0.47586,0.0029296204812442024,50000,1.027493384997721
71,27,30.0,fit,1268,sim,clean,wiener,4.489606045488867e-05,4.572143540084735e-05,4.771382840491762e-07,0.82784,0.0017966217871712704,50000,1.0183841285314557
71,29,40.0,fit,1259,sim,clean,wiener,4.436772257121386e-05,4.454228128154111e-05,4.7131868454340886e-07,0.83228,0.0017747086026413217,50000,1.0039343626449853
71,21,10.0,fit,1269,sim,clean,wiener,5.972288190815345e-05,6.04714849022592e-05,5.412993098277282e-07,0.7723,0.0020382144253112094,50000,1.0125346093521912
83,1,0.6,fit,1258,sim,clean,wiener,0.0001563600744674814,0.0001633553375642496,8.194122585343679e-07,0.3849,0.0030854240071969026,50000,1.0447381668280225
71,19,8.0,fit,1281,sim,clean,wiener,6.602377032594836e-05,6.644692807441919e-05,5.622865367195224e-07,0.7498,0.002117239962239657,50000,1.006409172732514
71,15,5.0,fit,1282,sim,clean,wiener,7.917255596235724e-05,7.978942873972225e-05,6.117477292610572e-07,0.69956,0.0023034816852585457,50000,1.0077914975696667
71,23,20.0,fit,1269,sim,clean,wiener,4.642648205377131e-05,4.7160853267207666e-05,4.840215262904349e-07,0.82242,0.0018225400238553518,50000,1.015817937973112
71,25,26.0,fit,1269,sim,clean,wiener,4.510227555057961e-05,4.582766550168577e-05,4.782464635798796e-07,0.82744,0.001800794538668096,50000,1.0160832229028594
71,17,6.0,fit,1282,sim,clean,wiener,6.974811175163279e-05,7.027121170460158e-05,5.767680631395805e-07,0.7354,0.002171768862450672,50000,1.0074998439360123
71,13,4.0,fit,1283,sim,clean,wiener,7.307199405934809e-05,7.423359446587391e-05,5.966018120871622e-07,0.72048,0.0022464510807336177,50000,1.0158966567353065
83,5,1.4,fit,1258,sim,clean,wiener,0.00011878999435082579,0.00011989129180621822,7.433713129477273e-07,0.54856,0.0027990985872396496,50000,1.0092709614257573
71,27,30.0,fit,1269,sim,clean,wiener,4.489606045488867e-05,4.5429302623541753e-05,4.759727176083971e-07,0.82894,0.0017922329503667108,50000,1.0118772596804764
83,3,1.0,fit,1258,sim,clean,wiener,0.00013547397449561798,0.00013776981777732095,7.778255063483757e-07,0.48124,0.0029288327892359784,50000,1.016946747818174
71,21,10.0,fit,1270,sim,clean,wiener,5.972288190815345e-05,6.012092556949248e-05,5.407630696942397e-07,0.77362,0.0020361952607646024,50000,1.0066648435008743
71,29,40.0,fit,1260,sim,clean,wiener,4.436772257121386e-05,4.4930021149601274e-05,4.745754533465826e-07,0.83082,0.0017869716760168352,50000,1.0126735957087922
83,1,0.6,fit,1259,sim,clean,wiener,0.0001563600744674814,0.00016308976231215358,8.191623046015108e-07,0.3859,0.0030844828278856363,50000,1.0430396817575818
71,19,8.0,fit,1282,sim,clean,wiener,6.602377032594836e-05,6.66328307508864e-05,5.625318525631754e-07,0.7491,0.002118163677238389,50000,1.0092248658616618
71,15,5.0,fit,1283,sim,clean,wiener,7.917255596235724e-05,7.979474024476414e-05,6.125989285050676e-07,0.69954,0.002306686800333435,50000,1.0078585852742044
71,23,20.0,fit,1270,sim,clean,wiener,4.642648205377131e-05,4.7447674539471366e-05,4.842607659954175e-07,0.82134,0.0018234408596941374,50000,1.0219959049345437
71,17,6.0,fit,1283,sim,clean,wiener,6.974811175163279e-05,7.027121170460158e-05,5.792879246778081e-07,0.7354,0.002181257177036991,50000,1.0074998439360123
71,25,26.0,fit,1270,sim,clean,wiener,4.510227555057961e-05,4.606668322857214e-05,4.772405064066655e-07,0.82654,0.00179700669637001,50000,1.021382683383924
83,7,1.8,fit,1234,sim,clean,wiener,0.00010609042274955797,0.00010735613990728704,7.077045101588547e-07,0.59576,0.0026647984124026514,50000,1.0119305506088612
71,27,30.0,fit,1270,sim,clean,wiener,4.489606045488867e-05,4.597638764285953e-05,4.773664114578719e-07,0.82688,0.0017974807806463598,50000,1.0240628504377653
83,5,1.4,fit,1259,sim,clean,wiener,0.00011878999435082579,0.00011990191481630207,7.413033293094132e-07,0.54852,0.0027913117787098903,50000,1.009360388234319
71,21,10.0,fit,1271,sim,clean,wiener,5.972288190815345e-05,5.959508657034241e-05,5.39647569851952e-07,0.7756,0.0020319949452853405,50000,0.9978601947238988
83,3,1.0,fit,1259,sim,clean,wiener,0.00013547397449561798,0.0001374405044647219,7.813230700796147e-07,0.48248,0.0029420025545045234,50000,1.0145159243790218
71,19,8.0,fit,1283,sim,clean,wiener,6.602377032594836e-05,6.667532279122174e-05,5.673357776583175e-07,0.74894,0.0021362524300767203,50000,1.0098684528626094
83,9,2.0,fit,1234,sim,clean,wiener,0.00010018203911665463,0.00010138600824016896,6.909106135652596e-07,0.61824,0.0026015624878914156,50000,1.0120178141124918
71,29,40.0,fit,1261,sim,clean,wiener,4.436772257121386e-05,4.418641044373247e-05,4.688173121280861e-07,0.83362,0.0017652899072034703,50000,0.9959134227097104
83,1,0.6,fit,1260,sim,clean,wiener,0.0001563600744674814,0.0001628507445852672,8.28784479311594e-07,0.3868,0.0031207142712680377,50000,1.0415110451941854
83,11,3.0,fit,1234,sim,clean,wiener,8.860163030726118e-05,9.070988310590974e-05,6.539820048118306e-07,0.65844,0.0024625110948795392,50000,1.0237947404730292
71,23,20.0,fit,1271,sim,clean,wiener,4.642648205377131e-05,4.6677506308392964e-05,4.827987610679069e-07,0.82424,0.0018179358101235467,50000,1.005406919575145
71,25,26.0,fit,1271,sim,clean,wiener,4.510227555057961e-05,4.5647074330260485e-05,4.776981925670854e-07,0.82812,0.0017987300729151046,50000,1.0120791860949436
83,7,1.8,fit,1235,sim,clean,wiener,0.00010609042274955797,0.00010708525315014913,7.00224854803295e-07,0.59678,0.002636634435162573,50000,1.0093771932923634
71,27,30.0,fit,1271,sim,clean,wiener,4.489606045488867e-05,4.527526897732607e-05,4.754721002642626e-07,0.82952,0.001790347920266265,50000,1.0084463651954145
71,21,10.0,fit,1272,sim,clean,wiener,5.972288190815345e-05,6.026433620562432e-05,5.378587444565511e-07,0.77308,0.002025259282299867,50000,1.0090661113491401
83,5,1.4,fit,1260,sim,clean,wiener,0.00011878999435082579,0.00012098015033981182,7.412233185385873e-07,0.54446,0.0027910105052659437,50000,1.0184372093033172
83,13,4.0,fit,1234,sim,clean,wiener,8.127744661938492e-05,8.273200253294592e-05,6.279234197180974e-07,0.68848,0.0023643898095260622,50000,1.017896181217067
83,9,2.0,fit,1235,sim,clean,wiener,0.00010018203911665463,0.00010109387546286335,6.896074747885059e-07,0.61934,0.0025966556346870263,50000,1.009101794635533
83,3,1.0,fit,1260,sim,clean,wiener,0.00013547397449561798,0.0001382000496857165,7.751223989469303e-07,0.47962,0.0029186544786437385,50000,1.0201225010209374
71,29,40.0,fit,1262,sim,clean,wiener,4.436772257121386e-05,4.5386810583206414e-05,4.770411167206498e-07,0.8291,0.0017962559122346583,50000,1.0229691305510855
83,11,3.0,fit,1235,sim,clean,wiener,8.860163030726118e-05,8.885085634123775e-05,6.448288281108152e-07,0.66544,0.0024280456218026027,50000,1.0028128831615433
83,1,0.6,fit,1261,sim,clean,wiener,0.0001563600744674814,0.00016313756585753086,8.205809180796526e-07,0.38572,0.0030898244908114762,50000,1.0433454090702612
71,23,20.0,fit,1272,sim,clean,wiener,4.642648205377131e-05,4.698026209578238e-05,4.828275264667142e-07,0.8231,0.001818044123675281,50000,1.011928106923322
71,25,26.0,fit,1272,sim,clean,wiener,4.510227555057961e-05,4.570550088572161e-05,4.756710373043229e-07,0.8279,0.0017910970000035156,50000,1.013374609768093
83,7,1.8,fit,1236,sim,clean,wiener,0.00010609042274955797,0.00010749423903837695,7.010343883771669e-07,0.59524,0.002639682661860968,50000,1.0132322621819776
83,13,4.0,fit,1235,sim,clean,wiener,8.127744661938492e-05,8.175468560523264e-05,6.281204360083535e-07,0.69216,0.0023651316568506953,50000,1.0058717270989403
71,27,30.0,fit,1272,sim,clean,wiener,4.489606045488867e-05,4.557271325967359e-05,4.7461931668573014e-07,0.8284,0.001787136839520593,50000,1.0150715407527753
71,21,10.0,fit,1273,sim,clean,wiener,5.972288190815345e-05,5.901613252077311e-05,5.366364136168716e-07,0.77778,0.0020206567041980575,50000,0.988166187484602
83,9,2.0,fit,1236,sim,clean,wiener,0.00010018203911665463,0.0001013700737250432,6.836734993572667e-07,0.6183,0.0025743117777786493,50000,1.0118587585046577
83,5,1.4,fit,1261,sim,clean,wiener,0.00011878999435082579,0.00012164408847005183,7.390845650264604e-07,0.54196,0.002782957219068351,50000,1.0240263848384146
83,3,1.0,fit,1261,sim,clean,wiener,0.00013547397449561798,0.0001385824780487347,7.877792164078908e-07,0.47818,0.002966312599500517,50000,1.0229453927567267
83,11,3.0,fit,1236,sim,clean,wiener,8.860163030726118e-05,8.967945112777727e-05,6.523946904393049e-07,0.66232,0.0024565342037347576,50000,1.0121647967060914
71,29,40.0,fit,1263,sim,clean,wiener,4.436772257121386e-05,4.459008482691841e-05,4.725615016914247e-07,0.8321,0.0017793883201157744,50000,1.0050118023377839
83,1,0.6,fit,1262,sim,clean,wiener,0.0001563600744674814,0.0001621124453844403,8.044906969258014e-07,0.38958,0.0030292381936062123,50000,1.0367892566983603
71,23,20.0,fit,1273,sim,clean,wiener,4.642648205377131e-05,4.645973460167423e-05,4.802954476520798e-07,0.82506,0.001808509806020867,50000,1.0007162409562802
71,25,26.0,fit,1273,sim,clean,wiener,4.510227555057961e-05,4.505749727060737e-05,4.744903528306337e-07,0.83034,0.0017866512375901472,50000,0.9990071835749833
83,7,1.8,fit,1237,sim,clean,wiener,0.00010609042274955797,0.00010720210626107136,6.987723705756161e-07,0.59634,0.0026311652349407326,50000,1.0104786415465388
83,13,4.0,fit,1236,sim,clean,wiener,8.127744661938492e-05,8.189278473632255e-05,6.239943244818644e-07,0.69164,0.00234959515074207,50000,1.0075708347460668
83,9,2.0,fit,1237,sim,clean,wiener,0.00010018203911665463,0.00010127977813933056,6.822381775721968e-07,0.61864,0.002568907201208574,50000,1.0109574433935977
71,27,30.0,fit,1273,sim,clean,wiener,4.489606045488867e-05,4.490346362439168e-05,4.7326683089002833e-07,0.83092,0.0017820441745037,50000,1.0001648957487137
71,21,10.0,fit,1274,sim,clean,wiener,5.972288190815345e-05,5.929764228799489e-05,5.378397100067562e-07,0.77672,0.002025187609771479,50000,0.9928797873349025
83,5,1.4,fit,1262,sim,clean,wiener,0.00011878999435082579,0.00012049149187595519,7.357318261681235e-07,0.5463,0.0027703327789826275,50000,1.0143235761094855
83,11,3.0,fit,1237,sim,clean,wiener,8.860163030726118e-05,8.933420330005247e-05,6.47086574514969e-07,0.66362,0.0024365469651557014,50000,1.0082681660625297
83,3,1.0,fit,1262,sim,clean,wiener,0.00013547397449561798,0.00013784417884790781,7.800240877521306e-07,0.48096,0.002937111352040317,50000,1.0174956434334663
71,29,40.0,fit,1264,sim,clean,wiener,4.436772257121386e-05,4.403237679751679e-05,4.6894452596302126e-07,0.8342,0.0017657689195885898,50000,0.992441672588472
71,23,20.0,fit,1274,sim,clean,wiener,4.642648205377131e-05,4.6167601824368634e-05,4.817954808680568e-07,0.82616,0.0018141580477306586,50000,0.994423867199267
83,7,1.8,fit,1238,sim,clean,wiener,0.00010609042274955797,0.00010701620358460415,7.081224631979824e-07,0.59704,0.0026663721774121134,50000,1.008726337505805
71,25,26.0,fit,1274,sim,clean,wiener,4.510227555057961e-05,4.4855660079014413e-05,4.736177654480967e-07,0.8311,0.0017833655873812128,50000,0.9945320836131952
83,1,0.6,fit,1263,sim,clean,wiener,0.0001563600744674814,0.0001626701534138419,8.21149578454467e-07,0.38748,0.0030919657308943766,50000,1.0403560753462855
83,13,4.0,fit,1237,sim,clean,wiener,8.127744661938492e-05,8.237082019009535e-05,6.281339997039052e-07,0.68984,0.002365182729740374,50000,1.0134523612168895
83,9,2.0,fit,1238,sim,clean,wiener,0.00010018203911665463,0.00010123197459395326,6.930566051033991e-07,0.61882,0.0026096430282324403,50000,1.010480276570095
71,27,30.0,fit,1274,sim,clean,wiener,4.489606045488867e-05,4.4733495463050247e-05,4.725866305206309e-07,0.83156,0.001779482940487996,50000,0.9963790811445078
71,21,10.0,fit,1275,sim,clean,wiener,5.972288190815345e-05,5.981285827706111e-05,5.395660806265795e-07,0.77478,0.002031688104852245,50000,1.0015065644194137
83,11,3.0,fit,1238,sim,clean,wiener,8.860163030726118e-05,8.957853253198081e-05,6.518048394469976e-07,0.6627,0.0024543131722657035,50000,1.0110257815948966
83,5,1.4,fit,1263,sim,clean,wiener,0.00011878999435082579,0.00012093765829947648,7.32972792044388e-07,0.54462,0.002759943881289938,50000,1.018079502069071
83,3,1.0,fit,1263,sim,clean,wiener,0.00013547397449561798,0.00013877369223024382,7.671111291702849e-07,0.47746,0.0028884887545658437,50000,1.0243568386246213
71,29,40.0,fit,1265,sim,clean,wiener,4.436772257121386e-05,4.443605118070273e-05,4.731580560556768e-07,0.83268,0.0017816345925359036,50000,1.0015400522165454
83,7,1.8,fit,1239,sim,clean,wiener,0.00010609042274955797,0.00010732427087703553,7.080693171521285e-07,0.59588,0.0026661720607015597,50000,1.0116301556304497
71,23,20.0,fit,1275,sim,clean,wiener,4.642648205377131e-05,4.726177186300416e-05,4.831303424367903e-07,0.82204,0.001819184350287837,50000,1.0179916670891715
71,25,26.0,fit,1275,sim,clean,wiener,4.510227555057961e-05,4.5854223026895365e-05,4.770200506561946e-07,0.82734,0.001796176589841894,50000,1.0166720518452
83,1,0.6,fit,1264,sim,clean,wiener,0.0001563600744674814,0.00016265953040375808,8.293664462391757e-07,0.38752,0.0031229056159923245,50000,1.0402881359434681
83,13,4.0,fit,1238,sim,clean,wiener,8.127744661938492e-05,8.266295296740096e-05,6.299266428753552e-07,0.68874,0.0023719327682221293,50000,1.0170466273935037
83,9,2.0,fit,1239,sim,clean,wiener,0.00010018203911665463,0.00010116292502840833,6.868265829869637e-07,0.61908,0.002586184433851879,50000,1.0097910356028144
71,27,30.0,fit,1275,sim,clean,wiener,4.489606045488867e-05,4.571612389580543e-05,4.7627322557526207e-07,0.82786,0.0017933644863983753,50000,1.0182658218250742
71,21,10.0,fit,1276,sim,clean,wiener,5.972288190815345e-05,6.094952035603201e-05,5.432703328368437e-07,0.7705,0.002045636137212298,50000,1.0205388355130782
83,11,3.0,fit,1239,sim,clean,wiener,8.860163030726118e-05,8.969538564290304e-05,6.498613169549467e-07,0.66226,0.002446995011116605,50000,1.0123446411973327
83,5,1.4,fit,1264,sim,clean,wiener,0.00011878999435082579,0.00012025778565411072,7.358335068289149e-07,0.54718,0.0027707156484706123,50000,1.0123561863211312
83,3,1.0,fit,1264,sim,clean,wiener,0.00013547397449561798,0.00013816286915042304,7.763771401501667e-07,0.47976,0.0029233790950879803,50000,1.019848053213291
83,7,1.8,fit,1240,sim,clean,wiener,0.00010609042274955797,0.00010766420719971839,7.122425582125067e-07,0.5946,0.002681886028879851,50000,1.0148343687335055
71,29,40.0,fit,1266,sim,clean,wiener,4.436772257121386e-05,4.491408663447553e-05,4.7289587423053857e-07,0.83088,0.0017806473701834102,50000,1.0123144491445264
71,23,20.0,fit,1276,sim,clean,wiener,4.642648205377131e-05,4.764951173106433e-05,4.857315794432544e-07,0.82058,0.0018289790769648688,50000,1.026343363166662
71,25,26.0,fit,1276,sim,clean,wiener,4.510227555057961e-05,4.625258590503935e-05,4.772257272689269e-07,0.82584,0.001796951046840839,50000,1.025504485980308
83,13,4.0,fit,1239,sim,clean,wiener,8.127744661938492e-05,8.175468560523264e-05,6.272993443891272e-07,0.69216,0.0023620399093601213,50000,1.0058717270989403
83,9,2.0,fit,1240,sim,clean,wiener,0.00010018203911665463,0.0001013753852300851,6.941103192278207e-07,0.61828,0.0026136106950843227,50000,1.0119117770406023
83,1,0.6,fit,1265,sim,clean,wiener,0.0001563600744674814,0.00016203277280881152,8.169224373486563e-07,0.38988,0.0030760488068871552,50000,1.0362797111772282
83,11,3.0,fit,1240,sim,clean,wiener,8.860163030726118e-05,8.98706653092864e-05,6.53716437060202e-07,0.6616,0.0024615111231218825,50000,1.014322930600987
71,27,30.0,fit,1276,sim,clean,wiener,4.489606045488867e-05,4.5960453127733754e-05,4.7680519676312505e-07,0.82694,0.0017953675766097731,50000,1.0237079303186207
71,21,10.0,fit,1277,sim,clean,wiener,5.972288190815345e-05,5.980223526697729e-05,5.389773099239448e-07,0.77482,0.0020294711411179066,50000,1.0013286927269498
83,7,1.8,fit,1241,sim,clean,wiener,0.00010609042274955797,0.00010720741776611328,7.046964914786425e-07,0.59632,0.002653471985499271,50000,1.010528707376274
83,5,1.4,fit,1265,sim,clean,wiener,0.00011878999435082579,0.00012093765829947648,7.407578811855695e-07,0.54462,0.0027892579422942646,50000,1.018079502069071
83,3,1.0,fit,1265,sim,clean,wiener,0.00013547397449561798,0.0001383965753722675,7.782502374106069e-07,0.47888,0.0029304320762888157,50000,1.0215731537184956
71,23,20.0,fit,1277,sim,clean,wiener,4.642648205377131e-05,4.723521433779456e-05,4.853690194127359e-07,0.82214,0.0018276138894044423,50000,1.0174196331112613
71,29,40.0,fit,1267,sim,clean,wiener,4.436772257121386e-05,4.4701626432798725e-05,4.714857319352093e-07,0.83168,0.0017753376047432948,50000,1.0075258282876458
71,25,26.0,fit,1277,sim,clean,wiener,4.510227555057961e-05,4.6178224834452485e-05,4.801638185830939e-07,0.82612,0.0018080141684644793,50000,1.0238557649417546
83,13,4.0,fit,1240,sim,clean,wiener,8.127744661938492e-05,8.207868741278976e-05,6.278955087676797e-07,0.69094,0.0023642847133237715,50000,1.0098580950402758
83,9,2.0,fit,1241,sim,clean,wiener,0.00010018203911665463,0.00010152410737125887,6.871470376602485e-07,0.61772,0.002587391077433145,50000,1.013396296047054
83,1,0.6,fit,1266,sim,clean,wiener,0.0001563600744674814,0.0001628507445852672,8.105451133184493e-07,0.3868,0.003052035560246607,50000,1.0415110451941854
83,11,3.0,fit,1241,sim,clean,wiener,8.860163030726118e-05,8.939794136055553e-05,6.530000104396539e-07,0.66338,0.0024588134823782747,50000,1.0089875440274951
71,27,30.0,fit,1277,sim,clean,wiener,4.489606045488867e-05,4.6045437208404473e-05,4.788020010328459e-07,0.82662,0.0018028863655555102,50000,1.0256008376207237
71,21,10.0,fit,1278,sim,clean,wiener,5.972288190815345e-05,6.032807426612736e-05,5.422546577063873e-07,0.77284,0.0020418117028102203,50000,1.0101333415039253
83,7,1.8,fit,1242,sim,clean,wiener,0.00010609042274955797,0.0001080413240576947,7.075301701537321e-07,0.59318,0.0026641419506135853,50000,1.0183890426447082
83,5,1.4,fit,1266,sim,clean,wiener,0.00011878999435082579,0.00012013030953310462,7.343497767017356e-07,0.54766,0.002765128794592213,50000,1.0112830646183923
83,13,4.0,fit,1241,sim,clean,wiener,8.127744661938492e-05,8.189809624136447e-05,6.254673889771372e-07,0.69162,0.002355141844131785,50000,1.007636185040187
83,9,2.0,fit,1242,sim,clean,wiener,0.00010018203911665463,0.00010166220650234881,6.938667806338053e-07,0.6172,0.0026126936721610895,50000,1.0147747779816163
83,3,1.0,fit,1266,sim,clean,wiener,0.00013547397449561798,0.0001382797222613453,7.750669445728219e-07,0.47932,0.002918445670128371,50000,1.0207106034658935
71,23,20.0,fit,1278,sim,clean,wiener,4.642648205377131e-05,4.758046216551936e-05,4.880195720829404e-07,0.82084,0.0018375943098287312,50000,1.0248560748240951
71,25,26.0,fit,1278,sim,clean,wiener,4.510227555057961e-05,4.608261774369792e-05,4.789108283247535e-07,0.82648,0.0018032961450475703,50000,1.0217359807493285
71,29,40.0,fit,1268,sim,clean,wiener,4.436772257121386e-05,4.510530081598463e-05,4.7409853964721765e-07,0.83016,0.001785175899883325,50000,1.0166242079157184
83,11,3.0,fit,1242,sim,clean,wiener,8.860163030726118e-05,8.940856437063934e-05,6.519616330639275e-07,0.66334,0.0024549035646900443,50000,1.009107440354989
83,1,0.6,fit,1267,sim,clean,wiener,0.0001563600744674814,0.00016172470551638015,8.178440972320935e-07,0.39104,0.003079519235235291,50000,1.0343094684955172
71,27,30.0,fit,1278,sim,clean,wiener,4.489606045488867e-05,4.597638764285953e-05,4.776540125525311e-07,0.82688,0.0017985637169982576,50000,1.0240628504377653
71,21,10.0,fit,1279,sim,clean,wiener,5.972288190815345e-05,5.99403343980672e-05,5.40227495941609e-07,0.7743,0.0020341786054158687,50000,1.0036410247289835
83,7,1.8,fit,1243,sim,clean,wiener,0.00010609042274955797,0.00010733489388711935,7.010383574288187e-07,0.59584,0.0026396976069720827,50000,1.01173028728992
83,13,4.0,fit,1242,sim,clean,wiener,8.127744661938492e-05,8.237082019009535e-05,6.309247470592281e-07,0.68984,0.0023756910407870453,50000,1.0134523612168895
83,9,2.0,fit,1243,sim,clean,wiener,0.00010018203911665463,0.00010163033747209728,6.901785958722622e-07,0.61732,0.002598806140350671,50000,1.014456666765948
71,23,20.0,fit,1279,sim,clean,wiener,4.642648205377131e-05,4.666157179326719e-05,4.819271770865055e-07,0.8243,0.001814653938132378,50000,1.0050636991883986
71,25,26.0,fit,1279,sim,clean,wiener,4.510227555057961e-05,4.558333626975744e-05,4.757877950849851e-07,0.82836,0.0017915366410458967,50000,1.0106659966333262
83,3,1.0,fit,1267,sim,clean,wiener,0.00013547397449561798,0.0001382531647361357,7.734796918357577e-07,0.47942,0.0029124690110664403,50000,1.0205145693175748
83,5,1.4,fit,1267,sim,clean,wiener,0.00011878999435082579,0.00012035870424990721,7.395559636105996e-07,0.5468,0.0027847322285258166,50000,1.0132057410024662
71,29,40.0,fit,1269,sim,clean,wiener,4.436772257121386e-05,4.490346362439168e-05,4.739098837764992e-07,0.83092,0.0017844655329751528,50000,1.0120750181016822
83,11,3.0,fit,1243,sim,clean,wiener,8.860163030726118e-05,8.950948296643583e-05,6.515000474839023e-07,0.66296,0.002453165505227115,50000,1.010246455466184
83,1,0.6,fit,1268,sim,clean,wiener,0.0001563600744674814,0.00016225585602057215,8.205782589423005e-07,0.38904,0.0030898144780661953,50000,1.0377064386363983
71,27,30.0,fit,1279,sim,clean,wiener,4.489606045488867e-05,4.530182650253567e-05,4.7403463464320515e-07,0.82942,0.0017849352712723827,50000,1.0090378987273216
83,7,1.8,fit,1244,sim,clean,wiener,0.00010609042274955797,0.00010779168332072448,7.055950738089692e-07,0.59412,0.002656855517372948,50000,1.0160359486471515
71,21,10.0,fit,1280,sim,clean,wiener,5.972288190815345e-05,5.898426349052159e-05,5.372818048092419e-07,0.7779,0.0020230868673524805,50000,0.9876325724072096
83,13,4.0,fit,1243,sim,clean,wiener,8.127744661938492e-05,8.198308032203519e-05,6.272819910253492e-07,0.6913,0.002361974566811668,50000,1.0086817897461111
83,9,2.0,fit,1244,sim,clean,wiener,0.00010018203911665463,0.00010199683131998974,6.879052903155853e-07,0.61594,0.00259024621039208,50000,1.0181149457461325
71,23,20.0,fit,1280,sim,clean,wiener,4.642648205377131e-05,4.6241962894955535e-05,4.799100543164768e-07,0.82588,0.0018070586416802088,50000,0.9960255623374163
71,25,26.0,fit,1280,sim,clean,wiener,4.510227555057961e-05,4.5115923826068484e-05,4.733523754170021e-07,0.83012,0.0017823662848144258,50000,1.0003026072481325
83,3,1.0,fit,1268,sim,clean,wiener,0.00013547397449561798,0.00013904989049242365,7.810806209280207e-07,0.47642,0.0029410896337798676,50000,1.0263955937671358
83,11,3.0,fit,1244,sim,clean,wiener,8.860163030726118e-05,8.99768954101248e-05,6.541538876284288e-07,0.6612,0.0024631583043436805,50000,1.0155218938759292
83,5,1.4,fit,1268,sim,clean,wiener,0.00011878999435082579,0.00012095359281460222,7.28722774883222e-07,0.54456,0.002743940819530141,50000,1.0182136422819132
71,29,40.0,fit,1270,sim,clean,wiener,4.436772257121386e-05,4.558864777479937e-05,4.761700105706143e-07,0.82834,0.001792975839475015,50000,1.027518320365122
83,7,1.8,fit,1245,sim,clean,wiener,0.00010609042274955797,0.0001076376496745088,7.054815615710171e-07,0.5947,0.002656428097133087,50000,1.0145840395848293
71,27,30.0,fit,1280,sim,clean,wiener,4.489606045488867e-05,4.489284061430783e-05,4.718637833885899e-07,0.83096,0.0017767611238791966,50000,0.9999282823359505
83,1,0.6,fit,1269,sim,clean,wiener,0.0001563600744674814,0.00016260110384829697,8.23110650558704e-07,0.38774,0.0030993499735478608,50000,1.0399144692279711
71,21,10.0,fit,1281,sim,clean,wiener,5.972288190815345e-05,6.0397123831672304e-05,5.400058789710456e-07,0.77258,0.0020333441264167363,50000,1.011289507504942
83,13,4.0,fit,1244,sim,clean,wiener,8.127744661938492e-05,8.214773697833472e-05,6.260601012414602e-07,0.69068,0.002357373649466225,50000,1.0107076488638391
83,9,2.0,fit,1245,sim,clean,wiener,0.00010018203911665463,0.00010197027379478014,6.887319081829301e-07,0.61604,0.0025933587664786163,50000,1.0178498530664088
71,25,26.0,fit,1281,sim,clean,wiener,4.510227555057961e-05,4.603481419832065e-05,4.791313096565877e-07,0.82666,0.0018041263479000355,50000,1.0206760886531157
71,23,20.0,fit,1281,sim,clean,wiener,4.642648205377131e-05,4.764951173106433e-05,4.866317721186456e-07,0.82058,0.0018323686724497138,50000,1.026343363166662
83,11,3.0,fit,1245,sim,clean,wiener,8.860163030726118e-05,8.938200684542975e-05,6.527049759369648e-07,0.66344,0.00245770255618933,50000,1.0088076995362536
83,3,1.0,fit,1269,sim,clean,wiener,0.00013547397449561798,0.00013737676640421888,7.871157084277902e-07,0.48272,0.002963814219192623,50000,1.014045442423057
83,5,1.4,fit,1269,sim,clean,wiener,0.00011878999435082579,0.00012050211488603904,7.400237321985818e-07,0.54626,0.002786493569555489,50000,1.0144130029180471
83,7,1.8,fit,1246,sim,clean,wiener,0.00010609042274955797,0.00010813161964340734,7.042398513059205e-07,0.59284,0.002651752547527856,50000,1.0192401617502074
71,29,40.0,fit,1271,sim,clean,wiener,4.436772257121386e-05,4.479723352355329e-05,4.7193978907952777e-07,0.83132,0.0017770473165509082,50000,1.0096807076732421
71,27,30.0,fit,1281,sim,clean,wiener,4.489606045488867e-05,4.573736991597313e-05,4.779118785826783e-07,0.82778,0.0017995346886084211,50000,1.0187390486506005
71,21,10.0,fit,1282,sim,clean,wiener,5.972288190815345e-05,6.052991145772032e-05,5.394044994758182e-07,0.77208,0.0020310796853949126,50000,1.0135129036607442
83,1,0.6,fit,1270,sim,clean,wiener,0.0001563600744674814,0.00016282949856509952,8.023081571162429e-07,0.38688,0.003021020033998593,50000,1.0413751663885502
83,13,4.0,fit,1245,sim,clean,wiener,8.127744661938492e-05,8.200432634220289e-05,6.25268514792809e-07,0.69122,0.0023543930010722055,50000,1.0089431909225923
83,9,2.0,fit,1246,sim,clean,wiener,0.00010018203911665463,0.00010204994637040897,6.845552332383665e-07,0.61574,0.0025776318683147247,50000,1.0186451311055797
83,11,3.0,fit,1246,sim,clean,wiener,8.860163030726118e-05,8.990784584457982e-05,6.459539870048067e-07,0.66146,0.002432282307582288,50000,1.0147425677472166
71,25,26.0,fit,1282,sim,clean,wiener,4.510227555057961e-05,4.623665138991361e-05,4.794390670661081e-07,0.8259,0.0018052851810634854,50000,1.025151188614904
71,23,20.0,fit,1282,sim,clean,wiener,4.642648205377131e-05,4.75910851756032e-05,4.860815184596575e-07,0.8208,0.001830296741218753,50000,1.0250848884152592
83,7,1.8,fit,1247,sim,clean,wiener,0.00010609042274955797,0.00010718086024090368,7.042596341561655e-07,0.59642,0.0026518270380915996,50000,1.010278378227598
83,3,1.0,fit,1270,sim,clean,wiener,0.00013547397449561798,0.00013831159129159678,7.795446042961355e-07,0.4792,0.002935305899716688,50000,1.0209458444438757
83,5,1.4,fit,1270,sim,clean,wiener,0.00011878999435082579,0.00012052867241124864,7.33013247245427e-07,0.54616,0.0027600962117526593,50000,1.014636569939451
71,29,40.0,fit,1272,sim,clean,wiener,4.436772257121386e-05,4.497251318993665e-05,4.712185454289194e-07,0.83066,0.001774331537708881,50000,1.0136313198801685
71,27,30.0,fit,1282,sim,clean,wiener,4.489606045488867e-05,4.608792924873985e-05,4.784013259092529e-07,0.82646,0.0018013776590008494,50000,1.0265472912717755
71,21,10.0,fit,1283,sim,clean,wiener,5.972288190815345e-05,6.0051876003947514e-05,5.411088082895755e-07,0.77388,0.0020374971087064086,50000,1.0055086774998572
83,13,4.0,fit,1246,sim,clean,wiener,8.127744661938492e-05,8.284885564386817e-05,6.230950796933953e-07,0.68804,0.0023462091244411554,50000,1.0193338876877127
83,9,2.0,fit,1247,sim,clean,wiener,0.00010018203911665463,0.0001013753852300851,6.883911171247196e-07,0.61828,0.00259207554804798,50000,1.0119117770406023
83,1,0.6,fit,1271,sim,clean,wiener,0.0001563600744674814,0.00016313225435248896,8.167588481928023e-07,0.38574,0.003075432826465174,50000,1.0433114393688525
83,11,3.0,fit,1247,sim,clean,wiener,8.860163030726118e-05,8.988659982441216e-05,6.515337593089585e-07,0.66154,0.002453292444107113,50000,1.0145027750922284
71,25,26.0,fit,1283,sim,clean,wiener,4.510227555057961e-05,4.555146723950592e-05,4.771436160349202e-07,0.82848,0.001796641864289533,50000,1.0099594019025175
71,23,20.0,fit,1283,sim,clean,wiener,4.642648205377131e-05,4.6746555873937906e-05,4.839050200606879e-07,0.82398,0.001822101330005577,50000,1.0068942079177114
83,7,1.8,fit,1248,sim,clean,wiener,0.00010609042274955797,0.00010761640365434112,7.05360154917797e-07,0.59478,0.0026559709511744106,50000,1.0143837762658883
83,3,1.0,fit,1271,sim,clean,wiener,0.00013547397449561798,0.0001369571575059072,7.707772633721953e-07,0.4843,0.0029022932569544363,50000,1.0109481028796214
71,29,40.0,fit,1273,sim,clean,wiener,4.436772257121386e-05,4.4297952049612784e-05,4.7055099889277226e-07,0.8332,0.0017718179505772538,50000,0.9984274486595726
83,5,1.4,fit,1271,sim,clean,wiener,0.00011878999435082579,0.00011986473428100863,7.266868835770902e-07,0.54866,0.002736274851823949,50000,1.0090473944043534
71,27,30.0,fit,1283,sim,clean,wiener,4.489606045488867e-05,4.5429302623541753e-05,4.7627174668383643e-07,0.82894,0.0017933589177641974,50000,1.0118772596804764
83,15,5.0,fit,1234,sim,clean,wiener,7.607451339597052e-05,7.767013822799617e-05,6.124068080568278e-07,0.70754,0.0023059633878666354,50000,1.0209744993532903
83,13,4.0,fit,1247,sim,clean,wiener,8.127744661938492e-05,8.212117945312513e-05,6.284165359965168e-07,0.69078,0.002366246595030463,50000,1.0103808973932378
83,9,2.0,fit,1248,sim,clean,wiener,0.00010018203911665463,0.00010122135158386945,6.873859441481569e-07,0.61886,0.0025882906585726635,50000,1.010374239498206
83,1,0.6,fit,1272,sim,clean,wiener,0.0001563600744674814,0.00016234615160628477,8.228248428830107e-07,0.3887,0.0030982737901556296,50000,1.038283923560348
83,11,3.0,fit,1248,sim,clean,wiener,8.860163030726118e-05,8.889865988661505e-05,6.492196870800667e-07,0.66526,0.0024445790108687804,50000,1.0033524166352674
83,17,6.0,fit,1234,sim,clean,wiener,7.289524165508127e-05,7.445667767763457e-05,5.997439939439807e-07,0.71964,0.0022582826871503283,50000,1.0214202736296774
83,19,8.0,fit,1234,sim,clean,wiener,6.456732006730742e-05,6.60485651962752e-05,5.670328480630404e-07,0.7513,0.002135111775618572,50000,1.022941096632533
83,7,1.8,fit,1249,sim,clean,wiener,0.00010609042274955797,0.00010680374338292735,7.070983612781917e-07,0.59784,0.0026625160126840064,50000,1.006723704316395
83,3,1.0,fit,1272,sim,clean,wiener,0.00013547397449561798,0.00013811506560504574,7.804023687215336e-07,0.47994,0.0029385357353983953,50000,1.0194951917463173
71,29,40.0,fit,1274,sim,clean,wiener,4.436772257121386e-05,4.4122672383229425e-05,4.681275834971484e-07,0.83386,0.0017626927953660752,50000,0.9944768364526463
83,5,1.4,fit,1272,sim,clean,wiener,0.00011878999435082579,0.00012122979107678207,7.393659385290299e-07,0.54352,0.0027840167059759178,50000,1.0205387393045138
83,15,5.0,fit,1235,sim,clean,wiener,7.607451339597052e-05,7.620416283642623e-05,6.08280687283021e-07,0.71306,0.0022904268469380574,50000,1.0017042427833995
83,21,10.0,fit,1234,sim,clean,wiener,6.317469047013012e-05,6.497032967276543e-05,5.63790763011735e-07,0.75536,0.0021229039926052152,50000,1.0284233953387443
83,13,4.0,fit,1248,sim,clean,wiener,8.127744661938492e-05,8.154222540355583e-05,6.260920003145876e-07,0.69296,0.0023574937625900033,50000,1.00325771533413
83,9,2.0,fit,1249,sim,clean,wiener,0.00010018203911665463,0.00010109918696790529,6.870195098288794e-07,0.61932,0.0025869108827223704,50000,1.0091548131714778
83,11,3.0,fit,1249,sim,clean,wiener,8.860163030726118e-05,8.882961032107008e-05,6.513245082804944e-07,0.66552,0.0024525045279635243,50000,1.0025730905065549
83,1,0.6,fit,1273,sim,clean,wiener,0.0001563600744674814,0.00016244707020208126,8.187882292923749e-07,0.38832,0.003083074280567377,50000,1.0389293478871156
83,17,6.0,fit,1235,sim,clean,wiener,7.289524165508127e-05,7.293758723564544e-05,5.9772803460733e-07,0.72536,0.0022506917715031053,50000,1.0005809100786653
83,19,8.0,fit,1235,sim,clean,wiener,6.456732006730742e-05,6.468881990554369e-05,5.640720104435848e-07,0.75642,0.002123963004804696,50000,1.0018817543938576
83,7,1.8,fit,1250,sim,clean,wiener,0.00010609042274955797,0.000107292401846784,7.095485884497521e-07,0.596,0.002671742125253692,50000,1.0113297606520382
83,3,1.0,fit,1273,sim,clean,wiener,0.00013547397449561798,0.00013736083188909312,7.745540963379409e-07,0.48278,0.002916514585696244,50000,1.0139278219340657
83,15,5.0,fit,1236,sim,clean,wiener,7.607451339597052e-05,7.651754163389953e-05,6.076718603624787e-07,0.71188,0.002288134363298346,50000,1.0058236092240647
83,21,10.0,fit,1235,sim,clean,wiener,6.317469047013012e-05,6.359996137195009e-05,5.593902531901288e-07,0.76052,0.002106334264112534,50000,1.0067316657771526
71,29,40.0,fit,1275,sim,clean,wiener,4.436772257121386e-05,4.541867961345791e-05,4.746465859110425e-07,0.82898,0.001787239519364054,50000,1.023687423679617
83,5,1.4,fit,1273,sim,clean,wiener,0.00011878999435082579,0.0001204118193003264,7.459781151441507e-07,0.5466,0.0028089142691446827,50000,1.0136528750452738
83,13,4.0,fit,1249,sim,clean,wiener,8.127744661938492e-05,8.160065195901696e-05,6.252798609817326e-07,0.69274,0.0023544357241378306,50000,1.0039765685694528
83,9,2.0,fit,1250,sim,clean,wiener,0.00010018203911665463,0.00010115230201832448,6.930640989351851e-07,0.61912,0.0026096712455897686,50000,1.0096849985309249
83,17,6.0,fit,1236,sim,clean,wiener,7.289524165508127e-05,7.377149352722688e-05,5.968829818603374e-07,0.72222,0.002247509800516264,50000,1.0120207005594655
83,11,3.0,fit,1250,sim,clean,wiener,8.860163030726118e-05,8.965289360256768e-05,6.52187390471462e-07,0.66242,0.002455753634136473,50000,1.0118650558873559
83,19,8.0,fit,1236,sim,clean,wiener,6.456732006730742e-05,6.535806954082559e-05,5.665512769511944e-07,0.7539,0.0021332984624124456,50000,1.0122468994019553
83,1,0.6,fit,1274,sim,clean,wiener,0.0001563600744674814,0.00016214431441469184,8.155252687372707e-07,0.38946,0.003070787892700466,50000,1.0369930749068135
83,7,1.8,fit,1251,sim,clean,wiener,0.00010609042274955797,0.00010786604439131135,7.13909687192995e-07,0.59384,0.0026881634548347575,50000,1.016736870263445
83,15,5.0,fit,1237,sim,clean,wiener,7.607451339597052e-05,7.703275762296575e-05,6.081559869947828e-07,0.70994,0.002289957299089551,50000,1.0125961269315984
83,21,10.0,fit,1236,sim,clean,wiener,6.317469047013012e-05,6.385491361396224e-05,5.615281946136571e-07,0.75956,0.0021143844924627095,50000,1.0107673363932623
83,3,1.0,fit,1274,sim,clean,wiener,0.00013547397449561798,0.00013744581596976383,7.866987071441558e-07,0.48246,0.0029622440379338524,50000,1.0145551312086856
71,29,40.0,fit,1276,sim,clean,wiener,4.436772257121386e-05,4.553553272438014e-05,4.75184012581826e-07,0.82854,0.0017892631517113528,50000,1.0263211651509012
83,13,4.0,fit,1250,sim,clean,wiener,8.127744661938492e-05,8.194589978674174e-05,6.24211490828745e-07,0.69144,0.0023504128713134212,50000,1.0082243376872693
83,9,2.0,fit,1251,sim,clean,wiener,0.00010018203911665463,0.00010198620830990593,6.907469790419126e-07,0.61598,0.0026009463366421727,50000,1.0180089086742432
83,5,1.4,fit,1274,sim,clean,wiener,0.00011878999435082579,0.00011959915902891263,7.401830084721558e-07,0.54966,0.0027870933102026947,50000,1.0068117241903145
83,17,6.0,fit,1237,sim,clean,wiener,7.289524165508127e-05,7.361214837596927e-05,5.952142758117485e-07,0.72282,0.0022412264362516384,50000,1.0098347533338348
83,11,3.0,fit,1251,sim,clean,wiener,8.860163030726118e-05,9.018404410675967e-05,6.524132928674116e-07,0.66042,0.002456604249523889,50000,1.0178598722620662
83,19,8.0,fit,1237,sim,clean,wiener,6.456732006730742e-05,6.581485897443073e-05,5.668880712491201e-07,0.75218,0.0021345666313975736,50000,1.0193215221852607
83,1,0.6,fit,1275,sim,clean,wiener,0.0001563600744674814,0.0001630472702718182,8.215808245536289e-07,0.38606,0.003093589549739538,50000,1.0427679241463113
83,7,1.8,fit,1252,sim,clean,wiener,0.00010609042274955797,0.00010758984612913152,7.050408078297702e-07,0.59488,0.0026547684781069603,50000,1.014133447117212
83,15,5.0,fit,1238,sim,clean,wiener,7.607451339597052e-05,7.761702317757695e-05,6.122657957560871e-07,0.70774,0.0023054324185853192,50000,1.0202763016514824
83,21,10.0,fit,1237,sim,clean,wiener,6.317469047013012e-05,6.432763756269312e-05,5.599950798029502e-07,0.75778,0.0021086116849491814,50000,1.0182501423273
83,13,4.0,fit,1251,sim,clean,wiener,8.127744661938492e-05,8.231770513967616e-05,6.324038657566824e-07,0.69004,0.0023812605307368074,50000,1.0127988582756873
83,9,2.0,fit,1252,sim,clean,wiener,0.00010018203911665463,0.00010198620830990593,6.95395317536102e-07,0.61598,0.0026184492419675117,50000,1.0180089086742432
71,29,40.0,fit,1277,sim,clean,wiener,4.436772257121386e-05,4.579048496639232e-05,4.778813786845546e-07,0.82758,0.0017994198439537216,50000,1.032067510179158
83,3,1.0,fit,1275,sim,clean,wiener,0.00013547397449561798,0.00013741925844455423,7.747874861092123e-07,0.48256,0.0029173933941297457,50000,1.0143590970603669
83,5,1.4,fit,1275,sim,clean,wiener,0.00011878999435082579,0.00012000814491714046,7.298195619797178e-07,0.54812,0.0027480706738288365,50000,1.0102546563199344
83,11,3.0,fit,1252,sim,clean,wiener,8.860163030726118e-05,9.011499454121471e-05,6.523668878786876e-07,0.66068,0.0024564295156646234,50000,1.0170805461333539
83,17,6.0,fit,1238,sim,clean,wiener,7.289524165508127e-05,7.395208469865217e-05,5.971640321328827e-07,0.72154,0.0022485680703299123,50000,1.0144981074151804
83,19,8.0,fit,1238,sim,clean,wiener,6.456732006730742e-05,6.571394037863424e-05,5.629704139432368e-07,0.75256,0.0021198150411233896,50000,1.0177585241284839
83,7,1.8,fit,1253,sim,clean,wiener,0.00010609042274955797,0.0001072711558266163,7.06518793154174e-07,0.59608,0.002660333700441267,50000,1.0111294973330969
83,1,0.6,fit,1276,sim,clean,wiener,0.0001563600744674814,0.00016329691100878846,8.247252308631351e-07,0.38512,0.0031054295321350724,50000,1.0443645001125255
83,15,5.0,fit,1239,sim,clean,wiener,7.607451339597052e-05,7.644849206835455e-05,6.073343180380254e-07,0.71214,0.002286863377685834,50000,1.0049159522117146
83,21,10.0,fit,1238,sim,clean,wiener,6.317469047013012e-05,6.432232605765119e-05,5.591161635497471e-07,0.7578,0.0021053022039404412,50000,1.018166065856131
83,13,4.0,fit,1252,sim,clean,wiener,8.127744661938492e-05,8.266295296740096e-05,6.320775288303861e-07,0.68874,0.002380031738054806,50000,1.0170466273935037
83,9,2.0,fit,1253,sim,clean,wiener,0.00010018203911665463,0.00010106731793765376,6.883280757286499e-07,0.61944,0.0025918381712759643,50000,1.0088367019558095
71,29,40.0,fit,1278,sim,clean,wiener,4.436772257121386e-05,4.549835218908673e-05,4.7582052399861915e-07,0.82868,0.0017916598788603232,50000,1.0254831565009477
83,3,1.0,fit,1276,sim,clean,wiener,0.00013547397449561798,0.00013835408333193216,7.731443794734637e-07,0.47904,0.0029112064221781773,50000,1.0212594990811859
83,5,1.4,fit,1276,sim,clean,wiener,0.00011878999435082579,0.00012128290612720126,7.415252147121104e-07,0.54332,0.002792147268466357,50000,1.0209858733473216
83,11,3.0,fit,1253,sim,clean,wiener,8.860163030726118e-05,8.9100497078208e-05,6.541621431618663e-07,0.6645,0.0024631893898208563,50000,1.0056304468576573
83,17,6.0,fit,1239,sim,clean,wiener,7.289524165508127e-05,7.349529526504703e-05,5.936985812086473e-07,0.72326,0.0022355192229810534,50000,1.0082317253683724
83,19,8.0,fit,1239,sim,clean,wiener,6.456732006730742e-05,6.52783969651968e-05,5.652944269079639e-07,0.7542,0.0021285659053186987,50000,1.0110129535676582
83,7,1.8,fit,1254,sim,clean,wiener,0.00010609042274955797,0.00010749955054341889,7.097609377210742e-07,0.59522,0.0026725417075553043,50000,1.013282328011713
83,1,0.6,fit,1277,sim,clean,wiener,0.0001563600744674814,0.0001638652420482739,8.115767782606476e-07,0.38298,0.003055920202863177,50000,1.0479992581632684
83,15,5.0,fit,1240,sim,clean,wiener,7.607451339597052e-05,7.684685494649854e-05,6.088091124390746e-07,0.71064,0.0022924165848819474,50000,1.0101524349752717
83,21,10.0,fit,1239,sim,clean,wiener,6.317469047013012e-05,6.403550478538751e-05,5.577300444306951e-07,0.75888,0.0021000828956347453,50000,1.0136259364130071
83,13,4.0,fit,1253,sim,clean,wiener,8.127744661938492e-05,8.224865557413118e-05,6.258573335445895e-07,0.6903,0.002356610145731331,50000,1.0119493044521237
83,9,2.0,fit,1254,sim,clean,wiener,0.00010018203911665463,0.00010061584000909055,6.932597944519002e-07,0.62114,0.00261040811965906,50000,1.0043301264005098
83,11,3.0,fit,1254,sim,clean,wiener,8.860163030726118e-05,8.881367580594433e-05,6.533899670621556e-07,0.66558,0.002460281829370037,50000,1.0023932460153138
83,3,1.0,fit,1277,sim,clean,wiener,0.00013547397449561798,0.00013981474721846013,7.766273313300355e-07,0.47354,0.002924321167731776,50000,1.032041377238715
71,29,40.0,fit,1279,sim,clean,wiener,4.436772257121386e-05,4.505749727060737e-05,4.7404374073480075e-07,0.83034,0.0017849695594506815,50000,1.0155467682229207
83,5,1.4,fit,1277,sim,clean,wiener,0.00011878999435082579,0.00012198933629777663,7.360941063069186e-07,0.54066,0.002771696912635654,50000,1.0269327561166652
83,17,6.0,fit,1240,sim,clean,wiener,7.289524165508127e-05,7.351654128521471e-05,5.970963177716072e-07,0.72318,0.0022483130979228786,50000,1.0085231849984564
83,19,8.0,fit,1240,sim,clean,wiener,6.456732006730742e-05,6.524652793494528e-05,5.642512306985643e-07,0.75432,0.002124637842740705,50000,1.0105193752339392
83,7,1.8,fit,1255,sim,clean,wiener,0.00010609042274955797,0.00010789260191652094,7.048382636545229e-07,0.59374,0.0026540058160228665,50000,1.0169871994121211
83,1,0.6,fit,1278,sim,clean,wiener,0.0001563600744674814,0.0001629516631810637,8.129441300272997e-07,0.38642,0.003061068844371979,50000,1.0421564695209529
83,15,5.0,fit,1241,sim,clean,wiener,7.607451339597052e-05,7.645380357339648e-05,6.07967658347287e-07,0.71212,0.0022892481643113313,50000,1.0049857719818955
83,9,2.0,fit,1255,sim,clean,wiener,0.00010018203911665463,0.0001013753852300851,6.915245447550507e-07,0.61828,0.002603874191203173,50000,1.0119117770406023
83,13,4.0,fit,1254,sim,clean,wiener,8.127744661938492e-05,8.130851918171135e-05,6.230296755761536e-07,0.69384,0.002345962851052632,50000,1.0003823023928389
83,21,10.0,fit,1240,sim,clean,wiener,6.317469047013012e-05,6.390802866438143e-05,5.579972901264219e-07,0.75936,0.0021010891855417213,50000,1.0116081011049518
83,11,3.0,fit,1255,sim,clean,wiener,8.860163030726118e-05,8.979099273365759e-05,6.510825290416461e-07,0.6619,0.002451593376653534,50000,1.0134237081447806
83,17,6.0,fit,1241,sim,clean,wiener,7.289524165508127e-05,7.339968817429246e-05,5.936132593676181e-07,0.72362,0.002235197951174453,50000,1.0069201570329938
83,5,1.4,fit,1278,sim,clean,wiener,0.00011878999435082579,0.00012101733087510527,7.362253861841596e-07,0.54432,0.002772191235341572,50000,1.0187502031332827
71,29,40.0,fit,1280,sim,clean,wiener,4.436772257121386e-05,4.4377624625241604e-05,4.686375775992771e-07,0.8329,0.0017646131328150798,50000,1.0002231814809033
83,7,1.8,fit,1256,sim,clean,wiener,0.00010609042274955797,0.00010834407984508415,7.067658843791982e-07,0.59204,0.002661264100480706,50000,1.0212427949396174
83,19,8.0,fit,1241,sim,clean,wiener,6.456732006730742e-05,6.474193495596288e-05,5.630866249611017e-07,0.75622,0.0021202526233790697,50000,1.0027043849500556
83,3,1.0,fit,1278,sim,clean,wiener,0.00013547397449561798,0.00013890647985629183,7.740969946234124e-07,0.47696,0.0029147934098301908,50000,1.025337009366215
83,1,0.6,fit,1279,sim,clean,wiener,0.0001563600744674814,0.00016305789328190207,8.087269340988552e-07,0.38602,0.003045189368045924,50000,1.042835863549129
83,9,2.0,fit,1256,sim,clean,wiener,0.00010018203911665463,0.00010242706322838528,6.926858555397884e-07,0.61432,0.0026082470037132703,50000,1.0224094471576535
83,15,5.0,fit,1242,sim,clean,wiener,7.607451339597052e-05,7.688403548179199e-05,6.078698670238361e-07,0.7105,0.002288879939777309,50000,1.010641173366537
83,13,4.0,fit,1255,sim,clean,wiener,8.127744661938492e-05,8.225927858421504e-05,6.281802576722824e-07,0.69026,0.002365356910007594,50000,1.0120800050403644
83,21,10.0,fit,1241,sim,clean,wiener,6.317469047013012e-05,6.311130290809342e-05,5.559071426663811e-07,0.76236,0.002093218921111791,50000,0.9989966304296075
83,11,3.0,fit,1256,sim,clean,wiener,8.860163030726118e-05,9.025840517734656e-05,6.525850867125434e-07,0.66014,0.0024572511239738834,50000,1.0186991465545256
83,17,6.0,fit,1242,sim,clean,wiener,7.289524165508127e-05,7.351122978017282e-05,5.946138470033223e-07,0.7232,0.002238965574956441,50000,1.0084503200909358
83,7,1.8,fit,1257,sim,clean,wiener,0.00010609042274955797,0.00010801476653248511,7.072082857437822e-07,0.59328,0.002662929923486022,50000,1.0181387134960318
83,19,8.0,fit,1242,sim,clean,wiener,6.456732006730742e-05,6.588390853997567e-05,5.651660711143387e-07,0.75192,0.0021280825929896616,50000,1.0203909419083181
83,5,1.4,fit,1279,sim,clean,wiener,0.00011878999435082579,0.00012118198753140481,7.365726550654528e-07,0.5437,0.0027734988454390956,50000,1.020136318665987
71,29,40.0,fit,1281,sim,clean,wiener,4.436772257121386e-05,4.4993759210104324e-05,4.743551370669254e-07,0.83058,0.0017861420946536683,50000,1.0141101819658564
83,3,1.0,fit,1279,sim,clean,wiener,0.00013547397449561798,0.00013929421972435198,7.699175574499905e-07,0.4755,0.0028990561107391176,50000,1.0281991079316681
83,9,2.0,fit,1257,sim,clean,wiener,0.00010018203911665463,0.00010183217466369023,6.898667914462285e-07,0.61656,0.0025976320685063524,50000,1.0164713711318467
83,13,4.0,fit,1256,sim,clean,wiener,8.127744661938492e-05,8.276387156319745e-05,6.27805448023376e-07,0.68836,0.0023639455975982175,50000,1.0182882829817885
83,15,5.0,fit,1243,sim,clean,wiener,7.607451339597052e-05,7.63263274523904e-05,6.077907134306649e-07,0.7126,0.0022885818939596112,50000,1.0033100974975573
83,1,0.6,fit,1280,sim,clean,wiener,0.0001563600744674814,0.0001626117268583808,8.084530119148191e-07,0.3877,0.0030441579384158125,50000,1.039982408630789
83,21,10.0,fit,1242,sim,clean,wiener,6.317469047013012e-05,6.415235789630976e-05,5.58365354982046e-07,0.75844,0.0021024751010316595,50000,1.0154756187787244
83,11,3.0,fit,1257,sim,clean,wiener,8.860163030726118e-05,8.987597681432833e-05,6.560016628600727e-07,0.66158,0.0024701159376964146,50000,1.0143828787647344
83,7,1.8,fit,1258,sim,clean,wiener,0.00010609042274955797,0.00010683561241317887,7.108317100454301e-07,0.59772,0.0026765736055424285,50000,1.0070240992948065
83,17,6.0,fit,1243,sim,clean,wiener,7.289524165508127e-05,7.294289874068736e-05,5.935947477137654e-07,0.72534,0.002235128247187705,50000,1.0006537749861864
83,19,8.0,fit,1243,sim,clean,wiener,6.456732006730742e-05,6.466757388537601e-05,5.651858021850828e-07,0.7565,0.002128156888582298,50000,1.0015527021713784
83,5,1.4,fit,1280,sim,clean,wiener,0.00011878999435082579,0.00012103326539023105,7.462357909062512e-07,0.54426,0.0028098845243174327,50000,1.0188843433461252
71,29,40.0,fit,1282,sim,clean,wiener,4.436772257121386e-05,4.562051680505089e-05,4.7557471510915033e-07,0.82822,0.001790734307341408,50000,1.028236613493654
83,3,1.0,fit,1280,sim,clean,wiener,0.00013547397449561798,0.00013851873998823165,7.867034079215034e-07,0.47842,0.002962261738293018,50000,1.0224749108007616
83,9,2.0,fit,1258,sim,clean,wiener,0.00010018203911665463,0.00010113636750319873,6.915729059361279e-07,0.61918,0.002604056290930823,50000,1.0095259429230907
83,13,4.0,fit,1257,sim,clean,wiener,8.127744661938492e-05,8.22752130993408e-05,6.315063801964066e-07,0.6902,0.0023778811286532453,50000,1.012276055922725
83,15,5.0,fit,1244,sim,clean,wiener,7.607451339597052e-05,7.711243019859454e-05,6.050698665301628e-07,0.70964,0.0022783367868608575,50000,1.0136434234843097
83,11,3.0,fit,1258,sim,clean,wiener,8.860163030726118e-05,8.927577674459136e-05,6.465706461128571e-07,0.66384,0.0024346042826277167,50000,1.0076087362613115
83,1,0.6,fit,1281,sim,clean,wiener,0.0001563600744674814,0.000163195992412992,8.160669390895968e-07,0.3855,0.0030728275042533155,50000,1.0437190757857582
83,21,10.0,fit,1243,sim,clean,wiener,6.317469047013012e-05,6.349373127111167e-05,5.583791125048683e-07,0.76092,0.002102526903760693,50000,1.005050136353773
83,7,1.8,fit,1259,sim,clean,wiener,0.00010609042274955797,0.00010752079656358655,7.026210133257348e-07,0.59514,0.002645656957041132,50000,1.0134825913306538
83,17,6.0,fit,1244,sim,clean,wiener,7.289524165508127e-05,7.388834663814913e-05,5.954281617001182e-07,0.72178,0.0022420318045481254,50000,1.013623728524928
83,19,8.0,fit,1244,sim,clean,wiener,6.456732006730742e-05,6.546961114670591e-05,5.69974868420657e-07,0.75348,0.0021461896917059986,50000,1.0139744235699717
71,29,40.0,fit,1283,sim,clean,wiener,4.436772257121386e-05,4.4786610513469445e-05,4.742226559175651e-07,0.83136,0.0017856432486643874,50000,1.0094412766303982
83,5,1.4,fit,1281,sim,clean,wiener,0.00011878999435082579,0.0001212882176322432,7.387966002039376e-07,0.5433,0.002781872913131521,50000,1.0210305867516025
83,9,2.0,fit,1259,sim,clean,wiener,0.00010018203911665463,0.00010157191091663617,6.904154388025672e-07,0.61754,0.0025996979513475005,50000,1.0138734628705564
83,13,4.0,fit,1258,sim,clean,wiener,8.127744661938492e-05,8.191403075649025e-05,6.232412588151313e-07,0.69156,0.0023467595489275574,50000,1.007832235922548
83,3,1.0,fit,1281,sim,clean,wiener,0.00013547397449561798,0.0001381522461403392,7.86485611596105e-07,0.4798,0.002961441645593568,50000,1.0197696395539635
83,15,5.0,fit,1245,sim,clean,wiener,7.607451339597052e-05,7.678311688599552e-05,6.066808761234911e-07,0.71088,0.002284402900252876,50000,1.0093145977331028
83,11,3.0,fit,1259,sim,clean,wiener,8.860163030726118e-05,9.037525828826881e-05,6.566869106840086e-07,0.6597,0.002472696177453424,50000,1.0200180061569621
83,21,10.0,fit,1244,sim,clean,wiener,6.317469047013012e-05,6.383366759379456e-05,5.627424290535199e-07,0.75964,0.0021189565842908435,50000,1.0104310305085866
83,7,1.8,fit,1260,sim,clean,wiener,0.00010609042274955797,0.00010797227449214977,6.999660188689022e-07,0.59344,0.0026356598114642056,50000,1.01773818685815
83,1,0.6,fit,1282,sim,clean,wiener,0.0001563600744674814,0.00016315881187769856,8.082489434948154e-07,0.38564,0.0030433895369236063,50000,1.0434812878758966
83,17,6.0,fit,1245,sim,clean,wiener,7.289524165508127e-05,7.35909023558016e-05,5.946880453940865e-07,0.7229,0.0022392449624000317,50000,1.009543293703751
83,19,8.0,fit,1245,sim,clean,wiener,6.456732006730742e-05,6.515092084419072e-05,5.66412652911019e-07,0.75468,0.002132776485913953,50000,1.0090386402327822
83,5,1.4,fit,1282,sim,clean,wiener,0.00011878999435082579,0.0001198063077255475,7.428813461616346e-07,0.54888,0.00279725366086859,50000,1.008555546957265
83,23,20.0,fit,1234,sim,clean,wiener,6.08783022122948e-05,6.282448163582975e-05,5.506987147699716e-07,0.76344,0.002073607048938827,50000,1.0319683590509512
83,9,2.0,fit,1260,sim,clean,wiener,0.00010018203911665463,0.00010202338884519935,6.89251481149194e-07,0.61584,0.002595315172288884,50000,1.018380038425856
83,13,4.0,fit,1259,sim,clean,wiener,8.127744661938492e-05,8.226990159429889e-05,6.264479732291918e-07,0.69022,0.0023588341469511012,50000,1.012210705628605
83,11,3.0,fit,1260,sim,clean,wiener,8.860163030726118e-05,9.019466711684352e-05,6.504451126959846e-07,0.66038,0.002449193242075365,50000,1.0179797685895604
83,15,5.0,fit,1246,sim,clean,wiener,7.607451339597052e-05,7.763826919774465e-05,6.058295045374609e-07,0.70766,0.002281197136239434,50000,1.0205555807322058
83,3,1.0,fit,1282,sim,clean,wiener,0.00013547397449561798,0.00013728115931346433,7.697026752068786e-07,0.48308,0.002898246990757433,50000,1.0133397194891096
83,7,1.8,fit,1261,sim,clean,wiener,0.00010609042274955797,0.00010774919128038911,7.000646936484532e-07,0.59428,0.0026360313625736266,50000,1.0156354220092694
83,21,10.0,fit,1245,sim,clean,wiener,6.317469047013012e-05,6.349904277615359e-05,5.574736023271106e-07,0.7609,0.002099117285693455,50000,1.0051342128249419
83,1,0.6,fit,1283,sim,clean,wiener,0.0001563600744674814,0.0001637483889373517,8.258246298745934e-07,0.38342,0.0031095692213673385,50000,1.0472519247322747
83,17,6.0,fit,1246,sim,clean,wiener,7.289524165508127e-05,7.433982456671231e-05,5.938218876002841e-07,0.72008,0.0022359835222358357,50000,1.0198172456642147
83,19,8.0,fit,1246,sim,clean,wiener,6.456732006730742e-05,6.582548198451454e-05,5.650991871877657e-07,0.75214,0.0021278307475106678,50000,1.0194860482965
83,9,2.0,fit,1261,sim,clean,wiener,0.00010018203911665463,0.00010162502596705536,6.874067370916992e-07,0.61734,0.0025883689525529126,50000,1.0144036482300034
83,5,1.4,fit,1283,sim,clean,wiener,0.00011878999435082579,0.00012116605301627903,7.421782930374832e-07,0.54376,0.002794606376836653,50000,1.0200021784531446
83,23,20.0,fit,1235,sim,clean,wiener,6.08783022122948e-05,6.117791507283456e-05,5.490786958173305e-07,0.76964,0.0020675070116053205,50000,1.0049215048654767
83,13,4.0,fit,1260,sim,clean,wiener,8.127744661938492e-05,8.23601971800115e-05,6.260418268483313e-07,0.68988,0.002357304838863638,50000,1.013321660628649
83,11,3.0,fit,1261,sim,clean,wiener,8.860163030726118e-05,9.038588129835264e-05,6.5238752291196e-07,0.65966,0.002456507215047791,50000,1.0201379024844561
83,15,5.0,fit,1247,sim,clean,wiener,7.607451339597052e-05,7.663970624986367e-05,6.090402843241825e-07,0.71142,0.0022932870420622887,50000,1.007429463938222
83,3,1.0,fit,1283,sim,clean,wiener,0.00013547397449561798,0.00013904989049242365,7.733795422046971e-07,0.47642,0.0029120919065347864,50000,1.0263955937671358
83,7,1.8,fit,1262,sim,clean,wiener,0.00010609042274955797,0.00010771732225013758,7.078505942066557e-07,0.5944,0.002665348478896604,50000,1.0153350270308579
83,21,10.0,fit,1246,sim,clean,wiener,6.317469047013012e-05,6.441262164336383e-05,5.589022898008068e-07,0.75746,0.002104496881353896,50000,1.0195953658660033
83,25,26.0,fit,1234,sim,clean,wiener,6.0548684147271675e-05,6.234644618205695e-05,5.494869376747593e-07,0.76524,0.0020690442100234968,50000,1.0296911825600141
83,17,6.0,fit,1247,sim,clean,wiener,7.289524165508127e-05,7.30066368011904e-05,5.944560307102345e-07,0.7251,0.0022383713317359515,50000,1.0015281538764385
83,19,8.0,fit,1247,sim,clean,wiener,6.456732006730742e-05,6.469413141058561e-05,5.673198248628273e-07,0.7564,0.002136192361243633,50000,1.0019640174494775
83,9,2.0,fit,1262,sim,clean,wiener,0.00010018203911665463,0.00010165689499730687,6.854765486944756e-07,0.61722,0.0025811009997523788,50000,1.0147217594456714
83,13,4.0,fit,1261,sim,clean,wiener,8.127744661938492e-05,8.236550868505343e-05,6.265824520752236e-07,0.68986,0.002359340515089587,50000,1.0133870109227694
83,27,30.0,fit,1234,sim,clean,wiener,5.959490420795675e-05,6.140630978963711e-05,5.449479390510791e-07,0.76878,0.0020519530142593693,50000,1.0303953098969578
83,23,20.0,fit,1236,sim,clean,wiener,6.08783022122948e-05,6.134257172913407e-05,5.484094142386025e-07,0.76902,0.002064986891325114,50000,1.007626190284024
83,11,3.0,fit,1262,sim,clean,wiener,8.860163030726118e-05,9.001938745046016e-05,6.547819024923546e-07,0.66104,0.0024655230384782404,50000,1.016001479185906
83,15,5.0,fit,1248,sim,clean,wiener,7.607451339597052e-05,7.646442658348031e-05,6.065202055680704e-07,0.71208,0.002283797909561339,50000,1.005125411522257
83,7,1.8,fit,1263,sim,clean,wiener,0.00010609042274955797,0.00010743581248291584,7.070603646877112e-07,0.59546,0.0026623729399007532,50000,1.01268153805489
83,29,40.0,fit,1234,sim,clean,wiener,5.603814593791192e-05,5.789540495692799e-05,5.320068743333871e-07,0.782,0.002003224585629227,50000,1.0331427635217239
83,21,10.0,fit,1247,sim,clean,wiener,6.317469047013012e-05,6.301038431229696e-05,5.601030175002013e-07,0.76274,0.0021090181147516546,50000,0.9973991774773975
83,25,26.0,fit,1235,sim,clean,wiener,6.0548684147271675e-05,6.081142122494207e-05,5.46948006956199e-07,0.77102,0.0020594840921340386,50000,1.004339269818504
83,17,6.0,fit,1248,sim,clean,wiener,7.289524165508127e-05,7.310755539698687e-05,5.943177943068135e-07,0.72472,0.0022378508148491933,50000,1.0029125871193378
83,19,8.0,fit,1248,sim,clean,wiener,6.456732006730742e-05,6.51402978341069e-05,5.67357159129317e-07,0.75472,0.0021363329401047847,50000,1.008874114121543
83,9,2.0,fit,1263,sim,clean,wiener,0.00010018203911665463,0.00010182686315864831,6.912373482290267e-07,0.61658,0.0026027927782185014,50000,1.016418352595902
83,13,4.0,fit,1262,sim,clean,wiener,8.127744661938492e-05,8.315161143125761e-05,6.26888465237672e-07,0.6869,0.002360492780445765,50000,1.0230588544525672
83,11,3.0,fit,1263,sim,clean,wiener,8.860163030726118e-05,8.93182687849267e-05,6.539074476497412e-07,0.66368,0.0024622303565144206,50000,1.0080883215712881
83,27,30.0,fit,1235,sim,clean,wiener,5.959490420795675e-05,5.978098924680959e-05,5.423366493625866e-07,0.7749,0.002042120435101924,50000,1.0031224991687795
83,7,1.8,fit,1264,sim,clean,wiener,0.00010609042274955797,0.00010746237000812544,7.025268874014273e-07,0.59536,0.0026453025342417008,50000,1.012931867203566
83,23,20.0,fit,1237,sim,clean,wiener,6.08783022122948e-05,6.139568677955329e-05,5.477915921454609e-07,0.76882,0.002062660537162723,50000,1.0084986694512976
83,15,5.0,fit,1249,sim,clean,wiener,7.607451339597052e-05,7.624134337171968e-05,6.098596139258787e-07,0.71292,0.0022963721548325106,50000,1.002192981174665
83,29,40.0,fit,1235,sim,clean,wiener,5.603814593791192e-05,5.630195344435199e-05,5.282124734783881e-07,0.788,0.0019889371065623623,50000,1.0047076415899332
83,21,10.0,fit,1248,sim,clean,wiener,6.317469047013012e-05,6.333969762489601e-05,5.587720799209781e-07,0.7615,0.0021040065876281027,50000,1.0026119186898734
83,17,6.0,fit,1249,sim,clean,wiener,7.289524165508127e-05,7.299601379110655e-05,5.96149184399614e-07,0.72514,0.0022447467514183825,50000,1.0013824240613964
83,25,26.0,fit,1236,sim,clean,wiener,6.0548684147271675e-05,6.106106196191232e-05,5.451754242056401e-07,0.77008,0.002052809589383616,50000,1.0084622452470542
83,9,2.0,fit,1264,sim,clean,wiener,0.00010018203911665463,0.00010135413920991743,6.829991253968212e-07,0.61836,0.0025717724825878394,50000,1.0116997028968233
83,19,8.0,fit,1249,sim,clean,wiener,6.456732006730742e-05,6.442324465344768e-05,5.611932568321183e-07,0.75742,0.002113123314024977,50000,0.9977686016128662
83,13,4.0,fit,1263,sim,clean,wiener,8.127744661938492e-05,8.199370333211904e-05,6.262306113512318e-07,0.69126,0.002358015690124855,50000,1.0088124903343516
83,11,3.0,fit,1264,sim,clean,wiener,8.860163030726118e-05,8.991315734962175e-05,6.494042094696183e-07,0.66144,0.002445273813521118,50000,1.014802515910964
83,27,30.0,fit,1236,sim,clean,wiener,5.959490420795675e-05,5.9945645903109124e-05,5.400303663270122e-07,0.77428,0.0020334363313785062,50000,1.0058854309745755
83,7,1.8,fit,1265,sim,clean,wiener,0.00010609042274955797,0.00010689935047368192,7.015833715007271e-07,0.59748,0.0026417498090037365,50000,1.0076248892516295
83,15,5.0,fit,1250,sim,clean,wiener,7.607451339597052e-05,7.701682310784001e-05,6.078864086636529e-07,0.71,0.002288942225851355,50000,1.0123866676210564
83,23,20.0,fit,1238,sim,clean,wiener,6.08783022122948e-05,6.213929748542207e-05,5.488095062190222e-07,0.76602,0.002066493402106002,50000,1.0207133777931245
83,21,10.0,fit,1249,sim,clean,wiener,6.317469047013012e-05,6.313786043330302e-05,5.549677276157785e-07,0.76226,0.002089681637260271,50000,0.9994170127854523
83,29,40.0,fit,1236,sim,clean,wiener,5.603814593791192e-05,5.662595525190911e-05,5.282375795787824e-07,0.78678,0.0019890316413512634,50000,1.0104894497160641
83,17,6.0,fit,1250,sim,clean,wiener,7.289524165508127e-05,7.354309881042433e-05,5.942947215389807e-07,0.72308,0.0022377639363932726,50000,1.0088875095360619
83,9,2.0,fit,1265,sim,clean,wiener,0.00010018203911665463,0.00010117885954353407,6.920894961713008e-07,0.61902,0.002606001465532356,50000,1.0099500912106483
83,19,8.0,fit,1250,sim,clean,wiener,6.456732006730742e-05,6.534744653074174e-05,5.672609935884152e-07,0.75394,0.0021359708373104055,50000,1.0120823732907156
83,25,26.0,fit,1237,sim,clean,wiener,6.0548684147271675e-05,6.107699647703807e-05,5.45907889905073e-07,0.77002,0.0020555676238527623,50000,1.00872541389143
83,13,4.0,fit,1264,sim,clean,wiener,8.127744661938492e-05,8.199370333211904e-05,6.262254467963123e-07,0.69126,0.0023579962434524763,50000,1.0088124903343516
83,11,3.0,fit,1265,sim,clean,wiener,8.860163030726118e-05,8.906331654291456e-05,6.471278422723676e-07,0.66464,0.0024367023552271513,50000,1.0052108097114274
83,7,1.8,fit,1266,sim,clean,wiener,0.00010609042274955797,0.00010764296117955072,7.024386131528e-07,0.59468,0.0026449701454067825,50000,1.0146341054145644
83,15,5.0,fit,1251,sim,clean,wiener,7.607451339597052e-05,7.691059300700158e-05,6.114805879189124e-07,0.7104,0.002302475788285705,50000,1.0109902722174409
83,27,30.0,fit,1237,sim,clean,wiener,5.959490420795675e-05,5.9993449448486396e-05,5.443117704535888e-07,0.7741,0.0020495575779660045,50000,1.0066875724665807
83,23,20.0,fit,1239,sim,clean,wiener,6.08783022122948e-05,6.157627795097854e-05,5.521232678434519e-07,0.76814,0.0020789710768828367,50000,1.0114650986200266
83,21,10.0,fit,1250,sim,clean,wiener,6.317469047013012e-05,6.373806050304e-05,5.572491288338095e-07,0.76,0.002098272050711922,50000,1.0089176540275453
83,17,6.0,fit,1251,sim,clean,wiener,7.289524165508127e-05,7.302257131631615e-05,5.946779549679309e-07,0.72504,0.0022392069677974625,50000,1.0017467485990015
83,29,40.0,fit,1237,sim,clean,wiener,5.603814593791192e-05,5.667375879728641e-05,5.281374662374717e-07,0.7866,0.0019886546734654356,50000,1.0113425033740182
83,9,2.0,fit,1266,sim,clean,wiener,0.00010018203911665463,0.00010161971446201343,6.915984104219385e-07,0.61736,0.0026041523258045892,50000,1.0143506296940585
83,19,8.0,fit,1251,sim,clean,wiener,6.456732006730742e-05,6.503406773326847e-05,5.656176579873923e-07,0.75512,0.002129783003210454,50000,1.007228853009146
83,13,4.0,fit,1265,sim,clean,wiener,8.127744661938492e-05,8.157940593884928e-05,6.20535037942431e-07,0.69282,0.00233656951483612,50000,1.0037151673929718
83,25,26.0,fit,1238,sim,clean,wiener,6.0548684147271675e-05,6.18259186879488e-05,5.48513281768237e-07,0.7672,0.002065377995273297,50000,1.0210943401770802
83,11,3.0,fit,1266,sim,clean,wiener,8.860163030726118e-05,9.000876444037631e-05,6.497167204422633e-07,0.66108,0.002446450545803884,50000,1.0158815828584118
83,7,1.8,fit,1267,sim,clean,wiener,0.00010609042274955797,0.00010803070104761088,7.043430956098059e-07,0.59322,0.002652141304774891,50000,1.0182889109852378
83,15,5.0,fit,1252,sim,clean,wiener,7.607451339597052e-05,7.725052932968449e-05,6.112091156221583e-07,0.70912,0.0023014535834883394,50000,1.01545873750901
83,27,30.0,fit,1238,sim,clean,wiener,5.959490420795675e-05,6.087515928544511e-05,5.435753539336525e-07,0.77078,0.0020467846670335125,50000,1.021482626652455
83,21,10.0,fit,1251,sim,clean,wiener,6.317469047013012e-05,6.34193702005248e-05,5.58242897082011e-07,0.7612,0.002102013996696566,50000,1.0038730657574075
83,23,20.0,fit,1240,sim,clean,wiener,6.08783022122948e-05,6.165595052660737e-05,5.478267015948519e-07,0.76784,0.0020627927386728936,50000,1.012773817370937
83,17,6.0,fit,1252,sim,clean,wiener,7.289524165508127e-05,7.374493600201728e-05,5.970373718961184e-07,0.72232,0.002248091142469486,50000,1.0116563760218604
83,9,2.0,fit,1267,sim,clean,wiener,0.00010018203911665463,0.00010193840476452863,6.920567298868186e-07,0.61616,0.002605878087001323,50000,1.0175317418507408
83,19,8.0,fit,1252,sim,clean,wiener,6.456732006730742e-05,6.541649609628672e-05,5.676186340072364e-07,0.75368,0.002137317500510379,50000,1.0131517930137734
83,29,40.0,fit,1238,sim,clean,wiener,5.603814593791192e-05,5.7470484553574406e-05,5.314508212312195e-07,0.7836,0.0020011308171105904,50000,1.0255600643399134
83,13,4.0,fit,1266,sim,clean,wiener,8.127744661938492e-05,8.212649095816703e-05,6.265863975319815e-07,0.69076,0.0023593553713562266,50000,1.010446247687358
83,11,3.0,fit,1267,sim,clean,wiener,8.860163030726118e-05,8.970600865298687e-05,6.483926206781904e-07,0.66222,0.002441464765865344,50000,1.012464537524827
83,25,26.0,fit,1239,sim,clean,wiener,6.0548684147271675e-05,6.125758764846335e-05,5.506068616424321e-07,0.76934,0.002073261184153556,50000,1.0117079918610192
83,7,1.8,fit,1268,sim,clean,wiener,0.00010609042274955797,0.00010799883201735937,7.044750031223584e-07,0.59334,0.0026526379907857722,50000,1.0179885160068263
83,15,5.0,fit,1253,sim,clean,wiener,7.607451339597052e-05,7.671406732045056e-05,6.089561118766843e-07,0.71114,0.0022929700981948395,50000,1.008406940720753
83,21,10.0,fit,1252,sim,clean,wiener,6.317469047013012e-05,6.38761596341299e-05,5.605497967806036e-07,0.75948,0.0021107004224097522,50000,1.011103642277938
83,27,30.0,fit,1239,sim,clean,wiener,5.959490420795675e-05,6.014217158966016e-05,5.46986917299145e-07,0.77354,0.002059630605570961,50000,1.0091831237750415
83,23,20.0,fit,1241,sim,clean,wiener,6.08783022122948e-05,6.125227614342143e-05,5.482910897193405e-07,0.76936,0.0020645413508678305,50000,1.0061429756996592
83,17,6.0,fit,1253,sim,clean,wiener,7.289524165508127e-05,7.338906516420865e-05,5.95686161491247e-07,0.72366,0.0022430032798233727,50000,1.0067744272179522
83,9,2.0,fit,1268,sim,clean,wiener,0.00010018203911665463,0.00010224647205695999,6.87228774577366e-07,0.615,0.002587698850527484,50000,1.0206068169355336
83,13,4.0,fit,1267,sim,clean,wiener,8.127744661938492e-05,8.206275289766401e-05,6.300046534249586e-07,0.691,0.0023722265100108984,50000,1.0096620441579152
83,19,8.0,fit,1253,sim,clean,wiener,6.456732006730742e-05,6.446042518874112e-05,5.636912430637443e-07,0.75728,0.0021225292590891774,50000,0.998344443002205
83,11,3.0,fit,1268,sim,clean,wiener,8.860163030726118e-05,9.049742290423294e-05,6.496909676663558e-07,0.65924,0.0024463535760158323,50000,1.021396813923145
83,29,40.0,fit,1239,sim,clean,wiener,5.603814593791192e-05,5.673749685778945e-05,5.299964413559937e-07,0.78636,0.0019956544789964496,50000,1.0124799082512899
83,7,1.8,fit,1269,sim,clean,wiener,0.00010609042274955797,0.00010709056465519105,6.967332692216078e-07,0.59676,0.00262348718008466,50000,1.0094272591220987
83,25,26.0,fit,1240,sim,clean,wiener,6.0548684147271675e-05,6.132663721400833e-05,5.461782019543643e-07,0.76908,0.002056585459841462,50000,1.01284838931998
83,15,5.0,fit,1254,sim,clean,wiener,7.607451339597052e-05,7.638475400785151e-05,6.055117767353588e-07,0.71238,0.0022800007604491654,50000,1.0040781149695455
83,21,10.0,fit,1253,sim,clean,wiener,6.317469047013012e-05,6.302100732238078e-05,5.550672700353171e-07,0.7627,0.002090056455390925,50000,0.9975673304197352
83,9,2.0,fit,1269,sim,clean,wiener,0.00010018203911665463,0.00010126915512924671,6.811675474278023e-07,0.61868,0.0025648758385874533,50000,1.0108514063217082
83,17,6.0,fit,1254,sim,clean,wiener,7.289524165508127e-05,7.343155720454399e-05,5.967628172588871e-07,0.7235,0.0022470573313930985,50000,1.00735734647812
83,27,30.0,fit,1240,sim,clean,wiener,5.959490420795675e-05,6.007312202411518e-05,5.414977901839711e-07,0.7738,0.0020389617854461484,50000,1.0080244749532559
83,13,4.0,fit,1268,sim,clean,wiener,8.127744661938492e-05,8.282229811865856e-05,6.250940072541435e-07,0.68814,0.002353735908450479,50000,1.0190071362171111
83,23,20.0,fit,1242,sim,clean,wiener,6.08783022122948e-05,6.127352216358912e-05,5.439280144096572e-07,0.76928,0.0020481125787015666,50000,1.0064919673665687
83,11,3.0,fit,1269,sim,clean,wiener,8.860163030726118e-05,8.977505821853184e-05,6.511218162100692e-07,0.66196,0.002451741308993287,50000,1.0132438636535392
83,19,8.0,fit,1254,sim,clean,wiener,6.456732006730742e-05,6.495439515763968e-05,5.642949241950079e-07,0.75542,0.0021248023667168616,50000,1.0059949071748489
83,7,1.8,fit,1270,sim,clean,wiener,0.00010609042274955797,0.00010736676291737087,7.114081679952232e-07,0.59572,0.0026787442067006447,50000,1.0120306822683314
83,29,40.0,fit,1240,sim,clean,wiener,5.603814593791192e-05,5.691277652417281e-05,5.289259509222351e-07,0.7857,0.0019916236424433074,50000,1.0156077716637868
83,15,5.0,fit,1255,sim,clean,wiener,7.607451339597052e-05,7.666626377507329e-05,6.057862257851807e-07,0.71132,0.0022810341739455506,50000,1.0077785627891263
83,25,26.0,fit,1241,sim,clean,wiener,6.0548684147271675e-05,6.10557504568704e-05,5.468879770962421e-07,0.7701,0.0020592580550335064,50000,1.0083745223655958
83,21,10.0,fit,1254,sim,clean,wiener,6.317469047013012e-05,6.316441795851266e-05,5.569474165852876e-07,0.76216,0.0020971359800647485,50000,0.9998373951412977
83,9,2.0,fit,1270,sim,clean,wiener,0.00010018203911665463,0.00010182155165360638,6.911839291798056e-07,0.6166,0.0026025916335380406,50000,1.0163653340599572
83,13,4.0,fit,1269,sim,clean,wiener,8.127744661938492e-05,8.255672286656256e-05,6.254249230677987e-07,0.68914,0.0023549819425257306,50000,1.0157396215110985
83,17,6.0,fit,1255,sim,clean,wiener,7.289524165508127e-05,7.363870590117888e-05,5.961446787278772e-07,0.72272,0.002244729785712048,50000,1.01019907787144
83,11,3.0,fit,1270,sim,clean,wiener,8.860163030726118e-05,8.985473079416063e-05,6.543527026445028e-07,0.66166,0.0024639069246104595,50000,1.0141430861097458
83,23,20.0,fit,1243,sim,clean,wiener,6.08783022122948e-05,6.108230798207999e-05,5.454904339965589e-07,0.77,0.0020539957307444266,50000,1.0033510423643843
83,27,30.0,fit,1241,sim,clean,wiener,5.959490420795675e-05,6.017404061991168e-05,5.419779119073169e-07,0.77342,0.0020407696411087395,50000,1.0097178847697117
83,19,8.0,fit,1255,sim,clean,wiener,6.456732006730742e-05,6.548023415678976e-05,5.682279266404476e-07,0.75344,0.0021396117377497394,50000,1.0141389496812114
83,7,1.8,fit,1271,sim,clean,wiener,0.00010609042274955797,0.00010601232913168127,7.061544270086292e-07,0.60082,0.0026589617121152874,50000,0.999263895685843
83,29,40.0,fit,1241,sim,clean,wiener,5.603814593791192e-05,5.655159418132224e-05,5.288040677835505e-07,0.78706,0.001991164702320978,50000,1.0091624773592474
83,15,5.0,fit,1256,sim,clean,wiener,7.607451339597052e-05,7.791446745992447e-05,6.133600366955342e-07,0.70662,0.0023095526855560215,50000,1.0241862087816052
83,21,10.0,fit,1255,sim,clean,wiener,6.317469047013012e-05,6.403550478538751e-05,5.599957685797853e-07,0.75888,0.0021086142784771163,50000,1.0136259364130071
83,9,2.0,fit,1271,sim,clean,wiener,0.00010018203911665463,0.00010034495325195262,6.864002424660168e-07,0.62216,0.002584579086525341,50000,1.0016261810673297
83,13,4.0,fit,1270,sim,clean,wiener,8.127744661938492e-05,8.206806440270591e-05,6.276207014499775e-07,0.69098,0.002363249950801536,50000,1.009727394452035
83,25,26.0,fit,1242,sim,clean,wiener,6.0548684147271675e-05,6.092296283082241e-05,5.434534384100441e-07,0.7706,0.002046325604968632,50000,1.0061814503291333
83,11,3.0,fit,1271,sim,clean,wiener,8.860163030726118e-05,8.87605607555251e-05,6.479103895740447e-07,0.66578,0.002439648967516892,50000,1.0017937643778423
83,17,6.0,fit,1256,sim,clean,wiener,7.289524165508127e-05,7.477536798014977e-05,6.012238291017516e-07,0.71844,0.002263854874867714,50000,1.0257921680809388
83,7,1.8,fit,1272,sim,clean,wiener,0.00010609042274955797,0.00010770138773501184,7.076082251376868e-07,0.59446,0.0026644358597159535,50000,1.0151848295416523
83,19,8.0,fit,1256,sim,clean,wiener,6.456732006730742e-05,6.656909269038336e-05,5.710719812501151e-07,0.74934,0.0021503207725232032,50000,1.0310028760832757
83,23,20.0,fit,1244,sim,clean,wiener,6.08783022122948e-05,6.127352216358912e-05,5.468756368055541e-07,0.76928,0.0020592115887660715,50000,1.0064919673665687
83,27,30.0,fit,1242,sim,clean,wiener,5.959490420795675e-05,6.005718750898944e-05,5.421301379058429e-07,0.77386,0.0020413428345720784,50000,1.007757094455921
83,29,40.0,fit,1242,sim,clean,wiener,5.603814593791192e-05,5.6700316322496004e-05,5.263995523677286e-07,0.7865,0.001982110713303384,50000,1.0118164220728811
83,15,5.0,fit,1257,sim,clean,wiener,7.607451339597052e-05,7.684154344145665e-05,6.143359734177212e-07,0.71066,0.002313227488514824,50000,1.0100826152050912
83,9,2.0,fit,1272,sim,clean,wiener,0.00010018203911665463,0.00010177374810822912,6.845062044732342e-07,0.61678,0.002577447254858669,50000,1.015888167236455
83,21,10.0,fit,1256,sim,clean,wiener,6.317469047013012e-05,6.497564117780736e-05,5.639480311808615e-07,0.75534,0.002123496171913661,50000,1.0285074718099134
83,13,4.0,fit,1271,sim,clean,wiener,8.127744661938492e-05,8.155284841363968e-05,6.220183881690333e-07,0.69292,0.0023421549382326725,50000,1.0033884159223707
83,11,3.0,fit,1272,sim,clean,wiener,8.860163030726118e-05,8.95572865118131e-05,6.51792614718617e-07,0.66278,0.0024542671411378622,50000,1.0107859889399078
83,17,6.0,fit,1257,sim,clean,wiener,7.289524165508127e-05,7.363339439613694e-05,5.99811419866977e-07,0.72274,0.002258536573468666,50000,1.0101262129639188
83,25,26.0,fit,1243,sim,clean,wiener,6.0548684147271675e-05,6.071581413418753e-05,5.433539202401859e-07,0.77138,0.0020459508781479935,50000,1.0027602579522512
83,7,1.8,fit,1273,sim,clean,wiener,0.00010609042274955797,0.0001064691185652864,7.124180572352972e-07,0.5991,0.0026825468548468995,50000,1.0035695570430745
83,19,8.0,fit,1257,sim,clean,wiener,6.456732006730742e-05,6.528370847023872e-05,5.647055499481682e-07,0.75418,0.0021263485414824675,50000,1.011095216623278
83,27,30.0,fit,1243,sim,clean,wiener,5.959490420795675e-05,5.9775677741767665e-05,5.396809969481783e-07,0.77492,0.002032120812044244,50000,1.0030333723363343
83,23,20.0,fit,1245,sim,clean,wiener,6.08783022122948e-05,6.094952035603201e-05,5.443479932822365e-07,0.7705,0.002049693971806778,50000,1.0011698444462012
83,9,2.0,fit,1273,sim,clean,wiener,0.00010018203911665463,0.00010039275679732992,6.94175183451568e-07,0.62198,0.002613854935551894,50000,1.0021033478908323
83,15,5.0,fit,1258,sim,clean,wiener,7.607451339597052e-05,7.649098410868993e-05,6.065220856872272e-07,0.71198,0.002283804988982866,50000,1.005474510373161
83,29,40.0,fit,1243,sim,clean,wiener,5.603814593791192e-05,5.658346321157376e-05,5.268489313528891e-07,0.78694,0.001983802809918614,50000,1.0097311797978832
83,13,4.0,fit,1272,sim,clean,wiener,8.127744661938492e-05,8.213711396825088e-05,6.282651699877351e-07,0.69072,0.0023656766397820465,50000,1.0105769482755986
83,21,10.0,fit,1257,sim,clean,wiener,6.317469047013012e-05,6.396645521984255e-05,5.598361033943977e-07,0.75914,0.0021080130734170534,50000,1.0125329422878107
83,11,3.0,fit,1273,sim,clean,wiener,8.860163030726118e-05,8.870213420006399e-05,6.454708340476292e-07,0.666,0.0024304630380782045,50000,1.0011343345766244
83,17,6.0,fit,1258,sim,clean,wiener,7.289524165508127e-05,7.336250763899905e-05,5.938592746269473e-07,0.72376,0.00223612429976073,50000,1.0064101026803471
83,7,1.8,fit,1274,sim,clean,wiener,0.00010609042274955797,0.00010641600351486718,7.013690640806373e-07,0.5993,0.0026409428534670347,50000,1.0030688987457217
83,19,8.0,fit,1258,sim,clean,wiener,6.456732006730742e-05,6.510842880385537e-05,5.672601943900703e-07,0.75484,0.0021359678280000933,50000,1.0083805357878237
83,25,26.0,fit,1244,sim,clean,wiener,6.0548684147271675e-05,6.0976077881241604e-05,5.455819219692508e-07,0.7704,0.0020543402205715844,50000,1.0070586791437182
83,27,30.0,fit,1244,sim,clean,wiener,5.959490420795675e-05,5.973318570143232e-05,5.426213028586436e-07,0.77508,0.00204319227253335,50000,1.0023203576767743
83,23,20.0,fit,1246,sim,clean,wiener,6.08783022122948e-05,6.245798778793726e-05,5.505530747138103e-07,0.76482,0.0020730586542559194,50000,1.0259482527967647
83,9,2.0,fit,1274,sim,clean,wiener,0.00010018203911665463,0.00010042462582758145,6.838055578309713e-07,0.62186,0.0025748090322203275,50000,1.0024214591065006
83,15,5.0,fit,1259,sim,clean,wiener,7.607451339597052e-05,7.721866029943296e-05,6.088458895372919e-07,0.70924,0.002292555065775506,50000,1.0150398188879253
83,13,4.0,fit,1273,sim,clean,wiener,8.127744661938492e-05,8.092609081869312e-05,6.253066460557346e-07,0.69528,0.0023545365809525772,50000,0.9956770812161808
83,21,10.0,fit,1258,sim,clean,wiener,6.317469047013012e-05,6.357340384674048e-05,5.599265072321978e-07,0.76062,0.0021083534810306644,50000,1.0063112834213075
83,29,40.0,fit,1244,sim,clean,wiener,5.603814593791192e-05,5.627008441410047e-05,5.252032171110581e-07,0.78812,0.0019776060192581795,50000,1.0041389391512974
83,11,3.0,fit,1274,sim,clean,wiener,8.860163030726118e-05,8.877649527065089e-05,6.520493632594487e-07,0.66572,0.002455233904941362,50000,1.0019736088690838
83,17,6.0,fit,1259,sim,clean,wiener,7.289524165508127e-05,7.384054309277183e-05,5.95217733193682e-07,0.72196,0.00224123945471592,50000,1.0129679443572388
83,7,1.8,fit,1275,sim,clean,wiener,0.00010609042274955797,0.00010691528498880769,7.037350427723907e-07,0.59742,0.002649851735876372,50000,1.0077750867408355
83,19,8.0,fit,1259,sim,clean,wiener,6.456732006730742e-05,6.594233509543679e-05,5.716863907824839e-07,0.7517,0.002152634276991408,50000,1.0212958355201363
83,25,26.0,fit,1245,sim,clean,wiener,6.0548684147271675e-05,6.0678633598894085e-05,5.424707930890101e-07,0.77152,0.0020426255413773194,50000,1.0021461977820416
83,27,30.0,fit,1245,sim,clean,wiener,5.959490420795675e-05,5.988190784260608e-05,5.397715882948224e-07,0.77452,0.0020324619257057358,50000,1.004815908985235
83,23,20.0,fit,1247,sim,clean,wiener,6.08783022122948e-05,6.123634162829567e-05,5.465226362266752e-07,0.76942,0.002057882396470882,50000,1.0058812319494772
83,15,5.0,fit,1260,sim,clean,wiener,7.607451339597052e-05,7.724521782464256e-05,6.089392070254489e-07,0.70914,0.0022929064444804892,50000,1.015388917738829
83,9,2.0,fit,1275,sim,clean,wiener,0.00010018203911665463,0.00010125853211916286,6.897778274523058e-07,0.61872,0.0025972970824968485,50000,1.0107453692498187
83,13,4.0,fit,1274,sim,clean,wiener,8.127744661938492e-05,8.106950145482495e-05,6.259511628195198e-07,0.69474,0.002356963451523907,50000,0.9974415391574275
83,21,10.0,fit,1259,sim,clean,wiener,6.317469047013012e-05,6.438606411815423e-05,5.628454568403452e-07,0.75756,0.002119344526262139,50000,1.0191749835101584
83,11,3.0,fit,1275,sim,clean,wiener,8.860163030726118e-05,8.948823694626817e-05,6.480599031252211e-07,0.66304,0.0024402119475008944,50000,1.0100066628111959
83,29,40.0,fit,1245,sim,clean,wiener,5.603814593791192e-05,5.629133043426817e-05,5.247382182492166e-07,0.78804,0.0019758551073860396,50000,1.0045180741103885
83,17,6.0,fit,1260,sim,clean,wiener,7.289524165508127e-05,7.405300329444863e-05,5.987395103286396e-07,0.72116,0.002254500393403402,50000,1.0158825406580796
83,7,1.8,fit,1276,sim,clean,wiener,0.00010609042274955797,0.00010774387977534718,7.050847637197423e-07,0.5943,0.0026549339901026196,50000,1.015585356179534
83,19,8.0,fit,1260,sim,clean,wiener,6.456732006730742e-05,6.538462706603519e-05,5.684911199481767e-07,0.7538,0.0021406027687499996,50000,1.0126582146800545
83,25,26.0,fit,1246,sim,clean,wiener,6.0548684147271675e-05,6.195339480895489e-05,5.499131560586688e-07,0.76672,0.002070649097453879,50000,1.0231996893320845
83,27,30.0,fit,1246,sim,clean,wiener,5.959490420795675e-05,6.093358584090623e-05,5.4502220453609e-07,0.77056,0.002052232654340381,50000,1.0224630218093504
83,23,20.0,fit,1248,sim,clean,wiener,6.08783022122948e-05,6.120447259804416e-05,5.505590980471602e-07,0.76954,0.002073081334582126,50000,1.0053577444491133
83,9,2.0,fit,1276,sim,clean,wiener,0.00010018203911665463,0.00010161971446201343,6.926400673365263e-07,0.61736,0.002608074592304825,50000,1.0143506296940585
83,15,5.0,fit,1261,sim,clean,wiener,7.607451339597052e-05,7.724521782464256e-05,6.106407867695176e-07,0.70914,0.002299313591722709,50000,1.015388917738829
83,13,4.0,fit,1275,sim,clean,wiener,8.127744661938492e-05,8.167501302960385e-05,6.222004311528538e-07,0.69246,0.002342840404903169,50000,1.0048914726871367
83,21,10.0,fit,1260,sim,clean,wiener,6.317469047013012e-05,6.370619147278847e-05,5.584525548335328e-07,0.76012,0.0021028034443196677,50000,1.0084131952005315
83,11,3.0,fit,1276,sim,clean,wiener,8.860163030726118e-05,9.013624056138241e-05,6.488925423620586e-07,0.6606,0.0024433471765189074,50000,1.0173203387883425
83,7,1.8,fit,1277,sim,clean,wiener,0.00010609042274955797,0.00010864152412743167,7.058834757750143e-07,0.59092,0.0026579414693348458,50000,1.0240464814047914
83,17,6.0,fit,1261,sim,clean,wiener,7.289524165508127e-05,7.362277138605312e-05,6.009006852748767e-07,0.72278,0.0022626381055176913,50000,1.009980483148877
83,29,40.0,fit,1246,sim,clean,wiener,5.603814593791192e-05,5.765107572499969e-05,5.320160801689431e-07,0.78292,0.0020032592493845407,50000,1.028782711492183
83,19,8.0,fit,1261,sim,clean,wiener,6.456732006730742e-05,6.532088900553214e-05,5.670233172621998e-07,0.75404,0.0021350758882353713,50000,1.0116710580126165
83,25,26.0,fit,1247,sim,clean,wiener,6.0548684147271675e-05,6.087515928544511e-05,5.453034746713035e-07,0.77078,0.0020532917520273593,50000,1.0053919443960062
83,9,2.0,fit,1277,sim,clean,wiener,0.00010018203911665463,0.00010265014644014591,6.925648073481152e-07,0.61348,0.0026077912075096786,50000,1.024636225667331
83,27,30.0,fit,1247,sim,clean,wiener,5.959490420795675e-05,5.999876095352832e-05,5.4112583351906e-07,0.77408,0.002037561215694353,50000,1.006776699299026
83,13,4.0,fit,1276,sim,clean,wiener,8.127744661938492e-05,8.315161143125761e-05,6.282647312388575e-07,0.6869,0.002365674987712156,50000,1.0230588544525672
83,15,5.0,fit,1262,sim,clean,wiener,7.607451339597052e-05,7.764889220782846e-05,6.073454539662557e-07,0.70762,0.002286905309033512,50000,1.0206952202725668
83,23,20.0,fit,1249,sim,clean,wiener,6.08783022122948e-05,6.082735574006784e-05,5.441028423823045e-07,0.77096,0.0020487708778889626,50000,0.9991631423614723
83,11,3.0,fit,1277,sim,clean,wiener,8.860163030726118e-05,8.973256617819646e-05,6.444961658437332e-07,0.66212,0.002426793011612246,50000,1.0127642783435622
83,21,10.0,fit,1261,sim,clean,wiener,6.317469047013012e-05,6.331314009968638e-05,5.560793022503791e-07,0.7616,0.0020938671727189695,50000,1.002191536334028
83,7,1.8,fit,1278,sim,clean,wiener,0.00010609042274955797,0.00010752610806862848,7.041639069403869e-07,0.59512,0.0026514665857715015,50000,1.013532657160389
83,17,6.0,fit,1262,sim,clean,wiener,7.289524165508127e-05,7.42867095162931e-05,5.95767118956854e-07,0.72028,0.0022433081179623485,50000,1.0190885965890044
83,29,40.0,fit,1247,sim,clean,wiener,5.603814593791192e-05,5.638693752502271e-05,5.264575345278239e-07,0.78768,0.001982329039972144,50000,1.0062241814262955
83,19,8.0,fit,1262,sim,clean,wiener,6.456732006730742e-05,6.6261025397952e-05,5.673027955630005e-07,0.7505,0.002136128238929176,50000,1.026231618857326
83,9,2.0,fit,1278,sim,clean,wiener,0.00010018203911665463,0.00010172063305780992,6.911037086305122e-07,0.61698,0.002602289570191926,50000,1.015357981877008
83,27,30.0,fit,1248,sim,clean,wiener,5.959490420795675e-05,5.983941580227071e-05,5.444166877350577e-07,0.77468,0.002049952634661389,50000,1.0041028943256747
83,13,4.0,fit,1277,sim,clean,wiener,8.127744661938492e-05,8.284885564386817e-05,6.238514538338303e-07,0.68804,0.002349057184019243,50000,1.0193338876877127
83,25,26.0,fit,1248,sim,clean,wiener,6.0548684147271675e-05,6.109824249720576e-05,5.505950808298061e-07,0.76994,0.0020732168245510213,50000,1.009076305417264
83,15,5.0,fit,1263,sim,clean,wiener,7.607451339597052e-05,7.654941066415106e-05,6.064212555554594e-07,0.71176,0.002283425322086301,50000,1.0062425278451494
83,11,3.0,fit,1278,sim,clean,wiener,8.860163030726118e-05,8.947761393618432e-05,6.516309443392261e-07,0.66308,0.0024536583856980577,50000,1.0098867664837015
83,23,20.0,fit,1250,sim,clean,wiener,6.08783022122948e-05,6.127352216358912e-05,5.477816195220044e-07,0.76928,0.0020626229861357434,50000,1.0064919673665687
83,7,1.8,fit,1279,sim,clean,wiener,0.00010609042274955797,0.00010804663556273664,7.003843780569078e-07,0.59316,0.002637235105791157,50000,1.0184391084744435
83,21,10.0,fit,1262,sim,clean,wiener,6.317469047013012e-05,6.475786947108862e-05,5.605620326261368e-07,0.75616,0.002110746495398243,50000,1.0250603364919857
83,17,6.0,fit,1263,sim,clean,wiener,7.289524165508127e-05,7.316598195244799e-05,5.938970454056116e-07,0.7245,0.0022362665222696657,50000,1.003714101102069
83,29,40.0,fit,1248,sim,clean,wiener,5.603814593791192e-05,5.6546282676280316e-05,5.297802602159582e-07,0.78708,0.0019948404681338814,50000,1.0090676936194747
83,19,8.0,fit,1263,sim,clean,wiener,6.456732006730742e-05,6.515092084419072e-05,5.642846331488679e-07,0.75468,0.002124763616697578,50000,1.0090386402327822
83,9,2.0,fit,1279,sim,clean,wiener,0.00010018203911665463,0.00010213493045107969,6.904342637714054e-07,0.61542,0.0025997688350939702,50000,1.019493427680695
83,13,4.0,fit,1278,sim,clean,wiener,8.127744661938492e-05,8.234426266488576e-05,6.258200772613104e-07,0.68994,0.0023564698605090255,50000,1.0131256097462884
83,25,26.0,fit,1249,sim,clean,wiener,6.0548684147271675e-05,6.0630830053516786e-05,5.445132302746393e-07,0.7717,0.002050316157010778,50000,1.0013566918489147
83,11,3.0,fit,1279,sim,clean,wiener,8.860163030726118e-05,8.974850069332225e-05,6.527200890411429e-07,0.66206,0.0024577594632394363,50000,1.012944122834804
83,27,30.0,fit,1249,sim,clean,wiener,5.959490420795675e-05,5.9775677741767665e-05,5.409128325490352e-07,0.77492,0.002036759179479217,50000,1.0030333723363343
83,15,5.0,fit,1264,sim,clean,wiener,7.607451339597052e-05,7.651754163389953e-05,6.085584588699404e-07,0.71188,0.002291472771152483,50000,1.0058236092240647
83,7,1.8,fit,1280,sim,clean,wiener,0.00010609042274955797,0.00010789260191652094,7.08225352552718e-07,0.59374,0.0026667595981296824,50000,1.0169871994121211
83,23,20.0,fit,1251,sim,clean,wiener,6.08783022122948e-05,6.105043895182846e-05,5.442363766453434e-07,0.77012,0.00204927368928417,50000,1.0028275548640202
83,21,10.0,fit,1263,sim,clean,wiener,6.317469047013012e-05,6.385491361396224e-05,5.562587324896127e-07,0.75956,0.0020945428013320177,50000,1.0107673363932623
83,17,6.0,fit,1264,sim,clean,wiener,7.289524165508127e-05,7.339968817429246e-05,5.967022881866712e-07,0.72362,0.0022468294145531888,50000,1.0069201570329938
83,29,40.0,fit,1249,sim,clean,wiener,5.603814593791192e-05,5.6307264949393915e-05,5.267030318677928e-07,0.78798,0.0019832534383791172,50000,1.004802425329706
83,19,8.0,fit,1264,sim,clean,wiener,6.456732006730742e-05,6.497032967276543e-05,5.666804254167172e-07,0.75536,0.0021337847594770382,50000,1.006241696341708
83,9,2.0,fit,1280,sim,clean,wiener,0.00010018203911665463,0.000101715321552768,6.936599632003077e-07,0.617,0.002611914919502981,50000,1.0153049633410633
83,13,4.0,fit,1279,sim,clean,wiener,8.127744661938492e-05,8.21689829985024e-05,6.24256443680748e-07,0.6906,0.0023505821372809695,50000,1.0109690500403201
83,11,3.0,fit,1280,sim,clean,wiener,8.860163030726118e-05,8.933420330005247e-05,6.512282060355891e-07,0.66362,0.0024521419104223743,50000,1.0082681660625297
83,7,1.8,fit,1281,sim,clean,wiener,0.00010609042274955797,0.00010801476653248511,7.072831992339067e-07,0.59328,0.0026632120035726763,50000,1.0181387134960318
83,25,26.0,fit,1250,sim,clean,wiener,6.0548684147271675e-05,6.115666905266689e-05,5.461467612201755e-07,0.76972,0.002056467072552207,50000,1.0100412571133077
83,15,5.0,fit,1265,sim,clean,wiener,7.607451339597052e-05,7.626258939188736e-05,6.048781095847986e-07,0.71284,0.002277614743131817,50000,1.002472260255388
83,23,20.0,fit,1252,sim,clean,wiener,6.08783022122948e-05,6.123634162829567e-05,5.474299254485564e-07,0.76942,0.0020612987133705957,50000,1.0058812319494772
83,27,30.0,fit,1250,sim,clean,wiener,5.959490420795675e-05,6.002531847873792e-05,5.399055621079675e-07,0.77398,0.0020329663921877885,50000,1.007222333461251
83,21,10.0,fit,1264,sim,clean,wiener,6.317469047013012e-05,6.330782859464449e-05,5.575352925686151e-07,0.76162,0.0020993495748130838,50000,1.0021074598628594
83,17,6.0,fit,1265,sim,clean,wiener,7.289524165508127e-05,7.325096603311871e-05,5.957036476554288e-07,0.72418,0.002243069122419939,50000,1.0048799396224053
83,29,40.0,fit,1250,sim,clean,wiener,5.603814593791192e-05,5.64878561208192e-05,5.285621812697989e-07,0.7873,0.0019902539001590953,50000,1.0080250724819757
83,9,2.0,fit,1281,sim,clean,wiener,0.00010018203911665463,0.00010206588088553471,6.864208905226638e-07,0.61568,0.0025846568349468676,50000,1.0188041867134137
83,19,8.0,fit,1265,sim,clean,wiener,6.456732006730742e-05,6.529433148032255e-05,5.660323670968988e-07,0.75414,0.0021313445534913386,50000,1.0112597427345174
83,13,4.0,fit,1280,sim,clean,wiener,8.127744661938492e-05,8.160596346405888e-05,6.264645040089728e-07,0.69272,0.0023588963921326476,50000,1.0040419188635732
83,11,3.0,fit,1281,sim,clean,wiener,8.860163030726118e-05,9.036463527818496e-05,6.564503254480709e-07,0.65974,0.0024718053367818234,50000,1.0198981098294677
83,7,1.8,fit,1282,sim,clean,wiener,0.00010609042274955797,0.0001064213150199091,7.01602827417561e-07,0.59928,0.0026418230685287874,50000,1.003118964575457
83,25,26.0,fit,1251,sim,clean,wiener,6.0548684147271675e-05,6.059896102326529e-05,5.425855093030331e-07,0.77182,0.0020430574950820327,50000,1.000830354560164
83,15,5.0,fit,1266,sim,clean,wiener,7.607451339597052e-05,7.70699381582592e-05,6.09197850642442e-07,0.7098,0.0022938803440247873,50000,1.013084865322864
83,23,20.0,fit,1253,sim,clean,wiener,6.08783022122948e-05,6.0699879619061755e-05,5.445096294985648e-07,0.77144,0.0020503025986086075,50000,0.9970691923600161
83,21,10.0,fit,1265,sim,clean,wiener,6.317469047013012e-05,6.364245341228543e-05,5.602787097489325e-07,0.76036,0.0021096796682938033,50000,1.0074042775465037
83,27,30.0,fit,1251,sim,clean,wiener,5.959490420795675e-05,5.988190784260608e-05,5.408239755646608e-07,0.77452,0.002036424596404653,50000,1.004815908985235
83,17,6.0,fit,1266,sim,clean,wiener,7.289524165508127e-05,7.374493600201728e-05,5.998863789697227e-07,0.72232,0.0022588188253055905,50000,1.0116563760218604
83,29,40.0,fit,1251,sim,clean,wiener,5.603814593791192e-05,5.634975698972929e-05,5.262527881170741e-07,0.78782,0.0019815580855660625,50000,1.0055606952478873
83,9,2.0,fit,1282,sim,clean,wiener,0.00010018203911665463,0.00010105138342252799,6.852971559252691e-07,0.6195,0.002580425512229386,50000,1.0086776463479754
83,19,8.0,fit,1266,sim,clean,wiener,6.456732006730742e-05,6.560239877275393e-05,5.675111136479913e-07,0.75298,0.0021369126421570623,50000,1.0160309999604675
83,13,4.0,fit,1281,sim,clean,wiener,8.127744661938492e-05,8.244518126068225e-05,6.268726227831844e-07,0.68956,0.0023604331270919133,50000,1.0143672653345734
83,11,3.0,fit,1282,sim,clean,wiener,8.860163030726118e-05,8.969007413786112e-05,6.473315054908188e-07,0.66228,0.0024374692309689374,50000,1.0122846930335856
83,7,1.8,fit,1283,sim,clean,wiener,0.00010609042274955797,0.00010830158780474881,7.003937741992402e-07,0.5922,0.002637270486129718,50000,1.0208422683017355
83,25,26.0,fit,1252,sim,clean,wiener,6.0548684147271675e-05,6.0997323901409273e-05,5.465073461695636e-07,0.77032,0.002057824823120237,50000,1.007409570669552
83,15,5.0,fit,1267,sim,clean,wiener,7.607451339597052e-05,7.693715053221118e-05,6.09217681984028e-07,0.7103,0.002293955017178364,50000,1.0113393710683447
83,23,20.0,fit,1254,sim,clean,wiener,6.08783022122948e-05,6.0561780487971844e-05,5.475164213336705e-07,0.77196,0.002061624405935816,50000,0.9948007465251055
83,21,10.0,fit,1266,sim,clean,wiener,6.317469047013012e-05,6.423734197698047e-05,5.60470705170662e-07,0.75812,0.002110402609984395,50000,1.0168208423174276
83,27,30.0,fit,1252,sim,clean,wiener,5.959490420795675e-05,6.021122115520513e-05,5.438450190288493e-07,0.77328,0.002047800066974089,50000,1.010341772596827
83,17,6.0,fit,1267,sim,clean,wiener,7.289524165508127e-05,7.360683687092735e-05,5.975010389598276e-07,0.72284,0.0022498370395741666,50000,1.0097618884263138
83,9,2.0,fit,1283,sim,clean,wiener,0.00010018203911665463,0.00010281480309644545,6.932344421302559e-07,0.61286,0.002610312657745933,50000,1.026279800281617
83,13,4.0,fit,1282,sim,clean,wiener,8.127744661938492e-05,8.23601971800115e-05,6.244200952192437e-07,0.68988,0.0023511983525992424,50000,1.013321660628649
83,29,40.0,fit,1252,sim,clean,wiener,5.603814593791192e-05,5.6471921605693455e-05,5.282310214694899e-07,0.78736,0.0019890069473737907,50000,1.0077407212626581
83,19,8.0,fit,1267,sim,clean,wiener,6.456732006730742e-05,6.570862887359231e-05,5.648840735763761e-07,0.75258,0.0021270207563323035,50000,1.0176762610728638
83,11,3.0,fit,1283,sim,clean,wiener,8.860163030726118e-05,9.09329663176704e-05,6.535803457838283e-07,0.6576,0.0024609986835203023,50000,1.0263125633504078
91,1,0.6,fit,1234,sim,clean,wiener,0.00011293031023177941,0.00012299852225574142,7.869860819566385e-07,0.53686,0.002963326122240333,50000,1.0891542049543466
83,15,5.0,fit,1268,sim,clean,wiener,7.607451339597052e-05,7.7415185985984e-05,6.040118508697388e-07,0.7085,0.002274352922957599,50000,1.0176231503846134
83,25,26.0,fit,1253,sim,clean,wiener,6.0548684147271675e-05,6.0423681356881906e-05,5.429484060697849e-07,0.77248,0.002044423950592807,50000,0.9979354994720326
83,21,10.0,fit,1267,sim,clean,wiener,6.317469047013012e-05,6.393989769463296e-05,5.568803806650868e-07,0.75924,0.0020968835622672626,50000,1.0121125599319658
83,23,20.0,fit,1255,sim,clean,wiener,6.08783022122948e-05,6.114073453754112e-05,5.446182796182356e-07,0.76978,0.0020507117109743616,50000,1.0043107694483853
83,27,30.0,fit,1253,sim,clean,wiener,5.959490420795675e-05,5.9759743226641914e-05,5.403484225410965e-07,0.77498,0.0020346339437748956,50000,1.0027659918389995
83,17,6.0,fit,1268,sim,clean,wiener,7.289524165508127e-05,7.420703694066432e-05,5.949622588165793e-07,0.72058,0.0022402774886626582,50000,1.0179956229761893
91,3,1.0,fit,1234,sim,clean,wiener,0.00014137555143553952,0.00014658691614690816,8.022727497716923e-07,0.44804,0.0030208867107906845,50000,1.0368618524097837
83,13,4.0,fit,1283,sim,clean,wiener,8.127744661938492e-05,8.301351230016767e-05,6.306641925349592e-07,0.68742,0.002374709945891295,50000,1.0213597468054403
83,19,8.0,fit,1268,sim,clean,wiener,6.456732006730742e-05,6.612292626686207e-05,5.656064269911603e-07,0.75102,0.0021297407138926683,50000,1.0240927794112102
91,5,1.4,fit,1234,sim,clean,wiener,0.00014501931665436213,0.00014958791649559295,8.176077383327253e-07,0.43674,0.0030786292468139194,50000,1.031503388283918
83,29,40.0,fit,1253,sim,clean,wiener,5.603814593791192e-05,5.620634635359745e-05,5.265768741792721e-07,0.78836,0.0019827784028194216,50000,1.0030015342740262
91,1,0.6,fit,1235,sim,clean,wiener,0.00011293031023177941,0.000122562978842304,7.904518847522147e-07,0.5385,0.0029763762945294414,50000,1.0852974599180185
83,15,5.0,fit,1269,sim,clean,wiener,7.607451339597052e-05,7.714429922884607e-05,6.110242654989566e-07,0.70952,0.0023007575467840803,50000,1.0140623421053945
83,25,26.0,fit,1254,sim,clean,wiener,6.0548684147271675e-05,6.034932028629504e-05,5.452770669905029e-07,0.77276,0.002053192316253159,50000,0.9967073791316137
83,21,10.0,fit,1268,sim,clean,wiener,6.317469047013012e-05,6.430108003748352e-05,5.575047247064466e-07,0.75788,0.002099234474245816,50000,1.0178297599714554
83,23,20.0,fit,1256,sim,clean,wiener,6.08783022122948e-05,6.244736477785344e-05,5.524993288662174e-07,0.76486,0.0020803871012292224,50000,1.0257737569633103
83,27,30.0,fit,1254,sim,clean,wiener,5.959490420795675e-05,5.93826263686656e-05,5.418229477723869e-07,0.7764,0.0020401861374362133,50000,0.9964379867354026
83,17,6.0,fit,1269,sim,clean,wiener,7.289524165508127e-05,7.411142984990974e-05,5.996868154561754e-07,0.72094,0.002258067386638123,50000,1.0166840546408107
91,3,1.0,fit,1235,sim,clean,wiener,0.00014137555143553952,0.00014618324176372225,8.016241923073512e-07,0.44956,0.0030184446253206623,50000,1.0340065186615721
91,7,1.8,fit,1234,sim,clean,wiener,0.0001427261734478321,0.00014712868966118401,8.067367463138632e-07,0.446,0.003037695492885175,50000,1.0308458925717718
91,5,1.4,fit,1235,sim,clean,wiener,0.00014501931665436213,0.00014871151816367616,8.037334911674306e-07,0.44004,0.003026387002644725,50000,1.0254600669379377
83,19,8.0,fit,1269,sim,clean,wiener,6.456732006730742e-05,6.55174146920832e-05,5.675550079991594e-07,0.7533,0.002137077922433826,50000,1.0147147910705503
91,1,0.6,fit,1236,sim,clean,wiener,0.00011293031023177941,0.00012273825850868736,7.802670176222989e-07,0.53784,0.0029380260828680243,50000,1.0868495646277603
83,29,40.0,fit,1254,sim,clean,wiener,5.603814593791192e-05,5.595139411158527e-05,5.271423504400864e-07,0.78932,0.0019849076534041482,50000,0.9984519147649394
83,15,5.0,fit,1270,sim,clean,wiener,7.607451339597052e-05,7.700088859271424e-05,6.097940148223199e-07,0.71006,0.0022961251472403458,50000,1.012177208310514
83,21,10.0,fit,1269,sim,clean,wiener,6.317469047013012e-05,6.40779968257229e-05,5.624432229765735e-07,0.75872,0.0021178299504099195,50000,1.0142985481823592
83,25,26.0,fit,1255,sim,clean,wiener,6.0548684147271675e-05,6.10291929316608e-05,5.435759643865859e-07,0.7702,0.002046786965639759,50000,1.0079359079583032
83,23,20.0,fit,1257,sim,clean,wiener,6.08783022122948e-05,6.208087092996095e-05,5.485663359747276e-07,0.76624,0.0020655777661708935,50000,1.0197536507091238
91,3,1.0,fit,1236,sim,clean,wiener,0.00014137555143553952,0.00014558304169398528,8.056096101023442e-07,0.45182,0.003033451361692139,50000,1.0297610882201522
83,17,6.0,fit,1270,sim,clean,wiener,7.289524165508127e-05,7.38086740625203e-05,5.947542824397284e-07,0.72208,0.002239494372106393,50000,1.0125307549121125
83,27,30.0,fit,1255,sim,clean,wiener,5.959490420795675e-05,5.9669447640929276e-05,5.388438566224739e-07,0.77532,0.0020289686345762855,50000,1.0012508356874341
91,7,1.8,fit,1235,sim,clean,wiener,0.0001427261734478321,0.00014560428771415296,7.997406845828481e-07,0.45174,0.0030113524444429717,50000,1.0201652871144395
91,5,1.4,fit,1236,sim,clean,wiener,0.00014501931665436213,0.0001488336827796403,8.053598861470383e-07,0.43958,0.0030325110483408945,50000,1.0263024693073772
83,19,8.0,fit,1270,sim,clean,wiener,6.456732006730742e-05,6.58095474693888e-05,5.655225170798838e-07,0.7522,0.0021294247585820197,50000,1.0192392591296406
91,1,0.6,fit,1237,sim,clean,wiener,0.00011293031023177941,0.00012273294700364544,7.732728234508943e-07,0.53786,0.002911690066555494,50000,1.0868025311517076
83,29,40.0,fit,1255,sim,clean,wiener,5.603814593791192e-05,5.671625083762175e-05,5.26927952357577e-07,0.78644,0.001984100356486166,50000,1.012100773292199
83,15,5.0,fit,1271,sim,clean,wiener,7.607451339597052e-05,7.669813280532478e-05,6.094764666366675e-07,0.7112,0.002294929447779849,50000,1.0081974814102104
83,21,10.0,fit,1270,sim,clean,wiener,6.317469047013012e-05,6.432232605765119e-05,5.599093896788417e-07,0.7578,0.0021082890264053898,50000,1.018166065856131
91,3,1.0,fit,1237,sim,clean,wiener,0.00014137555143553952,0.00014568396028978174,7.875740495241949e-07,0.45144,0.0029655400618409395,50000,1.0304749216572051
83,25,26.0,fit,1256,sim,clean,wiener,6.0548684147271675e-05,6.219772404088319e-05,5.503894840822731e-07,0.7658,0.002072442668277384,50000,1.0272349418791757
83,23,20.0,fit,1258,sim,clean,wiener,6.08783022122948e-05,6.059896102326529e-05,5.471952106411267e-07,0.77182,0.0020604149156312457,50000,0.995411481942197
83,17,6.0,fit,1271,sim,clean,wiener,7.289524165508127e-05,7.326158904320255e-05,5.965622152635712e-07,0.72414,0.002246301982414861,50000,1.0050256694374473
91,5,1.4,fit,1237,sim,clean,wiener,0.00014501931665436213,0.0001489824049208141,7.863990988812588e-07,0.43902,0.0029611158896574886,50000,1.0273280026266953
91,7,1.8,fit,1236,sim,clean,wiener,0.0001427261734478321,0.00014530684343180543,8.017184225117243e-07,0.45286,0.0030187994407774093,50000,1.0180812665373993
83,27,30.0,fit,1256,sim,clean,wiener,5.959490420795675e-05,6.120978410308608e-05,5.476403077453165e-07,0.76952,0.0020620908892043746,50000,1.0270976170964918
91,1,0.6,fit,1238,sim,clean,wiener,0.00011293031023177941,0.00012317380192212478,7.785903509074354e-07,0.5362,0.002931712743422309,50000,1.0907063096640885
83,19,8.0,fit,1271,sim,clean,wiener,6.456732006730742e-05,6.484816505680126e-05,5.663065935366253e-07,0.75582,0.0021323771287692014,50000,1.004349646062452
83,29,40.0,fit,1256,sim,clean,wiener,5.603814593791192e-05,5.786353592667647e-05,5.337163828031135e-07,0.78212,0.002009661587782984,50000,1.032574061083088
83,21,10.0,fit,1271,sim,clean,wiener,6.317469047013012e-05,6.33450091299379e-05,5.594448206531037e-07,0.76148,0.0021065397330428813,50000,1.002695995161042
83,15,5.0,fit,1272,sim,clean,wiener,7.607451339597052e-05,7.663970624986367e-05,6.103719067520919e-07,0.71142,0.00229830114792268,50000,1.007429463938222
91,3,1.0,fit,1238,sim,clean,wiener,0.00014137555143553952,0.00014600796209733886,7.961610523870874e-07,0.45022,0.0029978736576678146,50000,1.0327667026919538
91,5,1.4,fit,1238,sim,clean,wiener,0.00014501931665436213,0.00014943919435441919,8.08316544956065e-07,0.4373,0.00304364408421563,50000,1.0304778549646
91,7,1.8,fit,1237,sim,clean,wiener,0.0001427261734478321,0.00014636383293514753,8.018045652624374e-07,0.44888,0.003019123803646439,50000,1.0254869825165251
83,17,6.0,fit,1272,sim,clean,wiener,7.289524165508127e-05,7.356434483059201e-05,5.968264525785522e-07,0.723,0.0022472969445316076,50000,1.009178969166146
83,25,26.0,fit,1257,sim,clean,wiener,6.0548684147271675e-05,6.173031159719423e-05,5.476996964751561e-07,0.76756,0.0020623145121864512,50000,1.0195153283108267
83,23,20.0,fit,1259,sim,clean,wiener,6.08783022122948e-05,6.167719654677504e-05,5.499176564199549e-07,0.76776,0.0020706660431641837,50000,1.0131228090378464
91,1,0.6,fit,1239,sim,clean,wiener,0.00011293031023177941,0.00012160159642971646,7.877648670888766e-07,0.54212,0.002966258568415538,50000,1.076784400752464
83,27,30.0,fit,1257,sim,clean,wiener,5.959490420795675e-05,6.0992012396367354e-05,5.448233504084318e-07,0.77034,0.0020514838868024095,50000,1.0234434169662456
83,19,8.0,fit,1272,sim,clean,wiener,6.456732006730742e-05,6.534744653074174e-05,5.669249703798824e-07,0.75394,0.002134705571793831,50000,1.0120823732907156
83,21,10.0,fit,1272,sim,clean,wiener,6.317469047013012e-05,6.378055254337537e-05,5.592769127110972e-07,0.75984,0.002105907490615617,50000,1.0095902657968971
83,29,40.0,fit,1257,sim,clean,wiener,5.603814593791192e-05,5.7369565957777916e-05,5.30336480353383e-07,0.78398,0.0019969348656089284,50000,1.023759173284233
83,15,5.0,fit,1273,sim,clean,wiener,7.607451339597052e-05,7.586953801878529e-05,6.074036202268794e-07,0.71432,0.0022871243289164437,50000,0.9973055972620117
91,5,1.4,fit,1239,sim,clean,wiener,0.00014501931665436213,0.0001480688260536038,8.003712678033874e-07,0.44246,0.0030137268494960126,50000,1.0210282979508851
91,3,1.0,fit,1239,sim,clean,wiener,0.00014137555143553952,0.00014535464697718273,8.051091042667099e-07,0.45268,0.0030315667514670365,50000,1.028145570441559
91,7,1.8,fit,1238,sim,clean,wiener,0.0001427261734478321,0.0001459176665116262,7.944973874115435e-07,0.45056,0.002991609275115548,50000,1.0223609516509642
83,17,6.0,fit,1273,sim,clean,wiener,7.289524165508127e-05,7.259233940792065e-05,5.956983166753505e-07,0.72666,0.0022430490490884213,50000,0.9958446910897989
83,25,26.0,fit,1258,sim,clean,wiener,6.0548684147271675e-05,6.0301516740917767e-05,5.459641265850355e-07,0.77294,0.00205577937807127,50000,0.9959178731984872
91,1,0.6,fit,1240,sim,clean,wiener,0.00011293031023177941,0.0001229347841952384,7.821252840791118e-07,0.5371,0.0029450232199963785,50000,1.0885898032417134
83,23,20.0,fit,1260,sim,clean,wiener,6.08783022122948e-05,6.124696463837953e-05,5.485486829172829e-07,0.76938,0.0020655112951525837,50000,1.006055727782932
83,19,8.0,fit,1273,sim,clean,wiener,6.456732006730742e-05,6.439668712823808e-05,5.659003309724407e-07,0.75752,0.0021308473832037608,50000,0.9973572863347671
83,27,30.0,fit,1258,sim,clean,wiener,5.959490420795675e-05,5.938793787370753e-05,5.425681246281519e-07,0.77638,0.0020429920346344043,50000,0.9965271135678478
91,5,1.4,fit,1240,sim,clean,wiener,0.00014501931665436213,0.00014905676599140095,8.111759707568279e-07,0.43874,0.0030544109978425417,50000,1.027840769286354
83,21,10.0,fit,1273,sim,clean,wiener,6.317469047013012e-05,6.271294002994945e-05,5.58938634189082e-07,0.76386,0.0021046337329166396,50000,0.9926908950919358
91,3,1.0,fit,1240,sim,clean,wiener,0.00014137555143553952,0.0001456414682494464,8.013406122996915e-07,0.4516,0.0030173768300143546,50000,1.0301743602100248
83,29,40.0,fit,1258,sim,clean,wiener,5.603814593791192e-05,5.572831089982464e-05,5.253767803756185e-07,0.79016,0.0019782595562997172,50000,0.9944709976944889
83,15,5.0,fit,1274,sim,clean,wiener,7.607451339597052e-05,7.601826015995905e-05,6.043797449589725e-07,0.71376,0.0022757381954418765,50000,0.9992605508270731
91,7,1.8,fit,1239,sim,clean,wiener,0.0001427261734478321,0.00014504657968475134,7.953315435958012e-07,0.45384,0.002994750216064203,50000,1.0162577485324888
91,1,0.6,fit,1241,sim,clean,wiener,0.00011293031023177941,0.00012276481603389696,7.879903711073481e-07,0.53774,0.002967107683747979,50000,1.0870847320080241
83,17,6.0,fit,1274,sim,clean,wiener,7.289524165508127e-05,7.245955178187263e-05,5.910471672867756e-07,0.72716,0.0022255355595901844,50000,0.9940230684017731
83,25,26.0,fit,1259,sim,clean,wiener,6.0548684147271675e-05,6.125227614342143e-05,5.488228239598481e-07,0.76936,0.0020665435488750284,50000,1.0116202689795606
83,19,8.0,fit,1274,sim,clean,wiener,6.456732006730742e-05,6.476318097613054e-05,5.63792625753981e-07,0.75614,0.00212291100659553,50000,1.0030334371725347
83,27,30.0,fit,1259,sim,clean,wiener,5.959490420795675e-05,6.0397123831672304e-05,5.451305542062742e-07,0.77258,0.0020526406353903064,50000,1.0134612117324024
83,23,20.0,fit,1261,sim,clean,wiener,6.08783022122948e-05,6.108761948712191e-05,5.470183405973759e-07,0.76998,0.002059748927206666,50000,1.0034382902811116
91,5,1.4,fit,1241,sim,clean,wiener,0.00014501931665436213,0.0001489133553552691,8.115475466337554e-07,0.43928,0.00305581013377104,50000,1.0268518621570117
91,3,1.0,fit,1241,sim,clean,wiener,0.00014137555143553952,0.00014605576564271616,8.004436424309696e-07,0.45004,0.0030139993697214894,50000,1.0331048343200315
83,21,10.0,fit,1274,sim,clean,wiener,6.317469047013012e-05,6.284572765599743e-05,5.556105107366105e-07,0.76336,0.002092101979953195,50000,0.9947928068711595
91,7,1.8,fit,1240,sim,clean,wiener,0.0001427261734478321,0.00014724554277210624,8.013599032379061e-07,0.44556,0.0030174494683270826,50000,1.0316646149413233
83,15,5.0,fit,1275,sim,clean,wiener,7.607451339597052e-05,7.657596818936065e-05,6.097121267394927e-07,0.71166,0.0022958168049449666,50000,1.0065916266960533
83,29,40.0,fit,1259,sim,clean,wiener,5.603814593791192e-05,5.67799888981248e-05,5.30417975710683e-07,0.7862,0.0019972417291312513,50000,1.0132381781694706
91,1,0.6,fit,1242,sim,clean,wiener,0.00011293031023177941,0.00012241956820617216,7.958214903012036e-07,0.53904,0.0029965950668232088,50000,1.0840275560645931
83,17,6.0,fit,1275,sim,clean,wiener,7.289524165508127e-05,7.348998376000511e-05,5.987072013558463e-07,0.72328,0.002254378736838875,50000,1.0081588604608513
83,25,26.0,fit,1260,sim,clean,wiener,6.0548684147271675e-05,6.091233982073856e-05,5.461789002581505e-07,0.77064,0.002056588089242284,50000,1.006006004566216
83,19,8.0,fit,1275,sim,clean,wiener,6.456732006730742e-05,6.523590492486143e-05,5.658175586363113e-07,0.75436,0.0021305357113311895,50000,1.0103548491226992
91,5,1.4,fit,1242,sim,clean,wiener,0.00014501931665436213,0.00014887086331493373,7.994453270528113e-07,0.43944,0.003010240301923269,50000,1.0265588526372065
83,27,30.0,fit,1260,sim,clean,wiener,5.959490420795675e-05,6.0115614064450557e-05,5.441724547896698e-07,0.77364,0.002049032997219796,50000,1.0087374896128163
83,23,20.0,fit,1262,sim,clean,wiener,6.08783022122948e-05,6.210742845517055e-05,5.520162790886793e-07,0.76614,0.0020785682202388977,50000,1.0201898902927604
91,3,1.0,fit,1242,sim,clean,wiener,0.00014137555143553952,0.00014619386477380609,8.004781385611306e-07,0.44952,0.0030141292618326284,50000,1.0340816590233672
91,7,1.8,fit,1241,sim,clean,wiener,0.0001427261734478321,0.00014584330544103934,7.954826757638231e-07,0.45084,0.002995319290806029,50000,1.021839946506704
83,21,10.0,fit,1275,sim,clean,wiener,6.317469047013012e-05,6.38761596341299e-05,5.614503835807822e-07,0.75948,0.002114091501936443,50000,1.011103642277938
83,15,5.0,fit,1276,sim,clean,wiener,7.607451339597052e-05,7.795164799521792e-05,6.108261599534026e-07,0.70648,0.0023000115979654664,50000,1.0246749471728707
83,29,40.0,fit,1260,sim,clean,wiener,5.603814593791192e-05,5.6471921605693455e-05,5.282333481706022e-07,0.78736,0.001989015708359967,50000,1.0077407212626581
91,1,0.6,fit,1243,sim,clean,wiener,0.00011293031023177941,0.0001222708460649984,7.831497051848861e-07,0.5396,0.0029488805865909283,50000,1.0827106187351152
83,17,6.0,fit,1276,sim,clean,wiener,7.289524165508127e-05,7.44407431625088e-05,6.004111043356053e-07,0.7197,0.0022607946320185326,50000,1.0212016789071143
91,5,1.4,fit,1243,sim,clean,wiener,0.00014501931665436213,0.00014952948994013184,8.043565999603321e-07,0.43696,0.0030287332634050318,50000,1.031100500194186
83,25,26.0,fit,1261,sim,clean,wiener,6.0548684147271675e-05,6.0699879619061755e-05,5.459288665992923e-07,0.77144,0.0020556466097298486,50000,1.0024970893078755
83,19,8.0,fit,1276,sim,clean,wiener,6.456732006730742e-05,6.63672554987904e-05,5.723930862426387e-07,0.7501,0.002155295275915733,50000,1.0278768799697224
83,27,30.0,fit,1261,sim,clean,wiener,5.959490420795675e-05,5.9897842357731825e-05,5.428291237280648e-07,0.77446,0.0020439748035402158,50000,1.00508328948257
91,3,1.0,fit,1243,sim,clean,wiener,0.00014137555143553952,0.00014652848959144705,8.094444454508732e-07,0.44826,0.0030478910932494408,50000,1.036448580419911
83,23,20.0,fit,1263,sim,clean,wiener,6.08783022122948e-05,6.14594248400563e-05,5.444508370912666e-07,0.76858,0.002050081221026042,50000,1.0095456444520252
91,7,1.8,fit,1242,sim,clean,wiener,0.0001427261734478321,0.00014661347367211775,8.083571129746636e-07,0.44794,0.0030437968394828414,50000,1.0272360712151125
83,21,10.0,fit,1276,sim,clean,wiener,6.317469047013012e-05,6.49384606425139e-05,5.63798468067635e-07,0.75548,0.002122933005308166,50000,1.0279189365117305
83,15,5.0,fit,1277,sim,clean,wiener,7.607451339597052e-05,7.750548157169663e-05,6.112560686596294e-07,0.70816,0.0023016303809764356,50000,1.0188100864776863
91,1,0.6,fit,1244,sim,clean,wiener,0.00011293031023177941,0.00012226553455995648,7.752456431740622e-07,0.53962,0.0029191185438236047,50000,1.0826635852590625
83,29,40.0,fit,1261,sim,clean,wiener,5.603814593791192e-05,5.621696936368127e-05,5.289156408564892e-07,0.78832,0.001991584820807389,50000,1.003191101753571
83,17,6.0,fit,1277,sim,clean,wiener,7.289524165508127e-05,7.405300329444863e-05,5.975281967827043e-07,0.72116,0.0022499392999416608,50000,1.0158825406580796
91,5,1.4,fit,1244,sim,clean,wiener,0.00014501931665436213,0.00014860528806283778,8.111392163330864e-07,0.44044,0.0030542726023277057,50000,1.0247275431384248
91,3,1.0,fit,1244,sim,clean,wiener,0.00014137555143553952,0.0001450837602200448,8.094742046477045e-07,0.4537,0.003048003148859278,50000,1.0262294912157852
83,25,26.0,fit,1262,sim,clean,wiener,6.0548684147271675e-05,6.16878195568589e-05,5.504123866164408e-07,0.76772,0.0020725289057335738,50000,1.0188135452591591
83,19,8.0,fit,1277,sim,clean,wiener,6.456732006730742e-05,6.613354927694592e-05,5.677709047064486e-07,0.75098,0.002137890862290177,50000,1.02425730552245
91,7,1.8,fit,1243,sim,clean,wiener,0.0001427261734478321,0.0001465709816317824,8.055341222769979e-07,0.4481,0.0030331671189972697,50000,1.026938353989821
83,27,30.0,fit,1262,sim,clean,wiener,5.959490420795675e-05,6.107168497199617e-05,5.475720347494646e-07,0.77004,0.0020618338133085103,50000,1.0247803194529215
83,23,20.0,fit,1264,sim,clean,wiener,6.08783022122948e-05,6.0492730922426875e-05,5.449452816172796e-07,0.77222,0.0020519430079286648,50000,0.99366652360765
83,21,10.0,fit,1277,sim,clean,wiener,6.317469047013012e-05,6.435950659294463e-05,5.595932171629053e-07,0.75766,0.0021070985069069005,50000,1.0187546011543138
91,1,0.6,fit,1245,sim,clean,wiener,0.00011293031023177941,0.00012384836306244862,7.953811118098912e-07,0.53366,0.0029949368607673477,50000,1.0966795611227922
83,15,5.0,fit,1278,sim,clean,wiener,7.607451339597052e-05,7.705931514817535e-05,6.09133395288054e-07,0.70984,0.0022936376431184364,50000,1.0129452257825022
91,5,1.4,fit,1245,sim,clean,wiener,0.00014501931665436213,0.00014865840311325697,7.928978978458772e-07,0.44024,0.002985586539363468,50000,1.0250938050381813
83,29,40.0,fit,1262,sim,clean,wiener,5.603814593791192e-05,5.7507665088867826e-05,5.316338993169352e-07,0.78346,0.0020018201813652445,50000,1.0262235505183215
83,17,6.0,fit,1278,sim,clean,wiener,7.289524165508127e-05,7.372368998184958e-05,5.970822068633127e-07,0.7224,0.0022482599645522686,50000,1.0113649163917762
91,3,1.0,fit,1245,sim,clean,wiener,0.00014137555143553952,0.00014521123634105089,8.072946066356771e-07,0.45322,0.003039796066328713,50000,1.0271311755573258
91,7,1.8,fit,1244,sim,clean,wiener,0.0001427261734478321,0.00014577425587549437,7.952571207852581e-07,0.4511,0.0029944699835878874,50000,1.0213561560156055
83,19,8.0,fit,1278,sim,clean,wiener,6.456732006730742e-05,6.613886078198785e-05,5.701157530957344e-07,0.75096,0.0021467201804242263,50000,1.02433956857807
83,25,26.0,fit,1263,sim,clean,wiener,6.0548684147271675e-05,6.085922477031936e-05,5.420800106978361e-07,0.77084,0.002041154085027039,50000,1.005128775751631
83,27,30.0,fit,1263,sim,clean,wiener,5.959490420795675e-05,6.004656449890559e-05,5.395831504642732e-07,0.7739,0.0020317523798084355,50000,1.0075788407910309
83,23,20.0,fit,1265,sim,clean,wiener,6.08783022122948e-05,6.10026354064512e-05,5.464902691867887e-07,0.7703,0.002057760521259879,50000,1.0020423236134743
91,1,0.6,fit,1246,sim,clean,wiener,0.00011293031023177941,0.00012354029577001728,7.920520681167159e-07,0.53482,0.0029824016427193504,50000,1.093951619511731
83,21,10.0,fit,1278,sim,clean,wiener,6.317469047013012e-05,6.483223054167552e-05,5.622709425082534e-07,0.75588,0.0021171812436235737,50000,1.0262374070883515
91,5,1.4,fit,1246,sim,clean,wiener,0.00014501931665436213,0.00014980037669726977,7.963450549927664e-07,0.43594,0.002998566503120193,50000,1.0329684358829436
83,15,5.0,fit,1279,sim,clean,wiener,7.607451339597052e-05,7.715492223892992e-05,6.122939315127695e-07,0.70948,0.0023055383612756125,50000,1.0142019816457561
83,29,40.0,fit,1263,sim,clean,wiener,5.603814593791192e-05,5.653034816115457e-05,5.276696913359101e-07,0.78714,0.0019868933086625417,50000,1.008783342400157
83,17,6.0,fit,1279,sim,clean,wiener,7.289524165508127e-05,7.376087051714303e-05,5.992873960741323e-07,0.72226,0.0022565634084666226,50000,1.0118749707444235
91,3,1.0,fit,1246,sim,clean,wiener,0.00014137555143553952,0.00014658691614690816,7.939281014440858e-07,0.44804,0.0029894656794191695,50000,1.0368618524097837
91,7,1.8,fit,1245,sim,clean,wiener,0.0001427261734478321,0.0001460929461780096,7.957752823519939e-07,0.4499,0.0029964210748987165,50000,1.0235890352052917
83,19,8.0,fit,1279,sim,clean,wiener,6.456732006730742e-05,6.531026599544832e-05,5.655278138588425e-07,0.75408,0.002129444703132263,50000,1.0115065319013772
83,23,20.0,fit,1266,sim,clean,wiener,6.08783022122948e-05,6.141162129467903e-05,5.473836775547149e-07,0.76876,0.002061124571038144,50000,1.0087604132014794
83,27,30.0,fit,1264,sim,clean,wiener,5.959490420795675e-05,5.938793787370753e-05,5.389949027334226e-07,0.77638,0.0020295373852778536,50000,0.9965271135678478
83,25,26.0,fit,1264,sim,clean,wiener,6.0548684147271675e-05,6.012623707453441e-05,5.440929935242532e-07,0.7736,0.002048733792889613,50000,0.9930230181103563
91,1,0.6,fit,1247,sim,clean,wiener,0.00011293031023177941,0.00012320567095237632,7.83656276024e-07,0.53608,0.002950788034047406,50000,1.0909885105204054
91,5,1.4,fit,1247,sim,clean,wiener,0.00014501931665436213,0.00014979506519222782,7.991817247258977e-07,0.43596,0.0030092477307976347,50000,1.0329318096929678
83,21,10.0,fit,1279,sim,clean,wiener,6.317469047013012e-05,6.369556846270465e-05,5.606317205022759e-07,0.76016,0.002111008898900034,50000,1.0082450422581937
83,15,5.0,fit,1280,sim,clean,wiener,7.607451339597052e-05,7.57420618977792e-05,6.043574153015486e-07,0.7148,0.0022756541151021325,50000,0.9956299227776734
83,29,40.0,fit,1264,sim,clean,wiener,5.603814593791192e-05,5.602575518217217e-05,5.264115459408885e-07,0.78904,0.0019821558740367932,50000,0.9997788871217566
83,17,6.0,fit,1280,sim,clean,wiener,7.289524165508127e-05,7.27941765995136e-05,5.927806097864387e-07,0.7259,0.0022320626832057406,50000,0.9986135575755977
91,3,1.0,fit,1247,sim,clean,wiener,0.00014137555143553952,0.00014594953554187778,8.057507671197516e-07,0.45044,0.0030339828758911965,50000,1.0323534307020814
91,7,1.8,fit,1246,sim,clean,wiener,0.0001427261734478321,0.000146597539156992,8.03371945284245e-07,0.448,0.003025025633765915,50000,1.0271244272556281
83,19,8.0,fit,1280,sim,clean,wiener,6.456732006730742e-05,6.455603227949567e-05,5.627732068369293e-07,0.75692,0.00211907247529788,50000,0.9998251780033617
83,23,20.0,fit,1267,sim,clean,wiener,6.08783022122948e-05,6.167719654677504e-05,5.450076239222672e-07,0.76776,0.002052177752335365,50000,1.0131228090378464
91,5,1.4,fit,1248,sim,clean,wiener,0.00014501931665436213,0.0001490939465266944,7.969172334655387e-07,0.4386,0.003000720990288167,50000,1.0280971526161835
83,27,30.0,fit,1265,sim,clean,wiener,5.959490420795675e-05,5.9552594530007035e-05,5.404729980774497e-07,0.77576,0.00203510302188127,50000,0.9992900453736434
83,21,10.0,fit,1280,sim,clean,wiener,6.317469047013012e-05,6.315910645347072e-05,5.568905740602153e-07,0.76218,0.0020969219445903446,50000,0.9997533186701285
91,1,0.6,fit,1248,sim,clean,wiener,0.00011293031023177941,0.00012237176466079486,7.810840729472017e-07,0.53922,0.002941102632051182,50000,1.083604254780118
83,25,26.0,fit,1265,sim,clean,wiener,6.0548684147271675e-05,6.058833801318144e-05,5.459219894931203e-07,0.77186,0.002055620714597988,50000,1.0006549087972467
83,15,5.0,fit,1281,sim,clean,wiener,7.607451339597052e-05,7.788259842967295e-05,6.134748026152568e-07,0.70674,0.002309984826423127,50000,1.0237672901605204
83,17,6.0,fit,1281,sim,clean,wiener,7.289524165508127e-05,7.440356262721535e-05,6.024119602836716e-07,0.71984,0.002268328677198853,50000,1.020691624554467
91,7,1.8,fit,1247,sim,clean,wiener,0.0001427261734478321,0.0001465231780864051,8.135004704348967e-07,0.44828,0.0030631636947136666,50000,1.026603422111368
91,3,1.0,fit,1248,sim,clean,wiener,0.00014137555143553952,0.00014623635681414144,7.975114636015258e-07,0.44936,0.003002958511033407,50000,1.0343822204705473
83,29,40.0,fit,1265,sim,clean,wiener,5.603814593791192e-05,5.6471921605693455e-05,5.307630920692731e-07,0.78736,0.001998541234095913,50000,1.0077407212626581
83,19,8.0,fit,1281,sim,clean,wiener,6.456732006730742e-05,6.603263068114943e-05,5.694966143164453e-07,0.75136,0.00214438886839721,50000,1.0226943074656731
91,5,1.4,fit,1249,sim,clean,wiener,0.00014501931665436213,0.00014884430578972414,8.035351277062498e-07,0.43954,0.0030256400826677494,50000,1.0263757216873284
83,23,20.0,fit,1268,sim,clean,wiener,6.08783022122948e-05,6.200119835433216e-05,5.49583322391522e-07,0.76654,0.002069407138105093,50000,1.018444931958214
83,21,10.0,fit,1281,sim,clean,wiener,6.317469047013012e-05,6.468350840050176e-05,5.631832956605974e-07,0.75644,0.002120616628303221,50000,1.0238832658956205
91,1,0.6,fit,1249,sim,clean,wiener,0.00011293031023177941,0.00012133070967257856,7.793848492870945e-07,0.54314,0.0029347043564336445,50000,1.0743856934737723
83,27,30.0,fit,1266,sim,clean,wiener,5.959490420795675e-05,6.021122115520513e-05,5.435370671121188e-07,0.77328,0.0020466405014110327,50000,1.010341772596827
83,15,5.0,fit,1282,sim,clean,wiener,7.607451339597052e-05,7.711774170363647e-05,6.082099131868983e-07,0.70962,0.0022901603533714916,50000,1.0137132432544906
83,25,26.0,fit,1266,sim,clean,wiener,6.0548684147271675e-05,6.118322657787648e-05,5.466668608914264e-07,0.76962,0.002058425461623275,50000,1.0104798715206003
91,7,1.8,fit,1248,sim,clean,wiener,0.0001427261734478321,0.0001460982576830515,8.01705772333666e-07,0.44988,0.003018751807656633,50000,1.023626249858453
83,17,6.0,fit,1282,sim,clean,wiener,7.289524165508127e-05,7.355903332555007e-05,5.947130248986351e-07,0.72302,0.0022393390205035315,50000,1.0091061042586247
91,3,1.0,fit,1249,sim,clean,wiener,0.00014137555143553952,0.00014497753011920642,8.093252972747097e-07,0.4541,0.0030474424513853246,50000,1.0254780875978349
83,29,40.0,fit,1266,sim,clean,wiener,5.603814593791192e-05,5.671625083762175e-05,5.279254645728939e-07,0.78644,0.001987856400046115,50000,1.012100773292199
83,19,8.0,fit,1282,sim,clean,wiener,6.456732006730742e-05,6.560239877275393e-05,5.671700850127815e-07,0.75298,0.002135628529151358,50000,1.0160309999604675
91,5,1.4,fit,1250,sim,clean,wiener,0.00014501931665436213,0.00014849374645695742,7.90673680636553e-07,0.44086,0.0029772114472124862,50000,1.0239583931489362
91,1,0.6,fit,1250,sim,clean,wiener,0.00011293031023177941,0.00012339157362884352,7.892058009119445e-07,0.53538,0.00297168427661574,50000,1.0926346821822528
83,21,10.0,fit,1282,sim,clean,wiener,6.317469047013012e-05,6.408861983580672e-05,5.586001955741731e-07,0.75868,0.0021033593724021043,50000,1.0144667011246968
83,23,20.0,fit,1269,sim,clean,wiener,6.08783022122948e-05,6.177811514257153e-05,5.482278958583216e-07,0.76738,0.002064303400002605,50000,1.014780519455666
83,15,5.0,fit,1283,sim,clean,wiener,7.607451339597052e-05,7.7415185985984e-05,6.082778021433285e-07,0.7085,0.002290415983201057,50000,1.0176231503846134
83,27,30.0,fit,1267,sim,clean,wiener,5.959490420795675e-05,6.0721125639229425e-05,5.429992250496962e-07,0.77136,0.0020446153049434486,50000,1.0188979485115492
83,25,26.0,fit,1267,sim,clean,wiener,6.0548684147271675e-05,6.148067086022401e-05,5.454735686483983e-07,0.7685,0.002053932225775393,50000,1.015392352882277
91,7,1.8,fit,1249,sim,clean,wiener,0.0001427261734478321,0.00014580612490574594,7.943549329665065e-07,0.45098,0.002991072875568103,50000,1.0215794439345744
91,3,1.0,fit,1250,sim,clean,wiener,0.00014137555143553952,0.0001467781303284173,7.986502261498668e-07,0.44732,0.0030072464201640714,50000,1.0382143789220946
83,17,6.0,fit,1283,sim,clean,wiener,7.289524165508127e-05,7.423890597091584e-05,5.967555945343602e-07,0.72046,0.0022470301348660503,50000,1.0184328124213156
83,29,40.0,fit,1267,sim,clean,wiener,5.603814593791192e-05,5.72102208065203e-05,5.308404126622283e-07,0.78458,0.0019988323779142657,50000,1.0209156610910537
91,5,1.4,fit,1251,sim,clean,wiener,0.00014501931665436213,0.00014926922619307775,8.054539689685351e-07,0.43794,0.0030328653088405244,50000,1.0293058168853797
83,19,8.0,fit,1283,sim,clean,wiener,6.456732006730742e-05,6.594233509543679e-05,5.680919741492225e-07,0.7517,0.002139099820731297,50000,1.0212958355201363
91,1,0.6,fit,1251,sim,clean,wiener,0.00011293031023177941,0.0001229347841952384,7.796487631732578e-07,0.5371,0.0029356981007079334,50000,1.0885898032417134
83,21,10.0,fit,1283,sim,clean,wiener,6.317469047013012e-05,6.435419508790272e-05,5.590051489166501e-07,0.75768,0.0021048841882096046,50000,1.018670524683145
83,23,20.0,fit,1270,sim,clean,wiener,6.08783022122948e-05,6.17250000921523e-05,5.469161870211544e-07,0.76758,0.0020593642769976754,50000,1.013908040288392
91,9,2.0,fit,1234,sim,clean,wiener,0.00014052772242134184,0.00014423923091837952,8.073970625038332e-07,0.45688,0.0030401818547911076,50000,1.0264112193173496
83,25,26.0,fit,1268,sim,clean,wiener,6.0548684147271675e-05,6.162408149635584e-05,5.49237581253475e-07,0.76796,0.0020681052805889342,50000,1.0177608706816565
91,7,1.8,fit,1250,sim,clean,wiener,0.0001427261734478321,0.00014584330544103934,7.938887356735805e-07,0.45084,0.002989317451110264,50000,1.021839946506704
83,27,30.0,fit,1268,sim,clean,wiener,5.959490420795675e-05,6.067332209385216e-05,5.441020971805839e-07,0.77154,0.0020487680718981383,50000,1.0180958070195443
91,3,1.0,fit,1251,sim,clean,wiener,0.00014137555143553952,0.00014595484704691967,8.000176906654151e-07,0.45042,0.003012395486218818,50000,1.0323910008829786
91,11,3.0,fit,1234,sim,clean,wiener,0.0001348637307255221,0.0001386090355739443,7.940586026420082e-07,0.47808,0.0029899570700773442,50000,1.0277710310123687
91,5,1.4,fit,1252,sim,clean,wiener,0.00014501931665436213,0.00015008188646449154,8.078564635844979e-07,0.43488,0.003041911688715914,50000,1.0349096239516526
83,29,40.0,fit,1268,sim,clean,wiener,5.603814593791192e-05,5.7321762412400643e-05,5.300437939767845e-07,0.78416,0.00199583278108001,50000,1.0229061196262794
91,1,0.6,fit,1252,sim,clean,wiener,0.00011293031023177941,0.00012266389743810046,7.947076746272989e-07,0.53812,0.0029924010929302572,50000,1.0861910959630212
91,13,4.0,fit,1234,sim,clean,wiener,0.00013479602787463109,0.00013850811697814784,7.95321174044207e-07,0.47846,0.002994711170439612,50000,1.0275385644669681
91,15,5.0,fit,1234,sim,clean,wiener,0.00013571703675314235,0.00013986786226887935,7.998233835632479e-07,0.47334,0.0030116638401010655,50000,1.0305844101451096
83,23,20.0,fit,1271,sim,clean,wiener,6.08783022122948e-05,6.0938897345948156e-05,5.453950073954074e-07,0.77054,0.0020536364103619803,50000,1.0009953486127463
91,7,1.8,fit,1251,sim,clean,wiener,0.0001427261734478321,0.00014733052685277694,7.996613564375457e-07,0.44524,0.0030110537413647435,50000,1.0322600493919063
91,9,2.0,fit,1235,sim,clean,wiener,0.00014052772242134184,0.00014335220957637887,7.986538416941828e-07,0.46022,0.0030072600341747428,50000,1.0200991456089241
91,3,1.0,fit,1252,sim,clean,wiener,0.00014137555143553952,0.00014707557461076482,8.02361821122513e-07,0.4462,0.0030212221010430433,50000,1.0403183090523558
83,27,30.0,fit,1269,sim,clean,wiener,5.959490420795675e-05,6.0216532660247054e-05,5.422410158857381e-07,0.77326,0.002041760335747433,50000,1.0104308994292721
91,5,1.4,fit,1253,sim,clean,wiener,0.00014501931665436213,0.00014960385101071873,8.021947677576772e-07,0.43668,0.003020593076450137,50000,1.0316132668538451
83,25,26.0,fit,1269,sim,clean,wiener,6.0548684147271675e-05,6.134788323417599e-05,5.473444129149164e-07,0.769,0.0020609767235279237,50000,1.013199280845814
91,11,3.0,fit,1235,sim,clean,wiener,0.0001348637307255221,0.0001380460160395008,7.845941242521297e-07,0.4802,0.0029543194181682075,50000,1.0235963019624257
91,1,0.6,fit,1253,sim,clean,wiener,0.00011293031023177941,0.00012341813115405312,7.830634030960364e-07,0.53528,0.0029485556237483115,50000,1.0928698495625169
91,13,4.0,fit,1235,sim,clean,wiener,0.00013479602787463109,0.00013843906741260286,7.918878034741973e-07,0.47872,0.002981783118812389,50000,1.0270263122394083
83,29,40.0,fit,1269,sim,clean,wiener,5.603814593791192e-05,5.7024318130053125e-05,5.274842932490881e-07,0.78528,0.001986195208649989,50000,1.017598230199012
91,15,5.0,fit,1235,sim,clean,wiener,0.00013571703675314235,0.00014000596139996928,7.954578431445194e-07,0.47282,0.00299522578578586,50000,1.0316019620633783
91,7,1.8,fit,1252,sim,clean,wiener,0.0001427261734478321,0.00014738364190319616,7.937023901879866e-07,0.44504,0.002988615783751867,50000,1.0326321959235207
83,23,20.0,fit,1272,sim,clean,wiener,6.08783022122948e-05,6.093358584090623e-05,5.451421606550269e-07,0.77056,0.0020526843384411782,50000,1.000908100696019
91,3,1.0,fit,1253,sim,clean,wiener,0.00014137555143553952,0.00014641694798556672,8.079858032411266e-07,0.44868,0.0030423987056936177,50000,1.035659606621063
91,9,2.0,fit,1236,sim,clean,wiener,0.00014052772242134184,0.0001437027689091456,7.967223792950028e-07,0.4589,0.002999987284233111,50000,1.0225937376134517
83,27,30.0,fit,1270,sim,clean,wiener,5.959490420795675e-05,6.034400878125311e-05,5.419234111504594e-07,0.77278,0.0020405644233543463,50000,1.0125699434079525
91,5,1.4,fit,1254,sim,clean,wiener,0.00014501931665436213,0.0001502890351611264,7.983368749134549e-07,0.4341,0.003006066523942798,50000,1.0363380453607025
91,11,3.0,fit,1236,sim,clean,wiener,0.0001348637307255221,0.00013883211878570496,7.801330432184775e-07,0.47724,0.0029375216141618327,50000,1.0294251689378178
83,25,26.0,fit,1270,sim,clean,wiener,6.0548684147271675e-05,6.119916109300223e-05,5.453868899790071e-07,0.76956,0.0020536058449522284,50000,1.0107430401649755
91,1,0.6,fit,1254,sim,clean,wiener,0.00011293031023177941,0.0001238058710221133,7.791580087371762e-07,0.53382,0.002933850208510869,50000,1.0963032933143702
91,13,4.0,fit,1236,sim,clean,wiener,0.00013479602787463109,0.00013917205510838784,7.91338441054566e-07,0.47596,0.0029797145434639874,50000,1.0324640666550406
83,29,40.0,fit,1270,sim,clean,wiener,5.603814593791192e-05,5.684372695862784e-05,5.281450710025295e-07,0.78596,0.0019886833085321367,50000,1.0143755830467422
91,15,5.0,fit,1236,sim,clean,wiener,0.00013571703675314235,0.00013995284634955009,7.90191417535032e-07,0.47302,0.0029753955283807624,50000,1.0312105959409674
91,7,1.8,fit,1253,sim,clean,wiener,0.0001427261734478321,0.00014700652504521982,7.98258565850425e-07,0.44646,0.0030057716581282615,50000,1.0299899555490586
91,3,1.0,fit,1254,sim,clean,wiener,0.00014137555143553952,0.00014679937634858492,7.922720686348962e-07,0.44724,0.0029832300351107497,50000,1.0383646596456844
91,5,1.4,fit,1255,sim,clean,wiener,0.00014501931665436213,0.00014956667047542527,8.055505980075384e-07,0.43682,0.0030332291568957955,50000,1.0313568835240154
91,9,2.0,fit,1237,sim,clean,wiener,0.00014052772242134184,0.00014477569292761344,7.974915236353299e-07,0.45486,0.003002883428863519,50000,1.0302287010212474
83,23,20.0,fit,1273,sim,clean,wiener,6.08783022122948e-05,6.0179352124953606e-05,5.444686583334807e-07,0.7734,0.002050148325329148,50000,0.9885188965207372
83,27,30.0,fit,1271,sim,clean,wiener,5.959490420795675e-05,5.956852904513281e-05,5.398036614406232e-07,0.7757,0.002032582694284689,50000,0.9995574258709787
91,11,3.0,fit,1237,sim,clean,wiener,0.0001348637307255221,0.00013847624794789633,7.852356743198126e-07,0.47858,0.0029567351179091267,50000,1.0267864251043635
83,25,26.0,fit,1271,sim,clean,wiener,6.0548684147271675e-05,6.0492730922426875e-05,5.450308246328001e-07,0.77222,0.0020522651125481476,50000,0.9990758969309935
91,1,0.6,fit,1255,sim,clean,wiener,0.00011293031023177941,0.00012273825850868736,7.838841311216357e-07,0.53784,0.0029516460021594094,50000,1.0868495646277603
91,13,4.0,fit,1237,sim,clean,wiener,0.00013479602787463109,0.00013902333296721405,7.948187682613465e-07,0.47652,0.002992819406132149,50000,1.0313607541649124
83,29,40.0,fit,1271,sim,clean,wiener,5.603814593791192e-05,5.645598709056768e-05,5.269774229601484e-07,0.78742,0.0019842866336418157,50000,1.0074563700433399
91,7,1.8,fit,1254,sim,clean,wiener,0.0001427261734478321,0.0001464488170158182,7.912458912818558e-07,0.44856,0.0029793660555232633,50000,1.0260824169671077
91,15,5.0,fit,1237,sim,clean,wiener,0.00013571703675314235,0.00014026622514702334,8.045179976912547e-07,0.47184,0.00302934099221127,50000,1.0335196560631925
91,3,1.0,fit,1255,sim,clean,wiener,0.00014137555143553952,0.00014592828952171008,8.070759060912578e-07,0.45052,0.0030389725688729327,50000,1.0322031499784912
91,5,1.4,fit,1256,sim,clean,wiener,0.00014501931665436213,0.00014971008111155712,8.009531674145882e-07,0.43628,0.003015917940746452,50000,1.0323457906533577
91,9,2.0,fit,1238,sim,clean,wiener,0.00014052772242134184,0.0001443242149990502,7.973232065784897e-07,0.45656,0.003002249645950722,50000,1.0270159688942044
83,23,20.0,fit,1274,sim,clean,wiener,6.08783022122948e-05,6.0853913265277443e-05,5.443701776185475e-07,0.77086,0.0020497775049527914,50000,0.999599381945109
83,27,30.0,fit,1272,sim,clean,wiener,5.959490420795675e-05,5.9738497206474245e-05,5.393410538954996e-07,0.77506,0.002030840786703043,50000,1.0024094845092195
91,11,3.0,fit,1238,sim,clean,wiener,0.0001348637307255221,0.00013853998600839935,7.838370460343253e-07,0.47834,0.002951468707449384,50000,1.0272590359402058
91,1,0.6,fit,1256,sim,clean,wiener,0.00011293031023177941,0.00012348186921455617,7.805423842185218e-07,0.53504,0.002939062951303805,50000,1.0934342512751503
83,25,26.0,fit,1272,sim,clean,wiener,6.0548684147271675e-05,6.059896102326529e-05,5.437979604965646e-07,0.77182,0.002047622872254651,50000,1.000830354560164
91,13,4.0,fit,1238,sim,clean,wiener,0.00013479602787463109,0.00013883743029074688,7.878276581338127e-07,0.47722,0.002966495002512618,50000,1.0299816135522522
91,7,1.8,fit,1255,sim,clean,wiener,0.0001427261734478321,0.0001471764932065613,7.976439721616379e-07,0.44582,0.0030034574602354363,50000,1.0311808244502247
91,5,1.4,fit,1257,sim,clean,wiener,0.00014501931665436213,0.00014959853950567681,7.911435115282865e-07,0.4367,0.0029789805536635785,50000,1.0315766406638693
91,3,1.0,fit,1256,sim,clean,wiener,0.00014137555143553952,0.00014676750731833343,8.059488918494306e-07,0.44736,0.0030347288969459272,50000,1.0381392385602994
83,29,40.0,fit,1272,sim,clean,wiener,5.603814593791192e-05,5.6328510969561584e-05,5.265843315477735e-07,0.7879,0.001982806482877494,50000,1.0051815602887963
91,15,5.0,fit,1238,sim,clean,wiener,0.00013571703675314235,0.0001404308818033229,7.995733929532357e-07,0.47122,0.0030107225226852327,50000,1.0347328910426672
91,9,2.0,fit,1239,sim,clean,wiener,0.00014052772242134184,0.00014324597947554046,7.94857805781782e-07,0.46062,0.0029929663984446008,50000,1.019343208637855
83,27,30.0,fit,1273,sim,clean,wiener,5.959490420795675e-05,5.9138297136737275e-05,5.383447627012015e-07,0.77732,0.002027089340789182,50000,0.9923381524429313
91,1,0.6,fit,1257,sim,clean,wiener,0.00011293031023177941,0.0001231206868717056,7.813926697097827e-07,0.5364,0.002942264625723956,50000,1.0902359749035608
83,23,20.0,fit,1275,sim,clean,wiener,6.08783022122948e-05,6.150191688039169e-05,5.474810288621944e-07,0.76842,0.0020614911387311467,50000,1.0102436277858442
91,11,3.0,fit,1239,sim,clean,wiener,0.0001348637307255221,0.0001377273257369856,7.890392369040017e-07,0.4814,0.0029710570946527063,50000,1.0212332477832127
83,25,26.0,fit,1273,sim,clean,wiener,6.0548684147271675e-05,6.0030629983779844e-05,5.432355348693741e-07,0.77396,0.002045505108559609,50000,0.9914440062441031
91,5,1.4,fit,1258,sim,clean,wiener,0.00014501931665436213,0.0001494710633846707,8.088796651139373e-07,0.43718,0.003045764463104205,50000,1.0306976121044538
91,7,1.8,fit,1256,sim,clean,wiener,0.0001427261734478321,0.00014730396932756735,7.961382335710685e-07,0.44534,0.002997787735444871,50000,1.032073976126099
91,3,1.0,fit,1257,sim,clean,wiener,0.00014137555143553952,0.00014664534270236927,7.980301882192898e-07,0.44782,0.003004911722462823,50000,1.0372751243996563
91,13,4.0,fit,1239,sim,clean,wiener,0.00013479602787463109,0.00013883743029074688,7.91783725893951e-07,0.47722,0.002981391223937302,50000,1.0299816135522522
91,15,5.0,fit,1239,sim,clean,wiener,0.00013571703675314235,0.00014051055437895168,8.01655023553048e-07,0.47092,0.003018560717635189,50000,1.0353199402262836
83,29,40.0,fit,1273,sim,clean,wiener,5.603814593791192e-05,5.5754868425034244e-05,5.244319425200105e-07,0.79006,0.00197470185335808,50000,0.9949449163933521
91,9,2.0,fit,1240,sim,clean,wiener,0.00014052772242134184,0.00014504657968475134,8.028685591654439e-07,0.45384,0.003023130178090628,50000,1.032156340297473
91,1,0.6,fit,1258,sim,clean,wiener,0.00011293031023177941,0.00012374213296161024,7.980680145052989e-07,0.53406,0.0030050541539797305,50000,1.0957388916017368
83,23,20.0,fit,1276,sim,clean,wiener,6.08783022122948e-05,6.191090276861951e-05,5.500617427139318e-07,0.76688,0.002071208587293728,50000,1.016961717373849
91,11,3.0,fit,1240,sim,clean,wiener,0.0001348637307255221,0.00013947481089577726,7.836969612692378e-07,0.47482,0.0029509412307211044,50000,1.0341906615325638
83,27,30.0,fit,1274,sim,clean,wiener,5.959490420795675e-05,5.954728302496511e-05,5.39456239295358e-07,0.77578,0.002031274507085305,50000,0.9992009185411983
83,25,26.0,fit,1274,sim,clean,wiener,6.0548684147271675e-05,6.0290893730833915e-05,5.431803841729197e-07,0.77298,0.002045297443515449,50000,0.9957424274355701
91,5,1.4,fit,1259,sim,clean,wiener,0.00014501931665436213,0.00014895053589056257,7.960844616633667e-07,0.43914,0.0029975852621071733,50000,1.0271082454868414
91,7,1.8,fit,1257,sim,clean,wiener,0.0001427261734478321,0.00014701714805530366,8.026085129891523e-07,0.44642,0.0030221509973339905,50000,1.0300643848553814
91,3,1.0,fit,1258,sim,clean,wiener,0.00014137555143553952,0.0001464753745410278,8.071816247783651e-07,0.44846,0.003039370643189997,50000,1.0360728786109354
91,13,4.0,fit,1240,sim,clean,wiener,0.00013479602787463109,0.00013979350119829248,7.914189022063072e-07,0.47362,0.002980017512777228,50000,1.0370743367030768
91,15,5.0,fit,1240,sim,clean,wiener,0.00013571703675314235,0.00014108419692347902,7.947940605835372e-07,0.46876,0.002992726371568069,50000,1.0395466943483234
83,29,40.0,fit,1274,sim,clean,wiener,5.603814593791192e-05,5.605231270738176e-05,5.252583321818976e-07,0.78894,0.0019778135501572545,50000,1.0002528058206197
91,9,2.0,fit,1241,sim,clean,wiener,0.00014052772242134184,0.00014393647513099008,7.926433100443067e-07,0.45802,0.0029846279116315494,50000,1.0242567989498033
91,1,0.6,fit,1259,sim,clean,wiener,0.00011293031023177941,0.0001231206868717056,7.863097999554288e-07,0.5364,0.0029607796424916655,50000,1.0902359749035608
91,11,3.0,fit,1241,sim,clean,wiener,0.0001348637307255221,0.00013864090460419585,7.832687340989281e-07,0.47796,0.0029493287793841295,50000,1.0280073364302902
91,5,1.4,fit,1260,sim,clean,wiener,0.00014501931665436213,0.00014867964913342464,8.024240890102297e-07,0.44016,0.0030214565652381263,50000,1.0252403097980838
83,27,30.0,fit,1275,sim,clean,wiener,5.959490420795675e-05,6.0354631791336965e-05,5.443583434648018e-07,0.77274,0.002049732944499013,50000,1.0127481970728427
83,23,20.0,fit,1277,sim,clean,wiener,6.08783022122948e-05,6.178342664761343e-05,5.475283945316737e-07,0.76736,0.002061669489948384,50000,1.014867767372393
91,7,1.8,fit,1258,sim,clean,wiener,0.0001427261734478321,0.00014523779386626048,7.911523591284124e-07,0.45312,0.00297901386851523,50000,1.0175974760463007
83,25,26.0,fit,1275,sim,clean,wiener,6.0548684147271675e-05,6.135319473921792e-05,5.469193514698993e-07,0.76898,0.0020593761924480795,50000,1.0132870037272725
91,3,1.0,fit,1259,sim,clean,wiener,0.00014137555143553952,0.0001451634327956736,7.964343603709519e-07,0.4534,0.0029989027745817866,50000,1.026793043929248
91,13,4.0,fit,1241,sim,clean,wiener,0.00013479602787463109,0.00013909238253275903,7.892688014098659e-07,0.47626,0.002971921499389414,50000,1.031873006392472
91,15,5.0,fit,1241,sim,clean,wiener,0.00013571703675314235,0.00014011219150080766,7.899225987845996e-07,0.47242,0.0029743833152761495,50000,1.0323846943082005
83,29,40.0,fit,1275,sim,clean,wiener,5.603814593791192e-05,5.6992449099801604e-05,5.303477588013842e-07,0.7854,0.0019969773336021325,50000,1.017029527760376
91,9,2.0,fit,1242,sim,clean,wiener,0.00014052772242134184,0.00014485005399820033,8.071512263252452e-07,0.45458,0.00303925618051744,50000,1.0307578569009959
91,1,0.6,fit,1260,sim,clean,wiener,0.00011293031023177941,0.00012345000018430463,7.843651534966189e-07,0.53516,0.002953457249145666,50000,1.0931520504188335
91,5,1.4,fit,1261,sim,clean,wiener,0.00014501931665436213,0.00014872745267880191,7.91325412986673e-07,0.43998,0.002979665487432636,50000,1.0255699455078644
91,11,3.0,fit,1242,sim,clean,wiener,0.0001348637307255221,0.00013937920380502274,8.073638304709149e-07,0.47518,0.0030400567225257477,50000,1.0334817452788003
91,7,1.8,fit,1259,sim,clean,wiener,0.0001427261734478321,0.00014645412852086018,8.006496798190954e-07,0.44854,0.0030147751851881026,50000,1.0261196316202694
83,27,30.0,fit,1276,sim,clean,wiener,5.959490420795675e-05,6.063614155855871e-05,5.453282690732325e-07,0.77168,0.0020533851131434022,50000,1.0174719191924289
91,3,1.0,fit,1260,sim,clean,wiener,0.00014137555143553952,0.00014566802577465598,8.060261169430582e-07,0.4515,0.0030350196811700526,50000,1.0303622111145125
83,23,20.0,fit,1278,sim,clean,wiener,6.08783022122948e-05,6.20914939400448e-05,5.507007280148214e-07,0.7662,0.002073614629633315,50000,1.0199281465425787
83,25,26.0,fit,1276,sim,clean,wiener,6.0548684147271675e-05,6.15603434358528e-05,5.495008622018555e-07,0.7682,0.0020690966415922757,50000,1.0167081961041544
91,13,4.0,fit,1242,sim,clean,wiener,0.00013479602787463109,0.0001398519277537536,8.061082875651896e-07,0.4734,0.0030353290873420618,50000,1.0375077808956272
91,15,5.0,fit,1242,sim,clean,wiener,0.00013571703675314235,0.00014150911732683263,8.130382841358585e-07,0.46716,0.0030614233732967028,50000,1.042677623327612
91,1,0.6,fit,1261,sim,clean,wiener,0.00011293031023177941,0.00012297196473053183,7.80297485404955e-07,0.53696,0.002938140806594786,50000,1.0889190375740827
91,9,2.0,fit,1243,sim,clean,wiener,0.00014052772242134184,0.0001443242149990502,8.005411308990738e-07,0.45656,0.00301436645388063,50000,1.0270159688942044
83,29,40.0,fit,1276,sim,clean,wiener,5.603814593791192e-05,5.7045564150220795e-05,5.308981922027652e-07,0.7852,0.0019990499416370935,50000,1.0179773651581023
91,5,1.4,fit,1262,sim,clean,wiener,0.00014501931665436213,0.00014901958545610752,8.018000927684536e-07,0.43888,0.0030191069628679834,50000,1.0275843859565246
91,7,1.8,fit,1260,sim,clean,wiener,0.0001427261734478321,0.0001464700630359859,8.094407680721584e-07,0.44848,0.0030478772464068386,50000,1.0262312755797536
91,11,3.0,fit,1243,sim,clean,wiener,0.0001348637307255221,0.00013901802146217216,7.862896236189772e-07,0.47654,0.002960703670290595,50000,1.0308036172090254
91,3,1.0,fit,1261,sim,clean,wiener,0.00014137555143553952,0.00014640632497548288,8.023343362121392e-07,0.44872,0.0030211186090566594,50000,1.035584466259268
83,27,30.0,fit,1277,sim,clean,wiener,5.959490420795675e-05,6.0460861892175354e-05,5.433376282162536e-07,0.77234,0.0020458895319803677,50000,1.014530733721743
83,23,20.0,fit,1279,sim,clean,wiener,6.08783022122948e-05,6.121509560812801e-05,5.468199029521139e-07,0.7695,0.0020590017278961288,50000,1.0055322402825682
91,15,5.0,fit,1243,sim,clean,wiener,0.00013571703675314235,0.00014075488361088,8.013684202554313e-07,0.47,0.0030174815383993427,50000,1.0371202243893747
91,13,4.0,fit,1243,sim,clean,wiener,0.00013479602787463109,0.00013977225517812478,7.987125938819809e-07,0.4737,0.0030074812603143562,50000,1.0369167206330583
83,25,26.0,fit,1277,sim,clean,wiener,6.0548684147271675e-05,6.144880182997248e-05,5.464298311354364e-07,0.76862,0.0020575329471509388,50000,1.0148660155935256
91,1,0.6,fit,1262,sim,clean,wiener,0.00011293031023177941,0.00012297727623557377,7.775442466753567e-07,0.53694,0.002927773730943463,50000,1.0889660710501359
91,9,2.0,fit,1244,sim,clean,wiener,0.00014052772242134184,0.00014376119546460672,7.953648828702057e-07,0.45868,0.0029948757521378448,50000,1.0230095029475395
91,5,1.4,fit,1263,sim,clean,wiener,0.00014501931665436213,0.00014934889876870653,8.111820051939736e-07,0.43764,0.003054433719979104,50000,1.029855209735014
83,29,40.0,fit,1277,sim,clean,wiener,5.603814593791192e-05,5.689684200904703e-05,5.30275567426726e-07,0.78576,0.0019967055033992486,50000,1.0153234204444685
91,7,1.8,fit,1261,sim,clean,wiener,0.0001427261734478321,0.0001460185851074227,7.880272176417339e-07,0.45018,0.0029672464260972566,50000,1.0230680300610315
91,11,3.0,fit,1244,sim,clean,wiener,0.0001348637307255221,0.00013831690279663872,7.933167403001993e-07,0.47918,0.0029871636533867684,50000,1.025604898014757
91,3,1.0,fit,1262,sim,clean,wiener,0.00014137555143553952,0.0001453493354721408,7.984196568525947e-07,0.4527,0.003006378231974651,50000,1.0281080002606613
91,15,5.0,fit,1244,sim,clean,wiener,0.00013571703675314235,0.00013988379678400514,8.068189713677178e-07,0.47328,0.0030380051040149983,50000,1.030701819981833
83,23,20.0,fit,1280,sim,clean,wiener,6.08783022122948e-05,6.0885782295528965e-05,5.472143597394117e-07,0.77074,0.00206048701985833,50000,1.0001228694454731
83,27,30.0,fit,1278,sim,clean,wiener,5.959490420795675e-05,6.0960143366115826e-05,5.444382778015557e-07,0.77046,0.0020500339301372573,50000,1.0229086559715754
91,13,4.0,fit,1244,sim,clean,wiener,0.00013479602787463109,0.0001386621506243635,8.01891165309449e-07,0.47788,0.003019449888424023,50000,1.0286812809746007
83,25,26.0,fit,1278,sim,clean,wiener,6.0548684147271675e-05,6.1613458486272e-05,5.495504024488858e-07,0.768,0.0020692831809879433,50000,1.0175854249187397
91,1,0.6,fit,1263,sim,clean,wiener,0.00011293031023177941,0.00012339157362884352,7.869721909596041e-07,0.53538,0.002963273816926021,50000,1.0926346821822528
91,5,1.4,fit,1264,sim,clean,wiener,0.00014501931665436213,0.00014969945810147328,8.01368975398974e-07,0.43632,0.003017483628742996,50000,1.0322725382734064
91,9,2.0,fit,1245,sim,clean,wiener,0.00014052772242134184,0.0001437824414847744,7.952097961169976e-07,0.4586,0.0029942917867570944,50000,1.0231606903417532
83,29,40.0,fit,1278,sim,clean,wiener,5.603814593791192e-05,5.7390811977945585e-05,5.331373361577393e-07,0.7839,0.0020074812391217126,50000,1.0241383082433235
91,7,1.8,fit,1262,sim,clean,wiener,0.0001427261734478321,0.0001469162294595072,7.912411597179747e-07,0.4468,0.002979348239240143,50000,1.0293573064453143
91,3,1.0,fit,1263,sim,clean,wiener,0.00014137555143553952,0.0001461513727334707,8.02310495379366e-07,0.44968,0.0030210288385204933,50000,1.033781097576187
91,11,3.0,fit,1245,sim,clean,wiener,0.0001348637307255221,0.00013813100012017153,7.917680667414789e-07,0.47988,0.0029813322607908925,50000,1.0242264497435494
91,15,5.0,fit,1245,sim,clean,wiener,0.00013571703675314235,0.0001402556021369395,8.027085443988667e-07,0.47188,0.003022527656713676,50000,1.0334413828387103
83,27,30.0,fit,1279,sim,clean,wiener,5.959490420795675e-05,5.988721934764801e-05,5.415738437726522e-07,0.7745,0.002039248158472554,50000,1.0049050358176803
83,23,20.0,fit,1281,sim,clean,wiener,6.08783022122948e-05,6.245267628289537e-05,5.526334698164041e-07,0.76484,0.0020808921970509454,50000,1.0258610048800378
91,13,4.0,fit,1245,sim,clean,wiener,0.00013479602787463109,0.00013915080908822016,7.921778259075389e-07,0.47604,0.002982875172499819,50000,1.0323064505850224
91,5,1.4,fit,1265,sim,clean,wiener,0.00014501931665436213,0.0001487540102040115,8.06070760944909e-07,0.43988,0.0030351877841898124,50000,1.0257530764577427
91,1,0.6,fit,1264,sim,clean,wiener,0.00011293031023177941,0.00012321098245741824,7.965614646684634e-07,0.53606,0.002999381374513476,50000,1.0910355439964583
83,25,26.0,fit,1279,sim,clean,wiener,6.0548684147271675e-05,6.0790175204774394e-05,5.458865900487189e-07,0.7711,0.002055487421137389,50000,1.0039883782926702
91,9,2.0,fit,1246,sim,clean,wiener,0.00014052772242134184,0.00014487661152340993,8.064138662752761e-07,0.45448,0.003036479716806497,50000,1.030946841143763
91,7,1.8,fit,1263,sim,clean,wiener,0.0001427261734478321,0.00014623635681414144,7.966373654399082e-07,0.44936,0.002999667172120165,50000,1.0245938308406506
83,29,40.0,fit,1279,sim,clean,wiener,5.603814593791192e-05,5.634975698972929e-05,5.269564307233868e-07,0.78782,0.001984207589240668,50000,1.0055606952478873
91,3,1.0,fit,1264,sim,clean,wiener,0.00014137555143553952,0.00014624697982422528,8.015488113786006e-07,0.44932,0.003018160785135421,50000,1.0344573608323424
91,11,3.0,fit,1246,sim,clean,wiener,0.0001348637307255221,0.00013963415604703488,7.873057459120011e-07,0.47422,0.002964529788443564,50000,1.0353721886221705
91,15,5.0,fit,1246,sim,clean,wiener,0.00013571703675314235,0.00014058491544953857,7.898901243340905e-07,0.47064,0.002974261035619996,50000,1.0358678527976592
91,13,4.0,fit,1246,sim,clean,wiener,0.00013479602787463109,0.0001394535648756096,7.849101805662823e-07,0.4749,0.0029555095001192106,50000,1.0345524795827836
83,23,20.0,fit,1282,sim,clean,wiener,6.08783022122948e-05,6.188965674845185e-05,5.454939447351595e-07,0.76696,0.0020540089501184947,50000,1.01661272570694
83,27,30.0,fit,1280,sim,clean,wiener,5.959490420795675e-05,5.954197151992318e-05,5.402314660540105e-07,0.7758,0.0020341935545211414,50000,0.9991117917087532
91,5,1.4,fit,1266,sim,clean,wiener,0.00014501931665436213,0.00014968352358634752,8.096065850108085e-07,0.43638,0.003048501615346871,50000,1.0321626597034794
91,1,0.6,fit,1265,sim,clean,wiener,0.00011293031023177941,0.00012271701248851968,7.838228730602075e-07,0.53792,0.002951415340375434,50000,1.0866614307235491
91,9,2.0,fit,1247,sim,clean,wiener,0.00014052772242134184,0.00014451542918055934,7.967611751911429e-07,0.45584,0.0030001333667307602,50000,1.0283766554421285
83,25,26.0,fit,1280,sim,clean,wiener,6.0548684147271675e-05,6.055115747788799e-05,5.454908181956551e-07,0.772,0.0020539971774119654,50000,1.0000408486270371
91,7,1.8,fit,1264,sim,clean,wiener,0.0001427261734478321,0.0001466825232376627,7.980331674170562e-07,0.44768,0.003004922940367138,50000,1.027719861706211
91,3,1.0,fit,1265,sim,clean,wiener,0.00014137555143553952,0.00014559897620911106,7.919696989650172e-07,0.45176,0.0029820914890019063,50000,1.029873798762845
83,29,40.0,fit,1280,sim,clean,wiener,5.603814593791192e-05,5.5914213576291825e-05,5.242580236162245e-07,0.78946,0.001974046977188658,50000,0.9977884285865308
91,11,3.0,fit,1247,sim,clean,wiener,0.0001348637307255221,0.00013886929932099837,7.913496018796965e-07,0.4771,0.0029797565685587297,50000,1.029700858592059
91,15,5.0,fit,1247,sim,clean,wiener,0.00013571703675314235,0.00014068583404533503,7.991602857818743e-07,0.47026,0.0030091670043600085,50000,1.0366114484302402
91,5,1.4,fit,1267,sim,clean,wiener,0.00014501931665436213,0.00014963040853592833,7.915253527318272e-07,0.43658,0.002980418342766769,50000,1.0317963978037232
91,13,4.0,fit,1247,sim,clean,wiener,0.00013479602787463109,0.00013907113651259135,7.923422846388126e-07,0.47634,0.0029834944272307314,50000,1.0317153903224536
91,1,0.6,fit,1266,sim,clean,wiener,0.00011293031023177941,0.00012469289236411392,7.833582252141925e-07,0.53048,0.00294966575022218,50000,1.1041578838151853
83,27,30.0,fit,1281,sim,clean,wiener,5.959490420795675e-05,6.114073453754112e-05,5.46102207213404e-07,0.76978,0.0020562993084009174,50000,1.0259389682747064
83,23,20.0,fit,1283,sim,clean,wiener,6.08783022122948e-05,6.147004785014016e-05,5.460404671201916e-07,0.76854,0.002056066831569115,50000,1.00972014028548
91,7,1.8,fit,1265,sim,clean,wiener,0.0001427261734478321,0.00014623104530909952,7.970739662106925e-07,0.44938,0.003001311153505247,50000,1.024556616187489
91,9,2.0,fit,1248,sim,clean,wiener,0.00014052772242134184,0.00014311319184949248,7.910626595350862e-07,0.46112,0.0029786761126715726,50000,1.0183982874240192
83,25,26.0,fit,1281,sim,clean,wiener,6.0548684147271675e-05,6.207555942491902e-05,5.518362532844952e-07,0.76626,0.002077890349078979,50000,1.02521731560563
91,3,1.0,fit,1266,sim,clean,wiener,0.00014137555143553952,0.00014762797113512447,8.125892070839777e-07,0.44412,0.003059732413584393,50000,1.0442256078656977
91,11,3.0,fit,1248,sim,clean,wiener,0.0001348637307255221,0.00013816818065546493,7.872600505712424e-07,0.47974,0.0029643577267006193,50000,1.0245021393977907
91,15,5.0,fit,1248,sim,clean,wiener,0.00013571703675314235,0.0001394801224008192,8.061813025818362e-07,0.4748,0.0030356040188956246,50000,1.0277274374515086
91,5,1.4,fit,1268,sim,clean,wiener,0.00014501931665436213,0.0001502146740905395,8.038949099355836e-07,0.43438,0.0030269948106647834,50000,1.0358252787010434
83,29,40.0,fit,1281,sim,clean,wiener,5.603814593791192e-05,5.728989338214912e-05,5.313349464222533e-07,0.78428,0.002000694500819627,50000,1.0223374171876436
91,13,4.0,fit,1248,sim,clean,wiener,0.00013479602787463109,0.0001381522461403392,7.941183144356445e-07,0.4798,0.002990181909527425,50000,1.024898495294161
91,1,0.6,fit,1267,sim,clean,wiener,0.00011293031023177941,0.00012244081422633983,7.860843015548882e-07,0.53896,0.002959930548313044,50000,1.0842156899688042
83,27,30.0,fit,1282,sim,clean,wiener,5.959490420795675e-05,6.059896102326529e-05,5.434836673666464e-07,0.77182,0.0020464394294171214,50000,1.016848031365314
91,7,1.8,fit,1266,sim,clean,wiener,0.0001427261734478321,0.00014658160464186624,8.117807316944873e-07,0.44806,0.003056688171385206,50000,1.0270127832961438
91,17,6.0,fit,1234,sim,clean,wiener,0.00013861141673370632,0.0001429379121831091,7.972385859538678e-07,0.46178,0.0030019310145121595,50000,1.031213124801362
91,9,2.0,fit,1249,sim,clean,wiener,0.00014052772242134184,0.00014398959018140927,7.984715308301132e-07,0.45782,0.0030065735588249848,50000,1.0246347674353375
91,3,1.0,fit,1267,sim,clean,wiener,0.00014137555143553952,0.00014562553373432066,7.920264178738383e-07,0.45166,0.0029823050590103064,50000,1.0300616496673325
83,25,26.0,fit,1282,sim,clean,wiener,6.0548684147271675e-05,6.166126203164929e-05,5.454641124881109e-07,0.76782,0.002053896619444559,50000,1.0183749308518664
91,5,1.4,fit,1269,sim,clean,wiener,0.00014501931665436213,0.00014867433762838272,7.872317330844263e-07,0.44018,0.0029642510997216647,50000,1.0252036836081082
91,11,3.0,fit,1249,sim,clean,wiener,0.0001348637307255221,0.00013814693463529726,7.939705273453714e-07,0.47982,0.002989625430378458,50000,1.0243446024525098
91,15,5.0,fit,1249,sim,clean,wiener,0.00013571703675314235,0.00013907644801763327,7.946615955402276e-07,0.47632,0.00299222758622469,50000,1.0247530549211843
91,1,0.6,fit,1268,sim,clean,wiener,0.00011293031023177941,0.00012368901791119105,7.882423553138901e-07,0.53426,0.0029680565078742983,50000,1.0952685568412088
83,29,40.0,fit,1282,sim,clean,wiener,5.603814593791192e-05,5.715710575610111e-05,5.287710512215177e-07,0.78478,0.00199104038139208,50000,1.0199678236933276
91,13,4.0,fit,1249,sim,clean,wiener,0.00013479602787463109,0.0001379132284134528,7.889380978808544e-07,0.4807,0.0029706762646531143,50000,1.023125314506455
91,7,1.8,fit,1267,sim,clean,wiener,0.0001427261734478321,0.00014725085427714815,7.88864764512343e-07,0.44554,0.0029704001343739085,50000,1.0317018295944846
83,27,30.0,fit,1283,sim,clean,wiener,5.959490420795675e-05,6.035994329637889e-05,5.41101316487773e-07,0.77272,0.0020374688989928023,50000,1.0128373239052877
91,17,6.0,fit,1235,sim,clean,wiener,0.00013861141673370632,0.00014319286442512127,8.043538857096048e-07,0.46082,0.003028723043135237,50000,1.0330524555579474
91,3,1.0,fit,1268,sim,clean,wiener,0.00014137555143553952,0.00014716587019647745,8.089085836879726e-07,0.44586,0.0030458733534236416,50000,1.0409570021276136
91,9,2.0,fit,1250,sim,clean,wiener,0.00014052772242134184,0.00014407988576712192,7.905186079702146e-07,0.45748,0.002976627534874591,50000,1.0252773138607463
91,5,1.4,fit,1270,sim,clean,wiener,0.00014501931665436213,0.00014998096786869504,8.147453622546367e-07,0.43526,0.003067851224180041,50000,1.0342137263421154
83,25,26.0,fit,1283,sim,clean,wiener,6.0548684147271675e-05,6.117260356779263e-05,5.459128829478508e-07,0.76966,0.0020555864247114204,50000,1.010304425757683
91,11,3.0,fit,1250,sim,clean,wiener,0.0001348637307255221,0.00013826378774621953,7.906046884189267e-07,0.47938,0.0029769516631509754,50000,1.0252110556515548
91,1,0.6,fit,1269,sim,clean,wiener,0.00011293031023177941,0.0001224620602465075,7.792695499441527e-07,0.53888,0.002934270207008832,50000,1.0844038238730154
91,15,5.0,fit,1250,sim,clean,wiener,0.00013571703675314235,0.00013996346935963392,7.899647440494381e-07,0.47298,0.002974542009523847,50000,1.0312888691654496
83,29,40.0,fit,1283,sim,clean,wiener,5.603814593791192e-05,5.704025264517887e-05,5.315873099136668e-07,0.78522,0.0020016447531094085,50000,1.0178825814183297
91,7,1.8,fit,1268,sim,clean,wiener,0.0001427261734478321,0.0001480422685283942,7.894148600507691e-07,0.44256,0.0029724714702159516,50000,1.0372468129155386
91,13,4.0,fit,1250,sim,clean,wiener,0.00013479602787463109,0.00013864090460419585,7.929534847351594e-07,0.47796,0.00298579584685294,50000,1.0285236649045826
91,3,1.0,fit,1269,sim,clean,wiener,0.00014137555143553952,0.00014603451962254846,8.004141525078422e-07,0.45012,0.0030138883280378436,50000,1.0329545535964413
91,17,6.0,fit,1236,sim,clean,wiener,0.00013861141673370632,0.00014366027686881023,7.990414929881179e-07,0.45906,0.0030087197006567496,50000,1.0364245619450203
91,19,8.0,fit,1234,sim,clean,wiener,0.00014080951951078822,0.00014705432859059712,8.076392066010776e-07,0.44628,0.003041093626860731,50000,1.0443493387485812
91,5,1.4,fit,1271,sim,clean,wiener,0.00014501931665436213,0.00014830253227544833,8.115437112138461e-07,0.44158,0.003055795691838371,50000,1.0226398503098135
91,9,2.0,fit,1251,sim,clean,wiener,0.00014052772242134184,0.0001451687443007155,8.006971818847366e-07,0.45338,0.00301495404999296,50000,1.0330256678142022
91,21,10.0,fit,1234,sim,clean,wiener,0.0001444584926412178,0.00015186655215857663,8.176993212493356e-07,0.42816,0.003078974094143961,50000,1.0512815784099157
91,1,0.6,fit,1270,sim,clean,wiener,0.00011293031023177941,0.00012403957724395776,7.922591118110587e-07,0.53294,0.002983181247342555,50000,1.0983727662606928
91,11,3.0,fit,1251,sim,clean,wiener,0.0001348637307255221,0.0001395651064814899,8.005198165666209e-07,0.47448,0.0030142861966567934,50000,1.0348601935500077
91,15,5.0,fit,1251,sim,clean,wiener,0.00013571703675314235,0.0001415781668923776,8.06936927106398e-07,0.4669,0.0030384492558617883,50000,1.0431863992867465
91,7,1.8,fit,1269,sim,clean,wiener,0.0001427261734478321,0.0001460185851074227,7.952562266307719e-07,0.45018,0.002994466616728667,50000,1.0230680300610315
91,23,20.0,fit,1234,sim,clean,wiener,0.00014667861427861988,0.00015756579706855677,8.370793639614424e-07,0.4067,0.0031519479219353445,50000,1.074224745328289
91,13,4.0,fit,1251,sim,clean,wiener,0.00013479602787463109,0.0001399050428041728,7.993129335928256e-07,0.4732,0.003009741786120532,50000,1.037901821070673
91,3,1.0,fit,1270,sim,clean,wiener,0.00014137555143553952,0.00014727741180235775,8.065381488959663e-07,0.44544,0.0030369476919649852,50000,1.0417459759264613
91,5,1.4,fit,1272,sim,clean,wiener,0.00014501931665436213,0.00014832908980065793,7.938409285799854e-07,0.44148,0.0029891374377497655,50000,1.0228229812596916
91,17,6.0,fit,1237,sim,clean,wiener,0.00013861141673370632,0.00014422860790829569,8.035999316783288e-07,0.45692,0.003025884096263021,50000,1.040524736756575
91,9,2.0,fit,1252,sim,clean,wiener,0.00014052772242134184,0.00014605576564271616,7.985394322867516e-07,0.45004,0.003006829235722973,50000,1.0393377415226277
91,19,8.0,fit,1235,sim,clean,wiener,0.00014080951951078822,0.0001475004950141184,8.201630108125429e-07,0.4446,0.0030882508981524785,50000,1.0475179201418805
91,21,10.0,fit,1235,sim,clean,wiener,0.0001444584926412178,0.00015282793457116418,8.329673744057284e-07,0.42454,0.0031364645908521166,50000,1.0579366555535992
91,1,0.6,fit,1271,sim,clean,wiener,0.00011293031023177941,0.00012113949549106943,7.838627760543165e-07,0.54386,0.0029515655915520558,50000,1.072692488335872
91,11,3.0,fit,1252,sim,clean,wiener,0.0001348637307255221,0.0001403034056823168,7.909791695406199e-07,0.4717,0.002978361738520339,50000,1.0403346023985178
91,15,5.0,fit,1252,sim,clean,wiener,0.00013571703675314235,0.00014198184127556352,8.028037641201212e-07,0.46538,0.003022886198108264,50000,1.0461607818170706
91,7,1.8,fit,1270,sim,clean,wiener,0.0001427261734478321,0.00014682062236875262,7.974376538323267e-07,0.44716,0.0030026805869097675,50000,1.0286874426884083
91,3,1.0,fit,1271,sim,clean,wiener,0.00014137555143553952,0.0001461195037032192,8.071697064977246e-07,0.4498,0.003039325765963876,50000,1.0335556764908018
91,23,20.0,fit,1235,sim,clean,wiener,0.00014667861427861988,0.00015808632456266496,8.431117908874858e-07,0.40474,0.00317466248919428,50000,1.0777735073388124
91,13,4.0,fit,1252,sim,clean,wiener,0.00013479602787463109,0.00014033527471256832,7.930140170100745e-07,0.47158,0.002986023775752329,50000,1.041093546488544
91,5,1.4,fit,1273,sim,clean,wiener,0.00014501931665436213,0.00014972601562668287,8.25554754910873e-07,0.43622,0.003108553031185496,50000,1.0324556692232847
91,17,6.0,fit,1238,sim,clean,wiener,0.00013861141673370632,0.000144271099948631,8.077789408762525e-07,0.45676,0.0030416197838504058,50000,1.0408312918826723
91,9,2.0,fit,1253,sim,clean,wiener,0.00014052772242134184,0.00014385149105031937,7.962938517905304e-07,0.45834,0.002998373702014548,50000,1.0236520493729482
91,19,8.0,fit,1236,sim,clean,wiener,0.00014080951951078822,0.00014874338719392767,8.152695013523535e-07,0.43992,0.003069824823352329,50000,1.0563446825946423
91,1,0.6,fit,1272,sim,clean,wiener,0.00011293031023177941,0.00012359341082043647,7.848049142712894e-07,0.53462,0.002955113129244432,50000,1.0944219542722586
91,21,10.0,fit,1236,sim,clean,wiener,0.0001444584926412178,0.0001531838054089728,8.177016668965e-07,0.4232,0.0030789829264698115,50000,1.0604001371482221
91,7,1.8,fit,1271,sim,clean,wiener,0.0001427261734478321,0.00014497753011920642,8.000513136080595e-07,0.4541,0.0030125220904199967,50000,1.0157739580413905
91,15,5.0,fit,1253,sim,clean,wiener,0.00013571703675314235,0.0001403883897629875,7.933680209703603e-07,0.47138,0.002987356746190997,50000,1.034419798144738
91,11,3.0,fit,1253,sim,clean,wiener,0.0001348637307255221,0.0001382584762411776,7.895884560544683e-07,0.4794,0.0029731251305338056,50000,1.0251716714152344
91,3,1.0,fit,1272,sim,clean,wiener,0.00014137555143553952,0.00014546618858306303,8.138707059145659e-07,0.45226,0.0030645577834954607,50000,1.0289345442404068
91,5,1.4,fit,1274,sim,clean,wiener,0.00014501931665436213,0.00014772357822587906,8.041725844382896e-07,0.44376,0.003028040369317235,50000,1.018647595602469
91,23,20.0,fit,1236,sim,clean,wiener,0.00014667861427861988,0.00015830409626938367,8.352720768416204e-07,0.40392,0.003145142742967958,50000,1.079258193486072
91,13,4.0,fit,1253,sim,clean,wiener,0.00013479602787463109,0.0001390020869470464,7.945813087853456e-07,0.4766,0.0029919252735873176,50000,1.031203138094894
91,9,2.0,fit,1254,sim,clean,wiener,0.00014052772242134184,0.00014435608402930177,7.840003042524946e-07,0.45644,0.0029520834417549363,50000,1.0272427499855254
91,17,6.0,fit,1239,sim,clean,wiener,0.00013861141673370632,0.00014407457426208,8.025609428715267e-07,0.4575,0.0030219718762854357,50000,1.0394134744244714
91,1,0.6,fit,1273,sim,clean,wiener,0.00011293031023177941,0.0001222708460649984,8.004275804122277e-07,0.5396,0.003013938889617959,50000,1.0827106187351152
91,19,8.0,fit,1237,sim,clean,wiener,0.00014080951951078822,0.00014894522438552063,8.09332901505026e-07,0.43916,0.0030474710844385034,50000,1.0577780884630394
91,7,1.8,fit,1272,sim,clean,wiener,0.0001427261734478321,0.00014583799393599742,7.990189058082831e-07,0.45086,0.0030086346506392626,50000,1.0218027318535428
91,21,10.0,fit,1237,sim,clean,wiener,0.0001444584926412178,0.00015458604274003966,8.134052754170242e-07,0.41792,0.003062805246337467,50000,1.0701069899986773
91,15,5.0,fit,1254,sim,clean,wiener,0.00013571703675314235,0.00014055304641928703,7.883757458205403e-07,0.47076,0.002968558777967605,50000,1.0356330331242125
91,11,3.0,fit,1254,sim,clean,wiener,0.0001348637307255221,0.00013810975410000385,7.806276683703617e-07,0.47996,0.002939384081195114,50000,1.0240689127982685
91,3,1.0,fit,1273,sim,clean,wiener,0.00014137555143553952,0.00014560428771415296,8.150816861340661e-07,0.45174,0.003069117621846146,50000,1.0299113689437422
91,5,1.4,fit,1275,sim,clean,wiener,0.00014501931665436213,0.0001475854790947891,7.99483605182401e-07,0.44428,0.0030103844348170067,50000,1.017695314663102
91,13,4.0,fit,1254,sim,clean,wiener,0.00013479602787463109,0.0001387046426646989,7.822391523450975e-07,0.47772,0.002945451980828146,50000,1.0289965131146377
91,23,20.0,fit,1237,sim,clean,wiener,0.00014667861427861988,0.0001599081707920435,8.17801889669471e-07,0.39788,0.0030793603064108266,50000,1.0901941743756438
91,9,2.0,fit,1255,sim,clean,wiener,0.00014052772242134184,0.00014478631593769727,7.975630808865309e-07,0.45482,0.0030031528713309035,50000,1.0303042947183543
91,17,6.0,fit,1240,sim,clean,wiener,0.00013861141673370632,0.00014393116362594816,7.977774891142984e-07,0.45804,0.003003960206449953,50000,1.0383788508738923
91,1,0.6,fit,1274,sim,clean,wiener,0.00011293031023177941,0.00012238769917592064,7.87939680484769e-07,0.53916,0.0029669168127154596,50000,1.0837453552082765
91,7,1.8,fit,1273,sim,clean,wiener,0.0001427261734478321,0.00014618324176372225,8.03853829208781e-07,0.44956,0.003026840124840414,50000,1.0242216843090362
91,19,8.0,fit,1238,sim,clean,wiener,0.00014080951951078822,0.00014921611114265856,8.167575313765185e-07,0.43814,0.0030754278681105326,50000,1.059701870023257
91,15,5.0,fit,1255,sim,clean,wiener,0.00013571703675314235,0.00014111075444868862,7.916899567548263e-07,0.46866,0.002981038144580756,50000,1.0397423774095287
91,21,10.0,fit,1238,sim,clean,wiener,0.0001444584926412178,0.00015385305504425474,8.1990875059048e-07,0.42068,0.0030872935038920714,50000,1.065032953281394
91,5,1.4,fit,1276,sim,clean,wiener,0.00014501931665436213,0.00014916299609223936,7.923266061984645e-07,0.43834,0.0029834353914575396,50000,1.0285732930858669
91,3,1.0,fit,1274,sim,clean,wiener,0.00014137555143553952,0.00014494034958391296,8.110953735500819e-07,0.45424,0.0030541075162262774,50000,1.0252150963315523
91,11,3.0,fit,1255,sim,clean,wiener,0.0001348637307255221,0.0001386833966445312,7.843856862984805e-07,0.4778,0.0029535345635855453,50000,1.0283224103208517
91,13,4.0,fit,1255,sim,clean,wiener,0.00013479602787463109,0.0001387683807252019,7.814453071900538e-07,0.47748,0.0029424628274760233,50000,1.0294693613246924
91,23,20.0,fit,1238,sim,clean,wiener,0.00014667861427861988,0.00015909551052062972,8.323452454555053e-07,0.40094,0.0031341220196022994,50000,1.0846537602163573
91,9,2.0,fit,1256,sim,clean,wiener,0.00014052772242134184,0.00014453667520072705,8.006335174635205e-07,0.45576,0.0030147143272751483,50000,1.0285278428363425
91,1,0.6,fit,1275,sim,clean,wiener,0.00011293031023177941,0.000122430191216256,7.863705052572838e-07,0.539,0.002961008222908613,50000,1.0841216230166988
91,7,1.8,fit,1274,sim,clean,wiener,0.0001427261734478321,0.00014629478336960255,7.842801321248282e-07,0.44914,0.0029531371087292693,50000,1.0250031920254263
91,17,6.0,fit,1241,sim,clean,wiener,0.00013861141673370632,0.00014296446970831872,7.972906124635491e-07,0.46168,0.003002126915708791,50000,1.0314047217551732
91,5,1.4,fit,1277,sim,clean,wiener,0.00014501931665436213,0.00014992785281827585,8.019601068118997e-07,0.43546,0.0030197094815220494,50000,1.033847464442359
91,19,8.0,fit,1239,sim,clean,wiener,0.00014080951951078822,0.00014835564732586752,8.101638690683753e-07,0.44138,0.0030506000189186215,50000,1.0535910344790371
91,15,5.0,fit,1256,sim,clean,wiener,0.00013571703675314235,0.00014077081812600574,7.982420300626318e-07,0.46994,0.0030057093940894903,50000,1.0372376342260978
91,3,1.0,fit,1275,sim,clean,wiener,0.00014137555143553952,0.0001451846788158413,8.02217434502663e-07,0.45332,0.0030206784260631255,50000,1.0269433246528383
91,21,10.0,fit,1239,sim,clean,wiener,0.0001444584926412178,0.0001535874797921587,8.228242679403869e-07,0.42168,0.0030982716252602968,50000,1.0631945341809288
91,11,3.0,fit,1256,sim,clean,wiener,0.0001348637307255221,0.0001395332374512384,7.860754166766954e-07,0.4746,0.002959897093094146,50000,1.0346238881320864
91,23,20.0,fit,1239,sim,clean,wiener,0.00014667861427861988,0.00015912206804583935,8.362821956329237e-07,0.40084,0.003148946255468958,50000,1.0848348195026085
91,13,4.0,fit,1256,sim,clean,wiener,0.00013479602787463109,0.00013927828520922625,7.934918452108325e-07,0.47556,0.002987822995359528,50000,1.0332521470051323
91,1,0.6,fit,1276,sim,clean,wiener,0.00011293031023177941,0.00012273825850868736,7.78678687949453e-07,0.53784,0.0029320453687001554,50000,1.0868495646277603
91,7,1.8,fit,1275,sim,clean,wiener,0.0001427261734478321,0.00014570520630994945,7.875468074921514e-07,0.45136,0.0029654374843913144,50000,1.020872365524507
91,9,2.0,fit,1257,sim,clean,wiener,0.00014052772242134184,0.00014444106810997245,7.926533905058183e-07,0.45612,0.0029846658687131375,50000,1.0278474995623803
91,5,1.4,fit,1278,sim,clean,wiener,0.00014501931665436213,0.00014875932170905346,8.110711619928889e-07,0.43986,0.003054016349760268,50000,1.0257897026477185
91,3,1.0,fit,1276,sim,clean,wiener,0.00014137555143553952,0.00014533871246205697,7.98755899840361e-07,0.45274,0.0030076443250503897,50000,1.0280328598988664
91,17,6.0,fit,1242,sim,clean,wiener,0.00013861141673370632,0.00014459510175618813,8.050819517618632e-07,0.45554,0.0030314645111241116,50000,1.043168774719166
91,15,5.0,fit,1257,sim,clean,wiener,0.00013571703675314235,0.0001396978941075379,8.066346210659674e-07,0.47398,0.0030373109493439755,50000,1.0293320385533937
91,19,8.0,fit,1240,sim,clean,wiener,0.00014080951951078822,0.00014801039949814272,8.157872321803552e-07,0.44268,0.003071774292754751,50000,1.0511391560199366
91,21,10.0,fit,1240,sim,clean,wiener,0.0001444584926412178,0.00015301914875267327,8.23498236042617e-07,0.42382,0.0031008093922280803,50000,1.0592603173059338
91,11,3.0,fit,1257,sim,clean,wiener,0.0001348637307255221,0.0001387312001899085,7.899162470334902e-07,0.47762,0.0029743593983220687,50000,1.0286768684477339
91,13,4.0,fit,1257,sim,clean,wiener,0.00013479602787463109,0.00013875244621007615,7.992336618782339e-07,0.47754,0.0030094432955271276,50000,1.0293511492721787
91,23,20.0,fit,1240,sim,clean,wiener,0.00014667861427861988,0.00015955229995423488,8.430052150156255e-07,0.39922,0.003174261187224239,50000,1.0877679799398778
91,1,0.6,fit,1277,sim,clean,wiener,0.00011293031023177941,0.00012375275597169407,7.92127344051422e-07,0.53402,0.002982685087558852,50000,1.0958329585538422
91,7,1.8,fit,1276,sim,clean,wiener,0.0001427261734478321,0.0001465178665813632,7.857687565557379e-07,0.4483,0.002958742391673222,50000,1.0265662074582067
91,5,1.4,fit,1279,sim,clean,wiener,0.00014501931665436213,0.00014906207749644287,8.108043557689929e-07,0.43872,0.0030530117146453984,50000,1.0278773954763298
91,9,2.0,fit,1258,sim,clean,wiener,0.00014052772242134184,0.00014415955834275074,7.980926587579532e-07,0.45718,0.0030051469497220287,50000,1.025844266589048
91,3,1.0,fit,1277,sim,clean,wiener,0.00014137555143553952,0.0001464966205611955,8.015985819346886e-07,0.44838,0.003018348191739369,50000,1.0362231593345257
91,17,6.0,fit,1243,sim,clean,wiener,0.00013861141673370632,0.00014414362382762495,8.074141069611188e-07,0.45724,0.0030402460341796274,50000,1.03991162650438
91,15,5.0,fit,1258,sim,clean,wiener,0.00013571703675314235,0.0001407336375907123,7.992959166363007e-07,0.47008,0.0030096777102836814,50000,1.0369636779404101
91,19,8.0,fit,1241,sim,clean,wiener,0.00014080951951078822,0.00014772888973092096,8.21017368424075e-07,0.44374,0.0030914679057794667,50000,1.049139932045593
91,21,10.0,fit,1241,sim,clean,wiener,0.0001444584926412178,0.0001526792124299904,8.296771277358063e-07,0.4251,0.003124075459545813,50000,1.0569071408573385
91,11,3.0,fit,1258,sim,clean,wiener,0.0001348637307255221,0.00013884805330083072,7.871276134540729e-07,0.47718,0.0029638590465106383,50000,1.0295433216467784
91,13,4.0,fit,1258,sim,clean,wiener,0.00013479602787463109,0.00013915612059326208,7.925110598134059e-07,0.47602,0.0029841299351451973,50000,1.032345854602527
91,1,0.6,fit,1278,sim,clean,wiener,0.00011293031023177941,0.00012376869048681983,7.9356494101142e-07,0.53396,0.002988098231097838,50000,1.0959740589820006
91,7,1.8,fit,1277,sim,clean,wiener,0.0001427261734478321,0.00014716587019647745,7.957957068054549e-07,0.44586,0.0029964979813623263,50000,1.031106395143902
91,5,1.4,fit,1280,sim,clean,wiener,0.00014501931665436213,0.00014914706157711358,8.047401271896642e-07,0.4384,0.0030301774010884387,50000,1.02846341451594
91,23,20.0,fit,1241,sim,clean,wiener,0.00014667861427861988,0.00015846344142064127,8.318799636714105e-07,0.40332,0.0031323700424115684,50000,1.0803445492035793
91,3,1.0,fit,1278,sim,clean,wiener,0.00014137555143553952,0.00014688436042925568,8.179038375279261e-07,0.44692,0.0030797441820078577,50000,1.038965782540045
91,9,2.0,fit,1259,sim,clean,wiener,0.00014052772242134184,0.00014405332824191233,7.99812937630643e-07,0.45758,0.003011624506870569,50000,1.0250883296179791
91,15,5.0,fit,1259,sim,clean,wiener,0.00013571703675314235,0.00014113731197389824,8.164551661322632e-07,0.46856,0.0030742893386659816,50000,1.0399380604707344
91,17,6.0,fit,1244,sim,clean,wiener,0.00013861141673370632,0.00014312381485957634,8.13324824170571e-07,0.46108,0.003062502314321708,50000,1.0325543034780391
91,19,8.0,fit,1242,sim,clean,wiener,0.00014080951951078822,0.00014958260499055103,8.124311664386396e-07,0.43676,0.0030591373255854522,50000,1.0623046333106099
91,21,10.0,fit,1242,sim,clean,wiener,0.0001444584926412178,0.00015426735243752448,8.207087932354915e-07,0.41912,0.0030903059933416618,50000,1.0679008870781195
91,11,3.0,fit,1259,sim,clean,wiener,0.0001348637307255221,0.0001387152656747827,7.967439525334242e-07,0.47768,0.003000068516344353,50000,1.028558715738773
91,13,4.0,fit,1259,sim,clean,wiener,0.00013479602787463109,0.00013950136842098688,8.07772196993801e-07,0.47472,0.0030415943903606196,50000,1.0349071157403247
91,1,0.6,fit,1279,sim,clean,wiener,0.00011293031023177941,0.00012365714888093953,7.834504541670316e-07,0.53438,0.002950013030144203,50000,1.0949863559848922
91,5,1.4,fit,1281,sim,clean,wiener,0.00014501931665436213,0.00014916830759728126,7.916852473013999e-07,0.43832,0.0029810204115525867,50000,1.0286099192758424
91,7,1.8,fit,1278,sim,clean,wiener,0.0001427261734478321,0.00014591235500658432,8.030530988345988e-07,0.45058,0.003023825045807776,50000,1.0223237369978029
91,23,20.0,fit,1242,sim,clean,wiener,0.00014667861427861988,0.00015946200436852223,8.242484568074055e-07,0.39956,0.0031036342818172554,50000,1.0871523783666237
91,3,1.0,fit,1279,sim,clean,wiener,0.00014137555143553952,0.00014633727540993793,8.176526737858502e-07,0.44898,0.00307879844726754,50000,1.0350960539076002
91,9,2.0,fit,1260,sim,clean,wiener,0.00014052772242134184,0.00014393647513099008,7.94165210912321e-07,0.45802,0.002990358494040878,50000,1.0242567989498033
91,15,5.0,fit,1260,sim,clean,wiener,0.00013571703675314235,0.00013984661624871168,7.936790233604957e-07,0.47342,0.002988527798040448,50000,1.030427863696145
91,17,6.0,fit,1245,sim,clean,wiener,0.00013861141673370632,0.00014375057245452288,8.118713362719359e-07,0.45872,0.003057029334866116,50000,1.0370759915879777
91,11,3.0,fit,1260,sim,clean,wiener,0.0001348637307255221,0.00013809913108991999,7.792921976317824e-07,0.48,0.002934355484863041,50000,1.0239901443256278
91,19,8.0,fit,1243,sim,clean,wiener,0.00014080951951078822,0.00014863715709308926,8.225923747546833e-07,0.44032,0.0030973984520866918,50000,1.0555902584533805
91,21,10.0,fit,1243,sim,clean,wiener,0.0001444584926412178,0.00015374151343837438,8.283026873467742e-07,0.4211,0.0031189001264596743,50000,1.0642608172591985
91,13,4.0,fit,1260,sim,clean,wiener,0.00013479602787463109,0.00013848687095798016,7.893444467334905e-07,0.47854,0.0029722063351300472,50000,1.0273809483969498
91,5,1.4,fit,1282,sim,clean,wiener,0.00014501931665436213,0.00014839282786116093,8.020764610435758e-07,0.44124,0.0030201476030366024,50000,1.023262495539399
91,1,0.6,fit,1280,sim,clean,wiener,0.00011293031023177941,0.00012329065503304703,7.715754105885131e-07,0.53576,0.0029052986093357994,50000,1.0917410461372499
91,7,1.8,fit,1279,sim,clean,wiener,0.0001427261734478321,0.00014563615674440447,8.024034019429371e-07,0.45162,0.003021378669925482,50000,1.0203885750334083
91,3,1.0,fit,1280,sim,clean,wiener,0.00014137555143553952,0.00014633196390489598,8.020391501931096e-07,0.449,0.0030200071123464055,50000,1.0350584837267025
91,23,20.0,fit,1243,sim,clean,wiener,0.00014667861427861988,0.00015872901667273728,8.405255487856606e-07,0.40232,0.003164924224497499,50000,1.082155142066091
91,9,2.0,fit,1261,sim,clean,wiener,0.00014052772242134184,0.0001441489353326669,7.925264803036478e-07,0.45722,0.002984187999630198,50000,1.025768672891941
91,15,5.0,fit,1261,sim,clean,wiener,0.00013571703675314235,0.0001395173029361126,7.886973736008861e-07,0.47466,0.0029697698387792107,50000,1.0280013937371961
91,11,3.0,fit,1261,sim,clean,wiener,0.0001348637307255221,0.0001386355930991539,7.932112769516841e-07,0.47798,0.0029867665405244707,50000,1.0279679521939697
91,17,6.0,fit,1246,sim,clean,wiener,0.00013861141673370632,0.00014369745740410366,7.910494557248879e-07,0.45892,0.0029786263948981956,50000,1.0366927976803557
91,13,4.0,fit,1261,sim,clean,wiener,0.00013479602787463109,0.000138630281594112,7.889615112725584e-07,0.478,0.0029707644256979377,50000,1.0284448568695734
91,5,1.4,fit,1283,sim,clean,wiener,0.00014501931665436213,0.00014994378733340158,8.08773132225778e-07,0.4354,0.0030453633229854684,50000,1.0339573430122857
91,19,8.0,fit,1244,sim,clean,wiener,0.00014080951951078822,0.00014778731628638207,8.24010601124833e-07,0.44352,0.003102738657391804,50000,1.049554865323287
91,21,10.0,fit,1244,sim,clean,wiener,0.0001444584926412178,0.0001530297717627571,8.126388585672249e-07,0.42378,0.003059919371830146,50000,1.0593338540699524
91,1,0.6,fit,1281,sim,clean,wiener,0.00011293031023177941,0.0001232800320229632,7.798268497044308e-07,0.5358,0.0029363686697077463,50000,1.0916469791851444
91,7,1.8,fit,1280,sim,clean,wiener,0.0001427261734478321,0.00014685780290404609,8.052358158056476e-07,0.44702,0.003032043872501235,50000,1.0289479452605386
91,3,1.0,fit,1281,sim,clean,wiener,0.00014137555143553952,0.00014571582932003328,8.050722697208181e-07,0.45132,0.0030314280542593666,50000,1.0307003427425903
91,9,2.0,fit,1262,sim,clean,wiener,0.00014052772242134184,0.00014509438323012864,7.983642228470602e-07,0.45366,0.003006169500155338,50000,1.0324965119344542
91,15,5.0,fit,1262,sim,clean,wiener,0.00013571703675314235,0.0001407283260856704,7.884874166321097e-07,0.4701,0.0029689792644801397,50000,1.0369245413281691
91,23,20.0,fit,1244,sim,clean,wiener,0.00014667861427861988,0.0001584687529256832,8.283979457438324e-07,0.4033,0.003119258813484562,50000,1.0803807610608294
91,11,3.0,fit,1262,sim,clean,wiener,0.0001348637307255221,0.00013893834888654337,7.85409069750663e-07,0.47684,0.002957388022987751,50000,1.0302128536642223
91,13,4.0,fit,1262,sim,clean,wiener,0.00013479602787463109,0.00013938451531006463,7.826402469502234e-07,0.47516,0.0029469622669032244,50000,1.034040227355224
91,17,6.0,fit,1247,sim,clean,wiener,0.00013861141673370632,0.00014377181847469056,7.953021776030217e-07,0.45864,0.002994639641029264,50000,1.0372292691510265
91,25,26.0,fit,1234,sim,clean,wiener,0.00015177147694471122,0.00016440170405750785,8.313553889462397e-07,0.38096,0.0031303948029228336,50000,1.0832187138654366
91,7,1.8,fit,1281,sim,clean,wiener,0.0001427261734478321,0.0001465178665813632,7.944170564791497e-07,0.4483,0.0029913067961316827,50000,1.0265662074582067
91,1,0.6,fit,1282,sim,clean,wiener,0.00011293031023177941,0.00012326940901287935,7.831898337478142e-07,0.53584,0.002949031687126883,50000,1.0915529122330387
91,21,10.0,fit,1245,sim,clean,wiener,0.0001444584926412178,0.0001532050514291405,8.110190959706432e-07,0.42312,0.0030538202997825886,50000,1.0605472106762595
91,19,8.0,fit,1245,sim,clean,wiener,0.00014080951951078822,0.00014835564732586752,8.102677357947326e-07,0.44138,0.003050991119842136,50000,1.0535910344790371
91,3,1.0,fit,1282,sim,clean,wiener,0.00014137555143553952,0.00014562022222927869,8.008696072760442e-07,0.45168,0.0030156033024739304,50000,1.0300240794864346
91,9,2.0,fit,1263,sim,clean,wiener,0.00014052772242134184,0.00014387804857552897,7.952288644842859e-07,0.45824,0.002994363586998788,50000,1.0238410336157153
91,15,5.0,fit,1263,sim,clean,wiener,0.00013571703675314235,0.0001403512092276941,7.901345873573505e-07,0.47152,0.00297518153939936,50000,1.0341458418590506
91,23,20.0,fit,1245,sim,clean,wiener,0.00014667861427861988,0.0001587661972080307,8.224830788890361e-07,0.40218,0.0030969869082218752,50000,1.0824086250668428
91,11,3.0,fit,1263,sim,clean,wiener,0.0001348637307255221,0.0001384231328974771,7.801385222648149e-07,0.47878,0.002937542245023685,50000,1.026392582741161
91,13,4.0,fit,1263,sim,clean,wiener,0.00013479602787463109,0.00013898615243192064,7.836681677548181e-07,0.47666,0.0029508328113025313,50000,1.0310849260423804
91,25,26.0,fit,1235,sim,clean,wiener,0.00015177147694471122,0.00016508688820791553,8.48015843569363e-07,0.37838,0.003193128263558318,50000,1.0877332917307971
91,7,1.8,fit,1282,sim,clean,wiener,0.0001427261734478321,0.00014541838503768576,7.866073028069485e-07,0.45244,0.0029618998630286763,50000,1.0188627742537895
91,1,0.6,fit,1283,sim,clean,wiener,0.00011293031023177941,0.0001238058710221133,7.788225600131314e-07,0.53382,0.002932587106164557,50000,1.0963032933143702
91,17,6.0,fit,1248,sim,clean,wiener,0.00013861141673370632,0.0001434637511822592,8.097793051186637e-07,0.4598,0.0030491519775567985,50000,1.0350067444868192
91,3,1.0,fit,1283,sim,clean,wiener,0.00014137555143553952,0.00014702777106538752,8.079760125748762e-07,0.44638,0.0030423618398103206,50000,1.039980177424278
91,21,10.0,fit,1246,sim,clean,wiener,0.0001444584926412178,0.00015325285497451777,8.207673428874063e-07,0.42294,0.003090526456850414,50000,1.060878126114343
91,19,8.0,fit,1246,sim,clean,wiener,0.00014080951951078822,0.000148323778295616,8.098041266591848e-07,0.4415,0.003049245440860797,50000,1.0533647072366588
91,15,5.0,fit,1264,sim,clean,wiener,0.00013571703675314235,0.00014002720742013698,7.997400747017928e-07,0.47274,0.0030113501479900814,50000,1.0317585085123429
91,9,2.0,fit,1264,sim,clean,wiener,0.00014052772242134184,0.00014410644329233152,7.948157770405876e-07,0.45738,0.002992808142956325,50000,1.0254662981035134
91,23,20.0,fit,1246,sim,clean,wiener,0.00014667861427861988,0.0001589786574097075,8.382560405146038e-07,0.40138,0.0031563785928803018,50000,1.0838570993568521
91,11,3.0,fit,1264,sim,clean,wiener,0.0001348637307255221,0.00013856654353360895,7.869382176890744e-07,0.47824,0.002963145893596337,50000,1.027455957121807
91,13,4.0,fit,1264,sim,clean,wiener,0.00013479602787463109,0.00013894897189662718,7.984125331502461e-07,0.4768,0.0030063514083068115,50000,1.030809097919848
91,25,26.0,fit,1236,sim,clean,wiener,0.00015177147694471122,0.00016581456439865855,8.50953572410715e-07,0.37564,0.0032041900203228003,50000,1.0925278434172654
91,7,1.8,fit,1283,sim,clean,wiener,0.0001427261734478321,0.00014784574284184318,7.957871166019857e-07,0.4433,0.002996465635714901,50000,1.0358698707485654
91,27,30.0,fit,1234,sim,clean,wiener,0.00015153177054512206,0.00016825254521289984,8.46510877074394e-07,0.36646,0.00318746144602509,50000,1.1103450095489962
91,29,40.0,fit,1234,sim,clean,wiener,0.00014861421614938285,0.00016488505101632255,8.456335574801043e-07,0.37914,0.0031841579770935328,50000,1.1094837041066428
91,17,6.0,fit,1249,sim,clean,wiener,0.00013861141673370632,0.00014232708910328831,7.931051429333527e-07,0.46408,0.0029863669023146083,50000,1.02680639486371
91,15,5.0,fit,1265,sim,clean,wiener,0.00013571703675314235,0.0001394535648756096,7.911148391516235e-07,0.4749,0.002978872590378458,50000,1.027531754390303
91,9,2.0,fit,1265,sim,clean,wiener,0.00014052772242134184,0.0001441011317872896,7.940831097827929e-07,0.4574,0.002990049349537088,50000,1.02542850125496
91,19,8.0,fit,1247,sim,clean,wiener,0.00014080951951078822,0.0001477713817712563,8.069881718600985e-07,0.44358,0.003038642213425778,50000,1.0494417017020976
91,21,10.0,fit,1247,sim,clean,wiener,0.0001444584926412178,0.00015235521062243327,8.162372350447201e-07,0.42632,0.003073468738531658,50000,1.0546642695547712
91,23,20.0,fit,1247,sim,clean,wiener,0.00014667861427861988,0.00015833065379459326,8.408495928261727e-07,0.40382,0.0031661443835219365,50000,1.079439252772323
91,25,26.0,fit,1237,sim,clean,wiener,0.00015177147694471122,0.00016670689724570113,8.348236176908278e-07,0.37228,0.00314345410990726,50000,1.0984072936605258
91,11,3.0,fit,1265,sim,clean,wiener,0.0001348637307255221,0.00013767421068656638,7.751315708631322e-07,0.4816,0.0029186890146787403,50000,1.0208394054200105
91,13,4.0,fit,1265,sim,clean,wiener,0.00013479602787463109,0.00013819473818067453,7.820156086458246e-07,0.47964,0.00294461024690336,50000,1.0252137274341975
91,27,30.0,fit,1235,sim,clean,wiener,0.00015153177054512206,0.00016811975758685183,8.479404492523156e-07,0.36696,0.003192844372960635,50000,1.1094687073348115
91,29,40.0,fit,1235,sim,clean,wiener,0.00014861421614938285,0.00016535777496505346,8.460755914451259e-07,0.37736,0.0031858224166884607,50000,1.1126645838433145
91,15,5.0,fit,1266,sim,clean,wiener,0.00013571703675314235,0.00014097265531759872,8.074574856783716e-07,0.46918,0.0030404093728827273,50000,1.0387248254912602
91,17,6.0,fit,1250,sim,clean,wiener,0.00013861141673370632,0.00014330971753604351,8.04202346600494e-07,0.46038,0.003028152436092921,50000,1.0338954821547157
91,9,2.0,fit,1266,sim,clean,wiener,0.00014052772242134184,0.00014475444690744576,8.036734120590038e-07,0.45494,0.003026160780103458,50000,1.0300775136270337
91,19,8.0,fit,1248,sim,clean,wiener,0.00014080951951078822,0.0001483503358208256,8.215126387608319e-07,0.4414,0.003093332802199024,50000,1.053553313271974
91,21,10.0,fit,1248,sim,clean,wiener,0.0001444584926412178,0.0001532050514291405,8.25576021832434e-07,0.42312,0.0031086331098878345,50000,1.0605472106762595
91,25,26.0,fit,1238,sim,clean,wiener,0.00015177147694471122,0.00016635633791293441,8.48630175670921e-07,0.3736,0.0031954414764676893,50000,1.0960975096363879
91,11,3.0,fit,1266,sim,clean,wiener,0.0001348637307255221,0.00013885336480587264,7.835349563186841e-07,0.47716,0.0029503312154833326,50000,1.0295827058830986
91,23,20.0,fit,1248,sim,clean,wiener,0.00014667861427861988,0.0001596425955399475,8.432673871920044e-07,0.39888,0.003175248373245187,50000,1.0883835815131317
91,13,4.0,fit,1266,sim,clean,wiener,0.00013479602787463109,0.00013938982681510655,7.993717340086034e-07,0.47514,0.0030099631938583153,50000,1.0340796313727285
91,27,30.0,fit,1236,sim,clean,wiener,0.00015153177054512206,0.00016865621959608575,8.489980172373034e-07,0.36494,0.00319682655118184,50000,1.1130089682801172
91,29,40.0,fit,1236,sim,clean,wiener,0.00014861421614938285,0.00016574020332807166,8.597607552445156e-07,0.37592,0.0032373526842543665,50000,1.1152378798100597
91,15,5.0,fit,1267,sim,clean,wiener,0.00013571703675314235,0.00014082393317642493,7.998892199576135e-07,0.46974,0.0030119117411906665,50000,1.037629000348509
91,9,2.0,fit,1267,sim,clean,wiener,0.00014052772242134184,0.00014512625226038015,7.975216132159573e-07,0.45354,0.0030029967285041667,50000,1.0327232930257748
91,17,6.0,fit,1251,sim,clean,wiener,0.00013861141673370632,0.00014442513359484672,8.102104463484052e-07,0.45618,0.0030507754015254808,50000,1.0419425542147762
91,19,8.0,fit,1249,sim,clean,wiener,0.00014080951951078822,0.00014676750731833343,8.146518439069717e-07,0.44736,0.003067499089156439,50000,1.0423123935671745
91,21,10.0,fit,1249,sim,clean,wiener,0.0001444584926412178,0.00015175501055269633,8.285151783293341e-07,0.42858,0.003119700242362353,50000,1.0505094423877204
91,25,26.0,fit,1239,sim,clean,wiener,0.00015177147694471122,0.00016572426881294593,8.258729578917312e-07,0.37598,0.0031097511962191234,50000,1.0919328990474118
91,27,30.0,fit,1237,sim,clean,wiener,0.00015153177054512206,0.00017016999853303294,8.418316299235061e-07,0.35924,0.00316984215690098,50000,1.1229988135218212
91,11,3.0,fit,1267,sim,clean,wiener,0.0001348637307255221,0.0001399262888243405,7.957547126160694e-07,0.47312,0.002996343621386907,50000,1.0375383216197824
91,13,4.0,fit,1267,sim,clean,wiener,0.00013479602787463109,0.0001401175030058496,7.974482532313895e-07,0.4724,0.003002720498004567,50000,1.0394779817708564
91,23,20.0,fit,1249,sim,clean,wiener,0.00014667861427861988,0.00015719930322066433,8.325984134411728e-07,0.40808,0.0031350753011436683,50000,1.0717261271780227
91,29,40.0,fit,1237,sim,clean,wiener,0.00014861421614938285,0.0001660323361053773,8.301381110624544e-07,0.37482,0.0031258112512771953,50000,1.1172035920068792
91,15,5.0,fit,1268,sim,clean,wiener,0.00013571703675314235,0.00014106295090331137,7.914047020780861e-07,0.46884,0.0029799640434569168,50000,1.039390147899359
91,9,2.0,fit,1268,sim,clean,wiener,0.00014052772242134184,0.00014547150008810495,7.884288924058809e-07,0.45224,0.0029687588967095475,50000,1.0351800881817488
91,17,6.0,fit,1252,sim,clean,wiener,0.00013861141673370632,0.00014485005399820033,8.005093777476886e-07,0.45458,0.0030142468902121986,50000,1.0450081054757516
91,19,8.0,fit,1250,sim,clean,wiener,0.00014080951951078822,0.00014735177287294464,8.01768394881969e-07,0.44516,0.003018987607294622,50000,1.046461726344114
91,25,26.0,fit,1240,sim,clean,wiener,0.00015177147694471122,0.0001660323361053773,8.359295692344454e-07,0.37482,0.0031476184721167997,50000,1.093962709250442
91,27,30.0,fit,1238,sim,clean,wiener,0.00015153177054512206,0.00017030278615908095,8.441176455669259e-07,0.35874,0.0031784499455611726,50000,1.1238751157360058
91,21,10.0,fit,1250,sim,clean,wiener,0.0001444584926412178,0.000152440194703104,8.108197117533869e-07,0.426,0.003053069536239364,50000,1.05525256366692
91,11,3.0,fit,1268,sim,clean,wiener,0.0001348637307255221,0.00013983599323862784,7.845052032165398e-07,0.47346,0.0029539845939144864,50000,1.0368687896023387
91,13,4.0,fit,1268,sim,clean,wiener,0.00013479602787463109,0.00014005907645038847,7.81134952670337e-07,0.47262,0.0029412942151250325,50000,1.0390445375783057
91,29,40.0,fit,1238,sim,clean,wiener,0.00014861421614938285,0.00016661129015494653,8.433917286820257e-07,0.37264,0.003175716570070908,50000,1.1210992761787575
91,23,20.0,fit,1250,sim,clean,wiener,0.00014667861427861988,0.0001574914359979699,8.373932839641287e-07,0.40698,0.0031531299597954564,50000,1.0737177793267858
91,15,5.0,fit,1269,sim,clean,wiener,0.00013571703675314235,0.00014026091364198145,8.032010919873998e-07,0.47186,0.0030243823008668713,50000,1.0334805194509515
91,9,2.0,fit,1269,sim,clean,wiener,0.00014052772242134184,0.00014378775298981632,7.806456827281162e-07,0.45858,0.002939451912657618,50000,1.0231984871903066
91,17,6.0,fit,1253,sim,clean,wiener,0.00013861141673370632,0.00014355404676797185,7.885803314664362e-07,0.45946,0.002969329127027923,50000,1.0356581741297766
91,25,26.0,fit,1241,sim,clean,wiener,0.00015177147694471122,0.00016585174493395202,8.381894471587402e-07,0.3755,0.0031561278415194803,50000,1.0927728205107348
91,19,8.0,fit,1251,sim,clean,wiener,0.00014080951951078822,0.00014836095883090944,8.198094275848836e-07,0.44136,0.003086919511945109,50000,1.0536287556861001
91,27,30.0,fit,1239,sim,clean,wiener,0.00015153177054512206,0.0001694688798674995,8.513156457686182e-07,0.36188,0.0032055533753607627,50000,1.1183719378309267
91,21,10.0,fit,1251,sim,clean,wiener,0.0001444584926412178,0.0001524986212585651,8.267774892450676e-07,0.42578,0.003113157128610028,50000,1.0556570158690222
91,11,3.0,fit,1269,sim,clean,wiener,0.0001348637307255221,0.00013829565677647102,7.877883690105653e-07,0.47926,0.002966347062812148,50000,1.0254473610694759
91,13,4.0,fit,1269,sim,clean,wiener,0.00013479602787463109,0.00013919861263359746,7.950078761797108e-07,0.47586,0.0029935314751855413,50000,1.0326610867425638
91,29,40.0,fit,1239,sim,clean,wiener,0.00014861421614938285,0.00016605358212554494,8.430651143600699e-07,0.37474,0.003174486732880213,50000,1.1173465528939206
91,23,20.0,fit,1251,sim,clean,wiener,0.00014667861427861988,0.00015845812991559935,8.34721001037972e-07,0.40334,0.003143067716024374,50000,1.080308337346329
91,15,5.0,fit,1270,sim,clean,wiener,0.00013571703675314235,0.0001407336375907123,7.98723757589497e-07,0.47008,0.003007523296262465,50000,1.0369636779404101
91,9,2.0,fit,1270,sim,clean,wiener,0.00014052772242134184,0.0001451103177452544,8.044097781281882e-07,0.4536,0.003028933501068129,50000,1.0326099024801145
91,25,26.0,fit,1242,sim,clean,wiener,0.00015177147694471122,0.00016595266352974848,8.287632288462843e-07,0.37512,0.0031206342545302508,50000,1.0934377583358652
91,17,6.0,fit,1254,sim,clean,wiener,0.00013861141673370632,0.00014316099539486975,7.961146668982551e-07,0.46094,0.002997698997233658,50000,1.0328225392133743
91,27,30.0,fit,1240,sim,clean,wiener,0.00015153177054512206,0.0001703346551893325,8.449257100891593e-07,0.35862,0.0031814926406762327,50000,1.1240854282674104
91,19,8.0,fit,1252,sim,clean,wiener,0.00014080951951078822,0.0001489399128804787,8.188167380943163e-07,0.43918,0.0030831816279264265,50000,1.0577403672559764
91,11,3.0,fit,1270,sim,clean,wiener,0.0001348637307255221,0.00013944825337056766,7.944273649688681e-07,0.47492,0.00299134561183321,50000,1.033993740350963
91,29,40.0,fit,1240,sim,clean,wiener,0.00014861421614938285,0.00016698840701292287,8.431295371259485e-07,0.37122,0.003174729311077429,50000,1.1236368319237426
91,13,4.0,fit,1270,sim,clean,wiener,0.00013479602787463109,0.00013938451531006463,7.981893604794108e-07,0.47516,0.0030055110714566195,50000,1.034040227355224
91,21,10.0,fit,1252,sim,clean,wiener,0.0001444584926412178,0.00015357154527703294,8.171974852927409e-07,0.42174,0.0030770844754666403,50000,1.063084229034901
91,15,5.0,fit,1271,sim,clean,wiener,0.00013571703675314235,0.00013858778955377665,7.897453077010834e-07,0.47816,0.0029737157414637667,50000,1.0211524865950026
91,23,20.0,fit,1252,sim,clean,wiener,0.00014667861427861988,0.00015952043092398334,8.385910770006074e-07,0.39934,0.0031576401429809203,50000,1.0875507087963763
91,9,2.0,fit,1271,sim,clean,wiener,0.00014052772242134184,0.0001430175847587379,8.058588524590539e-07,0.46148,0.003034389861626687,50000,1.0177179441500572
91,25,26.0,fit,1243,sim,clean,wiener,0.00015177147694471122,0.0001660110900852096,8.456715196218205e-07,0.3749,0.0031843009201630262,50000,1.0938227223398882
91,27,30.0,fit,1241,sim,clean,wiener,0.00015153177054512206,0.00016902271344397825,8.475779542125763e-07,0.36356,0.0031914794301172093,50000,1.1154275623912666
91,17,6.0,fit,1255,sim,clean,wiener,0.00013861141673370632,0.00014421798489821182,8.041760221507751e-07,0.45696,0.003028053313717959,50000,1.0404480979750506
91,19,8.0,fit,1253,sim,clean,wiener,0.00014080951951078822,0.00014778200478134015,8.019026423631966e-07,0.44354,0.0030194931042495077,50000,1.0495171441162239
91,29,40.0,fit,1241,sim,clean,wiener,0.00014861421614938285,0.00016560210419698176,8.382545049444185e-07,0.37644,0.003156372810827293,50000,1.1143086340442907
91,11,3.0,fit,1271,sim,clean,wiener,0.0001348637307255221,0.000137036830081536,7.887030929348781e-07,0.484,0.0029697913744228628,50000,1.0161132970615847
91,21,10.0,fit,1253,sim,clean,wiener,0.0001444584926412178,0.00015327410099468544,8.209060628121863e-07,0.42286,0.0030910487943938605,50000,1.0610251996423803
91,13,4.0,fit,1271,sim,clean,wiener,0.00013479602787463109,0.00013699433804120065,7.815512436865457e-07,0.48416,0.0029428617219349603,50000,1.0163084194781624
91,15,5.0,fit,1272,sim,clean,wiener,0.00013571703675314235,0.00013968727109745408,7.963614546485418e-07,0.47402,0.002998628254565955,50000,1.0292537653289118
91,23,20.0,fit,1253,sim,clean,wiener,0.00014667861427861988,0.00015867059011727614,8.471901458906984e-07,0.40254,0.003190019172360445,50000,1.0817568116363383
91,9,2.0,fit,1272,sim,clean,wiener,0.00014052772242134184,0.00014361247332343296,7.981941005473917e-07,0.45924,0.0030055289197611717,50000,1.021951191188043
91,25,26.0,fit,1244,sim,clean,wiener,0.00015177147694471122,0.0001664891255389824,8.233275199497216e-07,0.3731,0.003100166575958311,50000,1.096972427827349
91,27,30.0,fit,1242,sim,clean,wiener,0.00015153177054512206,0.00017016999853303294,8.399993558947445e-07,0.35924,0.003162942891949518,50000,1.1229988135218212
91,17,6.0,fit,1256,sim,clean,wiener,0.00013861141673370632,0.0001445791672410624,8.02528311363514e-07,0.4556,0.0030218490052432165,50000,1.0430538165468797
91,29,40.0,fit,1242,sim,clean,wiener,0.00014861421614938285,0.00016595266352974848,8.338355424601404e-07,0.37512,0.00313973360047391,50000,1.116667488680474
91,19,8.0,fit,1254,sim,clean,wiener,0.00014080951951078822,0.00014725616578219007,8.183153992449279e-07,0.44552,0.003081293881062094,50000,1.0457827446169785
91,11,3.0,fit,1272,sim,clean,wiener,0.0001348637307255221,0.00013837001784705792,7.900417759910481e-07,0.47898,0.0029748320664512227,50000,1.025998740377959
91,13,4.0,fit,1272,sim,clean,wiener,0.00013479602787463109,0.0001387843152403277,8.009732076095298e-07,0.47742,0.003015993400318771,50000,1.0295875733772064
91,21,10.0,fit,1254,sim,clean,wiener,0.0001444584926412178,0.0001523923911577267,8.243238369215652e-07,0.42618,0.0031039181189352278,50000,1.0549216482288362
91,15,5.0,fit,1273,sim,clean,wiener,0.00013571703675314235,0.0001390020869470464,8.046664359502522e-07,0.4766,0.0030298999232781744,50000,1.0242051423498089
91,23,20.0,fit,1254,sim,clean,wiener,0.00014667861427861988,0.00015835721131980286,8.259174809555008e-07,0.40372,0.0031099188438572906,50000,1.0796203120585743
91,9,2.0,fit,1273,sim,clean,wiener,0.00014052772242134184,0.00014453667520072705,8.094605122242459e-07,0.45576,0.0030479515912561106,50000,1.0285278428363425
91,25,26.0,fit,1245,sim,clean,wiener,0.00015177147694471122,0.0001655649236616883,8.263075390283493e-07,0.37658,0.0031113875728513143,50000,1.0908829972182579
91,27,30.0,fit,1243,sim,clean,wiener,0.00015153177054512206,0.00016885274528263678,8.486320103762525e-07,0.3642,0.003195448384887495,50000,1.1143058955571103
91,29,40.0,fit,1243,sim,clean,wiener,0.00014861421614938285,0.00016576676085328126,8.487099881207653e-07,0.37582,0.003195742003151612,50000,1.1154165809188614
91,17,6.0,fit,1257,sim,clean,wiener,0.00013861141673370632,0.00014291666616294144,8.033938907765708e-07,0.46186,0.0030251082675661375,50000,1.0310598472383135
91,11,3.0,fit,1273,sim,clean,wiener,0.0001348637307255221,0.00013783886734286592,7.940843589190508e-07,0.48098,0.0029900540530486087,50000,1.0220603167459374
91,13,4.0,fit,1273,sim,clean,wiener,0.00013479602787463109,0.0001379450974437043,7.938855176970421e-07,0.48058,0.0029893053341057125,50000,1.0233617386114824
91,19,8.0,fit,1255,sim,clean,wiener,0.00014080951951078822,0.0001489292898703949,8.149074321518656e-07,0.43922,0.0030684614839687446,50000,1.0576649248418504
91,21,10.0,fit,1255,sim,clean,wiener,0.0001444584926412178,0.00015385305504425474,8.336792626617938e-07,0.42068,0.0031391451427877624,50000,1.065032953281394
91,15,5.0,fit,1274,sim,clean,wiener,0.00013571703675314235,0.00013978287818820865,7.892512937346066e-07,0.47366,0.002971855575794798,50000,1.0299582243492518
91,25,26.0,fit,1246,sim,clean,wiener,0.00015177147694471122,0.00016680250433645567,8.356628292721855e-07,0.37192,0.00314661408650423,50000,1.0990372347580177
91,23,20.0,fit,1255,sim,clean,wiener,0.00014667861427861988,0.00015988161326683392,8.504808605339971e-07,0.39798,0.0032024100657788916,50000,1.0900131150893926
91,9,2.0,fit,1274,sim,clean,wiener,0.00014052772242134184,0.0001431716184049536,7.861681692306296e-07,0.4609,0.00296024634458954,50000,1.018814052758107
91,27,30.0,fit,1244,sim,clean,wiener,0.00015153177054512206,0.00017039308174479357,8.292641538589235e-07,0.3584,0.003122520443129097,50000,1.1244710012416512
91,29,40.0,fit,1244,sim,clean,wiener,0.00014861421614938285,0.0001667547007910784,8.354629184578807e-07,0.3721,0.003145861340106638,50000,1.1220642621662873
91,17,6.0,fit,1258,sim,clean,wiener,0.00013861141673370632,0.00014372401492931326,8.104661863321565e-07,0.45882,0.003051738367696963,50000,1.0368843946341666
91,11,3.0,fit,1274,sim,clean,wiener,0.0001348637307255221,0.00013837001784705792,7.811824840529576e-07,0.47898,0.0029414731903203697,50000,1.025998740377959
91,13,4.0,fit,1274,sim,clean,wiener,0.00013479602787463109,0.00013840719838235138,7.841114761148351e-07,0.47884,0.0029525020495185105,50000,1.026789888134381
91,19,8.0,fit,1256,sim,clean,wiener,0.00014080951951078822,0.00014956667047542527,8.166305139425755e-07,0.43682,0.0030749495952558875,50000,1.0621914696894206
91,15,5.0,fit,1275,sim,clean,wiener,0.00013571703675314235,0.00014094609779238912,7.951999240177891e-07,0.46928,0.0029942546142452337,50000,1.0385291424300547
91,21,10.0,fit,1256,sim,clean,wiener,0.0001444584926412178,0.00015476132240642304,8.245493574988082e-07,0.41726,0.0031047672966182504,50000,1.0713203466049843
91,25,26.0,fit,1247,sim,clean,wiener,0.00015177147694471122,0.0001649965926222029,8.357706785576841e-07,0.37872,0.0031470201834001093,50000,1.0871383473609435
91,9,2.0,fit,1275,sim,clean,wiener,0.00014052772242134184,0.00014343188215200768,7.913272429570041e-07,0.45992,0.0029796723780232187,50000,1.020666098337226
91,23,20.0,fit,1256,sim,clean,wiener,0.00014667861427861988,0.00016012594249876225,8.303443869080605e-07,0.39706,0.00312658796463425,50000,1.0916788605229035
91,27,30.0,fit,1245,sim,clean,wiener,0.00015153177054512206,0.00016923517364565504,8.367762730920928e-07,0.36276,0.003150806660214015,50000,1.116829645933962
91,29,40.0,fit,1245,sim,clean,wiener,0.00014861421614938285,0.00016548525108605952,8.323306782393655e-07,0.37688,0.0031340671680450674,50000,1.1135223491655628
91,11,3.0,fit,1275,sim,clean,wiener,0.0001348637307255221,0.00013899677544200445,7.920654064170757e-07,0.47662,0.002982451866903473,50000,1.0306460802637443
91,17,6.0,fit,1259,sim,clean,wiener,0.00013861141673370632,0.00014384617954527743,8.237608977179227e-07,0.45836,0.0031017984214137167,50000,1.0377657406216971
91,13,4.0,fit,1275,sim,clean,wiener,0.00013479602787463109,0.0001396713365823283,7.888984323824466e-07,0.47408,0.0029705269077454403,50000,1.0361680443004713
91,15,5.0,fit,1276,sim,clean,wiener,0.00013571703675314235,0.00014100983585289215,7.962434378483773e-07,0.46904,0.002998183872797574,50000,1.038998781776948
91,19,8.0,fit,1257,sim,clean,wiener,0.00014080951951078822,0.00014810069508385538,8.106027145472366e-07,0.44234,0.003052252452552395,50000,1.051780416540009
91,21,10.0,fit,1257,sim,clean,wiener,0.0001444584926412178,0.00015280137704595456,8.309330675411506e-07,0.42464,0.0031288045892197266,50000,1.0577528136435526
91,25,26.0,fit,1248,sim,clean,wiener,0.00015177147694471122,0.00016655286359948545,8.41745029903814e-07,0.37286,0.0031695160722262647,50000,1.0973923885590107
91,9,2.0,fit,1276,sim,clean,wiener,0.00014052772242134184,0.00014343188215200768,7.902210752740139e-07,0.45992,0.0029755072019600876,50000,1.020666098337226
91,27,30.0,fit,1246,sim,clean,wiener,0.00015153177054512206,0.00017016468702799102,8.451949471582733e-07,0.35926,0.0031825064289226494,50000,1.122963761433254
91,23,20.0,fit,1257,sim,clean,wiener,0.00014667861427861988,0.00015939826630801922,8.398914528070764e-07,0.3998,0.0031625365924663525,50000,1.0867178360796212
91,29,40.0,fit,1246,sim,clean,wiener,0.00014861421614938285,0.0001664413219936051,8.343779058261899e-07,0.37328,0.0031417758215083213,50000,1.1199555890824262
91,11,3.0,fit,1276,sim,clean,wiener,0.0001348637307255221,0.00013872588868486655,7.782031537070239e-07,0.47764,0.0029302547867890924,50000,1.0286374842114134
91,13,4.0,fit,1276,sim,clean,wiener,0.00013479602787463109,0.00013945887638065153,7.85529005555641e-07,0.47488,0.0029578396305981417,50000,1.034591883600288
91,15,5.0,fit,1277,sim,clean,wiener,0.00013571703675314235,0.0001412116730444851,8.097793982801573e-07,0.46828,0.00304915232834812,50000,1.0404859730421099
91,17,6.0,fit,1260,sim,clean,wiener,0.00013861141673370632,0.00014267764843605503,8.021054711122716e-07,0.46276,0.0030202568378710493,50000,1.0293354746540146
91,19,8.0,fit,1258,sim,clean,wiener,0.00014080951951078822,0.0001481378756191488,8.152433926507176e-07,0.4422,0.003069726513357592,50000,1.0520444649894507
91,25,26.0,fit,1249,sim,clean,wiener,0.00015177147694471122,0.00016448137663313664,8.438318491598901e-07,0.38066,0.0031773738046000696,50000,1.0837436647800134
91,21,10.0,fit,1258,sim,clean,wiener,0.0001444584926412178,0.00015283324607620608,8.264786604321081e-07,0.42452,0.003112031915283104,50000,1.0579734239356082
91,9,2.0,fit,1277,sim,clean,wiener,0.00014052772242134184,0.00014496690710912255,7.979670319659513e-07,0.45414,0.0030046739132059738,50000,1.0315893875691715
91,27,30.0,fit,1247,sim,clean,wiener,0.00015153177054512206,0.00016870402314146305,8.403182746587121e-07,0.36476,0.003164143752200805,50000,1.1133244370772237
91,23,20.0,fit,1258,sim,clean,wiener,0.00014667861427861988,0.00015967977607524096,8.402047551412647e-07,0.39874,0.003163716304550651,50000,1.0886370645138836
91,29,40.0,fit,1247,sim,clean,wiener,0.00014861421614938285,0.00016499128111716093,8.484197644828305e-07,0.37874,0.0031946491918461747,50000,1.1101985085418498
91,11,3.0,fit,1277,sim,clean,wiener,0.0001348637307255221,0.000139161432098304,7.950747575391262e-07,0.476,0.002993783310998131,50000,1.0318669915896712
91,15,5.0,fit,1278,sim,clean,wiener,0.00013571703675314235,0.00014068052254029311,8.097243977604311e-07,0.47028,0.003048945228781078,50000,1.036572311817999
91,13,4.0,fit,1277,sim,clean,wiener,0.00013479602787463109,0.0001397669436730829,8.015106583479127e-07,0.47372,0.0030180171232904755,50000,1.0368773166155538
91,17,6.0,fit,1261,sim,clean,wiener,0.00013861141673370632,0.00014281574756714495,8.073820348846037e-07,0.46224,0.0030401252696269743,50000,1.0303317788138318
91,25,26.0,fit,1250,sim,clean,wiener,0.00015177147694471122,0.00016450793415834623,8.392222675701986e-07,0.38056,0.0031600168349528177,50000,1.0839186484182055
91,19,8.0,fit,1259,sim,clean,wiener,0.00014080951951078822,0.00014826535174015487,8.239641805489613e-07,0.44172,0.0031025638648405204,50000,1.0529497739589646
91,21,10.0,fit,1259,sim,clean,wiener,0.0001444584926412178,0.00015348656119636224,8.338621761250418e-07,0.42206,0.00313983388717115,50000,1.0624959349227523
91,9,2.0,fit,1278,sim,clean,wiener,0.00014052772242134184,0.0001446269707864397,7.995092800990494e-07,0.45542,0.0030104811114329403,50000,1.0291703892617512
91,27,30.0,fit,1248,sim,clean,wiener,0.00015153177054512206,0.00016984599672547582,8.477842145295784e-07,0.36046,0.0031922560850026864,50000,1.1208606361192108
91,29,40.0,fit,1248,sim,clean,wiener,0.00014861421614938285,0.00016604827062050305,8.405055678164707e-07,0.37476,0.003164848987934483,50000,1.1173108126721603
91,23,20.0,fit,1259,sim,clean,wiener,0.00014667861427861988,0.00015816068563325182,8.551156664066805e-07,0.40446,0.0032198620152211086,50000,1.0782804733403157
91,15,5.0,fit,1279,sim,clean,wiener,0.00013571703675314235,0.0001396394675520768,8.008813079123756e-07,0.4742,0.003015647360179756,50000,1.0289015358187419
91,11,3.0,fit,1278,sim,clean,wiener,0.0001348637307255221,0.00013859310105881855,7.955212271559073e-07,0.47814,0.0029954644526453945,50000,1.027652878303408
91,13,4.0,fit,1278,sim,clean,wiener,0.00013479602787463109,0.00013856123202856703,8.055945993195436e-07,0.47826,0.0030333948399240817,50000,1.0279326046420139
91,17,6.0,fit,1262,sim,clean,wiener,0.00013861141673370632,0.00014366558837385215,7.985426473180567e-07,0.45904,0.0030068413416375105,50000,1.0364628813357826
91,25,26.0,fit,1251,sim,clean,wiener,0.00015177147694471122,0.00016562335021714944,8.315200399397236e-07,0.37636,0.003131014781600005,50000,1.091267961222281
91,27,30.0,fit,1249,sim,clean,wiener,0.00015153177054512206,0.00016709463711376128,8.441495610240515e-07,0.37082,0.0031785701203774393,50000,1.1027036542413065
91,19,8.0,fit,1260,sim,clean,wiener,0.00014080951951078822,0.00014682062236875262,8.201187750600696e-07,0.44716,0.003088084332359453,50000,1.0426896056378054
91,9,2.0,fit,1279,sim,clean,wiener,0.00014052772242134184,0.00014358060429318144,7.967032702372605e-07,0.45936,0.0029999153307751305,50000,1.0217244100967224
91,21,10.0,fit,1260,sim,clean,wiener,0.0001444584926412178,0.00015137789369472002,8.189322692864742e-07,0.43,0.0030836166503588483,50000,1.04789888726506
91,29,40.0,fit,1249,sim,clean,wiener,0.00014861421614938285,0.0001638068154928128,8.375803606168556e-07,0.3832,0.0031538343802986865,50000,1.1022284390892911
91,23,20.0,fit,1260,sim,clean,wiener,0.00014667861427861988,0.00015712494215007743,8.347302522447673e-07,0.40836,0.0031431025506210553,50000,1.0712191611765194
91,15,5.0,fit,1280,sim,clean,wiener,0.00013571703675314235,0.00013985723925879551,8.131131571567827e-07,0.47338,0.0030617053010001814,50000,1.0305061369206272
91,11,3.0,fit,1279,sim,clean,wiener,0.0001348637307255221,0.00013730771683867393,7.906267129480582e-07,0.48298,0.0029770345945572627,50000,1.0181218931139158
91,13,4.0,fit,1279,sim,clean,wiener,0.00013479602787463109,0.00013771139122185984,7.957264957424158e-07,0.48146,0.002996237373257871,50000,1.021627961841281
91,25,26.0,fit,1252,sim,clean,wiener,0.00015177147694471122,0.00016652630607427585,8.397848694382008e-07,0.37296,0.0031621352622669668,50000,1.0972174049208183
91,17,6.0,fit,1263,sim,clean,wiener,0.00013861141673370632,0.00014321942195033086,7.973707083235542e-07,0.46072,0.003002428509548477,50000,1.0332440525117583
91,27,30.0,fit,1250,sim,clean,wiener,0.00015153177054512206,0.00016742395042636032,8.443705519930071e-07,0.36958,0.0031794022422231743,50000,1.1048768837324843
91,29,40.0,fit,1250,sim,clean,wiener,0.00014861421614938285,0.00016483724747094527,8.350201307412551e-07,0.37932,0.003144194062327059,50000,1.1091620421107997
91,9,2.0,fit,1280,sim,clean,wiener,0.00014052772242134184,0.00014451542918055934,8.022824410454312e-07,0.45584,0.0030209232024203166,50000,1.0283766554421285
91,19,8.0,fit,1261,sim,clean,wiener,0.00014080951951078822,0.00014684186838892033,8.182052151233112e-07,0.44708,0.0030808789925483976,50000,1.042840490466058
91,21,10.0,fit,1261,sim,clean,wiener,0.0001444584926412178,0.00015291291865183486,8.324512306458532e-07,0.42422,0.003134521097413622,50000,1.0585249496657476
91,23,20.0,fit,1261,sim,clean,wiener,0.00014667861427861988,0.00015780481479544322,8.290995999836569e-07,0.4058,0.003121900830141938,50000,1.07585427890455
91,15,5.0,fit,1281,sim,clean,wiener,0.00013571703675314235,0.00014007501096551425,7.900937783087072e-07,0.47256,0.0029750278765549457,50000,1.032110738022513
91,11,3.0,fit,1280,sim,clean,wiener,0.0001348637307255221,0.0001380194585142912,7.943251690065773e-07,0.4803,0.002990960802023244,50000,1.0233993807808248
91,13,4.0,fit,1280,sim,clean,wiener,0.00013479602787463109,0.00013886398781595648,8.040175569944135e-07,0.47712,0.0030274566272605013,50000,1.030178633639775
91,25,26.0,fit,1253,sim,clean,wiener,0.00015177147694471122,0.00016631915737764095,8.36462558013761e-07,0.37374,0.00314962539397834,50000,1.0958525325429185
91,27,30.0,fit,1251,sim,clean,wiener,0.00015153177054512206,0.0001689855329086848,8.490278773064601e-07,0.3637,0.0031969389866174504,50000,1.1151821977712948
91,29,40.0,fit,1251,sim,clean,wiener,0.00014861421614938285,0.00016568708827765247,8.474674301711826e-07,0.37612,0.003191063261665814,50000,1.1148804775924561
91,17,6.0,fit,1264,sim,clean,wiener,0.00013861141673370632,0.0001434956202125107,8.085021695597381e-07,0.45968,0.003044343037157247,50000,1.0352366608313923
91,9,2.0,fit,1281,sim,clean,wiener,0.00014052772242134184,0.0001443932645645952,7.937394782397072e-07,0.4563,0.002988755435513196,50000,1.0275073279253994
91,19,8.0,fit,1262,sim,clean,wiener,0.00014080951951078822,0.00014878587923426305,8.109810110622664e-07,0.43976,0.003053676894446149,50000,1.0566464522511472
91,21,10.0,fit,1262,sim,clean,wiener,0.0001444584926412178,0.0001531838054089728,8.181354593400267e-07,0.4232,0.0030806163333482878,50000,1.0604001371482221
91,23,20.0,fit,1262,sim,clean,wiener,0.00014667861427861988,0.00015895741138953985,8.143326462106316e-07,0.40146,0.0030662971786101028,50000,1.0837122519278515
91,15,5.0,fit,1282,sim,clean,wiener,0.00013571703675314235,0.0001390605135025075,8.054170204350913e-07,0.47638,0.0030327261824228623,50000,1.024635645084461
91,25,26.0,fit,1254,sim,clean,wiener,0.00015177147694471122,0.00016527279088438272,8.353143815538241e-07,0.37768,0.0031453020376005334,50000,1.0889581771981431
91,13,4.0,fit,1281,sim,clean,wiener,0.00013479602787463109,0.00013940044982519036,7.881260818251331e-07,0.4751,0.002967618690390028,50000,1.0341584394077374
91,11,3.0,fit,1281,sim,clean,wiener,0.0001348637307255221,0.0001386355930991539,7.837536995489469e-07,0.47798,0.0029511548736688613,50000,1.0279679521939697
91,27,30.0,fit,1252,sim,clean,wiener,0.00015153177054512206,0.00016999471886664958,8.437501699844846e-07,0.3599,0.003177066248927013,50000,1.1218420945990977
91,29,40.0,fit,1252,sim,clean,wiener,0.00014861421614938285,0.00016690342293225217,8.447541920721537e-07,0.37154,0.003180846804832524,50000,1.1230649883755772
91,17,6.0,fit,1265,sim,clean,wiener,0.00013861141673370632,0.0001426245333856358,7.994086990552568e-07,0.46296,0.0030101023824549997,50000,1.0289522807463927
91,9,2.0,fit,1282,sim,clean,wiener,0.00014052772242134184,0.00014311850335453437,7.961736046661345e-07,0.4611,0.002997920922158568,50000,1.0184360842725724
91,21,10.0,fit,1263,sim,clean,wiener,0.0001444584926412178,0.00015176563356278017,8.130155618740933e-07,0.42854,0.003061337814640217,50000,1.050582979151739
91,19,8.0,fit,1263,sim,clean,wiener,0.00014080951951078822,0.00014711275514605823,8.20170251924744e-07,0.44606,0.0030882781639166787,50000,1.044764272026275
91,23,20.0,fit,1263,sim,clean,wiener,0.00014667861427861988,0.00015842626088534786,8.309843843465116e-07,0.40346,0.0031289978180878385,50000,1.0800910662028278
91,15,5.0,fit,1283,sim,clean,wiener,0.00013571703675314235,0.00014175344655876097,8.019264638730754e-07,0.46624,0.003019582802027033,50000,1.0444779074907031
91,25,26.0,fit,1255,sim,clean,wiener,0.00015177147694471122,0.0001671530636692224,8.458203196711398e-07,0.3706,0.003184861213519222,50000,1.101347018782156
91,13,4.0,fit,1282,sim,clean,wiener,0.00013479602787463109,0.00013814162313025534,7.949913320813104e-07,0.47984,0.0029934691798539173,50000,1.0248196872591517
91,11,3.0,fit,1282,sim,clean,wiener,0.0001348637307255221,0.00013778044078740478,7.844147002458001e-07,0.4812,0.002953643813024605,50000,1.0216270901464148
91,27,30.0,fit,1253,sim,clean,wiener,0.00015153177054512206,0.00016997347284648193,8.468192755879108e-07,0.35998,0.0031886226932086393,50000,1.1217018862448283
91,29,40.0,fit,1253,sim,clean,wiener,0.00014861421614938285,0.00016639882995326977,8.494676607345525e-07,0.37344,0.003198594952015662,50000,1.1196696673083437
91,9,2.0,fit,1283,sim,clean,wiener,0.00014052772242134184,0.0001455405496536499,7.972997599082301e-07,0.45198,0.003002161359598456,50000,1.0356714472129434
91,17,6.0,fit,1266,sim,clean,wiener,0.00013861141673370632,0.0001434690626873011,8.035699671291379e-07,0.45978,0.003025771267417131,50000,1.0350450638775812
91,21,10.0,fit,1264,sim,clean,wiener,0.0001444584926412178,0.00015349187270140415,8.433896767752637e-07,0.42204,0.0031757088437984263,50000,1.0625327033047616
91,19,8.0,fit,1264,sim,clean,wiener,0.00014080951951078822,0.00014802102250822656,8.232254554649335e-07,0.44264,0.003099782261215192,50000,1.0512145984340628
91,23,20.0,fit,1264,sim,clean,wiener,0.00014667861427861988,0.00015954698844919293,8.484247896284488e-07,0.39924,0.003194668113585225,50000,1.0877317680826275
91,25,26.0,fit,1256,sim,clean,wiener,0.00015177147694471122,0.00016720617871964158,8.276333868612357e-07,0.3704,0.003116379934987554,50000,1.1016969860585404
91,13,4.0,fit,1283,sim,clean,wiener,0.00013479602787463109,0.00014066989953020925,7.992606469136798e-07,0.47032,0.0030095449052789133,50000,1.0435759995913325
91,27,30.0,fit,1254,sim,clean,wiener,0.00015153177054512206,0.00016936264976666113,8.384831197946644e-07,0.36228,0.0031572336397202023,50000,1.1176708960595791
91,11,3.0,fit,1283,sim,clean,wiener,0.0001348637307255221,0.00014017592956131072,7.884016135215874e-07,0.47218,0.0029686561804960518,50000,1.0393893807268326
91,29,40.0,fit,1254,sim,clean,wiener,0.00014861421614938285,0.00016580394138857472,8.373652880976233e-07,0.37568,0.0031530245438491874,50000,1.115666762471184
91,17,6.0,fit,1267,sim,clean,wiener,0.00013861141673370632,0.00014436139553434366,8.075194477230959e-07,0.45642,0.0030406426854532147,50000,1.0414827215256297
91,21,10.0,fit,1265,sim,clean,wiener,0.0001444584926412178,0.00015263140888461312,8.217339013115345e-07,0.42528,0.0030941659466616816,50000,1.0565762254192548
91,19,8.0,fit,1265,sim,clean,wiener,0.00014080951951078822,0.00014801571100318462,8.160882910411635e-07,0.44266,0.0030729079031285803,50000,1.0511768772269996
91,23,20.0,fit,1265,sim,clean,wiener,0.00014667861427861988,0.00015803320951224574,8.301261621340508e-07,0.40494,0.0031257662586496476,50000,1.07741138876631
91,25,26.0,fit,1257,sim,clean,wiener,0.00015177147694471122,0.00016711588313392893,8.414803550949278e-07,0.37074,0.0031685194627651147,50000,1.1011020416886865
91,27,30.0,fit,1255,sim,clean,wiener,0.00015153177054512206,0.00017037714722966784,8.400329508791399e-07,0.35846,0.0031630693908763956,50000,1.1243658449759493
91,29,40.0,fit,1255,sim,clean,wiener,0.00014861421614938285,0.00016685030788183297,8.314617789250435e-07,0.37174,0.0031307954049290977,50000,1.1227075861579736
91,17,6.0,fit,1268,sim,clean,wiener,0.00013861141673370632,0.0001446004132612301,7.977153212400381e-07,0.45552,0.0030037261188466478,50000,1.0432070941099287
91,19,8.0,fit,1266,sim,clean,wiener,0.00014080951951078822,0.00014732521534773505,8.161363250274775e-07,0.44526,0.00307308877083344,50000,1.0462731203087987
91,21,10.0,fit,1266,sim,clean,wiener,0.0001444584926412178,0.0001518877981787443,8.229786507992652e-07,0.42808,0.00309885294018953,50000,1.0514286519379528
91,23,20.0,fit,1266,sim,clean,wiener,0.00014667861427861988,0.00015844750690551548,8.29554532755162e-07,0.40338,0.003123613839045873,50000,1.0802359136318282
91,25,26.0,fit,1258,sim,clean,wiener,0.00015177147694471122,0.00016632978038772482,8.522180357866368e-07,0.3737,0.00320895124474391,50000,1.0959225259981955
91,27,30.0,fit,1256,sim,clean,wiener,0.00015153177054512206,0.0001706108534515123,8.351383157877746e-07,0.35758,0.003144639077612131,50000,1.1259081368729142
91,29,40.0,fit,1256,sim,clean,wiener,0.00014861421614938285,0.00016743988494148605,8.254884488923477e-07,0.36952,0.0031083033617678754,50000,1.1266747507733725
91,17,6.0,fit,1269,sim,clean,wiener,0.00013861141673370632,0.00014370808041418753,8.149572767247153e-07,0.45888,0.0030686491692762286,50000,1.0367694364618802
91,19,8.0,fit,1267,sim,clean,wiener,0.00014080951951078822,0.00014937545629391616,8.158050984066989e-07,0.43754,0.003071841566441598,50000,1.0608335062351495
91,23,20.0,fit,1267,sim,clean,wiener,0.00014667861427861988,0.00015966384156011518,8.239371274605162e-07,0.3988,0.0031024619988412167,50000,1.0885284289421329
91,21,10.0,fit,1267,sim,clean,wiener,0.0001444584926412178,0.00015410800728626688,8.276920281039517e-07,0.41972,0.003116600743373325,50000,1.0667978356178405
91,25,26.0,fit,1259,sim,clean,wiener,0.00015177147694471122,0.00016602702460033535,8.579846723425482e-07,0.37484,0.0032306650019950068,50000,1.0939277125228035
91,27,30.0,fit,1257,sim,clean,wiener,0.00015153177054512206,0.00017025498261370367,8.5288953721733e-07,0.35892,0.0032114797236793284,50000,1.1235596469388995
91,29,40.0,fit,1257,sim,clean,wiener,0.00014861421614938285,0.00016661660165998848,8.44281614120888e-07,0.37262,0.0031790673545729993,50000,1.121135016400518
91,17,6.0,fit,1270,sim,clean,wiener,0.00013861141673370632,0.0001450572026948352,8.082807393299967e-07,0.4538,0.003043509261314077,50000,1.046502561715477
91,19,8.0,fit,1268,sim,clean,wiener,0.00014080951951078822,0.00014921079963761664,8.150899579814002e-07,0.43816,0.003069148768751849,50000,1.0596641488161938
91,23,20.0,fit,1268,sim,clean,wiener,0.00014667861427861988,0.00015852186797610238,8.344025451434384e-07,0.4031,0.003141868598666788,50000,1.0807428796333318
91,21,10.0,fit,1268,sim,clean,wiener,0.0001444584926412178,0.00015382649751904514,8.170286784474159e-07,0.42078,0.00307644884829885,50000,1.0648491113713476
91,25,26.0,fit,1260,sim,clean,wiener,0.00015177147694471122,0.0001642848509465856,8.299219304583118e-07,0.3814,0.0031249972424324843,50000,1.0824487858573906
91,27,30.0,fit,1258,sim,clean,wiener,0.00015153177054512206,0.00017016999853303294,8.567379033425646e-07,0.35924,0.0032259704041733206,50000,1.1229988135218212
91,29,40.0,fit,1258,sim,clean,wiener,0.00014861421614938285,0.00016606420513562878,8.422789879687889e-07,0.3747,0.0031715266438467784,50000,1.1174180333374413
91,17,6.0,fit,1271,sim,clean,wiener,0.00013861141673370632,0.00014175875806380286,7.986112407185052e-07,0.46622,0.0030070996239883966,50000,1.0227062200521553
91,19,8.0,fit,1269,sim,clean,wiener,0.00014080951951078822,0.00014787230036705277,8.199838442611834e-07,0.4432,0.003087576262432676,50000,1.0501584046362962
91,23,20.0,fit,1269,sim,clean,wiener,0.00014667861427861988,0.0001584421954004736,8.453130687713201e-07,0.4034,0.0031829512053546194,50000,1.0801997017745784
91,21,10.0,fit,1269,sim,clean,wiener,0.0001444584926412178,0.00015274295049049342,8.309341203584383e-07,0.42486,0.0031288085535096195,50000,1.05734836144145
91,25,26.0,fit,1261,sim,clean,wiener,0.00015177147694471122,0.00016578269536840704,8.310912911011397e-07,0.37576,0.0031294003659675237,50000,1.0923178630514347
91,27,30.0,fit,1259,sim,clean,wiener,0.00015153177054512206,0.00016919268160531966,8.604256901965985e-07,0.36292,0.0032398564376983903,50000,1.1165492292254227
91,29,40.0,fit,1259,sim,clean,wiener,0.00014861421614938285,0.00016573489182302977,8.501976271025638e-07,0.37594,0.003201343575474551,50000,1.1152021395882994
91,17,6.0,fit,1272,sim,clean,wiener,0.00013861141673370632,0.00014355404676797185,8.070948354914727e-07,0.45946,0.0030390438458464666,50000,1.0356581741297766
91,23,20.0,fit,1270,sim,clean,wiener,0.00014667861427861988,0.0001601153194886784,8.312273336863816e-07,0.3971,0.0031299126222269764,50000,1.091606436808403
91,19,8.0,fit,1270,sim,clean,wiener,0.00014080951951078822,0.0001494179483342515,8.213294102866873e-07,0.43738,0.003092642871670112,50000,1.0611352758916541
91,21,10.0,fit,1270,sim,clean,wiener,0.0001444584926412178,0.00015430984447785984,8.333113610539598e-07,0.41896,0.0031377598419928634,50000,1.0681950341341937
91,25,26.0,fit,1262,sim,clean,wiener,0.00015177147694471122,0.00016614387771125757,8.295283099013575e-07,0.3744,0.0031235150992212934,50000,1.0946976405308493
91,27,30.0,fit,1260,sim,clean,wiener,0.00015153177054512206,0.00016770014868854017,8.342704842669464e-07,0.36854,0.0031413713351776274,50000,1.1066995923379883
91,29,40.0,fit,1260,sim,clean,wiener,0.00014861421614938285,0.00016445481910792704,8.37594067658401e-07,0.38076,0.00315388599294496,50000,1.1065887461440542
91,17,6.0,fit,1273,sim,clean,wiener,0.00013861141673370632,0.00014309194582932478,8.084561657108233e-07,0.4612,0.0030441698137542686,50000,1.0323243871334655
91,23,20.0,fit,1271,sim,clean,wiener,0.00014667861427861988,0.00015773045372485632,8.185530531881721e-07,0.40608,0.003082188745856041,50000,1.0753473129030464
91,19,8.0,fit,1271,sim,clean,wiener,0.00014080951951078822,0.0001466825232376627,8.148984961841066e-07,0.44768,0.003068427836376627,50000,1.041708854254165
91,21,10.0,fit,1271,sim,clean,wiener,0.0001444584926412178,0.00015173907603757055,8.113868978513928e-07,0.42864,0.0030552052250640174,50000,1.0503991372416923
91,25,26.0,fit,1263,sim,clean,wiener,0.00015177147694471122,0.00016480006693565184,8.253260104646627e-07,0.37946,0.0031076917143105045,50000,1.0858434684383207
91,27,30.0,fit,1261,sim,clean,wiener,0.00015153177054512206,0.00016933078073640958,8.444128299941874e-07,0.3624,0.0031795614362777657,50000,1.1174605835281748
91,29,40.0,fit,1261,sim,clean,wiener,0.00014861421614938285,0.00016617574674150914,8.368271953917224e-07,0.37428,0.00315099840360587,50000,1.1181685779944088
91,17,6.0,fit,1274,sim,clean,wiener,0.00013861141673370632,0.00014285292810243842,7.881679816810375e-07,0.4621,0.0029677764605722033,50000,1.0306000145491672
91,23,20.0,fit,1272,sim,clean,wiener,0.00014667861427861988,0.00015767202716939518,8.227175498043264e-07,0.4063,0.003097869787607058,50000,1.0749489824732938
91,19,8.0,fit,1272,sim,clean,wiener,0.00014080951951078822,0.0001480847605687296,8.14953874625724e-07,0.4424,0.0030686363589749505,50000,1.0516672529188198
91,21,10.0,fit,1272,sim,clean,wiener,0.0001444584926412178,0.00015221179998630143,8.19455236920333e-07,0.42686,0.0030855858384881314,50000,1.05367152324052
91,25,26.0,fit,1264,sim,clean,wiener,0.00015177147694471122,0.00016669096273057535,8.422134707428113e-07,0.37234,0.003171279944557366,50000,1.0983023034776103
91,27,30.0,fit,1262,sim,clean,wiener,0.00015153177054512206,0.00016931484622128383,8.266382282080521e-07,0.36246,0.0031126327535565676,50000,1.1173554272624726
91,29,40.0,fit,1262,sim,clean,wiener,0.00014861421614938285,0.00016594735202470653,8.322522468571506e-07,0.37514,0.0031337718416485152,50000,1.1166317484587134
91,17,6.0,fit,1275,sim,clean,wiener,0.00013861141673370632,0.00014511562925029631,8.061487174176355e-07,0.45358,0.003035481322356909,50000,1.046924075013861
91,19,8.0,fit,1273,sim,clean,wiener,0.00014080951951078822,0.00014709150912589055,8.155759044170051e-07,0.44614,0.003070978556850588,50000,1.0446133871980228
91,23,20.0,fit,1273,sim,clean,wiener,0.00014667861427861988,0.0001589733459046656,8.409700532356858e-07,0.4014,0.0031665979664840626,50000,1.083820887499602
91,21,10.0,fit,1273,sim,clean,wiener,0.0001444584926412178,0.00015266858941990653,8.369266691677765e-07,0.42514,0.003151372963265586,50000,1.0568336040933197
91,25,26.0,fit,1265,sim,clean,wiener,0.00015177147694471122,0.00016498065810707712,8.343711879427839e-07,0.37878,0.0031417505259156296,50000,1.087033357178028
91,27,30.0,fit,1263,sim,clean,wiener,0.00015153177054512206,0.00016784887082971393,8.355560683058473e-07,0.36798,0.0031462120875773883,50000,1.107681050817875
91,29,40.0,fit,1263,sim,clean,wiener,0.00014861421614938285,0.0001644123270675917,8.245738082504416e-07,0.38092,0.003104859363749658,50000,1.1063028243699715
91,17,6.0,fit,1276,sim,clean,wiener,0.00013861141673370632,0.00014384617954527743,7.961911863225585e-07,0.45836,0.0029979871243226825,50000,1.0377657406216971
91,19,8.0,fit,1274,sim,clean,wiener,0.00014080951951078822,0.00014793072692251394,8.113362984303215e-07,0.44298,0.003055014697442667,50000,1.0505733379139905
91,21,10.0,fit,1274,sim,clean,wiener,0.0001444584926412178,0.0001536830868829133,8.224003751102572e-07,0.42132,0.003096675494495912,50000,1.0638563650570965
91,23,20.0,fit,1274,sim,clean,wiener,0.00014667861427861988,0.00015918580610634238,8.308671518488225e-07,0.4006,0.0031285563895406985,50000,1.0852693617896114
91,25,26.0,fit,1266,sim,clean,wiener,0.00015177147694471122,0.0001660429591154611,8.35749209284687e-07,0.37478,0.003146939342761429,50000,1.0940327027057188
91,27,30.0,fit,1264,sim,clean,wiener,0.00015153177054512206,0.00016959635598850562,8.522047275125656e-07,0.3614,0.003208901133621107,50000,1.1192131879565441
91,29,40.0,fit,1264,sim,clean,wiener,0.00014861421614938285,0.0001668131273465395,8.483730039021882e-07,0.37188,0.0031944731190371566,50000,1.122457404605651
91,17,6.0,fit,1277,sim,clean,wiener,0.00013861141673370632,0.00014487130001836798,8.032461357277029e-07,0.4545,0.003024551909066233,50000,1.0451613830388002
91,19,8.0,fit,1275,sim,clean,wiener,0.00014080951951078822,0.00014937014478887424,8.094134600608991e-07,0.43756,0.0030477744205183424,50000,1.0607957850280865
91,21,10.0,fit,1275,sim,clean,wiener,0.0001444584926412178,0.0001535609222669491,8.164717639319509e-07,0.42178,0.0030743518362050283,50000,1.0630106922708824
91,23,20.0,fit,1275,sim,clean,wiener,0.00014667861427861988,0.00015917518309625857,8.359543626309134e-07,0.40064,0.0031477118294468685,50000,1.0851969380751112
91,27,30.0,fit,1265,sim,clean,wiener,0.00015153177054512206,0.0001686880886263373,8.386717878564617e-07,0.36482,0.003157944052532798,50000,1.1132192808115215
91,25,26.0,fit,1267,sim,clean,wiener,0.00015177147694471122,0.00016671752025578494,8.335595101755472e-07,0.37224,0.003138694225447756,50000,1.0984772871158024
91,29,40.0,fit,1265,sim,clean,wiener,0.00014861421614938285,0.0001652940369045504,8.27190674504238e-07,0.3776,0.0031147129409679545,50000,1.1122357011821902
91,17,6.0,fit,1278,sim,clean,wiener,0.00013861141673370632,0.0001434637511822592,8.180453161223031e-07,0.4598,0.003080276907076404,50000,1.0350067444868192
91,23,20.0,fit,1276,sim,clean,wiener,0.00014667861427861988,0.00015885118128870145,8.214111095506471e-07,0.40186,0.003092950502984833,50000,1.0829880147828466
91,19,8.0,fit,1276,sim,clean,wiener,0.00014080951951078822,0.00014901958545610752,8.201561989632615e-07,0.43888,0.0030882252487396374,50000,1.058306185361923
91,21,10.0,fit,1276,sim,clean,wiener,0.0001444584926412178,0.00015332190454006272,8.220199724333503e-07,0.42268,0.0030952431220368642,50000,1.0613561150804638
91,25,26.0,fit,1268,sim,clean,wiener,0.00015177147694471122,0.00016616512373142527,8.330362011928044e-07,0.37432,0.003136723751999599,50000,1.0948376274414033
91,27,30.0,fit,1266,sim,clean,wiener,0.00015153177054512206,0.00016952199491791873,8.38038967826431e-07,0.36168,0.0031555612249724876,50000,1.1187224587166007
91,29,40.0,fit,1266,sim,clean,wiener,0.00014861421614938285,0.0001660695166406707,8.38727784109011e-07,0.37468,0.003158154901443257,50000,1.1174537735592016
91,17,6.0,fit,1279,sim,clean,wiener,0.00013861141673370632,0.0001417428235486771,8.102169790797551e-07,0.46628,0.0030507999999445667,50000,1.0225912618798687
91,23,20.0,fit,1277,sim,clean,wiener,0.00014667861427861988,0.00015906895299542013,8.323835271660348e-07,0.40104,0.0031342661659797474,50000,1.084472700930106
91,21,10.0,fit,1277,sim,clean,wiener,0.0001444584926412178,0.00015398584267030271,8.221958094871302e-07,0.42018,0.00309590522082955,50000,1.0659521628316264
91,19,8.0,fit,1277,sim,clean,wiener,0.00014080951951078822,0.00014886555180989184,8.160582270589424e-07,0.43946,0.0030727946998764556,50000,1.0572122703570934
91,25,26.0,fit,1269,sim,clean,wiener,0.00015177147694471122,0.00016545869356084992,8.371789574512408e-07,0.37698,0.003152322932366521,50000,1.090183062665489
91,27,30.0,fit,1267,sim,clean,wiener,0.00015153177054512206,0.0001702071790683264,8.354646165153805e-07,0.3591,0.0031458677339911826,50000,1.123244178141793
91,29,40.0,fit,1267,sim,clean,wiener,0.00014861421614938285,0.000166914045942336,8.40405344361754e-07,0.3715,0.0031644716054264155,50000,1.123136468819098
91,17,6.0,fit,1280,sim,clean,wiener,0.00013861141673370632,0.0001432512909805824,8.145678322791058e-07,0.4606,0.003067182750841017,50000,1.0334739688563317
91,23,20.0,fit,1278,sim,clean,wiener,0.00014667861427861988,0.0001576454696441856,8.286217681567778e-07,0.4064,0.0031201015968809025,50000,1.0747679231870426
91,21,10.0,fit,1278,sim,clean,wiener,0.0001444584926412178,0.00015223835751151102,8.207847210148306e-07,0.42676,0.0030905918926441753,50000,1.0538553651505664
91,19,8.0,fit,1278,sim,clean,wiener,0.00014080951951078822,0.00014836627033595133,8.18556188912883e-07,0.44134,0.0030822005531486486,50000,1.0536664768931632
91,25,26.0,fit,1270,sim,clean,wiener,0.00015177147694471122,0.00016721680172972542,8.42748761258449e-07,0.37036,0.0031732955334023843,50000,1.1017669795138172
91,27,30.0,fit,1268,sim,clean,wiener,0.00015153177054512206,0.0001692457966557389,8.380036623981956e-07,0.36272,0.003155428285521403,50000,1.1168997501110969
91,29,40.0,fit,1268,sim,clean,wiener,0.00014861421614938285,0.00016598453256,8.379120142002048e-07,0.375,0.003155083192380128,50000,1.116881930011036
91,17,6.0,fit,1281,sim,clean,wiener,0.00013861141673370632,0.00014390460610073856,8.014801753932984e-07,0.45814,0.003017902342435054,50000,1.0381872539200814
91,23,20.0,fit,1279,sim,clean,wiener,0.00014667861427861988,0.00015853780249122814,8.347735523761815e-07,0.40304,0.003143265593416167,50000,1.0808515152050824
91,21,10.0,fit,1279,sim,clean,wiener,0.0001444584926412178,0.00015276419651066113,8.313235029426901e-07,0.42478,0.0031302747390113887,50000,1.0574954349694874
91,19,8.0,fit,1279,sim,clean,wiener,0.00014080951951078822,0.00014741019942840576,8.200558244092744e-07,0.44494,0.003087847297280701,50000,1.046876659621808
91,25,26.0,fit,1271,sim,clean,wiener,0.00015177147694471122,0.00016366340485668096,8.36360386379217e-07,0.38374,0.0031492406757723415,50000,1.0783541687236913
91,27,30.0,fit,1269,sim,clean,wiener,0.00015153177054512206,0.000168905860333056,8.447442366770963e-07,0.364,0.00318080931867755,50000,1.1146564164427841
91,29,40.0,fit,1269,sim,clean,wiener,0.00014861421614938285,0.00016570302279277823,8.259532023010089e-07,0.37606,0.003110053349407888,50000,1.1149876982577371
91,17,6.0,fit,1282,sim,clean,wiener,0.00013861141673370632,0.0001428316820822707,8.12709950192508e-07,0.46218,0.003060187061024534,50000,1.0304467369861183
91,21,10.0,fit,1280,sim,clean,wiener,0.0001444584926412178,0.0001526473433997389,8.134402080726963e-07,0.42522,0.0030629367821466075,50000,1.056686530565283
91,23,20.0,fit,1280,sim,clean,wiener,0.00014667861427861988,0.00015843688389543167,8.221698467459368e-07,0.40342,0.003095807460435882,50000,1.080163489917328
91,19,8.0,fit,1280,sim,clean,wiener,0.00014080951951078822,0.00014805820304352,8.16704793412005e-07,0.4425,0.003075229287993984,50000,1.0514786468835042
91,27,30.0,fit,1270,sim,clean,wiener,0.00015153177054512206,0.0001707914446229376,8.374470025819073e-07,0.3569,0.0031533322324746866,50000,1.1270999078842052
91,25,26.0,fit,1272,sim,clean,wiener,0.00015177147694471122,0.00016459291823901694,8.096615536660643e-07,0.38024,0.003048708594931083,50000,1.0844785960604209
91,29,40.0,fit,1270,sim,clean,wiener,0.00014861421614938285,0.0001677054601935821,8.46317268580014e-07,0.36852,0.0031867324304528486,50000,1.1284617618613906
91,17,6.0,fit,1283,sim,clean,wiener,0.00013861141673370632,0.00014476506991752957,8.008900509522077e-07,0.4549,0.0030156802813189176,50000,1.0443949952235563
91,21,10.0,fit,1281,sim,clean,wiener,0.0001444584926412178,0.0001537468249434163,8.204636492451942e-07,0.42108,0.003089382925441462,50000,1.0642975856412078
91,23,20.0,fit,1281,sim,clean,wiener,0.00014667861427861988,0.0001600940734685107,8.330338835784278e-07,0.39718,0.003136715025228718,50000,1.091461589379402
91,19,8.0,fit,1281,sim,clean,wiener,0.00014080951951078822,0.00014910988104182017,8.143737805260791e-07,0.43854,0.0030664520662177504,50000,1.0589474458819954
91,25,26.0,fit,1273,sim,clean,wiener,0.00015177147694471122,0.0001659898440650419,8.415642414812026e-07,0.37498,0.003168835329494461,50000,1.0936827354293344
91,27,30.0,fit,1271,sim,clean,wiener,0.00015153177054512206,0.00016768421417341438,8.500469263004464e-07,0.3686,0.0032007761250026864,50000,1.106594436072286
91,29,40.0,fit,1271,sim,clean,wiener,0.00014861421614938285,0.0001647947554306099,8.503342871948652e-07,0.37948,0.0032018581569019347,50000,1.1088761203367168
91,21,10.0,fit,1282,sim,clean,wiener,0.0001444584926412178,0.00015234989911739138,8.159541844415621e-07,0.42634,0.0030724029366509327,50000,1.0546275011727622
91,23,20.0,fit,1282,sim,clean,wiener,0.00014667861427861988,0.00015737458288704768,8.250141288251817e-07,0.40742,0.003106517351725815,50000,1.0729211184672807
91,19,8.0,fit,1282,sim,clean,wiener,0.00014080951951078822,0.00014764921715529217,8.172099228623637e-07,0.44404,0.003077131308029255,50000,1.048574113939647
91,27,30.0,fit,1272,sim,clean,wiener,0.00015153177054512206,0.00016742395042636032,8.277697868130394e-07,0.36958,0.0031168935368790225,50000,1.1048768837324843
91,25,26.0,fit,1274,sim,clean,wiener,0.00015177147694471122,0.00016579862988353282,8.243645931630876e-07,0.3757,0.003104071582939124,50000,1.0924228532343503
91,29,40.0,fit,1272,sim,clean,wiener,0.00014861421614938285,0.0001637483889373517,8.171386324841612e-07,0.38342,0.0030768628704484196,50000,1.1018352966499274
91,21,10.0,fit,1283,sim,clean,wiener,0.0001444584926412178,0.000155095947224064,8.295213903757717e-07,0.416,0.0031234890443629015,50000,1.0736367546715702
91,23,20.0,fit,1283,sim,clean,wiener,0.00014667861427861988,0.0001603808947407744,8.427177333300803e-07,0.3961,0.0031731787004967435,50000,1.093417029670915
91,19,8.0,fit,1283,sim,clean,wiener,0.00014080951951078822,0.00014904614298131712,8.143027354789037e-07,0.43878,0.003066184552409085,50000,1.0584947913972382
91,25,26.0,fit,1275,sim,clean,wiener,0.00015177147694471122,0.00016711057162888704,8.278176969800153e-07,0.37076,0.0031170739383531722,50000,1.1010670449610482
91,27,30.0,fit,1273,sim,clean,wiener,0.00015153177054512206,0.00016904927096918784,8.43939168768457e-07,0.36346,0.003177777907044555,50000,1.1156028228341035
91,29,40.0,fit,1273,sim,clean,wiener,0.00014861421614938285,0.0001660110900852096,8.538676169310252e-07,0.3749,0.0032151625958821255,50000,1.1170606311198377
91,27,30.0,fit,1274,sim,clean,wiener,0.00015153177054512206,0.00016962291351371522,8.379118854647875e-07,0.3613,0.0031550827076383594,50000,1.119388448399381
91,25,26.0,fit,1276,sim,clean,wiener,0.00015177147694471122,0.0001656923997826944,8.228478104270133e-07,0.3761,0.0030983602724005727,50000,1.091722918681581
91,29,40.0,fit,1274,sim,clean,wiener,0.00014861421614938285,0.00016632446888268287,8.432218205376823e-07,0.37372,0.003175076796059578,50000,1.1191693042036985
91,25,26.0,fit,1277,sim,clean,wiener,0.00015177147694471122,0.0001663350918927667,8.290282467055665e-07,0.37368,0.0031216321557171666,50000,1.0959575227258338
91,27,30.0,fit,1275,sim,clean,wiener,0.00015153177054512206,0.0001702390480985779,8.3784510403676e-07,0.35898,0.0031548312481085258,50000,1.1234544906731971
91,29,40.0,fit,1275,sim,clean,wiener,0.00014861421614938285,0.00016661129015494653,8.342166238541673e-07,0.37264,0.0031411685285819297,50000,1.1210992761787575
91,25,26.0,fit,1278,sim,clean,wiener,0.00015177147694471122,0.00016503908466253823,8.317254616304713e-07,0.37856,0.0031317882787128813,50000,1.087418321182051
91,27,30.0,fit,1276,sim,clean,wiener,0.00015153177054512206,0.00016879431872717567,8.372980347262875e-07,0.36442,0.003152771307258786,50000,1.113920322582869
91,29,40.0,fit,1276,sim,clean,wiener,0.00014861421614938285,0.0001654746280759757,8.233998785515037e-07,0.37692,0.0031004390358400622,50000,1.1134508687220424
91,25,26.0,fit,1279,sim,clean,wiener,0.00015177147694471122,0.0001655011856011853,8.358172890971644e-07,0.37682,0.0031471956912424714,50000,1.0904630364865968
91,29,40.0,fit,1277,sim,clean,wiener,0.00014861421614938285,0.00016673876627595262,8.391955438928886e-07,0.37216,0.0031599162093218563,50000,1.121957041501006
91,27,30.0,fit,1277,sim,clean,wiener,0.00015153177054512206,0.00016973445511959552,8.403074936147905e-07,0.36088,0.003164103157138439,50000,1.120124542259296
91,29,40.0,fit,1278,sim,clean,wiener,0.00014861421614938285,0.0001649753466020352,8.443124183596741e-07,0.3788,0.0031791833451954043,50000,1.110091287876569
91,27,30.0,fit,1278,sim,clean,wiener,0.00015153177054512206,0.00016857654702045696,8.396638626620627e-07,0.36524,0.0031616796220098908,50000,1.1124831869516065
91,25,26.0,fit,1280,sim,clean,wiener,0.00015177147694471122,0.00016564459623731712,8.321053777807495e-07,0.37628,0.0031332188191991643,50000,1.091407948132835
91,29,40.0,fit,1279,sim,clean,wiener,0.00014861421614938285,0.00016566053075244287,8.335775908021619e-07,0.37622,0.003138762306439761,50000,1.1147017764836544
91,27,30.0,fit,1279,sim,clean,wiener,0.00015153177054512206,0.00016894835237339138,8.480808120755904e-07,0.36384,0.0031933728966922967,50000,1.1149368331513234
91,25,26.0,fit,1281,sim,clean,wiener,0.00015177147694471122,0.00016714244065913853,8.333517869960965e-07,0.37064,0.003137912062283789,50000,1.1012770253268787
91,29,40.0,fit,1280,sim,clean,wiener,0.00014861421614938285,0.00016533121743984383,8.338845099716609e-07,0.37746,0.0031399179832849364,50000,1.1124858827345125
91,25,26.0,fit,1282,sim,clean,wiener,0.00015177147694471122,0.00016536308647009535,8.30575354665383e-07,0.37734,0.0031274576531895642,50000,1.0895531215679968
91,27,30.0,fit,1280,sim,clean,wiener,0.00015153177054512206,0.0001694104533120384,8.464632570606595e-07,0.3621,0.0031872821370971735,50000,1.1179863648566857
91,29,40.0,fit,1281,sim,clean,wiener,0.00014861421614938285,0.00016703621055830014,8.41696064918054e-07,0.37104,0.003169331698925765,50000,1.123958493919586
91,25,26.0,fit,1283,sim,clean,wiener,0.00015177147694471122,0.000166515683064192,8.292406977535882e-07,0.373,0.0031224321212498926,50000,1.0971474114655413
91,27,30.0,fit,1281,sim,clean,wiener,0.00015153177054512206,0.00017077551010781186,8.401265692794475e-07,0.35696,0.0031634219026393283,50000,1.1269947516185033
91,29,40.0,fit,1282,sim,clean,wiener,0.00014861421614938285,0.0001651984298137958,8.303499889143346e-07,0.37796,0.003126609058490812,50000,1.1115923771905034
91,27,30.0,fit,1282,sim,clean,wiener,0.00015153177054512206,0.00016875182668684032,8.409173637212663e-07,0.36458,0.0031663995688020357,50000,1.11363990587433
91,29,40.0,fit,1283,sim,clean,wiener,0.00014861421614938285,0.0001669459149725875,8.432897965277404e-07,0.37138,0.0031753327536065312,50000,1.1233509101496597
91,27,30.0,fit,1283,sim,clean,wiener,0.00015153177054512206,0.00017096672428932095,8.471083718121892e-07,0.35624,0.003189711259338189,50000,1.1282566268069287
